ISO-10303-21;
HEADER;
/* Generated by software containing ST-Developer
 * from STEP Tools, Inc. (www.steptools.com) 
 */

FILE_DESCRIPTION(
/* description */ (''),
/* implementation_level */ '2;1');

FILE_NAME(
/* name */ 'PCB.step',
/* time_stamp */ '2026-02-08T19:10:24+01:00',
/* author */ (''),
/* organization */ (''),
/* preprocessor_version */ 'ST-DEVELOPER v20.1',
/* originating_system */ 'Autodesk Translation Framework v14.24.0.0',
/* authorisation */ '');

FILE_SCHEMA (('AUTOMOTIVE_DESIGN { 1 0 10303 214 3 1 1 }'));
ENDSEC;

DATA;
#10=MECHANICAL_DESIGN_GEOMETRIC_PRESENTATION_REPRESENTATION('',(#6702,#6703,
#6704,#6705,#6706,#6707,#6708,#6709,#6710,#6711,#6712,#6713,#6714,#6715,
#6716,#6717,#6718,#6719,#6720,#6721,#6722,#6723,#6724,#6725,#6726,#6727,
#6728,#6729,#6730,#6731,#6732,#6733,#6734,#6735,#6736,#6737,#6738,#6739,
#6740,#6741,#6742,#6743,#6744,#6745,#6746,#6747,#6748,#6749,#6750,#6751,
#6752,#6753,#6754,#6755,#6756,#6757,#6758,#6759,#6760,#6761,#6762,#6763,
#6764,#6765,#6766,#6767,#6768,#6769,#6770,#6771,#6772,#6773,#6774,#6775,
#6776,#6777,#6778,#6779,#6780,#6781,#6782,#6783,#6784,#6785,#6786,#6787,
#6788,#6789,#6790,#6791,#6792,#6793,#6794,#6795,#6796,#6797,#6798,#6799,
#6800,#6801,#6802,#6803,#6804,#6805,#6806,#6807,#6808,#6809,#6810,#6811,
#6812,#6813,#6814,#6815,#6816,#6817,#6818,#6819,#6820,#6821,#6822,#6823,
#6824,#6825,#6826,#6827,#6828,#6829,#6830,#6831,#6832,#6833,#6834,#6835,
#6836,#6837,#6838,#6839,#6840,#6841,#6842,#6843,#6844,#6845,#6846,#6847,
#6848,#6849,#6850,#6851,#6852,#6853,#6854,#6855,#6856,#6857,#6858,#6859,
#6860,#6861,#6862,#6863,#6864,#6865,#6866,#6867,#6868,#6869,#6870,#6871,
#6872,#6873,#6874,#6875,#6876,#6877,#6878,#6879,#6880,#6881,#6882,#6883,
#6884,#6885,#6886,#6887,#6888,#6889,#6890,#6891,#6892,#6893,#6894,#6895,
#6896,#6897,#6898,#6899,#6900,#6901,#6902,#6903,#6904,#6905,#6906,#6907,
#6908,#6909,#6910,#6911,#6912,#6913,#6914,#6915,#6916,#6917,#6918,#6919,
#6920,#6921,#6922,#6923,#6924,#6925,#6926,#6927,#6928,#6929,#6930,#6931,
#6932,#6933,#6934,#6935,#6936,#6937,#6938,#6939,#6940,#6941,#6942,#6943,
#6944,#6945,#6946,#6947,#6948,#6949,#6950,#6951,#6952,#6953,#6954,#6955,
#6956,#6957,#6958,#6959,#6960,#6961,#6962,#6963,#6964,#6965,#6966,#6967,
#6968,#6969,#6970,#6971,#6972,#6973,#6974,#6975,#6976,#6977,#6978,#6979,
#6980,#6981,#6982,#6983,#6984,#6985,#6986,#6987,#6988,#6989,#6990,#6991,
#6992,#6993,#6994,#6995,#6996,#6997,#6998,#6999,#7000,#7001,#7002,#7003,
#7004,#7005,#7006,#7007,#7008,#7009,#7010,#7011,#7012,#7013,#7014,#7015,
#7016,#7017,#7018,#7019,#7020,#7021,#7022,#7023,#7024,#7025,#7026,#7027,
#7028,#7029,#7030,#7031,#7032,#7033,#7034,#7035,#7036,#7037,#7038,#7039,
#7040,#7041,#7042,#7043,#7044,#7045,#7046),#12123);
#11=SHAPE_REPRESENTATION_RELATIONSHIP('SRR','None',#12130,#12);
#12=ADVANCED_BREP_SHAPE_REPRESENTATION('',(#13),#12122);
#13=MANIFOLD_SOLID_BREP('Corps1',#7463);
#14=FACE_BOUND('',#1073,.T.);
#15=FACE_BOUND('',#1074,.T.);
#16=FACE_BOUND('',#1075,.T.);
#17=FACE_BOUND('',#1076,.T.);
#18=FACE_BOUND('',#1077,.T.);
#19=FACE_BOUND('',#1078,.T.);
#20=FACE_BOUND('',#1079,.T.);
#21=FACE_BOUND('',#1080,.T.);
#22=FACE_BOUND('',#1081,.T.);
#23=FACE_BOUND('',#1082,.T.);
#24=FACE_BOUND('',#1083,.T.);
#25=FACE_BOUND('',#1084,.T.);
#26=FACE_BOUND('',#1085,.T.);
#27=FACE_BOUND('',#1086,.T.);
#28=FACE_BOUND('',#1087,.T.);
#29=FACE_BOUND('',#1088,.T.);
#30=FACE_BOUND('',#1089,.T.);
#31=FACE_BOUND('',#1090,.T.);
#32=FACE_BOUND('',#1091,.T.);
#33=FACE_BOUND('',#1092,.T.);
#34=FACE_BOUND('',#1093,.T.);
#35=FACE_BOUND('',#1094,.T.);
#36=FACE_BOUND('',#1095,.T.);
#37=FACE_BOUND('',#1096,.T.);
#38=FACE_BOUND('',#1097,.T.);
#39=FACE_BOUND('',#1098,.T.);
#40=FACE_BOUND('',#1099,.T.);
#41=FACE_BOUND('',#1100,.T.);
#42=FACE_BOUND('',#1101,.T.);
#43=FACE_BOUND('',#1102,.T.);
#44=FACE_BOUND('',#1103,.T.);
#45=FACE_BOUND('',#1104,.T.);
#46=FACE_BOUND('',#1105,.T.);
#47=FACE_BOUND('',#1106,.T.);
#48=FACE_BOUND('',#1107,.T.);
#49=FACE_BOUND('',#1108,.T.);
#50=FACE_BOUND('',#1109,.T.);
#51=FACE_BOUND('',#1110,.T.);
#52=FACE_BOUND('',#1111,.T.);
#53=FACE_BOUND('',#1112,.T.);
#54=FACE_BOUND('',#1113,.T.);
#55=FACE_BOUND('',#1114,.T.);
#56=FACE_BOUND('',#1115,.T.);
#57=FACE_BOUND('',#1116,.T.);
#58=FACE_BOUND('',#1117,.T.);
#59=FACE_BOUND('',#1118,.T.);
#60=FACE_BOUND('',#1119,.T.);
#61=FACE_BOUND('',#1120,.T.);
#62=FACE_BOUND('',#1121,.T.);
#63=FACE_BOUND('',#1122,.T.);
#64=FACE_BOUND('',#1123,.T.);
#65=FACE_BOUND('',#1124,.T.);
#66=FACE_BOUND('',#1125,.T.);
#67=FACE_BOUND('',#1126,.T.);
#68=FACE_BOUND('',#1127,.T.);
#69=FACE_BOUND('',#1128,.T.);
#70=FACE_BOUND('',#1129,.T.);
#71=FACE_BOUND('',#1130,.T.);
#72=FACE_BOUND('',#1131,.T.);
#73=FACE_BOUND('',#1132,.T.);
#74=FACE_BOUND('',#1133,.T.);
#75=FACE_BOUND('',#1134,.T.);
#76=FACE_BOUND('',#1135,.T.);
#77=FACE_BOUND('',#1136,.T.);
#78=FACE_BOUND('',#1137,.T.);
#79=FACE_BOUND('',#1138,.T.);
#80=FACE_BOUND('',#1139,.T.);
#81=FACE_BOUND('',#1140,.T.);
#82=FACE_BOUND('',#1141,.T.);
#83=FACE_BOUND('',#1142,.T.);
#84=FACE_BOUND('',#1143,.T.);
#85=FACE_BOUND('',#1144,.T.);
#86=FACE_BOUND('',#1145,.T.);
#87=FACE_BOUND('',#1146,.T.);
#88=FACE_BOUND('',#1147,.T.);
#89=FACE_BOUND('',#1148,.T.);
#90=FACE_BOUND('',#1149,.T.);
#91=FACE_BOUND('',#1150,.T.);
#92=FACE_BOUND('',#1151,.T.);
#93=FACE_BOUND('',#1152,.T.);
#94=FACE_BOUND('',#1153,.T.);
#95=FACE_BOUND('',#1154,.T.);
#96=FACE_BOUND('',#1155,.T.);
#97=FACE_BOUND('',#1156,.T.);
#98=FACE_BOUND('',#1157,.T.);
#99=FACE_BOUND('',#1158,.T.);
#100=FACE_BOUND('',#1159,.T.);
#101=FACE_BOUND('',#1160,.T.);
#102=FACE_BOUND('',#1161,.T.);
#103=FACE_BOUND('',#1162,.T.);
#104=FACE_BOUND('',#1163,.T.);
#105=FACE_BOUND('',#1164,.T.);
#106=FACE_BOUND('',#1165,.T.);
#107=FACE_BOUND('',#1166,.T.);
#108=FACE_BOUND('',#1167,.T.);
#109=FACE_BOUND('',#1168,.T.);
#110=FACE_BOUND('',#1169,.T.);
#111=FACE_BOUND('',#1170,.T.);
#112=FACE_BOUND('',#1171,.T.);
#113=FACE_BOUND('',#1172,.T.);
#114=FACE_BOUND('',#1173,.T.);
#115=FACE_BOUND('',#1174,.T.);
#116=FACE_BOUND('',#1175,.T.);
#117=FACE_BOUND('',#1176,.T.);
#118=FACE_BOUND('',#1177,.T.);
#119=FACE_BOUND('',#1178,.T.);
#120=FACE_BOUND('',#1180,.T.);
#121=FACE_BOUND('',#1181,.T.);
#122=FACE_BOUND('',#1182,.T.);
#123=FACE_BOUND('',#1183,.T.);
#124=FACE_BOUND('',#1184,.T.);
#125=FACE_BOUND('',#1185,.T.);
#126=FACE_BOUND('',#1186,.T.);
#127=FACE_BOUND('',#1187,.T.);
#128=FACE_BOUND('',#1188,.T.);
#129=FACE_BOUND('',#1189,.T.);
#130=FACE_BOUND('',#1190,.T.);
#131=FACE_BOUND('',#1191,.T.);
#132=FACE_BOUND('',#1192,.T.);
#133=FACE_BOUND('',#1193,.T.);
#134=FACE_BOUND('',#1194,.T.);
#135=FACE_BOUND('',#1195,.T.);
#136=FACE_BOUND('',#1196,.T.);
#137=FACE_BOUND('',#1197,.T.);
#138=FACE_BOUND('',#1198,.T.);
#139=FACE_BOUND('',#1199,.T.);
#140=FACE_BOUND('',#1200,.T.);
#141=FACE_BOUND('',#1201,.T.);
#142=FACE_BOUND('',#1202,.T.);
#143=FACE_BOUND('',#1203,.T.);
#144=FACE_BOUND('',#1204,.T.);
#145=FACE_BOUND('',#1205,.T.);
#146=FACE_BOUND('',#1206,.T.);
#147=FACE_BOUND('',#1207,.T.);
#148=FACE_BOUND('',#1208,.T.);
#149=FACE_BOUND('',#1209,.T.);
#150=FACE_BOUND('',#1210,.T.);
#151=FACE_BOUND('',#1211,.T.);
#152=FACE_BOUND('',#1212,.T.);
#153=FACE_BOUND('',#1213,.T.);
#154=FACE_BOUND('',#1214,.T.);
#155=FACE_BOUND('',#1215,.T.);
#156=FACE_BOUND('',#1216,.T.);
#157=FACE_BOUND('',#1217,.T.);
#158=FACE_BOUND('',#1218,.T.);
#159=FACE_BOUND('',#1219,.T.);
#160=FACE_BOUND('',#1220,.T.);
#161=FACE_BOUND('',#1221,.T.);
#162=FACE_BOUND('',#1222,.T.);
#163=FACE_BOUND('',#1223,.T.);
#164=FACE_BOUND('',#1224,.T.);
#165=FACE_BOUND('',#1225,.T.);
#166=FACE_BOUND('',#1226,.T.);
#167=FACE_BOUND('',#1227,.T.);
#168=FACE_BOUND('',#1228,.T.);
#169=FACE_BOUND('',#1229,.T.);
#170=FACE_BOUND('',#1230,.T.);
#171=FACE_BOUND('',#1231,.T.);
#172=FACE_BOUND('',#1232,.T.);
#173=FACE_BOUND('',#1233,.T.);
#174=FACE_BOUND('',#1234,.T.);
#175=FACE_BOUND('',#1235,.T.);
#176=FACE_BOUND('',#1236,.T.);
#177=FACE_BOUND('',#1237,.T.);
#178=FACE_BOUND('',#1238,.T.);
#179=FACE_BOUND('',#1239,.T.);
#180=FACE_BOUND('',#1240,.T.);
#181=FACE_BOUND('',#1241,.T.);
#182=FACE_BOUND('',#1251,.T.);
#183=FACE_BOUND('',#1253,.T.);
#184=FACE_BOUND('',#1365,.T.);
#185=FACE_BOUND('',#1367,.T.);
#186=FACE_BOUND('',#1369,.T.);
#187=FACE_BOUND('',#1371,.T.);
#188=FACE_BOUND('',#1373,.T.);
#189=FACE_BOUND('',#1375,.T.);
#190=FACE_BOUND('',#1377,.T.);
#191=FACE_BOUND('',#1379,.T.);
#192=FACE_BOUND('',#1381,.T.);
#193=FACE_BOUND('',#1383,.T.);
#194=FACE_BOUND('',#1385,.T.);
#195=FACE_BOUND('',#1387,.T.);
#196=FACE_BOUND('',#1389,.T.);
#197=FACE_BOUND('',#1391,.T.);
#198=FACE_BOUND('',#1393,.T.);
#199=FACE_BOUND('',#1395,.T.);
#200=FACE_BOUND('',#1397,.T.);
#201=FACE_BOUND('',#1399,.T.);
#202=FACE_BOUND('',#1401,.T.);
#203=FACE_BOUND('',#1403,.T.);
#204=FACE_BOUND('',#1405,.T.);
#205=FACE_BOUND('',#1407,.T.);
#206=FACE_BOUND('',#1409,.T.);
#207=FACE_BOUND('',#1411,.T.);
#208=FACE_BOUND('',#1413,.T.);
#209=FACE_BOUND('',#1415,.T.);
#210=FACE_BOUND('',#1417,.T.);
#211=FACE_BOUND('',#1439,.T.);
#212=FACE_BOUND('',#1486,.T.);
#213=FACE_BOUND('',#1488,.T.);
#214=FACE_BOUND('',#1490,.T.);
#215=FACE_BOUND('',#1492,.T.);
#216=FACE_BOUND('',#1494,.T.);
#217=FACE_BOUND('',#1496,.T.);
#218=FACE_BOUND('',#1498,.T.);
#219=FACE_BOUND('',#1500,.T.);
#220=FACE_BOUND('',#1502,.T.);
#221=FACE_BOUND('',#1504,.T.);
#222=FACE_BOUND('',#1506,.T.);
#223=FACE_BOUND('',#1508,.T.);
#224=FACE_BOUND('',#1525,.T.);
#225=FACE_BOUND('',#1527,.T.);
#226=FACE_BOUND('',#1529,.T.);
#227=FACE_BOUND('',#1531,.T.);
#228=FACE_BOUND('',#1533,.T.);
#229=FACE_BOUND('',#1535,.T.);
#230=FACE_BOUND('',#1537,.T.);
#231=FACE_BOUND('',#1539,.T.);
#232=FACE_BOUND('',#1541,.T.);
#233=FACE_BOUND('',#1543,.T.);
#234=FACE_BOUND('',#1545,.T.);
#235=FACE_BOUND('',#1547,.T.);
#236=FACE_BOUND('',#1549,.T.);
#237=FACE_BOUND('',#1551,.T.);
#238=FACE_BOUND('',#1553,.T.);
#239=FACE_BOUND('',#1555,.T.);
#240=FACE_BOUND('',#1557,.T.);
#241=FACE_BOUND('',#1559,.T.);
#242=FACE_BOUND('',#1561,.T.);
#243=FACE_BOUND('',#1593,.T.);
#244=PLANE('',#7849);
#245=PLANE('',#7854);
#246=PLANE('',#7859);
#247=PLANE('',#7861);
#248=PLANE('',#7863);
#249=PLANE('',#7865);
#250=PLANE('',#7867);
#251=PLANE('',#7868);
#252=PLANE('',#7869);
#253=PLANE('',#7870);
#254=PLANE('',#7871);
#255=PLANE('',#7872);
#256=PLANE('',#7873);
#257=PLANE('',#7874);
#258=PLANE('',#7875);
#259=PLANE('',#7876);
#260=PLANE('',#7877);
#261=PLANE('',#7878);
#262=PLANE('',#7879);
#263=PLANE('',#7880);
#264=PLANE('',#7881);
#265=PLANE('',#7882);
#266=PLANE('',#7883);
#267=PLANE('',#7884);
#268=PLANE('',#7885);
#269=PLANE('',#7886);
#270=PLANE('',#7887);
#271=PLANE('',#7888);
#272=PLANE('',#7889);
#273=PLANE('',#7890);
#274=PLANE('',#7891);
#275=PLANE('',#7892);
#276=PLANE('',#7893);
#277=PLANE('',#7894);
#278=PLANE('',#7895);
#279=PLANE('',#7896);
#280=PLANE('',#7897);
#281=PLANE('',#7898);
#282=PLANE('',#7899);
#283=PLANE('',#7900);
#284=PLANE('',#7901);
#285=PLANE('',#7902);
#286=PLANE('',#7903);
#287=PLANE('',#7904);
#288=PLANE('',#7905);
#289=PLANE('',#7906);
#290=PLANE('',#7907);
#291=PLANE('',#7908);
#292=PLANE('',#7909);
#293=PLANE('',#7910);
#294=PLANE('',#7911);
#295=PLANE('',#7912);
#296=PLANE('',#7913);
#297=PLANE('',#7914);
#298=PLANE('',#7915);
#299=PLANE('',#7916);
#300=PLANE('',#7917);
#301=PLANE('',#7918);
#302=PLANE('',#7919);
#303=PLANE('',#7920);
#304=PLANE('',#7921);
#305=PLANE('',#7922);
#306=PLANE('',#7923);
#307=PLANE('',#7924);
#308=PLANE('',#7925);
#309=PLANE('',#7926);
#310=PLANE('',#7927);
#311=PLANE('',#7928);
#312=PLANE('',#7929);
#313=PLANE('',#7930);
#314=PLANE('',#7931);
#315=PLANE('',#7932);
#316=PLANE('',#7933);
#317=PLANE('',#7934);
#318=PLANE('',#7935);
#319=PLANE('',#7936);
#320=PLANE('',#7937);
#321=PLANE('',#7938);
#322=PLANE('',#7939);
#323=PLANE('',#7940);
#324=PLANE('',#7941);
#325=PLANE('',#7942);
#326=PLANE('',#7943);
#327=PLANE('',#7944);
#328=PLANE('',#7945);
#329=PLANE('',#7946);
#330=PLANE('',#7947);
#331=PLANE('',#7948);
#332=PLANE('',#7949);
#333=PLANE('',#7950);
#334=PLANE('',#7951);
#335=PLANE('',#7952);
#336=PLANE('',#7953);
#337=PLANE('',#7954);
#338=PLANE('',#7955);
#339=PLANE('',#7956);
#340=PLANE('',#7957);
#341=PLANE('',#7958);
#342=PLANE('',#7959);
#343=PLANE('',#7960);
#344=PLANE('',#7961);
#345=PLANE('',#7962);
#346=PLANE('',#7963);
#347=PLANE('',#7964);
#348=PLANE('',#7965);
#349=PLANE('',#7966);
#350=PLANE('',#7967);
#351=PLANE('',#7968);
#352=PLANE('',#7969);
#353=PLANE('',#7970);
#354=PLANE('',#7971);
#355=PLANE('',#7972);
#356=PLANE('',#7973);
#357=PLANE('',#7974);
#358=PLANE('',#7975);
#359=PLANE('',#7976);
#360=PLANE('',#7977);
#361=PLANE('',#7978);
#362=PLANE('',#7979);
#363=PLANE('',#7980);
#364=PLANE('',#7981);
#365=PLANE('',#7982);
#366=PLANE('',#7983);
#367=PLANE('',#7984);
#368=PLANE('',#7985);
#369=PLANE('',#7986);
#370=PLANE('',#7987);
#371=PLANE('',#7988);
#372=PLANE('',#7989);
#373=PLANE('',#7990);
#374=PLANE('',#7991);
#375=PLANE('',#7992);
#376=PLANE('',#7993);
#377=PLANE('',#7994);
#378=PLANE('',#7995);
#379=PLANE('',#7996);
#380=PLANE('',#7997);
#381=PLANE('',#7998);
#382=PLANE('',#7999);
#383=PLANE('',#8000);
#384=PLANE('',#8001);
#385=PLANE('',#8002);
#386=PLANE('',#8003);
#387=PLANE('',#8004);
#388=PLANE('',#8005);
#389=PLANE('',#8006);
#390=PLANE('',#8007);
#391=PLANE('',#8008);
#392=PLANE('',#8009);
#393=PLANE('',#8010);
#394=PLANE('',#8011);
#395=PLANE('',#8012);
#396=PLANE('',#8013);
#397=PLANE('',#8014);
#398=PLANE('',#8015);
#399=PLANE('',#8016);
#400=PLANE('',#8017);
#401=PLANE('',#8018);
#402=PLANE('',#8019);
#403=PLANE('',#8020);
#404=PLANE('',#8021);
#405=PLANE('',#8022);
#406=PLANE('',#8023);
#407=PLANE('',#8024);
#408=PLANE('',#8025);
#409=PLANE('',#8026);
#410=PLANE('',#8027);
#411=PLANE('',#8028);
#412=PLANE('',#8029);
#413=PLANE('',#8030);
#414=PLANE('',#8031);
#415=PLANE('',#8032);
#416=PLANE('',#8033);
#417=PLANE('',#8034);
#418=PLANE('',#8035);
#419=PLANE('',#8036);
#420=PLANE('',#8037);
#421=PLANE('',#8038);
#422=PLANE('',#8039);
#423=PLANE('',#8040);
#424=PLANE('',#8041);
#425=PLANE('',#8042);
#426=PLANE('',#8043);
#427=PLANE('',#8044);
#428=PLANE('',#8045);
#429=PLANE('',#8046);
#430=PLANE('',#8047);
#431=PLANE('',#8048);
#432=PLANE('',#8049);
#433=PLANE('',#8050);
#434=PLANE('',#8051);
#435=PLANE('',#8052);
#436=PLANE('',#8053);
#437=PLANE('',#8054);
#438=PLANE('',#8055);
#439=PLANE('',#8056);
#440=PLANE('',#8057);
#441=PLANE('',#8058);
#442=PLANE('',#8059);
#443=PLANE('',#8060);
#444=PLANE('',#8061);
#445=PLANE('',#8062);
#446=PLANE('',#8063);
#447=PLANE('',#8064);
#448=PLANE('',#8065);
#449=PLANE('',#8066);
#450=PLANE('',#8067);
#451=PLANE('',#8068);
#452=PLANE('',#8069);
#453=PLANE('',#8070);
#454=PLANE('',#8071);
#455=PLANE('',#8072);
#456=PLANE('',#8073);
#457=PLANE('',#8074);
#458=PLANE('',#8075);
#459=PLANE('',#8076);
#460=PLANE('',#8077);
#461=PLANE('',#8078);
#462=PLANE('',#8079);
#463=PLANE('',#8080);
#464=PLANE('',#8081);
#465=PLANE('',#8082);
#466=PLANE('',#8083);
#467=PLANE('',#8084);
#468=PLANE('',#8085);
#469=PLANE('',#8086);
#470=PLANE('',#8087);
#471=PLANE('',#8088);
#472=PLANE('',#8089);
#473=PLANE('',#8090);
#474=PLANE('',#8091);
#475=PLANE('',#8092);
#476=PLANE('',#8093);
#477=PLANE('',#8094);
#478=PLANE('',#8095);
#479=PLANE('',#8096);
#480=PLANE('',#8097);
#481=PLANE('',#8098);
#482=PLANE('',#8099);
#483=PLANE('',#8100);
#484=PLANE('',#8101);
#485=PLANE('',#8102);
#486=PLANE('',#8103);
#487=PLANE('',#8104);
#488=PLANE('',#8105);
#489=PLANE('',#8106);
#490=PLANE('',#8107);
#491=PLANE('',#8108);
#492=PLANE('',#8109);
#493=PLANE('',#8110);
#494=PLANE('',#8111);
#495=PLANE('',#8112);
#496=PLANE('',#8113);
#497=PLANE('',#8114);
#498=PLANE('',#8115);
#499=PLANE('',#8116);
#500=PLANE('',#8117);
#501=PLANE('',#8118);
#502=PLANE('',#8119);
#503=PLANE('',#8120);
#504=PLANE('',#8121);
#505=PLANE('',#8122);
#506=PLANE('',#8123);
#507=PLANE('',#8124);
#508=PLANE('',#8125);
#509=PLANE('',#8126);
#510=PLANE('',#8127);
#511=PLANE('',#8128);
#512=PLANE('',#8129);
#513=PLANE('',#8130);
#514=PLANE('',#8131);
#515=PLANE('',#8132);
#516=PLANE('',#8133);
#517=PLANE('',#8134);
#518=PLANE('',#8135);
#519=PLANE('',#8136);
#520=PLANE('',#8137);
#521=PLANE('',#8138);
#522=PLANE('',#8139);
#523=PLANE('',#8140);
#524=PLANE('',#8141);
#525=PLANE('',#8142);
#526=PLANE('',#8143);
#527=PLANE('',#8144);
#528=PLANE('',#8145);
#529=PLANE('',#8146);
#530=PLANE('',#8147);
#531=PLANE('',#8148);
#532=FACE_OUTER_BOUND('',#948,.T.);
#533=FACE_OUTER_BOUND('',#949,.T.);
#534=FACE_OUTER_BOUND('',#950,.T.);
#535=FACE_OUTER_BOUND('',#951,.T.);
#536=FACE_OUTER_BOUND('',#952,.T.);
#537=FACE_OUTER_BOUND('',#953,.T.);
#538=FACE_OUTER_BOUND('',#954,.T.);
#539=FACE_OUTER_BOUND('',#955,.T.);
#540=FACE_OUTER_BOUND('',#956,.T.);
#541=FACE_OUTER_BOUND('',#957,.T.);
#542=FACE_OUTER_BOUND('',#958,.T.);
#543=FACE_OUTER_BOUND('',#959,.T.);
#544=FACE_OUTER_BOUND('',#960,.T.);
#545=FACE_OUTER_BOUND('',#961,.T.);
#546=FACE_OUTER_BOUND('',#962,.T.);
#547=FACE_OUTER_BOUND('',#963,.T.);
#548=FACE_OUTER_BOUND('',#964,.T.);
#549=FACE_OUTER_BOUND('',#965,.T.);
#550=FACE_OUTER_BOUND('',#966,.T.);
#551=FACE_OUTER_BOUND('',#967,.T.);
#552=FACE_OUTER_BOUND('',#968,.T.);
#553=FACE_OUTER_BOUND('',#969,.T.);
#554=FACE_OUTER_BOUND('',#970,.T.);
#555=FACE_OUTER_BOUND('',#971,.T.);
#556=FACE_OUTER_BOUND('',#972,.T.);
#557=FACE_OUTER_BOUND('',#973,.T.);
#558=FACE_OUTER_BOUND('',#974,.T.);
#559=FACE_OUTER_BOUND('',#975,.T.);
#560=FACE_OUTER_BOUND('',#976,.T.);
#561=FACE_OUTER_BOUND('',#977,.T.);
#562=FACE_OUTER_BOUND('',#978,.T.);
#563=FACE_OUTER_BOUND('',#979,.T.);
#564=FACE_OUTER_BOUND('',#980,.T.);
#565=FACE_OUTER_BOUND('',#981,.T.);
#566=FACE_OUTER_BOUND('',#982,.T.);
#567=FACE_OUTER_BOUND('',#983,.T.);
#568=FACE_OUTER_BOUND('',#984,.T.);
#569=FACE_OUTER_BOUND('',#985,.T.);
#570=FACE_OUTER_BOUND('',#986,.T.);
#571=FACE_OUTER_BOUND('',#987,.T.);
#572=FACE_OUTER_BOUND('',#988,.T.);
#573=FACE_OUTER_BOUND('',#989,.T.);
#574=FACE_OUTER_BOUND('',#990,.T.);
#575=FACE_OUTER_BOUND('',#991,.T.);
#576=FACE_OUTER_BOUND('',#992,.T.);
#577=FACE_OUTER_BOUND('',#993,.T.);
#578=FACE_OUTER_BOUND('',#994,.T.);
#579=FACE_OUTER_BOUND('',#995,.T.);
#580=FACE_OUTER_BOUND('',#996,.T.);
#581=FACE_OUTER_BOUND('',#997,.T.);
#582=FACE_OUTER_BOUND('',#998,.T.);
#583=FACE_OUTER_BOUND('',#999,.T.);
#584=FACE_OUTER_BOUND('',#1000,.T.);
#585=FACE_OUTER_BOUND('',#1001,.T.);
#586=FACE_OUTER_BOUND('',#1002,.T.);
#587=FACE_OUTER_BOUND('',#1003,.T.);
#588=FACE_OUTER_BOUND('',#1004,.T.);
#589=FACE_OUTER_BOUND('',#1005,.T.);
#590=FACE_OUTER_BOUND('',#1006,.T.);
#591=FACE_OUTER_BOUND('',#1007,.T.);
#592=FACE_OUTER_BOUND('',#1008,.T.);
#593=FACE_OUTER_BOUND('',#1009,.T.);
#594=FACE_OUTER_BOUND('',#1010,.T.);
#595=FACE_OUTER_BOUND('',#1011,.T.);
#596=FACE_OUTER_BOUND('',#1012,.T.);
#597=FACE_OUTER_BOUND('',#1013,.T.);
#598=FACE_OUTER_BOUND('',#1014,.T.);
#599=FACE_OUTER_BOUND('',#1015,.T.);
#600=FACE_OUTER_BOUND('',#1016,.T.);
#601=FACE_OUTER_BOUND('',#1017,.T.);
#602=FACE_OUTER_BOUND('',#1018,.T.);
#603=FACE_OUTER_BOUND('',#1019,.T.);
#604=FACE_OUTER_BOUND('',#1020,.T.);
#605=FACE_OUTER_BOUND('',#1021,.T.);
#606=FACE_OUTER_BOUND('',#1022,.T.);
#607=FACE_OUTER_BOUND('',#1023,.T.);
#608=FACE_OUTER_BOUND('',#1024,.T.);
#609=FACE_OUTER_BOUND('',#1025,.T.);
#610=FACE_OUTER_BOUND('',#1026,.T.);
#611=FACE_OUTER_BOUND('',#1027,.T.);
#612=FACE_OUTER_BOUND('',#1028,.T.);
#613=FACE_OUTER_BOUND('',#1029,.T.);
#614=FACE_OUTER_BOUND('',#1030,.T.);
#615=FACE_OUTER_BOUND('',#1031,.T.);
#616=FACE_OUTER_BOUND('',#1032,.T.);
#617=FACE_OUTER_BOUND('',#1033,.T.);
#618=FACE_OUTER_BOUND('',#1034,.T.);
#619=FACE_OUTER_BOUND('',#1035,.T.);
#620=FACE_OUTER_BOUND('',#1036,.T.);
#621=FACE_OUTER_BOUND('',#1037,.T.);
#622=FACE_OUTER_BOUND('',#1038,.T.);
#623=FACE_OUTER_BOUND('',#1039,.T.);
#624=FACE_OUTER_BOUND('',#1040,.T.);
#625=FACE_OUTER_BOUND('',#1041,.T.);
#626=FACE_OUTER_BOUND('',#1042,.T.);
#627=FACE_OUTER_BOUND('',#1043,.T.);
#628=FACE_OUTER_BOUND('',#1044,.T.);
#629=FACE_OUTER_BOUND('',#1045,.T.);
#630=FACE_OUTER_BOUND('',#1046,.T.);
#631=FACE_OUTER_BOUND('',#1047,.T.);
#632=FACE_OUTER_BOUND('',#1048,.T.);
#633=FACE_OUTER_BOUND('',#1049,.T.);
#634=FACE_OUTER_BOUND('',#1050,.T.);
#635=FACE_OUTER_BOUND('',#1051,.T.);
#636=FACE_OUTER_BOUND('',#1052,.T.);
#637=FACE_OUTER_BOUND('',#1053,.T.);
#638=FACE_OUTER_BOUND('',#1054,.T.);
#639=FACE_OUTER_BOUND('',#1055,.T.);
#640=FACE_OUTER_BOUND('',#1056,.T.);
#641=FACE_OUTER_BOUND('',#1057,.T.);
#642=FACE_OUTER_BOUND('',#1058,.T.);
#643=FACE_OUTER_BOUND('',#1059,.T.);
#644=FACE_OUTER_BOUND('',#1060,.T.);
#645=FACE_OUTER_BOUND('',#1061,.T.);
#646=FACE_OUTER_BOUND('',#1062,.T.);
#647=FACE_OUTER_BOUND('',#1063,.T.);
#648=FACE_OUTER_BOUND('',#1064,.T.);
#649=FACE_OUTER_BOUND('',#1065,.T.);
#650=FACE_OUTER_BOUND('',#1066,.T.);
#651=FACE_OUTER_BOUND('',#1067,.T.);
#652=FACE_OUTER_BOUND('',#1068,.T.);
#653=FACE_OUTER_BOUND('',#1069,.T.);
#654=FACE_OUTER_BOUND('',#1070,.T.);
#655=FACE_OUTER_BOUND('',#1071,.T.);
#656=FACE_OUTER_BOUND('',#1072,.T.);
#657=FACE_OUTER_BOUND('',#1179,.T.);
#658=FACE_OUTER_BOUND('',#1242,.T.);
#659=FACE_OUTER_BOUND('',#1243,.T.);
#660=FACE_OUTER_BOUND('',#1244,.T.);
#661=FACE_OUTER_BOUND('',#1245,.T.);
#662=FACE_OUTER_BOUND('',#1246,.T.);
#663=FACE_OUTER_BOUND('',#1247,.T.);
#664=FACE_OUTER_BOUND('',#1248,.T.);
#665=FACE_OUTER_BOUND('',#1249,.T.);
#666=FACE_OUTER_BOUND('',#1250,.T.);
#667=FACE_OUTER_BOUND('',#1252,.T.);
#668=FACE_OUTER_BOUND('',#1254,.T.);
#669=FACE_OUTER_BOUND('',#1255,.T.);
#670=FACE_OUTER_BOUND('',#1256,.T.);
#671=FACE_OUTER_BOUND('',#1257,.T.);
#672=FACE_OUTER_BOUND('',#1258,.T.);
#673=FACE_OUTER_BOUND('',#1259,.T.);
#674=FACE_OUTER_BOUND('',#1260,.T.);
#675=FACE_OUTER_BOUND('',#1261,.T.);
#676=FACE_OUTER_BOUND('',#1262,.T.);
#677=FACE_OUTER_BOUND('',#1263,.T.);
#678=FACE_OUTER_BOUND('',#1264,.T.);
#679=FACE_OUTER_BOUND('',#1265,.T.);
#680=FACE_OUTER_BOUND('',#1266,.T.);
#681=FACE_OUTER_BOUND('',#1267,.T.);
#682=FACE_OUTER_BOUND('',#1268,.T.);
#683=FACE_OUTER_BOUND('',#1269,.T.);
#684=FACE_OUTER_BOUND('',#1270,.T.);
#685=FACE_OUTER_BOUND('',#1271,.T.);
#686=FACE_OUTER_BOUND('',#1272,.T.);
#687=FACE_OUTER_BOUND('',#1273,.T.);
#688=FACE_OUTER_BOUND('',#1274,.T.);
#689=FACE_OUTER_BOUND('',#1275,.T.);
#690=FACE_OUTER_BOUND('',#1276,.T.);
#691=FACE_OUTER_BOUND('',#1277,.T.);
#692=FACE_OUTER_BOUND('',#1278,.T.);
#693=FACE_OUTER_BOUND('',#1279,.T.);
#694=FACE_OUTER_BOUND('',#1280,.T.);
#695=FACE_OUTER_BOUND('',#1281,.T.);
#696=FACE_OUTER_BOUND('',#1282,.T.);
#697=FACE_OUTER_BOUND('',#1283,.T.);
#698=FACE_OUTER_BOUND('',#1284,.T.);
#699=FACE_OUTER_BOUND('',#1285,.T.);
#700=FACE_OUTER_BOUND('',#1286,.T.);
#701=FACE_OUTER_BOUND('',#1287,.T.);
#702=FACE_OUTER_BOUND('',#1288,.T.);
#703=FACE_OUTER_BOUND('',#1289,.T.);
#704=FACE_OUTER_BOUND('',#1290,.T.);
#705=FACE_OUTER_BOUND('',#1291,.T.);
#706=FACE_OUTER_BOUND('',#1292,.T.);
#707=FACE_OUTER_BOUND('',#1293,.T.);
#708=FACE_OUTER_BOUND('',#1294,.T.);
#709=FACE_OUTER_BOUND('',#1295,.T.);
#710=FACE_OUTER_BOUND('',#1296,.T.);
#711=FACE_OUTER_BOUND('',#1297,.T.);
#712=FACE_OUTER_BOUND('',#1298,.T.);
#713=FACE_OUTER_BOUND('',#1299,.T.);
#714=FACE_OUTER_BOUND('',#1300,.T.);
#715=FACE_OUTER_BOUND('',#1301,.T.);
#716=FACE_OUTER_BOUND('',#1302,.T.);
#717=FACE_OUTER_BOUND('',#1303,.T.);
#718=FACE_OUTER_BOUND('',#1304,.T.);
#719=FACE_OUTER_BOUND('',#1305,.T.);
#720=FACE_OUTER_BOUND('',#1306,.T.);
#721=FACE_OUTER_BOUND('',#1307,.T.);
#722=FACE_OUTER_BOUND('',#1308,.T.);
#723=FACE_OUTER_BOUND('',#1309,.T.);
#724=FACE_OUTER_BOUND('',#1310,.T.);
#725=FACE_OUTER_BOUND('',#1311,.T.);
#726=FACE_OUTER_BOUND('',#1312,.T.);
#727=FACE_OUTER_BOUND('',#1313,.T.);
#728=FACE_OUTER_BOUND('',#1314,.T.);
#729=FACE_OUTER_BOUND('',#1315,.T.);
#730=FACE_OUTER_BOUND('',#1316,.T.);
#731=FACE_OUTER_BOUND('',#1317,.T.);
#732=FACE_OUTER_BOUND('',#1318,.T.);
#733=FACE_OUTER_BOUND('',#1319,.T.);
#734=FACE_OUTER_BOUND('',#1320,.T.);
#735=FACE_OUTER_BOUND('',#1321,.T.);
#736=FACE_OUTER_BOUND('',#1322,.T.);
#737=FACE_OUTER_BOUND('',#1323,.T.);
#738=FACE_OUTER_BOUND('',#1324,.T.);
#739=FACE_OUTER_BOUND('',#1325,.T.);
#740=FACE_OUTER_BOUND('',#1326,.T.);
#741=FACE_OUTER_BOUND('',#1327,.T.);
#742=FACE_OUTER_BOUND('',#1328,.T.);
#743=FACE_OUTER_BOUND('',#1329,.T.);
#744=FACE_OUTER_BOUND('',#1330,.T.);
#745=FACE_OUTER_BOUND('',#1331,.T.);
#746=FACE_OUTER_BOUND('',#1332,.T.);
#747=FACE_OUTER_BOUND('',#1333,.T.);
#748=FACE_OUTER_BOUND('',#1334,.T.);
#749=FACE_OUTER_BOUND('',#1335,.T.);
#750=FACE_OUTER_BOUND('',#1336,.T.);
#751=FACE_OUTER_BOUND('',#1337,.T.);
#752=FACE_OUTER_BOUND('',#1338,.T.);
#753=FACE_OUTER_BOUND('',#1339,.T.);
#754=FACE_OUTER_BOUND('',#1340,.T.);
#755=FACE_OUTER_BOUND('',#1341,.T.);
#756=FACE_OUTER_BOUND('',#1342,.T.);
#757=FACE_OUTER_BOUND('',#1343,.T.);
#758=FACE_OUTER_BOUND('',#1344,.T.);
#759=FACE_OUTER_BOUND('',#1345,.T.);
#760=FACE_OUTER_BOUND('',#1346,.T.);
#761=FACE_OUTER_BOUND('',#1347,.T.);
#762=FACE_OUTER_BOUND('',#1348,.T.);
#763=FACE_OUTER_BOUND('',#1349,.T.);
#764=FACE_OUTER_BOUND('',#1350,.T.);
#765=FACE_OUTER_BOUND('',#1351,.T.);
#766=FACE_OUTER_BOUND('',#1352,.T.);
#767=FACE_OUTER_BOUND('',#1353,.T.);
#768=FACE_OUTER_BOUND('',#1354,.T.);
#769=FACE_OUTER_BOUND('',#1355,.T.);
#770=FACE_OUTER_BOUND('',#1356,.T.);
#771=FACE_OUTER_BOUND('',#1357,.T.);
#772=FACE_OUTER_BOUND('',#1358,.T.);
#773=FACE_OUTER_BOUND('',#1359,.T.);
#774=FACE_OUTER_BOUND('',#1360,.T.);
#775=FACE_OUTER_BOUND('',#1361,.T.);
#776=FACE_OUTER_BOUND('',#1362,.T.);
#777=FACE_OUTER_BOUND('',#1363,.T.);
#778=FACE_OUTER_BOUND('',#1364,.T.);
#779=FACE_OUTER_BOUND('',#1366,.T.);
#780=FACE_OUTER_BOUND('',#1368,.T.);
#781=FACE_OUTER_BOUND('',#1370,.T.);
#782=FACE_OUTER_BOUND('',#1372,.T.);
#783=FACE_OUTER_BOUND('',#1374,.T.);
#784=FACE_OUTER_BOUND('',#1376,.T.);
#785=FACE_OUTER_BOUND('',#1378,.T.);
#786=FACE_OUTER_BOUND('',#1380,.T.);
#787=FACE_OUTER_BOUND('',#1382,.T.);
#788=FACE_OUTER_BOUND('',#1384,.T.);
#789=FACE_OUTER_BOUND('',#1386,.T.);
#790=FACE_OUTER_BOUND('',#1388,.T.);
#791=FACE_OUTER_BOUND('',#1390,.T.);
#792=FACE_OUTER_BOUND('',#1392,.T.);
#793=FACE_OUTER_BOUND('',#1394,.T.);
#794=FACE_OUTER_BOUND('',#1396,.T.);
#795=FACE_OUTER_BOUND('',#1398,.T.);
#796=FACE_OUTER_BOUND('',#1400,.T.);
#797=FACE_OUTER_BOUND('',#1402,.T.);
#798=FACE_OUTER_BOUND('',#1404,.T.);
#799=FACE_OUTER_BOUND('',#1406,.T.);
#800=FACE_OUTER_BOUND('',#1408,.T.);
#801=FACE_OUTER_BOUND('',#1410,.T.);
#802=FACE_OUTER_BOUND('',#1412,.T.);
#803=FACE_OUTER_BOUND('',#1414,.T.);
#804=FACE_OUTER_BOUND('',#1416,.T.);
#805=FACE_OUTER_BOUND('',#1418,.T.);
#806=FACE_OUTER_BOUND('',#1419,.T.);
#807=FACE_OUTER_BOUND('',#1420,.T.);
#808=FACE_OUTER_BOUND('',#1421,.T.);
#809=FACE_OUTER_BOUND('',#1422,.T.);
#810=FACE_OUTER_BOUND('',#1423,.T.);
#811=FACE_OUTER_BOUND('',#1424,.T.);
#812=FACE_OUTER_BOUND('',#1425,.T.);
#813=FACE_OUTER_BOUND('',#1426,.T.);
#814=FACE_OUTER_BOUND('',#1427,.T.);
#815=FACE_OUTER_BOUND('',#1428,.T.);
#816=FACE_OUTER_BOUND('',#1429,.T.);
#817=FACE_OUTER_BOUND('',#1430,.T.);
#818=FACE_OUTER_BOUND('',#1431,.T.);
#819=FACE_OUTER_BOUND('',#1432,.T.);
#820=FACE_OUTER_BOUND('',#1433,.T.);
#821=FACE_OUTER_BOUND('',#1434,.T.);
#822=FACE_OUTER_BOUND('',#1435,.T.);
#823=FACE_OUTER_BOUND('',#1436,.T.);
#824=FACE_OUTER_BOUND('',#1437,.T.);
#825=FACE_OUTER_BOUND('',#1438,.T.);
#826=FACE_OUTER_BOUND('',#1440,.T.);
#827=FACE_OUTER_BOUND('',#1441,.T.);
#828=FACE_OUTER_BOUND('',#1442,.T.);
#829=FACE_OUTER_BOUND('',#1443,.T.);
#830=FACE_OUTER_BOUND('',#1444,.T.);
#831=FACE_OUTER_BOUND('',#1445,.T.);
#832=FACE_OUTER_BOUND('',#1446,.T.);
#833=FACE_OUTER_BOUND('',#1447,.T.);
#834=FACE_OUTER_BOUND('',#1448,.T.);
#835=FACE_OUTER_BOUND('',#1449,.T.);
#836=FACE_OUTER_BOUND('',#1450,.T.);
#837=FACE_OUTER_BOUND('',#1451,.T.);
#838=FACE_OUTER_BOUND('',#1452,.T.);
#839=FACE_OUTER_BOUND('',#1453,.T.);
#840=FACE_OUTER_BOUND('',#1454,.T.);
#841=FACE_OUTER_BOUND('',#1455,.T.);
#842=FACE_OUTER_BOUND('',#1456,.T.);
#843=FACE_OUTER_BOUND('',#1457,.T.);
#844=FACE_OUTER_BOUND('',#1458,.T.);
#845=FACE_OUTER_BOUND('',#1459,.T.);
#846=FACE_OUTER_BOUND('',#1460,.T.);
#847=FACE_OUTER_BOUND('',#1461,.T.);
#848=FACE_OUTER_BOUND('',#1462,.T.);
#849=FACE_OUTER_BOUND('',#1463,.T.);
#850=FACE_OUTER_BOUND('',#1464,.T.);
#851=FACE_OUTER_BOUND('',#1465,.T.);
#852=FACE_OUTER_BOUND('',#1466,.T.);
#853=FACE_OUTER_BOUND('',#1467,.T.);
#854=FACE_OUTER_BOUND('',#1468,.T.);
#855=FACE_OUTER_BOUND('',#1469,.T.);
#856=FACE_OUTER_BOUND('',#1470,.T.);
#857=FACE_OUTER_BOUND('',#1471,.T.);
#858=FACE_OUTER_BOUND('',#1472,.T.);
#859=FACE_OUTER_BOUND('',#1473,.T.);
#860=FACE_OUTER_BOUND('',#1474,.T.);
#861=FACE_OUTER_BOUND('',#1475,.T.);
#862=FACE_OUTER_BOUND('',#1476,.T.);
#863=FACE_OUTER_BOUND('',#1477,.T.);
#864=FACE_OUTER_BOUND('',#1478,.T.);
#865=FACE_OUTER_BOUND('',#1479,.T.);
#866=FACE_OUTER_BOUND('',#1480,.T.);
#867=FACE_OUTER_BOUND('',#1481,.T.);
#868=FACE_OUTER_BOUND('',#1482,.T.);
#869=FACE_OUTER_BOUND('',#1483,.T.);
#870=FACE_OUTER_BOUND('',#1484,.T.);
#871=FACE_OUTER_BOUND('',#1485,.T.);
#872=FACE_OUTER_BOUND('',#1487,.T.);
#873=FACE_OUTER_BOUND('',#1489,.T.);
#874=FACE_OUTER_BOUND('',#1491,.T.);
#875=FACE_OUTER_BOUND('',#1493,.T.);
#876=FACE_OUTER_BOUND('',#1495,.T.);
#877=FACE_OUTER_BOUND('',#1497,.T.);
#878=FACE_OUTER_BOUND('',#1499,.T.);
#879=FACE_OUTER_BOUND('',#1501,.T.);
#880=FACE_OUTER_BOUND('',#1503,.T.);
#881=FACE_OUTER_BOUND('',#1505,.T.);
#882=FACE_OUTER_BOUND('',#1507,.T.);
#883=FACE_OUTER_BOUND('',#1509,.T.);
#884=FACE_OUTER_BOUND('',#1510,.T.);
#885=FACE_OUTER_BOUND('',#1511,.T.);
#886=FACE_OUTER_BOUND('',#1512,.T.);
#887=FACE_OUTER_BOUND('',#1513,.T.);
#888=FACE_OUTER_BOUND('',#1514,.T.);
#889=FACE_OUTER_BOUND('',#1515,.T.);
#890=FACE_OUTER_BOUND('',#1516,.T.);
#891=FACE_OUTER_BOUND('',#1517,.T.);
#892=FACE_OUTER_BOUND('',#1518,.T.);
#893=FACE_OUTER_BOUND('',#1519,.T.);
#894=FACE_OUTER_BOUND('',#1520,.T.);
#895=FACE_OUTER_BOUND('',#1521,.T.);
#896=FACE_OUTER_BOUND('',#1522,.T.);
#897=FACE_OUTER_BOUND('',#1523,.T.);
#898=FACE_OUTER_BOUND('',#1524,.T.);
#899=FACE_OUTER_BOUND('',#1526,.T.);
#900=FACE_OUTER_BOUND('',#1528,.T.);
#901=FACE_OUTER_BOUND('',#1530,.T.);
#902=FACE_OUTER_BOUND('',#1532,.T.);
#903=FACE_OUTER_BOUND('',#1534,.T.);
#904=FACE_OUTER_BOUND('',#1536,.T.);
#905=FACE_OUTER_BOUND('',#1538,.T.);
#906=FACE_OUTER_BOUND('',#1540,.T.);
#907=FACE_OUTER_BOUND('',#1542,.T.);
#908=FACE_OUTER_BOUND('',#1544,.T.);
#909=FACE_OUTER_BOUND('',#1546,.T.);
#910=FACE_OUTER_BOUND('',#1548,.T.);
#911=FACE_OUTER_BOUND('',#1550,.T.);
#912=FACE_OUTER_BOUND('',#1552,.T.);
#913=FACE_OUTER_BOUND('',#1554,.T.);
#914=FACE_OUTER_BOUND('',#1556,.T.);
#915=FACE_OUTER_BOUND('',#1558,.T.);
#916=FACE_OUTER_BOUND('',#1560,.T.);
#917=FACE_OUTER_BOUND('',#1562,.T.);
#918=FACE_OUTER_BOUND('',#1563,.T.);
#919=FACE_OUTER_BOUND('',#1564,.T.);
#920=FACE_OUTER_BOUND('',#1565,.T.);
#921=FACE_OUTER_BOUND('',#1566,.T.);
#922=FACE_OUTER_BOUND('',#1567,.T.);
#923=FACE_OUTER_BOUND('',#1568,.T.);
#924=FACE_OUTER_BOUND('',#1569,.T.);
#925=FACE_OUTER_BOUND('',#1570,.T.);
#926=FACE_OUTER_BOUND('',#1571,.T.);
#927=FACE_OUTER_BOUND('',#1572,.T.);
#928=FACE_OUTER_BOUND('',#1573,.T.);
#929=FACE_OUTER_BOUND('',#1574,.T.);
#930=FACE_OUTER_BOUND('',#1575,.T.);
#931=FACE_OUTER_BOUND('',#1576,.T.);
#932=FACE_OUTER_BOUND('',#1577,.T.);
#933=FACE_OUTER_BOUND('',#1578,.T.);
#934=FACE_OUTER_BOUND('',#1579,.T.);
#935=FACE_OUTER_BOUND('',#1580,.T.);
#936=FACE_OUTER_BOUND('',#1581,.T.);
#937=FACE_OUTER_BOUND('',#1582,.T.);
#938=FACE_OUTER_BOUND('',#1583,.T.);
#939=FACE_OUTER_BOUND('',#1584,.T.);
#940=FACE_OUTER_BOUND('',#1585,.T.);
#941=FACE_OUTER_BOUND('',#1586,.T.);
#942=FACE_OUTER_BOUND('',#1587,.T.);
#943=FACE_OUTER_BOUND('',#1588,.T.);
#944=FACE_OUTER_BOUND('',#1589,.T.);
#945=FACE_OUTER_BOUND('',#1590,.T.);
#946=FACE_OUTER_BOUND('',#1591,.T.);
#947=FACE_OUTER_BOUND('',#1592,.T.);
#948=EDGE_LOOP('',(#4726,#4727,#4728,#4729));
#949=EDGE_LOOP('',(#4730,#4731,#4732,#4733));
#950=EDGE_LOOP('',(#4734,#4735,#4736,#4737));
#951=EDGE_LOOP('',(#4738,#4739,#4740,#4741));
#952=EDGE_LOOP('',(#4742,#4743,#4744,#4745));
#953=EDGE_LOOP('',(#4746,#4747,#4748,#4749));
#954=EDGE_LOOP('',(#4750,#4751,#4752,#4753));
#955=EDGE_LOOP('',(#4754,#4755,#4756,#4757));
#956=EDGE_LOOP('',(#4758,#4759,#4760,#4761));
#957=EDGE_LOOP('',(#4762,#4763,#4764,#4765));
#958=EDGE_LOOP('',(#4766,#4767,#4768,#4769));
#959=EDGE_LOOP('',(#4770,#4771,#4772,#4773));
#960=EDGE_LOOP('',(#4774,#4775,#4776,#4777));
#961=EDGE_LOOP('',(#4778,#4779,#4780,#4781));
#962=EDGE_LOOP('',(#4782,#4783,#4784,#4785));
#963=EDGE_LOOP('',(#4786,#4787,#4788,#4789));
#964=EDGE_LOOP('',(#4790,#4791,#4792,#4793));
#965=EDGE_LOOP('',(#4794,#4795,#4796,#4797));
#966=EDGE_LOOP('',(#4798,#4799,#4800,#4801));
#967=EDGE_LOOP('',(#4802,#4803,#4804,#4805));
#968=EDGE_LOOP('',(#4806,#4807,#4808,#4809));
#969=EDGE_LOOP('',(#4810,#4811,#4812,#4813));
#970=EDGE_LOOP('',(#4814,#4815,#4816,#4817));
#971=EDGE_LOOP('',(#4818,#4819,#4820,#4821));
#972=EDGE_LOOP('',(#4822,#4823,#4824,#4825));
#973=EDGE_LOOP('',(#4826,#4827,#4828,#4829));
#974=EDGE_LOOP('',(#4830,#4831,#4832,#4833));
#975=EDGE_LOOP('',(#4834,#4835,#4836,#4837));
#976=EDGE_LOOP('',(#4838,#4839,#4840,#4841));
#977=EDGE_LOOP('',(#4842,#4843,#4844,#4845));
#978=EDGE_LOOP('',(#4846,#4847,#4848,#4849));
#979=EDGE_LOOP('',(#4850,#4851,#4852,#4853));
#980=EDGE_LOOP('',(#4854,#4855,#4856,#4857));
#981=EDGE_LOOP('',(#4858,#4859,#4860,#4861));
#982=EDGE_LOOP('',(#4862,#4863,#4864,#4865));
#983=EDGE_LOOP('',(#4866,#4867,#4868,#4869));
#984=EDGE_LOOP('',(#4870,#4871,#4872,#4873));
#985=EDGE_LOOP('',(#4874,#4875,#4876,#4877));
#986=EDGE_LOOP('',(#4878,#4879,#4880,#4881));
#987=EDGE_LOOP('',(#4882,#4883,#4884,#4885));
#988=EDGE_LOOP('',(#4886,#4887,#4888,#4889));
#989=EDGE_LOOP('',(#4890,#4891,#4892,#4893));
#990=EDGE_LOOP('',(#4894,#4895,#4896,#4897));
#991=EDGE_LOOP('',(#4898,#4899,#4900,#4901));
#992=EDGE_LOOP('',(#4902,#4903,#4904,#4905));
#993=EDGE_LOOP('',(#4906,#4907,#4908,#4909));
#994=EDGE_LOOP('',(#4910,#4911,#4912,#4913));
#995=EDGE_LOOP('',(#4914,#4915,#4916,#4917));
#996=EDGE_LOOP('',(#4918,#4919,#4920,#4921));
#997=EDGE_LOOP('',(#4922,#4923,#4924,#4925));
#998=EDGE_LOOP('',(#4926,#4927,#4928,#4929));
#999=EDGE_LOOP('',(#4930,#4931,#4932,#4933));
#1000=EDGE_LOOP('',(#4934,#4935,#4936,#4937));
#1001=EDGE_LOOP('',(#4938,#4939,#4940,#4941));
#1002=EDGE_LOOP('',(#4942,#4943,#4944,#4945));
#1003=EDGE_LOOP('',(#4946,#4947,#4948,#4949));
#1004=EDGE_LOOP('',(#4950,#4951,#4952,#4953));
#1005=EDGE_LOOP('',(#4954,#4955,#4956,#4957));
#1006=EDGE_LOOP('',(#4958,#4959,#4960,#4961));
#1007=EDGE_LOOP('',(#4962,#4963,#4964,#4965));
#1008=EDGE_LOOP('',(#4966,#4967,#4968,#4969));
#1009=EDGE_LOOP('',(#4970,#4971,#4972,#4973));
#1010=EDGE_LOOP('',(#4974,#4975,#4976,#4977));
#1011=EDGE_LOOP('',(#4978,#4979,#4980,#4981));
#1012=EDGE_LOOP('',(#4982,#4983,#4984,#4985));
#1013=EDGE_LOOP('',(#4986,#4987,#4988,#4989));
#1014=EDGE_LOOP('',(#4990,#4991,#4992,#4993));
#1015=EDGE_LOOP('',(#4994,#4995,#4996,#4997));
#1016=EDGE_LOOP('',(#4998,#4999,#5000,#5001));
#1017=EDGE_LOOP('',(#5002,#5003,#5004,#5005));
#1018=EDGE_LOOP('',(#5006,#5007,#5008,#5009));
#1019=EDGE_LOOP('',(#5010,#5011,#5012,#5013));
#1020=EDGE_LOOP('',(#5014,#5015,#5016,#5017));
#1021=EDGE_LOOP('',(#5018,#5019,#5020,#5021));
#1022=EDGE_LOOP('',(#5022,#5023,#5024,#5025));
#1023=EDGE_LOOP('',(#5026,#5027,#5028,#5029));
#1024=EDGE_LOOP('',(#5030,#5031,#5032,#5033));
#1025=EDGE_LOOP('',(#5034,#5035,#5036,#5037));
#1026=EDGE_LOOP('',(#5038,#5039,#5040,#5041));
#1027=EDGE_LOOP('',(#5042,#5043,#5044,#5045));
#1028=EDGE_LOOP('',(#5046,#5047,#5048,#5049));
#1029=EDGE_LOOP('',(#5050,#5051,#5052,#5053));
#1030=EDGE_LOOP('',(#5054,#5055,#5056,#5057));
#1031=EDGE_LOOP('',(#5058,#5059,#5060,#5061));
#1032=EDGE_LOOP('',(#5062,#5063,#5064,#5065));
#1033=EDGE_LOOP('',(#5066,#5067,#5068,#5069));
#1034=EDGE_LOOP('',(#5070,#5071,#5072,#5073));
#1035=EDGE_LOOP('',(#5074,#5075,#5076,#5077));
#1036=EDGE_LOOP('',(#5078,#5079,#5080,#5081));
#1037=EDGE_LOOP('',(#5082,#5083,#5084,#5085));
#1038=EDGE_LOOP('',(#5086,#5087,#5088,#5089));
#1039=EDGE_LOOP('',(#5090,#5091,#5092,#5093));
#1040=EDGE_LOOP('',(#5094,#5095,#5096,#5097));
#1041=EDGE_LOOP('',(#5098,#5099,#5100,#5101));
#1042=EDGE_LOOP('',(#5102,#5103,#5104,#5105));
#1043=EDGE_LOOP('',(#5106,#5107,#5108,#5109));
#1044=EDGE_LOOP('',(#5110,#5111,#5112,#5113));
#1045=EDGE_LOOP('',(#5114,#5115,#5116,#5117));
#1046=EDGE_LOOP('',(#5118,#5119,#5120,#5121));
#1047=EDGE_LOOP('',(#5122,#5123,#5124,#5125));
#1048=EDGE_LOOP('',(#5126,#5127,#5128,#5129));
#1049=EDGE_LOOP('',(#5130,#5131,#5132,#5133));
#1050=EDGE_LOOP('',(#5134,#5135,#5136,#5137));
#1051=EDGE_LOOP('',(#5138,#5139,#5140,#5141));
#1052=EDGE_LOOP('',(#5142,#5143,#5144,#5145));
#1053=EDGE_LOOP('',(#5146,#5147,#5148,#5149));
#1054=EDGE_LOOP('',(#5150,#5151,#5152,#5153));
#1055=EDGE_LOOP('',(#5154,#5155,#5156,#5157));
#1056=EDGE_LOOP('',(#5158,#5159,#5160,#5161));
#1057=EDGE_LOOP('',(#5162,#5163,#5164,#5165));
#1058=EDGE_LOOP('',(#5166,#5167,#5168,#5169));
#1059=EDGE_LOOP('',(#5170,#5171,#5172,#5173));
#1060=EDGE_LOOP('',(#5174,#5175,#5176,#5177));
#1061=EDGE_LOOP('',(#5178,#5179,#5180,#5181));
#1062=EDGE_LOOP('',(#5182,#5183,#5184,#5185));
#1063=EDGE_LOOP('',(#5186,#5187,#5188,#5189));
#1064=EDGE_LOOP('',(#5190,#5191,#5192,#5193));
#1065=EDGE_LOOP('',(#5194,#5195,#5196,#5197));
#1066=EDGE_LOOP('',(#5198,#5199,#5200,#5201));
#1067=EDGE_LOOP('',(#5202,#5203,#5204,#5205));
#1068=EDGE_LOOP('',(#5206,#5207,#5208,#5209));
#1069=EDGE_LOOP('',(#5210,#5211,#5212,#5213));
#1070=EDGE_LOOP('',(#5214,#5215,#5216,#5217));
#1071=EDGE_LOOP('',(#5218,#5219,#5220,#5221));
#1072=EDGE_LOOP('',(#5222,#5223,#5224,#5225,#5226,#5227,#5228,#5229));
#1073=EDGE_LOOP('',(#5230));
#1074=EDGE_LOOP('',(#5231));
#1075=EDGE_LOOP('',(#5232,#5233,#5234,#5235));
#1076=EDGE_LOOP('',(#5236,#5237,#5238,#5239));
#1077=EDGE_LOOP('',(#5240,#5241,#5242,#5243));
#1078=EDGE_LOOP('',(#5244,#5245,#5246,#5247));
#1079=EDGE_LOOP('',(#5248,#5249,#5250,#5251));
#1080=EDGE_LOOP('',(#5252,#5253,#5254,#5255));
#1081=EDGE_LOOP('',(#5256,#5257,#5258,#5259));
#1082=EDGE_LOOP('',(#5260,#5261,#5262,#5263));
#1083=EDGE_LOOP('',(#5264,#5265,#5266,#5267));
#1084=EDGE_LOOP('',(#5268,#5269,#5270,#5271));
#1085=EDGE_LOOP('',(#5272,#5273,#5274,#5275));
#1086=EDGE_LOOP('',(#5276));
#1087=EDGE_LOOP('',(#5277));
#1088=EDGE_LOOP('',(#5278));
#1089=EDGE_LOOP('',(#5279));
#1090=EDGE_LOOP('',(#5280));
#1091=EDGE_LOOP('',(#5281));
#1092=EDGE_LOOP('',(#5282));
#1093=EDGE_LOOP('',(#5283));
#1094=EDGE_LOOP('',(#5284));
#1095=EDGE_LOOP('',(#5285));
#1096=EDGE_LOOP('',(#5286));
#1097=EDGE_LOOP('',(#5287));
#1098=EDGE_LOOP('',(#5288));
#1099=EDGE_LOOP('',(#5289));
#1100=EDGE_LOOP('',(#5290));
#1101=EDGE_LOOP('',(#5291));
#1102=EDGE_LOOP('',(#5292));
#1103=EDGE_LOOP('',(#5293));
#1104=EDGE_LOOP('',(#5294));
#1105=EDGE_LOOP('',(#5295,#5296,#5297,#5298));
#1106=EDGE_LOOP('',(#5299,#5300,#5301,#5302));
#1107=EDGE_LOOP('',(#5303,#5304,#5305,#5306));
#1108=EDGE_LOOP('',(#5307,#5308,#5309,#5310));
#1109=EDGE_LOOP('',(#5311));
#1110=EDGE_LOOP('',(#5312,#5313,#5314,#5315));
#1111=EDGE_LOOP('',(#5316,#5317,#5318,#5319));
#1112=EDGE_LOOP('',(#5320,#5321,#5322,#5323));
#1113=EDGE_LOOP('',(#5324,#5325,#5326,#5327));
#1114=EDGE_LOOP('',(#5328,#5329,#5330,#5331));
#1115=EDGE_LOOP('',(#5332));
#1116=EDGE_LOOP('',(#5333));
#1117=EDGE_LOOP('',(#5334));
#1118=EDGE_LOOP('',(#5335));
#1119=EDGE_LOOP('',(#5336));
#1120=EDGE_LOOP('',(#5337));
#1121=EDGE_LOOP('',(#5338));
#1122=EDGE_LOOP('',(#5339));
#1123=EDGE_LOOP('',(#5340));
#1124=EDGE_LOOP('',(#5341));
#1125=EDGE_LOOP('',(#5342));
#1126=EDGE_LOOP('',(#5343));
#1127=EDGE_LOOP('',(#5344,#5345,#5346,#5347));
#1128=EDGE_LOOP('',(#5348,#5349,#5350,#5351));
#1129=EDGE_LOOP('',(#5352,#5353,#5354,#5355));
#1130=EDGE_LOOP('',(#5356,#5357,#5358,#5359));
#1131=EDGE_LOOP('',(#5360,#5361,#5362,#5363));
#1132=EDGE_LOOP('',(#5364,#5365,#5366,#5367));
#1133=EDGE_LOOP('',(#5368,#5369,#5370,#5371));
#1134=EDGE_LOOP('',(#5372,#5373,#5374,#5375));
#1135=EDGE_LOOP('',(#5376,#5377,#5378,#5379));
#1136=EDGE_LOOP('',(#5380));
#1137=EDGE_LOOP('',(#5381,#5382,#5383,#5384));
#1138=EDGE_LOOP('',(#5385,#5386,#5387,#5388));
#1139=EDGE_LOOP('',(#5389,#5390,#5391,#5392));
#1140=EDGE_LOOP('',(#5393,#5394,#5395,#5396));
#1141=EDGE_LOOP('',(#5397));
#1142=EDGE_LOOP('',(#5398));
#1143=EDGE_LOOP('',(#5399));
#1144=EDGE_LOOP('',(#5400));
#1145=EDGE_LOOP('',(#5401));
#1146=EDGE_LOOP('',(#5402));
#1147=EDGE_LOOP('',(#5403));
#1148=EDGE_LOOP('',(#5404));
#1149=EDGE_LOOP('',(#5405));
#1150=EDGE_LOOP('',(#5406));
#1151=EDGE_LOOP('',(#5407));
#1152=EDGE_LOOP('',(#5408));
#1153=EDGE_LOOP('',(#5409));
#1154=EDGE_LOOP('',(#5410));
#1155=EDGE_LOOP('',(#5411));
#1156=EDGE_LOOP('',(#5412));
#1157=EDGE_LOOP('',(#5413));
#1158=EDGE_LOOP('',(#5414));
#1159=EDGE_LOOP('',(#5415));
#1160=EDGE_LOOP('',(#5416));
#1161=EDGE_LOOP('',(#5417));
#1162=EDGE_LOOP('',(#5418));
#1163=EDGE_LOOP('',(#5419));
#1164=EDGE_LOOP('',(#5420));
#1165=EDGE_LOOP('',(#5421));
#1166=EDGE_LOOP('',(#5422));
#1167=EDGE_LOOP('',(#5423));
#1168=EDGE_LOOP('',(#5424,#5425,#5426,#5427));
#1169=EDGE_LOOP('',(#5428,#5429,#5430,#5431));
#1170=EDGE_LOOP('',(#5432,#5433,#5434,#5435));
#1171=EDGE_LOOP('',(#5436,#5437,#5438,#5439));
#1172=EDGE_LOOP('',(#5440,#5441,#5442,#5443));
#1173=EDGE_LOOP('',(#5444,#5445,#5446,#5447));
#1174=EDGE_LOOP('',(#5448,#5449,#5450,#5451));
#1175=EDGE_LOOP('',(#5452,#5453,#5454,#5455));
#1176=EDGE_LOOP('',(#5456,#5457,#5458,#5459));
#1177=EDGE_LOOP('',(#5460,#5461,#5462,#5463));
#1178=EDGE_LOOP('',(#5464,#5465,#5466,#5467));
#1179=EDGE_LOOP('',(#5468,#5469,#5470,#5471,#5472,#5473,#5474,#5475));
#1180=EDGE_LOOP('',(#5476));
#1181=EDGE_LOOP('',(#5477));
#1182=EDGE_LOOP('',(#5478));
#1183=EDGE_LOOP('',(#5479));
#1184=EDGE_LOOP('',(#5480));
#1185=EDGE_LOOP('',(#5481));
#1186=EDGE_LOOP('',(#5482));
#1187=EDGE_LOOP('',(#5483));
#1188=EDGE_LOOP('',(#5484));
#1189=EDGE_LOOP('',(#5485));
#1190=EDGE_LOOP('',(#5486));
#1191=EDGE_LOOP('',(#5487));
#1192=EDGE_LOOP('',(#5488));
#1193=EDGE_LOOP('',(#5489));
#1194=EDGE_LOOP('',(#5490));
#1195=EDGE_LOOP('',(#5491));
#1196=EDGE_LOOP('',(#5492));
#1197=EDGE_LOOP('',(#5493));
#1198=EDGE_LOOP('',(#5494));
#1199=EDGE_LOOP('',(#5495));
#1200=EDGE_LOOP('',(#5496));
#1201=EDGE_LOOP('',(#5497));
#1202=EDGE_LOOP('',(#5498));
#1203=EDGE_LOOP('',(#5499));
#1204=EDGE_LOOP('',(#5500));
#1205=EDGE_LOOP('',(#5501));
#1206=EDGE_LOOP('',(#5502));
#1207=EDGE_LOOP('',(#5503));
#1208=EDGE_LOOP('',(#5504));
#1209=EDGE_LOOP('',(#5505));
#1210=EDGE_LOOP('',(#5506));
#1211=EDGE_LOOP('',(#5507));
#1212=EDGE_LOOP('',(#5508));
#1213=EDGE_LOOP('',(#5509));
#1214=EDGE_LOOP('',(#5510));
#1215=EDGE_LOOP('',(#5511));
#1216=EDGE_LOOP('',(#5512));
#1217=EDGE_LOOP('',(#5513));
#1218=EDGE_LOOP('',(#5514));
#1219=EDGE_LOOP('',(#5515));
#1220=EDGE_LOOP('',(#5516));
#1221=EDGE_LOOP('',(#5517));
#1222=EDGE_LOOP('',(#5518));
#1223=EDGE_LOOP('',(#5519));
#1224=EDGE_LOOP('',(#5520));
#1225=EDGE_LOOP('',(#5521));
#1226=EDGE_LOOP('',(#5522));
#1227=EDGE_LOOP('',(#5523));
#1228=EDGE_LOOP('',(#5524));
#1229=EDGE_LOOP('',(#5525));
#1230=EDGE_LOOP('',(#5526));
#1231=EDGE_LOOP('',(#5527));
#1232=EDGE_LOOP('',(#5528));
#1233=EDGE_LOOP('',(#5529));
#1234=EDGE_LOOP('',(#5530));
#1235=EDGE_LOOP('',(#5531));
#1236=EDGE_LOOP('',(#5532));
#1237=EDGE_LOOP('',(#5533));
#1238=EDGE_LOOP('',(#5534));
#1239=EDGE_LOOP('',(#5535));
#1240=EDGE_LOOP('',(#5536));
#1241=EDGE_LOOP('',(#5537));
#1242=EDGE_LOOP('',(#5538,#5539,#5540,#5541));
#1243=EDGE_LOOP('',(#5542,#5543,#5544,#5545));
#1244=EDGE_LOOP('',(#5546,#5547,#5548,#5549));
#1245=EDGE_LOOP('',(#5550,#5551,#5552,#5553));
#1246=EDGE_LOOP('',(#5554,#5555,#5556,#5557));
#1247=EDGE_LOOP('',(#5558,#5559,#5560,#5561));
#1248=EDGE_LOOP('',(#5562,#5563,#5564,#5565));
#1249=EDGE_LOOP('',(#5566,#5567,#5568,#5569));
#1250=EDGE_LOOP('',(#5570));
#1251=EDGE_LOOP('',(#5571));
#1252=EDGE_LOOP('',(#5572));
#1253=EDGE_LOOP('',(#5573));
#1254=EDGE_LOOP('',(#5574,#5575,#5576,#5577));
#1255=EDGE_LOOP('',(#5578,#5579,#5580,#5581));
#1256=EDGE_LOOP('',(#5582,#5583,#5584,#5585));
#1257=EDGE_LOOP('',(#5586,#5587,#5588,#5589));
#1258=EDGE_LOOP('',(#5590,#5591,#5592,#5593));
#1259=EDGE_LOOP('',(#5594,#5595,#5596,#5597));
#1260=EDGE_LOOP('',(#5598,#5599,#5600,#5601));
#1261=EDGE_LOOP('',(#5602,#5603,#5604,#5605));
#1262=EDGE_LOOP('',(#5606,#5607,#5608,#5609));
#1263=EDGE_LOOP('',(#5610,#5611,#5612,#5613));
#1264=EDGE_LOOP('',(#5614,#5615,#5616,#5617));
#1265=EDGE_LOOP('',(#5618,#5619,#5620,#5621));
#1266=EDGE_LOOP('',(#5622,#5623,#5624,#5625));
#1267=EDGE_LOOP('',(#5626,#5627,#5628,#5629));
#1268=EDGE_LOOP('',(#5630,#5631,#5632,#5633));
#1269=EDGE_LOOP('',(#5634,#5635,#5636,#5637));
#1270=EDGE_LOOP('',(#5638,#5639,#5640,#5641));
#1271=EDGE_LOOP('',(#5642,#5643,#5644,#5645));
#1272=EDGE_LOOP('',(#5646,#5647,#5648,#5649));
#1273=EDGE_LOOP('',(#5650,#5651,#5652,#5653));
#1274=EDGE_LOOP('',(#5654,#5655,#5656,#5657));
#1275=EDGE_LOOP('',(#5658,#5659,#5660,#5661));
#1276=EDGE_LOOP('',(#5662,#5663,#5664,#5665));
#1277=EDGE_LOOP('',(#5666,#5667,#5668,#5669));
#1278=EDGE_LOOP('',(#5670,#5671,#5672,#5673));
#1279=EDGE_LOOP('',(#5674,#5675,#5676,#5677));
#1280=EDGE_LOOP('',(#5678,#5679,#5680,#5681));
#1281=EDGE_LOOP('',(#5682,#5683,#5684,#5685));
#1282=EDGE_LOOP('',(#5686,#5687,#5688,#5689));
#1283=EDGE_LOOP('',(#5690,#5691,#5692,#5693));
#1284=EDGE_LOOP('',(#5694,#5695,#5696,#5697));
#1285=EDGE_LOOP('',(#5698,#5699,#5700,#5701));
#1286=EDGE_LOOP('',(#5702,#5703,#5704,#5705));
#1287=EDGE_LOOP('',(#5706,#5707,#5708,#5709));
#1288=EDGE_LOOP('',(#5710,#5711,#5712,#5713));
#1289=EDGE_LOOP('',(#5714,#5715,#5716,#5717));
#1290=EDGE_LOOP('',(#5718,#5719,#5720,#5721));
#1291=EDGE_LOOP('',(#5722,#5723,#5724,#5725));
#1292=EDGE_LOOP('',(#5726,#5727,#5728,#5729));
#1293=EDGE_LOOP('',(#5730,#5731,#5732,#5733));
#1294=EDGE_LOOP('',(#5734,#5735,#5736,#5737));
#1295=EDGE_LOOP('',(#5738,#5739,#5740,#5741));
#1296=EDGE_LOOP('',(#5742,#5743,#5744,#5745));
#1297=EDGE_LOOP('',(#5746,#5747,#5748,#5749));
#1298=EDGE_LOOP('',(#5750,#5751,#5752,#5753));
#1299=EDGE_LOOP('',(#5754,#5755,#5756,#5757));
#1300=EDGE_LOOP('',(#5758,#5759,#5760,#5761));
#1301=EDGE_LOOP('',(#5762,#5763,#5764,#5765));
#1302=EDGE_LOOP('',(#5766,#5767,#5768,#5769));
#1303=EDGE_LOOP('',(#5770,#5771,#5772,#5773));
#1304=EDGE_LOOP('',(#5774,#5775,#5776,#5777));
#1305=EDGE_LOOP('',(#5778,#5779,#5780,#5781));
#1306=EDGE_LOOP('',(#5782,#5783,#5784,#5785));
#1307=EDGE_LOOP('',(#5786,#5787,#5788,#5789));
#1308=EDGE_LOOP('',(#5790,#5791,#5792,#5793));
#1309=EDGE_LOOP('',(#5794,#5795,#5796,#5797));
#1310=EDGE_LOOP('',(#5798,#5799,#5800,#5801));
#1311=EDGE_LOOP('',(#5802,#5803,#5804,#5805));
#1312=EDGE_LOOP('',(#5806,#5807,#5808,#5809));
#1313=EDGE_LOOP('',(#5810,#5811,#5812,#5813));
#1314=EDGE_LOOP('',(#5814,#5815,#5816,#5817));
#1315=EDGE_LOOP('',(#5818,#5819,#5820,#5821));
#1316=EDGE_LOOP('',(#5822,#5823,#5824,#5825));
#1317=EDGE_LOOP('',(#5826,#5827,#5828,#5829));
#1318=EDGE_LOOP('',(#5830,#5831,#5832,#5833));
#1319=EDGE_LOOP('',(#5834,#5835,#5836,#5837));
#1320=EDGE_LOOP('',(#5838,#5839,#5840,#5841));
#1321=EDGE_LOOP('',(#5842,#5843,#5844,#5845));
#1322=EDGE_LOOP('',(#5846,#5847,#5848,#5849));
#1323=EDGE_LOOP('',(#5850,#5851,#5852,#5853));
#1324=EDGE_LOOP('',(#5854,#5855,#5856,#5857));
#1325=EDGE_LOOP('',(#5858,#5859,#5860,#5861));
#1326=EDGE_LOOP('',(#5862,#5863,#5864,#5865));
#1327=EDGE_LOOP('',(#5866,#5867,#5868,#5869));
#1328=EDGE_LOOP('',(#5870,#5871,#5872,#5873));
#1329=EDGE_LOOP('',(#5874,#5875,#5876,#5877));
#1330=EDGE_LOOP('',(#5878,#5879,#5880,#5881));
#1331=EDGE_LOOP('',(#5882,#5883,#5884,#5885));
#1332=EDGE_LOOP('',(#5886,#5887,#5888,#5889));
#1333=EDGE_LOOP('',(#5890,#5891,#5892,#5893));
#1334=EDGE_LOOP('',(#5894,#5895,#5896,#5897));
#1335=EDGE_LOOP('',(#5898,#5899,#5900,#5901));
#1336=EDGE_LOOP('',(#5902,#5903,#5904,#5905));
#1337=EDGE_LOOP('',(#5906,#5907,#5908,#5909));
#1338=EDGE_LOOP('',(#5910,#5911,#5912,#5913));
#1339=EDGE_LOOP('',(#5914,#5915,#5916,#5917));
#1340=EDGE_LOOP('',(#5918,#5919,#5920,#5921));
#1341=EDGE_LOOP('',(#5922,#5923,#5924,#5925));
#1342=EDGE_LOOP('',(#5926,#5927,#5928,#5929));
#1343=EDGE_LOOP('',(#5930,#5931,#5932,#5933));
#1344=EDGE_LOOP('',(#5934,#5935,#5936,#5937));
#1345=EDGE_LOOP('',(#5938,#5939,#5940,#5941));
#1346=EDGE_LOOP('',(#5942,#5943,#5944,#5945));
#1347=EDGE_LOOP('',(#5946,#5947,#5948,#5949));
#1348=EDGE_LOOP('',(#5950,#5951,#5952,#5953));
#1349=EDGE_LOOP('',(#5954,#5955,#5956,#5957));
#1350=EDGE_LOOP('',(#5958,#5959,#5960,#5961));
#1351=EDGE_LOOP('',(#5962,#5963,#5964,#5965));
#1352=EDGE_LOOP('',(#5966,#5967,#5968,#5969));
#1353=EDGE_LOOP('',(#5970,#5971,#5972,#5973));
#1354=EDGE_LOOP('',(#5974,#5975,#5976,#5977));
#1355=EDGE_LOOP('',(#5978,#5979,#5980,#5981));
#1356=EDGE_LOOP('',(#5982,#5983,#5984,#5985));
#1357=EDGE_LOOP('',(#5986,#5987,#5988,#5989));
#1358=EDGE_LOOP('',(#5990,#5991,#5992,#5993));
#1359=EDGE_LOOP('',(#5994,#5995,#5996,#5997));
#1360=EDGE_LOOP('',(#5998,#5999,#6000,#6001));
#1361=EDGE_LOOP('',(#6002,#6003,#6004,#6005));
#1362=EDGE_LOOP('',(#6006,#6007,#6008,#6009));
#1363=EDGE_LOOP('',(#6010,#6011,#6012,#6013));
#1364=EDGE_LOOP('',(#6014));
#1365=EDGE_LOOP('',(#6015));
#1366=EDGE_LOOP('',(#6016));
#1367=EDGE_LOOP('',(#6017));
#1368=EDGE_LOOP('',(#6018));
#1369=EDGE_LOOP('',(#6019));
#1370=EDGE_LOOP('',(#6020));
#1371=EDGE_LOOP('',(#6021));
#1372=EDGE_LOOP('',(#6022));
#1373=EDGE_LOOP('',(#6023));
#1374=EDGE_LOOP('',(#6024));
#1375=EDGE_LOOP('',(#6025));
#1376=EDGE_LOOP('',(#6026));
#1377=EDGE_LOOP('',(#6027));
#1378=EDGE_LOOP('',(#6028));
#1379=EDGE_LOOP('',(#6029));
#1380=EDGE_LOOP('',(#6030));
#1381=EDGE_LOOP('',(#6031));
#1382=EDGE_LOOP('',(#6032));
#1383=EDGE_LOOP('',(#6033));
#1384=EDGE_LOOP('',(#6034));
#1385=EDGE_LOOP('',(#6035));
#1386=EDGE_LOOP('',(#6036));
#1387=EDGE_LOOP('',(#6037));
#1388=EDGE_LOOP('',(#6038));
#1389=EDGE_LOOP('',(#6039));
#1390=EDGE_LOOP('',(#6040));
#1391=EDGE_LOOP('',(#6041));
#1392=EDGE_LOOP('',(#6042));
#1393=EDGE_LOOP('',(#6043));
#1394=EDGE_LOOP('',(#6044));
#1395=EDGE_LOOP('',(#6045));
#1396=EDGE_LOOP('',(#6046));
#1397=EDGE_LOOP('',(#6047));
#1398=EDGE_LOOP('',(#6048));
#1399=EDGE_LOOP('',(#6049));
#1400=EDGE_LOOP('',(#6050));
#1401=EDGE_LOOP('',(#6051));
#1402=EDGE_LOOP('',(#6052));
#1403=EDGE_LOOP('',(#6053));
#1404=EDGE_LOOP('',(#6054));
#1405=EDGE_LOOP('',(#6055));
#1406=EDGE_LOOP('',(#6056));
#1407=EDGE_LOOP('',(#6057));
#1408=EDGE_LOOP('',(#6058));
#1409=EDGE_LOOP('',(#6059));
#1410=EDGE_LOOP('',(#6060));
#1411=EDGE_LOOP('',(#6061));
#1412=EDGE_LOOP('',(#6062));
#1413=EDGE_LOOP('',(#6063));
#1414=EDGE_LOOP('',(#6064));
#1415=EDGE_LOOP('',(#6065));
#1416=EDGE_LOOP('',(#6066));
#1417=EDGE_LOOP('',(#6067));
#1418=EDGE_LOOP('',(#6068,#6069,#6070,#6071));
#1419=EDGE_LOOP('',(#6072,#6073,#6074,#6075));
#1420=EDGE_LOOP('',(#6076,#6077,#6078,#6079));
#1421=EDGE_LOOP('',(#6080,#6081,#6082,#6083));
#1422=EDGE_LOOP('',(#6084,#6085,#6086,#6087));
#1423=EDGE_LOOP('',(#6088,#6089,#6090,#6091));
#1424=EDGE_LOOP('',(#6092,#6093,#6094,#6095));
#1425=EDGE_LOOP('',(#6096,#6097,#6098,#6099));
#1426=EDGE_LOOP('',(#6100,#6101,#6102,#6103));
#1427=EDGE_LOOP('',(#6104,#6105,#6106,#6107));
#1428=EDGE_LOOP('',(#6108,#6109,#6110,#6111));
#1429=EDGE_LOOP('',(#6112,#6113,#6114,#6115));
#1430=EDGE_LOOP('',(#6116,#6117,#6118,#6119));
#1431=EDGE_LOOP('',(#6120,#6121,#6122,#6123));
#1432=EDGE_LOOP('',(#6124,#6125,#6126,#6127));
#1433=EDGE_LOOP('',(#6128,#6129,#6130,#6131));
#1434=EDGE_LOOP('',(#6132,#6133,#6134,#6135));
#1435=EDGE_LOOP('',(#6136,#6137,#6138,#6139));
#1436=EDGE_LOOP('',(#6140,#6141,#6142,#6143));
#1437=EDGE_LOOP('',(#6144,#6145,#6146,#6147));
#1438=EDGE_LOOP('',(#6148));
#1439=EDGE_LOOP('',(#6149));
#1440=EDGE_LOOP('',(#6150,#6151,#6152,#6153));
#1441=EDGE_LOOP('',(#6154,#6155,#6156,#6157));
#1442=EDGE_LOOP('',(#6158,#6159,#6160,#6161));
#1443=EDGE_LOOP('',(#6162,#6163,#6164,#6165));
#1444=EDGE_LOOP('',(#6166,#6167,#6168,#6169));
#1445=EDGE_LOOP('',(#6170,#6171,#6172,#6173));
#1446=EDGE_LOOP('',(#6174,#6175,#6176,#6177));
#1447=EDGE_LOOP('',(#6178,#6179,#6180,#6181));
#1448=EDGE_LOOP('',(#6182,#6183,#6184,#6185));
#1449=EDGE_LOOP('',(#6186,#6187,#6188,#6189));
#1450=EDGE_LOOP('',(#6190,#6191,#6192,#6193));
#1451=EDGE_LOOP('',(#6194,#6195,#6196,#6197));
#1452=EDGE_LOOP('',(#6198,#6199,#6200,#6201));
#1453=EDGE_LOOP('',(#6202,#6203,#6204,#6205));
#1454=EDGE_LOOP('',(#6206,#6207,#6208,#6209));
#1455=EDGE_LOOP('',(#6210,#6211,#6212,#6213));
#1456=EDGE_LOOP('',(#6214,#6215,#6216,#6217));
#1457=EDGE_LOOP('',(#6218,#6219,#6220,#6221));
#1458=EDGE_LOOP('',(#6222,#6223,#6224,#6225));
#1459=EDGE_LOOP('',(#6226,#6227,#6228,#6229));
#1460=EDGE_LOOP('',(#6230,#6231,#6232,#6233));
#1461=EDGE_LOOP('',(#6234,#6235,#6236,#6237));
#1462=EDGE_LOOP('',(#6238,#6239,#6240,#6241));
#1463=EDGE_LOOP('',(#6242,#6243,#6244,#6245));
#1464=EDGE_LOOP('',(#6246,#6247,#6248,#6249));
#1465=EDGE_LOOP('',(#6250,#6251,#6252,#6253));
#1466=EDGE_LOOP('',(#6254,#6255,#6256,#6257));
#1467=EDGE_LOOP('',(#6258,#6259,#6260,#6261));
#1468=EDGE_LOOP('',(#6262,#6263,#6264,#6265));
#1469=EDGE_LOOP('',(#6266,#6267,#6268,#6269));
#1470=EDGE_LOOP('',(#6270,#6271,#6272,#6273));
#1471=EDGE_LOOP('',(#6274,#6275,#6276,#6277));
#1472=EDGE_LOOP('',(#6278,#6279,#6280,#6281));
#1473=EDGE_LOOP('',(#6282,#6283,#6284,#6285));
#1474=EDGE_LOOP('',(#6286,#6287,#6288,#6289));
#1475=EDGE_LOOP('',(#6290,#6291,#6292,#6293));
#1476=EDGE_LOOP('',(#6294,#6295,#6296,#6297));
#1477=EDGE_LOOP('',(#6298,#6299,#6300,#6301));
#1478=EDGE_LOOP('',(#6302,#6303,#6304,#6305));
#1479=EDGE_LOOP('',(#6306,#6307,#6308,#6309));
#1480=EDGE_LOOP('',(#6310,#6311,#6312,#6313));
#1481=EDGE_LOOP('',(#6314,#6315,#6316,#6317));
#1482=EDGE_LOOP('',(#6318,#6319,#6320,#6321));
#1483=EDGE_LOOP('',(#6322,#6323,#6324,#6325));
#1484=EDGE_LOOP('',(#6326,#6327,#6328,#6329));
#1485=EDGE_LOOP('',(#6330));
#1486=EDGE_LOOP('',(#6331));
#1487=EDGE_LOOP('',(#6332));
#1488=EDGE_LOOP('',(#6333));
#1489=EDGE_LOOP('',(#6334));
#1490=EDGE_LOOP('',(#6335));
#1491=EDGE_LOOP('',(#6336));
#1492=EDGE_LOOP('',(#6337));
#1493=EDGE_LOOP('',(#6338));
#1494=EDGE_LOOP('',(#6339));
#1495=EDGE_LOOP('',(#6340));
#1496=EDGE_LOOP('',(#6341));
#1497=EDGE_LOOP('',(#6342));
#1498=EDGE_LOOP('',(#6343));
#1499=EDGE_LOOP('',(#6344));
#1500=EDGE_LOOP('',(#6345));
#1501=EDGE_LOOP('',(#6346));
#1502=EDGE_LOOP('',(#6347));
#1503=EDGE_LOOP('',(#6348));
#1504=EDGE_LOOP('',(#6349));
#1505=EDGE_LOOP('',(#6350));
#1506=EDGE_LOOP('',(#6351));
#1507=EDGE_LOOP('',(#6352));
#1508=EDGE_LOOP('',(#6353));
#1509=EDGE_LOOP('',(#6354,#6355,#6356,#6357));
#1510=EDGE_LOOP('',(#6358,#6359,#6360,#6361));
#1511=EDGE_LOOP('',(#6362,#6363,#6364,#6365));
#1512=EDGE_LOOP('',(#6366,#6367,#6368,#6369));
#1513=EDGE_LOOP('',(#6370,#6371,#6372,#6373));
#1514=EDGE_LOOP('',(#6374,#6375,#6376,#6377));
#1515=EDGE_LOOP('',(#6378,#6379,#6380,#6381));
#1516=EDGE_LOOP('',(#6382,#6383,#6384,#6385));
#1517=EDGE_LOOP('',(#6386,#6387,#6388,#6389));
#1518=EDGE_LOOP('',(#6390,#6391,#6392,#6393));
#1519=EDGE_LOOP('',(#6394,#6395,#6396,#6397));
#1520=EDGE_LOOP('',(#6398,#6399,#6400,#6401));
#1521=EDGE_LOOP('',(#6402,#6403,#6404,#6405));
#1522=EDGE_LOOP('',(#6406,#6407,#6408,#6409));
#1523=EDGE_LOOP('',(#6410,#6411,#6412,#6413));
#1524=EDGE_LOOP('',(#6414));
#1525=EDGE_LOOP('',(#6415));
#1526=EDGE_LOOP('',(#6416));
#1527=EDGE_LOOP('',(#6417));
#1528=EDGE_LOOP('',(#6418));
#1529=EDGE_LOOP('',(#6419));
#1530=EDGE_LOOP('',(#6420));
#1531=EDGE_LOOP('',(#6421));
#1532=EDGE_LOOP('',(#6422));
#1533=EDGE_LOOP('',(#6423));
#1534=EDGE_LOOP('',(#6424));
#1535=EDGE_LOOP('',(#6425));
#1536=EDGE_LOOP('',(#6426));
#1537=EDGE_LOOP('',(#6427));
#1538=EDGE_LOOP('',(#6428));
#1539=EDGE_LOOP('',(#6429));
#1540=EDGE_LOOP('',(#6430));
#1541=EDGE_LOOP('',(#6431));
#1542=EDGE_LOOP('',(#6432));
#1543=EDGE_LOOP('',(#6433));
#1544=EDGE_LOOP('',(#6434));
#1545=EDGE_LOOP('',(#6435));
#1546=EDGE_LOOP('',(#6436));
#1547=EDGE_LOOP('',(#6437));
#1548=EDGE_LOOP('',(#6438));
#1549=EDGE_LOOP('',(#6439));
#1550=EDGE_LOOP('',(#6440));
#1551=EDGE_LOOP('',(#6441));
#1552=EDGE_LOOP('',(#6442));
#1553=EDGE_LOOP('',(#6443));
#1554=EDGE_LOOP('',(#6444));
#1555=EDGE_LOOP('',(#6445));
#1556=EDGE_LOOP('',(#6446));
#1557=EDGE_LOOP('',(#6447));
#1558=EDGE_LOOP('',(#6448));
#1559=EDGE_LOOP('',(#6449));
#1560=EDGE_LOOP('',(#6450));
#1561=EDGE_LOOP('',(#6451));
#1562=EDGE_LOOP('',(#6452,#6453,#6454,#6455));
#1563=EDGE_LOOP('',(#6456,#6457,#6458,#6459));
#1564=EDGE_LOOP('',(#6460,#6461,#6462,#6463));
#1565=EDGE_LOOP('',(#6464,#6465,#6466,#6467));
#1566=EDGE_LOOP('',(#6468,#6469,#6470,#6471));
#1567=EDGE_LOOP('',(#6472,#6473,#6474,#6475));
#1568=EDGE_LOOP('',(#6476,#6477,#6478,#6479));
#1569=EDGE_LOOP('',(#6480,#6481,#6482,#6483));
#1570=EDGE_LOOP('',(#6484,#6485,#6486,#6487));
#1571=EDGE_LOOP('',(#6488,#6489,#6490,#6491));
#1572=EDGE_LOOP('',(#6492,#6493,#6494,#6495));
#1573=EDGE_LOOP('',(#6496,#6497,#6498,#6499));
#1574=EDGE_LOOP('',(#6500,#6501,#6502,#6503));
#1575=EDGE_LOOP('',(#6504,#6505,#6506,#6507));
#1576=EDGE_LOOP('',(#6508,#6509,#6510,#6511));
#1577=EDGE_LOOP('',(#6512,#6513,#6514,#6515));
#1578=EDGE_LOOP('',(#6516,#6517,#6518,#6519));
#1579=EDGE_LOOP('',(#6520,#6521,#6522,#6523));
#1580=EDGE_LOOP('',(#6524,#6525,#6526,#6527));
#1581=EDGE_LOOP('',(#6528,#6529,#6530,#6531));
#1582=EDGE_LOOP('',(#6532,#6533,#6534,#6535));
#1583=EDGE_LOOP('',(#6536,#6537,#6538,#6539));
#1584=EDGE_LOOP('',(#6540,#6541,#6542,#6543));
#1585=EDGE_LOOP('',(#6544,#6545,#6546,#6547));
#1586=EDGE_LOOP('',(#6548,#6549,#6550,#6551));
#1587=EDGE_LOOP('',(#6552,#6553,#6554,#6555));
#1588=EDGE_LOOP('',(#6556,#6557,#6558,#6559));
#1589=EDGE_LOOP('',(#6560,#6561,#6562,#6563));
#1590=EDGE_LOOP('',(#6564,#6565,#6566,#6567));
#1591=EDGE_LOOP('',(#6568,#6569,#6570,#6571));
#1592=EDGE_LOOP('',(#6572));
#1593=EDGE_LOOP('',(#6573));
#1594=LINE('',#10168,#2262);
#1595=LINE('',#10174,#2263);
#1596=LINE('',#10180,#2264);
#1597=LINE('',#10186,#2265);
#1598=LINE('',#10192,#2266);
#1599=LINE('',#10198,#2267);
#1600=LINE('',#10204,#2268);
#1601=LINE('',#10210,#2269);
#1602=LINE('',#10216,#2270);
#1603=LINE('',#10222,#2271);
#1604=LINE('',#10228,#2272);
#1605=LINE('',#10234,#2273);
#1606=LINE('',#10240,#2274);
#1607=LINE('',#10246,#2275);
#1608=LINE('',#10252,#2276);
#1609=LINE('',#10258,#2277);
#1610=LINE('',#10264,#2278);
#1611=LINE('',#10270,#2279);
#1612=LINE('',#10276,#2280);
#1613=LINE('',#10282,#2281);
#1614=LINE('',#10288,#2282);
#1615=LINE('',#10294,#2283);
#1616=LINE('',#10300,#2284);
#1617=LINE('',#10306,#2285);
#1618=LINE('',#10312,#2286);
#1619=LINE('',#10318,#2287);
#1620=LINE('',#10324,#2288);
#1621=LINE('',#10330,#2289);
#1622=LINE('',#10336,#2290);
#1623=LINE('',#10342,#2291);
#1624=LINE('',#10348,#2292);
#1625=LINE('',#10354,#2293);
#1626=LINE('',#10360,#2294);
#1627=LINE('',#10366,#2295);
#1628=LINE('',#10372,#2296);
#1629=LINE('',#10378,#2297);
#1630=LINE('',#10384,#2298);
#1631=LINE('',#10390,#2299);
#1632=LINE('',#10396,#2300);
#1633=LINE('',#10402,#2301);
#1634=LINE('',#10408,#2302);
#1635=LINE('',#10414,#2303);
#1636=LINE('',#10420,#2304);
#1637=LINE('',#10426,#2305);
#1638=LINE('',#10432,#2306);
#1639=LINE('',#10438,#2307);
#1640=LINE('',#10444,#2308);
#1641=LINE('',#10450,#2309);
#1642=LINE('',#10456,#2310);
#1643=LINE('',#10462,#2311);
#1644=LINE('',#10468,#2312);
#1645=LINE('',#10474,#2313);
#1646=LINE('',#10480,#2314);
#1647=LINE('',#10486,#2315);
#1648=LINE('',#10492,#2316);
#1649=LINE('',#10498,#2317);
#1650=LINE('',#10504,#2318);
#1651=LINE('',#10510,#2319);
#1652=LINE('',#10516,#2320);
#1653=LINE('',#10522,#2321);
#1654=LINE('',#10528,#2322);
#1655=LINE('',#10534,#2323);
#1656=LINE('',#10540,#2324);
#1657=LINE('',#10546,#2325);
#1658=LINE('',#10552,#2326);
#1659=LINE('',#10558,#2327);
#1660=LINE('',#10564,#2328);
#1661=LINE('',#10570,#2329);
#1662=LINE('',#10576,#2330);
#1663=LINE('',#10582,#2331);
#1664=LINE('',#10588,#2332);
#1665=LINE('',#10594,#2333);
#1666=LINE('',#10600,#2334);
#1667=LINE('',#10606,#2335);
#1668=LINE('',#10612,#2336);
#1669=LINE('',#10618,#2337);
#1670=LINE('',#10624,#2338);
#1671=LINE('',#10630,#2339);
#1672=LINE('',#10636,#2340);
#1673=LINE('',#10642,#2341);
#1674=LINE('',#10648,#2342);
#1675=LINE('',#10654,#2343);
#1676=LINE('',#10660,#2344);
#1677=LINE('',#10666,#2345);
#1678=LINE('',#10672,#2346);
#1679=LINE('',#10678,#2347);
#1680=LINE('',#10684,#2348);
#1681=LINE('',#10690,#2349);
#1682=LINE('',#10696,#2350);
#1683=LINE('',#10702,#2351);
#1684=LINE('',#10708,#2352);
#1685=LINE('',#10714,#2353);
#1686=LINE('',#10720,#2354);
#1687=LINE('',#10726,#2355);
#1688=LINE('',#10732,#2356);
#1689=LINE('',#10738,#2357);
#1690=LINE('',#10744,#2358);
#1691=LINE('',#10750,#2359);
#1692=LINE('',#10756,#2360);
#1693=LINE('',#10762,#2361);
#1694=LINE('',#10768,#2362);
#1695=LINE('',#10774,#2363);
#1696=LINE('',#10780,#2364);
#1697=LINE('',#10786,#2365);
#1698=LINE('',#10792,#2366);
#1699=LINE('',#10798,#2367);
#1700=LINE('',#10804,#2368);
#1701=LINE('',#10810,#2369);
#1702=LINE('',#10816,#2370);
#1703=LINE('',#10822,#2371);
#1704=LINE('',#10828,#2372);
#1705=LINE('',#10834,#2373);
#1706=LINE('',#10840,#2374);
#1707=LINE('',#10846,#2375);
#1708=LINE('',#10852,#2376);
#1709=LINE('',#10858,#2377);
#1710=LINE('',#10864,#2378);
#1711=LINE('',#10870,#2379);
#1712=LINE('',#10876,#2380);
#1713=LINE('',#10882,#2381);
#1714=LINE('',#10888,#2382);
#1715=LINE('',#10894,#2383);
#1716=LINE('',#10900,#2384);
#1717=LINE('',#10906,#2385);
#1718=LINE('',#10911,#2386);
#1719=LINE('',#10915,#2387);
#1720=LINE('',#10919,#2388);
#1721=LINE('',#10923,#2389);
#1722=LINE('',#10927,#2390);
#1723=LINE('',#10929,#2391);
#1724=LINE('',#10931,#2392);
#1725=LINE('',#10932,#2393);
#1726=LINE('',#10935,#2394);
#1727=LINE('',#10937,#2395);
#1728=LINE('',#10939,#2396);
#1729=LINE('',#10940,#2397);
#1730=LINE('',#10943,#2398);
#1731=LINE('',#10945,#2399);
#1732=LINE('',#10947,#2400);
#1733=LINE('',#10948,#2401);
#1734=LINE('',#10951,#2402);
#1735=LINE('',#10953,#2403);
#1736=LINE('',#10955,#2404);
#1737=LINE('',#10956,#2405);
#1738=LINE('',#10959,#2406);
#1739=LINE('',#10961,#2407);
#1740=LINE('',#10963,#2408);
#1741=LINE('',#10964,#2409);
#1742=LINE('',#10967,#2410);
#1743=LINE('',#10969,#2411);
#1744=LINE('',#10971,#2412);
#1745=LINE('',#10972,#2413);
#1746=LINE('',#10975,#2414);
#1747=LINE('',#10977,#2415);
#1748=LINE('',#10979,#2416);
#1749=LINE('',#10980,#2417);
#1750=LINE('',#10983,#2418);
#1751=LINE('',#10985,#2419);
#1752=LINE('',#10987,#2420);
#1753=LINE('',#10988,#2421);
#1754=LINE('',#10991,#2422);
#1755=LINE('',#10993,#2423);
#1756=LINE('',#10995,#2424);
#1757=LINE('',#10996,#2425);
#1758=LINE('',#10999,#2426);
#1759=LINE('',#11001,#2427);
#1760=LINE('',#11003,#2428);
#1761=LINE('',#11004,#2429);
#1762=LINE('',#11007,#2430);
#1763=LINE('',#11009,#2431);
#1764=LINE('',#11011,#2432);
#1765=LINE('',#11012,#2433);
#1766=LINE('',#11015,#2434);
#1767=LINE('',#11017,#2435);
#1768=LINE('',#11019,#2436);
#1769=LINE('',#11020,#2437);
#1770=LINE('',#11023,#2438);
#1771=LINE('',#11025,#2439);
#1772=LINE('',#11027,#2440);
#1773=LINE('',#11028,#2441);
#1774=LINE('',#11031,#2442);
#1775=LINE('',#11033,#2443);
#1776=LINE('',#11035,#2444);
#1777=LINE('',#11036,#2445);
#1778=LINE('',#11039,#2446);
#1779=LINE('',#11041,#2447);
#1780=LINE('',#11043,#2448);
#1781=LINE('',#11044,#2449);
#1782=LINE('',#11047,#2450);
#1783=LINE('',#11049,#2451);
#1784=LINE('',#11051,#2452);
#1785=LINE('',#11052,#2453);
#1786=LINE('',#11055,#2454);
#1787=LINE('',#11057,#2455);
#1788=LINE('',#11059,#2456);
#1789=LINE('',#11060,#2457);
#1790=LINE('',#11063,#2458);
#1791=LINE('',#11065,#2459);
#1792=LINE('',#11067,#2460);
#1793=LINE('',#11068,#2461);
#1794=LINE('',#11071,#2462);
#1795=LINE('',#11073,#2463);
#1796=LINE('',#11075,#2464);
#1797=LINE('',#11076,#2465);
#1798=LINE('',#11079,#2466);
#1799=LINE('',#11081,#2467);
#1800=LINE('',#11083,#2468);
#1801=LINE('',#11084,#2469);
#1802=LINE('',#11087,#2470);
#1803=LINE('',#11089,#2471);
#1804=LINE('',#11091,#2472);
#1805=LINE('',#11092,#2473);
#1806=LINE('',#11095,#2474);
#1807=LINE('',#11097,#2475);
#1808=LINE('',#11099,#2476);
#1809=LINE('',#11100,#2477);
#1810=LINE('',#11103,#2478);
#1811=LINE('',#11105,#2479);
#1812=LINE('',#11107,#2480);
#1813=LINE('',#11108,#2481);
#1814=LINE('',#11111,#2482);
#1815=LINE('',#11113,#2483);
#1816=LINE('',#11115,#2484);
#1817=LINE('',#11116,#2485);
#1818=LINE('',#11119,#2486);
#1819=LINE('',#11121,#2487);
#1820=LINE('',#11123,#2488);
#1821=LINE('',#11124,#2489);
#1822=LINE('',#11127,#2490);
#1823=LINE('',#11129,#2491);
#1824=LINE('',#11131,#2492);
#1825=LINE('',#11132,#2493);
#1826=LINE('',#11135,#2494);
#1827=LINE('',#11137,#2495);
#1828=LINE('',#11139,#2496);
#1829=LINE('',#11140,#2497);
#1830=LINE('',#11143,#2498);
#1831=LINE('',#11145,#2499);
#1832=LINE('',#11147,#2500);
#1833=LINE('',#11148,#2501);
#1834=LINE('',#11151,#2502);
#1835=LINE('',#11153,#2503);
#1836=LINE('',#11155,#2504);
#1837=LINE('',#11156,#2505);
#1838=LINE('',#11159,#2506);
#1839=LINE('',#11161,#2507);
#1840=LINE('',#11163,#2508);
#1841=LINE('',#11164,#2509);
#1842=LINE('',#11167,#2510);
#1843=LINE('',#11169,#2511);
#1844=LINE('',#11171,#2512);
#1845=LINE('',#11172,#2513);
#1846=LINE('',#11175,#2514);
#1847=LINE('',#11177,#2515);
#1848=LINE('',#11179,#2516);
#1849=LINE('',#11180,#2517);
#1850=LINE('',#11183,#2518);
#1851=LINE('',#11185,#2519);
#1852=LINE('',#11187,#2520);
#1853=LINE('',#11188,#2521);
#1854=LINE('',#11191,#2522);
#1855=LINE('',#11193,#2523);
#1856=LINE('',#11195,#2524);
#1857=LINE('',#11196,#2525);
#1858=LINE('',#11199,#2526);
#1859=LINE('',#11201,#2527);
#1860=LINE('',#11203,#2528);
#1861=LINE('',#11204,#2529);
#1862=LINE('',#11207,#2530);
#1863=LINE('',#11209,#2531);
#1864=LINE('',#11211,#2532);
#1865=LINE('',#11212,#2533);
#1866=LINE('',#11215,#2534);
#1867=LINE('',#11217,#2535);
#1868=LINE('',#11219,#2536);
#1869=LINE('',#11220,#2537);
#1870=LINE('',#11223,#2538);
#1871=LINE('',#11225,#2539);
#1872=LINE('',#11227,#2540);
#1873=LINE('',#11228,#2541);
#1874=LINE('',#11231,#2542);
#1875=LINE('',#11233,#2543);
#1876=LINE('',#11235,#2544);
#1877=LINE('',#11236,#2545);
#1878=LINE('',#11239,#2546);
#1879=LINE('',#11241,#2547);
#1880=LINE('',#11243,#2548);
#1881=LINE('',#11244,#2549);
#1882=LINE('',#11247,#2550);
#1883=LINE('',#11249,#2551);
#1884=LINE('',#11251,#2552);
#1885=LINE('',#11252,#2553);
#1886=LINE('',#11255,#2554);
#1887=LINE('',#11257,#2555);
#1888=LINE('',#11259,#2556);
#1889=LINE('',#11260,#2557);
#1890=LINE('',#11263,#2558);
#1891=LINE('',#11265,#2559);
#1892=LINE('',#11267,#2560);
#1893=LINE('',#11268,#2561);
#1894=LINE('',#11271,#2562);
#1895=LINE('',#11273,#2563);
#1896=LINE('',#11275,#2564);
#1897=LINE('',#11276,#2565);
#1898=LINE('',#11280,#2566);
#1899=LINE('',#11284,#2567);
#1900=LINE('',#11288,#2568);
#1901=LINE('',#11292,#2569);
#1902=LINE('',#11295,#2570);
#1903=LINE('',#11296,#2571);
#1904=LINE('',#11298,#2572);
#1905=LINE('',#11300,#2573);
#1906=LINE('',#11302,#2574);
#1907=LINE('',#11304,#2575);
#1908=LINE('',#11306,#2576);
#1909=LINE('',#11308,#2577);
#1910=LINE('',#11314,#2578);
#1911=LINE('',#11316,#2579);
#1912=LINE('',#11317,#2580);
#1913=LINE('',#11320,#2581);
#1914=LINE('',#11321,#2582);
#1915=LINE('',#11324,#2583);
#1916=LINE('',#11325,#2584);
#1917=LINE('',#11327,#2585);
#1918=LINE('',#11331,#2586);
#1919=LINE('',#11333,#2587);
#1920=LINE('',#11334,#2588);
#1921=LINE('',#11337,#2589);
#1922=LINE('',#11338,#2590);
#1923=LINE('',#11341,#2591);
#1924=LINE('',#11342,#2592);
#1925=LINE('',#11344,#2593);
#1926=LINE('',#11348,#2594);
#1927=LINE('',#11350,#2595);
#1928=LINE('',#11351,#2596);
#1929=LINE('',#11354,#2597);
#1930=LINE('',#11355,#2598);
#1931=LINE('',#11358,#2599);
#1932=LINE('',#11359,#2600);
#1933=LINE('',#11361,#2601);
#1934=LINE('',#11365,#2602);
#1935=LINE('',#11367,#2603);
#1936=LINE('',#11368,#2604);
#1937=LINE('',#11371,#2605);
#1938=LINE('',#11372,#2606);
#1939=LINE('',#11375,#2607);
#1940=LINE('',#11376,#2608);
#1941=LINE('',#11378,#2609);
#1942=LINE('',#11382,#2610);
#1943=LINE('',#11384,#2611);
#1944=LINE('',#11385,#2612);
#1945=LINE('',#11388,#2613);
#1946=LINE('',#11389,#2614);
#1947=LINE('',#11392,#2615);
#1948=LINE('',#11393,#2616);
#1949=LINE('',#11395,#2617);
#1950=LINE('',#11399,#2618);
#1951=LINE('',#11401,#2619);
#1952=LINE('',#11402,#2620);
#1953=LINE('',#11405,#2621);
#1954=LINE('',#11406,#2622);
#1955=LINE('',#11409,#2623);
#1956=LINE('',#11410,#2624);
#1957=LINE('',#11412,#2625);
#1958=LINE('',#11416,#2626);
#1959=LINE('',#11418,#2627);
#1960=LINE('',#11419,#2628);
#1961=LINE('',#11422,#2629);
#1962=LINE('',#11423,#2630);
#1963=LINE('',#11426,#2631);
#1964=LINE('',#11427,#2632);
#1965=LINE('',#11429,#2633);
#1966=LINE('',#11433,#2634);
#1967=LINE('',#11435,#2635);
#1968=LINE('',#11436,#2636);
#1969=LINE('',#11439,#2637);
#1970=LINE('',#11440,#2638);
#1971=LINE('',#11443,#2639);
#1972=LINE('',#11444,#2640);
#1973=LINE('',#11446,#2641);
#1974=LINE('',#11450,#2642);
#1975=LINE('',#11452,#2643);
#1976=LINE('',#11453,#2644);
#1977=LINE('',#11456,#2645);
#1978=LINE('',#11457,#2646);
#1979=LINE('',#11460,#2647);
#1980=LINE('',#11461,#2648);
#1981=LINE('',#11463,#2649);
#1982=LINE('',#11467,#2650);
#1983=LINE('',#11469,#2651);
#1984=LINE('',#11470,#2652);
#1985=LINE('',#11473,#2653);
#1986=LINE('',#11474,#2654);
#1987=LINE('',#11477,#2655);
#1988=LINE('',#11478,#2656);
#1989=LINE('',#11480,#2657);
#1990=LINE('',#11484,#2658);
#1991=LINE('',#11486,#2659);
#1992=LINE('',#11487,#2660);
#1993=LINE('',#11490,#2661);
#1994=LINE('',#11491,#2662);
#1995=LINE('',#11494,#2663);
#1996=LINE('',#11495,#2664);
#1997=LINE('',#11497,#2665);
#1998=LINE('',#11501,#2666);
#1999=LINE('',#11503,#2667);
#2000=LINE('',#11504,#2668);
#2001=LINE('',#11507,#2669);
#2002=LINE('',#11508,#2670);
#2003=LINE('',#11511,#2671);
#2004=LINE('',#11512,#2672);
#2005=LINE('',#11514,#2673);
#2006=LINE('',#11518,#2674);
#2007=LINE('',#11520,#2675);
#2008=LINE('',#11521,#2676);
#2009=LINE('',#11524,#2677);
#2010=LINE('',#11525,#2678);
#2011=LINE('',#11528,#2679);
#2012=LINE('',#11529,#2680);
#2013=LINE('',#11531,#2681);
#2014=LINE('',#11535,#2682);
#2015=LINE('',#11537,#2683);
#2016=LINE('',#11538,#2684);
#2017=LINE('',#11541,#2685);
#2018=LINE('',#11542,#2686);
#2019=LINE('',#11545,#2687);
#2020=LINE('',#11546,#2688);
#2021=LINE('',#11548,#2689);
#2022=LINE('',#11552,#2690);
#2023=LINE('',#11554,#2691);
#2024=LINE('',#11555,#2692);
#2025=LINE('',#11558,#2693);
#2026=LINE('',#11559,#2694);
#2027=LINE('',#11562,#2695);
#2028=LINE('',#11563,#2696);
#2029=LINE('',#11565,#2697);
#2030=LINE('',#11569,#2698);
#2031=LINE('',#11571,#2699);
#2032=LINE('',#11572,#2700);
#2033=LINE('',#11575,#2701);
#2034=LINE('',#11576,#2702);
#2035=LINE('',#11579,#2703);
#2036=LINE('',#11580,#2704);
#2037=LINE('',#11582,#2705);
#2038=LINE('',#11586,#2706);
#2039=LINE('',#11588,#2707);
#2040=LINE('',#11589,#2708);
#2041=LINE('',#11592,#2709);
#2042=LINE('',#11593,#2710);
#2043=LINE('',#11596,#2711);
#2044=LINE('',#11597,#2712);
#2045=LINE('',#11599,#2713);
#2046=LINE('',#11603,#2714);
#2047=LINE('',#11605,#2715);
#2048=LINE('',#11606,#2716);
#2049=LINE('',#11609,#2717);
#2050=LINE('',#11610,#2718);
#2051=LINE('',#11613,#2719);
#2052=LINE('',#11614,#2720);
#2053=LINE('',#11616,#2721);
#2054=LINE('',#11620,#2722);
#2055=LINE('',#11622,#2723);
#2056=LINE('',#11623,#2724);
#2057=LINE('',#11626,#2725);
#2058=LINE('',#11627,#2726);
#2059=LINE('',#11630,#2727);
#2060=LINE('',#11631,#2728);
#2061=LINE('',#11633,#2729);
#2062=LINE('',#11637,#2730);
#2063=LINE('',#11639,#2731);
#2064=LINE('',#11640,#2732);
#2065=LINE('',#11643,#2733);
#2066=LINE('',#11644,#2734);
#2067=LINE('',#11647,#2735);
#2068=LINE('',#11648,#2736);
#2069=LINE('',#11650,#2737);
#2070=LINE('',#11654,#2738);
#2071=LINE('',#11656,#2739);
#2072=LINE('',#11657,#2740);
#2073=LINE('',#11660,#2741);
#2074=LINE('',#11661,#2742);
#2075=LINE('',#11664,#2743);
#2076=LINE('',#11665,#2744);
#2077=LINE('',#11667,#2745);
#2078=LINE('',#11671,#2746);
#2079=LINE('',#11673,#2747);
#2080=LINE('',#11674,#2748);
#2081=LINE('',#11677,#2749);
#2082=LINE('',#11678,#2750);
#2083=LINE('',#11681,#2751);
#2084=LINE('',#11682,#2752);
#2085=LINE('',#11684,#2753);
#2086=LINE('',#11715,#2754);
#2087=LINE('',#11717,#2755);
#2088=LINE('',#11718,#2756);
#2089=LINE('',#11721,#2757);
#2090=LINE('',#11722,#2758);
#2091=LINE('',#11725,#2759);
#2092=LINE('',#11726,#2760);
#2093=LINE('',#11728,#2761);
#2094=LINE('',#11732,#2762);
#2095=LINE('',#11734,#2763);
#2096=LINE('',#11735,#2764);
#2097=LINE('',#11738,#2765);
#2098=LINE('',#11739,#2766);
#2099=LINE('',#11742,#2767);
#2100=LINE('',#11743,#2768);
#2101=LINE('',#11745,#2769);
#2102=LINE('',#11749,#2770);
#2103=LINE('',#11751,#2771);
#2104=LINE('',#11752,#2772);
#2105=LINE('',#11755,#2773);
#2106=LINE('',#11756,#2774);
#2107=LINE('',#11759,#2775);
#2108=LINE('',#11760,#2776);
#2109=LINE('',#11762,#2777);
#2110=LINE('',#11766,#2778);
#2111=LINE('',#11768,#2779);
#2112=LINE('',#11769,#2780);
#2113=LINE('',#11772,#2781);
#2114=LINE('',#11773,#2782);
#2115=LINE('',#11776,#2783);
#2116=LINE('',#11777,#2784);
#2117=LINE('',#11779,#2785);
#2118=LINE('',#11784,#2786);
#2119=LINE('',#11786,#2787);
#2120=LINE('',#11787,#2788);
#2121=LINE('',#11790,#2789);
#2122=LINE('',#11791,#2790);
#2123=LINE('',#11794,#2791);
#2124=LINE('',#11795,#2792);
#2125=LINE('',#11797,#2793);
#2126=LINE('',#11801,#2794);
#2127=LINE('',#11803,#2795);
#2128=LINE('',#11804,#2796);
#2129=LINE('',#11807,#2797);
#2130=LINE('',#11808,#2798);
#2131=LINE('',#11811,#2799);
#2132=LINE('',#11812,#2800);
#2133=LINE('',#11814,#2801);
#2134=LINE('',#11818,#2802);
#2135=LINE('',#11820,#2803);
#2136=LINE('',#11821,#2804);
#2137=LINE('',#11824,#2805);
#2138=LINE('',#11825,#2806);
#2139=LINE('',#11828,#2807);
#2140=LINE('',#11829,#2808);
#2141=LINE('',#11831,#2809);
#2142=LINE('',#11835,#2810);
#2143=LINE('',#11837,#2811);
#2144=LINE('',#11838,#2812);
#2145=LINE('',#11841,#2813);
#2146=LINE('',#11842,#2814);
#2147=LINE('',#11845,#2815);
#2148=LINE('',#11846,#2816);
#2149=LINE('',#11848,#2817);
#2150=LINE('',#11852,#2818);
#2151=LINE('',#11854,#2819);
#2152=LINE('',#11855,#2820);
#2153=LINE('',#11858,#2821);
#2154=LINE('',#11859,#2822);
#2155=LINE('',#11862,#2823);
#2156=LINE('',#11863,#2824);
#2157=LINE('',#11865,#2825);
#2158=LINE('',#11869,#2826);
#2159=LINE('',#11871,#2827);
#2160=LINE('',#11872,#2828);
#2161=LINE('',#11875,#2829);
#2162=LINE('',#11876,#2830);
#2163=LINE('',#11879,#2831);
#2164=LINE('',#11880,#2832);
#2165=LINE('',#11882,#2833);
#2166=LINE('',#11886,#2834);
#2167=LINE('',#11888,#2835);
#2168=LINE('',#11889,#2836);
#2169=LINE('',#11892,#2837);
#2170=LINE('',#11893,#2838);
#2171=LINE('',#11896,#2839);
#2172=LINE('',#11897,#2840);
#2173=LINE('',#11899,#2841);
#2174=LINE('',#11903,#2842);
#2175=LINE('',#11905,#2843);
#2176=LINE('',#11906,#2844);
#2177=LINE('',#11909,#2845);
#2178=LINE('',#11910,#2846);
#2179=LINE('',#11913,#2847);
#2180=LINE('',#11914,#2848);
#2181=LINE('',#11916,#2849);
#2182=LINE('',#11920,#2850);
#2183=LINE('',#11922,#2851);
#2184=LINE('',#11923,#2852);
#2185=LINE('',#11926,#2853);
#2186=LINE('',#11927,#2854);
#2187=LINE('',#11930,#2855);
#2188=LINE('',#11931,#2856);
#2189=LINE('',#11933,#2857);
#2190=LINE('',#11949,#2858);
#2191=LINE('',#11951,#2859);
#2192=LINE('',#11952,#2860);
#2193=LINE('',#11955,#2861);
#2194=LINE('',#11956,#2862);
#2195=LINE('',#11959,#2863);
#2196=LINE('',#11960,#2864);
#2197=LINE('',#11962,#2865);
#2198=LINE('',#11966,#2866);
#2199=LINE('',#11968,#2867);
#2200=LINE('',#11969,#2868);
#2201=LINE('',#11972,#2869);
#2202=LINE('',#11973,#2870);
#2203=LINE('',#11976,#2871);
#2204=LINE('',#11977,#2872);
#2205=LINE('',#11979,#2873);
#2206=LINE('',#11983,#2874);
#2207=LINE('',#11985,#2875);
#2208=LINE('',#11986,#2876);
#2209=LINE('',#11989,#2877);
#2210=LINE('',#11990,#2878);
#2211=LINE('',#11993,#2879);
#2212=LINE('',#11994,#2880);
#2213=LINE('',#11996,#2881);
#2214=LINE('',#12019,#2882);
#2215=LINE('',#12021,#2883);
#2216=LINE('',#12022,#2884);
#2217=LINE('',#12025,#2885);
#2218=LINE('',#12026,#2886);
#2219=LINE('',#12029,#2887);
#2220=LINE('',#12030,#2888);
#2221=LINE('',#12032,#2889);
#2222=LINE('',#12036,#2890);
#2223=LINE('',#12038,#2891);
#2224=LINE('',#12039,#2892);
#2225=LINE('',#12042,#2893);
#2226=LINE('',#12043,#2894);
#2227=LINE('',#12046,#2895);
#2228=LINE('',#12047,#2896);
#2229=LINE('',#12049,#2897);
#2230=LINE('',#12053,#2898);
#2231=LINE('',#12055,#2899);
#2232=LINE('',#12056,#2900);
#2233=LINE('',#12059,#2901);
#2234=LINE('',#12060,#2902);
#2235=LINE('',#12063,#2903);
#2236=LINE('',#12064,#2904);
#2237=LINE('',#12066,#2905);
#2238=LINE('',#12070,#2906);
#2239=LINE('',#12072,#2907);
#2240=LINE('',#12073,#2908);
#2241=LINE('',#12076,#2909);
#2242=LINE('',#12077,#2910);
#2243=LINE('',#12080,#2911);
#2244=LINE('',#12081,#2912);
#2245=LINE('',#12083,#2913);
#2246=LINE('',#12087,#2914);
#2247=LINE('',#12089,#2915);
#2248=LINE('',#12090,#2916);
#2249=LINE('',#12093,#2917);
#2250=LINE('',#12094,#2918);
#2251=LINE('',#12097,#2919);
#2252=LINE('',#12098,#2920);
#2253=LINE('',#12100,#2921);
#2254=LINE('',#12104,#2922);
#2255=LINE('',#12106,#2923);
#2256=LINE('',#12107,#2924);
#2257=LINE('',#12110,#2925);
#2258=LINE('',#12111,#2926);
#2259=LINE('',#12114,#2927);
#2260=LINE('',#12115,#2928);
#2261=LINE('',#12117,#2929);
#2262=VECTOR('',#8155,1.75);
#2263=VECTOR('',#8162,3.);
#2264=VECTOR('',#8169,0.717732082933221);
#2265=VECTOR('',#8176,0.717732082933221);
#2266=VECTOR('',#8183,0.717732082933221);
#2267=VECTOR('',#8190,0.717732082933218);
#2268=VECTOR('',#8197,0.800000000000002);
#2269=VECTOR('',#8204,0.799999999999999);
#2270=VECTOR('',#8211,0.717732082933221);
#2271=VECTOR('',#8218,0.717732082933221);
#2272=VECTOR('',#8225,0.717732082933221);
#2273=VECTOR('',#8232,0.717732082933218);
#2274=VECTOR('',#8239,0.717732082933221);
#2275=VECTOR('',#8246,0.717732082933221);
#2276=VECTOR('',#8253,0.717732082933221);
#2277=VECTOR('',#8260,0.717732082933221);
#2278=VECTOR('',#8267,0.717732082933221);
#2279=VECTOR('',#8274,0.717732082933221);
#2280=VECTOR('',#8281,0.717732082933225);
#2281=VECTOR('',#8288,0.717732082933225);
#2282=VECTOR('',#8295,0.717732082933221);
#2283=VECTOR('',#8302,0.717732082933221);
#2284=VECTOR('',#8309,0.717732082933221);
#2285=VECTOR('',#8316,0.717732082933221);
#2286=VECTOR('',#8323,0.717732082933221);
#2287=VECTOR('',#8330,0.717732082933221);
#2288=VECTOR('',#8337,0.717732082933221);
#2289=VECTOR('',#8344,0.717732082933221);
#2290=VECTOR('',#8351,0.717732082933221);
#2291=VECTOR('',#8358,0.717732082933221);
#2292=VECTOR('',#8365,0.717732082933221);
#2293=VECTOR('',#8372,0.717732082933228);
#2294=VECTOR('',#8379,3.00000000000001);
#2295=VECTOR('',#8386,1.75);
#2296=VECTOR('',#8393,1.75);
#2297=VECTOR('',#8400,0.717732082933221);
#2298=VECTOR('',#8407,0.717732082933221);
#2299=VECTOR('',#8414,0.717732082933221);
#2300=VECTOR('',#8421,0.717732082933225);
#2301=VECTOR('',#8428,0.717732082933221);
#2302=VECTOR('',#8435,0.717732082933221);
#2303=VECTOR('',#8442,0.717732082933221);
#2304=VECTOR('',#8449,0.717732082933221);
#2305=VECTOR('',#8456,0.717732082933221);
#2306=VECTOR('',#8463,0.717732082933221);
#2307=VECTOR('',#8470,0.717732082933225);
#2308=VECTOR('',#8477,0.717732082933221);
#2309=VECTOR('',#8484,3.00000000000001);
#2310=VECTOR('',#8491,0.717732082933221);
#2311=VECTOR('',#8498,0.717732082933221);
#2312=VECTOR('',#8505,0.717732082933221);
#2313=VECTOR('',#8512,0.717732082933221);
#2314=VECTOR('',#8519,0.717732082933221);
#2315=VECTOR('',#8526,0.717732082933221);
#2316=VECTOR('',#8533,0.717732082933221);
#2317=VECTOR('',#8540,0.717732082933221);
#2318=VECTOR('',#8547,0.717732082933221);
#2319=VECTOR('',#8554,0.717732082933228);
#2320=VECTOR('',#8561,0.717732082933221);
#2321=VECTOR('',#8568,0.717732082933221);
#2322=VECTOR('',#8575,3.);
#2323=VECTOR('',#8582,1.75);
#2324=VECTOR('',#8589,0.425000000000002);
#2325=VECTOR('',#8596,0.425000000000002);
#2326=VECTOR('',#8603,0.425000000000002);
#2327=VECTOR('',#8610,0.424999999999995);
#2328=VECTOR('',#8617,0.399999999999998);
#2329=VECTOR('',#8624,0.399999999999998);
#2330=VECTOR('',#8631,0.999999999999998);
#2331=VECTOR('',#8638,0.424999999999998);
#2332=VECTOR('',#8645,0.424999999999998);
#2333=VECTOR('',#8652,0.424999999999998);
#2334=VECTOR('',#8659,0.425000000000005);
#2335=VECTOR('',#8666,0.424999999999998);
#2336=VECTOR('',#8673,0.425000000000005);
#2337=VECTOR('',#8680,0.424999999999998);
#2338=VECTOR('',#8687,0.424999999999998);
#2339=VECTOR('',#8694,0.425000000000005);
#2340=VECTOR('',#8701,0.425000000000005);
#2341=VECTOR('',#8708,0.425000000000002);
#2342=VECTOR('',#8715,0.425000000000002);
#2343=VECTOR('',#8722,0.425000000000002);
#2344=VECTOR('',#8729,0.425000000000002);
#2345=VECTOR('',#8736,0.425000000000002);
#2346=VECTOR('',#8743,0.425000000000002);
#2347=VECTOR('',#8750,0.425000000000002);
#2348=VECTOR('',#8757,0.424999999999998);
#2349=VECTOR('',#8764,0.424999999999998);
#2350=VECTOR('',#8771,0.424999999999998);
#2351=VECTOR('',#8778,0.425000000000002);
#2352=VECTOR('',#8785,0.425000000000002);
#2353=VECTOR('',#8792,0.424999999999998);
#2354=VECTOR('',#8799,0.424999999999995);
#2355=VECTOR('',#8806,1.6);
#2356=VECTOR('',#8813,1.6);
#2357=VECTOR('',#8820,0.999999999999999);
#2358=VECTOR('',#8827,0.999999999999998);
#2359=VECTOR('',#8834,0.425000000000002);
#2360=VECTOR('',#8841,0.424999999999998);
#2361=VECTOR('',#8848,0.424999999999998);
#2362=VECTOR('',#8855,0.425000000000002);
#2363=VECTOR('',#8862,0.424999999999998);
#2364=VECTOR('',#8869,0.424999999999998);
#2365=VECTOR('',#8876,1.6);
#2366=VECTOR('',#8883,0.425000000000002);
#2367=VECTOR('',#8890,0.424999999999998);
#2368=VECTOR('',#8897,0.424999999999998);
#2369=VECTOR('',#8904,0.425000000000002);
#2370=VECTOR('',#8911,0.425000000000002);
#2371=VECTOR('',#8918,0.425000000000005);
#2372=VECTOR('',#8925,0.425000000000002);
#2373=VECTOR('',#8932,0.425000000000002);
#2374=VECTOR('',#8939,0.425000000000002);
#2375=VECTOR('',#8946,0.425000000000002);
#2376=VECTOR('',#8953,0.425000000000002);
#2377=VECTOR('',#8960,0.425000000000002);
#2378=VECTOR('',#8967,0.425000000000002);
#2379=VECTOR('',#8974,0.424999999999998);
#2380=VECTOR('',#8981,0.424999999999998);
#2381=VECTOR('',#8988,0.424999999999995);
#2382=VECTOR('',#8995,0.424999999999998);
#2383=VECTOR('',#9002,0.425000000000002);
#2384=VECTOR('',#9009,0.999999999999999);
#2385=VECTOR('',#9016,1.6);
#2386=VECTOR('',#9021,1000.);
#2387=VECTOR('',#9024,1000.);
#2388=VECTOR('',#9027,1000.);
#2389=VECTOR('',#9030,1000.);
#2390=VECTOR('',#9033,1000.);
#2391=VECTOR('',#9034,1000.);
#2392=VECTOR('',#9035,1000.);
#2393=VECTOR('',#9036,1000.);
#2394=VECTOR('',#9037,1000.);
#2395=VECTOR('',#9038,1000.);
#2396=VECTOR('',#9039,1000.);
#2397=VECTOR('',#9040,1000.);
#2398=VECTOR('',#9041,1000.);
#2399=VECTOR('',#9042,1000.);
#2400=VECTOR('',#9043,1000.);
#2401=VECTOR('',#9044,1000.);
#2402=VECTOR('',#9045,1000.);
#2403=VECTOR('',#9046,1000.);
#2404=VECTOR('',#9047,1000.);
#2405=VECTOR('',#9048,1000.);
#2406=VECTOR('',#9049,1000.);
#2407=VECTOR('',#9050,1000.);
#2408=VECTOR('',#9051,1000.);
#2409=VECTOR('',#9052,1000.);
#2410=VECTOR('',#9053,1000.);
#2411=VECTOR('',#9054,1000.);
#2412=VECTOR('',#9055,1000.);
#2413=VECTOR('',#9056,1000.);
#2414=VECTOR('',#9057,1000.);
#2415=VECTOR('',#9058,1000.);
#2416=VECTOR('',#9059,1000.);
#2417=VECTOR('',#9060,1000.);
#2418=VECTOR('',#9061,1000.);
#2419=VECTOR('',#9062,1000.);
#2420=VECTOR('',#9063,1000.);
#2421=VECTOR('',#9064,1000.);
#2422=VECTOR('',#9065,1000.);
#2423=VECTOR('',#9066,1000.);
#2424=VECTOR('',#9067,1000.);
#2425=VECTOR('',#9068,1000.);
#2426=VECTOR('',#9069,1000.);
#2427=VECTOR('',#9070,1000.);
#2428=VECTOR('',#9071,1000.);
#2429=VECTOR('',#9072,1000.);
#2430=VECTOR('',#9073,1000.);
#2431=VECTOR('',#9074,1000.);
#2432=VECTOR('',#9075,1000.);
#2433=VECTOR('',#9076,1000.);
#2434=VECTOR('',#9077,1000.);
#2435=VECTOR('',#9078,1000.);
#2436=VECTOR('',#9079,1000.);
#2437=VECTOR('',#9080,1000.);
#2438=VECTOR('',#9081,1000.);
#2439=VECTOR('',#9082,1000.);
#2440=VECTOR('',#9083,1000.);
#2441=VECTOR('',#9084,1000.);
#2442=VECTOR('',#9085,1000.);
#2443=VECTOR('',#9086,1000.);
#2444=VECTOR('',#9087,1000.);
#2445=VECTOR('',#9088,1000.);
#2446=VECTOR('',#9089,1000.);
#2447=VECTOR('',#9090,1000.);
#2448=VECTOR('',#9091,1000.);
#2449=VECTOR('',#9092,1000.);
#2450=VECTOR('',#9093,1000.);
#2451=VECTOR('',#9094,1000.);
#2452=VECTOR('',#9095,1000.);
#2453=VECTOR('',#9096,1000.);
#2454=VECTOR('',#9097,1000.);
#2455=VECTOR('',#9098,1000.);
#2456=VECTOR('',#9099,1000.);
#2457=VECTOR('',#9100,1000.);
#2458=VECTOR('',#9101,1000.);
#2459=VECTOR('',#9102,1000.);
#2460=VECTOR('',#9103,1000.);
#2461=VECTOR('',#9104,1000.);
#2462=VECTOR('',#9105,1000.);
#2463=VECTOR('',#9106,1000.);
#2464=VECTOR('',#9107,1000.);
#2465=VECTOR('',#9108,1000.);
#2466=VECTOR('',#9109,1000.);
#2467=VECTOR('',#9110,1000.);
#2468=VECTOR('',#9111,1000.);
#2469=VECTOR('',#9112,1000.);
#2470=VECTOR('',#9113,1000.);
#2471=VECTOR('',#9114,1000.);
#2472=VECTOR('',#9115,1000.);
#2473=VECTOR('',#9116,1000.);
#2474=VECTOR('',#9117,1000.);
#2475=VECTOR('',#9118,1000.);
#2476=VECTOR('',#9119,1000.);
#2477=VECTOR('',#9120,1000.);
#2478=VECTOR('',#9121,1000.);
#2479=VECTOR('',#9122,1000.);
#2480=VECTOR('',#9123,1000.);
#2481=VECTOR('',#9124,1000.);
#2482=VECTOR('',#9125,1000.);
#2483=VECTOR('',#9126,1000.);
#2484=VECTOR('',#9127,1000.);
#2485=VECTOR('',#9128,1000.);
#2486=VECTOR('',#9129,1000.);
#2487=VECTOR('',#9130,1000.);
#2488=VECTOR('',#9131,1000.);
#2489=VECTOR('',#9132,1000.);
#2490=VECTOR('',#9133,1000.);
#2491=VECTOR('',#9134,1000.);
#2492=VECTOR('',#9135,1000.);
#2493=VECTOR('',#9136,1000.);
#2494=VECTOR('',#9137,1000.);
#2495=VECTOR('',#9138,1000.);
#2496=VECTOR('',#9139,1000.);
#2497=VECTOR('',#9140,1000.);
#2498=VECTOR('',#9141,1000.);
#2499=VECTOR('',#9142,1000.);
#2500=VECTOR('',#9143,1000.);
#2501=VECTOR('',#9144,1000.);
#2502=VECTOR('',#9145,1000.);
#2503=VECTOR('',#9146,1000.);
#2504=VECTOR('',#9147,1000.);
#2505=VECTOR('',#9148,1000.);
#2506=VECTOR('',#9149,1000.);
#2507=VECTOR('',#9150,1000.);
#2508=VECTOR('',#9151,1000.);
#2509=VECTOR('',#9152,1000.);
#2510=VECTOR('',#9153,1000.);
#2511=VECTOR('',#9154,1000.);
#2512=VECTOR('',#9155,1000.);
#2513=VECTOR('',#9156,1000.);
#2514=VECTOR('',#9157,1000.);
#2515=VECTOR('',#9158,1000.);
#2516=VECTOR('',#9159,1000.);
#2517=VECTOR('',#9160,1000.);
#2518=VECTOR('',#9161,1000.);
#2519=VECTOR('',#9162,1000.);
#2520=VECTOR('',#9163,1000.);
#2521=VECTOR('',#9164,1000.);
#2522=VECTOR('',#9165,1000.);
#2523=VECTOR('',#9166,1000.);
#2524=VECTOR('',#9167,1000.);
#2525=VECTOR('',#9168,1000.);
#2526=VECTOR('',#9169,1000.);
#2527=VECTOR('',#9170,1000.);
#2528=VECTOR('',#9171,1000.);
#2529=VECTOR('',#9172,1000.);
#2530=VECTOR('',#9173,1000.);
#2531=VECTOR('',#9174,1000.);
#2532=VECTOR('',#9175,1000.);
#2533=VECTOR('',#9176,1000.);
#2534=VECTOR('',#9177,1000.);
#2535=VECTOR('',#9178,1000.);
#2536=VECTOR('',#9179,1000.);
#2537=VECTOR('',#9180,1000.);
#2538=VECTOR('',#9181,1000.);
#2539=VECTOR('',#9182,1000.);
#2540=VECTOR('',#9183,1000.);
#2541=VECTOR('',#9184,1000.);
#2542=VECTOR('',#9185,1000.);
#2543=VECTOR('',#9186,1000.);
#2544=VECTOR('',#9187,1000.);
#2545=VECTOR('',#9188,1000.);
#2546=VECTOR('',#9189,1000.);
#2547=VECTOR('',#9190,1000.);
#2548=VECTOR('',#9191,1000.);
#2549=VECTOR('',#9192,1000.);
#2550=VECTOR('',#9193,1000.);
#2551=VECTOR('',#9194,1000.);
#2552=VECTOR('',#9195,1000.);
#2553=VECTOR('',#9196,1000.);
#2554=VECTOR('',#9197,1000.);
#2555=VECTOR('',#9198,1000.);
#2556=VECTOR('',#9199,1000.);
#2557=VECTOR('',#9200,1000.);
#2558=VECTOR('',#9201,1000.);
#2559=VECTOR('',#9202,1000.);
#2560=VECTOR('',#9203,1000.);
#2561=VECTOR('',#9204,1000.);
#2562=VECTOR('',#9205,1000.);
#2563=VECTOR('',#9206,1000.);
#2564=VECTOR('',#9207,1000.);
#2565=VECTOR('',#9208,1000.);
#2566=VECTOR('',#9211,1000.);
#2567=VECTOR('',#9214,1000.);
#2568=VECTOR('',#9217,1000.);
#2569=VECTOR('',#9220,1000.);
#2570=VECTOR('',#9225,1000.);
#2571=VECTOR('',#9226,1000.);
#2572=VECTOR('',#9229,1000.);
#2573=VECTOR('',#9232,1000.);
#2574=VECTOR('',#9235,1000.);
#2575=VECTOR('',#9238,1000.);
#2576=VECTOR('',#9241,1000.);
#2577=VECTOR('',#9244,1000.);
#2578=VECTOR('',#9253,1000.);
#2579=VECTOR('',#9254,1000.);
#2580=VECTOR('',#9255,1000.);
#2581=VECTOR('',#9258,1000.);
#2582=VECTOR('',#9259,1000.);
#2583=VECTOR('',#9262,1000.);
#2584=VECTOR('',#9263,1000.);
#2585=VECTOR('',#9266,1000.);
#2586=VECTOR('',#9271,1000.);
#2587=VECTOR('',#9272,1000.);
#2588=VECTOR('',#9273,1000.);
#2589=VECTOR('',#9276,1000.);
#2590=VECTOR('',#9277,1000.);
#2591=VECTOR('',#9280,1000.);
#2592=VECTOR('',#9281,1000.);
#2593=VECTOR('',#9284,1000.);
#2594=VECTOR('',#9289,1000.);
#2595=VECTOR('',#9290,1000.);
#2596=VECTOR('',#9291,1000.);
#2597=VECTOR('',#9294,1000.);
#2598=VECTOR('',#9295,1000.);
#2599=VECTOR('',#9298,1000.);
#2600=VECTOR('',#9299,1000.);
#2601=VECTOR('',#9302,1000.);
#2602=VECTOR('',#9307,1000.);
#2603=VECTOR('',#9308,1000.);
#2604=VECTOR('',#9309,1000.);
#2605=VECTOR('',#9312,1000.);
#2606=VECTOR('',#9313,1000.);
#2607=VECTOR('',#9316,1000.);
#2608=VECTOR('',#9317,1000.);
#2609=VECTOR('',#9320,1000.);
#2610=VECTOR('',#9325,1000.);
#2611=VECTOR('',#9326,1000.);
#2612=VECTOR('',#9327,1000.);
#2613=VECTOR('',#9330,1000.);
#2614=VECTOR('',#9331,1000.);
#2615=VECTOR('',#9334,1000.);
#2616=VECTOR('',#9335,1000.);
#2617=VECTOR('',#9338,1000.);
#2618=VECTOR('',#9343,1000.);
#2619=VECTOR('',#9344,1000.);
#2620=VECTOR('',#9345,1000.);
#2621=VECTOR('',#9348,1000.);
#2622=VECTOR('',#9349,1000.);
#2623=VECTOR('',#9352,1000.);
#2624=VECTOR('',#9353,1000.);
#2625=VECTOR('',#9356,1000.);
#2626=VECTOR('',#9361,1000.);
#2627=VECTOR('',#9362,1000.);
#2628=VECTOR('',#9363,1000.);
#2629=VECTOR('',#9366,1000.);
#2630=VECTOR('',#9367,1000.);
#2631=VECTOR('',#9370,1000.);
#2632=VECTOR('',#9371,1000.);
#2633=VECTOR('',#9374,1000.);
#2634=VECTOR('',#9379,1000.);
#2635=VECTOR('',#9380,1000.);
#2636=VECTOR('',#9381,1000.);
#2637=VECTOR('',#9384,1000.);
#2638=VECTOR('',#9385,1000.);
#2639=VECTOR('',#9388,1000.);
#2640=VECTOR('',#9389,1000.);
#2641=VECTOR('',#9392,1000.);
#2642=VECTOR('',#9397,1000.);
#2643=VECTOR('',#9398,1000.);
#2644=VECTOR('',#9399,1000.);
#2645=VECTOR('',#9402,1000.);
#2646=VECTOR('',#9403,1000.);
#2647=VECTOR('',#9406,1000.);
#2648=VECTOR('',#9407,1000.);
#2649=VECTOR('',#9410,1000.);
#2650=VECTOR('',#9415,1000.);
#2651=VECTOR('',#9416,1000.);
#2652=VECTOR('',#9417,1000.);
#2653=VECTOR('',#9420,1000.);
#2654=VECTOR('',#9421,1000.);
#2655=VECTOR('',#9424,1000.);
#2656=VECTOR('',#9425,1000.);
#2657=VECTOR('',#9428,1000.);
#2658=VECTOR('',#9433,1000.);
#2659=VECTOR('',#9434,1000.);
#2660=VECTOR('',#9435,1000.);
#2661=VECTOR('',#9438,1000.);
#2662=VECTOR('',#9439,1000.);
#2663=VECTOR('',#9442,1000.);
#2664=VECTOR('',#9443,1000.);
#2665=VECTOR('',#9446,1000.);
#2666=VECTOR('',#9451,1000.);
#2667=VECTOR('',#9452,1000.);
#2668=VECTOR('',#9453,1000.);
#2669=VECTOR('',#9456,1000.);
#2670=VECTOR('',#9457,1000.);
#2671=VECTOR('',#9460,1000.);
#2672=VECTOR('',#9461,1000.);
#2673=VECTOR('',#9464,1000.);
#2674=VECTOR('',#9469,1000.);
#2675=VECTOR('',#9470,1000.);
#2676=VECTOR('',#9471,1000.);
#2677=VECTOR('',#9474,1000.);
#2678=VECTOR('',#9475,1000.);
#2679=VECTOR('',#9478,1000.);
#2680=VECTOR('',#9479,1000.);
#2681=VECTOR('',#9482,1000.);
#2682=VECTOR('',#9487,1000.);
#2683=VECTOR('',#9488,1000.);
#2684=VECTOR('',#9489,1000.);
#2685=VECTOR('',#9492,1000.);
#2686=VECTOR('',#9493,1000.);
#2687=VECTOR('',#9496,1000.);
#2688=VECTOR('',#9497,1000.);
#2689=VECTOR('',#9500,1000.);
#2690=VECTOR('',#9505,1000.);
#2691=VECTOR('',#9506,1000.);
#2692=VECTOR('',#9507,1000.);
#2693=VECTOR('',#9510,1000.);
#2694=VECTOR('',#9511,1000.);
#2695=VECTOR('',#9514,1000.);
#2696=VECTOR('',#9515,1000.);
#2697=VECTOR('',#9518,1000.);
#2698=VECTOR('',#9523,1000.);
#2699=VECTOR('',#9524,1000.);
#2700=VECTOR('',#9525,1000.);
#2701=VECTOR('',#9528,1000.);
#2702=VECTOR('',#9529,1000.);
#2703=VECTOR('',#9532,1000.);
#2704=VECTOR('',#9533,1000.);
#2705=VECTOR('',#9536,1000.);
#2706=VECTOR('',#9541,1000.);
#2707=VECTOR('',#9542,1000.);
#2708=VECTOR('',#9543,1000.);
#2709=VECTOR('',#9546,1000.);
#2710=VECTOR('',#9547,1000.);
#2711=VECTOR('',#9550,1000.);
#2712=VECTOR('',#9551,1000.);
#2713=VECTOR('',#9554,1000.);
#2714=VECTOR('',#9559,1000.);
#2715=VECTOR('',#9560,1000.);
#2716=VECTOR('',#9561,1000.);
#2717=VECTOR('',#9564,1000.);
#2718=VECTOR('',#9565,1000.);
#2719=VECTOR('',#9568,1000.);
#2720=VECTOR('',#9569,1000.);
#2721=VECTOR('',#9572,1000.);
#2722=VECTOR('',#9577,1000.);
#2723=VECTOR('',#9578,1000.);
#2724=VECTOR('',#9579,1000.);
#2725=VECTOR('',#9582,1000.);
#2726=VECTOR('',#9583,1000.);
#2727=VECTOR('',#9586,1000.);
#2728=VECTOR('',#9587,1000.);
#2729=VECTOR('',#9590,1000.);
#2730=VECTOR('',#9595,1000.);
#2731=VECTOR('',#9596,1000.);
#2732=VECTOR('',#9597,1000.);
#2733=VECTOR('',#9600,1000.);
#2734=VECTOR('',#9601,1000.);
#2735=VECTOR('',#9604,1000.);
#2736=VECTOR('',#9605,1000.);
#2737=VECTOR('',#9608,1000.);
#2738=VECTOR('',#9613,1000.);
#2739=VECTOR('',#9614,1000.);
#2740=VECTOR('',#9615,1000.);
#2741=VECTOR('',#9618,1000.);
#2742=VECTOR('',#9619,1000.);
#2743=VECTOR('',#9622,1000.);
#2744=VECTOR('',#9623,1000.);
#2745=VECTOR('',#9626,1000.);
#2746=VECTOR('',#9631,1000.);
#2747=VECTOR('',#9632,1000.);
#2748=VECTOR('',#9633,1000.);
#2749=VECTOR('',#9636,1000.);
#2750=VECTOR('',#9637,1000.);
#2751=VECTOR('',#9640,1000.);
#2752=VECTOR('',#9641,1000.);
#2753=VECTOR('',#9644,1000.);
#2754=VECTOR('',#9703,1000.);
#2755=VECTOR('',#9704,1000.);
#2756=VECTOR('',#9705,1000.);
#2757=VECTOR('',#9708,1000.);
#2758=VECTOR('',#9709,1000.);
#2759=VECTOR('',#9712,1000.);
#2760=VECTOR('',#9713,1000.);
#2761=VECTOR('',#9716,1000.);
#2762=VECTOR('',#9721,1000.);
#2763=VECTOR('',#9722,1000.);
#2764=VECTOR('',#9723,1000.);
#2765=VECTOR('',#9726,1000.);
#2766=VECTOR('',#9727,1000.);
#2767=VECTOR('',#9730,1000.);
#2768=VECTOR('',#9731,1000.);
#2769=VECTOR('',#9734,1000.);
#2770=VECTOR('',#9739,1000.);
#2771=VECTOR('',#9740,1000.);
#2772=VECTOR('',#9741,1000.);
#2773=VECTOR('',#9744,1000.);
#2774=VECTOR('',#9745,1000.);
#2775=VECTOR('',#9748,1000.);
#2776=VECTOR('',#9749,1000.);
#2777=VECTOR('',#9752,1000.);
#2778=VECTOR('',#9757,1000.);
#2779=VECTOR('',#9758,1000.);
#2780=VECTOR('',#9759,1000.);
#2781=VECTOR('',#9762,1000.);
#2782=VECTOR('',#9763,1000.);
#2783=VECTOR('',#9766,1000.);
#2784=VECTOR('',#9767,1000.);
#2785=VECTOR('',#9770,1000.);
#2786=VECTOR('',#9777,1000.);
#2787=VECTOR('',#9778,1000.);
#2788=VECTOR('',#9779,1000.);
#2789=VECTOR('',#9782,1000.);
#2790=VECTOR('',#9783,1000.);
#2791=VECTOR('',#9786,1000.);
#2792=VECTOR('',#9787,1000.);
#2793=VECTOR('',#9790,1000.);
#2794=VECTOR('',#9795,1000.);
#2795=VECTOR('',#9796,1000.);
#2796=VECTOR('',#9797,1000.);
#2797=VECTOR('',#9800,1000.);
#2798=VECTOR('',#9801,1000.);
#2799=VECTOR('',#9804,1000.);
#2800=VECTOR('',#9805,1000.);
#2801=VECTOR('',#9808,1000.);
#2802=VECTOR('',#9813,1000.);
#2803=VECTOR('',#9814,1000.);
#2804=VECTOR('',#9815,1000.);
#2805=VECTOR('',#9818,1000.);
#2806=VECTOR('',#9819,1000.);
#2807=VECTOR('',#9822,1000.);
#2808=VECTOR('',#9823,1000.);
#2809=VECTOR('',#9826,1000.);
#2810=VECTOR('',#9831,1000.);
#2811=VECTOR('',#9832,1000.);
#2812=VECTOR('',#9833,1000.);
#2813=VECTOR('',#9836,1000.);
#2814=VECTOR('',#9837,1000.);
#2815=VECTOR('',#9840,1000.);
#2816=VECTOR('',#9841,1000.);
#2817=VECTOR('',#9844,1000.);
#2818=VECTOR('',#9849,1000.);
#2819=VECTOR('',#9850,1000.);
#2820=VECTOR('',#9851,1000.);
#2821=VECTOR('',#9854,1000.);
#2822=VECTOR('',#9855,1000.);
#2823=VECTOR('',#9858,1000.);
#2824=VECTOR('',#9859,1000.);
#2825=VECTOR('',#9862,1000.);
#2826=VECTOR('',#9867,1000.);
#2827=VECTOR('',#9868,1000.);
#2828=VECTOR('',#9869,1000.);
#2829=VECTOR('',#9872,1000.);
#2830=VECTOR('',#9873,1000.);
#2831=VECTOR('',#9876,1000.);
#2832=VECTOR('',#9877,1000.);
#2833=VECTOR('',#9880,1000.);
#2834=VECTOR('',#9885,1000.);
#2835=VECTOR('',#9886,1000.);
#2836=VECTOR('',#9887,1000.);
#2837=VECTOR('',#9890,1000.);
#2838=VECTOR('',#9891,1000.);
#2839=VECTOR('',#9894,1000.);
#2840=VECTOR('',#9895,1000.);
#2841=VECTOR('',#9898,1000.);
#2842=VECTOR('',#9903,1000.);
#2843=VECTOR('',#9904,1000.);
#2844=VECTOR('',#9905,1000.);
#2845=VECTOR('',#9908,1000.);
#2846=VECTOR('',#9909,1000.);
#2847=VECTOR('',#9912,1000.);
#2848=VECTOR('',#9913,1000.);
#2849=VECTOR('',#9916,1000.);
#2850=VECTOR('',#9921,1000.);
#2851=VECTOR('',#9922,1000.);
#2852=VECTOR('',#9923,1000.);
#2853=VECTOR('',#9926,1000.);
#2854=VECTOR('',#9927,1000.);
#2855=VECTOR('',#9930,1000.);
#2856=VECTOR('',#9931,1000.);
#2857=VECTOR('',#9934,1000.);
#2858=VECTOR('',#9963,1000.);
#2859=VECTOR('',#9964,1000.);
#2860=VECTOR('',#9965,1000.);
#2861=VECTOR('',#9968,1000.);
#2862=VECTOR('',#9969,1000.);
#2863=VECTOR('',#9972,1000.);
#2864=VECTOR('',#9973,1000.);
#2865=VECTOR('',#9976,1000.);
#2866=VECTOR('',#9981,1000.);
#2867=VECTOR('',#9982,1000.);
#2868=VECTOR('',#9983,1000.);
#2869=VECTOR('',#9986,1000.);
#2870=VECTOR('',#9987,1000.);
#2871=VECTOR('',#9990,1000.);
#2872=VECTOR('',#9991,1000.);
#2873=VECTOR('',#9994,1000.);
#2874=VECTOR('',#9999,1000.);
#2875=VECTOR('',#10000,1000.);
#2876=VECTOR('',#10001,1000.);
#2877=VECTOR('',#10004,1000.);
#2878=VECTOR('',#10005,1000.);
#2879=VECTOR('',#10008,1000.);
#2880=VECTOR('',#10009,1000.);
#2881=VECTOR('',#10012,1000.);
#2882=VECTOR('',#10055,1000.);
#2883=VECTOR('',#10056,1000.);
#2884=VECTOR('',#10057,1000.);
#2885=VECTOR('',#10060,1000.);
#2886=VECTOR('',#10061,1000.);
#2887=VECTOR('',#10064,1000.);
#2888=VECTOR('',#10065,1000.);
#2889=VECTOR('',#10068,1000.);
#2890=VECTOR('',#10073,1000.);
#2891=VECTOR('',#10074,1000.);
#2892=VECTOR('',#10075,1000.);
#2893=VECTOR('',#10078,1000.);
#2894=VECTOR('',#10079,1000.);
#2895=VECTOR('',#10082,1000.);
#2896=VECTOR('',#10083,1000.);
#2897=VECTOR('',#10086,1000.);
#2898=VECTOR('',#10091,1000.);
#2899=VECTOR('',#10092,1000.);
#2900=VECTOR('',#10093,1000.);
#2901=VECTOR('',#10096,1000.);
#2902=VECTOR('',#10097,1000.);
#2903=VECTOR('',#10100,1000.);
#2904=VECTOR('',#10101,1000.);
#2905=VECTOR('',#10104,1000.);
#2906=VECTOR('',#10109,1000.);
#2907=VECTOR('',#10110,1000.);
#2908=VECTOR('',#10111,1000.);
#2909=VECTOR('',#10114,1000.);
#2910=VECTOR('',#10115,1000.);
#2911=VECTOR('',#10118,1000.);
#2912=VECTOR('',#10119,1000.);
#2913=VECTOR('',#10122,1000.);
#2914=VECTOR('',#10127,1000.);
#2915=VECTOR('',#10128,1000.);
#2916=VECTOR('',#10129,1000.);
#2917=VECTOR('',#10132,1000.);
#2918=VECTOR('',#10133,1000.);
#2919=VECTOR('',#10136,1000.);
#2920=VECTOR('',#10137,1000.);
#2921=VECTOR('',#10140,1000.);
#2922=VECTOR('',#10145,1000.);
#2923=VECTOR('',#10146,1000.);
#2924=VECTOR('',#10147,1000.);
#2925=VECTOR('',#10150,1000.);
#2926=VECTOR('',#10151,1000.);
#2927=VECTOR('',#10154,1000.);
#2928=VECTOR('',#10155,1000.);
#2929=VECTOR('',#10158,1000.);
#2930=CIRCLE('',#7478,1.75);
#2931=CIRCLE('',#7479,1.75);
#2932=CIRCLE('',#7481,3.);
#2933=CIRCLE('',#7482,3.);
#2934=CIRCLE('',#7484,0.717732082933221);
#2935=CIRCLE('',#7485,0.717732082933221);
#2936=CIRCLE('',#7487,0.717732082933221);
#2937=CIRCLE('',#7488,0.717732082933221);
#2938=CIRCLE('',#7490,0.717732082933221);
#2939=CIRCLE('',#7491,0.717732082933221);
#2940=CIRCLE('',#7493,0.717732082933221);
#2941=CIRCLE('',#7494,0.717732082933221);
#2942=CIRCLE('',#7496,0.800000000000002);
#2943=CIRCLE('',#7497,0.800000000000002);
#2944=CIRCLE('',#7499,0.799999999999999);
#2945=CIRCLE('',#7500,0.800000000000002);
#2946=CIRCLE('',#7502,0.717732082933221);
#2947=CIRCLE('',#7503,0.717732082933221);
#2948=CIRCLE('',#7505,0.717732082933221);
#2949=CIRCLE('',#7506,0.717732082933221);
#2950=CIRCLE('',#7508,0.717732082933221);
#2951=CIRCLE('',#7509,0.717732082933221);
#2952=CIRCLE('',#7511,0.717732082933221);
#2953=CIRCLE('',#7512,0.717732082933221);
#2954=CIRCLE('',#7514,0.717732082933221);
#2955=CIRCLE('',#7515,0.717732082933221);
#2956=CIRCLE('',#7517,0.717732082933221);
#2957=CIRCLE('',#7518,0.717732082933221);
#2958=CIRCLE('',#7520,0.717732082933221);
#2959=CIRCLE('',#7521,0.717732082933221);
#2960=CIRCLE('',#7523,0.717732082933221);
#2961=CIRCLE('',#7524,0.717732082933221);
#2962=CIRCLE('',#7526,0.717732082933221);
#2963=CIRCLE('',#7527,0.717732082933221);
#2964=CIRCLE('',#7529,0.717732082933221);
#2965=CIRCLE('',#7530,0.717732082933221);
#2966=CIRCLE('',#7532,0.717732082933225);
#2967=CIRCLE('',#7533,0.717732082933225);
#2968=CIRCLE('',#7535,0.717732082933225);
#2969=CIRCLE('',#7536,0.717732082933225);
#2970=CIRCLE('',#7538,0.717732082933221);
#2971=CIRCLE('',#7539,0.717732082933221);
#2972=CIRCLE('',#7541,0.717732082933221);
#2973=CIRCLE('',#7542,0.717732082933221);
#2974=CIRCLE('',#7544,0.717732082933221);
#2975=CIRCLE('',#7545,0.717732082933221);
#2976=CIRCLE('',#7547,0.717732082933221);
#2977=CIRCLE('',#7548,0.717732082933221);
#2978=CIRCLE('',#7550,0.717732082933221);
#2979=CIRCLE('',#7551,0.717732082933221);
#2980=CIRCLE('',#7553,0.717732082933221);
#2981=CIRCLE('',#7554,0.717732082933221);
#2982=CIRCLE('',#7556,0.717732082933221);
#2983=CIRCLE('',#7557,0.717732082933221);
#2984=CIRCLE('',#7559,0.717732082933221);
#2985=CIRCLE('',#7560,0.717732082933221);
#2986=CIRCLE('',#7562,0.717732082933221);
#2987=CIRCLE('',#7563,0.717732082933221);
#2988=CIRCLE('',#7565,0.717732082933221);
#2989=CIRCLE('',#7566,0.717732082933221);
#2990=CIRCLE('',#7568,0.717732082933221);
#2991=CIRCLE('',#7569,0.717732082933221);
#2992=CIRCLE('',#7571,0.717732082933228);
#2993=CIRCLE('',#7572,0.717732082933228);
#2994=CIRCLE('',#7574,3.00000000000001);
#2995=CIRCLE('',#7575,3.00000000000001);
#2996=CIRCLE('',#7577,1.75);
#2997=CIRCLE('',#7578,1.75);
#2998=CIRCLE('',#7580,1.75);
#2999=CIRCLE('',#7581,1.75);
#3000=CIRCLE('',#7583,0.717732082933221);
#3001=CIRCLE('',#7584,0.717732082933221);
#3002=CIRCLE('',#7586,0.717732082933221);
#3003=CIRCLE('',#7587,0.717732082933221);
#3004=CIRCLE('',#7589,0.717732082933221);
#3005=CIRCLE('',#7590,0.717732082933221);
#3006=CIRCLE('',#7592,0.717732082933225);
#3007=CIRCLE('',#7593,0.717732082933225);
#3008=CIRCLE('',#7595,0.717732082933221);
#3009=CIRCLE('',#7596,0.717732082933221);
#3010=CIRCLE('',#7598,0.717732082933221);
#3011=CIRCLE('',#7599,0.717732082933221);
#3012=CIRCLE('',#7601,0.717732082933221);
#3013=CIRCLE('',#7602,0.717732082933221);
#3014=CIRCLE('',#7604,0.717732082933221);
#3015=CIRCLE('',#7605,0.717732082933221);
#3016=CIRCLE('',#7607,0.717732082933221);
#3017=CIRCLE('',#7608,0.717732082933221);
#3018=CIRCLE('',#7610,0.717732082933221);
#3019=CIRCLE('',#7611,0.717732082933221);
#3020=CIRCLE('',#7613,0.717732082933225);
#3021=CIRCLE('',#7614,0.717732082933225);
#3022=CIRCLE('',#7616,0.717732082933221);
#3023=CIRCLE('',#7617,0.717732082933218);
#3024=CIRCLE('',#7619,3.00000000000001);
#3025=CIRCLE('',#7620,3.00000000000001);
#3026=CIRCLE('',#7622,0.717732082933221);
#3027=CIRCLE('',#7623,0.717732082933221);
#3028=CIRCLE('',#7625,0.717732082933221);
#3029=CIRCLE('',#7626,0.717732082933221);
#3030=CIRCLE('',#7628,0.717732082933221);
#3031=CIRCLE('',#7629,0.717732082933221);
#3032=CIRCLE('',#7631,0.717732082933221);
#3033=CIRCLE('',#7632,0.717732082933221);
#3034=CIRCLE('',#7634,0.717732082933221);
#3035=CIRCLE('',#7635,0.717732082933221);
#3036=CIRCLE('',#7637,0.717732082933221);
#3037=CIRCLE('',#7638,0.717732082933221);
#3038=CIRCLE('',#7640,0.717732082933221);
#3039=CIRCLE('',#7641,0.717732082933221);
#3040=CIRCLE('',#7643,0.717732082933221);
#3041=CIRCLE('',#7644,0.717732082933221);
#3042=CIRCLE('',#7646,0.717732082933221);
#3043=CIRCLE('',#7647,0.717732082933221);
#3044=CIRCLE('',#7649,0.717732082933228);
#3045=CIRCLE('',#7650,0.717732082933228);
#3046=CIRCLE('',#7652,0.717732082933221);
#3047=CIRCLE('',#7653,0.717732082933221);
#3048=CIRCLE('',#7655,0.717732082933221);
#3049=CIRCLE('',#7656,0.717732082933221);
#3050=CIRCLE('',#7658,3.);
#3051=CIRCLE('',#7659,3.);
#3052=CIRCLE('',#7661,1.75);
#3053=CIRCLE('',#7662,1.75);
#3054=CIRCLE('',#7664,0.425000000000002);
#3055=CIRCLE('',#7665,0.425000000000002);
#3056=CIRCLE('',#7667,0.424999999999998);
#3057=CIRCLE('',#7668,0.425000000000002);
#3058=CIRCLE('',#7670,0.425000000000002);
#3059=CIRCLE('',#7671,0.425000000000002);
#3060=CIRCLE('',#7673,0.424999999999998);
#3061=CIRCLE('',#7674,0.424999999999995);
#3062=CIRCLE('',#7676,0.399999999999998);
#3063=CIRCLE('',#7677,0.399999999999998);
#3064=CIRCLE('',#7679,0.399999999999998);
#3065=CIRCLE('',#7680,0.399999999999998);
#3066=CIRCLE('',#7682,0.999999999999998);
#3067=CIRCLE('',#7683,0.999999999999998);
#3068=CIRCLE('',#7685,0.424999999999998);
#3069=CIRCLE('',#7686,0.424999999999998);
#3070=CIRCLE('',#7688,0.424999999999998);
#3071=CIRCLE('',#7689,0.424999999999998);
#3072=CIRCLE('',#7691,0.424999999999998);
#3073=CIRCLE('',#7692,0.424999999999998);
#3074=CIRCLE('',#7694,0.425000000000005);
#3075=CIRCLE('',#7695,0.425000000000005);
#3076=CIRCLE('',#7697,0.424999999999998);
#3077=CIRCLE('',#7698,0.424999999999998);
#3078=CIRCLE('',#7700,0.425000000000005);
#3079=CIRCLE('',#7701,0.425000000000005);
#3080=CIRCLE('',#7703,0.424999999999998);
#3081=CIRCLE('',#7704,0.424999999999998);
#3082=CIRCLE('',#7706,0.424999999999998);
#3083=CIRCLE('',#7707,0.424999999999998);
#3084=CIRCLE('',#7709,0.425000000000005);
#3085=CIRCLE('',#7710,0.425000000000005);
#3086=CIRCLE('',#7712,0.425000000000005);
#3087=CIRCLE('',#7713,0.425000000000005);
#3088=CIRCLE('',#7715,0.425000000000002);
#3089=CIRCLE('',#7716,0.425000000000002);
#3090=CIRCLE('',#7718,0.425000000000002);
#3091=CIRCLE('',#7719,0.425000000000002);
#3092=CIRCLE('',#7721,0.425000000000002);
#3093=CIRCLE('',#7722,0.425000000000002);
#3094=CIRCLE('',#7724,0.425000000000002);
#3095=CIRCLE('',#7725,0.425000000000002);
#3096=CIRCLE('',#7727,0.425000000000002);
#3097=CIRCLE('',#7728,0.425000000000002);
#3098=CIRCLE('',#7730,0.425000000000002);
#3099=CIRCLE('',#7731,0.425000000000002);
#3100=CIRCLE('',#7733,0.425000000000002);
#3101=CIRCLE('',#7734,0.425000000000002);
#3102=CIRCLE('',#7736,0.424999999999998);
#3103=CIRCLE('',#7737,0.424999999999998);
#3104=CIRCLE('',#7739,0.424999999999998);
#3105=CIRCLE('',#7740,0.424999999999998);
#3106=CIRCLE('',#7742,0.424999999999998);
#3107=CIRCLE('',#7743,0.424999999999998);
#3108=CIRCLE('',#7745,0.425000000000002);
#3109=CIRCLE('',#7746,0.425000000000002);
#3110=CIRCLE('',#7748,0.425000000000002);
#3111=CIRCLE('',#7749,0.425000000000002);
#3112=CIRCLE('',#7751,0.424999999999998);
#3113=CIRCLE('',#7752,0.424999999999998);
#3114=CIRCLE('',#7754,0.424999999999995);
#3115=CIRCLE('',#7755,0.424999999999995);
#3116=CIRCLE('',#7757,1.6);
#3117=CIRCLE('',#7758,1.6);
#3118=CIRCLE('',#7760,1.6);
#3119=CIRCLE('',#7761,1.6);
#3120=CIRCLE('',#7763,0.999999999999999);
#3121=CIRCLE('',#7764,0.999999999999999);
#3122=CIRCLE('',#7766,0.999999999999998);
#3123=CIRCLE('',#7767,0.999999999999998);
#3124=CIRCLE('',#7769,0.425000000000005);
#3125=CIRCLE('',#7770,0.425000000000002);
#3126=CIRCLE('',#7772,0.424999999999998);
#3127=CIRCLE('',#7773,0.424999999999998);
#3128=CIRCLE('',#7775,0.424999999999998);
#3129=CIRCLE('',#7776,0.424999999999998);
#3130=CIRCLE('',#7778,0.425000000000005);
#3131=CIRCLE('',#7779,0.425000000000002);
#3132=CIRCLE('',#7781,0.424999999999998);
#3133=CIRCLE('',#7782,0.424999999999998);
#3134=CIRCLE('',#7784,0.424999999999998);
#3135=CIRCLE('',#7785,0.424999999999998);
#3136=CIRCLE('',#7787,1.6);
#3137=CIRCLE('',#7788,1.6);
#3138=CIRCLE('',#7790,0.425000000000005);
#3139=CIRCLE('',#7791,0.425000000000002);
#3140=CIRCLE('',#7793,0.424999999999998);
#3141=CIRCLE('',#7794,0.424999999999998);
#3142=CIRCLE('',#7796,0.424999999999998);
#3143=CIRCLE('',#7797,0.424999999999998);
#3144=CIRCLE('',#7799,0.425000000000002);
#3145=CIRCLE('',#7800,0.425000000000002);
#3146=CIRCLE('',#7802,0.425000000000002);
#3147=CIRCLE('',#7803,0.425000000000002);
#3148=CIRCLE('',#7805,0.425000000000005);
#3149=CIRCLE('',#7806,0.425000000000005);
#3150=CIRCLE('',#7808,0.425000000000002);
#3151=CIRCLE('',#7809,0.425000000000002);
#3152=CIRCLE('',#7811,0.425000000000002);
#3153=CIRCLE('',#7812,0.425000000000002);
#3154=CIRCLE('',#7814,0.425000000000002);
#3155=CIRCLE('',#7815,0.425000000000002);
#3156=CIRCLE('',#7817,0.424999999999998);
#3157=CIRCLE('',#7818,0.425000000000002);
#3158=CIRCLE('',#7820,0.425000000000002);
#3159=CIRCLE('',#7821,0.425000000000002);
#3160=CIRCLE('',#7823,0.425000000000002);
#3161=CIRCLE('',#7824,0.425000000000002);
#3162=CIRCLE('',#7826,0.425000000000002);
#3163=CIRCLE('',#7827,0.425000000000002);
#3164=CIRCLE('',#7829,0.424999999999998);
#3165=CIRCLE('',#7830,0.424999999999998);
#3166=CIRCLE('',#7832,0.424999999999998);
#3167=CIRCLE('',#7833,0.424999999999998);
#3168=CIRCLE('',#7835,0.424999999999995);
#3169=CIRCLE('',#7836,0.424999999999995);
#3170=CIRCLE('',#7838,0.424999999999998);
#3171=CIRCLE('',#7839,0.424999999999998);
#3172=CIRCLE('',#7841,0.425000000000002);
#3173=CIRCLE('',#7842,0.425000000000002);
#3174=CIRCLE('',#7844,0.999999999999999);
#3175=CIRCLE('',#7845,0.999999999999999);
#3176=CIRCLE('',#7847,1.6);
#3177=CIRCLE('',#7848,1.6);
#3178=CIRCLE('',#7850,6.00000000000001);
#3179=CIRCLE('',#7851,6.00000000000001);
#3180=CIRCLE('',#7852,6.00000000000001);
#3181=CIRCLE('',#7853,6.00000000000001);
#3182=CIRCLE('',#7855,6.00000000000001);
#3183=CIRCLE('',#7856,6.00000000000001);
#3184=CIRCLE('',#7857,6.00000000000001);
#3185=CIRCLE('',#7858,6.00000000000001);
#3186=VERTEX_POINT('',#10165);
#3187=VERTEX_POINT('',#10167);
#3188=VERTEX_POINT('',#10171);
#3189=VERTEX_POINT('',#10173);
#3190=VERTEX_POINT('',#10177);
#3191=VERTEX_POINT('',#10179);
#3192=VERTEX_POINT('',#10183);
#3193=VERTEX_POINT('',#10185);
#3194=VERTEX_POINT('',#10189);
#3195=VERTEX_POINT('',#10191);
#3196=VERTEX_POINT('',#10195);
#3197=VERTEX_POINT('',#10197);
#3198=VERTEX_POINT('',#10201);
#3199=VERTEX_POINT('',#10203);
#3200=VERTEX_POINT('',#10207);
#3201=VERTEX_POINT('',#10209);
#3202=VERTEX_POINT('',#10213);
#3203=VERTEX_POINT('',#10215);
#3204=VERTEX_POINT('',#10219);
#3205=VERTEX_POINT('',#10221);
#3206=VERTEX_POINT('',#10225);
#3207=VERTEX_POINT('',#10227);
#3208=VERTEX_POINT('',#10231);
#3209=VERTEX_POINT('',#10233);
#3210=VERTEX_POINT('',#10237);
#3211=VERTEX_POINT('',#10239);
#3212=VERTEX_POINT('',#10243);
#3213=VERTEX_POINT('',#10245);
#3214=VERTEX_POINT('',#10249);
#3215=VERTEX_POINT('',#10251);
#3216=VERTEX_POINT('',#10255);
#3217=VERTEX_POINT('',#10257);
#3218=VERTEX_POINT('',#10261);
#3219=VERTEX_POINT('',#10263);
#3220=VERTEX_POINT('',#10267);
#3221=VERTEX_POINT('',#10269);
#3222=VERTEX_POINT('',#10273);
#3223=VERTEX_POINT('',#10275);
#3224=VERTEX_POINT('',#10279);
#3225=VERTEX_POINT('',#10281);
#3226=VERTEX_POINT('',#10285);
#3227=VERTEX_POINT('',#10287);
#3228=VERTEX_POINT('',#10291);
#3229=VERTEX_POINT('',#10293);
#3230=VERTEX_POINT('',#10297);
#3231=VERTEX_POINT('',#10299);
#3232=VERTEX_POINT('',#10303);
#3233=VERTEX_POINT('',#10305);
#3234=VERTEX_POINT('',#10309);
#3235=VERTEX_POINT('',#10311);
#3236=VERTEX_POINT('',#10315);
#3237=VERTEX_POINT('',#10317);
#3238=VERTEX_POINT('',#10321);
#3239=VERTEX_POINT('',#10323);
#3240=VERTEX_POINT('',#10327);
#3241=VERTEX_POINT('',#10329);
#3242=VERTEX_POINT('',#10333);
#3243=VERTEX_POINT('',#10335);
#3244=VERTEX_POINT('',#10339);
#3245=VERTEX_POINT('',#10341);
#3246=VERTEX_POINT('',#10345);
#3247=VERTEX_POINT('',#10347);
#3248=VERTEX_POINT('',#10351);
#3249=VERTEX_POINT('',#10353);
#3250=VERTEX_POINT('',#10357);
#3251=VERTEX_POINT('',#10359);
#3252=VERTEX_POINT('',#10363);
#3253=VERTEX_POINT('',#10365);
#3254=VERTEX_POINT('',#10369);
#3255=VERTEX_POINT('',#10371);
#3256=VERTEX_POINT('',#10375);
#3257=VERTEX_POINT('',#10377);
#3258=VERTEX_POINT('',#10381);
#3259=VERTEX_POINT('',#10383);
#3260=VERTEX_POINT('',#10387);
#3261=VERTEX_POINT('',#10389);
#3262=VERTEX_POINT('',#10393);
#3263=VERTEX_POINT('',#10395);
#3264=VERTEX_POINT('',#10399);
#3265=VERTEX_POINT('',#10401);
#3266=VERTEX_POINT('',#10405);
#3267=VERTEX_POINT('',#10407);
#3268=VERTEX_POINT('',#10411);
#3269=VERTEX_POINT('',#10413);
#3270=VERTEX_POINT('',#10417);
#3271=VERTEX_POINT('',#10419);
#3272=VERTEX_POINT('',#10423);
#3273=VERTEX_POINT('',#10425);
#3274=VERTEX_POINT('',#10429);
#3275=VERTEX_POINT('',#10431);
#3276=VERTEX_POINT('',#10435);
#3277=VERTEX_POINT('',#10437);
#3278=VERTEX_POINT('',#10441);
#3279=VERTEX_POINT('',#10443);
#3280=VERTEX_POINT('',#10447);
#3281=VERTEX_POINT('',#10449);
#3282=VERTEX_POINT('',#10453);
#3283=VERTEX_POINT('',#10455);
#3284=VERTEX_POINT('',#10459);
#3285=VERTEX_POINT('',#10461);
#3286=VERTEX_POINT('',#10465);
#3287=VERTEX_POINT('',#10467);
#3288=VERTEX_POINT('',#10471);
#3289=VERTEX_POINT('',#10473);
#3290=VERTEX_POINT('',#10477);
#3291=VERTEX_POINT('',#10479);
#3292=VERTEX_POINT('',#10483);
#3293=VERTEX_POINT('',#10485);
#3294=VERTEX_POINT('',#10489);
#3295=VERTEX_POINT('',#10491);
#3296=VERTEX_POINT('',#10495);
#3297=VERTEX_POINT('',#10497);
#3298=VERTEX_POINT('',#10501);
#3299=VERTEX_POINT('',#10503);
#3300=VERTEX_POINT('',#10507);
#3301=VERTEX_POINT('',#10509);
#3302=VERTEX_POINT('',#10513);
#3303=VERTEX_POINT('',#10515);
#3304=VERTEX_POINT('',#10519);
#3305=VERTEX_POINT('',#10521);
#3306=VERTEX_POINT('',#10525);
#3307=VERTEX_POINT('',#10527);
#3308=VERTEX_POINT('',#10531);
#3309=VERTEX_POINT('',#10533);
#3310=VERTEX_POINT('',#10537);
#3311=VERTEX_POINT('',#10539);
#3312=VERTEX_POINT('',#10543);
#3313=VERTEX_POINT('',#10545);
#3314=VERTEX_POINT('',#10549);
#3315=VERTEX_POINT('',#10551);
#3316=VERTEX_POINT('',#10555);
#3317=VERTEX_POINT('',#10557);
#3318=VERTEX_POINT('',#10561);
#3319=VERTEX_POINT('',#10563);
#3320=VERTEX_POINT('',#10567);
#3321=VERTEX_POINT('',#10569);
#3322=VERTEX_POINT('',#10573);
#3323=VERTEX_POINT('',#10575);
#3324=VERTEX_POINT('',#10579);
#3325=VERTEX_POINT('',#10581);
#3326=VERTEX_POINT('',#10585);
#3327=VERTEX_POINT('',#10587);
#3328=VERTEX_POINT('',#10591);
#3329=VERTEX_POINT('',#10593);
#3330=VERTEX_POINT('',#10597);
#3331=VERTEX_POINT('',#10599);
#3332=VERTEX_POINT('',#10603);
#3333=VERTEX_POINT('',#10605);
#3334=VERTEX_POINT('',#10609);
#3335=VERTEX_POINT('',#10611);
#3336=VERTEX_POINT('',#10615);
#3337=VERTEX_POINT('',#10617);
#3338=VERTEX_POINT('',#10621);
#3339=VERTEX_POINT('',#10623);
#3340=VERTEX_POINT('',#10627);
#3341=VERTEX_POINT('',#10629);
#3342=VERTEX_POINT('',#10633);
#3343=VERTEX_POINT('',#10635);
#3344=VERTEX_POINT('',#10639);
#3345=VERTEX_POINT('',#10641);
#3346=VERTEX_POINT('',#10645);
#3347=VERTEX_POINT('',#10647);
#3348=VERTEX_POINT('',#10651);
#3349=VERTEX_POINT('',#10653);
#3350=VERTEX_POINT('',#10657);
#3351=VERTEX_POINT('',#10659);
#3352=VERTEX_POINT('',#10663);
#3353=VERTEX_POINT('',#10665);
#3354=VERTEX_POINT('',#10669);
#3355=VERTEX_POINT('',#10671);
#3356=VERTEX_POINT('',#10675);
#3357=VERTEX_POINT('',#10677);
#3358=VERTEX_POINT('',#10681);
#3359=VERTEX_POINT('',#10683);
#3360=VERTEX_POINT('',#10687);
#3361=VERTEX_POINT('',#10689);
#3362=VERTEX_POINT('',#10693);
#3363=VERTEX_POINT('',#10695);
#3364=VERTEX_POINT('',#10699);
#3365=VERTEX_POINT('',#10701);
#3366=VERTEX_POINT('',#10705);
#3367=VERTEX_POINT('',#10707);
#3368=VERTEX_POINT('',#10711);
#3369=VERTEX_POINT('',#10713);
#3370=VERTEX_POINT('',#10717);
#3371=VERTEX_POINT('',#10719);
#3372=VERTEX_POINT('',#10723);
#3373=VERTEX_POINT('',#10725);
#3374=VERTEX_POINT('',#10729);
#3375=VERTEX_POINT('',#10731);
#3376=VERTEX_POINT('',#10735);
#3377=VERTEX_POINT('',#10737);
#3378=VERTEX_POINT('',#10741);
#3379=VERTEX_POINT('',#10743);
#3380=VERTEX_POINT('',#10747);
#3381=VERTEX_POINT('',#10749);
#3382=VERTEX_POINT('',#10753);
#3383=VERTEX_POINT('',#10755);
#3384=VERTEX_POINT('',#10759);
#3385=VERTEX_POINT('',#10761);
#3386=VERTEX_POINT('',#10765);
#3387=VERTEX_POINT('',#10767);
#3388=VERTEX_POINT('',#10771);
#3389=VERTEX_POINT('',#10773);
#3390=VERTEX_POINT('',#10777);
#3391=VERTEX_POINT('',#10779);
#3392=VERTEX_POINT('',#10783);
#3393=VERTEX_POINT('',#10785);
#3394=VERTEX_POINT('',#10789);
#3395=VERTEX_POINT('',#10791);
#3396=VERTEX_POINT('',#10795);
#3397=VERTEX_POINT('',#10797);
#3398=VERTEX_POINT('',#10801);
#3399=VERTEX_POINT('',#10803);
#3400=VERTEX_POINT('',#10807);
#3401=VERTEX_POINT('',#10809);
#3402=VERTEX_POINT('',#10813);
#3403=VERTEX_POINT('',#10815);
#3404=VERTEX_POINT('',#10819);
#3405=VERTEX_POINT('',#10821);
#3406=VERTEX_POINT('',#10825);
#3407=VERTEX_POINT('',#10827);
#3408=VERTEX_POINT('',#10831);
#3409=VERTEX_POINT('',#10833);
#3410=VERTEX_POINT('',#10837);
#3411=VERTEX_POINT('',#10839);
#3412=VERTEX_POINT('',#10843);
#3413=VERTEX_POINT('',#10845);
#3414=VERTEX_POINT('',#10849);
#3415=VERTEX_POINT('',#10851);
#3416=VERTEX_POINT('',#10855);
#3417=VERTEX_POINT('',#10857);
#3418=VERTEX_POINT('',#10861);
#3419=VERTEX_POINT('',#10863);
#3420=VERTEX_POINT('',#10867);
#3421=VERTEX_POINT('',#10869);
#3422=VERTEX_POINT('',#10873);
#3423=VERTEX_POINT('',#10875);
#3424=VERTEX_POINT('',#10879);
#3425=VERTEX_POINT('',#10881);
#3426=VERTEX_POINT('',#10885);
#3427=VERTEX_POINT('',#10887);
#3428=VERTEX_POINT('',#10891);
#3429=VERTEX_POINT('',#10893);
#3430=VERTEX_POINT('',#10897);
#3431=VERTEX_POINT('',#10899);
#3432=VERTEX_POINT('',#10903);
#3433=VERTEX_POINT('',#10905);
#3434=VERTEX_POINT('',#10909);
#3435=VERTEX_POINT('',#10910);
#3436=VERTEX_POINT('',#10912);
#3437=VERTEX_POINT('',#10914);
#3438=VERTEX_POINT('',#10916);
#3439=VERTEX_POINT('',#10918);
#3440=VERTEX_POINT('',#10920);
#3441=VERTEX_POINT('',#10922);
#3442=VERTEX_POINT('',#10925);
#3443=VERTEX_POINT('',#10926);
#3444=VERTEX_POINT('',#10928);
#3445=VERTEX_POINT('',#10930);
#3446=VERTEX_POINT('',#10933);
#3447=VERTEX_POINT('',#10934);
#3448=VERTEX_POINT('',#10936);
#3449=VERTEX_POINT('',#10938);
#3450=VERTEX_POINT('',#10941);
#3451=VERTEX_POINT('',#10942);
#3452=VERTEX_POINT('',#10944);
#3453=VERTEX_POINT('',#10946);
#3454=VERTEX_POINT('',#10949);
#3455=VERTEX_POINT('',#10950);
#3456=VERTEX_POINT('',#10952);
#3457=VERTEX_POINT('',#10954);
#3458=VERTEX_POINT('',#10957);
#3459=VERTEX_POINT('',#10958);
#3460=VERTEX_POINT('',#10960);
#3461=VERTEX_POINT('',#10962);
#3462=VERTEX_POINT('',#10965);
#3463=VERTEX_POINT('',#10966);
#3464=VERTEX_POINT('',#10968);
#3465=VERTEX_POINT('',#10970);
#3466=VERTEX_POINT('',#10973);
#3467=VERTEX_POINT('',#10974);
#3468=VERTEX_POINT('',#10976);
#3469=VERTEX_POINT('',#10978);
#3470=VERTEX_POINT('',#10981);
#3471=VERTEX_POINT('',#10982);
#3472=VERTEX_POINT('',#10984);
#3473=VERTEX_POINT('',#10986);
#3474=VERTEX_POINT('',#10989);
#3475=VERTEX_POINT('',#10990);
#3476=VERTEX_POINT('',#10992);
#3477=VERTEX_POINT('',#10994);
#3478=VERTEX_POINT('',#10997);
#3479=VERTEX_POINT('',#10998);
#3480=VERTEX_POINT('',#11000);
#3481=VERTEX_POINT('',#11002);
#3482=VERTEX_POINT('',#11005);
#3483=VERTEX_POINT('',#11006);
#3484=VERTEX_POINT('',#11008);
#3485=VERTEX_POINT('',#11010);
#3486=VERTEX_POINT('',#11013);
#3487=VERTEX_POINT('',#11014);
#3488=VERTEX_POINT('',#11016);
#3489=VERTEX_POINT('',#11018);
#3490=VERTEX_POINT('',#11021);
#3491=VERTEX_POINT('',#11022);
#3492=VERTEX_POINT('',#11024);
#3493=VERTEX_POINT('',#11026);
#3494=VERTEX_POINT('',#11029);
#3495=VERTEX_POINT('',#11030);
#3496=VERTEX_POINT('',#11032);
#3497=VERTEX_POINT('',#11034);
#3498=VERTEX_POINT('',#11037);
#3499=VERTEX_POINT('',#11038);
#3500=VERTEX_POINT('',#11040);
#3501=VERTEX_POINT('',#11042);
#3502=VERTEX_POINT('',#11045);
#3503=VERTEX_POINT('',#11046);
#3504=VERTEX_POINT('',#11048);
#3505=VERTEX_POINT('',#11050);
#3506=VERTEX_POINT('',#11053);
#3507=VERTEX_POINT('',#11054);
#3508=VERTEX_POINT('',#11056);
#3509=VERTEX_POINT('',#11058);
#3510=VERTEX_POINT('',#11061);
#3511=VERTEX_POINT('',#11062);
#3512=VERTEX_POINT('',#11064);
#3513=VERTEX_POINT('',#11066);
#3514=VERTEX_POINT('',#11069);
#3515=VERTEX_POINT('',#11070);
#3516=VERTEX_POINT('',#11072);
#3517=VERTEX_POINT('',#11074);
#3518=VERTEX_POINT('',#11077);
#3519=VERTEX_POINT('',#11078);
#3520=VERTEX_POINT('',#11080);
#3521=VERTEX_POINT('',#11082);
#3522=VERTEX_POINT('',#11085);
#3523=VERTEX_POINT('',#11086);
#3524=VERTEX_POINT('',#11088);
#3525=VERTEX_POINT('',#11090);
#3526=VERTEX_POINT('',#11093);
#3527=VERTEX_POINT('',#11094);
#3528=VERTEX_POINT('',#11096);
#3529=VERTEX_POINT('',#11098);
#3530=VERTEX_POINT('',#11101);
#3531=VERTEX_POINT('',#11102);
#3532=VERTEX_POINT('',#11104);
#3533=VERTEX_POINT('',#11106);
#3534=VERTEX_POINT('',#11109);
#3535=VERTEX_POINT('',#11110);
#3536=VERTEX_POINT('',#11112);
#3537=VERTEX_POINT('',#11114);
#3538=VERTEX_POINT('',#11117);
#3539=VERTEX_POINT('',#11118);
#3540=VERTEX_POINT('',#11120);
#3541=VERTEX_POINT('',#11122);
#3542=VERTEX_POINT('',#11125);
#3543=VERTEX_POINT('',#11126);
#3544=VERTEX_POINT('',#11128);
#3545=VERTEX_POINT('',#11130);
#3546=VERTEX_POINT('',#11133);
#3547=VERTEX_POINT('',#11134);
#3548=VERTEX_POINT('',#11136);
#3549=VERTEX_POINT('',#11138);
#3550=VERTEX_POINT('',#11141);
#3551=VERTEX_POINT('',#11142);
#3552=VERTEX_POINT('',#11144);
#3553=VERTEX_POINT('',#11146);
#3554=VERTEX_POINT('',#11149);
#3555=VERTEX_POINT('',#11150);
#3556=VERTEX_POINT('',#11152);
#3557=VERTEX_POINT('',#11154);
#3558=VERTEX_POINT('',#11157);
#3559=VERTEX_POINT('',#11158);
#3560=VERTEX_POINT('',#11160);
#3561=VERTEX_POINT('',#11162);
#3562=VERTEX_POINT('',#11165);
#3563=VERTEX_POINT('',#11166);
#3564=VERTEX_POINT('',#11168);
#3565=VERTEX_POINT('',#11170);
#3566=VERTEX_POINT('',#11173);
#3567=VERTEX_POINT('',#11174);
#3568=VERTEX_POINT('',#11176);
#3569=VERTEX_POINT('',#11178);
#3570=VERTEX_POINT('',#11181);
#3571=VERTEX_POINT('',#11182);
#3572=VERTEX_POINT('',#11184);
#3573=VERTEX_POINT('',#11186);
#3574=VERTEX_POINT('',#11189);
#3575=VERTEX_POINT('',#11190);
#3576=VERTEX_POINT('',#11192);
#3577=VERTEX_POINT('',#11194);
#3578=VERTEX_POINT('',#11197);
#3579=VERTEX_POINT('',#11198);
#3580=VERTEX_POINT('',#11200);
#3581=VERTEX_POINT('',#11202);
#3582=VERTEX_POINT('',#11205);
#3583=VERTEX_POINT('',#11206);
#3584=VERTEX_POINT('',#11208);
#3585=VERTEX_POINT('',#11210);
#3586=VERTEX_POINT('',#11213);
#3587=VERTEX_POINT('',#11214);
#3588=VERTEX_POINT('',#11216);
#3589=VERTEX_POINT('',#11218);
#3590=VERTEX_POINT('',#11221);
#3591=VERTEX_POINT('',#11222);
#3592=VERTEX_POINT('',#11224);
#3593=VERTEX_POINT('',#11226);
#3594=VERTEX_POINT('',#11229);
#3595=VERTEX_POINT('',#11230);
#3596=VERTEX_POINT('',#11232);
#3597=VERTEX_POINT('',#11234);
#3598=VERTEX_POINT('',#11237);
#3599=VERTEX_POINT('',#11238);
#3600=VERTEX_POINT('',#11240);
#3601=VERTEX_POINT('',#11242);
#3602=VERTEX_POINT('',#11245);
#3603=VERTEX_POINT('',#11246);
#3604=VERTEX_POINT('',#11248);
#3605=VERTEX_POINT('',#11250);
#3606=VERTEX_POINT('',#11253);
#3607=VERTEX_POINT('',#11254);
#3608=VERTEX_POINT('',#11256);
#3609=VERTEX_POINT('',#11258);
#3610=VERTEX_POINT('',#11261);
#3611=VERTEX_POINT('',#11262);
#3612=VERTEX_POINT('',#11264);
#3613=VERTEX_POINT('',#11266);
#3614=VERTEX_POINT('',#11269);
#3615=VERTEX_POINT('',#11270);
#3616=VERTEX_POINT('',#11272);
#3617=VERTEX_POINT('',#11274);
#3618=VERTEX_POINT('',#11278);
#3619=VERTEX_POINT('',#11279);
#3620=VERTEX_POINT('',#11281);
#3621=VERTEX_POINT('',#11283);
#3622=VERTEX_POINT('',#11285);
#3623=VERTEX_POINT('',#11287);
#3624=VERTEX_POINT('',#11289);
#3625=VERTEX_POINT('',#11291);
#3626=VERTEX_POINT('',#11313);
#3627=VERTEX_POINT('',#11315);
#3628=VERTEX_POINT('',#11319);
#3629=VERTEX_POINT('',#11323);
#3630=VERTEX_POINT('',#11330);
#3631=VERTEX_POINT('',#11332);
#3632=VERTEX_POINT('',#11336);
#3633=VERTEX_POINT('',#11340);
#3634=VERTEX_POINT('',#11347);
#3635=VERTEX_POINT('',#11349);
#3636=VERTEX_POINT('',#11353);
#3637=VERTEX_POINT('',#11357);
#3638=VERTEX_POINT('',#11364);
#3639=VERTEX_POINT('',#11366);
#3640=VERTEX_POINT('',#11370);
#3641=VERTEX_POINT('',#11374);
#3642=VERTEX_POINT('',#11381);
#3643=VERTEX_POINT('',#11383);
#3644=VERTEX_POINT('',#11387);
#3645=VERTEX_POINT('',#11391);
#3646=VERTEX_POINT('',#11398);
#3647=VERTEX_POINT('',#11400);
#3648=VERTEX_POINT('',#11404);
#3649=VERTEX_POINT('',#11408);
#3650=VERTEX_POINT('',#11415);
#3651=VERTEX_POINT('',#11417);
#3652=VERTEX_POINT('',#11421);
#3653=VERTEX_POINT('',#11425);
#3654=VERTEX_POINT('',#11432);
#3655=VERTEX_POINT('',#11434);
#3656=VERTEX_POINT('',#11438);
#3657=VERTEX_POINT('',#11442);
#3658=VERTEX_POINT('',#11449);
#3659=VERTEX_POINT('',#11451);
#3660=VERTEX_POINT('',#11455);
#3661=VERTEX_POINT('',#11459);
#3662=VERTEX_POINT('',#11466);
#3663=VERTEX_POINT('',#11468);
#3664=VERTEX_POINT('',#11472);
#3665=VERTEX_POINT('',#11476);
#3666=VERTEX_POINT('',#11483);
#3667=VERTEX_POINT('',#11485);
#3668=VERTEX_POINT('',#11489);
#3669=VERTEX_POINT('',#11493);
#3670=VERTEX_POINT('',#11500);
#3671=VERTEX_POINT('',#11502);
#3672=VERTEX_POINT('',#11506);
#3673=VERTEX_POINT('',#11510);
#3674=VERTEX_POINT('',#11517);
#3675=VERTEX_POINT('',#11519);
#3676=VERTEX_POINT('',#11523);
#3677=VERTEX_POINT('',#11527);
#3678=VERTEX_POINT('',#11534);
#3679=VERTEX_POINT('',#11536);
#3680=VERTEX_POINT('',#11540);
#3681=VERTEX_POINT('',#11544);
#3682=VERTEX_POINT('',#11551);
#3683=VERTEX_POINT('',#11553);
#3684=VERTEX_POINT('',#11557);
#3685=VERTEX_POINT('',#11561);
#3686=VERTEX_POINT('',#11568);
#3687=VERTEX_POINT('',#11570);
#3688=VERTEX_POINT('',#11574);
#3689=VERTEX_POINT('',#11578);
#3690=VERTEX_POINT('',#11585);
#3691=VERTEX_POINT('',#11587);
#3692=VERTEX_POINT('',#11591);
#3693=VERTEX_POINT('',#11595);
#3694=VERTEX_POINT('',#11602);
#3695=VERTEX_POINT('',#11604);
#3696=VERTEX_POINT('',#11608);
#3697=VERTEX_POINT('',#11612);
#3698=VERTEX_POINT('',#11619);
#3699=VERTEX_POINT('',#11621);
#3700=VERTEX_POINT('',#11625);
#3701=VERTEX_POINT('',#11629);
#3702=VERTEX_POINT('',#11636);
#3703=VERTEX_POINT('',#11638);
#3704=VERTEX_POINT('',#11642);
#3705=VERTEX_POINT('',#11646);
#3706=VERTEX_POINT('',#11653);
#3707=VERTEX_POINT('',#11655);
#3708=VERTEX_POINT('',#11659);
#3709=VERTEX_POINT('',#11663);
#3710=VERTEX_POINT('',#11670);
#3711=VERTEX_POINT('',#11672);
#3712=VERTEX_POINT('',#11676);
#3713=VERTEX_POINT('',#11680);
#3714=VERTEX_POINT('',#11714);
#3715=VERTEX_POINT('',#11716);
#3716=VERTEX_POINT('',#11720);
#3717=VERTEX_POINT('',#11724);
#3718=VERTEX_POINT('',#11731);
#3719=VERTEX_POINT('',#11733);
#3720=VERTEX_POINT('',#11737);
#3721=VERTEX_POINT('',#11741);
#3722=VERTEX_POINT('',#11748);
#3723=VERTEX_POINT('',#11750);
#3724=VERTEX_POINT('',#11754);
#3725=VERTEX_POINT('',#11758);
#3726=VERTEX_POINT('',#11765);
#3727=VERTEX_POINT('',#11767);
#3728=VERTEX_POINT('',#11771);
#3729=VERTEX_POINT('',#11775);
#3730=VERTEX_POINT('',#11783);
#3731=VERTEX_POINT('',#11785);
#3732=VERTEX_POINT('',#11789);
#3733=VERTEX_POINT('',#11793);
#3734=VERTEX_POINT('',#11800);
#3735=VERTEX_POINT('',#11802);
#3736=VERTEX_POINT('',#11806);
#3737=VERTEX_POINT('',#11810);
#3738=VERTEX_POINT('',#11817);
#3739=VERTEX_POINT('',#11819);
#3740=VERTEX_POINT('',#11823);
#3741=VERTEX_POINT('',#11827);
#3742=VERTEX_POINT('',#11834);
#3743=VERTEX_POINT('',#11836);
#3744=VERTEX_POINT('',#11840);
#3745=VERTEX_POINT('',#11844);
#3746=VERTEX_POINT('',#11851);
#3747=VERTEX_POINT('',#11853);
#3748=VERTEX_POINT('',#11857);
#3749=VERTEX_POINT('',#11861);
#3750=VERTEX_POINT('',#11868);
#3751=VERTEX_POINT('',#11870);
#3752=VERTEX_POINT('',#11874);
#3753=VERTEX_POINT('',#11878);
#3754=VERTEX_POINT('',#11885);
#3755=VERTEX_POINT('',#11887);
#3756=VERTEX_POINT('',#11891);
#3757=VERTEX_POINT('',#11895);
#3758=VERTEX_POINT('',#11902);
#3759=VERTEX_POINT('',#11904);
#3760=VERTEX_POINT('',#11908);
#3761=VERTEX_POINT('',#11912);
#3762=VERTEX_POINT('',#11919);
#3763=VERTEX_POINT('',#11921);
#3764=VERTEX_POINT('',#11925);
#3765=VERTEX_POINT('',#11929);
#3766=VERTEX_POINT('',#11948);
#3767=VERTEX_POINT('',#11950);
#3768=VERTEX_POINT('',#11954);
#3769=VERTEX_POINT('',#11958);
#3770=VERTEX_POINT('',#11965);
#3771=VERTEX_POINT('',#11967);
#3772=VERTEX_POINT('',#11971);
#3773=VERTEX_POINT('',#11975);
#3774=VERTEX_POINT('',#11982);
#3775=VERTEX_POINT('',#11984);
#3776=VERTEX_POINT('',#11988);
#3777=VERTEX_POINT('',#11992);
#3778=VERTEX_POINT('',#12018);
#3779=VERTEX_POINT('',#12020);
#3780=VERTEX_POINT('',#12024);
#3781=VERTEX_POINT('',#12028);
#3782=VERTEX_POINT('',#12035);
#3783=VERTEX_POINT('',#12037);
#3784=VERTEX_POINT('',#12041);
#3785=VERTEX_POINT('',#12045);
#3786=VERTEX_POINT('',#12052);
#3787=VERTEX_POINT('',#12054);
#3788=VERTEX_POINT('',#12058);
#3789=VERTEX_POINT('',#12062);
#3790=VERTEX_POINT('',#12069);
#3791=VERTEX_POINT('',#12071);
#3792=VERTEX_POINT('',#12075);
#3793=VERTEX_POINT('',#12079);
#3794=VERTEX_POINT('',#12086);
#3795=VERTEX_POINT('',#12088);
#3796=VERTEX_POINT('',#12092);
#3797=VERTEX_POINT('',#12096);
#3798=VERTEX_POINT('',#12103);
#3799=VERTEX_POINT('',#12105);
#3800=VERTEX_POINT('',#12109);
#3801=VERTEX_POINT('',#12113);
#3802=EDGE_CURVE('',#3186,#3186,#2930,.T.);
#3803=EDGE_CURVE('',#3186,#3187,#1594,.T.);
#3804=EDGE_CURVE('',#3187,#3187,#2931,.T.);
#3805=EDGE_CURVE('',#3188,#3188,#2932,.T.);
#3806=EDGE_CURVE('',#3188,#3189,#1595,.T.);
#3807=EDGE_CURVE('',#3189,#3189,#2933,.T.);
#3808=EDGE_CURVE('',#3190,#3190,#2934,.T.);
#3809=EDGE_CURVE('',#3190,#3191,#1596,.T.);
#3810=EDGE_CURVE('',#3191,#3191,#2935,.T.);
#3811=EDGE_CURVE('',#3192,#3192,#2936,.T.);
#3812=EDGE_CURVE('',#3192,#3193,#1597,.T.);
#3813=EDGE_CURVE('',#3193,#3193,#2937,.T.);
#3814=EDGE_CURVE('',#3194,#3194,#2938,.T.);
#3815=EDGE_CURVE('',#3194,#3195,#1598,.T.);
#3816=EDGE_CURVE('',#3195,#3195,#2939,.T.);
#3817=EDGE_CURVE('',#3196,#3196,#2940,.T.);
#3818=EDGE_CURVE('',#3196,#3197,#1599,.T.);
#3819=EDGE_CURVE('',#3197,#3197,#2941,.T.);
#3820=EDGE_CURVE('',#3198,#3198,#2942,.T.);
#3821=EDGE_CURVE('',#3198,#3199,#1600,.T.);
#3822=EDGE_CURVE('',#3199,#3199,#2943,.T.);
#3823=EDGE_CURVE('',#3200,#3200,#2944,.T.);
#3824=EDGE_CURVE('',#3200,#3201,#1601,.T.);
#3825=EDGE_CURVE('',#3201,#3201,#2945,.T.);
#3826=EDGE_CURVE('',#3202,#3202,#2946,.T.);
#3827=EDGE_CURVE('',#3202,#3203,#1602,.T.);
#3828=EDGE_CURVE('',#3203,#3203,#2947,.T.);
#3829=EDGE_CURVE('',#3204,#3204,#2948,.T.);
#3830=EDGE_CURVE('',#3204,#3205,#1603,.T.);
#3831=EDGE_CURVE('',#3205,#3205,#2949,.T.);
#3832=EDGE_CURVE('',#3206,#3206,#2950,.T.);
#3833=EDGE_CURVE('',#3206,#3207,#1604,.T.);
#3834=EDGE_CURVE('',#3207,#3207,#2951,.T.);
#3835=EDGE_CURVE('',#3208,#3208,#2952,.T.);
#3836=EDGE_CURVE('',#3208,#3209,#1605,.T.);
#3837=EDGE_CURVE('',#3209,#3209,#2953,.T.);
#3838=EDGE_CURVE('',#3210,#3210,#2954,.T.);
#3839=EDGE_CURVE('',#3210,#3211,#1606,.T.);
#3840=EDGE_CURVE('',#3211,#3211,#2955,.T.);
#3841=EDGE_CURVE('',#3212,#3212,#2956,.T.);
#3842=EDGE_CURVE('',#3212,#3213,#1607,.T.);
#3843=EDGE_CURVE('',#3213,#3213,#2957,.T.);
#3844=EDGE_CURVE('',#3214,#3214,#2958,.T.);
#3845=EDGE_CURVE('',#3214,#3215,#1608,.T.);
#3846=EDGE_CURVE('',#3215,#3215,#2959,.T.);
#3847=EDGE_CURVE('',#3216,#3216,#2960,.T.);
#3848=EDGE_CURVE('',#3216,#3217,#1609,.T.);
#3849=EDGE_CURVE('',#3217,#3217,#2961,.T.);
#3850=EDGE_CURVE('',#3218,#3218,#2962,.T.);
#3851=EDGE_CURVE('',#3218,#3219,#1610,.T.);
#3852=EDGE_CURVE('',#3219,#3219,#2963,.T.);
#3853=EDGE_CURVE('',#3220,#3220,#2964,.T.);
#3854=EDGE_CURVE('',#3220,#3221,#1611,.T.);
#3855=EDGE_CURVE('',#3221,#3221,#2965,.T.);
#3856=EDGE_CURVE('',#3222,#3222,#2966,.T.);
#3857=EDGE_CURVE('',#3222,#3223,#1612,.T.);
#3858=EDGE_CURVE('',#3223,#3223,#2967,.T.);
#3859=EDGE_CURVE('',#3224,#3224,#2968,.T.);
#3860=EDGE_CURVE('',#3224,#3225,#1613,.T.);
#3861=EDGE_CURVE('',#3225,#3225,#2969,.T.);
#3862=EDGE_CURVE('',#3226,#3226,#2970,.T.);
#3863=EDGE_CURVE('',#3226,#3227,#1614,.T.);
#3864=EDGE_CURVE('',#3227,#3227,#2971,.T.);
#3865=EDGE_CURVE('',#3228,#3228,#2972,.T.);
#3866=EDGE_CURVE('',#3228,#3229,#1615,.T.);
#3867=EDGE_CURVE('',#3229,#3229,#2973,.T.);
#3868=EDGE_CURVE('',#3230,#3230,#2974,.T.);
#3869=EDGE_CURVE('',#3230,#3231,#1616,.T.);
#3870=EDGE_CURVE('',#3231,#3231,#2975,.T.);
#3871=EDGE_CURVE('',#3232,#3232,#2976,.T.);
#3872=EDGE_CURVE('',#3232,#3233,#1617,.T.);
#3873=EDGE_CURVE('',#3233,#3233,#2977,.T.);
#3874=EDGE_CURVE('',#3234,#3234,#2978,.T.);
#3875=EDGE_CURVE('',#3234,#3235,#1618,.T.);
#3876=EDGE_CURVE('',#3235,#3235,#2979,.T.);
#3877=EDGE_CURVE('',#3236,#3236,#2980,.T.);
#3878=EDGE_CURVE('',#3236,#3237,#1619,.T.);
#3879=EDGE_CURVE('',#3237,#3237,#2981,.T.);
#3880=EDGE_CURVE('',#3238,#3238,#2982,.T.);
#3881=EDGE_CURVE('',#3238,#3239,#1620,.T.);
#3882=EDGE_CURVE('',#3239,#3239,#2983,.T.);
#3883=EDGE_CURVE('',#3240,#3240,#2984,.T.);
#3884=EDGE_CURVE('',#3240,#3241,#1621,.T.);
#3885=EDGE_CURVE('',#3241,#3241,#2985,.T.);
#3886=EDGE_CURVE('',#3242,#3242,#2986,.T.);
#3887=EDGE_CURVE('',#3242,#3243,#1622,.T.);
#3888=EDGE_CURVE('',#3243,#3243,#2987,.T.);
#3889=EDGE_CURVE('',#3244,#3244,#2988,.T.);
#3890=EDGE_CURVE('',#3244,#3245,#1623,.T.);
#3891=EDGE_CURVE('',#3245,#3245,#2989,.T.);
#3892=EDGE_CURVE('',#3246,#3246,#2990,.T.);
#3893=EDGE_CURVE('',#3246,#3247,#1624,.T.);
#3894=EDGE_CURVE('',#3247,#3247,#2991,.T.);
#3895=EDGE_CURVE('',#3248,#3248,#2992,.T.);
#3896=EDGE_CURVE('',#3248,#3249,#1625,.T.);
#3897=EDGE_CURVE('',#3249,#3249,#2993,.T.);
#3898=EDGE_CURVE('',#3250,#3250,#2994,.T.);
#3899=EDGE_CURVE('',#3250,#3251,#1626,.T.);
#3900=EDGE_CURVE('',#3251,#3251,#2995,.T.);
#3901=EDGE_CURVE('',#3252,#3252,#2996,.T.);
#3902=EDGE_CURVE('',#3252,#3253,#1627,.T.);
#3903=EDGE_CURVE('',#3253,#3253,#2997,.T.);
#3904=EDGE_CURVE('',#3254,#3254,#2998,.T.);
#3905=EDGE_CURVE('',#3254,#3255,#1628,.T.);
#3906=EDGE_CURVE('',#3255,#3255,#2999,.T.);
#3907=EDGE_CURVE('',#3256,#3256,#3000,.T.);
#3908=EDGE_CURVE('',#3256,#3257,#1629,.T.);
#3909=EDGE_CURVE('',#3257,#3257,#3001,.T.);
#3910=EDGE_CURVE('',#3258,#3258,#3002,.T.);
#3911=EDGE_CURVE('',#3258,#3259,#1630,.T.);
#3912=EDGE_CURVE('',#3259,#3259,#3003,.T.);
#3913=EDGE_CURVE('',#3260,#3260,#3004,.T.);
#3914=EDGE_CURVE('',#3260,#3261,#1631,.T.);
#3915=EDGE_CURVE('',#3261,#3261,#3005,.T.);
#3916=EDGE_CURVE('',#3262,#3262,#3006,.T.);
#3917=EDGE_CURVE('',#3262,#3263,#1632,.T.);
#3918=EDGE_CURVE('',#3263,#3263,#3007,.T.);
#3919=EDGE_CURVE('',#3264,#3264,#3008,.T.);
#3920=EDGE_CURVE('',#3264,#3265,#1633,.T.);
#3921=EDGE_CURVE('',#3265,#3265,#3009,.T.);
#3922=EDGE_CURVE('',#3266,#3266,#3010,.T.);
#3923=EDGE_CURVE('',#3266,#3267,#1634,.T.);
#3924=EDGE_CURVE('',#3267,#3267,#3011,.T.);
#3925=EDGE_CURVE('',#3268,#3268,#3012,.T.);
#3926=EDGE_CURVE('',#3268,#3269,#1635,.T.);
#3927=EDGE_CURVE('',#3269,#3269,#3013,.T.);
#3928=EDGE_CURVE('',#3270,#3270,#3014,.T.);
#3929=EDGE_CURVE('',#3270,#3271,#1636,.T.);
#3930=EDGE_CURVE('',#3271,#3271,#3015,.T.);
#3931=EDGE_CURVE('',#3272,#3272,#3016,.T.);
#3932=EDGE_CURVE('',#3272,#3273,#1637,.T.);
#3933=EDGE_CURVE('',#3273,#3273,#3017,.T.);
#3934=EDGE_CURVE('',#3274,#3274,#3018,.T.);
#3935=EDGE_CURVE('',#3274,#3275,#1638,.T.);
#3936=EDGE_CURVE('',#3275,#3275,#3019,.T.);
#3937=EDGE_CURVE('',#3276,#3276,#3020,.T.);
#3938=EDGE_CURVE('',#3276,#3277,#1639,.T.);
#3939=EDGE_CURVE('',#3277,#3277,#3021,.T.);
#3940=EDGE_CURVE('',#3278,#3278,#3022,.T.);
#3941=EDGE_CURVE('',#3278,#3279,#1640,.T.);
#3942=EDGE_CURVE('',#3279,#3279,#3023,.T.);
#3943=EDGE_CURVE('',#3280,#3280,#3024,.T.);
#3944=EDGE_CURVE('',#3280,#3281,#1641,.T.);
#3945=EDGE_CURVE('',#3281,#3281,#3025,.T.);
#3946=EDGE_CURVE('',#3282,#3282,#3026,.T.);
#3947=EDGE_CURVE('',#3282,#3283,#1642,.T.);
#3948=EDGE_CURVE('',#3283,#3283,#3027,.T.);
#3949=EDGE_CURVE('',#3284,#3284,#3028,.T.);
#3950=EDGE_CURVE('',#3284,#3285,#1643,.T.);
#3951=EDGE_CURVE('',#3285,#3285,#3029,.T.);
#3952=EDGE_CURVE('',#3286,#3286,#3030,.T.);
#3953=EDGE_CURVE('',#3286,#3287,#1644,.T.);
#3954=EDGE_CURVE('',#3287,#3287,#3031,.T.);
#3955=EDGE_CURVE('',#3288,#3288,#3032,.T.);
#3956=EDGE_CURVE('',#3288,#3289,#1645,.T.);
#3957=EDGE_CURVE('',#3289,#3289,#3033,.T.);
#3958=EDGE_CURVE('',#3290,#3290,#3034,.T.);
#3959=EDGE_CURVE('',#3290,#3291,#1646,.T.);
#3960=EDGE_CURVE('',#3291,#3291,#3035,.T.);
#3961=EDGE_CURVE('',#3292,#3292,#3036,.T.);
#3962=EDGE_CURVE('',#3292,#3293,#1647,.T.);
#3963=EDGE_CURVE('',#3293,#3293,#3037,.T.);
#3964=EDGE_CURVE('',#3294,#3294,#3038,.T.);
#3965=EDGE_CURVE('',#3294,#3295,#1648,.T.);
#3966=EDGE_CURVE('',#3295,#3295,#3039,.T.);
#3967=EDGE_CURVE('',#3296,#3296,#3040,.T.);
#3968=EDGE_CURVE('',#3296,#3297,#1649,.T.);
#3969=EDGE_CURVE('',#3297,#3297,#3041,.T.);
#3970=EDGE_CURVE('',#3298,#3298,#3042,.T.);
#3971=EDGE_CURVE('',#3298,#3299,#1650,.T.);
#3972=EDGE_CURVE('',#3299,#3299,#3043,.T.);
#3973=EDGE_CURVE('',#3300,#3300,#3044,.T.);
#3974=EDGE_CURVE('',#3300,#3301,#1651,.T.);
#3975=EDGE_CURVE('',#3301,#3301,#3045,.T.);
#3976=EDGE_CURVE('',#3302,#3302,#3046,.T.);
#3977=EDGE_CURVE('',#3302,#3303,#1652,.T.);
#3978=EDGE_CURVE('',#3303,#3303,#3047,.T.);
#3979=EDGE_CURVE('',#3304,#3304,#3048,.T.);
#3980=EDGE_CURVE('',#3304,#3305,#1653,.T.);
#3981=EDGE_CURVE('',#3305,#3305,#3049,.T.);
#3982=EDGE_CURVE('',#3306,#3306,#3050,.T.);
#3983=EDGE_CURVE('',#3306,#3307,#1654,.T.);
#3984=EDGE_CURVE('',#3307,#3307,#3051,.T.);
#3985=EDGE_CURVE('',#3308,#3308,#3052,.T.);
#3986=EDGE_CURVE('',#3308,#3309,#1655,.T.);
#3987=EDGE_CURVE('',#3309,#3309,#3053,.T.);
#3988=EDGE_CURVE('',#3310,#3310,#3054,.T.);
#3989=EDGE_CURVE('',#3310,#3311,#1656,.T.);
#3990=EDGE_CURVE('',#3311,#3311,#3055,.T.);
#3991=EDGE_CURVE('',#3312,#3312,#3056,.T.);
#3992=EDGE_CURVE('',#3312,#3313,#1657,.T.);
#3993=EDGE_CURVE('',#3313,#3313,#3057,.T.);
#3994=EDGE_CURVE('',#3314,#3314,#3058,.T.);
#3995=EDGE_CURVE('',#3314,#3315,#1658,.T.);
#3996=EDGE_CURVE('',#3315,#3315,#3059,.T.);
#3997=EDGE_CURVE('',#3316,#3316,#3060,.T.);
#3998=EDGE_CURVE('',#3316,#3317,#1659,.T.);
#3999=EDGE_CURVE('',#3317,#3317,#3061,.T.);
#4000=EDGE_CURVE('',#3318,#3318,#3062,.T.);
#4001=EDGE_CURVE('',#3318,#3319,#1660,.T.);
#4002=EDGE_CURVE('',#3319,#3319,#3063,.T.);
#4003=EDGE_CURVE('',#3320,#3320,#3064,.T.);
#4004=EDGE_CURVE('',#3320,#3321,#1661,.T.);
#4005=EDGE_CURVE('',#3321,#3321,#3065,.T.);
#4006=EDGE_CURVE('',#3322,#3322,#3066,.T.);
#4007=EDGE_CURVE('',#3322,#3323,#1662,.T.);
#4008=EDGE_CURVE('',#3323,#3323,#3067,.T.);
#4009=EDGE_CURVE('',#3324,#3324,#3068,.T.);
#4010=EDGE_CURVE('',#3324,#3325,#1663,.T.);
#4011=EDGE_CURVE('',#3325,#3325,#3069,.T.);
#4012=EDGE_CURVE('',#3326,#3326,#3070,.T.);
#4013=EDGE_CURVE('',#3326,#3327,#1664,.T.);
#4014=EDGE_CURVE('',#3327,#3327,#3071,.T.);
#4015=EDGE_CURVE('',#3328,#3328,#3072,.T.);
#4016=EDGE_CURVE('',#3328,#3329,#1665,.T.);
#4017=EDGE_CURVE('',#3329,#3329,#3073,.T.);
#4018=EDGE_CURVE('',#3330,#3330,#3074,.T.);
#4019=EDGE_CURVE('',#3330,#3331,#1666,.T.);
#4020=EDGE_CURVE('',#3331,#3331,#3075,.T.);
#4021=EDGE_CURVE('',#3332,#3332,#3076,.T.);
#4022=EDGE_CURVE('',#3332,#3333,#1667,.T.);
#4023=EDGE_CURVE('',#3333,#3333,#3077,.T.);
#4024=EDGE_CURVE('',#3334,#3334,#3078,.T.);
#4025=EDGE_CURVE('',#3334,#3335,#1668,.T.);
#4026=EDGE_CURVE('',#3335,#3335,#3079,.T.);
#4027=EDGE_CURVE('',#3336,#3336,#3080,.T.);
#4028=EDGE_CURVE('',#3336,#3337,#1669,.T.);
#4029=EDGE_CURVE('',#3337,#3337,#3081,.T.);
#4030=EDGE_CURVE('',#3338,#3338,#3082,.T.);
#4031=EDGE_CURVE('',#3338,#3339,#1670,.T.);
#4032=EDGE_CURVE('',#3339,#3339,#3083,.T.);
#4033=EDGE_CURVE('',#3340,#3340,#3084,.T.);
#4034=EDGE_CURVE('',#3340,#3341,#1671,.T.);
#4035=EDGE_CURVE('',#3341,#3341,#3085,.T.);
#4036=EDGE_CURVE('',#3342,#3342,#3086,.T.);
#4037=EDGE_CURVE('',#3342,#3343,#1672,.T.);
#4038=EDGE_CURVE('',#3343,#3343,#3087,.T.);
#4039=EDGE_CURVE('',#3344,#3344,#3088,.T.);
#4040=EDGE_CURVE('',#3344,#3345,#1673,.T.);
#4041=EDGE_CURVE('',#3345,#3345,#3089,.T.);
#4042=EDGE_CURVE('',#3346,#3346,#3090,.T.);
#4043=EDGE_CURVE('',#3346,#3347,#1674,.T.);
#4044=EDGE_CURVE('',#3347,#3347,#3091,.T.);
#4045=EDGE_CURVE('',#3348,#3348,#3092,.T.);
#4046=EDGE_CURVE('',#3348,#3349,#1675,.T.);
#4047=EDGE_CURVE('',#3349,#3349,#3093,.T.);
#4048=EDGE_CURVE('',#3350,#3350,#3094,.T.);
#4049=EDGE_CURVE('',#3350,#3351,#1676,.T.);
#4050=EDGE_CURVE('',#3351,#3351,#3095,.T.);
#4051=EDGE_CURVE('',#3352,#3352,#3096,.T.);
#4052=EDGE_CURVE('',#3352,#3353,#1677,.T.);
#4053=EDGE_CURVE('',#3353,#3353,#3097,.T.);
#4054=EDGE_CURVE('',#3354,#3354,#3098,.T.);
#4055=EDGE_CURVE('',#3354,#3355,#1678,.T.);
#4056=EDGE_CURVE('',#3355,#3355,#3099,.T.);
#4057=EDGE_CURVE('',#3356,#3356,#3100,.T.);
#4058=EDGE_CURVE('',#3356,#3357,#1679,.T.);
#4059=EDGE_CURVE('',#3357,#3357,#3101,.T.);
#4060=EDGE_CURVE('',#3358,#3358,#3102,.T.);
#4061=EDGE_CURVE('',#3358,#3359,#1680,.T.);
#4062=EDGE_CURVE('',#3359,#3359,#3103,.T.);
#4063=EDGE_CURVE('',#3360,#3360,#3104,.T.);
#4064=EDGE_CURVE('',#3360,#3361,#1681,.T.);
#4065=EDGE_CURVE('',#3361,#3361,#3105,.T.);
#4066=EDGE_CURVE('',#3362,#3362,#3106,.T.);
#4067=EDGE_CURVE('',#3362,#3363,#1682,.T.);
#4068=EDGE_CURVE('',#3363,#3363,#3107,.T.);
#4069=EDGE_CURVE('',#3364,#3364,#3108,.T.);
#4070=EDGE_CURVE('',#3364,#3365,#1683,.T.);
#4071=EDGE_CURVE('',#3365,#3365,#3109,.T.);
#4072=EDGE_CURVE('',#3366,#3366,#3110,.T.);
#4073=EDGE_CURVE('',#3366,#3367,#1684,.T.);
#4074=EDGE_CURVE('',#3367,#3367,#3111,.T.);
#4075=EDGE_CURVE('',#3368,#3368,#3112,.T.);
#4076=EDGE_CURVE('',#3368,#3369,#1685,.T.);
#4077=EDGE_CURVE('',#3369,#3369,#3113,.T.);
#4078=EDGE_CURVE('',#3370,#3370,#3114,.T.);
#4079=EDGE_CURVE('',#3370,#3371,#1686,.T.);
#4080=EDGE_CURVE('',#3371,#3371,#3115,.T.);
#4081=EDGE_CURVE('',#3372,#3372,#3116,.T.);
#4082=EDGE_CURVE('',#3372,#3373,#1687,.T.);
#4083=EDGE_CURVE('',#3373,#3373,#3117,.T.);
#4084=EDGE_CURVE('',#3374,#3374,#3118,.T.);
#4085=EDGE_CURVE('',#3374,#3375,#1688,.T.);
#4086=EDGE_CURVE('',#3375,#3375,#3119,.T.);
#4087=EDGE_CURVE('',#3376,#3376,#3120,.T.);
#4088=EDGE_CURVE('',#3376,#3377,#1689,.T.);
#4089=EDGE_CURVE('',#3377,#3377,#3121,.T.);
#4090=EDGE_CURVE('',#3378,#3378,#3122,.T.);
#4091=EDGE_CURVE('',#3378,#3379,#1690,.T.);
#4092=EDGE_CURVE('',#3379,#3379,#3123,.T.);
#4093=EDGE_CURVE('',#3380,#3380,#3124,.T.);
#4094=EDGE_CURVE('',#3380,#3381,#1691,.T.);
#4095=EDGE_CURVE('',#3381,#3381,#3125,.T.);
#4096=EDGE_CURVE('',#3382,#3382,#3126,.T.);
#4097=EDGE_CURVE('',#3382,#3383,#1692,.T.);
#4098=EDGE_CURVE('',#3383,#3383,#3127,.T.);
#4099=EDGE_CURVE('',#3384,#3384,#3128,.T.);
#4100=EDGE_CURVE('',#3384,#3385,#1693,.T.);
#4101=EDGE_CURVE('',#3385,#3385,#3129,.T.);
#4102=EDGE_CURVE('',#3386,#3386,#3130,.T.);
#4103=EDGE_CURVE('',#3386,#3387,#1694,.T.);
#4104=EDGE_CURVE('',#3387,#3387,#3131,.T.);
#4105=EDGE_CURVE('',#3388,#3388,#3132,.T.);
#4106=EDGE_CURVE('',#3388,#3389,#1695,.T.);
#4107=EDGE_CURVE('',#3389,#3389,#3133,.T.);
#4108=EDGE_CURVE('',#3390,#3390,#3134,.T.);
#4109=EDGE_CURVE('',#3390,#3391,#1696,.T.);
#4110=EDGE_CURVE('',#3391,#3391,#3135,.T.);
#4111=EDGE_CURVE('',#3392,#3392,#3136,.T.);
#4112=EDGE_CURVE('',#3392,#3393,#1697,.T.);
#4113=EDGE_CURVE('',#3393,#3393,#3137,.T.);
#4114=EDGE_CURVE('',#3394,#3394,#3138,.T.);
#4115=EDGE_CURVE('',#3394,#3395,#1698,.T.);
#4116=EDGE_CURVE('',#3395,#3395,#3139,.T.);
#4117=EDGE_CURVE('',#3396,#3396,#3140,.T.);
#4118=EDGE_CURVE('',#3396,#3397,#1699,.T.);
#4119=EDGE_CURVE('',#3397,#3397,#3141,.T.);
#4120=EDGE_CURVE('',#3398,#3398,#3142,.T.);
#4121=EDGE_CURVE('',#3398,#3399,#1700,.T.);
#4122=EDGE_CURVE('',#3399,#3399,#3143,.T.);
#4123=EDGE_CURVE('',#3400,#3400,#3144,.T.);
#4124=EDGE_CURVE('',#3400,#3401,#1701,.T.);
#4125=EDGE_CURVE('',#3401,#3401,#3145,.T.);
#4126=EDGE_CURVE('',#3402,#3402,#3146,.T.);
#4127=EDGE_CURVE('',#3402,#3403,#1702,.T.);
#4128=EDGE_CURVE('',#3403,#3403,#3147,.T.);
#4129=EDGE_CURVE('',#3404,#3404,#3148,.T.);
#4130=EDGE_CURVE('',#3404,#3405,#1703,.T.);
#4131=EDGE_CURVE('',#3405,#3405,#3149,.T.);
#4132=EDGE_CURVE('',#3406,#3406,#3150,.T.);
#4133=EDGE_CURVE('',#3406,#3407,#1704,.T.);
#4134=EDGE_CURVE('',#3407,#3407,#3151,.T.);
#4135=EDGE_CURVE('',#3408,#3408,#3152,.T.);
#4136=EDGE_CURVE('',#3408,#3409,#1705,.T.);
#4137=EDGE_CURVE('',#3409,#3409,#3153,.T.);
#4138=EDGE_CURVE('',#3410,#3410,#3154,.T.);
#4139=EDGE_CURVE('',#3410,#3411,#1706,.T.);
#4140=EDGE_CURVE('',#3411,#3411,#3155,.T.);
#4141=EDGE_CURVE('',#3412,#3412,#3156,.T.);
#4142=EDGE_CURVE('',#3412,#3413,#1707,.T.);
#4143=EDGE_CURVE('',#3413,#3413,#3157,.T.);
#4144=EDGE_CURVE('',#3414,#3414,#3158,.T.);
#4145=EDGE_CURVE('',#3414,#3415,#1708,.T.);
#4146=EDGE_CURVE('',#3415,#3415,#3159,.T.);
#4147=EDGE_CURVE('',#3416,#3416,#3160,.T.);
#4148=EDGE_CURVE('',#3416,#3417,#1709,.T.);
#4149=EDGE_CURVE('',#3417,#3417,#3161,.T.);
#4150=EDGE_CURVE('',#3418,#3418,#3162,.T.);
#4151=EDGE_CURVE('',#3418,#3419,#1710,.T.);
#4152=EDGE_CURVE('',#3419,#3419,#3163,.T.);
#4153=EDGE_CURVE('',#3420,#3420,#3164,.T.);
#4154=EDGE_CURVE('',#3420,#3421,#1711,.T.);
#4155=EDGE_CURVE('',#3421,#3421,#3165,.T.);
#4156=EDGE_CURVE('',#3422,#3422,#3166,.T.);
#4157=EDGE_CURVE('',#3422,#3423,#1712,.T.);
#4158=EDGE_CURVE('',#3423,#3423,#3167,.T.);
#4159=EDGE_CURVE('',#3424,#3424,#3168,.T.);
#4160=EDGE_CURVE('',#3424,#3425,#1713,.T.);
#4161=EDGE_CURVE('',#3425,#3425,#3169,.T.);
#4162=EDGE_CURVE('',#3426,#3426,#3170,.T.);
#4163=EDGE_CURVE('',#3426,#3427,#1714,.T.);
#4164=EDGE_CURVE('',#3427,#3427,#3171,.T.);
#4165=EDGE_CURVE('',#3428,#3428,#3172,.T.);
#4166=EDGE_CURVE('',#3428,#3429,#1715,.T.);
#4167=EDGE_CURVE('',#3429,#3429,#3173,.T.);
#4168=EDGE_CURVE('',#3430,#3430,#3174,.T.);
#4169=EDGE_CURVE('',#3430,#3431,#1716,.T.);
#4170=EDGE_CURVE('',#3431,#3431,#3175,.T.);
#4171=EDGE_CURVE('',#3432,#3432,#3176,.T.);
#4172=EDGE_CURVE('',#3432,#3433,#1717,.T.);
#4173=EDGE_CURVE('',#3433,#3433,#3177,.T.);
#4174=EDGE_CURVE('',#3434,#3435,#1718,.T.);
#4175=EDGE_CURVE('',#3434,#3436,#3178,.T.);
#4176=EDGE_CURVE('',#3436,#3437,#1719,.T.);
#4177=EDGE_CURVE('',#3437,#3438,#3179,.T.);
#4178=EDGE_CURVE('',#3439,#3438,#1720,.T.);
#4179=EDGE_CURVE('',#3440,#3439,#3180,.T.);
#4180=EDGE_CURVE('',#3441,#3440,#1721,.T.);
#4181=EDGE_CURVE('',#3435,#3441,#3181,.T.);
#4182=EDGE_CURVE('',#3442,#3443,#1722,.T.);
#4183=EDGE_CURVE('',#3442,#3444,#1723,.T.);
#4184=EDGE_CURVE('',#3444,#3445,#1724,.T.);
#4185=EDGE_CURVE('',#3443,#3445,#1725,.T.);
#4186=EDGE_CURVE('',#3446,#3447,#1726,.T.);
#4187=EDGE_CURVE('',#3446,#3448,#1727,.T.);
#4188=EDGE_CURVE('',#3448,#3449,#1728,.T.);
#4189=EDGE_CURVE('',#3447,#3449,#1729,.T.);
#4190=EDGE_CURVE('',#3450,#3451,#1730,.T.);
#4191=EDGE_CURVE('',#3450,#3452,#1731,.T.);
#4192=EDGE_CURVE('',#3452,#3453,#1732,.T.);
#4193=EDGE_CURVE('',#3451,#3453,#1733,.T.);
#4194=EDGE_CURVE('',#3454,#3455,#1734,.T.);
#4195=EDGE_CURVE('',#3454,#3456,#1735,.T.);
#4196=EDGE_CURVE('',#3456,#3457,#1736,.T.);
#4197=EDGE_CURVE('',#3455,#3457,#1737,.T.);
#4198=EDGE_CURVE('',#3458,#3459,#1738,.T.);
#4199=EDGE_CURVE('',#3458,#3460,#1739,.T.);
#4200=EDGE_CURVE('',#3460,#3461,#1740,.T.);
#4201=EDGE_CURVE('',#3459,#3461,#1741,.T.);
#4202=EDGE_CURVE('',#3462,#3463,#1742,.T.);
#4203=EDGE_CURVE('',#3462,#3464,#1743,.T.);
#4204=EDGE_CURVE('',#3464,#3465,#1744,.T.);
#4205=EDGE_CURVE('',#3463,#3465,#1745,.T.);
#4206=EDGE_CURVE('',#3466,#3467,#1746,.T.);
#4207=EDGE_CURVE('',#3466,#3468,#1747,.T.);
#4208=EDGE_CURVE('',#3468,#3469,#1748,.T.);
#4209=EDGE_CURVE('',#3467,#3469,#1749,.T.);
#4210=EDGE_CURVE('',#3470,#3471,#1750,.T.);
#4211=EDGE_CURVE('',#3470,#3472,#1751,.T.);
#4212=EDGE_CURVE('',#3472,#3473,#1752,.T.);
#4213=EDGE_CURVE('',#3471,#3473,#1753,.T.);
#4214=EDGE_CURVE('',#3474,#3475,#1754,.T.);
#4215=EDGE_CURVE('',#3474,#3476,#1755,.T.);
#4216=EDGE_CURVE('',#3476,#3477,#1756,.T.);
#4217=EDGE_CURVE('',#3475,#3477,#1757,.T.);
#4218=EDGE_CURVE('',#3478,#3479,#1758,.T.);
#4219=EDGE_CURVE('',#3478,#3480,#1759,.T.);
#4220=EDGE_CURVE('',#3480,#3481,#1760,.T.);
#4221=EDGE_CURVE('',#3479,#3481,#1761,.T.);
#4222=EDGE_CURVE('',#3482,#3483,#1762,.T.);
#4223=EDGE_CURVE('',#3482,#3484,#1763,.T.);
#4224=EDGE_CURVE('',#3484,#3485,#1764,.T.);
#4225=EDGE_CURVE('',#3483,#3485,#1765,.T.);
#4226=EDGE_CURVE('',#3486,#3487,#1766,.T.);
#4227=EDGE_CURVE('',#3486,#3488,#1767,.T.);
#4228=EDGE_CURVE('',#3488,#3489,#1768,.T.);
#4229=EDGE_CURVE('',#3487,#3489,#1769,.T.);
#4230=EDGE_CURVE('',#3490,#3491,#1770,.T.);
#4231=EDGE_CURVE('',#3490,#3492,#1771,.T.);
#4232=EDGE_CURVE('',#3492,#3493,#1772,.T.);
#4233=EDGE_CURVE('',#3491,#3493,#1773,.T.);
#4234=EDGE_CURVE('',#3494,#3495,#1774,.T.);
#4235=EDGE_CURVE('',#3494,#3496,#1775,.T.);
#4236=EDGE_CURVE('',#3496,#3497,#1776,.T.);
#4237=EDGE_CURVE('',#3495,#3497,#1777,.T.);
#4238=EDGE_CURVE('',#3498,#3499,#1778,.T.);
#4239=EDGE_CURVE('',#3498,#3500,#1779,.T.);
#4240=EDGE_CURVE('',#3500,#3501,#1780,.T.);
#4241=EDGE_CURVE('',#3499,#3501,#1781,.T.);
#4242=EDGE_CURVE('',#3502,#3503,#1782,.T.);
#4243=EDGE_CURVE('',#3502,#3504,#1783,.T.);
#4244=EDGE_CURVE('',#3504,#3505,#1784,.T.);
#4245=EDGE_CURVE('',#3503,#3505,#1785,.T.);
#4246=EDGE_CURVE('',#3506,#3507,#1786,.T.);
#4247=EDGE_CURVE('',#3506,#3508,#1787,.T.);
#4248=EDGE_CURVE('',#3508,#3509,#1788,.T.);
#4249=EDGE_CURVE('',#3507,#3509,#1789,.T.);
#4250=EDGE_CURVE('',#3510,#3511,#1790,.T.);
#4251=EDGE_CURVE('',#3510,#3512,#1791,.T.);
#4252=EDGE_CURVE('',#3512,#3513,#1792,.T.);
#4253=EDGE_CURVE('',#3511,#3513,#1793,.T.);
#4254=EDGE_CURVE('',#3514,#3515,#1794,.T.);
#4255=EDGE_CURVE('',#3514,#3516,#1795,.T.);
#4256=EDGE_CURVE('',#3516,#3517,#1796,.T.);
#4257=EDGE_CURVE('',#3515,#3517,#1797,.T.);
#4258=EDGE_CURVE('',#3518,#3519,#1798,.T.);
#4259=EDGE_CURVE('',#3518,#3520,#1799,.T.);
#4260=EDGE_CURVE('',#3520,#3521,#1800,.T.);
#4261=EDGE_CURVE('',#3519,#3521,#1801,.T.);
#4262=EDGE_CURVE('',#3522,#3523,#1802,.T.);
#4263=EDGE_CURVE('',#3522,#3524,#1803,.T.);
#4264=EDGE_CURVE('',#3524,#3525,#1804,.T.);
#4265=EDGE_CURVE('',#3523,#3525,#1805,.T.);
#4266=EDGE_CURVE('',#3526,#3527,#1806,.T.);
#4267=EDGE_CURVE('',#3526,#3528,#1807,.T.);
#4268=EDGE_CURVE('',#3528,#3529,#1808,.T.);
#4269=EDGE_CURVE('',#3527,#3529,#1809,.T.);
#4270=EDGE_CURVE('',#3530,#3531,#1810,.T.);
#4271=EDGE_CURVE('',#3530,#3532,#1811,.T.);
#4272=EDGE_CURVE('',#3532,#3533,#1812,.T.);
#4273=EDGE_CURVE('',#3531,#3533,#1813,.T.);
#4274=EDGE_CURVE('',#3534,#3535,#1814,.T.);
#4275=EDGE_CURVE('',#3534,#3536,#1815,.T.);
#4276=EDGE_CURVE('',#3536,#3537,#1816,.T.);
#4277=EDGE_CURVE('',#3535,#3537,#1817,.T.);
#4278=EDGE_CURVE('',#3538,#3539,#1818,.T.);
#4279=EDGE_CURVE('',#3538,#3540,#1819,.T.);
#4280=EDGE_CURVE('',#3540,#3541,#1820,.T.);
#4281=EDGE_CURVE('',#3539,#3541,#1821,.T.);
#4282=EDGE_CURVE('',#3542,#3543,#1822,.T.);
#4283=EDGE_CURVE('',#3542,#3544,#1823,.T.);
#4284=EDGE_CURVE('',#3544,#3545,#1824,.T.);
#4285=EDGE_CURVE('',#3543,#3545,#1825,.T.);
#4286=EDGE_CURVE('',#3546,#3547,#1826,.T.);
#4287=EDGE_CURVE('',#3546,#3548,#1827,.T.);
#4288=EDGE_CURVE('',#3548,#3549,#1828,.T.);
#4289=EDGE_CURVE('',#3547,#3549,#1829,.T.);
#4290=EDGE_CURVE('',#3550,#3551,#1830,.T.);
#4291=EDGE_CURVE('',#3550,#3552,#1831,.T.);
#4292=EDGE_CURVE('',#3552,#3553,#1832,.T.);
#4293=EDGE_CURVE('',#3551,#3553,#1833,.T.);
#4294=EDGE_CURVE('',#3554,#3555,#1834,.T.);
#4295=EDGE_CURVE('',#3554,#3556,#1835,.T.);
#4296=EDGE_CURVE('',#3556,#3557,#1836,.T.);
#4297=EDGE_CURVE('',#3555,#3557,#1837,.T.);
#4298=EDGE_CURVE('',#3558,#3559,#1838,.T.);
#4299=EDGE_CURVE('',#3558,#3560,#1839,.T.);
#4300=EDGE_CURVE('',#3560,#3561,#1840,.T.);
#4301=EDGE_CURVE('',#3559,#3561,#1841,.T.);
#4302=EDGE_CURVE('',#3562,#3563,#1842,.T.);
#4303=EDGE_CURVE('',#3562,#3564,#1843,.T.);
#4304=EDGE_CURVE('',#3564,#3565,#1844,.T.);
#4305=EDGE_CURVE('',#3563,#3565,#1845,.T.);
#4306=EDGE_CURVE('',#3566,#3567,#1846,.T.);
#4307=EDGE_CURVE('',#3566,#3568,#1847,.T.);
#4308=EDGE_CURVE('',#3568,#3569,#1848,.T.);
#4309=EDGE_CURVE('',#3567,#3569,#1849,.T.);
#4310=EDGE_CURVE('',#3570,#3571,#1850,.T.);
#4311=EDGE_CURVE('',#3570,#3572,#1851,.T.);
#4312=EDGE_CURVE('',#3572,#3573,#1852,.T.);
#4313=EDGE_CURVE('',#3571,#3573,#1853,.T.);
#4314=EDGE_CURVE('',#3574,#3575,#1854,.T.);
#4315=EDGE_CURVE('',#3575,#3576,#1855,.T.);
#4316=EDGE_CURVE('',#3577,#3576,#1856,.T.);
#4317=EDGE_CURVE('',#3574,#3577,#1857,.T.);
#4318=EDGE_CURVE('',#3578,#3579,#1858,.T.);
#4319=EDGE_CURVE('',#3578,#3580,#1859,.T.);
#4320=EDGE_CURVE('',#3580,#3581,#1860,.T.);
#4321=EDGE_CURVE('',#3579,#3581,#1861,.T.);
#4322=EDGE_CURVE('',#3582,#3583,#1862,.T.);
#4323=EDGE_CURVE('',#3582,#3584,#1863,.T.);
#4324=EDGE_CURVE('',#3584,#3585,#1864,.T.);
#4325=EDGE_CURVE('',#3583,#3585,#1865,.T.);
#4326=EDGE_CURVE('',#3586,#3587,#1866,.T.);
#4327=EDGE_CURVE('',#3586,#3588,#1867,.T.);
#4328=EDGE_CURVE('',#3588,#3589,#1868,.T.);
#4329=EDGE_CURVE('',#3587,#3589,#1869,.T.);
#4330=EDGE_CURVE('',#3590,#3591,#1870,.T.);
#4331=EDGE_CURVE('',#3590,#3592,#1871,.T.);
#4332=EDGE_CURVE('',#3592,#3593,#1872,.T.);
#4333=EDGE_CURVE('',#3591,#3593,#1873,.T.);
#4334=EDGE_CURVE('',#3594,#3595,#1874,.T.);
#4335=EDGE_CURVE('',#3594,#3596,#1875,.T.);
#4336=EDGE_CURVE('',#3596,#3597,#1876,.T.);
#4337=EDGE_CURVE('',#3595,#3597,#1877,.T.);
#4338=EDGE_CURVE('',#3598,#3599,#1878,.T.);
#4339=EDGE_CURVE('',#3598,#3600,#1879,.T.);
#4340=EDGE_CURVE('',#3600,#3601,#1880,.T.);
#4341=EDGE_CURVE('',#3599,#3601,#1881,.T.);
#4342=EDGE_CURVE('',#3602,#3603,#1882,.T.);
#4343=EDGE_CURVE('',#3602,#3604,#1883,.T.);
#4344=EDGE_CURVE('',#3604,#3605,#1884,.T.);
#4345=EDGE_CURVE('',#3603,#3605,#1885,.T.);
#4346=EDGE_CURVE('',#3606,#3607,#1886,.T.);
#4347=EDGE_CURVE('',#3606,#3608,#1887,.T.);
#4348=EDGE_CURVE('',#3608,#3609,#1888,.T.);
#4349=EDGE_CURVE('',#3607,#3609,#1889,.T.);
#4350=EDGE_CURVE('',#3610,#3611,#1890,.T.);
#4351=EDGE_CURVE('',#3610,#3612,#1891,.T.);
#4352=EDGE_CURVE('',#3612,#3613,#1892,.T.);
#4353=EDGE_CURVE('',#3611,#3613,#1893,.T.);
#4354=EDGE_CURVE('',#3614,#3615,#1894,.T.);
#4355=EDGE_CURVE('',#3614,#3616,#1895,.T.);
#4356=EDGE_CURVE('',#3616,#3617,#1896,.T.);
#4357=EDGE_CURVE('',#3615,#3617,#1897,.T.);
#4358=EDGE_CURVE('',#3618,#3619,#1898,.T.);
#4359=EDGE_CURVE('',#3619,#3620,#3182,.T.);
#4360=EDGE_CURVE('',#3620,#3621,#1899,.T.);
#4361=EDGE_CURVE('',#3621,#3622,#3183,.T.);
#4362=EDGE_CURVE('',#3622,#3623,#1900,.T.);
#4363=EDGE_CURVE('',#3624,#3623,#3184,.T.);
#4364=EDGE_CURVE('',#3625,#3624,#1901,.T.);
#4365=EDGE_CURVE('',#3618,#3625,#3185,.T.);
#4366=EDGE_CURVE('',#3619,#3435,#1902,.T.);
#4367=EDGE_CURVE('',#3618,#3434,#1903,.T.);
#4368=EDGE_CURVE('',#3620,#3441,#1904,.T.);
#4369=EDGE_CURVE('',#3621,#3440,#1905,.T.);
#4370=EDGE_CURVE('',#3622,#3439,#1906,.T.);
#4371=EDGE_CURVE('',#3623,#3438,#1907,.T.);
#4372=EDGE_CURVE('',#3624,#3437,#1908,.T.);
#4373=EDGE_CURVE('',#3625,#3436,#1909,.T.);
#4374=EDGE_CURVE('',#3626,#3443,#1910,.T.);
#4375=EDGE_CURVE('',#3627,#3626,#1911,.T.);
#4376=EDGE_CURVE('',#3627,#3442,#1912,.T.);
#4377=EDGE_CURVE('',#3628,#3445,#1913,.T.);
#4378=EDGE_CURVE('',#3626,#3628,#1914,.T.);
#4379=EDGE_CURVE('',#3629,#3444,#1915,.T.);
#4380=EDGE_CURVE('',#3629,#3628,#1916,.T.);
#4381=EDGE_CURVE('',#3627,#3629,#1917,.T.);
#4382=EDGE_CURVE('',#3630,#3615,#1918,.T.);
#4383=EDGE_CURVE('',#3631,#3630,#1919,.T.);
#4384=EDGE_CURVE('',#3631,#3614,#1920,.T.);
#4385=EDGE_CURVE('',#3632,#3617,#1921,.T.);
#4386=EDGE_CURVE('',#3630,#3632,#1922,.T.);
#4387=EDGE_CURVE('',#3633,#3616,#1923,.T.);
#4388=EDGE_CURVE('',#3633,#3632,#1924,.T.);
#4389=EDGE_CURVE('',#3631,#3633,#1925,.T.);
#4390=EDGE_CURVE('',#3634,#3447,#1926,.T.);
#4391=EDGE_CURVE('',#3635,#3634,#1927,.T.);
#4392=EDGE_CURVE('',#3635,#3446,#1928,.T.);
#4393=EDGE_CURVE('',#3636,#3449,#1929,.T.);
#4394=EDGE_CURVE('',#3634,#3636,#1930,.T.);
#4395=EDGE_CURVE('',#3637,#3448,#1931,.T.);
#4396=EDGE_CURVE('',#3637,#3636,#1932,.T.);
#4397=EDGE_CURVE('',#3635,#3637,#1933,.T.);
#4398=EDGE_CURVE('',#3638,#3611,#1934,.T.);
#4399=EDGE_CURVE('',#3639,#3638,#1935,.T.);
#4400=EDGE_CURVE('',#3639,#3610,#1936,.T.);
#4401=EDGE_CURVE('',#3640,#3613,#1937,.T.);
#4402=EDGE_CURVE('',#3638,#3640,#1938,.T.);
#4403=EDGE_CURVE('',#3641,#3612,#1939,.T.);
#4404=EDGE_CURVE('',#3641,#3640,#1940,.T.);
#4405=EDGE_CURVE('',#3639,#3641,#1941,.T.);
#4406=EDGE_CURVE('',#3642,#3451,#1942,.T.);
#4407=EDGE_CURVE('',#3643,#3642,#1943,.T.);
#4408=EDGE_CURVE('',#3643,#3450,#1944,.T.);
#4409=EDGE_CURVE('',#3644,#3453,#1945,.T.);
#4410=EDGE_CURVE('',#3642,#3644,#1946,.T.);
#4411=EDGE_CURVE('',#3645,#3452,#1947,.T.);
#4412=EDGE_CURVE('',#3645,#3644,#1948,.T.);
#4413=EDGE_CURVE('',#3643,#3645,#1949,.T.);
#4414=EDGE_CURVE('',#3646,#3607,#1950,.T.);
#4415=EDGE_CURVE('',#3647,#3646,#1951,.T.);
#4416=EDGE_CURVE('',#3647,#3606,#1952,.T.);
#4417=EDGE_CURVE('',#3648,#3609,#1953,.T.);
#4418=EDGE_CURVE('',#3646,#3648,#1954,.T.);
#4419=EDGE_CURVE('',#3649,#3608,#1955,.T.);
#4420=EDGE_CURVE('',#3649,#3648,#1956,.T.);
#4421=EDGE_CURVE('',#3647,#3649,#1957,.T.);
#4422=EDGE_CURVE('',#3650,#3455,#1958,.T.);
#4423=EDGE_CURVE('',#3651,#3650,#1959,.T.);
#4424=EDGE_CURVE('',#3651,#3454,#1960,.T.);
#4425=EDGE_CURVE('',#3652,#3457,#1961,.T.);
#4426=EDGE_CURVE('',#3650,#3652,#1962,.T.);
#4427=EDGE_CURVE('',#3653,#3456,#1963,.T.);
#4428=EDGE_CURVE('',#3653,#3652,#1964,.T.);
#4429=EDGE_CURVE('',#3651,#3653,#1965,.T.);
#4430=EDGE_CURVE('',#3654,#3603,#1966,.T.);
#4431=EDGE_CURVE('',#3655,#3654,#1967,.T.);
#4432=EDGE_CURVE('',#3655,#3602,#1968,.T.);
#4433=EDGE_CURVE('',#3656,#3605,#1969,.T.);
#4434=EDGE_CURVE('',#3654,#3656,#1970,.T.);
#4435=EDGE_CURVE('',#3657,#3604,#1971,.T.);
#4436=EDGE_CURVE('',#3657,#3656,#1972,.T.);
#4437=EDGE_CURVE('',#3655,#3657,#1973,.T.);
#4438=EDGE_CURVE('',#3658,#3459,#1974,.T.);
#4439=EDGE_CURVE('',#3659,#3658,#1975,.T.);
#4440=EDGE_CURVE('',#3659,#3458,#1976,.T.);
#4441=EDGE_CURVE('',#3660,#3461,#1977,.T.);
#4442=EDGE_CURVE('',#3658,#3660,#1978,.T.);
#4443=EDGE_CURVE('',#3661,#3460,#1979,.T.);
#4444=EDGE_CURVE('',#3661,#3660,#1980,.T.);
#4445=EDGE_CURVE('',#3659,#3661,#1981,.T.);
#4446=EDGE_CURVE('',#3662,#3599,#1982,.T.);
#4447=EDGE_CURVE('',#3663,#3662,#1983,.T.);
#4448=EDGE_CURVE('',#3663,#3598,#1984,.T.);
#4449=EDGE_CURVE('',#3664,#3601,#1985,.T.);
#4450=EDGE_CURVE('',#3662,#3664,#1986,.T.);
#4451=EDGE_CURVE('',#3665,#3600,#1987,.T.);
#4452=EDGE_CURVE('',#3665,#3664,#1988,.T.);
#4453=EDGE_CURVE('',#3663,#3665,#1989,.T.);
#4454=EDGE_CURVE('',#3666,#3463,#1990,.T.);
#4455=EDGE_CURVE('',#3667,#3666,#1991,.T.);
#4456=EDGE_CURVE('',#3667,#3462,#1992,.T.);
#4457=EDGE_CURVE('',#3668,#3465,#1993,.T.);
#4458=EDGE_CURVE('',#3666,#3668,#1994,.T.);
#4459=EDGE_CURVE('',#3669,#3464,#1995,.T.);
#4460=EDGE_CURVE('',#3669,#3668,#1996,.T.);
#4461=EDGE_CURVE('',#3667,#3669,#1997,.T.);
#4462=EDGE_CURVE('',#3670,#3595,#1998,.T.);
#4463=EDGE_CURVE('',#3671,#3670,#1999,.T.);
#4464=EDGE_CURVE('',#3671,#3594,#2000,.T.);
#4465=EDGE_CURVE('',#3672,#3597,#2001,.T.);
#4466=EDGE_CURVE('',#3670,#3672,#2002,.T.);
#4467=EDGE_CURVE('',#3673,#3596,#2003,.T.);
#4468=EDGE_CURVE('',#3673,#3672,#2004,.T.);
#4469=EDGE_CURVE('',#3671,#3673,#2005,.T.);
#4470=EDGE_CURVE('',#3674,#3467,#2006,.T.);
#4471=EDGE_CURVE('',#3675,#3674,#2007,.T.);
#4472=EDGE_CURVE('',#3675,#3466,#2008,.T.);
#4473=EDGE_CURVE('',#3676,#3469,#2009,.T.);
#4474=EDGE_CURVE('',#3674,#3676,#2010,.T.);
#4475=EDGE_CURVE('',#3677,#3468,#2011,.T.);
#4476=EDGE_CURVE('',#3677,#3676,#2012,.T.);
#4477=EDGE_CURVE('',#3675,#3677,#2013,.T.);
#4478=EDGE_CURVE('',#3678,#3591,#2014,.T.);
#4479=EDGE_CURVE('',#3679,#3678,#2015,.T.);
#4480=EDGE_CURVE('',#3679,#3590,#2016,.T.);
#4481=EDGE_CURVE('',#3680,#3593,#2017,.T.);
#4482=EDGE_CURVE('',#3678,#3680,#2018,.T.);
#4483=EDGE_CURVE('',#3681,#3592,#2019,.T.);
#4484=EDGE_CURVE('',#3681,#3680,#2020,.T.);
#4485=EDGE_CURVE('',#3679,#3681,#2021,.T.);
#4486=EDGE_CURVE('',#3682,#3471,#2022,.T.);
#4487=EDGE_CURVE('',#3683,#3682,#2023,.T.);
#4488=EDGE_CURVE('',#3683,#3470,#2024,.T.);
#4489=EDGE_CURVE('',#3684,#3473,#2025,.T.);
#4490=EDGE_CURVE('',#3682,#3684,#2026,.T.);
#4491=EDGE_CURVE('',#3685,#3472,#2027,.T.);
#4492=EDGE_CURVE('',#3685,#3684,#2028,.T.);
#4493=EDGE_CURVE('',#3683,#3685,#2029,.T.);
#4494=EDGE_CURVE('',#3686,#3587,#2030,.T.);
#4495=EDGE_CURVE('',#3687,#3686,#2031,.T.);
#4496=EDGE_CURVE('',#3687,#3586,#2032,.T.);
#4497=EDGE_CURVE('',#3688,#3589,#2033,.T.);
#4498=EDGE_CURVE('',#3686,#3688,#2034,.T.);
#4499=EDGE_CURVE('',#3689,#3588,#2035,.T.);
#4500=EDGE_CURVE('',#3689,#3688,#2036,.T.);
#4501=EDGE_CURVE('',#3687,#3689,#2037,.T.);
#4502=EDGE_CURVE('',#3690,#3475,#2038,.T.);
#4503=EDGE_CURVE('',#3691,#3690,#2039,.T.);
#4504=EDGE_CURVE('',#3691,#3474,#2040,.T.);
#4505=EDGE_CURVE('',#3692,#3477,#2041,.T.);
#4506=EDGE_CURVE('',#3690,#3692,#2042,.T.);
#4507=EDGE_CURVE('',#3693,#3476,#2043,.T.);
#4508=EDGE_CURVE('',#3693,#3692,#2044,.T.);
#4509=EDGE_CURVE('',#3691,#3693,#2045,.T.);
#4510=EDGE_CURVE('',#3694,#3583,#2046,.T.);
#4511=EDGE_CURVE('',#3695,#3694,#2047,.T.);
#4512=EDGE_CURVE('',#3695,#3582,#2048,.T.);
#4513=EDGE_CURVE('',#3696,#3585,#2049,.T.);
#4514=EDGE_CURVE('',#3694,#3696,#2050,.T.);
#4515=EDGE_CURVE('',#3697,#3584,#2051,.T.);
#4516=EDGE_CURVE('',#3697,#3696,#2052,.T.);
#4517=EDGE_CURVE('',#3695,#3697,#2053,.T.);
#4518=EDGE_CURVE('',#3698,#3479,#2054,.T.);
#4519=EDGE_CURVE('',#3699,#3698,#2055,.T.);
#4520=EDGE_CURVE('',#3699,#3478,#2056,.T.);
#4521=EDGE_CURVE('',#3700,#3481,#2057,.T.);
#4522=EDGE_CURVE('',#3698,#3700,#2058,.T.);
#4523=EDGE_CURVE('',#3701,#3480,#2059,.T.);
#4524=EDGE_CURVE('',#3701,#3700,#2060,.T.);
#4525=EDGE_CURVE('',#3699,#3701,#2061,.T.);
#4526=EDGE_CURVE('',#3702,#3579,#2062,.T.);
#4527=EDGE_CURVE('',#3703,#3702,#2063,.T.);
#4528=EDGE_CURVE('',#3703,#3578,#2064,.T.);
#4529=EDGE_CURVE('',#3704,#3581,#2065,.T.);
#4530=EDGE_CURVE('',#3702,#3704,#2066,.T.);
#4531=EDGE_CURVE('',#3705,#3580,#2067,.T.);
#4532=EDGE_CURVE('',#3705,#3704,#2068,.T.);
#4533=EDGE_CURVE('',#3703,#3705,#2069,.T.);
#4534=EDGE_CURVE('',#3706,#3483,#2070,.T.);
#4535=EDGE_CURVE('',#3707,#3706,#2071,.T.);
#4536=EDGE_CURVE('',#3707,#3482,#2072,.T.);
#4537=EDGE_CURVE('',#3708,#3485,#2073,.T.);
#4538=EDGE_CURVE('',#3706,#3708,#2074,.T.);
#4539=EDGE_CURVE('',#3709,#3484,#2075,.T.);
#4540=EDGE_CURVE('',#3709,#3708,#2076,.T.);
#4541=EDGE_CURVE('',#3707,#3709,#2077,.T.);
#4542=EDGE_CURVE('',#3710,#3575,#2078,.T.);
#4543=EDGE_CURVE('',#3710,#3711,#2079,.T.);
#4544=EDGE_CURVE('',#3711,#3576,#2080,.T.);
#4545=EDGE_CURVE('',#3712,#3574,#2081,.T.);
#4546=EDGE_CURVE('',#3712,#3710,#2082,.T.);
#4547=EDGE_CURVE('',#3713,#3577,#2083,.T.);
#4548=EDGE_CURVE('',#3712,#3713,#2084,.T.);
#4549=EDGE_CURVE('',#3713,#3711,#2085,.T.);
#4550=EDGE_CURVE('',#3714,#3570,#2086,.T.);
#4551=EDGE_CURVE('',#3714,#3715,#2087,.T.);
#4552=EDGE_CURVE('',#3715,#3572,#2088,.T.);
#4553=EDGE_CURVE('',#3716,#3571,#2089,.T.);
#4554=EDGE_CURVE('',#3714,#3716,#2090,.T.);
#4555=EDGE_CURVE('',#3717,#3573,#2091,.T.);
#4556=EDGE_CURVE('',#3716,#3717,#2092,.T.);
#4557=EDGE_CURVE('',#3715,#3717,#2093,.T.);
#4558=EDGE_CURVE('',#3718,#3566,#2094,.T.);
#4559=EDGE_CURVE('',#3718,#3719,#2095,.T.);
#4560=EDGE_CURVE('',#3719,#3568,#2096,.T.);
#4561=EDGE_CURVE('',#3720,#3567,#2097,.T.);
#4562=EDGE_CURVE('',#3718,#3720,#2098,.T.);
#4563=EDGE_CURVE('',#3721,#3569,#2099,.T.);
#4564=EDGE_CURVE('',#3720,#3721,#2100,.T.);
#4565=EDGE_CURVE('',#3719,#3721,#2101,.T.);
#4566=EDGE_CURVE('',#3722,#3562,#2102,.T.);
#4567=EDGE_CURVE('',#3722,#3723,#2103,.T.);
#4568=EDGE_CURVE('',#3723,#3564,#2104,.T.);
#4569=EDGE_CURVE('',#3724,#3563,#2105,.T.);
#4570=EDGE_CURVE('',#3722,#3724,#2106,.T.);
#4571=EDGE_CURVE('',#3725,#3565,#2107,.T.);
#4572=EDGE_CURVE('',#3724,#3725,#2108,.T.);
#4573=EDGE_CURVE('',#3723,#3725,#2109,.T.);
#4574=EDGE_CURVE('',#3726,#3558,#2110,.T.);
#4575=EDGE_CURVE('',#3726,#3727,#2111,.T.);
#4576=EDGE_CURVE('',#3727,#3560,#2112,.T.);
#4577=EDGE_CURVE('',#3728,#3559,#2113,.T.);
#4578=EDGE_CURVE('',#3726,#3728,#2114,.T.);
#4579=EDGE_CURVE('',#3729,#3561,#2115,.T.);
#4580=EDGE_CURVE('',#3728,#3729,#2116,.T.);
#4581=EDGE_CURVE('',#3727,#3729,#2117,.T.);
#4582=EDGE_CURVE('',#3730,#3554,#2118,.T.);
#4583=EDGE_CURVE('',#3730,#3731,#2119,.T.);
#4584=EDGE_CURVE('',#3731,#3556,#2120,.T.);
#4585=EDGE_CURVE('',#3732,#3555,#2121,.T.);
#4586=EDGE_CURVE('',#3730,#3732,#2122,.T.);
#4587=EDGE_CURVE('',#3733,#3557,#2123,.T.);
#4588=EDGE_CURVE('',#3732,#3733,#2124,.T.);
#4589=EDGE_CURVE('',#3731,#3733,#2125,.T.);
#4590=EDGE_CURVE('',#3734,#3550,#2126,.T.);
#4591=EDGE_CURVE('',#3734,#3735,#2127,.T.);
#4592=EDGE_CURVE('',#3735,#3552,#2128,.T.);
#4593=EDGE_CURVE('',#3736,#3551,#2129,.T.);
#4594=EDGE_CURVE('',#3734,#3736,#2130,.T.);
#4595=EDGE_CURVE('',#3737,#3553,#2131,.T.);
#4596=EDGE_CURVE('',#3736,#3737,#2132,.T.);
#4597=EDGE_CURVE('',#3735,#3737,#2133,.T.);
#4598=EDGE_CURVE('',#3738,#3546,#2134,.T.);
#4599=EDGE_CURVE('',#3738,#3739,#2135,.T.);
#4600=EDGE_CURVE('',#3739,#3548,#2136,.T.);
#4601=EDGE_CURVE('',#3740,#3547,#2137,.T.);
#4602=EDGE_CURVE('',#3738,#3740,#2138,.T.);
#4603=EDGE_CURVE('',#3741,#3549,#2139,.T.);
#4604=EDGE_CURVE('',#3740,#3741,#2140,.T.);
#4605=EDGE_CURVE('',#3739,#3741,#2141,.T.);
#4606=EDGE_CURVE('',#3742,#3542,#2142,.T.);
#4607=EDGE_CURVE('',#3742,#3743,#2143,.T.);
#4608=EDGE_CURVE('',#3743,#3544,#2144,.T.);
#4609=EDGE_CURVE('',#3744,#3543,#2145,.T.);
#4610=EDGE_CURVE('',#3742,#3744,#2146,.T.);
#4611=EDGE_CURVE('',#3745,#3545,#2147,.T.);
#4612=EDGE_CURVE('',#3744,#3745,#2148,.T.);
#4613=EDGE_CURVE('',#3743,#3745,#2149,.T.);
#4614=EDGE_CURVE('',#3746,#3538,#2150,.T.);
#4615=EDGE_CURVE('',#3746,#3747,#2151,.T.);
#4616=EDGE_CURVE('',#3747,#3540,#2152,.T.);
#4617=EDGE_CURVE('',#3748,#3539,#2153,.T.);
#4618=EDGE_CURVE('',#3746,#3748,#2154,.T.);
#4619=EDGE_CURVE('',#3749,#3541,#2155,.T.);
#4620=EDGE_CURVE('',#3748,#3749,#2156,.T.);
#4621=EDGE_CURVE('',#3747,#3749,#2157,.T.);
#4622=EDGE_CURVE('',#3750,#3534,#2158,.T.);
#4623=EDGE_CURVE('',#3750,#3751,#2159,.T.);
#4624=EDGE_CURVE('',#3751,#3536,#2160,.T.);
#4625=EDGE_CURVE('',#3752,#3535,#2161,.T.);
#4626=EDGE_CURVE('',#3750,#3752,#2162,.T.);
#4627=EDGE_CURVE('',#3753,#3537,#2163,.T.);
#4628=EDGE_CURVE('',#3752,#3753,#2164,.T.);
#4629=EDGE_CURVE('',#3751,#3753,#2165,.T.);
#4630=EDGE_CURVE('',#3754,#3530,#2166,.T.);
#4631=EDGE_CURVE('',#3754,#3755,#2167,.T.);
#4632=EDGE_CURVE('',#3755,#3532,#2168,.T.);
#4633=EDGE_CURVE('',#3756,#3531,#2169,.T.);
#4634=EDGE_CURVE('',#3754,#3756,#2170,.T.);
#4635=EDGE_CURVE('',#3757,#3533,#2171,.T.);
#4636=EDGE_CURVE('',#3756,#3757,#2172,.T.);
#4637=EDGE_CURVE('',#3755,#3757,#2173,.T.);
#4638=EDGE_CURVE('',#3758,#3526,#2174,.T.);
#4639=EDGE_CURVE('',#3758,#3759,#2175,.T.);
#4640=EDGE_CURVE('',#3759,#3528,#2176,.T.);
#4641=EDGE_CURVE('',#3760,#3527,#2177,.T.);
#4642=EDGE_CURVE('',#3758,#3760,#2178,.T.);
#4643=EDGE_CURVE('',#3761,#3529,#2179,.T.);
#4644=EDGE_CURVE('',#3760,#3761,#2180,.T.);
#4645=EDGE_CURVE('',#3759,#3761,#2181,.T.);
#4646=EDGE_CURVE('',#3762,#3522,#2182,.T.);
#4647=EDGE_CURVE('',#3762,#3763,#2183,.T.);
#4648=EDGE_CURVE('',#3763,#3524,#2184,.T.);
#4649=EDGE_CURVE('',#3764,#3523,#2185,.T.);
#4650=EDGE_CURVE('',#3762,#3764,#2186,.T.);
#4651=EDGE_CURVE('',#3765,#3525,#2187,.T.);
#4652=EDGE_CURVE('',#3764,#3765,#2188,.T.);
#4653=EDGE_CURVE('',#3763,#3765,#2189,.T.);
#4654=EDGE_CURVE('',#3766,#3518,#2190,.T.);
#4655=EDGE_CURVE('',#3766,#3767,#2191,.T.);
#4656=EDGE_CURVE('',#3767,#3520,#2192,.T.);
#4657=EDGE_CURVE('',#3768,#3519,#2193,.T.);
#4658=EDGE_CURVE('',#3766,#3768,#2194,.T.);
#4659=EDGE_CURVE('',#3769,#3521,#2195,.T.);
#4660=EDGE_CURVE('',#3768,#3769,#2196,.T.);
#4661=EDGE_CURVE('',#3767,#3769,#2197,.T.);
#4662=EDGE_CURVE('',#3770,#3514,#2198,.T.);
#4663=EDGE_CURVE('',#3770,#3771,#2199,.T.);
#4664=EDGE_CURVE('',#3771,#3516,#2200,.T.);
#4665=EDGE_CURVE('',#3772,#3515,#2201,.T.);
#4666=EDGE_CURVE('',#3770,#3772,#2202,.T.);
#4667=EDGE_CURVE('',#3773,#3517,#2203,.T.);
#4668=EDGE_CURVE('',#3772,#3773,#2204,.T.);
#4669=EDGE_CURVE('',#3771,#3773,#2205,.T.);
#4670=EDGE_CURVE('',#3774,#3511,#2206,.T.);
#4671=EDGE_CURVE('',#3775,#3774,#2207,.T.);
#4672=EDGE_CURVE('',#3775,#3510,#2208,.T.);
#4673=EDGE_CURVE('',#3776,#3513,#2209,.T.);
#4674=EDGE_CURVE('',#3774,#3776,#2210,.T.);
#4675=EDGE_CURVE('',#3777,#3512,#2211,.T.);
#4676=EDGE_CURVE('',#3777,#3776,#2212,.T.);
#4677=EDGE_CURVE('',#3775,#3777,#2213,.T.);
#4678=EDGE_CURVE('',#3778,#3487,#2214,.T.);
#4679=EDGE_CURVE('',#3779,#3778,#2215,.T.);
#4680=EDGE_CURVE('',#3779,#3486,#2216,.T.);
#4681=EDGE_CURVE('',#3780,#3489,#2217,.T.);
#4682=EDGE_CURVE('',#3778,#3780,#2218,.T.);
#4683=EDGE_CURVE('',#3781,#3488,#2219,.T.);
#4684=EDGE_CURVE('',#3781,#3780,#2220,.T.);
#4685=EDGE_CURVE('',#3779,#3781,#2221,.T.);
#4686=EDGE_CURVE('',#3782,#3507,#2222,.T.);
#4687=EDGE_CURVE('',#3783,#3782,#2223,.T.);
#4688=EDGE_CURVE('',#3783,#3506,#2224,.T.);
#4689=EDGE_CURVE('',#3784,#3509,#2225,.T.);
#4690=EDGE_CURVE('',#3782,#3784,#2226,.T.);
#4691=EDGE_CURVE('',#3785,#3508,#2227,.T.);
#4692=EDGE_CURVE('',#3785,#3784,#2228,.T.);
#4693=EDGE_CURVE('',#3783,#3785,#2229,.T.);
#4694=EDGE_CURVE('',#3786,#3491,#2230,.T.);
#4695=EDGE_CURVE('',#3787,#3786,#2231,.T.);
#4696=EDGE_CURVE('',#3787,#3490,#2232,.T.);
#4697=EDGE_CURVE('',#3788,#3493,#2233,.T.);
#4698=EDGE_CURVE('',#3786,#3788,#2234,.T.);
#4699=EDGE_CURVE('',#3789,#3492,#2235,.T.);
#4700=EDGE_CURVE('',#3789,#3788,#2236,.T.);
#4701=EDGE_CURVE('',#3787,#3789,#2237,.T.);
#4702=EDGE_CURVE('',#3790,#3503,#2238,.T.);
#4703=EDGE_CURVE('',#3791,#3790,#2239,.T.);
#4704=EDGE_CURVE('',#3791,#3502,#2240,.T.);
#4705=EDGE_CURVE('',#3792,#3505,#2241,.T.);
#4706=EDGE_CURVE('',#3790,#3792,#2242,.T.);
#4707=EDGE_CURVE('',#3793,#3504,#2243,.T.);
#4708=EDGE_CURVE('',#3793,#3792,#2244,.T.);
#4709=EDGE_CURVE('',#3791,#3793,#2245,.T.);
#4710=EDGE_CURVE('',#3794,#3494,#2246,.T.);
#4711=EDGE_CURVE('',#3794,#3795,#2247,.T.);
#4712=EDGE_CURVE('',#3795,#3496,#2248,.T.);
#4713=EDGE_CURVE('',#3796,#3495,#2249,.T.);
#4714=EDGE_CURVE('',#3794,#3796,#2250,.T.);
#4715=EDGE_CURVE('',#3797,#3497,#2251,.T.);
#4716=EDGE_CURVE('',#3796,#3797,#2252,.T.);
#4717=EDGE_CURVE('',#3795,#3797,#2253,.T.);
#4718=EDGE_CURVE('',#3798,#3499,#2254,.T.);
#4719=EDGE_CURVE('',#3799,#3798,#2255,.T.);
#4720=EDGE_CURVE('',#3799,#3498,#2256,.T.);
#4721=EDGE_CURVE('',#3800,#3501,#2257,.T.);
#4722=EDGE_CURVE('',#3798,#3800,#2258,.T.);
#4723=EDGE_CURVE('',#3801,#3500,#2259,.T.);
#4724=EDGE_CURVE('',#3801,#3800,#2260,.T.);
#4725=EDGE_CURVE('',#3799,#3801,#2261,.T.);
#4726=ORIENTED_EDGE('',*,*,#3802,.F.);
#4727=ORIENTED_EDGE('',*,*,#3803,.T.);
#4728=ORIENTED_EDGE('',*,*,#3804,.T.);
#4729=ORIENTED_EDGE('',*,*,#3803,.F.);
#4730=ORIENTED_EDGE('',*,*,#3805,.F.);
#4731=ORIENTED_EDGE('',*,*,#3806,.T.);
#4732=ORIENTED_EDGE('',*,*,#3807,.T.);
#4733=ORIENTED_EDGE('',*,*,#3806,.F.);
#4734=ORIENTED_EDGE('',*,*,#3808,.F.);
#4735=ORIENTED_EDGE('',*,*,#3809,.T.);
#4736=ORIENTED_EDGE('',*,*,#3810,.T.);
#4737=ORIENTED_EDGE('',*,*,#3809,.F.);
#4738=ORIENTED_EDGE('',*,*,#3811,.F.);
#4739=ORIENTED_EDGE('',*,*,#3812,.T.);
#4740=ORIENTED_EDGE('',*,*,#3813,.T.);
#4741=ORIENTED_EDGE('',*,*,#3812,.F.);
#4742=ORIENTED_EDGE('',*,*,#3814,.F.);
#4743=ORIENTED_EDGE('',*,*,#3815,.T.);
#4744=ORIENTED_EDGE('',*,*,#3816,.T.);
#4745=ORIENTED_EDGE('',*,*,#3815,.F.);
#4746=ORIENTED_EDGE('',*,*,#3817,.F.);
#4747=ORIENTED_EDGE('',*,*,#3818,.T.);
#4748=ORIENTED_EDGE('',*,*,#3819,.T.);
#4749=ORIENTED_EDGE('',*,*,#3818,.F.);
#4750=ORIENTED_EDGE('',*,*,#3820,.T.);
#4751=ORIENTED_EDGE('',*,*,#3821,.T.);
#4752=ORIENTED_EDGE('',*,*,#3822,.F.);
#4753=ORIENTED_EDGE('',*,*,#3821,.F.);
#4754=ORIENTED_EDGE('',*,*,#3823,.T.);
#4755=ORIENTED_EDGE('',*,*,#3824,.T.);
#4756=ORIENTED_EDGE('',*,*,#3825,.F.);
#4757=ORIENTED_EDGE('',*,*,#3824,.F.);
#4758=ORIENTED_EDGE('',*,*,#3826,.F.);
#4759=ORIENTED_EDGE('',*,*,#3827,.T.);
#4760=ORIENTED_EDGE('',*,*,#3828,.T.);
#4761=ORIENTED_EDGE('',*,*,#3827,.F.);
#4762=ORIENTED_EDGE('',*,*,#3829,.F.);
#4763=ORIENTED_EDGE('',*,*,#3830,.T.);
#4764=ORIENTED_EDGE('',*,*,#3831,.T.);
#4765=ORIENTED_EDGE('',*,*,#3830,.F.);
#4766=ORIENTED_EDGE('',*,*,#3832,.F.);
#4767=ORIENTED_EDGE('',*,*,#3833,.T.);
#4768=ORIENTED_EDGE('',*,*,#3834,.T.);
#4769=ORIENTED_EDGE('',*,*,#3833,.F.);
#4770=ORIENTED_EDGE('',*,*,#3835,.F.);
#4771=ORIENTED_EDGE('',*,*,#3836,.T.);
#4772=ORIENTED_EDGE('',*,*,#3837,.T.);
#4773=ORIENTED_EDGE('',*,*,#3836,.F.);
#4774=ORIENTED_EDGE('',*,*,#3838,.F.);
#4775=ORIENTED_EDGE('',*,*,#3839,.T.);
#4776=ORIENTED_EDGE('',*,*,#3840,.T.);
#4777=ORIENTED_EDGE('',*,*,#3839,.F.);
#4778=ORIENTED_EDGE('',*,*,#3841,.F.);
#4779=ORIENTED_EDGE('',*,*,#3842,.T.);
#4780=ORIENTED_EDGE('',*,*,#3843,.T.);
#4781=ORIENTED_EDGE('',*,*,#3842,.F.);
#4782=ORIENTED_EDGE('',*,*,#3844,.F.);
#4783=ORIENTED_EDGE('',*,*,#3845,.T.);
#4784=ORIENTED_EDGE('',*,*,#3846,.T.);
#4785=ORIENTED_EDGE('',*,*,#3845,.F.);
#4786=ORIENTED_EDGE('',*,*,#3847,.F.);
#4787=ORIENTED_EDGE('',*,*,#3848,.T.);
#4788=ORIENTED_EDGE('',*,*,#3849,.T.);
#4789=ORIENTED_EDGE('',*,*,#3848,.F.);
#4790=ORIENTED_EDGE('',*,*,#3850,.F.);
#4791=ORIENTED_EDGE('',*,*,#3851,.T.);
#4792=ORIENTED_EDGE('',*,*,#3852,.T.);
#4793=ORIENTED_EDGE('',*,*,#3851,.F.);
#4794=ORIENTED_EDGE('',*,*,#3853,.F.);
#4795=ORIENTED_EDGE('',*,*,#3854,.T.);
#4796=ORIENTED_EDGE('',*,*,#3855,.T.);
#4797=ORIENTED_EDGE('',*,*,#3854,.F.);
#4798=ORIENTED_EDGE('',*,*,#3856,.F.);
#4799=ORIENTED_EDGE('',*,*,#3857,.T.);
#4800=ORIENTED_EDGE('',*,*,#3858,.T.);
#4801=ORIENTED_EDGE('',*,*,#3857,.F.);
#4802=ORIENTED_EDGE('',*,*,#3859,.F.);
#4803=ORIENTED_EDGE('',*,*,#3860,.T.);
#4804=ORIENTED_EDGE('',*,*,#3861,.T.);
#4805=ORIENTED_EDGE('',*,*,#3860,.F.);
#4806=ORIENTED_EDGE('',*,*,#3862,.F.);
#4807=ORIENTED_EDGE('',*,*,#3863,.T.);
#4808=ORIENTED_EDGE('',*,*,#3864,.T.);
#4809=ORIENTED_EDGE('',*,*,#3863,.F.);
#4810=ORIENTED_EDGE('',*,*,#3865,.F.);
#4811=ORIENTED_EDGE('',*,*,#3866,.T.);
#4812=ORIENTED_EDGE('',*,*,#3867,.T.);
#4813=ORIENTED_EDGE('',*,*,#3866,.F.);
#4814=ORIENTED_EDGE('',*,*,#3868,.F.);
#4815=ORIENTED_EDGE('',*,*,#3869,.T.);
#4816=ORIENTED_EDGE('',*,*,#3870,.T.);
#4817=ORIENTED_EDGE('',*,*,#3869,.F.);
#4818=ORIENTED_EDGE('',*,*,#3871,.F.);
#4819=ORIENTED_EDGE('',*,*,#3872,.T.);
#4820=ORIENTED_EDGE('',*,*,#3873,.T.);
#4821=ORIENTED_EDGE('',*,*,#3872,.F.);
#4822=ORIENTED_EDGE('',*,*,#3874,.F.);
#4823=ORIENTED_EDGE('',*,*,#3875,.T.);
#4824=ORIENTED_EDGE('',*,*,#3876,.T.);
#4825=ORIENTED_EDGE('',*,*,#3875,.F.);
#4826=ORIENTED_EDGE('',*,*,#3877,.F.);
#4827=ORIENTED_EDGE('',*,*,#3878,.T.);
#4828=ORIENTED_EDGE('',*,*,#3879,.T.);
#4829=ORIENTED_EDGE('',*,*,#3878,.F.);
#4830=ORIENTED_EDGE('',*,*,#3880,.F.);
#4831=ORIENTED_EDGE('',*,*,#3881,.T.);
#4832=ORIENTED_EDGE('',*,*,#3882,.T.);
#4833=ORIENTED_EDGE('',*,*,#3881,.F.);
#4834=ORIENTED_EDGE('',*,*,#3883,.F.);
#4835=ORIENTED_EDGE('',*,*,#3884,.T.);
#4836=ORIENTED_EDGE('',*,*,#3885,.T.);
#4837=ORIENTED_EDGE('',*,*,#3884,.F.);
#4838=ORIENTED_EDGE('',*,*,#3886,.F.);
#4839=ORIENTED_EDGE('',*,*,#3887,.T.);
#4840=ORIENTED_EDGE('',*,*,#3888,.T.);
#4841=ORIENTED_EDGE('',*,*,#3887,.F.);
#4842=ORIENTED_EDGE('',*,*,#3889,.F.);
#4843=ORIENTED_EDGE('',*,*,#3890,.T.);
#4844=ORIENTED_EDGE('',*,*,#3891,.T.);
#4845=ORIENTED_EDGE('',*,*,#3890,.F.);
#4846=ORIENTED_EDGE('',*,*,#3892,.F.);
#4847=ORIENTED_EDGE('',*,*,#3893,.T.);
#4848=ORIENTED_EDGE('',*,*,#3894,.T.);
#4849=ORIENTED_EDGE('',*,*,#3893,.F.);
#4850=ORIENTED_EDGE('',*,*,#3895,.F.);
#4851=ORIENTED_EDGE('',*,*,#3896,.T.);
#4852=ORIENTED_EDGE('',*,*,#3897,.T.);
#4853=ORIENTED_EDGE('',*,*,#3896,.F.);
#4854=ORIENTED_EDGE('',*,*,#3898,.F.);
#4855=ORIENTED_EDGE('',*,*,#3899,.T.);
#4856=ORIENTED_EDGE('',*,*,#3900,.T.);
#4857=ORIENTED_EDGE('',*,*,#3899,.F.);
#4858=ORIENTED_EDGE('',*,*,#3901,.T.);
#4859=ORIENTED_EDGE('',*,*,#3902,.T.);
#4860=ORIENTED_EDGE('',*,*,#3903,.F.);
#4861=ORIENTED_EDGE('',*,*,#3902,.F.);
#4862=ORIENTED_EDGE('',*,*,#3904,.F.);
#4863=ORIENTED_EDGE('',*,*,#3905,.T.);
#4864=ORIENTED_EDGE('',*,*,#3906,.T.);
#4865=ORIENTED_EDGE('',*,*,#3905,.F.);
#4866=ORIENTED_EDGE('',*,*,#3907,.T.);
#4867=ORIENTED_EDGE('',*,*,#3908,.T.);
#4868=ORIENTED_EDGE('',*,*,#3909,.F.);
#4869=ORIENTED_EDGE('',*,*,#3908,.F.);
#4870=ORIENTED_EDGE('',*,*,#3910,.T.);
#4871=ORIENTED_EDGE('',*,*,#3911,.T.);
#4872=ORIENTED_EDGE('',*,*,#3912,.F.);
#4873=ORIENTED_EDGE('',*,*,#3911,.F.);
#4874=ORIENTED_EDGE('',*,*,#3913,.T.);
#4875=ORIENTED_EDGE('',*,*,#3914,.T.);
#4876=ORIENTED_EDGE('',*,*,#3915,.F.);
#4877=ORIENTED_EDGE('',*,*,#3914,.F.);
#4878=ORIENTED_EDGE('',*,*,#3916,.T.);
#4879=ORIENTED_EDGE('',*,*,#3917,.T.);
#4880=ORIENTED_EDGE('',*,*,#3918,.F.);
#4881=ORIENTED_EDGE('',*,*,#3917,.F.);
#4882=ORIENTED_EDGE('',*,*,#3919,.T.);
#4883=ORIENTED_EDGE('',*,*,#3920,.T.);
#4884=ORIENTED_EDGE('',*,*,#3921,.F.);
#4885=ORIENTED_EDGE('',*,*,#3920,.F.);
#4886=ORIENTED_EDGE('',*,*,#3922,.T.);
#4887=ORIENTED_EDGE('',*,*,#3923,.T.);
#4888=ORIENTED_EDGE('',*,*,#3924,.F.);
#4889=ORIENTED_EDGE('',*,*,#3923,.F.);
#4890=ORIENTED_EDGE('',*,*,#3925,.T.);
#4891=ORIENTED_EDGE('',*,*,#3926,.T.);
#4892=ORIENTED_EDGE('',*,*,#3927,.F.);
#4893=ORIENTED_EDGE('',*,*,#3926,.F.);
#4894=ORIENTED_EDGE('',*,*,#3928,.T.);
#4895=ORIENTED_EDGE('',*,*,#3929,.T.);
#4896=ORIENTED_EDGE('',*,*,#3930,.F.);
#4897=ORIENTED_EDGE('',*,*,#3929,.F.);
#4898=ORIENTED_EDGE('',*,*,#3931,.T.);
#4899=ORIENTED_EDGE('',*,*,#3932,.T.);
#4900=ORIENTED_EDGE('',*,*,#3933,.F.);
#4901=ORIENTED_EDGE('',*,*,#3932,.F.);
#4902=ORIENTED_EDGE('',*,*,#3934,.T.);
#4903=ORIENTED_EDGE('',*,*,#3935,.T.);
#4904=ORIENTED_EDGE('',*,*,#3936,.F.);
#4905=ORIENTED_EDGE('',*,*,#3935,.F.);
#4906=ORIENTED_EDGE('',*,*,#3937,.T.);
#4907=ORIENTED_EDGE('',*,*,#3938,.T.);
#4908=ORIENTED_EDGE('',*,*,#3939,.F.);
#4909=ORIENTED_EDGE('',*,*,#3938,.F.);
#4910=ORIENTED_EDGE('',*,*,#3940,.T.);
#4911=ORIENTED_EDGE('',*,*,#3941,.T.);
#4912=ORIENTED_EDGE('',*,*,#3942,.F.);
#4913=ORIENTED_EDGE('',*,*,#3941,.F.);
#4914=ORIENTED_EDGE('',*,*,#3943,.T.);
#4915=ORIENTED_EDGE('',*,*,#3944,.T.);
#4916=ORIENTED_EDGE('',*,*,#3945,.F.);
#4917=ORIENTED_EDGE('',*,*,#3944,.F.);
#4918=ORIENTED_EDGE('',*,*,#3946,.T.);
#4919=ORIENTED_EDGE('',*,*,#3947,.T.);
#4920=ORIENTED_EDGE('',*,*,#3948,.F.);
#4921=ORIENTED_EDGE('',*,*,#3947,.F.);
#4922=ORIENTED_EDGE('',*,*,#3949,.T.);
#4923=ORIENTED_EDGE('',*,*,#3950,.T.);
#4924=ORIENTED_EDGE('',*,*,#3951,.F.);
#4925=ORIENTED_EDGE('',*,*,#3950,.F.);
#4926=ORIENTED_EDGE('',*,*,#3952,.T.);
#4927=ORIENTED_EDGE('',*,*,#3953,.T.);
#4928=ORIENTED_EDGE('',*,*,#3954,.F.);
#4929=ORIENTED_EDGE('',*,*,#3953,.F.);
#4930=ORIENTED_EDGE('',*,*,#3955,.T.);
#4931=ORIENTED_EDGE('',*,*,#3956,.T.);
#4932=ORIENTED_EDGE('',*,*,#3957,.F.);
#4933=ORIENTED_EDGE('',*,*,#3956,.F.);
#4934=ORIENTED_EDGE('',*,*,#3958,.T.);
#4935=ORIENTED_EDGE('',*,*,#3959,.T.);
#4936=ORIENTED_EDGE('',*,*,#3960,.F.);
#4937=ORIENTED_EDGE('',*,*,#3959,.F.);
#4938=ORIENTED_EDGE('',*,*,#3961,.T.);
#4939=ORIENTED_EDGE('',*,*,#3962,.T.);
#4940=ORIENTED_EDGE('',*,*,#3963,.F.);
#4941=ORIENTED_EDGE('',*,*,#3962,.F.);
#4942=ORIENTED_EDGE('',*,*,#3964,.T.);
#4943=ORIENTED_EDGE('',*,*,#3965,.T.);
#4944=ORIENTED_EDGE('',*,*,#3966,.F.);
#4945=ORIENTED_EDGE('',*,*,#3965,.F.);
#4946=ORIENTED_EDGE('',*,*,#3967,.T.);
#4947=ORIENTED_EDGE('',*,*,#3968,.T.);
#4948=ORIENTED_EDGE('',*,*,#3969,.F.);
#4949=ORIENTED_EDGE('',*,*,#3968,.F.);
#4950=ORIENTED_EDGE('',*,*,#3970,.T.);
#4951=ORIENTED_EDGE('',*,*,#3971,.T.);
#4952=ORIENTED_EDGE('',*,*,#3972,.F.);
#4953=ORIENTED_EDGE('',*,*,#3971,.F.);
#4954=ORIENTED_EDGE('',*,*,#3973,.T.);
#4955=ORIENTED_EDGE('',*,*,#3974,.T.);
#4956=ORIENTED_EDGE('',*,*,#3975,.F.);
#4957=ORIENTED_EDGE('',*,*,#3974,.F.);
#4958=ORIENTED_EDGE('',*,*,#3976,.T.);
#4959=ORIENTED_EDGE('',*,*,#3977,.T.);
#4960=ORIENTED_EDGE('',*,*,#3978,.F.);
#4961=ORIENTED_EDGE('',*,*,#3977,.F.);
#4962=ORIENTED_EDGE('',*,*,#3979,.T.);
#4963=ORIENTED_EDGE('',*,*,#3980,.T.);
#4964=ORIENTED_EDGE('',*,*,#3981,.F.);
#4965=ORIENTED_EDGE('',*,*,#3980,.F.);
#4966=ORIENTED_EDGE('',*,*,#3982,.T.);
#4967=ORIENTED_EDGE('',*,*,#3983,.T.);
#4968=ORIENTED_EDGE('',*,*,#3984,.F.);
#4969=ORIENTED_EDGE('',*,*,#3983,.F.);
#4970=ORIENTED_EDGE('',*,*,#3985,.T.);
#4971=ORIENTED_EDGE('',*,*,#3986,.T.);
#4972=ORIENTED_EDGE('',*,*,#3987,.F.);
#4973=ORIENTED_EDGE('',*,*,#3986,.F.);
#4974=ORIENTED_EDGE('',*,*,#3988,.T.);
#4975=ORIENTED_EDGE('',*,*,#3989,.T.);
#4976=ORIENTED_EDGE('',*,*,#3990,.F.);
#4977=ORIENTED_EDGE('',*,*,#3989,.F.);
#4978=ORIENTED_EDGE('',*,*,#3991,.T.);
#4979=ORIENTED_EDGE('',*,*,#3992,.T.);
#4980=ORIENTED_EDGE('',*,*,#3993,.F.);
#4981=ORIENTED_EDGE('',*,*,#3992,.F.);
#4982=ORIENTED_EDGE('',*,*,#3994,.T.);
#4983=ORIENTED_EDGE('',*,*,#3995,.T.);
#4984=ORIENTED_EDGE('',*,*,#3996,.F.);
#4985=ORIENTED_EDGE('',*,*,#3995,.F.);
#4986=ORIENTED_EDGE('',*,*,#3997,.T.);
#4987=ORIENTED_EDGE('',*,*,#3998,.T.);
#4988=ORIENTED_EDGE('',*,*,#3999,.F.);
#4989=ORIENTED_EDGE('',*,*,#3998,.F.);
#4990=ORIENTED_EDGE('',*,*,#4000,.F.);
#4991=ORIENTED_EDGE('',*,*,#4001,.T.);
#4992=ORIENTED_EDGE('',*,*,#4002,.T.);
#4993=ORIENTED_EDGE('',*,*,#4001,.F.);
#4994=ORIENTED_EDGE('',*,*,#4003,.F.);
#4995=ORIENTED_EDGE('',*,*,#4004,.T.);
#4996=ORIENTED_EDGE('',*,*,#4005,.T.);
#4997=ORIENTED_EDGE('',*,*,#4004,.F.);
#4998=ORIENTED_EDGE('',*,*,#4006,.T.);
#4999=ORIENTED_EDGE('',*,*,#4007,.T.);
#5000=ORIENTED_EDGE('',*,*,#4008,.F.);
#5001=ORIENTED_EDGE('',*,*,#4007,.F.);
#5002=ORIENTED_EDGE('',*,*,#4009,.F.);
#5003=ORIENTED_EDGE('',*,*,#4010,.T.);
#5004=ORIENTED_EDGE('',*,*,#4011,.T.);
#5005=ORIENTED_EDGE('',*,*,#4010,.F.);
#5006=ORIENTED_EDGE('',*,*,#4012,.F.);
#5007=ORIENTED_EDGE('',*,*,#4013,.T.);
#5008=ORIENTED_EDGE('',*,*,#4014,.T.);
#5009=ORIENTED_EDGE('',*,*,#4013,.F.);
#5010=ORIENTED_EDGE('',*,*,#4015,.F.);
#5011=ORIENTED_EDGE('',*,*,#4016,.T.);
#5012=ORIENTED_EDGE('',*,*,#4017,.T.);
#5013=ORIENTED_EDGE('',*,*,#4016,.F.);
#5014=ORIENTED_EDGE('',*,*,#4018,.F.);
#5015=ORIENTED_EDGE('',*,*,#4019,.T.);
#5016=ORIENTED_EDGE('',*,*,#4020,.T.);
#5017=ORIENTED_EDGE('',*,*,#4019,.F.);
#5018=ORIENTED_EDGE('',*,*,#4021,.F.);
#5019=ORIENTED_EDGE('',*,*,#4022,.T.);
#5020=ORIENTED_EDGE('',*,*,#4023,.T.);
#5021=ORIENTED_EDGE('',*,*,#4022,.F.);
#5022=ORIENTED_EDGE('',*,*,#4024,.F.);
#5023=ORIENTED_EDGE('',*,*,#4025,.T.);
#5024=ORIENTED_EDGE('',*,*,#4026,.T.);
#5025=ORIENTED_EDGE('',*,*,#4025,.F.);
#5026=ORIENTED_EDGE('',*,*,#4027,.F.);
#5027=ORIENTED_EDGE('',*,*,#4028,.T.);
#5028=ORIENTED_EDGE('',*,*,#4029,.T.);
#5029=ORIENTED_EDGE('',*,*,#4028,.F.);
#5030=ORIENTED_EDGE('',*,*,#4030,.F.);
#5031=ORIENTED_EDGE('',*,*,#4031,.T.);
#5032=ORIENTED_EDGE('',*,*,#4032,.T.);
#5033=ORIENTED_EDGE('',*,*,#4031,.F.);
#5034=ORIENTED_EDGE('',*,*,#4033,.F.);
#5035=ORIENTED_EDGE('',*,*,#4034,.T.);
#5036=ORIENTED_EDGE('',*,*,#4035,.T.);
#5037=ORIENTED_EDGE('',*,*,#4034,.F.);
#5038=ORIENTED_EDGE('',*,*,#4036,.F.);
#5039=ORIENTED_EDGE('',*,*,#4037,.T.);
#5040=ORIENTED_EDGE('',*,*,#4038,.T.);
#5041=ORIENTED_EDGE('',*,*,#4037,.F.);
#5042=ORIENTED_EDGE('',*,*,#4039,.F.);
#5043=ORIENTED_EDGE('',*,*,#4040,.T.);
#5044=ORIENTED_EDGE('',*,*,#4041,.T.);
#5045=ORIENTED_EDGE('',*,*,#4040,.F.);
#5046=ORIENTED_EDGE('',*,*,#4042,.F.);
#5047=ORIENTED_EDGE('',*,*,#4043,.T.);
#5048=ORIENTED_EDGE('',*,*,#4044,.T.);
#5049=ORIENTED_EDGE('',*,*,#4043,.F.);
#5050=ORIENTED_EDGE('',*,*,#4045,.F.);
#5051=ORIENTED_EDGE('',*,*,#4046,.T.);
#5052=ORIENTED_EDGE('',*,*,#4047,.T.);
#5053=ORIENTED_EDGE('',*,*,#4046,.F.);
#5054=ORIENTED_EDGE('',*,*,#4048,.F.);
#5055=ORIENTED_EDGE('',*,*,#4049,.T.);
#5056=ORIENTED_EDGE('',*,*,#4050,.T.);
#5057=ORIENTED_EDGE('',*,*,#4049,.F.);
#5058=ORIENTED_EDGE('',*,*,#4051,.F.);
#5059=ORIENTED_EDGE('',*,*,#4052,.T.);
#5060=ORIENTED_EDGE('',*,*,#4053,.T.);
#5061=ORIENTED_EDGE('',*,*,#4052,.F.);
#5062=ORIENTED_EDGE('',*,*,#4054,.F.);
#5063=ORIENTED_EDGE('',*,*,#4055,.T.);
#5064=ORIENTED_EDGE('',*,*,#4056,.T.);
#5065=ORIENTED_EDGE('',*,*,#4055,.F.);
#5066=ORIENTED_EDGE('',*,*,#4057,.F.);
#5067=ORIENTED_EDGE('',*,*,#4058,.T.);
#5068=ORIENTED_EDGE('',*,*,#4059,.T.);
#5069=ORIENTED_EDGE('',*,*,#4058,.F.);
#5070=ORIENTED_EDGE('',*,*,#4060,.F.);
#5071=ORIENTED_EDGE('',*,*,#4061,.T.);
#5072=ORIENTED_EDGE('',*,*,#4062,.T.);
#5073=ORIENTED_EDGE('',*,*,#4061,.F.);
#5074=ORIENTED_EDGE('',*,*,#4063,.F.);
#5075=ORIENTED_EDGE('',*,*,#4064,.T.);
#5076=ORIENTED_EDGE('',*,*,#4065,.T.);
#5077=ORIENTED_EDGE('',*,*,#4064,.F.);
#5078=ORIENTED_EDGE('',*,*,#4066,.F.);
#5079=ORIENTED_EDGE('',*,*,#4067,.T.);
#5080=ORIENTED_EDGE('',*,*,#4068,.T.);
#5081=ORIENTED_EDGE('',*,*,#4067,.F.);
#5082=ORIENTED_EDGE('',*,*,#4069,.F.);
#5083=ORIENTED_EDGE('',*,*,#4070,.T.);
#5084=ORIENTED_EDGE('',*,*,#4071,.T.);
#5085=ORIENTED_EDGE('',*,*,#4070,.F.);
#5086=ORIENTED_EDGE('',*,*,#4072,.F.);
#5087=ORIENTED_EDGE('',*,*,#4073,.T.);
#5088=ORIENTED_EDGE('',*,*,#4074,.T.);
#5089=ORIENTED_EDGE('',*,*,#4073,.F.);
#5090=ORIENTED_EDGE('',*,*,#4075,.F.);
#5091=ORIENTED_EDGE('',*,*,#4076,.T.);
#5092=ORIENTED_EDGE('',*,*,#4077,.T.);
#5093=ORIENTED_EDGE('',*,*,#4076,.F.);
#5094=ORIENTED_EDGE('',*,*,#4078,.F.);
#5095=ORIENTED_EDGE('',*,*,#4079,.T.);
#5096=ORIENTED_EDGE('',*,*,#4080,.T.);
#5097=ORIENTED_EDGE('',*,*,#4079,.F.);
#5098=ORIENTED_EDGE('',*,*,#4081,.F.);
#5099=ORIENTED_EDGE('',*,*,#4082,.T.);
#5100=ORIENTED_EDGE('',*,*,#4083,.T.);
#5101=ORIENTED_EDGE('',*,*,#4082,.F.);
#5102=ORIENTED_EDGE('',*,*,#4084,.F.);
#5103=ORIENTED_EDGE('',*,*,#4085,.T.);
#5104=ORIENTED_EDGE('',*,*,#4086,.T.);
#5105=ORIENTED_EDGE('',*,*,#4085,.F.);
#5106=ORIENTED_EDGE('',*,*,#4087,.F.);
#5107=ORIENTED_EDGE('',*,*,#4088,.T.);
#5108=ORIENTED_EDGE('',*,*,#4089,.T.);
#5109=ORIENTED_EDGE('',*,*,#4088,.F.);
#5110=ORIENTED_EDGE('',*,*,#4090,.F.);
#5111=ORIENTED_EDGE('',*,*,#4091,.T.);
#5112=ORIENTED_EDGE('',*,*,#4092,.T.);
#5113=ORIENTED_EDGE('',*,*,#4091,.F.);
#5114=ORIENTED_EDGE('',*,*,#4093,.T.);
#5115=ORIENTED_EDGE('',*,*,#4094,.T.);
#5116=ORIENTED_EDGE('',*,*,#4095,.F.);
#5117=ORIENTED_EDGE('',*,*,#4094,.F.);
#5118=ORIENTED_EDGE('',*,*,#4096,.T.);
#5119=ORIENTED_EDGE('',*,*,#4097,.T.);
#5120=ORIENTED_EDGE('',*,*,#4098,.F.);
#5121=ORIENTED_EDGE('',*,*,#4097,.F.);
#5122=ORIENTED_EDGE('',*,*,#4099,.T.);
#5123=ORIENTED_EDGE('',*,*,#4100,.T.);
#5124=ORIENTED_EDGE('',*,*,#4101,.F.);
#5125=ORIENTED_EDGE('',*,*,#4100,.F.);
#5126=ORIENTED_EDGE('',*,*,#4102,.T.);
#5127=ORIENTED_EDGE('',*,*,#4103,.T.);
#5128=ORIENTED_EDGE('',*,*,#4104,.F.);
#5129=ORIENTED_EDGE('',*,*,#4103,.F.);
#5130=ORIENTED_EDGE('',*,*,#4105,.T.);
#5131=ORIENTED_EDGE('',*,*,#4106,.T.);
#5132=ORIENTED_EDGE('',*,*,#4107,.F.);
#5133=ORIENTED_EDGE('',*,*,#4106,.F.);
#5134=ORIENTED_EDGE('',*,*,#4108,.T.);
#5135=ORIENTED_EDGE('',*,*,#4109,.T.);
#5136=ORIENTED_EDGE('',*,*,#4110,.F.);
#5137=ORIENTED_EDGE('',*,*,#4109,.F.);
#5138=ORIENTED_EDGE('',*,*,#4111,.T.);
#5139=ORIENTED_EDGE('',*,*,#4112,.T.);
#5140=ORIENTED_EDGE('',*,*,#4113,.F.);
#5141=ORIENTED_EDGE('',*,*,#4112,.F.);
#5142=ORIENTED_EDGE('',*,*,#4114,.T.);
#5143=ORIENTED_EDGE('',*,*,#4115,.T.);
#5144=ORIENTED_EDGE('',*,*,#4116,.F.);
#5145=ORIENTED_EDGE('',*,*,#4115,.F.);
#5146=ORIENTED_EDGE('',*,*,#4117,.T.);
#5147=ORIENTED_EDGE('',*,*,#4118,.T.);
#5148=ORIENTED_EDGE('',*,*,#4119,.F.);
#5149=ORIENTED_EDGE('',*,*,#4118,.F.);
#5150=ORIENTED_EDGE('',*,*,#4120,.T.);
#5151=ORIENTED_EDGE('',*,*,#4121,.T.);
#5152=ORIENTED_EDGE('',*,*,#4122,.F.);
#5153=ORIENTED_EDGE('',*,*,#4121,.F.);
#5154=ORIENTED_EDGE('',*,*,#4123,.T.);
#5155=ORIENTED_EDGE('',*,*,#4124,.T.);
#5156=ORIENTED_EDGE('',*,*,#4125,.F.);
#5157=ORIENTED_EDGE('',*,*,#4124,.F.);
#5158=ORIENTED_EDGE('',*,*,#4126,.T.);
#5159=ORIENTED_EDGE('',*,*,#4127,.T.);
#5160=ORIENTED_EDGE('',*,*,#4128,.F.);
#5161=ORIENTED_EDGE('',*,*,#4127,.F.);
#5162=ORIENTED_EDGE('',*,*,#4129,.T.);
#5163=ORIENTED_EDGE('',*,*,#4130,.T.);
#5164=ORIENTED_EDGE('',*,*,#4131,.F.);
#5165=ORIENTED_EDGE('',*,*,#4130,.F.);
#5166=ORIENTED_EDGE('',*,*,#4132,.T.);
#5167=ORIENTED_EDGE('',*,*,#4133,.T.);
#5168=ORIENTED_EDGE('',*,*,#4134,.F.);
#5169=ORIENTED_EDGE('',*,*,#4133,.F.);
#5170=ORIENTED_EDGE('',*,*,#4135,.T.);
#5171=ORIENTED_EDGE('',*,*,#4136,.T.);
#5172=ORIENTED_EDGE('',*,*,#4137,.F.);
#5173=ORIENTED_EDGE('',*,*,#4136,.F.);
#5174=ORIENTED_EDGE('',*,*,#4138,.T.);
#5175=ORIENTED_EDGE('',*,*,#4139,.T.);
#5176=ORIENTED_EDGE('',*,*,#4140,.F.);
#5177=ORIENTED_EDGE('',*,*,#4139,.F.);
#5178=ORIENTED_EDGE('',*,*,#4141,.T.);
#5179=ORIENTED_EDGE('',*,*,#4142,.T.);
#5180=ORIENTED_EDGE('',*,*,#4143,.F.);
#5181=ORIENTED_EDGE('',*,*,#4142,.F.);
#5182=ORIENTED_EDGE('',*,*,#4144,.T.);
#5183=ORIENTED_EDGE('',*,*,#4145,.T.);
#5184=ORIENTED_EDGE('',*,*,#4146,.F.);
#5185=ORIENTED_EDGE('',*,*,#4145,.F.);
#5186=ORIENTED_EDGE('',*,*,#4147,.T.);
#5187=ORIENTED_EDGE('',*,*,#4148,.T.);
#5188=ORIENTED_EDGE('',*,*,#4149,.F.);
#5189=ORIENTED_EDGE('',*,*,#4148,.F.);
#5190=ORIENTED_EDGE('',*,*,#4150,.T.);
#5191=ORIENTED_EDGE('',*,*,#4151,.T.);
#5192=ORIENTED_EDGE('',*,*,#4152,.F.);
#5193=ORIENTED_EDGE('',*,*,#4151,.F.);
#5194=ORIENTED_EDGE('',*,*,#4153,.T.);
#5195=ORIENTED_EDGE('',*,*,#4154,.T.);
#5196=ORIENTED_EDGE('',*,*,#4155,.F.);
#5197=ORIENTED_EDGE('',*,*,#4154,.F.);
#5198=ORIENTED_EDGE('',*,*,#4156,.T.);
#5199=ORIENTED_EDGE('',*,*,#4157,.T.);
#5200=ORIENTED_EDGE('',*,*,#4158,.F.);
#5201=ORIENTED_EDGE('',*,*,#4157,.F.);
#5202=ORIENTED_EDGE('',*,*,#4159,.T.);
#5203=ORIENTED_EDGE('',*,*,#4160,.T.);
#5204=ORIENTED_EDGE('',*,*,#4161,.F.);
#5205=ORIENTED_EDGE('',*,*,#4160,.F.);
#5206=ORIENTED_EDGE('',*,*,#4162,.T.);
#5207=ORIENTED_EDGE('',*,*,#4163,.T.);
#5208=ORIENTED_EDGE('',*,*,#4164,.F.);
#5209=ORIENTED_EDGE('',*,*,#4163,.F.);
#5210=ORIENTED_EDGE('',*,*,#4165,.T.);
#5211=ORIENTED_EDGE('',*,*,#4166,.T.);
#5212=ORIENTED_EDGE('',*,*,#4167,.F.);
#5213=ORIENTED_EDGE('',*,*,#4166,.F.);
#5214=ORIENTED_EDGE('',*,*,#4168,.T.);
#5215=ORIENTED_EDGE('',*,*,#4169,.T.);
#5216=ORIENTED_EDGE('',*,*,#4170,.F.);
#5217=ORIENTED_EDGE('',*,*,#4169,.F.);
#5218=ORIENTED_EDGE('',*,*,#4171,.T.);
#5219=ORIENTED_EDGE('',*,*,#4172,.T.);
#5220=ORIENTED_EDGE('',*,*,#4173,.F.);
#5221=ORIENTED_EDGE('',*,*,#4172,.F.);
#5222=ORIENTED_EDGE('',*,*,#4174,.F.);
#5223=ORIENTED_EDGE('',*,*,#4175,.T.);
#5224=ORIENTED_EDGE('',*,*,#4176,.T.);
#5225=ORIENTED_EDGE('',*,*,#4177,.T.);
#5226=ORIENTED_EDGE('',*,*,#4178,.F.);
#5227=ORIENTED_EDGE('',*,*,#4179,.F.);
#5228=ORIENTED_EDGE('',*,*,#4180,.F.);
#5229=ORIENTED_EDGE('',*,*,#4181,.F.);
#5230=ORIENTED_EDGE('',*,*,#3985,.F.);
#5231=ORIENTED_EDGE('',*,*,#3982,.F.);
#5232=ORIENTED_EDGE('',*,*,#4182,.F.);
#5233=ORIENTED_EDGE('',*,*,#4183,.T.);
#5234=ORIENTED_EDGE('',*,*,#4184,.T.);
#5235=ORIENTED_EDGE('',*,*,#4185,.F.);
#5236=ORIENTED_EDGE('',*,*,#4186,.F.);
#5237=ORIENTED_EDGE('',*,*,#4187,.T.);
#5238=ORIENTED_EDGE('',*,*,#4188,.T.);
#5239=ORIENTED_EDGE('',*,*,#4189,.F.);
#5240=ORIENTED_EDGE('',*,*,#4190,.F.);
#5241=ORIENTED_EDGE('',*,*,#4191,.T.);
#5242=ORIENTED_EDGE('',*,*,#4192,.T.);
#5243=ORIENTED_EDGE('',*,*,#4193,.F.);
#5244=ORIENTED_EDGE('',*,*,#4194,.F.);
#5245=ORIENTED_EDGE('',*,*,#4195,.T.);
#5246=ORIENTED_EDGE('',*,*,#4196,.T.);
#5247=ORIENTED_EDGE('',*,*,#4197,.F.);
#5248=ORIENTED_EDGE('',*,*,#4198,.F.);
#5249=ORIENTED_EDGE('',*,*,#4199,.T.);
#5250=ORIENTED_EDGE('',*,*,#4200,.T.);
#5251=ORIENTED_EDGE('',*,*,#4201,.F.);
#5252=ORIENTED_EDGE('',*,*,#4202,.F.);
#5253=ORIENTED_EDGE('',*,*,#4203,.T.);
#5254=ORIENTED_EDGE('',*,*,#4204,.T.);
#5255=ORIENTED_EDGE('',*,*,#4205,.F.);
#5256=ORIENTED_EDGE('',*,*,#4206,.F.);
#5257=ORIENTED_EDGE('',*,*,#4207,.T.);
#5258=ORIENTED_EDGE('',*,*,#4208,.T.);
#5259=ORIENTED_EDGE('',*,*,#4209,.F.);
#5260=ORIENTED_EDGE('',*,*,#4210,.F.);
#5261=ORIENTED_EDGE('',*,*,#4211,.T.);
#5262=ORIENTED_EDGE('',*,*,#4212,.T.);
#5263=ORIENTED_EDGE('',*,*,#4213,.F.);
#5264=ORIENTED_EDGE('',*,*,#4214,.F.);
#5265=ORIENTED_EDGE('',*,*,#4215,.T.);
#5266=ORIENTED_EDGE('',*,*,#4216,.T.);
#5267=ORIENTED_EDGE('',*,*,#4217,.F.);
#5268=ORIENTED_EDGE('',*,*,#4218,.F.);
#5269=ORIENTED_EDGE('',*,*,#4219,.T.);
#5270=ORIENTED_EDGE('',*,*,#4220,.T.);
#5271=ORIENTED_EDGE('',*,*,#4221,.F.);
#5272=ORIENTED_EDGE('',*,*,#4222,.F.);
#5273=ORIENTED_EDGE('',*,*,#4223,.T.);
#5274=ORIENTED_EDGE('',*,*,#4224,.T.);
#5275=ORIENTED_EDGE('',*,*,#4225,.F.);
#5276=ORIENTED_EDGE('',*,*,#3859,.T.);
#5277=ORIENTED_EDGE('',*,*,#3856,.T.);
#5278=ORIENTED_EDGE('',*,*,#3853,.T.);
#5279=ORIENTED_EDGE('',*,*,#3850,.T.);
#5280=ORIENTED_EDGE('',*,*,#3847,.T.);
#5281=ORIENTED_EDGE('',*,*,#3844,.T.);
#5282=ORIENTED_EDGE('',*,*,#3841,.T.);
#5283=ORIENTED_EDGE('',*,*,#3838,.T.);
#5284=ORIENTED_EDGE('',*,*,#3835,.T.);
#5285=ORIENTED_EDGE('',*,*,#3832,.T.);
#5286=ORIENTED_EDGE('',*,*,#3829,.T.);
#5287=ORIENTED_EDGE('',*,*,#3826,.T.);
#5288=ORIENTED_EDGE('',*,*,#3823,.F.);
#5289=ORIENTED_EDGE('',*,*,#3820,.F.);
#5290=ORIENTED_EDGE('',*,*,#3817,.T.);
#5291=ORIENTED_EDGE('',*,*,#3814,.T.);
#5292=ORIENTED_EDGE('',*,*,#3811,.T.);
#5293=ORIENTED_EDGE('',*,*,#3808,.T.);
#5294=ORIENTED_EDGE('',*,*,#3805,.T.);
#5295=ORIENTED_EDGE('',*,*,#4226,.F.);
#5296=ORIENTED_EDGE('',*,*,#4227,.T.);
#5297=ORIENTED_EDGE('',*,*,#4228,.T.);
#5298=ORIENTED_EDGE('',*,*,#4229,.F.);
#5299=ORIENTED_EDGE('',*,*,#4230,.F.);
#5300=ORIENTED_EDGE('',*,*,#4231,.T.);
#5301=ORIENTED_EDGE('',*,*,#4232,.T.);
#5302=ORIENTED_EDGE('',*,*,#4233,.F.);
#5303=ORIENTED_EDGE('',*,*,#4234,.F.);
#5304=ORIENTED_EDGE('',*,*,#4235,.T.);
#5305=ORIENTED_EDGE('',*,*,#4236,.T.);
#5306=ORIENTED_EDGE('',*,*,#4237,.F.);
#5307=ORIENTED_EDGE('',*,*,#4238,.F.);
#5308=ORIENTED_EDGE('',*,*,#4239,.T.);
#5309=ORIENTED_EDGE('',*,*,#4240,.T.);
#5310=ORIENTED_EDGE('',*,*,#4241,.F.);
#5311=ORIENTED_EDGE('',*,*,#3802,.T.);
#5312=ORIENTED_EDGE('',*,*,#4242,.F.);
#5313=ORIENTED_EDGE('',*,*,#4243,.T.);
#5314=ORIENTED_EDGE('',*,*,#4244,.T.);
#5315=ORIENTED_EDGE('',*,*,#4245,.F.);
#5316=ORIENTED_EDGE('',*,*,#4246,.F.);
#5317=ORIENTED_EDGE('',*,*,#4247,.T.);
#5318=ORIENTED_EDGE('',*,*,#4248,.T.);
#5319=ORIENTED_EDGE('',*,*,#4249,.F.);
#5320=ORIENTED_EDGE('',*,*,#4250,.F.);
#5321=ORIENTED_EDGE('',*,*,#4251,.T.);
#5322=ORIENTED_EDGE('',*,*,#4252,.T.);
#5323=ORIENTED_EDGE('',*,*,#4253,.F.);
#5324=ORIENTED_EDGE('',*,*,#4254,.F.);
#5325=ORIENTED_EDGE('',*,*,#4255,.T.);
#5326=ORIENTED_EDGE('',*,*,#4256,.T.);
#5327=ORIENTED_EDGE('',*,*,#4257,.F.);
#5328=ORIENTED_EDGE('',*,*,#4258,.F.);
#5329=ORIENTED_EDGE('',*,*,#4259,.T.);
#5330=ORIENTED_EDGE('',*,*,#4260,.T.);
#5331=ORIENTED_EDGE('',*,*,#4261,.F.);
#5332=ORIENTED_EDGE('',*,*,#3862,.T.);
#5333=ORIENTED_EDGE('',*,*,#3865,.T.);
#5334=ORIENTED_EDGE('',*,*,#3868,.T.);
#5335=ORIENTED_EDGE('',*,*,#3871,.T.);
#5336=ORIENTED_EDGE('',*,*,#3874,.T.);
#5337=ORIENTED_EDGE('',*,*,#3877,.T.);
#5338=ORIENTED_EDGE('',*,*,#3880,.T.);
#5339=ORIENTED_EDGE('',*,*,#3883,.T.);
#5340=ORIENTED_EDGE('',*,*,#3886,.T.);
#5341=ORIENTED_EDGE('',*,*,#3889,.T.);
#5342=ORIENTED_EDGE('',*,*,#3892,.T.);
#5343=ORIENTED_EDGE('',*,*,#3895,.T.);
#5344=ORIENTED_EDGE('',*,*,#4262,.F.);
#5345=ORIENTED_EDGE('',*,*,#4263,.T.);
#5346=ORIENTED_EDGE('',*,*,#4264,.T.);
#5347=ORIENTED_EDGE('',*,*,#4265,.F.);
#5348=ORIENTED_EDGE('',*,*,#4266,.F.);
#5349=ORIENTED_EDGE('',*,*,#4267,.T.);
#5350=ORIENTED_EDGE('',*,*,#4268,.T.);
#5351=ORIENTED_EDGE('',*,*,#4269,.F.);
#5352=ORIENTED_EDGE('',*,*,#4270,.F.);
#5353=ORIENTED_EDGE('',*,*,#4271,.T.);
#5354=ORIENTED_EDGE('',*,*,#4272,.T.);
#5355=ORIENTED_EDGE('',*,*,#4273,.F.);
#5356=ORIENTED_EDGE('',*,*,#4274,.F.);
#5357=ORIENTED_EDGE('',*,*,#4275,.T.);
#5358=ORIENTED_EDGE('',*,*,#4276,.T.);
#5359=ORIENTED_EDGE('',*,*,#4277,.F.);
#5360=ORIENTED_EDGE('',*,*,#4278,.F.);
#5361=ORIENTED_EDGE('',*,*,#4279,.T.);
#5362=ORIENTED_EDGE('',*,*,#4280,.T.);
#5363=ORIENTED_EDGE('',*,*,#4281,.F.);
#5364=ORIENTED_EDGE('',*,*,#4282,.F.);
#5365=ORIENTED_EDGE('',*,*,#4283,.T.);
#5366=ORIENTED_EDGE('',*,*,#4284,.T.);
#5367=ORIENTED_EDGE('',*,*,#4285,.F.);
#5368=ORIENTED_EDGE('',*,*,#4286,.F.);
#5369=ORIENTED_EDGE('',*,*,#4287,.T.);
#5370=ORIENTED_EDGE('',*,*,#4288,.T.);
#5371=ORIENTED_EDGE('',*,*,#4289,.F.);
#5372=ORIENTED_EDGE('',*,*,#4290,.F.);
#5373=ORIENTED_EDGE('',*,*,#4291,.T.);
#5374=ORIENTED_EDGE('',*,*,#4292,.T.);
#5375=ORIENTED_EDGE('',*,*,#4293,.F.);
#5376=ORIENTED_EDGE('',*,*,#4294,.F.);
#5377=ORIENTED_EDGE('',*,*,#4295,.T.);
#5378=ORIENTED_EDGE('',*,*,#4296,.T.);
#5379=ORIENTED_EDGE('',*,*,#4297,.F.);
#5380=ORIENTED_EDGE('',*,*,#3898,.T.);
#5381=ORIENTED_EDGE('',*,*,#4298,.F.);
#5382=ORIENTED_EDGE('',*,*,#4299,.T.);
#5383=ORIENTED_EDGE('',*,*,#4300,.T.);
#5384=ORIENTED_EDGE('',*,*,#4301,.F.);
#5385=ORIENTED_EDGE('',*,*,#4302,.F.);
#5386=ORIENTED_EDGE('',*,*,#4303,.T.);
#5387=ORIENTED_EDGE('',*,*,#4304,.T.);
#5388=ORIENTED_EDGE('',*,*,#4305,.F.);
#5389=ORIENTED_EDGE('',*,*,#4306,.F.);
#5390=ORIENTED_EDGE('',*,*,#4307,.T.);
#5391=ORIENTED_EDGE('',*,*,#4308,.T.);
#5392=ORIENTED_EDGE('',*,*,#4309,.F.);
#5393=ORIENTED_EDGE('',*,*,#4310,.F.);
#5394=ORIENTED_EDGE('',*,*,#4311,.T.);
#5395=ORIENTED_EDGE('',*,*,#4312,.T.);
#5396=ORIENTED_EDGE('',*,*,#4313,.F.);
#5397=ORIENTED_EDGE('',*,*,#3901,.F.);
#5398=ORIENTED_EDGE('',*,*,#3904,.T.);
#5399=ORIENTED_EDGE('',*,*,#3907,.F.);
#5400=ORIENTED_EDGE('',*,*,#3910,.F.);
#5401=ORIENTED_EDGE('',*,*,#3913,.F.);
#5402=ORIENTED_EDGE('',*,*,#3916,.F.);
#5403=ORIENTED_EDGE('',*,*,#3919,.F.);
#5404=ORIENTED_EDGE('',*,*,#3922,.F.);
#5405=ORIENTED_EDGE('',*,*,#3925,.F.);
#5406=ORIENTED_EDGE('',*,*,#3928,.F.);
#5407=ORIENTED_EDGE('',*,*,#3931,.F.);
#5408=ORIENTED_EDGE('',*,*,#3934,.F.);
#5409=ORIENTED_EDGE('',*,*,#3937,.F.);
#5410=ORIENTED_EDGE('',*,*,#3940,.F.);
#5411=ORIENTED_EDGE('',*,*,#3943,.F.);
#5412=ORIENTED_EDGE('',*,*,#3946,.F.);
#5413=ORIENTED_EDGE('',*,*,#3949,.F.);
#5414=ORIENTED_EDGE('',*,*,#3952,.F.);
#5415=ORIENTED_EDGE('',*,*,#3955,.F.);
#5416=ORIENTED_EDGE('',*,*,#3958,.F.);
#5417=ORIENTED_EDGE('',*,*,#3961,.F.);
#5418=ORIENTED_EDGE('',*,*,#3964,.F.);
#5419=ORIENTED_EDGE('',*,*,#3967,.F.);
#5420=ORIENTED_EDGE('',*,*,#3970,.F.);
#5421=ORIENTED_EDGE('',*,*,#3973,.F.);
#5422=ORIENTED_EDGE('',*,*,#3976,.F.);
#5423=ORIENTED_EDGE('',*,*,#3979,.F.);
#5424=ORIENTED_EDGE('',*,*,#4314,.T.);
#5425=ORIENTED_EDGE('',*,*,#4315,.T.);
#5426=ORIENTED_EDGE('',*,*,#4316,.F.);
#5427=ORIENTED_EDGE('',*,*,#4317,.F.);
#5428=ORIENTED_EDGE('',*,*,#4318,.F.);
#5429=ORIENTED_EDGE('',*,*,#4319,.T.);
#5430=ORIENTED_EDGE('',*,*,#4320,.T.);
#5431=ORIENTED_EDGE('',*,*,#4321,.F.);
#5432=ORIENTED_EDGE('',*,*,#4322,.F.);
#5433=ORIENTED_EDGE('',*,*,#4323,.T.);
#5434=ORIENTED_EDGE('',*,*,#4324,.T.);
#5435=ORIENTED_EDGE('',*,*,#4325,.F.);
#5436=ORIENTED_EDGE('',*,*,#4326,.F.);
#5437=ORIENTED_EDGE('',*,*,#4327,.T.);
#5438=ORIENTED_EDGE('',*,*,#4328,.T.);
#5439=ORIENTED_EDGE('',*,*,#4329,.F.);
#5440=ORIENTED_EDGE('',*,*,#4330,.F.);
#5441=ORIENTED_EDGE('',*,*,#4331,.T.);
#5442=ORIENTED_EDGE('',*,*,#4332,.T.);
#5443=ORIENTED_EDGE('',*,*,#4333,.F.);
#5444=ORIENTED_EDGE('',*,*,#4334,.F.);
#5445=ORIENTED_EDGE('',*,*,#4335,.T.);
#5446=ORIENTED_EDGE('',*,*,#4336,.T.);
#5447=ORIENTED_EDGE('',*,*,#4337,.F.);
#5448=ORIENTED_EDGE('',*,*,#4338,.F.);
#5449=ORIENTED_EDGE('',*,*,#4339,.T.);
#5450=ORIENTED_EDGE('',*,*,#4340,.T.);
#5451=ORIENTED_EDGE('',*,*,#4341,.F.);
#5452=ORIENTED_EDGE('',*,*,#4342,.F.);
#5453=ORIENTED_EDGE('',*,*,#4343,.T.);
#5454=ORIENTED_EDGE('',*,*,#4344,.T.);
#5455=ORIENTED_EDGE('',*,*,#4345,.F.);
#5456=ORIENTED_EDGE('',*,*,#4346,.F.);
#5457=ORIENTED_EDGE('',*,*,#4347,.T.);
#5458=ORIENTED_EDGE('',*,*,#4348,.T.);
#5459=ORIENTED_EDGE('',*,*,#4349,.F.);
#5460=ORIENTED_EDGE('',*,*,#4350,.F.);
#5461=ORIENTED_EDGE('',*,*,#4351,.T.);
#5462=ORIENTED_EDGE('',*,*,#4352,.T.);
#5463=ORIENTED_EDGE('',*,*,#4353,.F.);
#5464=ORIENTED_EDGE('',*,*,#4354,.F.);
#5465=ORIENTED_EDGE('',*,*,#4355,.T.);
#5466=ORIENTED_EDGE('',*,*,#4356,.T.);
#5467=ORIENTED_EDGE('',*,*,#4357,.F.);
#5468=ORIENTED_EDGE('',*,*,#4358,.T.);
#5469=ORIENTED_EDGE('',*,*,#4359,.T.);
#5470=ORIENTED_EDGE('',*,*,#4360,.T.);
#5471=ORIENTED_EDGE('',*,*,#4361,.T.);
#5472=ORIENTED_EDGE('',*,*,#4362,.T.);
#5473=ORIENTED_EDGE('',*,*,#4363,.F.);
#5474=ORIENTED_EDGE('',*,*,#4364,.F.);
#5475=ORIENTED_EDGE('',*,*,#4365,.F.);
#5476=ORIENTED_EDGE('',*,*,#4168,.F.);
#5477=ORIENTED_EDGE('',*,*,#4162,.F.);
#5478=ORIENTED_EDGE('',*,*,#4156,.F.);
#5479=ORIENTED_EDGE('',*,*,#4150,.F.);
#5480=ORIENTED_EDGE('',*,*,#4144,.F.);
#5481=ORIENTED_EDGE('',*,*,#4138,.F.);
#5482=ORIENTED_EDGE('',*,*,#4132,.F.);
#5483=ORIENTED_EDGE('',*,*,#4126,.F.);
#5484=ORIENTED_EDGE('',*,*,#4120,.F.);
#5485=ORIENTED_EDGE('',*,*,#4114,.F.);
#5486=ORIENTED_EDGE('',*,*,#4108,.F.);
#5487=ORIENTED_EDGE('',*,*,#4102,.F.);
#5488=ORIENTED_EDGE('',*,*,#4096,.F.);
#5489=ORIENTED_EDGE('',*,*,#4090,.T.);
#5490=ORIENTED_EDGE('',*,*,#4087,.T.);
#5491=ORIENTED_EDGE('',*,*,#4084,.T.);
#5492=ORIENTED_EDGE('',*,*,#4081,.T.);
#5493=ORIENTED_EDGE('',*,*,#4078,.T.);
#5494=ORIENTED_EDGE('',*,*,#4075,.T.);
#5495=ORIENTED_EDGE('',*,*,#4072,.T.);
#5496=ORIENTED_EDGE('',*,*,#4069,.T.);
#5497=ORIENTED_EDGE('',*,*,#4066,.T.);
#5498=ORIENTED_EDGE('',*,*,#4063,.T.);
#5499=ORIENTED_EDGE('',*,*,#4060,.T.);
#5500=ORIENTED_EDGE('',*,*,#4057,.T.);
#5501=ORIENTED_EDGE('',*,*,#4054,.T.);
#5502=ORIENTED_EDGE('',*,*,#4051,.T.);
#5503=ORIENTED_EDGE('',*,*,#4048,.T.);
#5504=ORIENTED_EDGE('',*,*,#4045,.T.);
#5505=ORIENTED_EDGE('',*,*,#4042,.T.);
#5506=ORIENTED_EDGE('',*,*,#4039,.T.);
#5507=ORIENTED_EDGE('',*,*,#4036,.T.);
#5508=ORIENTED_EDGE('',*,*,#4033,.T.);
#5509=ORIENTED_EDGE('',*,*,#4030,.T.);
#5510=ORIENTED_EDGE('',*,*,#4027,.T.);
#5511=ORIENTED_EDGE('',*,*,#4024,.T.);
#5512=ORIENTED_EDGE('',*,*,#4021,.T.);
#5513=ORIENTED_EDGE('',*,*,#4018,.T.);
#5514=ORIENTED_EDGE('',*,*,#4015,.T.);
#5515=ORIENTED_EDGE('',*,*,#4012,.T.);
#5516=ORIENTED_EDGE('',*,*,#4009,.T.);
#5517=ORIENTED_EDGE('',*,*,#4006,.F.);
#5518=ORIENTED_EDGE('',*,*,#3994,.F.);
#5519=ORIENTED_EDGE('',*,*,#3988,.F.);
#5520=ORIENTED_EDGE('',*,*,#3991,.F.);
#5521=ORIENTED_EDGE('',*,*,#3997,.F.);
#5522=ORIENTED_EDGE('',*,*,#4000,.T.);
#5523=ORIENTED_EDGE('',*,*,#4003,.T.);
#5524=ORIENTED_EDGE('',*,*,#4093,.F.);
#5525=ORIENTED_EDGE('',*,*,#4099,.F.);
#5526=ORIENTED_EDGE('',*,*,#4105,.F.);
#5527=ORIENTED_EDGE('',*,*,#4111,.F.);
#5528=ORIENTED_EDGE('',*,*,#4117,.F.);
#5529=ORIENTED_EDGE('',*,*,#4123,.F.);
#5530=ORIENTED_EDGE('',*,*,#4129,.F.);
#5531=ORIENTED_EDGE('',*,*,#4135,.F.);
#5532=ORIENTED_EDGE('',*,*,#4141,.F.);
#5533=ORIENTED_EDGE('',*,*,#4147,.F.);
#5534=ORIENTED_EDGE('',*,*,#4153,.F.);
#5535=ORIENTED_EDGE('',*,*,#4159,.F.);
#5536=ORIENTED_EDGE('',*,*,#4165,.F.);
#5537=ORIENTED_EDGE('',*,*,#4171,.F.);
#5538=ORIENTED_EDGE('',*,*,#4174,.T.);
#5539=ORIENTED_EDGE('',*,*,#4366,.F.);
#5540=ORIENTED_EDGE('',*,*,#4358,.F.);
#5541=ORIENTED_EDGE('',*,*,#4367,.T.);
#5542=ORIENTED_EDGE('',*,*,#4181,.T.);
#5543=ORIENTED_EDGE('',*,*,#4368,.F.);
#5544=ORIENTED_EDGE('',*,*,#4359,.F.);
#5545=ORIENTED_EDGE('',*,*,#4366,.T.);
#5546=ORIENTED_EDGE('',*,*,#4180,.T.);
#5547=ORIENTED_EDGE('',*,*,#4369,.F.);
#5548=ORIENTED_EDGE('',*,*,#4360,.F.);
#5549=ORIENTED_EDGE('',*,*,#4368,.T.);
#5550=ORIENTED_EDGE('',*,*,#4179,.T.);
#5551=ORIENTED_EDGE('',*,*,#4370,.F.);
#5552=ORIENTED_EDGE('',*,*,#4361,.F.);
#5553=ORIENTED_EDGE('',*,*,#4369,.T.);
#5554=ORIENTED_EDGE('',*,*,#4178,.T.);
#5555=ORIENTED_EDGE('',*,*,#4371,.F.);
#5556=ORIENTED_EDGE('',*,*,#4362,.F.);
#5557=ORIENTED_EDGE('',*,*,#4370,.T.);
#5558=ORIENTED_EDGE('',*,*,#4177,.F.);
#5559=ORIENTED_EDGE('',*,*,#4372,.F.);
#5560=ORIENTED_EDGE('',*,*,#4363,.T.);
#5561=ORIENTED_EDGE('',*,*,#4371,.T.);
#5562=ORIENTED_EDGE('',*,*,#4176,.F.);
#5563=ORIENTED_EDGE('',*,*,#4373,.F.);
#5564=ORIENTED_EDGE('',*,*,#4364,.T.);
#5565=ORIENTED_EDGE('',*,*,#4372,.T.);
#5566=ORIENTED_EDGE('',*,*,#4175,.F.);
#5567=ORIENTED_EDGE('',*,*,#4367,.F.);
#5568=ORIENTED_EDGE('',*,*,#4365,.T.);
#5569=ORIENTED_EDGE('',*,*,#4373,.T.);
#5570=ORIENTED_EDGE('',*,*,#3987,.T.);
#5571=ORIENTED_EDGE('',*,*,#4089,.F.);
#5572=ORIENTED_EDGE('',*,*,#3984,.T.);
#5573=ORIENTED_EDGE('',*,*,#4086,.F.);
#5574=ORIENTED_EDGE('',*,*,#4182,.T.);
#5575=ORIENTED_EDGE('',*,*,#4374,.F.);
#5576=ORIENTED_EDGE('',*,*,#4375,.F.);
#5577=ORIENTED_EDGE('',*,*,#4376,.T.);
#5578=ORIENTED_EDGE('',*,*,#4185,.T.);
#5579=ORIENTED_EDGE('',*,*,#4377,.F.);
#5580=ORIENTED_EDGE('',*,*,#4378,.F.);
#5581=ORIENTED_EDGE('',*,*,#4374,.T.);
#5582=ORIENTED_EDGE('',*,*,#4184,.F.);
#5583=ORIENTED_EDGE('',*,*,#4379,.F.);
#5584=ORIENTED_EDGE('',*,*,#4380,.T.);
#5585=ORIENTED_EDGE('',*,*,#4377,.T.);
#5586=ORIENTED_EDGE('',*,*,#4183,.F.);
#5587=ORIENTED_EDGE('',*,*,#4376,.F.);
#5588=ORIENTED_EDGE('',*,*,#4381,.T.);
#5589=ORIENTED_EDGE('',*,*,#4379,.T.);
#5590=ORIENTED_EDGE('',*,*,#4375,.T.);
#5591=ORIENTED_EDGE('',*,*,#4378,.T.);
#5592=ORIENTED_EDGE('',*,*,#4380,.F.);
#5593=ORIENTED_EDGE('',*,*,#4381,.F.);
#5594=ORIENTED_EDGE('',*,*,#4354,.T.);
#5595=ORIENTED_EDGE('',*,*,#4382,.F.);
#5596=ORIENTED_EDGE('',*,*,#4383,.F.);
#5597=ORIENTED_EDGE('',*,*,#4384,.T.);
#5598=ORIENTED_EDGE('',*,*,#4357,.T.);
#5599=ORIENTED_EDGE('',*,*,#4385,.F.);
#5600=ORIENTED_EDGE('',*,*,#4386,.F.);
#5601=ORIENTED_EDGE('',*,*,#4382,.T.);
#5602=ORIENTED_EDGE('',*,*,#4356,.F.);
#5603=ORIENTED_EDGE('',*,*,#4387,.F.);
#5604=ORIENTED_EDGE('',*,*,#4388,.T.);
#5605=ORIENTED_EDGE('',*,*,#4385,.T.);
#5606=ORIENTED_EDGE('',*,*,#4355,.F.);
#5607=ORIENTED_EDGE('',*,*,#4384,.F.);
#5608=ORIENTED_EDGE('',*,*,#4389,.T.);
#5609=ORIENTED_EDGE('',*,*,#4387,.T.);
#5610=ORIENTED_EDGE('',*,*,#4383,.T.);
#5611=ORIENTED_EDGE('',*,*,#4386,.T.);
#5612=ORIENTED_EDGE('',*,*,#4388,.F.);
#5613=ORIENTED_EDGE('',*,*,#4389,.F.);
#5614=ORIENTED_EDGE('',*,*,#4186,.T.);
#5615=ORIENTED_EDGE('',*,*,#4390,.F.);
#5616=ORIENTED_EDGE('',*,*,#4391,.F.);
#5617=ORIENTED_EDGE('',*,*,#4392,.T.);
#5618=ORIENTED_EDGE('',*,*,#4189,.T.);
#5619=ORIENTED_EDGE('',*,*,#4393,.F.);
#5620=ORIENTED_EDGE('',*,*,#4394,.F.);
#5621=ORIENTED_EDGE('',*,*,#4390,.T.);
#5622=ORIENTED_EDGE('',*,*,#4188,.F.);
#5623=ORIENTED_EDGE('',*,*,#4395,.F.);
#5624=ORIENTED_EDGE('',*,*,#4396,.T.);
#5625=ORIENTED_EDGE('',*,*,#4393,.T.);
#5626=ORIENTED_EDGE('',*,*,#4187,.F.);
#5627=ORIENTED_EDGE('',*,*,#4392,.F.);
#5628=ORIENTED_EDGE('',*,*,#4397,.T.);
#5629=ORIENTED_EDGE('',*,*,#4395,.T.);
#5630=ORIENTED_EDGE('',*,*,#4391,.T.);
#5631=ORIENTED_EDGE('',*,*,#4394,.T.);
#5632=ORIENTED_EDGE('',*,*,#4396,.F.);
#5633=ORIENTED_EDGE('',*,*,#4397,.F.);
#5634=ORIENTED_EDGE('',*,*,#4350,.T.);
#5635=ORIENTED_EDGE('',*,*,#4398,.F.);
#5636=ORIENTED_EDGE('',*,*,#4399,.F.);
#5637=ORIENTED_EDGE('',*,*,#4400,.T.);
#5638=ORIENTED_EDGE('',*,*,#4353,.T.);
#5639=ORIENTED_EDGE('',*,*,#4401,.F.);
#5640=ORIENTED_EDGE('',*,*,#4402,.F.);
#5641=ORIENTED_EDGE('',*,*,#4398,.T.);
#5642=ORIENTED_EDGE('',*,*,#4352,.F.);
#5643=ORIENTED_EDGE('',*,*,#4403,.F.);
#5644=ORIENTED_EDGE('',*,*,#4404,.T.);
#5645=ORIENTED_EDGE('',*,*,#4401,.T.);
#5646=ORIENTED_EDGE('',*,*,#4351,.F.);
#5647=ORIENTED_EDGE('',*,*,#4400,.F.);
#5648=ORIENTED_EDGE('',*,*,#4405,.T.);
#5649=ORIENTED_EDGE('',*,*,#4403,.T.);
#5650=ORIENTED_EDGE('',*,*,#4399,.T.);
#5651=ORIENTED_EDGE('',*,*,#4402,.T.);
#5652=ORIENTED_EDGE('',*,*,#4404,.F.);
#5653=ORIENTED_EDGE('',*,*,#4405,.F.);
#5654=ORIENTED_EDGE('',*,*,#4190,.T.);
#5655=ORIENTED_EDGE('',*,*,#4406,.F.);
#5656=ORIENTED_EDGE('',*,*,#4407,.F.);
#5657=ORIENTED_EDGE('',*,*,#4408,.T.);
#5658=ORIENTED_EDGE('',*,*,#4193,.T.);
#5659=ORIENTED_EDGE('',*,*,#4409,.F.);
#5660=ORIENTED_EDGE('',*,*,#4410,.F.);
#5661=ORIENTED_EDGE('',*,*,#4406,.T.);
#5662=ORIENTED_EDGE('',*,*,#4192,.F.);
#5663=ORIENTED_EDGE('',*,*,#4411,.F.);
#5664=ORIENTED_EDGE('',*,*,#4412,.T.);
#5665=ORIENTED_EDGE('',*,*,#4409,.T.);
#5666=ORIENTED_EDGE('',*,*,#4191,.F.);
#5667=ORIENTED_EDGE('',*,*,#4408,.F.);
#5668=ORIENTED_EDGE('',*,*,#4413,.T.);
#5669=ORIENTED_EDGE('',*,*,#4411,.T.);
#5670=ORIENTED_EDGE('',*,*,#4407,.T.);
#5671=ORIENTED_EDGE('',*,*,#4410,.T.);
#5672=ORIENTED_EDGE('',*,*,#4412,.F.);
#5673=ORIENTED_EDGE('',*,*,#4413,.F.);
#5674=ORIENTED_EDGE('',*,*,#4346,.T.);
#5675=ORIENTED_EDGE('',*,*,#4414,.F.);
#5676=ORIENTED_EDGE('',*,*,#4415,.F.);
#5677=ORIENTED_EDGE('',*,*,#4416,.T.);
#5678=ORIENTED_EDGE('',*,*,#4349,.T.);
#5679=ORIENTED_EDGE('',*,*,#4417,.F.);
#5680=ORIENTED_EDGE('',*,*,#4418,.F.);
#5681=ORIENTED_EDGE('',*,*,#4414,.T.);
#5682=ORIENTED_EDGE('',*,*,#4348,.F.);
#5683=ORIENTED_EDGE('',*,*,#4419,.F.);
#5684=ORIENTED_EDGE('',*,*,#4420,.T.);
#5685=ORIENTED_EDGE('',*,*,#4417,.T.);
#5686=ORIENTED_EDGE('',*,*,#4347,.F.);
#5687=ORIENTED_EDGE('',*,*,#4416,.F.);
#5688=ORIENTED_EDGE('',*,*,#4421,.T.);
#5689=ORIENTED_EDGE('',*,*,#4419,.T.);
#5690=ORIENTED_EDGE('',*,*,#4415,.T.);
#5691=ORIENTED_EDGE('',*,*,#4418,.T.);
#5692=ORIENTED_EDGE('',*,*,#4420,.F.);
#5693=ORIENTED_EDGE('',*,*,#4421,.F.);
#5694=ORIENTED_EDGE('',*,*,#4194,.T.);
#5695=ORIENTED_EDGE('',*,*,#4422,.F.);
#5696=ORIENTED_EDGE('',*,*,#4423,.F.);
#5697=ORIENTED_EDGE('',*,*,#4424,.T.);
#5698=ORIENTED_EDGE('',*,*,#4197,.T.);
#5699=ORIENTED_EDGE('',*,*,#4425,.F.);
#5700=ORIENTED_EDGE('',*,*,#4426,.F.);
#5701=ORIENTED_EDGE('',*,*,#4422,.T.);
#5702=ORIENTED_EDGE('',*,*,#4196,.F.);
#5703=ORIENTED_EDGE('',*,*,#4427,.F.);
#5704=ORIENTED_EDGE('',*,*,#4428,.T.);
#5705=ORIENTED_EDGE('',*,*,#4425,.T.);
#5706=ORIENTED_EDGE('',*,*,#4195,.F.);
#5707=ORIENTED_EDGE('',*,*,#4424,.F.);
#5708=ORIENTED_EDGE('',*,*,#4429,.T.);
#5709=ORIENTED_EDGE('',*,*,#4427,.T.);
#5710=ORIENTED_EDGE('',*,*,#4423,.T.);
#5711=ORIENTED_EDGE('',*,*,#4426,.T.);
#5712=ORIENTED_EDGE('',*,*,#4428,.F.);
#5713=ORIENTED_EDGE('',*,*,#4429,.F.);
#5714=ORIENTED_EDGE('',*,*,#4342,.T.);
#5715=ORIENTED_EDGE('',*,*,#4430,.F.);
#5716=ORIENTED_EDGE('',*,*,#4431,.F.);
#5717=ORIENTED_EDGE('',*,*,#4432,.T.);
#5718=ORIENTED_EDGE('',*,*,#4345,.T.);
#5719=ORIENTED_EDGE('',*,*,#4433,.F.);
#5720=ORIENTED_EDGE('',*,*,#4434,.F.);
#5721=ORIENTED_EDGE('',*,*,#4430,.T.);
#5722=ORIENTED_EDGE('',*,*,#4344,.F.);
#5723=ORIENTED_EDGE('',*,*,#4435,.F.);
#5724=ORIENTED_EDGE('',*,*,#4436,.T.);
#5725=ORIENTED_EDGE('',*,*,#4433,.T.);
#5726=ORIENTED_EDGE('',*,*,#4343,.F.);
#5727=ORIENTED_EDGE('',*,*,#4432,.F.);
#5728=ORIENTED_EDGE('',*,*,#4437,.T.);
#5729=ORIENTED_EDGE('',*,*,#4435,.T.);
#5730=ORIENTED_EDGE('',*,*,#4431,.T.);
#5731=ORIENTED_EDGE('',*,*,#4434,.T.);
#5732=ORIENTED_EDGE('',*,*,#4436,.F.);
#5733=ORIENTED_EDGE('',*,*,#4437,.F.);
#5734=ORIENTED_EDGE('',*,*,#4198,.T.);
#5735=ORIENTED_EDGE('',*,*,#4438,.F.);
#5736=ORIENTED_EDGE('',*,*,#4439,.F.);
#5737=ORIENTED_EDGE('',*,*,#4440,.T.);
#5738=ORIENTED_EDGE('',*,*,#4201,.T.);
#5739=ORIENTED_EDGE('',*,*,#4441,.F.);
#5740=ORIENTED_EDGE('',*,*,#4442,.F.);
#5741=ORIENTED_EDGE('',*,*,#4438,.T.);
#5742=ORIENTED_EDGE('',*,*,#4200,.F.);
#5743=ORIENTED_EDGE('',*,*,#4443,.F.);
#5744=ORIENTED_EDGE('',*,*,#4444,.T.);
#5745=ORIENTED_EDGE('',*,*,#4441,.T.);
#5746=ORIENTED_EDGE('',*,*,#4199,.F.);
#5747=ORIENTED_EDGE('',*,*,#4440,.F.);
#5748=ORIENTED_EDGE('',*,*,#4445,.T.);
#5749=ORIENTED_EDGE('',*,*,#4443,.T.);
#5750=ORIENTED_EDGE('',*,*,#4439,.T.);
#5751=ORIENTED_EDGE('',*,*,#4442,.T.);
#5752=ORIENTED_EDGE('',*,*,#4444,.F.);
#5753=ORIENTED_EDGE('',*,*,#4445,.F.);
#5754=ORIENTED_EDGE('',*,*,#4338,.T.);
#5755=ORIENTED_EDGE('',*,*,#4446,.F.);
#5756=ORIENTED_EDGE('',*,*,#4447,.F.);
#5757=ORIENTED_EDGE('',*,*,#4448,.T.);
#5758=ORIENTED_EDGE('',*,*,#4341,.T.);
#5759=ORIENTED_EDGE('',*,*,#4449,.F.);
#5760=ORIENTED_EDGE('',*,*,#4450,.F.);
#5761=ORIENTED_EDGE('',*,*,#4446,.T.);
#5762=ORIENTED_EDGE('',*,*,#4340,.F.);
#5763=ORIENTED_EDGE('',*,*,#4451,.F.);
#5764=ORIENTED_EDGE('',*,*,#4452,.T.);
#5765=ORIENTED_EDGE('',*,*,#4449,.T.);
#5766=ORIENTED_EDGE('',*,*,#4339,.F.);
#5767=ORIENTED_EDGE('',*,*,#4448,.F.);
#5768=ORIENTED_EDGE('',*,*,#4453,.T.);
#5769=ORIENTED_EDGE('',*,*,#4451,.T.);
#5770=ORIENTED_EDGE('',*,*,#4447,.T.);
#5771=ORIENTED_EDGE('',*,*,#4450,.T.);
#5772=ORIENTED_EDGE('',*,*,#4452,.F.);
#5773=ORIENTED_EDGE('',*,*,#4453,.F.);
#5774=ORIENTED_EDGE('',*,*,#4202,.T.);
#5775=ORIENTED_EDGE('',*,*,#4454,.F.);
#5776=ORIENTED_EDGE('',*,*,#4455,.F.);
#5777=ORIENTED_EDGE('',*,*,#4456,.T.);
#5778=ORIENTED_EDGE('',*,*,#4205,.T.);
#5779=ORIENTED_EDGE('',*,*,#4457,.F.);
#5780=ORIENTED_EDGE('',*,*,#4458,.F.);
#5781=ORIENTED_EDGE('',*,*,#4454,.T.);
#5782=ORIENTED_EDGE('',*,*,#4204,.F.);
#5783=ORIENTED_EDGE('',*,*,#4459,.F.);
#5784=ORIENTED_EDGE('',*,*,#4460,.T.);
#5785=ORIENTED_EDGE('',*,*,#4457,.T.);
#5786=ORIENTED_EDGE('',*,*,#4203,.F.);
#5787=ORIENTED_EDGE('',*,*,#4456,.F.);
#5788=ORIENTED_EDGE('',*,*,#4461,.T.);
#5789=ORIENTED_EDGE('',*,*,#4459,.T.);
#5790=ORIENTED_EDGE('',*,*,#4455,.T.);
#5791=ORIENTED_EDGE('',*,*,#4458,.T.);
#5792=ORIENTED_EDGE('',*,*,#4460,.F.);
#5793=ORIENTED_EDGE('',*,*,#4461,.F.);
#5794=ORIENTED_EDGE('',*,*,#4334,.T.);
#5795=ORIENTED_EDGE('',*,*,#4462,.F.);
#5796=ORIENTED_EDGE('',*,*,#4463,.F.);
#5797=ORIENTED_EDGE('',*,*,#4464,.T.);
#5798=ORIENTED_EDGE('',*,*,#4337,.T.);
#5799=ORIENTED_EDGE('',*,*,#4465,.F.);
#5800=ORIENTED_EDGE('',*,*,#4466,.F.);
#5801=ORIENTED_EDGE('',*,*,#4462,.T.);
#5802=ORIENTED_EDGE('',*,*,#4336,.F.);
#5803=ORIENTED_EDGE('',*,*,#4467,.F.);
#5804=ORIENTED_EDGE('',*,*,#4468,.T.);
#5805=ORIENTED_EDGE('',*,*,#4465,.T.);
#5806=ORIENTED_EDGE('',*,*,#4335,.F.);
#5807=ORIENTED_EDGE('',*,*,#4464,.F.);
#5808=ORIENTED_EDGE('',*,*,#4469,.T.);
#5809=ORIENTED_EDGE('',*,*,#4467,.T.);
#5810=ORIENTED_EDGE('',*,*,#4463,.T.);
#5811=ORIENTED_EDGE('',*,*,#4466,.T.);
#5812=ORIENTED_EDGE('',*,*,#4468,.F.);
#5813=ORIENTED_EDGE('',*,*,#4469,.F.);
#5814=ORIENTED_EDGE('',*,*,#4206,.T.);
#5815=ORIENTED_EDGE('',*,*,#4470,.F.);
#5816=ORIENTED_EDGE('',*,*,#4471,.F.);
#5817=ORIENTED_EDGE('',*,*,#4472,.T.);
#5818=ORIENTED_EDGE('',*,*,#4209,.T.);
#5819=ORIENTED_EDGE('',*,*,#4473,.F.);
#5820=ORIENTED_EDGE('',*,*,#4474,.F.);
#5821=ORIENTED_EDGE('',*,*,#4470,.T.);
#5822=ORIENTED_EDGE('',*,*,#4208,.F.);
#5823=ORIENTED_EDGE('',*,*,#4475,.F.);
#5824=ORIENTED_EDGE('',*,*,#4476,.T.);
#5825=ORIENTED_EDGE('',*,*,#4473,.T.);
#5826=ORIENTED_EDGE('',*,*,#4207,.F.);
#5827=ORIENTED_EDGE('',*,*,#4472,.F.);
#5828=ORIENTED_EDGE('',*,*,#4477,.T.);
#5829=ORIENTED_EDGE('',*,*,#4475,.T.);
#5830=ORIENTED_EDGE('',*,*,#4471,.T.);
#5831=ORIENTED_EDGE('',*,*,#4474,.T.);
#5832=ORIENTED_EDGE('',*,*,#4476,.F.);
#5833=ORIENTED_EDGE('',*,*,#4477,.F.);
#5834=ORIENTED_EDGE('',*,*,#4330,.T.);
#5835=ORIENTED_EDGE('',*,*,#4478,.F.);
#5836=ORIENTED_EDGE('',*,*,#4479,.F.);
#5837=ORIENTED_EDGE('',*,*,#4480,.T.);
#5838=ORIENTED_EDGE('',*,*,#4333,.T.);
#5839=ORIENTED_EDGE('',*,*,#4481,.F.);
#5840=ORIENTED_EDGE('',*,*,#4482,.F.);
#5841=ORIENTED_EDGE('',*,*,#4478,.T.);
#5842=ORIENTED_EDGE('',*,*,#4332,.F.);
#5843=ORIENTED_EDGE('',*,*,#4483,.F.);
#5844=ORIENTED_EDGE('',*,*,#4484,.T.);
#5845=ORIENTED_EDGE('',*,*,#4481,.T.);
#5846=ORIENTED_EDGE('',*,*,#4331,.F.);
#5847=ORIENTED_EDGE('',*,*,#4480,.F.);
#5848=ORIENTED_EDGE('',*,*,#4485,.T.);
#5849=ORIENTED_EDGE('',*,*,#4483,.T.);
#5850=ORIENTED_EDGE('',*,*,#4479,.T.);
#5851=ORIENTED_EDGE('',*,*,#4482,.T.);
#5852=ORIENTED_EDGE('',*,*,#4484,.F.);
#5853=ORIENTED_EDGE('',*,*,#4485,.F.);
#5854=ORIENTED_EDGE('',*,*,#4210,.T.);
#5855=ORIENTED_EDGE('',*,*,#4486,.F.);
#5856=ORIENTED_EDGE('',*,*,#4487,.F.);
#5857=ORIENTED_EDGE('',*,*,#4488,.T.);
#5858=ORIENTED_EDGE('',*,*,#4213,.T.);
#5859=ORIENTED_EDGE('',*,*,#4489,.F.);
#5860=ORIENTED_EDGE('',*,*,#4490,.F.);
#5861=ORIENTED_EDGE('',*,*,#4486,.T.);
#5862=ORIENTED_EDGE('',*,*,#4212,.F.);
#5863=ORIENTED_EDGE('',*,*,#4491,.F.);
#5864=ORIENTED_EDGE('',*,*,#4492,.T.);
#5865=ORIENTED_EDGE('',*,*,#4489,.T.);
#5866=ORIENTED_EDGE('',*,*,#4211,.F.);
#5867=ORIENTED_EDGE('',*,*,#4488,.F.);
#5868=ORIENTED_EDGE('',*,*,#4493,.T.);
#5869=ORIENTED_EDGE('',*,*,#4491,.T.);
#5870=ORIENTED_EDGE('',*,*,#4487,.T.);
#5871=ORIENTED_EDGE('',*,*,#4490,.T.);
#5872=ORIENTED_EDGE('',*,*,#4492,.F.);
#5873=ORIENTED_EDGE('',*,*,#4493,.F.);
#5874=ORIENTED_EDGE('',*,*,#4326,.T.);
#5875=ORIENTED_EDGE('',*,*,#4494,.F.);
#5876=ORIENTED_EDGE('',*,*,#4495,.F.);
#5877=ORIENTED_EDGE('',*,*,#4496,.T.);
#5878=ORIENTED_EDGE('',*,*,#4329,.T.);
#5879=ORIENTED_EDGE('',*,*,#4497,.F.);
#5880=ORIENTED_EDGE('',*,*,#4498,.F.);
#5881=ORIENTED_EDGE('',*,*,#4494,.T.);
#5882=ORIENTED_EDGE('',*,*,#4328,.F.);
#5883=ORIENTED_EDGE('',*,*,#4499,.F.);
#5884=ORIENTED_EDGE('',*,*,#4500,.T.);
#5885=ORIENTED_EDGE('',*,*,#4497,.T.);
#5886=ORIENTED_EDGE('',*,*,#4327,.F.);
#5887=ORIENTED_EDGE('',*,*,#4496,.F.);
#5888=ORIENTED_EDGE('',*,*,#4501,.T.);
#5889=ORIENTED_EDGE('',*,*,#4499,.T.);
#5890=ORIENTED_EDGE('',*,*,#4495,.T.);
#5891=ORIENTED_EDGE('',*,*,#4498,.T.);
#5892=ORIENTED_EDGE('',*,*,#4500,.F.);
#5893=ORIENTED_EDGE('',*,*,#4501,.F.);
#5894=ORIENTED_EDGE('',*,*,#4214,.T.);
#5895=ORIENTED_EDGE('',*,*,#4502,.F.);
#5896=ORIENTED_EDGE('',*,*,#4503,.F.);
#5897=ORIENTED_EDGE('',*,*,#4504,.T.);
#5898=ORIENTED_EDGE('',*,*,#4217,.T.);
#5899=ORIENTED_EDGE('',*,*,#4505,.F.);
#5900=ORIENTED_EDGE('',*,*,#4506,.F.);
#5901=ORIENTED_EDGE('',*,*,#4502,.T.);
#5902=ORIENTED_EDGE('',*,*,#4216,.F.);
#5903=ORIENTED_EDGE('',*,*,#4507,.F.);
#5904=ORIENTED_EDGE('',*,*,#4508,.T.);
#5905=ORIENTED_EDGE('',*,*,#4505,.T.);
#5906=ORIENTED_EDGE('',*,*,#4215,.F.);
#5907=ORIENTED_EDGE('',*,*,#4504,.F.);
#5908=ORIENTED_EDGE('',*,*,#4509,.T.);
#5909=ORIENTED_EDGE('',*,*,#4507,.T.);
#5910=ORIENTED_EDGE('',*,*,#4503,.T.);
#5911=ORIENTED_EDGE('',*,*,#4506,.T.);
#5912=ORIENTED_EDGE('',*,*,#4508,.F.);
#5913=ORIENTED_EDGE('',*,*,#4509,.F.);
#5914=ORIENTED_EDGE('',*,*,#4322,.T.);
#5915=ORIENTED_EDGE('',*,*,#4510,.F.);
#5916=ORIENTED_EDGE('',*,*,#4511,.F.);
#5917=ORIENTED_EDGE('',*,*,#4512,.T.);
#5918=ORIENTED_EDGE('',*,*,#4325,.T.);
#5919=ORIENTED_EDGE('',*,*,#4513,.F.);
#5920=ORIENTED_EDGE('',*,*,#4514,.F.);
#5921=ORIENTED_EDGE('',*,*,#4510,.T.);
#5922=ORIENTED_EDGE('',*,*,#4324,.F.);
#5923=ORIENTED_EDGE('',*,*,#4515,.F.);
#5924=ORIENTED_EDGE('',*,*,#4516,.T.);
#5925=ORIENTED_EDGE('',*,*,#4513,.T.);
#5926=ORIENTED_EDGE('',*,*,#4323,.F.);
#5927=ORIENTED_EDGE('',*,*,#4512,.F.);
#5928=ORIENTED_EDGE('',*,*,#4517,.T.);
#5929=ORIENTED_EDGE('',*,*,#4515,.T.);
#5930=ORIENTED_EDGE('',*,*,#4511,.T.);
#5931=ORIENTED_EDGE('',*,*,#4514,.T.);
#5932=ORIENTED_EDGE('',*,*,#4516,.F.);
#5933=ORIENTED_EDGE('',*,*,#4517,.F.);
#5934=ORIENTED_EDGE('',*,*,#4218,.T.);
#5935=ORIENTED_EDGE('',*,*,#4518,.F.);
#5936=ORIENTED_EDGE('',*,*,#4519,.F.);
#5937=ORIENTED_EDGE('',*,*,#4520,.T.);
#5938=ORIENTED_EDGE('',*,*,#4221,.T.);
#5939=ORIENTED_EDGE('',*,*,#4521,.F.);
#5940=ORIENTED_EDGE('',*,*,#4522,.F.);
#5941=ORIENTED_EDGE('',*,*,#4518,.T.);
#5942=ORIENTED_EDGE('',*,*,#4220,.F.);
#5943=ORIENTED_EDGE('',*,*,#4523,.F.);
#5944=ORIENTED_EDGE('',*,*,#4524,.T.);
#5945=ORIENTED_EDGE('',*,*,#4521,.T.);
#5946=ORIENTED_EDGE('',*,*,#4219,.F.);
#5947=ORIENTED_EDGE('',*,*,#4520,.F.);
#5948=ORIENTED_EDGE('',*,*,#4525,.T.);
#5949=ORIENTED_EDGE('',*,*,#4523,.T.);
#5950=ORIENTED_EDGE('',*,*,#4519,.T.);
#5951=ORIENTED_EDGE('',*,*,#4522,.T.);
#5952=ORIENTED_EDGE('',*,*,#4524,.F.);
#5953=ORIENTED_EDGE('',*,*,#4525,.F.);
#5954=ORIENTED_EDGE('',*,*,#4318,.T.);
#5955=ORIENTED_EDGE('',*,*,#4526,.F.);
#5956=ORIENTED_EDGE('',*,*,#4527,.F.);
#5957=ORIENTED_EDGE('',*,*,#4528,.T.);
#5958=ORIENTED_EDGE('',*,*,#4321,.T.);
#5959=ORIENTED_EDGE('',*,*,#4529,.F.);
#5960=ORIENTED_EDGE('',*,*,#4530,.F.);
#5961=ORIENTED_EDGE('',*,*,#4526,.T.);
#5962=ORIENTED_EDGE('',*,*,#4320,.F.);
#5963=ORIENTED_EDGE('',*,*,#4531,.F.);
#5964=ORIENTED_EDGE('',*,*,#4532,.T.);
#5965=ORIENTED_EDGE('',*,*,#4529,.T.);
#5966=ORIENTED_EDGE('',*,*,#4319,.F.);
#5967=ORIENTED_EDGE('',*,*,#4528,.F.);
#5968=ORIENTED_EDGE('',*,*,#4533,.T.);
#5969=ORIENTED_EDGE('',*,*,#4531,.T.);
#5970=ORIENTED_EDGE('',*,*,#4527,.T.);
#5971=ORIENTED_EDGE('',*,*,#4530,.T.);
#5972=ORIENTED_EDGE('',*,*,#4532,.F.);
#5973=ORIENTED_EDGE('',*,*,#4533,.F.);
#5974=ORIENTED_EDGE('',*,*,#4222,.T.);
#5975=ORIENTED_EDGE('',*,*,#4534,.F.);
#5976=ORIENTED_EDGE('',*,*,#4535,.F.);
#5977=ORIENTED_EDGE('',*,*,#4536,.T.);
#5978=ORIENTED_EDGE('',*,*,#4225,.T.);
#5979=ORIENTED_EDGE('',*,*,#4537,.F.);
#5980=ORIENTED_EDGE('',*,*,#4538,.F.);
#5981=ORIENTED_EDGE('',*,*,#4534,.T.);
#5982=ORIENTED_EDGE('',*,*,#4224,.F.);
#5983=ORIENTED_EDGE('',*,*,#4539,.F.);
#5984=ORIENTED_EDGE('',*,*,#4540,.T.);
#5985=ORIENTED_EDGE('',*,*,#4537,.T.);
#5986=ORIENTED_EDGE('',*,*,#4223,.F.);
#5987=ORIENTED_EDGE('',*,*,#4536,.F.);
#5988=ORIENTED_EDGE('',*,*,#4541,.T.);
#5989=ORIENTED_EDGE('',*,*,#4539,.T.);
#5990=ORIENTED_EDGE('',*,*,#4535,.T.);
#5991=ORIENTED_EDGE('',*,*,#4538,.T.);
#5992=ORIENTED_EDGE('',*,*,#4540,.F.);
#5993=ORIENTED_EDGE('',*,*,#4541,.F.);
#5994=ORIENTED_EDGE('',*,*,#4315,.F.);
#5995=ORIENTED_EDGE('',*,*,#4542,.F.);
#5996=ORIENTED_EDGE('',*,*,#4543,.T.);
#5997=ORIENTED_EDGE('',*,*,#4544,.T.);
#5998=ORIENTED_EDGE('',*,*,#4314,.F.);
#5999=ORIENTED_EDGE('',*,*,#4545,.F.);
#6000=ORIENTED_EDGE('',*,*,#4546,.T.);
#6001=ORIENTED_EDGE('',*,*,#4542,.T.);
#6002=ORIENTED_EDGE('',*,*,#4317,.T.);
#6003=ORIENTED_EDGE('',*,*,#4547,.F.);
#6004=ORIENTED_EDGE('',*,*,#4548,.F.);
#6005=ORIENTED_EDGE('',*,*,#4545,.T.);
#6006=ORIENTED_EDGE('',*,*,#4316,.T.);
#6007=ORIENTED_EDGE('',*,*,#4544,.F.);
#6008=ORIENTED_EDGE('',*,*,#4549,.F.);
#6009=ORIENTED_EDGE('',*,*,#4547,.T.);
#6010=ORIENTED_EDGE('',*,*,#4543,.F.);
#6011=ORIENTED_EDGE('',*,*,#4546,.F.);
#6012=ORIENTED_EDGE('',*,*,#4548,.T.);
#6013=ORIENTED_EDGE('',*,*,#4549,.T.);
#6014=ORIENTED_EDGE('',*,*,#3981,.T.);
#6015=ORIENTED_EDGE('',*,*,#4080,.F.);
#6016=ORIENTED_EDGE('',*,*,#3978,.T.);
#6017=ORIENTED_EDGE('',*,*,#4077,.F.);
#6018=ORIENTED_EDGE('',*,*,#3975,.T.);
#6019=ORIENTED_EDGE('',*,*,#4074,.F.);
#6020=ORIENTED_EDGE('',*,*,#3972,.T.);
#6021=ORIENTED_EDGE('',*,*,#4065,.F.);
#6022=ORIENTED_EDGE('',*,*,#3969,.T.);
#6023=ORIENTED_EDGE('',*,*,#4068,.F.);
#6024=ORIENTED_EDGE('',*,*,#3966,.T.);
#6025=ORIENTED_EDGE('',*,*,#4071,.F.);
#6026=ORIENTED_EDGE('',*,*,#3963,.T.);
#6027=ORIENTED_EDGE('',*,*,#4062,.F.);
#6028=ORIENTED_EDGE('',*,*,#3960,.T.);
#6029=ORIENTED_EDGE('',*,*,#4059,.F.);
#6030=ORIENTED_EDGE('',*,*,#3957,.T.);
#6031=ORIENTED_EDGE('',*,*,#4056,.F.);
#6032=ORIENTED_EDGE('',*,*,#3954,.T.);
#6033=ORIENTED_EDGE('',*,*,#4047,.F.);
#6034=ORIENTED_EDGE('',*,*,#3951,.T.);
#6035=ORIENTED_EDGE('',*,*,#4050,.F.);
#6036=ORIENTED_EDGE('',*,*,#3948,.T.);
#6037=ORIENTED_EDGE('',*,*,#4053,.F.);
#6038=ORIENTED_EDGE('',*,*,#3945,.T.);
#6039=ORIENTED_EDGE('',*,*,#4083,.F.);
#6040=ORIENTED_EDGE('',*,*,#3942,.T.);
#6041=ORIENTED_EDGE('',*,*,#4044,.F.);
#6042=ORIENTED_EDGE('',*,*,#3939,.T.);
#6043=ORIENTED_EDGE('',*,*,#4041,.F.);
#6044=ORIENTED_EDGE('',*,*,#3936,.T.);
#6045=ORIENTED_EDGE('',*,*,#4035,.F.);
#6046=ORIENTED_EDGE('',*,*,#3933,.T.);
#6047=ORIENTED_EDGE('',*,*,#4032,.F.);
#6048=ORIENTED_EDGE('',*,*,#3930,.T.);
#6049=ORIENTED_EDGE('',*,*,#4026,.F.);
#6050=ORIENTED_EDGE('',*,*,#3927,.T.);
#6051=ORIENTED_EDGE('',*,*,#4020,.F.);
#6052=ORIENTED_EDGE('',*,*,#3924,.T.);
#6053=ORIENTED_EDGE('',*,*,#4017,.F.);
#6054=ORIENTED_EDGE('',*,*,#3921,.T.);
#6055=ORIENTED_EDGE('',*,*,#4023,.F.);
#6056=ORIENTED_EDGE('',*,*,#3918,.T.);
#6057=ORIENTED_EDGE('',*,*,#4038,.F.);
#6058=ORIENTED_EDGE('',*,*,#3915,.T.);
#6059=ORIENTED_EDGE('',*,*,#4029,.F.);
#6060=ORIENTED_EDGE('',*,*,#3912,.T.);
#6061=ORIENTED_EDGE('',*,*,#4014,.F.);
#6062=ORIENTED_EDGE('',*,*,#3909,.T.);
#6063=ORIENTED_EDGE('',*,*,#4011,.F.);
#6064=ORIENTED_EDGE('',*,*,#3906,.F.);
#6065=ORIENTED_EDGE('',*,*,#4008,.T.);
#6066=ORIENTED_EDGE('',*,*,#3903,.T.);
#6067=ORIENTED_EDGE('',*,*,#4092,.F.);
#6068=ORIENTED_EDGE('',*,*,#4311,.F.);
#6069=ORIENTED_EDGE('',*,*,#4550,.F.);
#6070=ORIENTED_EDGE('',*,*,#4551,.T.);
#6071=ORIENTED_EDGE('',*,*,#4552,.T.);
#6072=ORIENTED_EDGE('',*,*,#4310,.T.);
#6073=ORIENTED_EDGE('',*,*,#4553,.F.);
#6074=ORIENTED_EDGE('',*,*,#4554,.F.);
#6075=ORIENTED_EDGE('',*,*,#4550,.T.);
#6076=ORIENTED_EDGE('',*,*,#4313,.T.);
#6077=ORIENTED_EDGE('',*,*,#4555,.F.);
#6078=ORIENTED_EDGE('',*,*,#4556,.F.);
#6079=ORIENTED_EDGE('',*,*,#4553,.T.);
#6080=ORIENTED_EDGE('',*,*,#4312,.F.);
#6081=ORIENTED_EDGE('',*,*,#4552,.F.);
#6082=ORIENTED_EDGE('',*,*,#4557,.T.);
#6083=ORIENTED_EDGE('',*,*,#4555,.T.);
#6084=ORIENTED_EDGE('',*,*,#4551,.F.);
#6085=ORIENTED_EDGE('',*,*,#4554,.T.);
#6086=ORIENTED_EDGE('',*,*,#4556,.T.);
#6087=ORIENTED_EDGE('',*,*,#4557,.F.);
#6088=ORIENTED_EDGE('',*,*,#4307,.F.);
#6089=ORIENTED_EDGE('',*,*,#4558,.F.);
#6090=ORIENTED_EDGE('',*,*,#4559,.T.);
#6091=ORIENTED_EDGE('',*,*,#4560,.T.);
#6092=ORIENTED_EDGE('',*,*,#4306,.T.);
#6093=ORIENTED_EDGE('',*,*,#4561,.F.);
#6094=ORIENTED_EDGE('',*,*,#4562,.F.);
#6095=ORIENTED_EDGE('',*,*,#4558,.T.);
#6096=ORIENTED_EDGE('',*,*,#4309,.T.);
#6097=ORIENTED_EDGE('',*,*,#4563,.F.);
#6098=ORIENTED_EDGE('',*,*,#4564,.F.);
#6099=ORIENTED_EDGE('',*,*,#4561,.T.);
#6100=ORIENTED_EDGE('',*,*,#4308,.F.);
#6101=ORIENTED_EDGE('',*,*,#4560,.F.);
#6102=ORIENTED_EDGE('',*,*,#4565,.T.);
#6103=ORIENTED_EDGE('',*,*,#4563,.T.);
#6104=ORIENTED_EDGE('',*,*,#4559,.F.);
#6105=ORIENTED_EDGE('',*,*,#4562,.T.);
#6106=ORIENTED_EDGE('',*,*,#4564,.T.);
#6107=ORIENTED_EDGE('',*,*,#4565,.F.);
#6108=ORIENTED_EDGE('',*,*,#4303,.F.);
#6109=ORIENTED_EDGE('',*,*,#4566,.F.);
#6110=ORIENTED_EDGE('',*,*,#4567,.T.);
#6111=ORIENTED_EDGE('',*,*,#4568,.T.);
#6112=ORIENTED_EDGE('',*,*,#4302,.T.);
#6113=ORIENTED_EDGE('',*,*,#4569,.F.);
#6114=ORIENTED_EDGE('',*,*,#4570,.F.);
#6115=ORIENTED_EDGE('',*,*,#4566,.T.);
#6116=ORIENTED_EDGE('',*,*,#4305,.T.);
#6117=ORIENTED_EDGE('',*,*,#4571,.F.);
#6118=ORIENTED_EDGE('',*,*,#4572,.F.);
#6119=ORIENTED_EDGE('',*,*,#4569,.T.);
#6120=ORIENTED_EDGE('',*,*,#4304,.F.);
#6121=ORIENTED_EDGE('',*,*,#4568,.F.);
#6122=ORIENTED_EDGE('',*,*,#4573,.T.);
#6123=ORIENTED_EDGE('',*,*,#4571,.T.);
#6124=ORIENTED_EDGE('',*,*,#4567,.F.);
#6125=ORIENTED_EDGE('',*,*,#4570,.T.);
#6126=ORIENTED_EDGE('',*,*,#4572,.T.);
#6127=ORIENTED_EDGE('',*,*,#4573,.F.);
#6128=ORIENTED_EDGE('',*,*,#4299,.F.);
#6129=ORIENTED_EDGE('',*,*,#4574,.F.);
#6130=ORIENTED_EDGE('',*,*,#4575,.T.);
#6131=ORIENTED_EDGE('',*,*,#4576,.T.);
#6132=ORIENTED_EDGE('',*,*,#4298,.T.);
#6133=ORIENTED_EDGE('',*,*,#4577,.F.);
#6134=ORIENTED_EDGE('',*,*,#4578,.F.);
#6135=ORIENTED_EDGE('',*,*,#4574,.T.);
#6136=ORIENTED_EDGE('',*,*,#4301,.T.);
#6137=ORIENTED_EDGE('',*,*,#4579,.F.);
#6138=ORIENTED_EDGE('',*,*,#4580,.F.);
#6139=ORIENTED_EDGE('',*,*,#4577,.T.);
#6140=ORIENTED_EDGE('',*,*,#4300,.F.);
#6141=ORIENTED_EDGE('',*,*,#4576,.F.);
#6142=ORIENTED_EDGE('',*,*,#4581,.T.);
#6143=ORIENTED_EDGE('',*,*,#4579,.T.);
#6144=ORIENTED_EDGE('',*,*,#4575,.F.);
#6145=ORIENTED_EDGE('',*,*,#4578,.T.);
#6146=ORIENTED_EDGE('',*,*,#4580,.T.);
#6147=ORIENTED_EDGE('',*,*,#4581,.F.);
#6148=ORIENTED_EDGE('',*,*,#3900,.F.);
#6149=ORIENTED_EDGE('',*,*,#4113,.T.);
#6150=ORIENTED_EDGE('',*,*,#4295,.F.);
#6151=ORIENTED_EDGE('',*,*,#4582,.F.);
#6152=ORIENTED_EDGE('',*,*,#4583,.T.);
#6153=ORIENTED_EDGE('',*,*,#4584,.T.);
#6154=ORIENTED_EDGE('',*,*,#4294,.T.);
#6155=ORIENTED_EDGE('',*,*,#4585,.F.);
#6156=ORIENTED_EDGE('',*,*,#4586,.F.);
#6157=ORIENTED_EDGE('',*,*,#4582,.T.);
#6158=ORIENTED_EDGE('',*,*,#4297,.T.);
#6159=ORIENTED_EDGE('',*,*,#4587,.F.);
#6160=ORIENTED_EDGE('',*,*,#4588,.F.);
#6161=ORIENTED_EDGE('',*,*,#4585,.T.);
#6162=ORIENTED_EDGE('',*,*,#4296,.F.);
#6163=ORIENTED_EDGE('',*,*,#4584,.F.);
#6164=ORIENTED_EDGE('',*,*,#4589,.T.);
#6165=ORIENTED_EDGE('',*,*,#4587,.T.);
#6166=ORIENTED_EDGE('',*,*,#4583,.F.);
#6167=ORIENTED_EDGE('',*,*,#4586,.T.);
#6168=ORIENTED_EDGE('',*,*,#4588,.T.);
#6169=ORIENTED_EDGE('',*,*,#4589,.F.);
#6170=ORIENTED_EDGE('',*,*,#4291,.F.);
#6171=ORIENTED_EDGE('',*,*,#4590,.F.);
#6172=ORIENTED_EDGE('',*,*,#4591,.T.);
#6173=ORIENTED_EDGE('',*,*,#4592,.T.);
#6174=ORIENTED_EDGE('',*,*,#4290,.T.);
#6175=ORIENTED_EDGE('',*,*,#4593,.F.);
#6176=ORIENTED_EDGE('',*,*,#4594,.F.);
#6177=ORIENTED_EDGE('',*,*,#4590,.T.);
#6178=ORIENTED_EDGE('',*,*,#4293,.T.);
#6179=ORIENTED_EDGE('',*,*,#4595,.F.);
#6180=ORIENTED_EDGE('',*,*,#4596,.F.);
#6181=ORIENTED_EDGE('',*,*,#4593,.T.);
#6182=ORIENTED_EDGE('',*,*,#4292,.F.);
#6183=ORIENTED_EDGE('',*,*,#4592,.F.);
#6184=ORIENTED_EDGE('',*,*,#4597,.T.);
#6185=ORIENTED_EDGE('',*,*,#4595,.T.);
#6186=ORIENTED_EDGE('',*,*,#4591,.F.);
#6187=ORIENTED_EDGE('',*,*,#4594,.T.);
#6188=ORIENTED_EDGE('',*,*,#4596,.T.);
#6189=ORIENTED_EDGE('',*,*,#4597,.F.);
#6190=ORIENTED_EDGE('',*,*,#4287,.F.);
#6191=ORIENTED_EDGE('',*,*,#4598,.F.);
#6192=ORIENTED_EDGE('',*,*,#4599,.T.);
#6193=ORIENTED_EDGE('',*,*,#4600,.T.);
#6194=ORIENTED_EDGE('',*,*,#4286,.T.);
#6195=ORIENTED_EDGE('',*,*,#4601,.F.);
#6196=ORIENTED_EDGE('',*,*,#4602,.F.);
#6197=ORIENTED_EDGE('',*,*,#4598,.T.);
#6198=ORIENTED_EDGE('',*,*,#4289,.T.);
#6199=ORIENTED_EDGE('',*,*,#4603,.F.);
#6200=ORIENTED_EDGE('',*,*,#4604,.F.);
#6201=ORIENTED_EDGE('',*,*,#4601,.T.);
#6202=ORIENTED_EDGE('',*,*,#4288,.F.);
#6203=ORIENTED_EDGE('',*,*,#4600,.F.);
#6204=ORIENTED_EDGE('',*,*,#4605,.T.);
#6205=ORIENTED_EDGE('',*,*,#4603,.T.);
#6206=ORIENTED_EDGE('',*,*,#4599,.F.);
#6207=ORIENTED_EDGE('',*,*,#4602,.T.);
#6208=ORIENTED_EDGE('',*,*,#4604,.T.);
#6209=ORIENTED_EDGE('',*,*,#4605,.F.);
#6210=ORIENTED_EDGE('',*,*,#4283,.F.);
#6211=ORIENTED_EDGE('',*,*,#4606,.F.);
#6212=ORIENTED_EDGE('',*,*,#4607,.T.);
#6213=ORIENTED_EDGE('',*,*,#4608,.T.);
#6214=ORIENTED_EDGE('',*,*,#4282,.T.);
#6215=ORIENTED_EDGE('',*,*,#4609,.F.);
#6216=ORIENTED_EDGE('',*,*,#4610,.F.);
#6217=ORIENTED_EDGE('',*,*,#4606,.T.);
#6218=ORIENTED_EDGE('',*,*,#4285,.T.);
#6219=ORIENTED_EDGE('',*,*,#4611,.F.);
#6220=ORIENTED_EDGE('',*,*,#4612,.F.);
#6221=ORIENTED_EDGE('',*,*,#4609,.T.);
#6222=ORIENTED_EDGE('',*,*,#4284,.F.);
#6223=ORIENTED_EDGE('',*,*,#4608,.F.);
#6224=ORIENTED_EDGE('',*,*,#4613,.T.);
#6225=ORIENTED_EDGE('',*,*,#4611,.T.);
#6226=ORIENTED_EDGE('',*,*,#4607,.F.);
#6227=ORIENTED_EDGE('',*,*,#4610,.T.);
#6228=ORIENTED_EDGE('',*,*,#4612,.T.);
#6229=ORIENTED_EDGE('',*,*,#4613,.F.);
#6230=ORIENTED_EDGE('',*,*,#4279,.F.);
#6231=ORIENTED_EDGE('',*,*,#4614,.F.);
#6232=ORIENTED_EDGE('',*,*,#4615,.T.);
#6233=ORIENTED_EDGE('',*,*,#4616,.T.);
#6234=ORIENTED_EDGE('',*,*,#4278,.T.);
#6235=ORIENTED_EDGE('',*,*,#4617,.F.);
#6236=ORIENTED_EDGE('',*,*,#4618,.F.);
#6237=ORIENTED_EDGE('',*,*,#4614,.T.);
#6238=ORIENTED_EDGE('',*,*,#4281,.T.);
#6239=ORIENTED_EDGE('',*,*,#4619,.F.);
#6240=ORIENTED_EDGE('',*,*,#4620,.F.);
#6241=ORIENTED_EDGE('',*,*,#4617,.T.);
#6242=ORIENTED_EDGE('',*,*,#4280,.F.);
#6243=ORIENTED_EDGE('',*,*,#4616,.F.);
#6244=ORIENTED_EDGE('',*,*,#4621,.T.);
#6245=ORIENTED_EDGE('',*,*,#4619,.T.);
#6246=ORIENTED_EDGE('',*,*,#4615,.F.);
#6247=ORIENTED_EDGE('',*,*,#4618,.T.);
#6248=ORIENTED_EDGE('',*,*,#4620,.T.);
#6249=ORIENTED_EDGE('',*,*,#4621,.F.);
#6250=ORIENTED_EDGE('',*,*,#4275,.F.);
#6251=ORIENTED_EDGE('',*,*,#4622,.F.);
#6252=ORIENTED_EDGE('',*,*,#4623,.T.);
#6253=ORIENTED_EDGE('',*,*,#4624,.T.);
#6254=ORIENTED_EDGE('',*,*,#4274,.T.);
#6255=ORIENTED_EDGE('',*,*,#4625,.F.);
#6256=ORIENTED_EDGE('',*,*,#4626,.F.);
#6257=ORIENTED_EDGE('',*,*,#4622,.T.);
#6258=ORIENTED_EDGE('',*,*,#4277,.T.);
#6259=ORIENTED_EDGE('',*,*,#4627,.F.);
#6260=ORIENTED_EDGE('',*,*,#4628,.F.);
#6261=ORIENTED_EDGE('',*,*,#4625,.T.);
#6262=ORIENTED_EDGE('',*,*,#4276,.F.);
#6263=ORIENTED_EDGE('',*,*,#4624,.F.);
#6264=ORIENTED_EDGE('',*,*,#4629,.T.);
#6265=ORIENTED_EDGE('',*,*,#4627,.T.);
#6266=ORIENTED_EDGE('',*,*,#4623,.F.);
#6267=ORIENTED_EDGE('',*,*,#4626,.T.);
#6268=ORIENTED_EDGE('',*,*,#4628,.T.);
#6269=ORIENTED_EDGE('',*,*,#4629,.F.);
#6270=ORIENTED_EDGE('',*,*,#4271,.F.);
#6271=ORIENTED_EDGE('',*,*,#4630,.F.);
#6272=ORIENTED_EDGE('',*,*,#4631,.T.);
#6273=ORIENTED_EDGE('',*,*,#4632,.T.);
#6274=ORIENTED_EDGE('',*,*,#4270,.T.);
#6275=ORIENTED_EDGE('',*,*,#4633,.F.);
#6276=ORIENTED_EDGE('',*,*,#4634,.F.);
#6277=ORIENTED_EDGE('',*,*,#4630,.T.);
#6278=ORIENTED_EDGE('',*,*,#4273,.T.);
#6279=ORIENTED_EDGE('',*,*,#4635,.F.);
#6280=ORIENTED_EDGE('',*,*,#4636,.F.);
#6281=ORIENTED_EDGE('',*,*,#4633,.T.);
#6282=ORIENTED_EDGE('',*,*,#4272,.F.);
#6283=ORIENTED_EDGE('',*,*,#4632,.F.);
#6284=ORIENTED_EDGE('',*,*,#4637,.T.);
#6285=ORIENTED_EDGE('',*,*,#4635,.T.);
#6286=ORIENTED_EDGE('',*,*,#4631,.F.);
#6287=ORIENTED_EDGE('',*,*,#4634,.T.);
#6288=ORIENTED_EDGE('',*,*,#4636,.T.);
#6289=ORIENTED_EDGE('',*,*,#4637,.F.);
#6290=ORIENTED_EDGE('',*,*,#4267,.F.);
#6291=ORIENTED_EDGE('',*,*,#4638,.F.);
#6292=ORIENTED_EDGE('',*,*,#4639,.T.);
#6293=ORIENTED_EDGE('',*,*,#4640,.T.);
#6294=ORIENTED_EDGE('',*,*,#4266,.T.);
#6295=ORIENTED_EDGE('',*,*,#4641,.F.);
#6296=ORIENTED_EDGE('',*,*,#4642,.F.);
#6297=ORIENTED_EDGE('',*,*,#4638,.T.);
#6298=ORIENTED_EDGE('',*,*,#4269,.T.);
#6299=ORIENTED_EDGE('',*,*,#4643,.F.);
#6300=ORIENTED_EDGE('',*,*,#4644,.F.);
#6301=ORIENTED_EDGE('',*,*,#4641,.T.);
#6302=ORIENTED_EDGE('',*,*,#4268,.F.);
#6303=ORIENTED_EDGE('',*,*,#4640,.F.);
#6304=ORIENTED_EDGE('',*,*,#4645,.T.);
#6305=ORIENTED_EDGE('',*,*,#4643,.T.);
#6306=ORIENTED_EDGE('',*,*,#4639,.F.);
#6307=ORIENTED_EDGE('',*,*,#4642,.T.);
#6308=ORIENTED_EDGE('',*,*,#4644,.T.);
#6309=ORIENTED_EDGE('',*,*,#4645,.F.);
#6310=ORIENTED_EDGE('',*,*,#4263,.F.);
#6311=ORIENTED_EDGE('',*,*,#4646,.F.);
#6312=ORIENTED_EDGE('',*,*,#4647,.T.);
#6313=ORIENTED_EDGE('',*,*,#4648,.T.);
#6314=ORIENTED_EDGE('',*,*,#4262,.T.);
#6315=ORIENTED_EDGE('',*,*,#4649,.F.);
#6316=ORIENTED_EDGE('',*,*,#4650,.F.);
#6317=ORIENTED_EDGE('',*,*,#4646,.T.);
#6318=ORIENTED_EDGE('',*,*,#4265,.T.);
#6319=ORIENTED_EDGE('',*,*,#4651,.F.);
#6320=ORIENTED_EDGE('',*,*,#4652,.F.);
#6321=ORIENTED_EDGE('',*,*,#4649,.T.);
#6322=ORIENTED_EDGE('',*,*,#4264,.F.);
#6323=ORIENTED_EDGE('',*,*,#4648,.F.);
#6324=ORIENTED_EDGE('',*,*,#4653,.T.);
#6325=ORIENTED_EDGE('',*,*,#4651,.T.);
#6326=ORIENTED_EDGE('',*,*,#4647,.F.);
#6327=ORIENTED_EDGE('',*,*,#4650,.T.);
#6328=ORIENTED_EDGE('',*,*,#4652,.T.);
#6329=ORIENTED_EDGE('',*,*,#4653,.F.);
#6330=ORIENTED_EDGE('',*,*,#3897,.F.);
#6331=ORIENTED_EDGE('',*,*,#4167,.T.);
#6332=ORIENTED_EDGE('',*,*,#3894,.F.);
#6333=ORIENTED_EDGE('',*,*,#4158,.T.);
#6334=ORIENTED_EDGE('',*,*,#3891,.F.);
#6335=ORIENTED_EDGE('',*,*,#4146,.T.);
#6336=ORIENTED_EDGE('',*,*,#3888,.F.);
#6337=ORIENTED_EDGE('',*,*,#4140,.T.);
#6338=ORIENTED_EDGE('',*,*,#3885,.F.);
#6339=ORIENTED_EDGE('',*,*,#4149,.T.);
#6340=ORIENTED_EDGE('',*,*,#3882,.F.);
#6341=ORIENTED_EDGE('',*,*,#4155,.T.);
#6342=ORIENTED_EDGE('',*,*,#3879,.F.);
#6343=ORIENTED_EDGE('',*,*,#4137,.T.);
#6344=ORIENTED_EDGE('',*,*,#3876,.F.);
#6345=ORIENTED_EDGE('',*,*,#4164,.T.);
#6346=ORIENTED_EDGE('',*,*,#3873,.F.);
#6347=ORIENTED_EDGE('',*,*,#4161,.T.);
#6348=ORIENTED_EDGE('',*,*,#3870,.F.);
#6349=ORIENTED_EDGE('',*,*,#4152,.T.);
#6350=ORIENTED_EDGE('',*,*,#3867,.F.);
#6351=ORIENTED_EDGE('',*,*,#4143,.T.);
#6352=ORIENTED_EDGE('',*,*,#3864,.F.);
#6353=ORIENTED_EDGE('',*,*,#4134,.T.);
#6354=ORIENTED_EDGE('',*,*,#4259,.F.);
#6355=ORIENTED_EDGE('',*,*,#4654,.F.);
#6356=ORIENTED_EDGE('',*,*,#4655,.T.);
#6357=ORIENTED_EDGE('',*,*,#4656,.T.);
#6358=ORIENTED_EDGE('',*,*,#4258,.T.);
#6359=ORIENTED_EDGE('',*,*,#4657,.F.);
#6360=ORIENTED_EDGE('',*,*,#4658,.F.);
#6361=ORIENTED_EDGE('',*,*,#4654,.T.);
#6362=ORIENTED_EDGE('',*,*,#4261,.T.);
#6363=ORIENTED_EDGE('',*,*,#4659,.F.);
#6364=ORIENTED_EDGE('',*,*,#4660,.F.);
#6365=ORIENTED_EDGE('',*,*,#4657,.T.);
#6366=ORIENTED_EDGE('',*,*,#4260,.F.);
#6367=ORIENTED_EDGE('',*,*,#4656,.F.);
#6368=ORIENTED_EDGE('',*,*,#4661,.T.);
#6369=ORIENTED_EDGE('',*,*,#4659,.T.);
#6370=ORIENTED_EDGE('',*,*,#4655,.F.);
#6371=ORIENTED_EDGE('',*,*,#4658,.T.);
#6372=ORIENTED_EDGE('',*,*,#4660,.T.);
#6373=ORIENTED_EDGE('',*,*,#4661,.F.);
#6374=ORIENTED_EDGE('',*,*,#4255,.F.);
#6375=ORIENTED_EDGE('',*,*,#4662,.F.);
#6376=ORIENTED_EDGE('',*,*,#4663,.T.);
#6377=ORIENTED_EDGE('',*,*,#4664,.T.);
#6378=ORIENTED_EDGE('',*,*,#4254,.T.);
#6379=ORIENTED_EDGE('',*,*,#4665,.F.);
#6380=ORIENTED_EDGE('',*,*,#4666,.F.);
#6381=ORIENTED_EDGE('',*,*,#4662,.T.);
#6382=ORIENTED_EDGE('',*,*,#4257,.T.);
#6383=ORIENTED_EDGE('',*,*,#4667,.F.);
#6384=ORIENTED_EDGE('',*,*,#4668,.F.);
#6385=ORIENTED_EDGE('',*,*,#4665,.T.);
#6386=ORIENTED_EDGE('',*,*,#4256,.F.);
#6387=ORIENTED_EDGE('',*,*,#4664,.F.);
#6388=ORIENTED_EDGE('',*,*,#4669,.T.);
#6389=ORIENTED_EDGE('',*,*,#4667,.T.);
#6390=ORIENTED_EDGE('',*,*,#4663,.F.);
#6391=ORIENTED_EDGE('',*,*,#4666,.T.);
#6392=ORIENTED_EDGE('',*,*,#4668,.T.);
#6393=ORIENTED_EDGE('',*,*,#4669,.F.);
#6394=ORIENTED_EDGE('',*,*,#4250,.T.);
#6395=ORIENTED_EDGE('',*,*,#4670,.F.);
#6396=ORIENTED_EDGE('',*,*,#4671,.F.);
#6397=ORIENTED_EDGE('',*,*,#4672,.T.);
#6398=ORIENTED_EDGE('',*,*,#4253,.T.);
#6399=ORIENTED_EDGE('',*,*,#4673,.F.);
#6400=ORIENTED_EDGE('',*,*,#4674,.F.);
#6401=ORIENTED_EDGE('',*,*,#4670,.T.);
#6402=ORIENTED_EDGE('',*,*,#4252,.F.);
#6403=ORIENTED_EDGE('',*,*,#4675,.F.);
#6404=ORIENTED_EDGE('',*,*,#4676,.T.);
#6405=ORIENTED_EDGE('',*,*,#4673,.T.);
#6406=ORIENTED_EDGE('',*,*,#4251,.F.);
#6407=ORIENTED_EDGE('',*,*,#4672,.F.);
#6408=ORIENTED_EDGE('',*,*,#4677,.T.);
#6409=ORIENTED_EDGE('',*,*,#4675,.T.);
#6410=ORIENTED_EDGE('',*,*,#4671,.T.);
#6411=ORIENTED_EDGE('',*,*,#4674,.T.);
#6412=ORIENTED_EDGE('',*,*,#4676,.F.);
#6413=ORIENTED_EDGE('',*,*,#4677,.F.);
#6414=ORIENTED_EDGE('',*,*,#3861,.F.);
#6415=ORIENTED_EDGE('',*,*,#4131,.T.);
#6416=ORIENTED_EDGE('',*,*,#3858,.F.);
#6417=ORIENTED_EDGE('',*,*,#4128,.T.);
#6418=ORIENTED_EDGE('',*,*,#3855,.F.);
#6419=ORIENTED_EDGE('',*,*,#4122,.T.);
#6420=ORIENTED_EDGE('',*,*,#3852,.F.);
#6421=ORIENTED_EDGE('',*,*,#4119,.T.);
#6422=ORIENTED_EDGE('',*,*,#3849,.F.);
#6423=ORIENTED_EDGE('',*,*,#4110,.T.);
#6424=ORIENTED_EDGE('',*,*,#3846,.F.);
#6425=ORIENTED_EDGE('',*,*,#4107,.T.);
#6426=ORIENTED_EDGE('',*,*,#3843,.F.);
#6427=ORIENTED_EDGE('',*,*,#4101,.T.);
#6428=ORIENTED_EDGE('',*,*,#3840,.F.);
#6429=ORIENTED_EDGE('',*,*,#4098,.T.);
#6430=ORIENTED_EDGE('',*,*,#3837,.F.);
#6431=ORIENTED_EDGE('',*,*,#4125,.T.);
#6432=ORIENTED_EDGE('',*,*,#3834,.F.);
#6433=ORIENTED_EDGE('',*,*,#4116,.T.);
#6434=ORIENTED_EDGE('',*,*,#3831,.F.);
#6435=ORIENTED_EDGE('',*,*,#4104,.T.);
#6436=ORIENTED_EDGE('',*,*,#3828,.F.);
#6437=ORIENTED_EDGE('',*,*,#4095,.T.);
#6438=ORIENTED_EDGE('',*,*,#3825,.T.);
#6439=ORIENTED_EDGE('',*,*,#4005,.F.);
#6440=ORIENTED_EDGE('',*,*,#3822,.T.);
#6441=ORIENTED_EDGE('',*,*,#4002,.F.);
#6442=ORIENTED_EDGE('',*,*,#3819,.F.);
#6443=ORIENTED_EDGE('',*,*,#3999,.T.);
#6444=ORIENTED_EDGE('',*,*,#3816,.F.);
#6445=ORIENTED_EDGE('',*,*,#3996,.T.);
#6446=ORIENTED_EDGE('',*,*,#3813,.F.);
#6447=ORIENTED_EDGE('',*,*,#3993,.T.);
#6448=ORIENTED_EDGE('',*,*,#3810,.F.);
#6449=ORIENTED_EDGE('',*,*,#3990,.T.);
#6450=ORIENTED_EDGE('',*,*,#3807,.F.);
#6451=ORIENTED_EDGE('',*,*,#4173,.T.);
#6452=ORIENTED_EDGE('',*,*,#4226,.T.);
#6453=ORIENTED_EDGE('',*,*,#4678,.F.);
#6454=ORIENTED_EDGE('',*,*,#4679,.F.);
#6455=ORIENTED_EDGE('',*,*,#4680,.T.);
#6456=ORIENTED_EDGE('',*,*,#4229,.T.);
#6457=ORIENTED_EDGE('',*,*,#4681,.F.);
#6458=ORIENTED_EDGE('',*,*,#4682,.F.);
#6459=ORIENTED_EDGE('',*,*,#4678,.T.);
#6460=ORIENTED_EDGE('',*,*,#4228,.F.);
#6461=ORIENTED_EDGE('',*,*,#4683,.F.);
#6462=ORIENTED_EDGE('',*,*,#4684,.T.);
#6463=ORIENTED_EDGE('',*,*,#4681,.T.);
#6464=ORIENTED_EDGE('',*,*,#4227,.F.);
#6465=ORIENTED_EDGE('',*,*,#4680,.F.);
#6466=ORIENTED_EDGE('',*,*,#4685,.T.);
#6467=ORIENTED_EDGE('',*,*,#4683,.T.);
#6468=ORIENTED_EDGE('',*,*,#4679,.T.);
#6469=ORIENTED_EDGE('',*,*,#4682,.T.);
#6470=ORIENTED_EDGE('',*,*,#4684,.F.);
#6471=ORIENTED_EDGE('',*,*,#4685,.F.);
#6472=ORIENTED_EDGE('',*,*,#4246,.T.);
#6473=ORIENTED_EDGE('',*,*,#4686,.F.);
#6474=ORIENTED_EDGE('',*,*,#4687,.F.);
#6475=ORIENTED_EDGE('',*,*,#4688,.T.);
#6476=ORIENTED_EDGE('',*,*,#4249,.T.);
#6477=ORIENTED_EDGE('',*,*,#4689,.F.);
#6478=ORIENTED_EDGE('',*,*,#4690,.F.);
#6479=ORIENTED_EDGE('',*,*,#4686,.T.);
#6480=ORIENTED_EDGE('',*,*,#4248,.F.);
#6481=ORIENTED_EDGE('',*,*,#4691,.F.);
#6482=ORIENTED_EDGE('',*,*,#4692,.T.);
#6483=ORIENTED_EDGE('',*,*,#4689,.T.);
#6484=ORIENTED_EDGE('',*,*,#4247,.F.);
#6485=ORIENTED_EDGE('',*,*,#4688,.F.);
#6486=ORIENTED_EDGE('',*,*,#4693,.T.);
#6487=ORIENTED_EDGE('',*,*,#4691,.T.);
#6488=ORIENTED_EDGE('',*,*,#4687,.T.);
#6489=ORIENTED_EDGE('',*,*,#4690,.T.);
#6490=ORIENTED_EDGE('',*,*,#4692,.F.);
#6491=ORIENTED_EDGE('',*,*,#4693,.F.);
#6492=ORIENTED_EDGE('',*,*,#4230,.T.);
#6493=ORIENTED_EDGE('',*,*,#4694,.F.);
#6494=ORIENTED_EDGE('',*,*,#4695,.F.);
#6495=ORIENTED_EDGE('',*,*,#4696,.T.);
#6496=ORIENTED_EDGE('',*,*,#4233,.T.);
#6497=ORIENTED_EDGE('',*,*,#4697,.F.);
#6498=ORIENTED_EDGE('',*,*,#4698,.F.);
#6499=ORIENTED_EDGE('',*,*,#4694,.T.);
#6500=ORIENTED_EDGE('',*,*,#4232,.F.);
#6501=ORIENTED_EDGE('',*,*,#4699,.F.);
#6502=ORIENTED_EDGE('',*,*,#4700,.T.);
#6503=ORIENTED_EDGE('',*,*,#4697,.T.);
#6504=ORIENTED_EDGE('',*,*,#4231,.F.);
#6505=ORIENTED_EDGE('',*,*,#4696,.F.);
#6506=ORIENTED_EDGE('',*,*,#4701,.T.);
#6507=ORIENTED_EDGE('',*,*,#4699,.T.);
#6508=ORIENTED_EDGE('',*,*,#4695,.T.);
#6509=ORIENTED_EDGE('',*,*,#4698,.T.);
#6510=ORIENTED_EDGE('',*,*,#4700,.F.);
#6511=ORIENTED_EDGE('',*,*,#4701,.F.);
#6512=ORIENTED_EDGE('',*,*,#4242,.T.);
#6513=ORIENTED_EDGE('',*,*,#4702,.F.);
#6514=ORIENTED_EDGE('',*,*,#4703,.F.);
#6515=ORIENTED_EDGE('',*,*,#4704,.T.);
#6516=ORIENTED_EDGE('',*,*,#4245,.T.);
#6517=ORIENTED_EDGE('',*,*,#4705,.F.);
#6518=ORIENTED_EDGE('',*,*,#4706,.F.);
#6519=ORIENTED_EDGE('',*,*,#4702,.T.);
#6520=ORIENTED_EDGE('',*,*,#4244,.F.);
#6521=ORIENTED_EDGE('',*,*,#4707,.F.);
#6522=ORIENTED_EDGE('',*,*,#4708,.T.);
#6523=ORIENTED_EDGE('',*,*,#4705,.T.);
#6524=ORIENTED_EDGE('',*,*,#4243,.F.);
#6525=ORIENTED_EDGE('',*,*,#4704,.F.);
#6526=ORIENTED_EDGE('',*,*,#4709,.T.);
#6527=ORIENTED_EDGE('',*,*,#4707,.T.);
#6528=ORIENTED_EDGE('',*,*,#4703,.T.);
#6529=ORIENTED_EDGE('',*,*,#4706,.T.);
#6530=ORIENTED_EDGE('',*,*,#4708,.F.);
#6531=ORIENTED_EDGE('',*,*,#4709,.F.);
#6532=ORIENTED_EDGE('',*,*,#4235,.F.);
#6533=ORIENTED_EDGE('',*,*,#4710,.F.);
#6534=ORIENTED_EDGE('',*,*,#4711,.T.);
#6535=ORIENTED_EDGE('',*,*,#4712,.T.);
#6536=ORIENTED_EDGE('',*,*,#4234,.T.);
#6537=ORIENTED_EDGE('',*,*,#4713,.F.);
#6538=ORIENTED_EDGE('',*,*,#4714,.F.);
#6539=ORIENTED_EDGE('',*,*,#4710,.T.);
#6540=ORIENTED_EDGE('',*,*,#4237,.T.);
#6541=ORIENTED_EDGE('',*,*,#4715,.F.);
#6542=ORIENTED_EDGE('',*,*,#4716,.F.);
#6543=ORIENTED_EDGE('',*,*,#4713,.T.);
#6544=ORIENTED_EDGE('',*,*,#4236,.F.);
#6545=ORIENTED_EDGE('',*,*,#4712,.F.);
#6546=ORIENTED_EDGE('',*,*,#4717,.T.);
#6547=ORIENTED_EDGE('',*,*,#4715,.T.);
#6548=ORIENTED_EDGE('',*,*,#4711,.F.);
#6549=ORIENTED_EDGE('',*,*,#4714,.T.);
#6550=ORIENTED_EDGE('',*,*,#4716,.T.);
#6551=ORIENTED_EDGE('',*,*,#4717,.F.);
#6552=ORIENTED_EDGE('',*,*,#4238,.T.);
#6553=ORIENTED_EDGE('',*,*,#4718,.F.);
#6554=ORIENTED_EDGE('',*,*,#4719,.F.);
#6555=ORIENTED_EDGE('',*,*,#4720,.T.);
#6556=ORIENTED_EDGE('',*,*,#4241,.T.);
#6557=ORIENTED_EDGE('',*,*,#4721,.F.);
#6558=ORIENTED_EDGE('',*,*,#4722,.F.);
#6559=ORIENTED_EDGE('',*,*,#4718,.T.);
#6560=ORIENTED_EDGE('',*,*,#4240,.F.);
#6561=ORIENTED_EDGE('',*,*,#4723,.F.);
#6562=ORIENTED_EDGE('',*,*,#4724,.T.);
#6563=ORIENTED_EDGE('',*,*,#4721,.T.);
#6564=ORIENTED_EDGE('',*,*,#4239,.F.);
#6565=ORIENTED_EDGE('',*,*,#4720,.F.);
#6566=ORIENTED_EDGE('',*,*,#4725,.T.);
#6567=ORIENTED_EDGE('',*,*,#4723,.T.);
#6568=ORIENTED_EDGE('',*,*,#4719,.T.);
#6569=ORIENTED_EDGE('',*,*,#4722,.T.);
#6570=ORIENTED_EDGE('',*,*,#4724,.F.);
#6571=ORIENTED_EDGE('',*,*,#4725,.F.);
#6572=ORIENTED_EDGE('',*,*,#3804,.F.);
#6573=ORIENTED_EDGE('',*,*,#4170,.T.);
#6574=CYLINDRICAL_SURFACE('',#7477,1.75);
#6575=CYLINDRICAL_SURFACE('',#7480,3.);
#6576=CYLINDRICAL_SURFACE('',#7483,0.717732082933221);
#6577=CYLINDRICAL_SURFACE('',#7486,0.717732082933221);
#6578=CYLINDRICAL_SURFACE('',#7489,0.717732082933221);
#6579=CYLINDRICAL_SURFACE('',#7492,0.717732082933218);
#6580=CYLINDRICAL_SURFACE('',#7495,0.800000000000002);
#6581=CYLINDRICAL_SURFACE('',#7498,0.799999999999999);
#6582=CYLINDRICAL_SURFACE('',#7501,0.717732082933221);
#6583=CYLINDRICAL_SURFACE('',#7504,0.717732082933221);
#6584=CYLINDRICAL_SURFACE('',#7507,0.717732082933221);
#6585=CYLINDRICAL_SURFACE('',#7510,0.717732082933218);
#6586=CYLINDRICAL_SURFACE('',#7513,0.717732082933221);
#6587=CYLINDRICAL_SURFACE('',#7516,0.717732082933221);
#6588=CYLINDRICAL_SURFACE('',#7519,0.717732082933221);
#6589=CYLINDRICAL_SURFACE('',#7522,0.717732082933221);
#6590=CYLINDRICAL_SURFACE('',#7525,0.717732082933221);
#6591=CYLINDRICAL_SURFACE('',#7528,0.717732082933221);
#6592=CYLINDRICAL_SURFACE('',#7531,0.717732082933225);
#6593=CYLINDRICAL_SURFACE('',#7534,0.717732082933225);
#6594=CYLINDRICAL_SURFACE('',#7537,0.717732082933221);
#6595=CYLINDRICAL_SURFACE('',#7540,0.717732082933221);
#6596=CYLINDRICAL_SURFACE('',#7543,0.717732082933221);
#6597=CYLINDRICAL_SURFACE('',#7546,0.717732082933221);
#6598=CYLINDRICAL_SURFACE('',#7549,0.717732082933221);
#6599=CYLINDRICAL_SURFACE('',#7552,0.717732082933221);
#6600=CYLINDRICAL_SURFACE('',#7555,0.717732082933221);
#6601=CYLINDRICAL_SURFACE('',#7558,0.717732082933221);
#6602=CYLINDRICAL_SURFACE('',#7561,0.717732082933221);
#6603=CYLINDRICAL_SURFACE('',#7564,0.717732082933221);
#6604=CYLINDRICAL_SURFACE('',#7567,0.717732082933221);
#6605=CYLINDRICAL_SURFACE('',#7570,0.717732082933228);
#6606=CYLINDRICAL_SURFACE('',#7573,3.00000000000001);
#6607=CYLINDRICAL_SURFACE('',#7576,1.75);
#6608=CYLINDRICAL_SURFACE('',#7579,1.75);
#6609=CYLINDRICAL_SURFACE('',#7582,0.717732082933221);
#6610=CYLINDRICAL_SURFACE('',#7585,0.717732082933221);
#6611=CYLINDRICAL_SURFACE('',#7588,0.717732082933221);
#6612=CYLINDRICAL_SURFACE('',#7591,0.717732082933225);
#6613=CYLINDRICAL_SURFACE('',#7594,0.717732082933221);
#6614=CYLINDRICAL_SURFACE('',#7597,0.717732082933221);
#6615=CYLINDRICAL_SURFACE('',#7600,0.717732082933221);
#6616=CYLINDRICAL_SURFACE('',#7603,0.717732082933221);
#6617=CYLINDRICAL_SURFACE('',#7606,0.717732082933221);
#6618=CYLINDRICAL_SURFACE('',#7609,0.717732082933221);
#6619=CYLINDRICAL_SURFACE('',#7612,0.717732082933225);
#6620=CYLINDRICAL_SURFACE('',#7615,0.717732082933221);
#6621=CYLINDRICAL_SURFACE('',#7618,3.00000000000001);
#6622=CYLINDRICAL_SURFACE('',#7621,0.717732082933221);
#6623=CYLINDRICAL_SURFACE('',#7624,0.717732082933221);
#6624=CYLINDRICAL_SURFACE('',#7627,0.717732082933221);
#6625=CYLINDRICAL_SURFACE('',#7630,0.717732082933221);
#6626=CYLINDRICAL_SURFACE('',#7633,0.717732082933221);
#6627=CYLINDRICAL_SURFACE('',#7636,0.717732082933221);
#6628=CYLINDRICAL_SURFACE('',#7639,0.717732082933221);
#6629=CYLINDRICAL_SURFACE('',#7642,0.717732082933221);
#6630=CYLINDRICAL_SURFACE('',#7645,0.717732082933221);
#6631=CYLINDRICAL_SURFACE('',#7648,0.717732082933228);
#6632=CYLINDRICAL_SURFACE('',#7651,0.717732082933221);
#6633=CYLINDRICAL_SURFACE('',#7654,0.717732082933221);
#6634=CYLINDRICAL_SURFACE('',#7657,3.);
#6635=CYLINDRICAL_SURFACE('',#7660,1.75);
#6636=CYLINDRICAL_SURFACE('',#7663,0.425000000000002);
#6637=CYLINDRICAL_SURFACE('',#7666,0.425000000000002);
#6638=CYLINDRICAL_SURFACE('',#7669,0.425000000000002);
#6639=CYLINDRICAL_SURFACE('',#7672,0.424999999999995);
#6640=CYLINDRICAL_SURFACE('',#7675,0.399999999999998);
#6641=CYLINDRICAL_SURFACE('',#7678,0.399999999999998);
#6642=CYLINDRICAL_SURFACE('',#7681,0.999999999999998);
#6643=CYLINDRICAL_SURFACE('',#7684,0.424999999999998);
#6644=CYLINDRICAL_SURFACE('',#7687,0.424999999999998);
#6645=CYLINDRICAL_SURFACE('',#7690,0.424999999999998);
#6646=CYLINDRICAL_SURFACE('',#7693,0.425000000000005);
#6647=CYLINDRICAL_SURFACE('',#7696,0.424999999999998);
#6648=CYLINDRICAL_SURFACE('',#7699,0.425000000000005);
#6649=CYLINDRICAL_SURFACE('',#7702,0.424999999999998);
#6650=CYLINDRICAL_SURFACE('',#7705,0.424999999999998);
#6651=CYLINDRICAL_SURFACE('',#7708,0.425000000000005);
#6652=CYLINDRICAL_SURFACE('',#7711,0.425000000000005);
#6653=CYLINDRICAL_SURFACE('',#7714,0.425000000000002);
#6654=CYLINDRICAL_SURFACE('',#7717,0.425000000000002);
#6655=CYLINDRICAL_SURFACE('',#7720,0.425000000000002);
#6656=CYLINDRICAL_SURFACE('',#7723,0.425000000000002);
#6657=CYLINDRICAL_SURFACE('',#7726,0.425000000000002);
#6658=CYLINDRICAL_SURFACE('',#7729,0.425000000000002);
#6659=CYLINDRICAL_SURFACE('',#7732,0.425000000000002);
#6660=CYLINDRICAL_SURFACE('',#7735,0.424999999999998);
#6661=CYLINDRICAL_SURFACE('',#7738,0.424999999999998);
#6662=CYLINDRICAL_SURFACE('',#7741,0.424999999999998);
#6663=CYLINDRICAL_SURFACE('',#7744,0.425000000000002);
#6664=CYLINDRICAL_SURFACE('',#7747,0.425000000000002);
#6665=CYLINDRICAL_SURFACE('',#7750,0.424999999999998);
#6666=CYLINDRICAL_SURFACE('',#7753,0.424999999999995);
#6667=CYLINDRICAL_SURFACE('',#7756,1.6);
#6668=CYLINDRICAL_SURFACE('',#7759,1.6);
#6669=CYLINDRICAL_SURFACE('',#7762,0.999999999999999);
#6670=CYLINDRICAL_SURFACE('',#7765,0.999999999999998);
#6671=CYLINDRICAL_SURFACE('',#7768,0.425000000000002);
#6672=CYLINDRICAL_SURFACE('',#7771,0.424999999999998);
#6673=CYLINDRICAL_SURFACE('',#7774,0.424999999999998);
#6674=CYLINDRICAL_SURFACE('',#7777,0.425000000000002);
#6675=CYLINDRICAL_SURFACE('',#7780,0.424999999999998);
#6676=CYLINDRICAL_SURFACE('',#7783,0.424999999999998);
#6677=CYLINDRICAL_SURFACE('',#7786,1.6);
#6678=CYLINDRICAL_SURFACE('',#7789,0.425000000000002);
#6679=CYLINDRICAL_SURFACE('',#7792,0.424999999999998);
#6680=CYLINDRICAL_SURFACE('',#7795,0.424999999999998);
#6681=CYLINDRICAL_SURFACE('',#7798,0.425000000000002);
#6682=CYLINDRICAL_SURFACE('',#7801,0.425000000000002);
#6683=CYLINDRICAL_SURFACE('',#7804,0.425000000000005);
#6684=CYLINDRICAL_SURFACE('',#7807,0.425000000000002);
#6685=CYLINDRICAL_SURFACE('',#7810,0.425000000000002);
#6686=CYLINDRICAL_SURFACE('',#7813,0.425000000000002);
#6687=CYLINDRICAL_SURFACE('',#7816,0.425000000000002);
#6688=CYLINDRICAL_SURFACE('',#7819,0.425000000000002);
#6689=CYLINDRICAL_SURFACE('',#7822,0.425000000000002);
#6690=CYLINDRICAL_SURFACE('',#7825,0.425000000000002);
#6691=CYLINDRICAL_SURFACE('',#7828,0.424999999999998);
#6692=CYLINDRICAL_SURFACE('',#7831,0.424999999999998);
#6693=CYLINDRICAL_SURFACE('',#7834,0.424999999999995);
#6694=CYLINDRICAL_SURFACE('',#7837,0.424999999999998);
#6695=CYLINDRICAL_SURFACE('',#7840,0.425000000000002);
#6696=CYLINDRICAL_SURFACE('',#7843,0.999999999999999);
#6697=CYLINDRICAL_SURFACE('',#7846,1.6);
#6698=CYLINDRICAL_SURFACE('',#7860,6.);
#6699=CYLINDRICAL_SURFACE('',#7862,6.);
#6700=CYLINDRICAL_SURFACE('',#7864,6.00000000000001);
#6701=CYLINDRICAL_SURFACE('',#7866,6.00000000000001);
#6702=STYLED_ITEM('',(#12141),#7047);
#6703=STYLED_ITEM('',(#12141),#7048);
#6704=STYLED_ITEM('',(#12141),#7049);
#6705=STYLED_ITEM('',(#12141),#7050);
#6706=STYLED_ITEM('',(#12141),#7051);
#6707=STYLED_ITEM('',(#12141),#7052);
#6708=STYLED_ITEM('',(#12141),#7053);
#6709=STYLED_ITEM('',(#12141),#7054);
#6710=STYLED_ITEM('',(#12141),#7055);
#6711=STYLED_ITEM('',(#12141),#7056);
#6712=STYLED_ITEM('',(#12141),#7057);
#6713=STYLED_ITEM('',(#12141),#7058);
#6714=STYLED_ITEM('',(#12141),#7059);
#6715=STYLED_ITEM('',(#12141),#7060);
#6716=STYLED_ITEM('',(#12141),#7061);
#6717=STYLED_ITEM('',(#12141),#7062);
#6718=STYLED_ITEM('',(#12141),#7063);
#6719=STYLED_ITEM('',(#12141),#7064);
#6720=STYLED_ITEM('',(#12141),#7065);
#6721=STYLED_ITEM('',(#12141),#7066);
#6722=STYLED_ITEM('',(#12141),#7067);
#6723=STYLED_ITEM('',(#12141),#7068);
#6724=STYLED_ITEM('',(#12141),#7069);
#6725=STYLED_ITEM('',(#12141),#7070);
#6726=STYLED_ITEM('',(#12141),#7071);
#6727=STYLED_ITEM('',(#12141),#7072);
#6728=STYLED_ITEM('',(#12141),#7073);
#6729=STYLED_ITEM('',(#12141),#7074);
#6730=STYLED_ITEM('',(#12141),#7075);
#6731=STYLED_ITEM('',(#12141),#7076);
#6732=STYLED_ITEM('',(#12141),#7077);
#6733=STYLED_ITEM('',(#12141),#7078);
#6734=STYLED_ITEM('',(#12141),#7079);
#6735=STYLED_ITEM('',(#12141),#7080);
#6736=STYLED_ITEM('',(#12141),#7081);
#6737=STYLED_ITEM('',(#12141),#7082);
#6738=STYLED_ITEM('',(#12141),#7083);
#6739=STYLED_ITEM('',(#12141),#7084);
#6740=STYLED_ITEM('',(#12141),#7085);
#6741=STYLED_ITEM('',(#12141),#7086);
#6742=STYLED_ITEM('',(#12141),#7087);
#6743=STYLED_ITEM('',(#12141),#7088);
#6744=STYLED_ITEM('',(#12141),#7089);
#6745=STYLED_ITEM('',(#12141),#7090);
#6746=STYLED_ITEM('',(#12141),#7091);
#6747=STYLED_ITEM('',(#12141),#7092);
#6748=STYLED_ITEM('',(#12141),#7093);
#6749=STYLED_ITEM('',(#12141),#7094);
#6750=STYLED_ITEM('',(#12141),#7095);
#6751=STYLED_ITEM('',(#12141),#7096);
#6752=STYLED_ITEM('',(#12141),#7097);
#6753=STYLED_ITEM('',(#12141),#7098);
#6754=STYLED_ITEM('',(#12141),#7099);
#6755=STYLED_ITEM('',(#12141),#7100);
#6756=STYLED_ITEM('',(#12141),#7101);
#6757=STYLED_ITEM('',(#12141),#7102);
#6758=STYLED_ITEM('',(#12141),#7103);
#6759=STYLED_ITEM('',(#12141),#7104);
#6760=STYLED_ITEM('',(#12141),#7105);
#6761=STYLED_ITEM('',(#12141),#7106);
#6762=STYLED_ITEM('',(#12141),#7107);
#6763=STYLED_ITEM('',(#12141),#7108);
#6764=STYLED_ITEM('',(#12141),#7181);
#6765=STYLED_ITEM('',(#12141),#7182);
#6766=STYLED_ITEM('',(#12141),#7183);
#6767=STYLED_ITEM('',(#12141),#7184);
#6768=STYLED_ITEM('',(#12141),#7185);
#6769=STYLED_ITEM('',(#12141),#7186);
#6770=STYLED_ITEM('',(#12141),#7187);
#6771=STYLED_ITEM('',(#12141),#7188);
#6772=STYLED_ITEM('',(#12141),#7189);
#6773=STYLED_ITEM('',(#12141),#7190);
#6774=STYLED_ITEM('',(#12141),#7191);
#6775=STYLED_ITEM('',(#12141),#7192);
#6776=STYLED_ITEM('',(#12141),#7193);
#6777=STYLED_ITEM('',(#12141),#7194);
#6778=STYLED_ITEM('',(#12141),#7195);
#6779=STYLED_ITEM('',(#12141),#7196);
#6780=STYLED_ITEM('',(#12141),#7197);
#6781=STYLED_ITEM('',(#12141),#7198);
#6782=STYLED_ITEM('',(#12141),#7199);
#6783=STYLED_ITEM('',(#12141),#7200);
#6784=STYLED_ITEM('',(#12141),#7201);
#6785=STYLED_ITEM('',(#12141),#7202);
#6786=STYLED_ITEM('',(#12141),#7203);
#6787=STYLED_ITEM('',(#12141),#7204);
#6788=STYLED_ITEM('',(#12141),#7205);
#6789=STYLED_ITEM('',(#12141),#7206);
#6790=STYLED_ITEM('',(#12141),#7207);
#6791=STYLED_ITEM('',(#12141),#7208);
#6792=STYLED_ITEM('',(#12141),#7209);
#6793=STYLED_ITEM('',(#12141),#7210);
#6794=STYLED_ITEM('',(#12141),#7211);
#6795=STYLED_ITEM('',(#12141),#7212);
#6796=STYLED_ITEM('',(#12141),#7213);
#6797=STYLED_ITEM('',(#12141),#7214);
#6798=STYLED_ITEM('',(#12141),#7215);
#6799=STYLED_ITEM('',(#12141),#7216);
#6800=STYLED_ITEM('',(#12141),#7217);
#6801=STYLED_ITEM('',(#12141),#7218);
#6802=STYLED_ITEM('',(#12141),#7219);
#6803=STYLED_ITEM('',(#12141),#7220);
#6804=STYLED_ITEM('',(#12141),#7221);
#6805=STYLED_ITEM('',(#12141),#7222);
#6806=STYLED_ITEM('',(#12141),#7223);
#6807=STYLED_ITEM('',(#12141),#7224);
#6808=STYLED_ITEM('',(#12141),#7225);
#6809=STYLED_ITEM('',(#12141),#7226);
#6810=STYLED_ITEM('',(#12141),#7227);
#6811=STYLED_ITEM('',(#12141),#7228);
#6812=STYLED_ITEM('',(#12141),#7229);
#6813=STYLED_ITEM('',(#12141),#7230);
#6814=STYLED_ITEM('',(#12141),#7231);
#6815=STYLED_ITEM('',(#12141),#7232);
#6816=STYLED_ITEM('',(#12141),#7233);
#6817=STYLED_ITEM('',(#12141),#7234);
#6818=STYLED_ITEM('',(#12141),#7235);
#6819=STYLED_ITEM('',(#12141),#7236);
#6820=STYLED_ITEM('',(#12141),#7237);
#6821=STYLED_ITEM('',(#12141),#7238);
#6822=STYLED_ITEM('',(#12141),#7239);
#6823=STYLED_ITEM('',(#12141),#7240);
#6824=STYLED_ITEM('',(#12141),#7241);
#6825=STYLED_ITEM('',(#12141),#7242);
#6826=STYLED_ITEM('',(#12141),#7243);
#6827=STYLED_ITEM('',(#12141),#7244);
#6828=STYLED_ITEM('',(#12141),#7245);
#6829=STYLED_ITEM('',(#12141),#7246);
#6830=STYLED_ITEM('',(#12141),#7247);
#6831=STYLED_ITEM('',(#12141),#7248);
#6832=STYLED_ITEM('',(#12141),#7249);
#6833=STYLED_ITEM('',(#12141),#7250);
#6834=STYLED_ITEM('',(#12141),#7251);
#6835=STYLED_ITEM('',(#12141),#7252);
#6836=STYLED_ITEM('',(#12141),#7253);
#6837=STYLED_ITEM('',(#12141),#7254);
#6838=STYLED_ITEM('',(#12141),#7255);
#6839=STYLED_ITEM('',(#12141),#7256);
#6840=STYLED_ITEM('',(#12141),#7257);
#6841=STYLED_ITEM('',(#12141),#7258);
#6842=STYLED_ITEM('',(#12141),#7259);
#6843=STYLED_ITEM('',(#12141),#7260);
#6844=STYLED_ITEM('',(#12141),#7261);
#6845=STYLED_ITEM('',(#12141),#7262);
#6846=STYLED_ITEM('',(#12141),#7263);
#6847=STYLED_ITEM('',(#12141),#7264);
#6848=STYLED_ITEM('',(#12141),#7265);
#6849=STYLED_ITEM('',(#12141),#7266);
#6850=STYLED_ITEM('',(#12141),#7267);
#6851=STYLED_ITEM('',(#12141),#7268);
#6852=STYLED_ITEM('',(#12141),#7269);
#6853=STYLED_ITEM('',(#12141),#7270);
#6854=STYLED_ITEM('',(#12141),#7271);
#6855=STYLED_ITEM('',(#12141),#7272);
#6856=STYLED_ITEM('',(#12141),#7273);
#6857=STYLED_ITEM('',(#12141),#7274);
#6858=STYLED_ITEM('',(#12141),#7275);
#6859=STYLED_ITEM('',(#12141),#7276);
#6860=STYLED_ITEM('',(#12141),#7277);
#6861=STYLED_ITEM('',(#12141),#7278);
#6862=STYLED_ITEM('',(#12141),#7279);
#6863=STYLED_ITEM('',(#12141),#7280);
#6864=STYLED_ITEM('',(#12141),#7281);
#6865=STYLED_ITEM('',(#12141),#7282);
#6866=STYLED_ITEM('',(#12141),#7283);
#6867=STYLED_ITEM('',(#12141),#7284);
#6868=STYLED_ITEM('',(#12141),#7285);
#6869=STYLED_ITEM('',(#12141),#7286);
#6870=STYLED_ITEM('',(#12141),#7287);
#6871=STYLED_ITEM('',(#12141),#7288);
#6872=STYLED_ITEM('',(#12141),#7289);
#6873=STYLED_ITEM('',(#12141),#7290);
#6874=STYLED_ITEM('',(#12141),#7291);
#6875=STYLED_ITEM('',(#12141),#7292);
#6876=STYLED_ITEM('',(#12141),#7293);
#6877=STYLED_ITEM('',(#12141),#7294);
#6878=STYLED_ITEM('',(#12141),#7295);
#6879=STYLED_ITEM('',(#12141),#7296);
#6880=STYLED_ITEM('',(#12141),#7297);
#6881=STYLED_ITEM('',(#12141),#7298);
#6882=STYLED_ITEM('',(#12141),#7299);
#6883=STYLED_ITEM('',(#12141),#7300);
#6884=STYLED_ITEM('',(#12141),#7301);
#6885=STYLED_ITEM('',(#12141),#7302);
#6886=STYLED_ITEM('',(#12141),#7303);
#6887=STYLED_ITEM('',(#12141),#7304);
#6888=STYLED_ITEM('',(#12141),#7305);
#6889=STYLED_ITEM('',(#12141),#7306);
#6890=STYLED_ITEM('',(#12141),#7307);
#6891=STYLED_ITEM('',(#12141),#7308);
#6892=STYLED_ITEM('',(#12141),#7309);
#6893=STYLED_ITEM('',(#12141),#7310);
#6894=STYLED_ITEM('',(#12141),#7311);
#6895=STYLED_ITEM('',(#12141),#7312);
#6896=STYLED_ITEM('',(#12141),#7313);
#6897=STYLED_ITEM('',(#12141),#7314);
#6898=STYLED_ITEM('',(#12141),#7315);
#6899=STYLED_ITEM('',(#12141),#7316);
#6900=STYLED_ITEM('',(#12141),#7317);
#6901=STYLED_ITEM('',(#12141),#7318);
#6902=STYLED_ITEM('',(#12141),#7319);
#6903=STYLED_ITEM('',(#12141),#7320);
#6904=STYLED_ITEM('',(#12141),#7321);
#6905=STYLED_ITEM('',(#12141),#7322);
#6906=STYLED_ITEM('',(#12141),#7323);
#6907=STYLED_ITEM('',(#12141),#7324);
#6908=STYLED_ITEM('',(#12141),#7325);
#6909=STYLED_ITEM('',(#12141),#7326);
#6910=STYLED_ITEM('',(#12141),#7327);
#6911=STYLED_ITEM('',(#12141),#7328);
#6912=STYLED_ITEM('',(#12141),#7329);
#6913=STYLED_ITEM('',(#12141),#7330);
#6914=STYLED_ITEM('',(#12141),#7331);
#6915=STYLED_ITEM('',(#12141),#7332);
#6916=STYLED_ITEM('',(#12141),#7333);
#6917=STYLED_ITEM('',(#12141),#7334);
#6918=STYLED_ITEM('',(#12141),#7335);
#6919=STYLED_ITEM('',(#12141),#7336);
#6920=STYLED_ITEM('',(#12141),#7337);
#6921=STYLED_ITEM('',(#12141),#7338);
#6922=STYLED_ITEM('',(#12141),#7339);
#6923=STYLED_ITEM('',(#12141),#7340);
#6924=STYLED_ITEM('',(#12141),#7341);
#6925=STYLED_ITEM('',(#12141),#7342);
#6926=STYLED_ITEM('',(#12141),#7343);
#6927=STYLED_ITEM('',(#12141),#7344);
#6928=STYLED_ITEM('',(#12141),#7345);
#6929=STYLED_ITEM('',(#12141),#7346);
#6930=STYLED_ITEM('',(#12141),#7347);
#6931=STYLED_ITEM('',(#12141),#7348);
#6932=STYLED_ITEM('',(#12141),#7349);
#6933=STYLED_ITEM('',(#12141),#7350);
#6934=STYLED_ITEM('',(#12141),#7351);
#6935=STYLED_ITEM('',(#12141),#7352);
#6936=STYLED_ITEM('',(#12141),#7353);
#6937=STYLED_ITEM('',(#12141),#7354);
#6938=STYLED_ITEM('',(#12141),#7355);
#6939=STYLED_ITEM('',(#12141),#7356);
#6940=STYLED_ITEM('',(#12141),#7357);
#6941=STYLED_ITEM('',(#12141),#7358);
#6942=STYLED_ITEM('',(#12141),#7359);
#6943=STYLED_ITEM('',(#12141),#7360);
#6944=STYLED_ITEM('',(#12141),#7361);
#6945=STYLED_ITEM('',(#12141),#7362);
#6946=STYLED_ITEM('',(#12141),#7363);
#6947=STYLED_ITEM('',(#12141),#7364);
#6948=STYLED_ITEM('',(#12141),#7365);
#6949=STYLED_ITEM('',(#12141),#7366);
#6950=STYLED_ITEM('',(#12141),#7367);
#6951=STYLED_ITEM('',(#12141),#7368);
#6952=STYLED_ITEM('',(#12141),#7369);
#6953=STYLED_ITEM('',(#12141),#7370);
#6954=STYLED_ITEM('',(#12141),#7371);
#6955=STYLED_ITEM('',(#12141),#7372);
#6956=STYLED_ITEM('',(#12141),#7373);
#6957=STYLED_ITEM('',(#12141),#7374);
#6958=STYLED_ITEM('',(#12141),#7375);
#6959=STYLED_ITEM('',(#12141),#7376);
#6960=STYLED_ITEM('',(#12141),#7377);
#6961=STYLED_ITEM('',(#12141),#7378);
#6962=STYLED_ITEM('',(#12141),#7379);
#6963=STYLED_ITEM('',(#12141),#7380);
#6964=STYLED_ITEM('',(#12141),#7381);
#6965=STYLED_ITEM('',(#12141),#7382);
#6966=STYLED_ITEM('',(#12141),#7383);
#6967=STYLED_ITEM('',(#12141),#7384);
#6968=STYLED_ITEM('',(#12141),#7385);
#6969=STYLED_ITEM('',(#12141),#7386);
#6970=STYLED_ITEM('',(#12141),#7387);
#6971=STYLED_ITEM('',(#12141),#7388);
#6972=STYLED_ITEM('',(#12141),#7389);
#6973=STYLED_ITEM('',(#12141),#7390);
#6974=STYLED_ITEM('',(#12141),#7391);
#6975=STYLED_ITEM('',(#12141),#7392);
#6976=STYLED_ITEM('',(#12141),#7393);
#6977=STYLED_ITEM('',(#12141),#7394);
#6978=STYLED_ITEM('',(#12141),#7395);
#6979=STYLED_ITEM('',(#12141),#7396);
#6980=STYLED_ITEM('',(#12141),#7397);
#6981=STYLED_ITEM('',(#12141),#7398);
#6982=STYLED_ITEM('',(#12141),#7399);
#6983=STYLED_ITEM('',(#12141),#7400);
#6984=STYLED_ITEM('',(#12141),#7401);
#6985=STYLED_ITEM('',(#12141),#7402);
#6986=STYLED_ITEM('',(#12141),#7403);
#6987=STYLED_ITEM('',(#12141),#7404);
#6988=STYLED_ITEM('',(#12141),#7405);
#6989=STYLED_ITEM('',(#12141),#7406);
#6990=STYLED_ITEM('',(#12141),#7407);
#6991=STYLED_ITEM('',(#12141),#7408);
#6992=STYLED_ITEM('',(#12141),#7409);
#6993=STYLED_ITEM('',(#12141),#7410);
#6994=STYLED_ITEM('',(#12141),#7411);
#6995=STYLED_ITEM('',(#12141),#7412);
#6996=STYLED_ITEM('',(#12141),#7413);
#6997=STYLED_ITEM('',(#12141),#7414);
#6998=STYLED_ITEM('',(#12141),#7415);
#6999=STYLED_ITEM('',(#12141),#7416);
#7000=STYLED_ITEM('',(#12141),#7417);
#7001=STYLED_ITEM('',(#12141),#7418);
#7002=STYLED_ITEM('',(#12141),#7419);
#7003=STYLED_ITEM('',(#12141),#7420);
#7004=STYLED_ITEM('',(#12141),#7421);
#7005=STYLED_ITEM('',(#12141),#7422);
#7006=STYLED_ITEM('',(#12141),#7423);
#7007=STYLED_ITEM('',(#12141),#7424);
#7008=STYLED_ITEM('',(#12141),#7425);
#7009=STYLED_ITEM('',(#12141),#7426);
#7010=STYLED_ITEM('',(#12141),#7427);
#7011=STYLED_ITEM('',(#12141),#7428);
#7012=STYLED_ITEM('',(#12141),#7429);
#7013=STYLED_ITEM('',(#12141),#7430);
#7014=STYLED_ITEM('',(#12141),#7431);
#7015=STYLED_ITEM('',(#12141),#7432);
#7016=STYLED_ITEM('',(#12141),#7433);
#7017=STYLED_ITEM('',(#12141),#7434);
#7018=STYLED_ITEM('',(#12141),#7435);
#7019=STYLED_ITEM('',(#12141),#7436);
#7020=STYLED_ITEM('',(#12141),#7437);
#7021=STYLED_ITEM('',(#12141),#7438);
#7022=STYLED_ITEM('',(#12141),#7439);
#7023=STYLED_ITEM('',(#12141),#7440);
#7024=STYLED_ITEM('',(#12141),#7441);
#7025=STYLED_ITEM('',(#12141),#7442);
#7026=STYLED_ITEM('',(#12141),#7443);
#7027=STYLED_ITEM('',(#12141),#7444);
#7028=STYLED_ITEM('',(#12141),#7445);
#7029=STYLED_ITEM('',(#12141),#7446);
#7030=STYLED_ITEM('',(#12141),#7447);
#7031=STYLED_ITEM('',(#12141),#7448);
#7032=STYLED_ITEM('',(#12141),#7449);
#7033=STYLED_ITEM('',(#12141),#7450);
#7034=STYLED_ITEM('',(#12141),#7451);
#7035=STYLED_ITEM('',(#12141),#7452);
#7036=STYLED_ITEM('',(#12141),#7453);
#7037=STYLED_ITEM('',(#12141),#7454);
#7038=STYLED_ITEM('',(#12141),#7455);
#7039=STYLED_ITEM('',(#12141),#7456);
#7040=STYLED_ITEM('',(#12141),#7457);
#7041=STYLED_ITEM('',(#12141),#7458);
#7042=STYLED_ITEM('',(#12141),#7459);
#7043=STYLED_ITEM('',(#12141),#7460);
#7044=STYLED_ITEM('',(#12141),#7461);
#7045=STYLED_ITEM('',(#12141),#7462);
#7046=STYLED_ITEM('',(#12140),#13);
#7047=ADVANCED_FACE('',(#532),#6574,.T.);
#7048=ADVANCED_FACE('',(#533),#6575,.T.);
#7049=ADVANCED_FACE('',(#534),#6576,.T.);
#7050=ADVANCED_FACE('',(#535),#6577,.T.);
#7051=ADVANCED_FACE('',(#536),#6578,.T.);
#7052=ADVANCED_FACE('',(#537),#6579,.T.);
#7053=ADVANCED_FACE('',(#538),#6580,.T.);
#7054=ADVANCED_FACE('',(#539),#6581,.T.);
#7055=ADVANCED_FACE('',(#540),#6582,.T.);
#7056=ADVANCED_FACE('',(#541),#6583,.T.);
#7057=ADVANCED_FACE('',(#542),#6584,.T.);
#7058=ADVANCED_FACE('',(#543),#6585,.T.);
#7059=ADVANCED_FACE('',(#544),#6586,.T.);
#7060=ADVANCED_FACE('',(#545),#6587,.T.);
#7061=ADVANCED_FACE('',(#546),#6588,.T.);
#7062=ADVANCED_FACE('',(#547),#6589,.T.);
#7063=ADVANCED_FACE('',(#548),#6590,.T.);
#7064=ADVANCED_FACE('',(#549),#6591,.T.);
#7065=ADVANCED_FACE('',(#550),#6592,.T.);
#7066=ADVANCED_FACE('',(#551),#6593,.T.);
#7067=ADVANCED_FACE('',(#552),#6594,.T.);
#7068=ADVANCED_FACE('',(#553),#6595,.T.);
#7069=ADVANCED_FACE('',(#554),#6596,.T.);
#7070=ADVANCED_FACE('',(#555),#6597,.T.);
#7071=ADVANCED_FACE('',(#556),#6598,.T.);
#7072=ADVANCED_FACE('',(#557),#6599,.T.);
#7073=ADVANCED_FACE('',(#558),#6600,.T.);
#7074=ADVANCED_FACE('',(#559),#6601,.T.);
#7075=ADVANCED_FACE('',(#560),#6602,.T.);
#7076=ADVANCED_FACE('',(#561),#6603,.T.);
#7077=ADVANCED_FACE('',(#562),#6604,.T.);
#7078=ADVANCED_FACE('',(#563),#6605,.T.);
#7079=ADVANCED_FACE('',(#564),#6606,.T.);
#7080=ADVANCED_FACE('',(#565),#6607,.T.);
#7081=ADVANCED_FACE('',(#566),#6608,.T.);
#7082=ADVANCED_FACE('',(#567),#6609,.T.);
#7083=ADVANCED_FACE('',(#568),#6610,.T.);
#7084=ADVANCED_FACE('',(#569),#6611,.T.);
#7085=ADVANCED_FACE('',(#570),#6612,.T.);
#7086=ADVANCED_FACE('',(#571),#6613,.T.);
#7087=ADVANCED_FACE('',(#572),#6614,.T.);
#7088=ADVANCED_FACE('',(#573),#6615,.T.);
#7089=ADVANCED_FACE('',(#574),#6616,.T.);
#7090=ADVANCED_FACE('',(#575),#6617,.T.);
#7091=ADVANCED_FACE('',(#576),#6618,.T.);
#7092=ADVANCED_FACE('',(#577),#6619,.T.);
#7093=ADVANCED_FACE('',(#578),#6620,.T.);
#7094=ADVANCED_FACE('',(#579),#6621,.T.);
#7095=ADVANCED_FACE('',(#580),#6622,.T.);
#7096=ADVANCED_FACE('',(#581),#6623,.T.);
#7097=ADVANCED_FACE('',(#582),#6624,.T.);
#7098=ADVANCED_FACE('',(#583),#6625,.T.);
#7099=ADVANCED_FACE('',(#584),#6626,.T.);
#7100=ADVANCED_FACE('',(#585),#6627,.T.);
#7101=ADVANCED_FACE('',(#586),#6628,.T.);
#7102=ADVANCED_FACE('',(#587),#6629,.T.);
#7103=ADVANCED_FACE('',(#588),#6630,.T.);
#7104=ADVANCED_FACE('',(#589),#6631,.T.);
#7105=ADVANCED_FACE('',(#590),#6632,.T.);
#7106=ADVANCED_FACE('',(#591),#6633,.T.);
#7107=ADVANCED_FACE('',(#592),#6634,.T.);
#7108=ADVANCED_FACE('',(#593),#6635,.T.);
#7109=ADVANCED_FACE('',(#594),#6636,.F.);
#7110=ADVANCED_FACE('',(#595),#6637,.F.);
#7111=ADVANCED_FACE('',(#596),#6638,.F.);
#7112=ADVANCED_FACE('',(#597),#6639,.F.);
#7113=ADVANCED_FACE('',(#598),#6640,.F.);
#7114=ADVANCED_FACE('',(#599),#6641,.F.);
#7115=ADVANCED_FACE('',(#600),#6642,.F.);
#7116=ADVANCED_FACE('',(#601),#6643,.F.);
#7117=ADVANCED_FACE('',(#602),#6644,.F.);
#7118=ADVANCED_FACE('',(#603),#6645,.F.);
#7119=ADVANCED_FACE('',(#604),#6646,.F.);
#7120=ADVANCED_FACE('',(#605),#6647,.F.);
#7121=ADVANCED_FACE('',(#606),#6648,.F.);
#7122=ADVANCED_FACE('',(#607),#6649,.F.);
#7123=ADVANCED_FACE('',(#608),#6650,.F.);
#7124=ADVANCED_FACE('',(#609),#6651,.F.);
#7125=ADVANCED_FACE('',(#610),#6652,.F.);
#7126=ADVANCED_FACE('',(#611),#6653,.F.);
#7127=ADVANCED_FACE('',(#612),#6654,.F.);
#7128=ADVANCED_FACE('',(#613),#6655,.F.);
#7129=ADVANCED_FACE('',(#614),#6656,.F.);
#7130=ADVANCED_FACE('',(#615),#6657,.F.);
#7131=ADVANCED_FACE('',(#616),#6658,.F.);
#7132=ADVANCED_FACE('',(#617),#6659,.F.);
#7133=ADVANCED_FACE('',(#618),#6660,.F.);
#7134=ADVANCED_FACE('',(#619),#6661,.F.);
#7135=ADVANCED_FACE('',(#620),#6662,.F.);
#7136=ADVANCED_FACE('',(#621),#6663,.F.);
#7137=ADVANCED_FACE('',(#622),#6664,.F.);
#7138=ADVANCED_FACE('',(#623),#6665,.F.);
#7139=ADVANCED_FACE('',(#624),#6666,.F.);
#7140=ADVANCED_FACE('',(#625),#6667,.F.);
#7141=ADVANCED_FACE('',(#626),#6668,.F.);
#7142=ADVANCED_FACE('',(#627),#6669,.F.);
#7143=ADVANCED_FACE('',(#628),#6670,.F.);
#7144=ADVANCED_FACE('',(#629),#6671,.F.);
#7145=ADVANCED_FACE('',(#630),#6672,.F.);
#7146=ADVANCED_FACE('',(#631),#6673,.F.);
#7147=ADVANCED_FACE('',(#632),#6674,.F.);
#7148=ADVANCED_FACE('',(#633),#6675,.F.);
#7149=ADVANCED_FACE('',(#634),#6676,.F.);
#7150=ADVANCED_FACE('',(#635),#6677,.F.);
#7151=ADVANCED_FACE('',(#636),#6678,.F.);
#7152=ADVANCED_FACE('',(#637),#6679,.F.);
#7153=ADVANCED_FACE('',(#638),#6680,.F.);
#7154=ADVANCED_FACE('',(#639),#6681,.F.);
#7155=ADVANCED_FACE('',(#640),#6682,.F.);
#7156=ADVANCED_FACE('',(#641),#6683,.F.);
#7157=ADVANCED_FACE('',(#642),#6684,.F.);
#7158=ADVANCED_FACE('',(#643),#6685,.F.);
#7159=ADVANCED_FACE('',(#644),#6686,.F.);
#7160=ADVANCED_FACE('',(#645),#6687,.F.);
#7161=ADVANCED_FACE('',(#646),#6688,.F.);
#7162=ADVANCED_FACE('',(#647),#6689,.F.);
#7163=ADVANCED_FACE('',(#648),#6690,.F.);
#7164=ADVANCED_FACE('',(#649),#6691,.F.);
#7165=ADVANCED_FACE('',(#650),#6692,.F.);
#7166=ADVANCED_FACE('',(#651),#6693,.F.);
#7167=ADVANCED_FACE('',(#652),#6694,.F.);
#7168=ADVANCED_FACE('',(#653),#6695,.F.);
#7169=ADVANCED_FACE('',(#654),#6696,.F.);
#7170=ADVANCED_FACE('',(#655),#6697,.F.);
#7171=ADVANCED_FACE('',(#656,#14,#15,#16,#17,#18,#19,#20,#21,#22,#23,#24,
#25,#26,#27,#28,#29,#30,#31,#32,#33,#34,#35,#36,#37,#38,#39,#40,#41,#42,
#43,#44,#45,#46,#47,#48,#49,#50,#51,#52,#53,#54,#55,#56,#57,#58,#59,#60,
#61,#62,#63,#64,#65,#66,#67,#68,#69,#70,#71,#72,#73,#74,#75,#76,#77,#78,
#79,#80,#81,#82,#83,#84,#85,#86,#87,#88,#89,#90,#91,#92,#93,#94,#95,#96,
#97,#98,#99,#100,#101,#102,#103,#104,#105,#106,#107,#108,#109,#110,#111,
#112,#113,#114,#115,#116,#117,#118,#119),#244,.F.);
#7172=ADVANCED_FACE('',(#657,#120,#121,#122,#123,#124,#125,#126,#127,#128,
#129,#130,#131,#132,#133,#134,#135,#136,#137,#138,#139,#140,#141,#142,#143,
#144,#145,#146,#147,#148,#149,#150,#151,#152,#153,#154,#155,#156,#157,#158,
#159,#160,#161,#162,#163,#164,#165,#166,#167,#168,#169,#170,#171,#172,#173,
#174,#175,#176,#177,#178,#179,#180,#181),#245,.T.);
#7173=ADVANCED_FACE('',(#658),#246,.F.);
#7174=ADVANCED_FACE('',(#659),#6698,.T.);
#7175=ADVANCED_FACE('',(#660),#247,.F.);
#7176=ADVANCED_FACE('',(#661),#6699,.T.);
#7177=ADVANCED_FACE('',(#662),#248,.F.);
#7178=ADVANCED_FACE('',(#663),#6700,.T.);
#7179=ADVANCED_FACE('',(#664),#249,.T.);
#7180=ADVANCED_FACE('',(#665),#6701,.T.);
#7181=ADVANCED_FACE('',(#666,#182),#250,.T.);
#7182=ADVANCED_FACE('',(#667,#183),#251,.T.);
#7183=ADVANCED_FACE('',(#668),#252,.F.);
#7184=ADVANCED_FACE('',(#669),#253,.F.);
#7185=ADVANCED_FACE('',(#670),#254,.T.);
#7186=ADVANCED_FACE('',(#671),#255,.T.);
#7187=ADVANCED_FACE('',(#672),#256,.T.);
#7188=ADVANCED_FACE('',(#673),#257,.F.);
#7189=ADVANCED_FACE('',(#674),#258,.F.);
#7190=ADVANCED_FACE('',(#675),#259,.T.);
#7191=ADVANCED_FACE('',(#676),#260,.T.);
#7192=ADVANCED_FACE('',(#677),#261,.T.);
#7193=ADVANCED_FACE('',(#678),#262,.F.);
#7194=ADVANCED_FACE('',(#679),#263,.F.);
#7195=ADVANCED_FACE('',(#680),#264,.T.);
#7196=ADVANCED_FACE('',(#681),#265,.T.);
#7197=ADVANCED_FACE('',(#682),#266,.T.);
#7198=ADVANCED_FACE('',(#683),#267,.F.);
#7199=ADVANCED_FACE('',(#684),#268,.F.);
#7200=ADVANCED_FACE('',(#685),#269,.T.);
#7201=ADVANCED_FACE('',(#686),#270,.T.);
#7202=ADVANCED_FACE('',(#687),#271,.T.);
#7203=ADVANCED_FACE('',(#688),#272,.F.);
#7204=ADVANCED_FACE('',(#689),#273,.F.);
#7205=ADVANCED_FACE('',(#690),#274,.T.);
#7206=ADVANCED_FACE('',(#691),#275,.T.);
#7207=ADVANCED_FACE('',(#692),#276,.T.);
#7208=ADVANCED_FACE('',(#693),#277,.F.);
#7209=ADVANCED_FACE('',(#694),#278,.F.);
#7210=ADVANCED_FACE('',(#695),#279,.T.);
#7211=ADVANCED_FACE('',(#696),#280,.T.);
#7212=ADVANCED_FACE('',(#697),#281,.T.);
#7213=ADVANCED_FACE('',(#698),#282,.F.);
#7214=ADVANCED_FACE('',(#699),#283,.F.);
#7215=ADVANCED_FACE('',(#700),#284,.T.);
#7216=ADVANCED_FACE('',(#701),#285,.T.);
#7217=ADVANCED_FACE('',(#702),#286,.T.);
#7218=ADVANCED_FACE('',(#703),#287,.F.);
#7219=ADVANCED_FACE('',(#704),#288,.F.);
#7220=ADVANCED_FACE('',(#705),#289,.T.);
#7221=ADVANCED_FACE('',(#706),#290,.T.);
#7222=ADVANCED_FACE('',(#707),#291,.T.);
#7223=ADVANCED_FACE('',(#708),#292,.F.);
#7224=ADVANCED_FACE('',(#709),#293,.F.);
#7225=ADVANCED_FACE('',(#710),#294,.T.);
#7226=ADVANCED_FACE('',(#711),#295,.T.);
#7227=ADVANCED_FACE('',(#712),#296,.T.);
#7228=ADVANCED_FACE('',(#713),#297,.F.);
#7229=ADVANCED_FACE('',(#714),#298,.F.);
#7230=ADVANCED_FACE('',(#715),#299,.T.);
#7231=ADVANCED_FACE('',(#716),#300,.T.);
#7232=ADVANCED_FACE('',(#717),#301,.T.);
#7233=ADVANCED_FACE('',(#718),#302,.F.);
#7234=ADVANCED_FACE('',(#719),#303,.F.);
#7235=ADVANCED_FACE('',(#720),#304,.T.);
#7236=ADVANCED_FACE('',(#721),#305,.T.);
#7237=ADVANCED_FACE('',(#722),#306,.T.);
#7238=ADVANCED_FACE('',(#723),#307,.F.);
#7239=ADVANCED_FACE('',(#724),#308,.F.);
#7240=ADVANCED_FACE('',(#725),#309,.T.);
#7241=ADVANCED_FACE('',(#726),#310,.T.);
#7242=ADVANCED_FACE('',(#727),#311,.T.);
#7243=ADVANCED_FACE('',(#728),#312,.F.);
#7244=ADVANCED_FACE('',(#729),#313,.F.);
#7245=ADVANCED_FACE('',(#730),#314,.T.);
#7246=ADVANCED_FACE('',(#731),#315,.T.);
#7247=ADVANCED_FACE('',(#732),#316,.T.);
#7248=ADVANCED_FACE('',(#733),#317,.F.);
#7249=ADVANCED_FACE('',(#734),#318,.F.);
#7250=ADVANCED_FACE('',(#735),#319,.T.);
#7251=ADVANCED_FACE('',(#736),#320,.T.);
#7252=ADVANCED_FACE('',(#737),#321,.T.);
#7253=ADVANCED_FACE('',(#738),#322,.F.);
#7254=ADVANCED_FACE('',(#739),#323,.F.);
#7255=ADVANCED_FACE('',(#740),#324,.T.);
#7256=ADVANCED_FACE('',(#741),#325,.T.);
#7257=ADVANCED_FACE('',(#742),#326,.T.);
#7258=ADVANCED_FACE('',(#743),#327,.F.);
#7259=ADVANCED_FACE('',(#744),#328,.F.);
#7260=ADVANCED_FACE('',(#745),#329,.T.);
#7261=ADVANCED_FACE('',(#746),#330,.T.);
#7262=ADVANCED_FACE('',(#747),#331,.T.);
#7263=ADVANCED_FACE('',(#748),#332,.F.);
#7264=ADVANCED_FACE('',(#749),#333,.F.);
#7265=ADVANCED_FACE('',(#750),#334,.T.);
#7266=ADVANCED_FACE('',(#751),#335,.T.);
#7267=ADVANCED_FACE('',(#752),#336,.T.);
#7268=ADVANCED_FACE('',(#753),#337,.F.);
#7269=ADVANCED_FACE('',(#754),#338,.F.);
#7270=ADVANCED_FACE('',(#755),#339,.T.);
#7271=ADVANCED_FACE('',(#756),#340,.T.);
#7272=ADVANCED_FACE('',(#757),#341,.T.);
#7273=ADVANCED_FACE('',(#758),#342,.F.);
#7274=ADVANCED_FACE('',(#759),#343,.F.);
#7275=ADVANCED_FACE('',(#760),#344,.T.);
#7276=ADVANCED_FACE('',(#761),#345,.T.);
#7277=ADVANCED_FACE('',(#762),#346,.T.);
#7278=ADVANCED_FACE('',(#763),#347,.F.);
#7279=ADVANCED_FACE('',(#764),#348,.F.);
#7280=ADVANCED_FACE('',(#765),#349,.T.);
#7281=ADVANCED_FACE('',(#766),#350,.T.);
#7282=ADVANCED_FACE('',(#767),#351,.T.);
#7283=ADVANCED_FACE('',(#768),#352,.F.);
#7284=ADVANCED_FACE('',(#769),#353,.F.);
#7285=ADVANCED_FACE('',(#770),#354,.T.);
#7286=ADVANCED_FACE('',(#771),#355,.T.);
#7287=ADVANCED_FACE('',(#772),#356,.T.);
#7288=ADVANCED_FACE('',(#773),#357,.T.);
#7289=ADVANCED_FACE('',(#774),#358,.T.);
#7290=ADVANCED_FACE('',(#775),#359,.F.);
#7291=ADVANCED_FACE('',(#776),#360,.F.);
#7292=ADVANCED_FACE('',(#777),#361,.T.);
#7293=ADVANCED_FACE('',(#778,#184),#362,.T.);
#7294=ADVANCED_FACE('',(#779,#185),#363,.T.);
#7295=ADVANCED_FACE('',(#780,#186),#364,.T.);
#7296=ADVANCED_FACE('',(#781,#187),#365,.T.);
#7297=ADVANCED_FACE('',(#782,#188),#366,.T.);
#7298=ADVANCED_FACE('',(#783,#189),#367,.T.);
#7299=ADVANCED_FACE('',(#784,#190),#368,.T.);
#7300=ADVANCED_FACE('',(#785,#191),#369,.T.);
#7301=ADVANCED_FACE('',(#786,#192),#370,.T.);
#7302=ADVANCED_FACE('',(#787,#193),#371,.T.);
#7303=ADVANCED_FACE('',(#788,#194),#372,.T.);
#7304=ADVANCED_FACE('',(#789,#195),#373,.T.);
#7305=ADVANCED_FACE('',(#790,#196),#374,.T.);
#7306=ADVANCED_FACE('',(#791,#197),#375,.T.);
#7307=ADVANCED_FACE('',(#792,#198),#376,.T.);
#7308=ADVANCED_FACE('',(#793,#199),#377,.T.);
#7309=ADVANCED_FACE('',(#794,#200),#378,.T.);
#7310=ADVANCED_FACE('',(#795,#201),#379,.T.);
#7311=ADVANCED_FACE('',(#796,#202),#380,.T.);
#7312=ADVANCED_FACE('',(#797,#203),#381,.T.);
#7313=ADVANCED_FACE('',(#798,#204),#382,.T.);
#7314=ADVANCED_FACE('',(#799,#205),#383,.T.);
#7315=ADVANCED_FACE('',(#800,#206),#384,.T.);
#7316=ADVANCED_FACE('',(#801,#207),#385,.T.);
#7317=ADVANCED_FACE('',(#802,#208),#386,.T.);
#7318=ADVANCED_FACE('',(#803,#209),#387,.T.);
#7319=ADVANCED_FACE('',(#804,#210),#388,.T.);
#7320=ADVANCED_FACE('',(#805),#389,.T.);
#7321=ADVANCED_FACE('',(#806),#390,.F.);
#7322=ADVANCED_FACE('',(#807),#391,.F.);
#7323=ADVANCED_FACE('',(#808),#392,.T.);
#7324=ADVANCED_FACE('',(#809),#393,.T.);
#7325=ADVANCED_FACE('',(#810),#394,.T.);
#7326=ADVANCED_FACE('',(#811),#395,.F.);
#7327=ADVANCED_FACE('',(#812),#396,.F.);
#7328=ADVANCED_FACE('',(#813),#397,.T.);
#7329=ADVANCED_FACE('',(#814),#398,.T.);
#7330=ADVANCED_FACE('',(#815),#399,.T.);
#7331=ADVANCED_FACE('',(#816),#400,.F.);
#7332=ADVANCED_FACE('',(#817),#401,.F.);
#7333=ADVANCED_FACE('',(#818),#402,.T.);
#7334=ADVANCED_FACE('',(#819),#403,.T.);
#7335=ADVANCED_FACE('',(#820),#404,.T.);
#7336=ADVANCED_FACE('',(#821),#405,.F.);
#7337=ADVANCED_FACE('',(#822),#406,.F.);
#7338=ADVANCED_FACE('',(#823),#407,.T.);
#7339=ADVANCED_FACE('',(#824),#408,.T.);
#7340=ADVANCED_FACE('',(#825,#211),#409,.T.);
#7341=ADVANCED_FACE('',(#826),#410,.T.);
#7342=ADVANCED_FACE('',(#827),#411,.F.);
#7343=ADVANCED_FACE('',(#828),#412,.F.);
#7344=ADVANCED_FACE('',(#829),#413,.T.);
#7345=ADVANCED_FACE('',(#830),#414,.T.);
#7346=ADVANCED_FACE('',(#831),#415,.T.);
#7347=ADVANCED_FACE('',(#832),#416,.F.);
#7348=ADVANCED_FACE('',(#833),#417,.F.);
#7349=ADVANCED_FACE('',(#834),#418,.T.);
#7350=ADVANCED_FACE('',(#835),#419,.T.);
#7351=ADVANCED_FACE('',(#836),#420,.T.);
#7352=ADVANCED_FACE('',(#837),#421,.F.);
#7353=ADVANCED_FACE('',(#838),#422,.F.);
#7354=ADVANCED_FACE('',(#839),#423,.T.);
#7355=ADVANCED_FACE('',(#840),#424,.T.);
#7356=ADVANCED_FACE('',(#841),#425,.T.);
#7357=ADVANCED_FACE('',(#842),#426,.F.);
#7358=ADVANCED_FACE('',(#843),#427,.F.);
#7359=ADVANCED_FACE('',(#844),#428,.T.);
#7360=ADVANCED_FACE('',(#845),#429,.T.);
#7361=ADVANCED_FACE('',(#846),#430,.T.);
#7362=ADVANCED_FACE('',(#847),#431,.F.);
#7363=ADVANCED_FACE('',(#848),#432,.F.);
#7364=ADVANCED_FACE('',(#849),#433,.T.);
#7365=ADVANCED_FACE('',(#850),#434,.T.);
#7366=ADVANCED_FACE('',(#851),#435,.T.);
#7367=ADVANCED_FACE('',(#852),#436,.F.);
#7368=ADVANCED_FACE('',(#853),#437,.F.);
#7369=ADVANCED_FACE('',(#854),#438,.T.);
#7370=ADVANCED_FACE('',(#855),#439,.T.);
#7371=ADVANCED_FACE('',(#856),#440,.T.);
#7372=ADVANCED_FACE('',(#857),#441,.F.);
#7373=ADVANCED_FACE('',(#858),#442,.F.);
#7374=ADVANCED_FACE('',(#859),#443,.T.);
#7375=ADVANCED_FACE('',(#860),#444,.T.);
#7376=ADVANCED_FACE('',(#861),#445,.T.);
#7377=ADVANCED_FACE('',(#862),#446,.F.);
#7378=ADVANCED_FACE('',(#863),#447,.F.);
#7379=ADVANCED_FACE('',(#864),#448,.T.);
#7380=ADVANCED_FACE('',(#865),#449,.T.);
#7381=ADVANCED_FACE('',(#866),#450,.T.);
#7382=ADVANCED_FACE('',(#867),#451,.F.);
#7383=ADVANCED_FACE('',(#868),#452,.F.);
#7384=ADVANCED_FACE('',(#869),#453,.T.);
#7385=ADVANCED_FACE('',(#870),#454,.T.);
#7386=ADVANCED_FACE('',(#871,#212),#455,.T.);
#7387=ADVANCED_FACE('',(#872,#213),#456,.T.);
#7388=ADVANCED_FACE('',(#873,#214),#457,.T.);
#7389=ADVANCED_FACE('',(#874,#215),#458,.T.);
#7390=ADVANCED_FACE('',(#875,#216),#459,.T.);
#7391=ADVANCED_FACE('',(#876,#217),#460,.T.);
#7392=ADVANCED_FACE('',(#877,#218),#461,.T.);
#7393=ADVANCED_FACE('',(#878,#219),#462,.T.);
#7394=ADVANCED_FACE('',(#879,#220),#463,.T.);
#7395=ADVANCED_FACE('',(#880,#221),#464,.T.);
#7396=ADVANCED_FACE('',(#881,#222),#465,.T.);
#7397=ADVANCED_FACE('',(#882,#223),#466,.T.);
#7398=ADVANCED_FACE('',(#883),#467,.T.);
#7399=ADVANCED_FACE('',(#884),#468,.F.);
#7400=ADVANCED_FACE('',(#885),#469,.F.);
#7401=ADVANCED_FACE('',(#886),#470,.T.);
#7402=ADVANCED_FACE('',(#887),#471,.T.);
#7403=ADVANCED_FACE('',(#888),#472,.T.);
#7404=ADVANCED_FACE('',(#889),#473,.F.);
#7405=ADVANCED_FACE('',(#890),#474,.F.);
#7406=ADVANCED_FACE('',(#891),#475,.T.);
#7407=ADVANCED_FACE('',(#892),#476,.T.);
#7408=ADVANCED_FACE('',(#893),#477,.F.);
#7409=ADVANCED_FACE('',(#894),#478,.F.);
#7410=ADVANCED_FACE('',(#895),#479,.T.);
#7411=ADVANCED_FACE('',(#896),#480,.T.);
#7412=ADVANCED_FACE('',(#897),#481,.T.);
#7413=ADVANCED_FACE('',(#898,#224),#482,.T.);
#7414=ADVANCED_FACE('',(#899,#225),#483,.T.);
#7415=ADVANCED_FACE('',(#900,#226),#484,.T.);
#7416=ADVANCED_FACE('',(#901,#227),#485,.T.);
#7417=ADVANCED_FACE('',(#902,#228),#486,.T.);
#7418=ADVANCED_FACE('',(#903,#229),#487,.T.);
#7419=ADVANCED_FACE('',(#904,#230),#488,.T.);
#7420=ADVANCED_FACE('',(#905,#231),#489,.T.);
#7421=ADVANCED_FACE('',(#906,#232),#490,.T.);
#7422=ADVANCED_FACE('',(#907,#233),#491,.T.);
#7423=ADVANCED_FACE('',(#908,#234),#492,.T.);
#7424=ADVANCED_FACE('',(#909,#235),#493,.T.);
#7425=ADVANCED_FACE('',(#910,#236),#494,.T.);
#7426=ADVANCED_FACE('',(#911,#237),#495,.T.);
#7427=ADVANCED_FACE('',(#912,#238),#496,.T.);
#7428=ADVANCED_FACE('',(#913,#239),#497,.T.);
#7429=ADVANCED_FACE('',(#914,#240),#498,.T.);
#7430=ADVANCED_FACE('',(#915,#241),#499,.T.);
#7431=ADVANCED_FACE('',(#916,#242),#500,.T.);
#7432=ADVANCED_FACE('',(#917),#501,.F.);
#7433=ADVANCED_FACE('',(#918),#502,.F.);
#7434=ADVANCED_FACE('',(#919),#503,.T.);
#7435=ADVANCED_FACE('',(#920),#504,.T.);
#7436=ADVANCED_FACE('',(#921),#505,.T.);
#7437=ADVANCED_FACE('',(#922),#506,.F.);
#7438=ADVANCED_FACE('',(#923),#507,.F.);
#7439=ADVANCED_FACE('',(#924),#508,.T.);
#7440=ADVANCED_FACE('',(#925),#509,.T.);
#7441=ADVANCED_FACE('',(#926),#510,.T.);
#7442=ADVANCED_FACE('',(#927),#511,.F.);
#7443=ADVANCED_FACE('',(#928),#512,.F.);
#7444=ADVANCED_FACE('',(#929),#513,.T.);
#7445=ADVANCED_FACE('',(#930),#514,.T.);
#7446=ADVANCED_FACE('',(#931),#515,.T.);
#7447=ADVANCED_FACE('',(#932),#516,.F.);
#7448=ADVANCED_FACE('',(#933),#517,.F.);
#7449=ADVANCED_FACE('',(#934),#518,.T.);
#7450=ADVANCED_FACE('',(#935),#519,.T.);
#7451=ADVANCED_FACE('',(#936),#520,.T.);
#7452=ADVANCED_FACE('',(#937),#521,.T.);
#7453=ADVANCED_FACE('',(#938),#522,.F.);
#7454=ADVANCED_FACE('',(#939),#523,.F.);
#7455=ADVANCED_FACE('',(#940),#524,.T.);
#7456=ADVANCED_FACE('',(#941),#525,.T.);
#7457=ADVANCED_FACE('',(#942),#526,.F.);
#7458=ADVANCED_FACE('',(#943),#527,.F.);
#7459=ADVANCED_FACE('',(#944),#528,.T.);
#7460=ADVANCED_FACE('',(#945),#529,.T.);
#7461=ADVANCED_FACE('',(#946),#530,.T.);
#7462=ADVANCED_FACE('',(#947,#243),#531,.T.);
#7463=CLOSED_SHELL('',(#7047,#7048,#7049,#7050,#7051,#7052,#7053,#7054,
#7055,#7056,#7057,#7058,#7059,#7060,#7061,#7062,#7063,#7064,#7065,#7066,
#7067,#7068,#7069,#7070,#7071,#7072,#7073,#7074,#7075,#7076,#7077,#7078,
#7079,#7080,#7081,#7082,#7083,#7084,#7085,#7086,#7087,#7088,#7089,#7090,
#7091,#7092,#7093,#7094,#7095,#7096,#7097,#7098,#7099,#7100,#7101,#7102,
#7103,#7104,#7105,#7106,#7107,#7108,#7109,#7110,#7111,#7112,#7113,#7114,
#7115,#7116,#7117,#7118,#7119,#7120,#7121,#7122,#7123,#7124,#7125,#7126,
#7127,#7128,#7129,#7130,#7131,#7132,#7133,#7134,#7135,#7136,#7137,#7138,
#7139,#7140,#7141,#7142,#7143,#7144,#7145,#7146,#7147,#7148,#7149,#7150,
#7151,#7152,#7153,#7154,#7155,#7156,#7157,#7158,#7159,#7160,#7161,#7162,
#7163,#7164,#7165,#7166,#7167,#7168,#7169,#7170,#7171,#7172,#7173,#7174,
#7175,#7176,#7177,#7178,#7179,#7180,#7181,#7182,#7183,#7184,#7185,#7186,
#7187,#7188,#7189,#7190,#7191,#7192,#7193,#7194,#7195,#7196,#7197,#7198,
#7199,#7200,#7201,#7202,#7203,#7204,#7205,#7206,#7207,#7208,#7209,#7210,
#7211,#7212,#7213,#7214,#7215,#7216,#7217,#7218,#7219,#7220,#7221,#7222,
#7223,#7224,#7225,#7226,#7227,#7228,#7229,#7230,#7231,#7232,#7233,#7234,
#7235,#7236,#7237,#7238,#7239,#7240,#7241,#7242,#7243,#7244,#7245,#7246,
#7247,#7248,#7249,#7250,#7251,#7252,#7253,#7254,#7255,#7256,#7257,#7258,
#7259,#7260,#7261,#7262,#7263,#7264,#7265,#7266,#7267,#7268,#7269,#7270,
#7271,#7272,#7273,#7274,#7275,#7276,#7277,#7278,#7279,#7280,#7281,#7282,
#7283,#7284,#7285,#7286,#7287,#7288,#7289,#7290,#7291,#7292,#7293,#7294,
#7295,#7296,#7297,#7298,#7299,#7300,#7301,#7302,#7303,#7304,#7305,#7306,
#7307,#7308,#7309,#7310,#7311,#7312,#7313,#7314,#7315,#7316,#7317,#7318,
#7319,#7320,#7321,#7322,#7323,#7324,#7325,#7326,#7327,#7328,#7329,#7330,
#7331,#7332,#7333,#7334,#7335,#7336,#7337,#7338,#7339,#7340,#7341,#7342,
#7343,#7344,#7345,#7346,#7347,#7348,#7349,#7350,#7351,#7352,#7353,#7354,
#7355,#7356,#7357,#7358,#7359,#7360,#7361,#7362,#7363,#7364,#7365,#7366,
#7367,#7368,#7369,#7370,#7371,#7372,#7373,#7374,#7375,#7376,#7377,#7378,
#7379,#7380,#7381,#7382,#7383,#7384,#7385,#7386,#7387,#7388,#7389,#7390,
#7391,#7392,#7393,#7394,#7395,#7396,#7397,#7398,#7399,#7400,#7401,#7402,
#7403,#7404,#7405,#7406,#7407,#7408,#7409,#7410,#7411,#7412,#7413,#7414,
#7415,#7416,#7417,#7418,#7419,#7420,#7421,#7422,#7423,#7424,#7425,#7426,
#7427,#7428,#7429,#7430,#7431,#7432,#7433,#7434,#7435,#7436,#7437,#7438,
#7439,#7440,#7441,#7442,#7443,#7444,#7445,#7446,#7447,#7448,#7449,#7450,
#7451,#7452,#7453,#7454,#7455,#7456,#7457,#7458,#7459,#7460,#7461,#7462));
#7464=DERIVED_UNIT_ELEMENT(#7466,1.);
#7465=DERIVED_UNIT_ELEMENT(#12125,-3.);
#7466=(
MASS_UNIT()
NAMED_UNIT(*)
SI_UNIT(.KILO.,.GRAM.)
);
#7467=DERIVED_UNIT((#7464,#7465));
#7468=MEASURE_REPRESENTATION_ITEM('density measure',
POSITIVE_RATIO_MEASURE(7850.),#7467);
#7469=PROPERTY_DEFINITION_REPRESENTATION(#7474,#7471);
#7470=PROPERTY_DEFINITION_REPRESENTATION(#7475,#7472);
#7471=REPRESENTATION('material name',(#7473),#12122);
#7472=REPRESENTATION('density',(#7468),#12122);
#7473=DESCRIPTIVE_REPRESENTATION_ITEM('Acier','Acier');
#7474=PROPERTY_DEFINITION('material property','material name',#12132);
#7475=PROPERTY_DEFINITION('material property','density of part',#12132);
#7476=AXIS2_PLACEMENT_3D('',#10163,#8149,#8150);
#7477=AXIS2_PLACEMENT_3D('',#10164,#8151,#8152);
#7478=AXIS2_PLACEMENT_3D('',#10166,#8153,#8154);
#7479=AXIS2_PLACEMENT_3D('',#10169,#8156,#8157);
#7480=AXIS2_PLACEMENT_3D('',#10170,#8158,#8159);
#7481=AXIS2_PLACEMENT_3D('',#10172,#8160,#8161);
#7482=AXIS2_PLACEMENT_3D('',#10175,#8163,#8164);
#7483=AXIS2_PLACEMENT_3D('',#10176,#8165,#8166);
#7484=AXIS2_PLACEMENT_3D('',#10178,#8167,#8168);
#7485=AXIS2_PLACEMENT_3D('',#10181,#8170,#8171);
#7486=AXIS2_PLACEMENT_3D('',#10182,#8172,#8173);
#7487=AXIS2_PLACEMENT_3D('',#10184,#8174,#8175);
#7488=AXIS2_PLACEMENT_3D('',#10187,#8177,#8178);
#7489=AXIS2_PLACEMENT_3D('',#10188,#8179,#8180);
#7490=AXIS2_PLACEMENT_3D('',#10190,#8181,#8182);
#7491=AXIS2_PLACEMENT_3D('',#10193,#8184,#8185);
#7492=AXIS2_PLACEMENT_3D('',#10194,#8186,#8187);
#7493=AXIS2_PLACEMENT_3D('',#10196,#8188,#8189);
#7494=AXIS2_PLACEMENT_3D('',#10199,#8191,#8192);
#7495=AXIS2_PLACEMENT_3D('',#10200,#8193,#8194);
#7496=AXIS2_PLACEMENT_3D('',#10202,#8195,#8196);
#7497=AXIS2_PLACEMENT_3D('',#10205,#8198,#8199);
#7498=AXIS2_PLACEMENT_3D('',#10206,#8200,#8201);
#7499=AXIS2_PLACEMENT_3D('',#10208,#8202,#8203);
#7500=AXIS2_PLACEMENT_3D('',#10211,#8205,#8206);
#7501=AXIS2_PLACEMENT_3D('',#10212,#8207,#8208);
#7502=AXIS2_PLACEMENT_3D('',#10214,#8209,#8210);
#7503=AXIS2_PLACEMENT_3D('',#10217,#8212,#8213);
#7504=AXIS2_PLACEMENT_3D('',#10218,#8214,#8215);
#7505=AXIS2_PLACEMENT_3D('',#10220,#8216,#8217);
#7506=AXIS2_PLACEMENT_3D('',#10223,#8219,#8220);
#7507=AXIS2_PLACEMENT_3D('',#10224,#8221,#8222);
#7508=AXIS2_PLACEMENT_3D('',#10226,#8223,#8224);
#7509=AXIS2_PLACEMENT_3D('',#10229,#8226,#8227);
#7510=AXIS2_PLACEMENT_3D('',#10230,#8228,#8229);
#7511=AXIS2_PLACEMENT_3D('',#10232,#8230,#8231);
#7512=AXIS2_PLACEMENT_3D('',#10235,#8233,#8234);
#7513=AXIS2_PLACEMENT_3D('',#10236,#8235,#8236);
#7514=AXIS2_PLACEMENT_3D('',#10238,#8237,#8238);
#7515=AXIS2_PLACEMENT_3D('',#10241,#8240,#8241);
#7516=AXIS2_PLACEMENT_3D('',#10242,#8242,#8243);
#7517=AXIS2_PLACEMENT_3D('',#10244,#8244,#8245);
#7518=AXIS2_PLACEMENT_3D('',#10247,#8247,#8248);
#7519=AXIS2_PLACEMENT_3D('',#10248,#8249,#8250);
#7520=AXIS2_PLACEMENT_3D('',#10250,#8251,#8252);
#7521=AXIS2_PLACEMENT_3D('',#10253,#8254,#8255);
#7522=AXIS2_PLACEMENT_3D('',#10254,#8256,#8257);
#7523=AXIS2_PLACEMENT_3D('',#10256,#8258,#8259);
#7524=AXIS2_PLACEMENT_3D('',#10259,#8261,#8262);
#7525=AXIS2_PLACEMENT_3D('',#10260,#8263,#8264);
#7526=AXIS2_PLACEMENT_3D('',#10262,#8265,#8266);
#7527=AXIS2_PLACEMENT_3D('',#10265,#8268,#8269);
#7528=AXIS2_PLACEMENT_3D('',#10266,#8270,#8271);
#7529=AXIS2_PLACEMENT_3D('',#10268,#8272,#8273);
#7530=AXIS2_PLACEMENT_3D('',#10271,#8275,#8276);
#7531=AXIS2_PLACEMENT_3D('',#10272,#8277,#8278);
#7532=AXIS2_PLACEMENT_3D('',#10274,#8279,#8280);
#7533=AXIS2_PLACEMENT_3D('',#10277,#8282,#8283);
#7534=AXIS2_PLACEMENT_3D('',#10278,#8284,#8285);
#7535=AXIS2_PLACEMENT_3D('',#10280,#8286,#8287);
#7536=AXIS2_PLACEMENT_3D('',#10283,#8289,#8290);
#7537=AXIS2_PLACEMENT_3D('',#10284,#8291,#8292);
#7538=AXIS2_PLACEMENT_3D('',#10286,#8293,#8294);
#7539=AXIS2_PLACEMENT_3D('',#10289,#8296,#8297);
#7540=AXIS2_PLACEMENT_3D('',#10290,#8298,#8299);
#7541=AXIS2_PLACEMENT_3D('',#10292,#8300,#8301);
#7542=AXIS2_PLACEMENT_3D('',#10295,#8303,#8304);
#7543=AXIS2_PLACEMENT_3D('',#10296,#8305,#8306);
#7544=AXIS2_PLACEMENT_3D('',#10298,#8307,#8308);
#7545=AXIS2_PLACEMENT_3D('',#10301,#8310,#8311);
#7546=AXIS2_PLACEMENT_3D('',#10302,#8312,#8313);
#7547=AXIS2_PLACEMENT_3D('',#10304,#8314,#8315);
#7548=AXIS2_PLACEMENT_3D('',#10307,#8317,#8318);
#7549=AXIS2_PLACEMENT_3D('',#10308,#8319,#8320);
#7550=AXIS2_PLACEMENT_3D('',#10310,#8321,#8322);
#7551=AXIS2_PLACEMENT_3D('',#10313,#8324,#8325);
#7552=AXIS2_PLACEMENT_3D('',#10314,#8326,#8327);
#7553=AXIS2_PLACEMENT_3D('',#10316,#8328,#8329);
#7554=AXIS2_PLACEMENT_3D('',#10319,#8331,#8332);
#7555=AXIS2_PLACEMENT_3D('',#10320,#8333,#8334);
#7556=AXIS2_PLACEMENT_3D('',#10322,#8335,#8336);
#7557=AXIS2_PLACEMENT_3D('',#10325,#8338,#8339);
#7558=AXIS2_PLACEMENT_3D('',#10326,#8340,#8341);
#7559=AXIS2_PLACEMENT_3D('',#10328,#8342,#8343);
#7560=AXIS2_PLACEMENT_3D('',#10331,#8345,#8346);
#7561=AXIS2_PLACEMENT_3D('',#10332,#8347,#8348);
#7562=AXIS2_PLACEMENT_3D('',#10334,#8349,#8350);
#7563=AXIS2_PLACEMENT_3D('',#10337,#8352,#8353);
#7564=AXIS2_PLACEMENT_3D('',#10338,#8354,#8355);
#7565=AXIS2_PLACEMENT_3D('',#10340,#8356,#8357);
#7566=AXIS2_PLACEMENT_3D('',#10343,#8359,#8360);
#7567=AXIS2_PLACEMENT_3D('',#10344,#8361,#8362);
#7568=AXIS2_PLACEMENT_3D('',#10346,#8363,#8364);
#7569=AXIS2_PLACEMENT_3D('',#10349,#8366,#8367);
#7570=AXIS2_PLACEMENT_3D('',#10350,#8368,#8369);
#7571=AXIS2_PLACEMENT_3D('',#10352,#8370,#8371);
#7572=AXIS2_PLACEMENT_3D('',#10355,#8373,#8374);
#7573=AXIS2_PLACEMENT_3D('',#10356,#8375,#8376);
#7574=AXIS2_PLACEMENT_3D('',#10358,#8377,#8378);
#7575=AXIS2_PLACEMENT_3D('',#10361,#8380,#8381);
#7576=AXIS2_PLACEMENT_3D('',#10362,#8382,#8383);
#7577=AXIS2_PLACEMENT_3D('',#10364,#8384,#8385);
#7578=AXIS2_PLACEMENT_3D('',#10367,#8387,#8388);
#7579=AXIS2_PLACEMENT_3D('',#10368,#8389,#8390);
#7580=AXIS2_PLACEMENT_3D('',#10370,#8391,#8392);
#7581=AXIS2_PLACEMENT_3D('',#10373,#8394,#8395);
#7582=AXIS2_PLACEMENT_3D('',#10374,#8396,#8397);
#7583=AXIS2_PLACEMENT_3D('',#10376,#8398,#8399);
#7584=AXIS2_PLACEMENT_3D('',#10379,#8401,#8402);
#7585=AXIS2_PLACEMENT_3D('',#10380,#8403,#8404);
#7586=AXIS2_PLACEMENT_3D('',#10382,#8405,#8406);
#7587=AXIS2_PLACEMENT_3D('',#10385,#8408,#8409);
#7588=AXIS2_PLACEMENT_3D('',#10386,#8410,#8411);
#7589=AXIS2_PLACEMENT_3D('',#10388,#8412,#8413);
#7590=AXIS2_PLACEMENT_3D('',#10391,#8415,#8416);
#7591=AXIS2_PLACEMENT_3D('',#10392,#8417,#8418);
#7592=AXIS2_PLACEMENT_3D('',#10394,#8419,#8420);
#7593=AXIS2_PLACEMENT_3D('',#10397,#8422,#8423);
#7594=AXIS2_PLACEMENT_3D('',#10398,#8424,#8425);
#7595=AXIS2_PLACEMENT_3D('',#10400,#8426,#8427);
#7596=AXIS2_PLACEMENT_3D('',#10403,#8429,#8430);
#7597=AXIS2_PLACEMENT_3D('',#10404,#8431,#8432);
#7598=AXIS2_PLACEMENT_3D('',#10406,#8433,#8434);
#7599=AXIS2_PLACEMENT_3D('',#10409,#8436,#8437);
#7600=AXIS2_PLACEMENT_3D('',#10410,#8438,#8439);
#7601=AXIS2_PLACEMENT_3D('',#10412,#8440,#8441);
#7602=AXIS2_PLACEMENT_3D('',#10415,#8443,#8444);
#7603=AXIS2_PLACEMENT_3D('',#10416,#8445,#8446);
#7604=AXIS2_PLACEMENT_3D('',#10418,#8447,#8448);
#7605=AXIS2_PLACEMENT_3D('',#10421,#8450,#8451);
#7606=AXIS2_PLACEMENT_3D('',#10422,#8452,#8453);
#7607=AXIS2_PLACEMENT_3D('',#10424,#8454,#8455);
#7608=AXIS2_PLACEMENT_3D('',#10427,#8457,#8458);
#7609=AXIS2_PLACEMENT_3D('',#10428,#8459,#8460);
#7610=AXIS2_PLACEMENT_3D('',#10430,#8461,#8462);
#7611=AXIS2_PLACEMENT_3D('',#10433,#8464,#8465);
#7612=AXIS2_PLACEMENT_3D('',#10434,#8466,#8467);
#7613=AXIS2_PLACEMENT_3D('',#10436,#8468,#8469);
#7614=AXIS2_PLACEMENT_3D('',#10439,#8471,#8472);
#7615=AXIS2_PLACEMENT_3D('',#10440,#8473,#8474);
#7616=AXIS2_PLACEMENT_3D('',#10442,#8475,#8476);
#7617=AXIS2_PLACEMENT_3D('',#10445,#8478,#8479);
#7618=AXIS2_PLACEMENT_3D('',#10446,#8480,#8481);
#7619=AXIS2_PLACEMENT_3D('',#10448,#8482,#8483);
#7620=AXIS2_PLACEMENT_3D('',#10451,#8485,#8486);
#7621=AXIS2_PLACEMENT_3D('',#10452,#8487,#8488);
#7622=AXIS2_PLACEMENT_3D('',#10454,#8489,#8490);
#7623=AXIS2_PLACEMENT_3D('',#10457,#8492,#8493);
#7624=AXIS2_PLACEMENT_3D('',#10458,#8494,#8495);
#7625=AXIS2_PLACEMENT_3D('',#10460,#8496,#8497);
#7626=AXIS2_PLACEMENT_3D('',#10463,#8499,#8500);
#7627=AXIS2_PLACEMENT_3D('',#10464,#8501,#8502);
#7628=AXIS2_PLACEMENT_3D('',#10466,#8503,#8504);
#7629=AXIS2_PLACEMENT_3D('',#10469,#8506,#8507);
#7630=AXIS2_PLACEMENT_3D('',#10470,#8508,#8509);
#7631=AXIS2_PLACEMENT_3D('',#10472,#8510,#8511);
#7632=AXIS2_PLACEMENT_3D('',#10475,#8513,#8514);
#7633=AXIS2_PLACEMENT_3D('',#10476,#8515,#8516);
#7634=AXIS2_PLACEMENT_3D('',#10478,#8517,#8518);
#7635=AXIS2_PLACEMENT_3D('',#10481,#8520,#8521);
#7636=AXIS2_PLACEMENT_3D('',#10482,#8522,#8523);
#7637=AXIS2_PLACEMENT_3D('',#10484,#8524,#8525);
#7638=AXIS2_PLACEMENT_3D('',#10487,#8527,#8528);
#7639=AXIS2_PLACEMENT_3D('',#10488,#8529,#8530);
#7640=AXIS2_PLACEMENT_3D('',#10490,#8531,#8532);
#7641=AXIS2_PLACEMENT_3D('',#10493,#8534,#8535);
#7642=AXIS2_PLACEMENT_3D('',#10494,#8536,#8537);
#7643=AXIS2_PLACEMENT_3D('',#10496,#8538,#8539);
#7644=AXIS2_PLACEMENT_3D('',#10499,#8541,#8542);
#7645=AXIS2_PLACEMENT_3D('',#10500,#8543,#8544);
#7646=AXIS2_PLACEMENT_3D('',#10502,#8545,#8546);
#7647=AXIS2_PLACEMENT_3D('',#10505,#8548,#8549);
#7648=AXIS2_PLACEMENT_3D('',#10506,#8550,#8551);
#7649=AXIS2_PLACEMENT_3D('',#10508,#8552,#8553);
#7650=AXIS2_PLACEMENT_3D('',#10511,#8555,#8556);
#7651=AXIS2_PLACEMENT_3D('',#10512,#8557,#8558);
#7652=AXIS2_PLACEMENT_3D('',#10514,#8559,#8560);
#7653=AXIS2_PLACEMENT_3D('',#10517,#8562,#8563);
#7654=AXIS2_PLACEMENT_3D('',#10518,#8564,#8565);
#7655=AXIS2_PLACEMENT_3D('',#10520,#8566,#8567);
#7656=AXIS2_PLACEMENT_3D('',#10523,#8569,#8570);
#7657=AXIS2_PLACEMENT_3D('',#10524,#8571,#8572);
#7658=AXIS2_PLACEMENT_3D('',#10526,#8573,#8574);
#7659=AXIS2_PLACEMENT_3D('',#10529,#8576,#8577);
#7660=AXIS2_PLACEMENT_3D('',#10530,#8578,#8579);
#7661=AXIS2_PLACEMENT_3D('',#10532,#8580,#8581);
#7662=AXIS2_PLACEMENT_3D('',#10535,#8583,#8584);
#7663=AXIS2_PLACEMENT_3D('',#10536,#8585,#8586);
#7664=AXIS2_PLACEMENT_3D('',#10538,#8587,#8588);
#7665=AXIS2_PLACEMENT_3D('',#10541,#8590,#8591);
#7666=AXIS2_PLACEMENT_3D('',#10542,#8592,#8593);
#7667=AXIS2_PLACEMENT_3D('',#10544,#8594,#8595);
#7668=AXIS2_PLACEMENT_3D('',#10547,#8597,#8598);
#7669=AXIS2_PLACEMENT_3D('',#10548,#8599,#8600);
#7670=AXIS2_PLACEMENT_3D('',#10550,#8601,#8602);
#7671=AXIS2_PLACEMENT_3D('',#10553,#8604,#8605);
#7672=AXIS2_PLACEMENT_3D('',#10554,#8606,#8607);
#7673=AXIS2_PLACEMENT_3D('',#10556,#8608,#8609);
#7674=AXIS2_PLACEMENT_3D('',#10559,#8611,#8612);
#7675=AXIS2_PLACEMENT_3D('',#10560,#8613,#8614);
#7676=AXIS2_PLACEMENT_3D('',#10562,#8615,#8616);
#7677=AXIS2_PLACEMENT_3D('',#10565,#8618,#8619);
#7678=AXIS2_PLACEMENT_3D('',#10566,#8620,#8621);
#7679=AXIS2_PLACEMENT_3D('',#10568,#8622,#8623);
#7680=AXIS2_PLACEMENT_3D('',#10571,#8625,#8626);
#7681=AXIS2_PLACEMENT_3D('',#10572,#8627,#8628);
#7682=AXIS2_PLACEMENT_3D('',#10574,#8629,#8630);
#7683=AXIS2_PLACEMENT_3D('',#10577,#8632,#8633);
#7684=AXIS2_PLACEMENT_3D('',#10578,#8634,#8635);
#7685=AXIS2_PLACEMENT_3D('',#10580,#8636,#8637);
#7686=AXIS2_PLACEMENT_3D('',#10583,#8639,#8640);
#7687=AXIS2_PLACEMENT_3D('',#10584,#8641,#8642);
#7688=AXIS2_PLACEMENT_3D('',#10586,#8643,#8644);
#7689=AXIS2_PLACEMENT_3D('',#10589,#8646,#8647);
#7690=AXIS2_PLACEMENT_3D('',#10590,#8648,#8649);
#7691=AXIS2_PLACEMENT_3D('',#10592,#8650,#8651);
#7692=AXIS2_PLACEMENT_3D('',#10595,#8653,#8654);
#7693=AXIS2_PLACEMENT_3D('',#10596,#8655,#8656);
#7694=AXIS2_PLACEMENT_3D('',#10598,#8657,#8658);
#7695=AXIS2_PLACEMENT_3D('',#10601,#8660,#8661);
#7696=AXIS2_PLACEMENT_3D('',#10602,#8662,#8663);
#7697=AXIS2_PLACEMENT_3D('',#10604,#8664,#8665);
#7698=AXIS2_PLACEMENT_3D('',#10607,#8667,#8668);
#7699=AXIS2_PLACEMENT_3D('',#10608,#8669,#8670);
#7700=AXIS2_PLACEMENT_3D('',#10610,#8671,#8672);
#7701=AXIS2_PLACEMENT_3D('',#10613,#8674,#8675);
#7702=AXIS2_PLACEMENT_3D('',#10614,#8676,#8677);
#7703=AXIS2_PLACEMENT_3D('',#10616,#8678,#8679);
#7704=AXIS2_PLACEMENT_3D('',#10619,#8681,#8682);
#7705=AXIS2_PLACEMENT_3D('',#10620,#8683,#8684);
#7706=AXIS2_PLACEMENT_3D('',#10622,#8685,#8686);
#7707=AXIS2_PLACEMENT_3D('',#10625,#8688,#8689);
#7708=AXIS2_PLACEMENT_3D('',#10626,#8690,#8691);
#7709=AXIS2_PLACEMENT_3D('',#10628,#8692,#8693);
#7710=AXIS2_PLACEMENT_3D('',#10631,#8695,#8696);
#7711=AXIS2_PLACEMENT_3D('',#10632,#8697,#8698);
#7712=AXIS2_PLACEMENT_3D('',#10634,#8699,#8700);
#7713=AXIS2_PLACEMENT_3D('',#10637,#8702,#8703);
#7714=AXIS2_PLACEMENT_3D('',#10638,#8704,#8705);
#7715=AXIS2_PLACEMENT_3D('',#10640,#8706,#8707);
#7716=AXIS2_PLACEMENT_3D('',#10643,#8709,#8710);
#7717=AXIS2_PLACEMENT_3D('',#10644,#8711,#8712);
#7718=AXIS2_PLACEMENT_3D('',#10646,#8713,#8714);
#7719=AXIS2_PLACEMENT_3D('',#10649,#8716,#8717);
#7720=AXIS2_PLACEMENT_3D('',#10650,#8718,#8719);
#7721=AXIS2_PLACEMENT_3D('',#10652,#8720,#8721);
#7722=AXIS2_PLACEMENT_3D('',#10655,#8723,#8724);
#7723=AXIS2_PLACEMENT_3D('',#10656,#8725,#8726);
#7724=AXIS2_PLACEMENT_3D('',#10658,#8727,#8728);
#7725=AXIS2_PLACEMENT_3D('',#10661,#8730,#8731);
#7726=AXIS2_PLACEMENT_3D('',#10662,#8732,#8733);
#7727=AXIS2_PLACEMENT_3D('',#10664,#8734,#8735);
#7728=AXIS2_PLACEMENT_3D('',#10667,#8737,#8738);
#7729=AXIS2_PLACEMENT_3D('',#10668,#8739,#8740);
#7730=AXIS2_PLACEMENT_3D('',#10670,#8741,#8742);
#7731=AXIS2_PLACEMENT_3D('',#10673,#8744,#8745);
#7732=AXIS2_PLACEMENT_3D('',#10674,#8746,#8747);
#7733=AXIS2_PLACEMENT_3D('',#10676,#8748,#8749);
#7734=AXIS2_PLACEMENT_3D('',#10679,#8751,#8752);
#7735=AXIS2_PLACEMENT_3D('',#10680,#8753,#8754);
#7736=AXIS2_PLACEMENT_3D('',#10682,#8755,#8756);
#7737=AXIS2_PLACEMENT_3D('',#10685,#8758,#8759);
#7738=AXIS2_PLACEMENT_3D('',#10686,#8760,#8761);
#7739=AXIS2_PLACEMENT_3D('',#10688,#8762,#8763);
#7740=AXIS2_PLACEMENT_3D('',#10691,#8765,#8766);
#7741=AXIS2_PLACEMENT_3D('',#10692,#8767,#8768);
#7742=AXIS2_PLACEMENT_3D('',#10694,#8769,#8770);
#7743=AXIS2_PLACEMENT_3D('',#10697,#8772,#8773);
#7744=AXIS2_PLACEMENT_3D('',#10698,#8774,#8775);
#7745=AXIS2_PLACEMENT_3D('',#10700,#8776,#8777);
#7746=AXIS2_PLACEMENT_3D('',#10703,#8779,#8780);
#7747=AXIS2_PLACEMENT_3D('',#10704,#8781,#8782);
#7748=AXIS2_PLACEMENT_3D('',#10706,#8783,#8784);
#7749=AXIS2_PLACEMENT_3D('',#10709,#8786,#8787);
#7750=AXIS2_PLACEMENT_3D('',#10710,#8788,#8789);
#7751=AXIS2_PLACEMENT_3D('',#10712,#8790,#8791);
#7752=AXIS2_PLACEMENT_3D('',#10715,#8793,#8794);
#7753=AXIS2_PLACEMENT_3D('',#10716,#8795,#8796);
#7754=AXIS2_PLACEMENT_3D('',#10718,#8797,#8798);
#7755=AXIS2_PLACEMENT_3D('',#10721,#8800,#8801);
#7756=AXIS2_PLACEMENT_3D('',#10722,#8802,#8803);
#7757=AXIS2_PLACEMENT_3D('',#10724,#8804,#8805);
#7758=AXIS2_PLACEMENT_3D('',#10727,#8807,#8808);
#7759=AXIS2_PLACEMENT_3D('',#10728,#8809,#8810);
#7760=AXIS2_PLACEMENT_3D('',#10730,#8811,#8812);
#7761=AXIS2_PLACEMENT_3D('',#10733,#8814,#8815);
#7762=AXIS2_PLACEMENT_3D('',#10734,#8816,#8817);
#7763=AXIS2_PLACEMENT_3D('',#10736,#8818,#8819);
#7764=AXIS2_PLACEMENT_3D('',#10739,#8821,#8822);
#7765=AXIS2_PLACEMENT_3D('',#10740,#8823,#8824);
#7766=AXIS2_PLACEMENT_3D('',#10742,#8825,#8826);
#7767=AXIS2_PLACEMENT_3D('',#10745,#8828,#8829);
#7768=AXIS2_PLACEMENT_3D('',#10746,#8830,#8831);
#7769=AXIS2_PLACEMENT_3D('',#10748,#8832,#8833);
#7770=AXIS2_PLACEMENT_3D('',#10751,#8835,#8836);
#7771=AXIS2_PLACEMENT_3D('',#10752,#8837,#8838);
#7772=AXIS2_PLACEMENT_3D('',#10754,#8839,#8840);
#7773=AXIS2_PLACEMENT_3D('',#10757,#8842,#8843);
#7774=AXIS2_PLACEMENT_3D('',#10758,#8844,#8845);
#7775=AXIS2_PLACEMENT_3D('',#10760,#8846,#8847);
#7776=AXIS2_PLACEMENT_3D('',#10763,#8849,#8850);
#7777=AXIS2_PLACEMENT_3D('',#10764,#8851,#8852);
#7778=AXIS2_PLACEMENT_3D('',#10766,#8853,#8854);
#7779=AXIS2_PLACEMENT_3D('',#10769,#8856,#8857);
#7780=AXIS2_PLACEMENT_3D('',#10770,#8858,#8859);
#7781=AXIS2_PLACEMENT_3D('',#10772,#8860,#8861);
#7782=AXIS2_PLACEMENT_3D('',#10775,#8863,#8864);
#7783=AXIS2_PLACEMENT_3D('',#10776,#8865,#8866);
#7784=AXIS2_PLACEMENT_3D('',#10778,#8867,#8868);
#7785=AXIS2_PLACEMENT_3D('',#10781,#8870,#8871);
#7786=AXIS2_PLACEMENT_3D('',#10782,#8872,#8873);
#7787=AXIS2_PLACEMENT_3D('',#10784,#8874,#8875);
#7788=AXIS2_PLACEMENT_3D('',#10787,#8877,#8878);
#7789=AXIS2_PLACEMENT_3D('',#10788,#8879,#8880);
#7790=AXIS2_PLACEMENT_3D('',#10790,#8881,#8882);
#7791=AXIS2_PLACEMENT_3D('',#10793,#8884,#8885);
#7792=AXIS2_PLACEMENT_3D('',#10794,#8886,#8887);
#7793=AXIS2_PLACEMENT_3D('',#10796,#8888,#8889);
#7794=AXIS2_PLACEMENT_3D('',#10799,#8891,#8892);
#7795=AXIS2_PLACEMENT_3D('',#10800,#8893,#8894);
#7796=AXIS2_PLACEMENT_3D('',#10802,#8895,#8896);
#7797=AXIS2_PLACEMENT_3D('',#10805,#8898,#8899);
#7798=AXIS2_PLACEMENT_3D('',#10806,#8900,#8901);
#7799=AXIS2_PLACEMENT_3D('',#10808,#8902,#8903);
#7800=AXIS2_PLACEMENT_3D('',#10811,#8905,#8906);
#7801=AXIS2_PLACEMENT_3D('',#10812,#8907,#8908);
#7802=AXIS2_PLACEMENT_3D('',#10814,#8909,#8910);
#7803=AXIS2_PLACEMENT_3D('',#10817,#8912,#8913);
#7804=AXIS2_PLACEMENT_3D('',#10818,#8914,#8915);
#7805=AXIS2_PLACEMENT_3D('',#10820,#8916,#8917);
#7806=AXIS2_PLACEMENT_3D('',#10823,#8919,#8920);
#7807=AXIS2_PLACEMENT_3D('',#10824,#8921,#8922);
#7808=AXIS2_PLACEMENT_3D('',#10826,#8923,#8924);
#7809=AXIS2_PLACEMENT_3D('',#10829,#8926,#8927);
#7810=AXIS2_PLACEMENT_3D('',#10830,#8928,#8929);
#7811=AXIS2_PLACEMENT_3D('',#10832,#8930,#8931);
#7812=AXIS2_PLACEMENT_3D('',#10835,#8933,#8934);
#7813=AXIS2_PLACEMENT_3D('',#10836,#8935,#8936);
#7814=AXIS2_PLACEMENT_3D('',#10838,#8937,#8938);
#7815=AXIS2_PLACEMENT_3D('',#10841,#8940,#8941);
#7816=AXIS2_PLACEMENT_3D('',#10842,#8942,#8943);
#7817=AXIS2_PLACEMENT_3D('',#10844,#8944,#8945);
#7818=AXIS2_PLACEMENT_3D('',#10847,#8947,#8948);
#7819=AXIS2_PLACEMENT_3D('',#10848,#8949,#8950);
#7820=AXIS2_PLACEMENT_3D('',#10850,#8951,#8952);
#7821=AXIS2_PLACEMENT_3D('',#10853,#8954,#8955);
#7822=AXIS2_PLACEMENT_3D('',#10854,#8956,#8957);
#7823=AXIS2_PLACEMENT_3D('',#10856,#8958,#8959);
#7824=AXIS2_PLACEMENT_3D('',#10859,#8961,#8962);
#7825=AXIS2_PLACEMENT_3D('',#10860,#8963,#8964);
#7826=AXIS2_PLACEMENT_3D('',#10862,#8965,#8966);
#7827=AXIS2_PLACEMENT_3D('',#10865,#8968,#8969);
#7828=AXIS2_PLACEMENT_3D('',#10866,#8970,#8971);
#7829=AXIS2_PLACEMENT_3D('',#10868,#8972,#8973);
#7830=AXIS2_PLACEMENT_3D('',#10871,#8975,#8976);
#7831=AXIS2_PLACEMENT_3D('',#10872,#8977,#8978);
#7832=AXIS2_PLACEMENT_3D('',#10874,#8979,#8980);
#7833=AXIS2_PLACEMENT_3D('',#10877,#8982,#8983);
#7834=AXIS2_PLACEMENT_3D('',#10878,#8984,#8985);
#7835=AXIS2_PLACEMENT_3D('',#10880,#8986,#8987);
#7836=AXIS2_PLACEMENT_3D('',#10883,#8989,#8990);
#7837=AXIS2_PLACEMENT_3D('',#10884,#8991,#8992);
#7838=AXIS2_PLACEMENT_3D('',#10886,#8993,#8994);
#7839=AXIS2_PLACEMENT_3D('',#10889,#8996,#8997);
#7840=AXIS2_PLACEMENT_3D('',#10890,#8998,#8999);
#7841=AXIS2_PLACEMENT_3D('',#10892,#9000,#9001);
#7842=AXIS2_PLACEMENT_3D('',#10895,#9003,#9004);
#7843=AXIS2_PLACEMENT_3D('',#10896,#9005,#9006);
#7844=AXIS2_PLACEMENT_3D('',#10898,#9007,#9008);
#7845=AXIS2_PLACEMENT_3D('',#10901,#9010,#9011);
#7846=AXIS2_PLACEMENT_3D('',#10902,#9012,#9013);
#7847=AXIS2_PLACEMENT_3D('',#10904,#9014,#9015);
#7848=AXIS2_PLACEMENT_3D('',#10907,#9017,#9018);
#7849=AXIS2_PLACEMENT_3D('',#10908,#9019,#9020);
#7850=AXIS2_PLACEMENT_3D('',#10913,#9022,#9023);
#7851=AXIS2_PLACEMENT_3D('',#10917,#9025,#9026);
#7852=AXIS2_PLACEMENT_3D('',#10921,#9028,#9029);
#7853=AXIS2_PLACEMENT_3D('',#10924,#9031,#9032);
#7854=AXIS2_PLACEMENT_3D('',#11277,#9209,#9210);
#7855=AXIS2_PLACEMENT_3D('',#11282,#9212,#9213);
#7856=AXIS2_PLACEMENT_3D('',#11286,#9215,#9216);
#7857=AXIS2_PLACEMENT_3D('',#11290,#9218,#9219);
#7858=AXIS2_PLACEMENT_3D('',#11293,#9221,#9222);
#7859=AXIS2_PLACEMENT_3D('',#11294,#9223,#9224);
#7860=AXIS2_PLACEMENT_3D('',#11297,#9227,#9228);
#7861=AXIS2_PLACEMENT_3D('',#11299,#9230,#9231);
#7862=AXIS2_PLACEMENT_3D('',#11301,#9233,#9234);
#7863=AXIS2_PLACEMENT_3D('',#11303,#9236,#9237);
#7864=AXIS2_PLACEMENT_3D('',#11305,#9239,#9240);
#7865=AXIS2_PLACEMENT_3D('',#11307,#9242,#9243);
#7866=AXIS2_PLACEMENT_3D('',#11309,#9245,#9246);
#7867=AXIS2_PLACEMENT_3D('',#11310,#9247,#9248);
#7868=AXIS2_PLACEMENT_3D('',#11311,#9249,#9250);
#7869=AXIS2_PLACEMENT_3D('',#11312,#9251,#9252);
#7870=AXIS2_PLACEMENT_3D('',#11318,#9256,#9257);
#7871=AXIS2_PLACEMENT_3D('',#11322,#9260,#9261);
#7872=AXIS2_PLACEMENT_3D('',#11326,#9264,#9265);
#7873=AXIS2_PLACEMENT_3D('',#11328,#9267,#9268);
#7874=AXIS2_PLACEMENT_3D('',#11329,#9269,#9270);
#7875=AXIS2_PLACEMENT_3D('',#11335,#9274,#9275);
#7876=AXIS2_PLACEMENT_3D('',#11339,#9278,#9279);
#7877=AXIS2_PLACEMENT_3D('',#11343,#9282,#9283);
#7878=AXIS2_PLACEMENT_3D('',#11345,#9285,#9286);
#7879=AXIS2_PLACEMENT_3D('',#11346,#9287,#9288);
#7880=AXIS2_PLACEMENT_3D('',#11352,#9292,#9293);
#7881=AXIS2_PLACEMENT_3D('',#11356,#9296,#9297);
#7882=AXIS2_PLACEMENT_3D('',#11360,#9300,#9301);
#7883=AXIS2_PLACEMENT_3D('',#11362,#9303,#9304);
#7884=AXIS2_PLACEMENT_3D('',#11363,#9305,#9306);
#7885=AXIS2_PLACEMENT_3D('',#11369,#9310,#9311);
#7886=AXIS2_PLACEMENT_3D('',#11373,#9314,#9315);
#7887=AXIS2_PLACEMENT_3D('',#11377,#9318,#9319);
#7888=AXIS2_PLACEMENT_3D('',#11379,#9321,#9322);
#7889=AXIS2_PLACEMENT_3D('',#11380,#9323,#9324);
#7890=AXIS2_PLACEMENT_3D('',#11386,#9328,#9329);
#7891=AXIS2_PLACEMENT_3D('',#11390,#9332,#9333);
#7892=AXIS2_PLACEMENT_3D('',#11394,#9336,#9337);
#7893=AXIS2_PLACEMENT_3D('',#11396,#9339,#9340);
#7894=AXIS2_PLACEMENT_3D('',#11397,#9341,#9342);
#7895=AXIS2_PLACEMENT_3D('',#11403,#9346,#9347);
#7896=AXIS2_PLACEMENT_3D('',#11407,#9350,#9351);
#7897=AXIS2_PLACEMENT_3D('',#11411,#9354,#9355);
#7898=AXIS2_PLACEMENT_3D('',#11413,#9357,#9358);
#7899=AXIS2_PLACEMENT_3D('',#11414,#9359,#9360);
#7900=AXIS2_PLACEMENT_3D('',#11420,#9364,#9365);
#7901=AXIS2_PLACEMENT_3D('',#11424,#9368,#9369);
#7902=AXIS2_PLACEMENT_3D('',#11428,#9372,#9373);
#7903=AXIS2_PLACEMENT_3D('',#11430,#9375,#9376);
#7904=AXIS2_PLACEMENT_3D('',#11431,#9377,#9378);
#7905=AXIS2_PLACEMENT_3D('',#11437,#9382,#9383);
#7906=AXIS2_PLACEMENT_3D('',#11441,#9386,#9387);
#7907=AXIS2_PLACEMENT_3D('',#11445,#9390,#9391);
#7908=AXIS2_PLACEMENT_3D('',#11447,#9393,#9394);
#7909=AXIS2_PLACEMENT_3D('',#11448,#9395,#9396);
#7910=AXIS2_PLACEMENT_3D('',#11454,#9400,#9401);
#7911=AXIS2_PLACEMENT_3D('',#11458,#9404,#9405);
#7912=AXIS2_PLACEMENT_3D('',#11462,#9408,#9409);
#7913=AXIS2_PLACEMENT_3D('',#11464,#9411,#9412);
#7914=AXIS2_PLACEMENT_3D('',#11465,#9413,#9414);
#7915=AXIS2_PLACEMENT_3D('',#11471,#9418,#9419);
#7916=AXIS2_PLACEMENT_3D('',#11475,#9422,#9423);
#7917=AXIS2_PLACEMENT_3D('',#11479,#9426,#9427);
#7918=AXIS2_PLACEMENT_3D('',#11481,#9429,#9430);
#7919=AXIS2_PLACEMENT_3D('',#11482,#9431,#9432);
#7920=AXIS2_PLACEMENT_3D('',#11488,#9436,#9437);
#7921=AXIS2_PLACEMENT_3D('',#11492,#9440,#9441);
#7922=AXIS2_PLACEMENT_3D('',#11496,#9444,#9445);
#7923=AXIS2_PLACEMENT_3D('',#11498,#9447,#9448);
#7924=AXIS2_PLACEMENT_3D('',#11499,#9449,#9450);
#7925=AXIS2_PLACEMENT_3D('',#11505,#9454,#9455);
#7926=AXIS2_PLACEMENT_3D('',#11509,#9458,#9459);
#7927=AXIS2_PLACEMENT_3D('',#11513,#9462,#9463);
#7928=AXIS2_PLACEMENT_3D('',#11515,#9465,#9466);
#7929=AXIS2_PLACEMENT_3D('',#11516,#9467,#9468);
#7930=AXIS2_PLACEMENT_3D('',#11522,#9472,#9473);
#7931=AXIS2_PLACEMENT_3D('',#11526,#9476,#9477);
#7932=AXIS2_PLACEMENT_3D('',#11530,#9480,#9481);
#7933=AXIS2_PLACEMENT_3D('',#11532,#9483,#9484);
#7934=AXIS2_PLACEMENT_3D('',#11533,#9485,#9486);
#7935=AXIS2_PLACEMENT_3D('',#11539,#9490,#9491);
#7936=AXIS2_PLACEMENT_3D('',#11543,#9494,#9495);
#7937=AXIS2_PLACEMENT_3D('',#11547,#9498,#9499);
#7938=AXIS2_PLACEMENT_3D('',#11549,#9501,#9502);
#7939=AXIS2_PLACEMENT_3D('',#11550,#9503,#9504);
#7940=AXIS2_PLACEMENT_3D('',#11556,#9508,#9509);
#7941=AXIS2_PLACEMENT_3D('',#11560,#9512,#9513);
#7942=AXIS2_PLACEMENT_3D('',#11564,#9516,#9517);
#7943=AXIS2_PLACEMENT_3D('',#11566,#9519,#9520);
#7944=AXIS2_PLACEMENT_3D('',#11567,#9521,#9522);
#7945=AXIS2_PLACEMENT_3D('',#11573,#9526,#9527);
#7946=AXIS2_PLACEMENT_3D('',#11577,#9530,#9531);
#7947=AXIS2_PLACEMENT_3D('',#11581,#9534,#9535);
#7948=AXIS2_PLACEMENT_3D('',#11583,#9537,#9538);
#7949=AXIS2_PLACEMENT_3D('',#11584,#9539,#9540);
#7950=AXIS2_PLACEMENT_3D('',#11590,#9544,#9545);
#7951=AXIS2_PLACEMENT_3D('',#11594,#9548,#9549);
#7952=AXIS2_PLACEMENT_3D('',#11598,#9552,#9553);
#7953=AXIS2_PLACEMENT_3D('',#11600,#9555,#9556);
#7954=AXIS2_PLACEMENT_3D('',#11601,#9557,#9558);
#7955=AXIS2_PLACEMENT_3D('',#11607,#9562,#9563);
#7956=AXIS2_PLACEMENT_3D('',#11611,#9566,#9567);
#7957=AXIS2_PLACEMENT_3D('',#11615,#9570,#9571);
#7958=AXIS2_PLACEMENT_3D('',#11617,#9573,#9574);
#7959=AXIS2_PLACEMENT_3D('',#11618,#9575,#9576);
#7960=AXIS2_PLACEMENT_3D('',#11624,#9580,#9581);
#7961=AXIS2_PLACEMENT_3D('',#11628,#9584,#9585);
#7962=AXIS2_PLACEMENT_3D('',#11632,#9588,#9589);
#7963=AXIS2_PLACEMENT_3D('',#11634,#9591,#9592);
#7964=AXIS2_PLACEMENT_3D('',#11635,#9593,#9594);
#7965=AXIS2_PLACEMENT_3D('',#11641,#9598,#9599);
#7966=AXIS2_PLACEMENT_3D('',#11645,#9602,#9603);
#7967=AXIS2_PLACEMENT_3D('',#11649,#9606,#9607);
#7968=AXIS2_PLACEMENT_3D('',#11651,#9609,#9610);
#7969=AXIS2_PLACEMENT_3D('',#11652,#9611,#9612);
#7970=AXIS2_PLACEMENT_3D('',#11658,#9616,#9617);
#7971=AXIS2_PLACEMENT_3D('',#11662,#9620,#9621);
#7972=AXIS2_PLACEMENT_3D('',#11666,#9624,#9625);
#7973=AXIS2_PLACEMENT_3D('',#11668,#9627,#9628);
#7974=AXIS2_PLACEMENT_3D('',#11669,#9629,#9630);
#7975=AXIS2_PLACEMENT_3D('',#11675,#9634,#9635);
#7976=AXIS2_PLACEMENT_3D('',#11679,#9638,#9639);
#7977=AXIS2_PLACEMENT_3D('',#11683,#9642,#9643);
#7978=AXIS2_PLACEMENT_3D('',#11685,#9645,#9646);
#7979=AXIS2_PLACEMENT_3D('',#11686,#9647,#9648);
#7980=AXIS2_PLACEMENT_3D('',#11687,#9649,#9650);
#7981=AXIS2_PLACEMENT_3D('',#11688,#9651,#9652);
#7982=AXIS2_PLACEMENT_3D('',#11689,#9653,#9654);
#7983=AXIS2_PLACEMENT_3D('',#11690,#9655,#9656);
#7984=AXIS2_PLACEMENT_3D('',#11691,#9657,#9658);
#7985=AXIS2_PLACEMENT_3D('',#11692,#9659,#9660);
#7986=AXIS2_PLACEMENT_3D('',#11693,#9661,#9662);
#7987=AXIS2_PLACEMENT_3D('',#11694,#9663,#9664);
#7988=AXIS2_PLACEMENT_3D('',#11695,#9665,#9666);
#7989=AXIS2_PLACEMENT_3D('',#11696,#9667,#9668);
#7990=AXIS2_PLACEMENT_3D('',#11697,#9669,#9670);
#7991=AXIS2_PLACEMENT_3D('',#11698,#9671,#9672);
#7992=AXIS2_PLACEMENT_3D('',#11699,#9673,#9674);
#7993=AXIS2_PLACEMENT_3D('',#11700,#9675,#9676);
#7994=AXIS2_PLACEMENT_3D('',#11701,#9677,#9678);
#7995=AXIS2_PLACEMENT_3D('',#11702,#9679,#9680);
#7996=AXIS2_PLACEMENT_3D('',#11703,#9681,#9682);
#7997=AXIS2_PLACEMENT_3D('',#11704,#9683,#9684);
#7998=AXIS2_PLACEMENT_3D('',#11705,#9685,#9686);
#7999=AXIS2_PLACEMENT_3D('',#11706,#9687,#9688);
#8000=AXIS2_PLACEMENT_3D('',#11707,#9689,#9690);
#8001=AXIS2_PLACEMENT_3D('',#11708,#9691,#9692);
#8002=AXIS2_PLACEMENT_3D('',#11709,#9693,#9694);
#8003=AXIS2_PLACEMENT_3D('',#11710,#9695,#9696);
#8004=AXIS2_PLACEMENT_3D('',#11711,#9697,#9698);
#8005=AXIS2_PLACEMENT_3D('',#11712,#9699,#9700);
#8006=AXIS2_PLACEMENT_3D('',#11713,#9701,#9702);
#8007=AXIS2_PLACEMENT_3D('',#11719,#9706,#9707);
#8008=AXIS2_PLACEMENT_3D('',#11723,#9710,#9711);
#8009=AXIS2_PLACEMENT_3D('',#11727,#9714,#9715);
#8010=AXIS2_PLACEMENT_3D('',#11729,#9717,#9718);
#8011=AXIS2_PLACEMENT_3D('',#11730,#9719,#9720);
#8012=AXIS2_PLACEMENT_3D('',#11736,#9724,#9725);
#8013=AXIS2_PLACEMENT_3D('',#11740,#9728,#9729);
#8014=AXIS2_PLACEMENT_3D('',#11744,#9732,#9733);
#8015=AXIS2_PLACEMENT_3D('',#11746,#9735,#9736);
#8016=AXIS2_PLACEMENT_3D('',#11747,#9737,#9738);
#8017=AXIS2_PLACEMENT_3D('',#11753,#9742,#9743);
#8018=AXIS2_PLACEMENT_3D('',#11757,#9746,#9747);
#8019=AXIS2_PLACEMENT_3D('',#11761,#9750,#9751);
#8020=AXIS2_PLACEMENT_3D('',#11763,#9753,#9754);
#8021=AXIS2_PLACEMENT_3D('',#11764,#9755,#9756);
#8022=AXIS2_PLACEMENT_3D('',#11770,#9760,#9761);
#8023=AXIS2_PLACEMENT_3D('',#11774,#9764,#9765);
#8024=AXIS2_PLACEMENT_3D('',#11778,#9768,#9769);
#8025=AXIS2_PLACEMENT_3D('',#11780,#9771,#9772);
#8026=AXIS2_PLACEMENT_3D('',#11781,#9773,#9774);
#8027=AXIS2_PLACEMENT_3D('',#11782,#9775,#9776);
#8028=AXIS2_PLACEMENT_3D('',#11788,#9780,#9781);
#8029=AXIS2_PLACEMENT_3D('',#11792,#9784,#9785);
#8030=AXIS2_PLACEMENT_3D('',#11796,#9788,#9789);
#8031=AXIS2_PLACEMENT_3D('',#11798,#9791,#9792);
#8032=AXIS2_PLACEMENT_3D('',#11799,#9793,#9794);
#8033=AXIS2_PLACEMENT_3D('',#11805,#9798,#9799);
#8034=AXIS2_PLACEMENT_3D('',#11809,#9802,#9803);
#8035=AXIS2_PLACEMENT_3D('',#11813,#9806,#9807);
#8036=AXIS2_PLACEMENT_3D('',#11815,#9809,#9810);
#8037=AXIS2_PLACEMENT_3D('',#11816,#9811,#9812);
#8038=AXIS2_PLACEMENT_3D('',#11822,#9816,#9817);
#8039=AXIS2_PLACEMENT_3D('',#11826,#9820,#9821);
#8040=AXIS2_PLACEMENT_3D('',#11830,#9824,#9825);
#8041=AXIS2_PLACEMENT_3D('',#11832,#9827,#9828);
#8042=AXIS2_PLACEMENT_3D('',#11833,#9829,#9830);
#8043=AXIS2_PLACEMENT_3D('',#11839,#9834,#9835);
#8044=AXIS2_PLACEMENT_3D('',#11843,#9838,#9839);
#8045=AXIS2_PLACEMENT_3D('',#11847,#9842,#9843);
#8046=AXIS2_PLACEMENT_3D('',#11849,#9845,#9846);
#8047=AXIS2_PLACEMENT_3D('',#11850,#9847,#9848);
#8048=AXIS2_PLACEMENT_3D('',#11856,#9852,#9853);
#8049=AXIS2_PLACEMENT_3D('',#11860,#9856,#9857);
#8050=AXIS2_PLACEMENT_3D('',#11864,#9860,#9861);
#8051=AXIS2_PLACEMENT_3D('',#11866,#9863,#9864);
#8052=AXIS2_PLACEMENT_3D('',#11867,#9865,#9866);
#8053=AXIS2_PLACEMENT_3D('',#11873,#9870,#9871);
#8054=AXIS2_PLACEMENT_3D('',#11877,#9874,#9875);
#8055=AXIS2_PLACEMENT_3D('',#11881,#9878,#9879);
#8056=AXIS2_PLACEMENT_3D('',#11883,#9881,#9882);
#8057=AXIS2_PLACEMENT_3D('',#11884,#9883,#9884);
#8058=AXIS2_PLACEMENT_3D('',#11890,#9888,#9889);
#8059=AXIS2_PLACEMENT_3D('',#11894,#9892,#9893);
#8060=AXIS2_PLACEMENT_3D('',#11898,#9896,#9897);
#8061=AXIS2_PLACEMENT_3D('',#11900,#9899,#9900);
#8062=AXIS2_PLACEMENT_3D('',#11901,#9901,#9902);
#8063=AXIS2_PLACEMENT_3D('',#11907,#9906,#9907);
#8064=AXIS2_PLACEMENT_3D('',#11911,#9910,#9911);
#8065=AXIS2_PLACEMENT_3D('',#11915,#9914,#9915);
#8066=AXIS2_PLACEMENT_3D('',#11917,#9917,#9918);
#8067=AXIS2_PLACEMENT_3D('',#11918,#9919,#9920);
#8068=AXIS2_PLACEMENT_3D('',#11924,#9924,#9925);
#8069=AXIS2_PLACEMENT_3D('',#11928,#9928,#9929);
#8070=AXIS2_PLACEMENT_3D('',#11932,#9932,#9933);
#8071=AXIS2_PLACEMENT_3D('',#11934,#9935,#9936);
#8072=AXIS2_PLACEMENT_3D('',#11935,#9937,#9938);
#8073=AXIS2_PLACEMENT_3D('',#11936,#9939,#9940);
#8074=AXIS2_PLACEMENT_3D('',#11937,#9941,#9942);
#8075=AXIS2_PLACEMENT_3D('',#11938,#9943,#9944);
#8076=AXIS2_PLACEMENT_3D('',#11939,#9945,#9946);
#8077=AXIS2_PLACEMENT_3D('',#11940,#9947,#9948);
#8078=AXIS2_PLACEMENT_3D('',#11941,#9949,#9950);
#8079=AXIS2_PLACEMENT_3D('',#11942,#9951,#9952);
#8080=AXIS2_PLACEMENT_3D('',#11943,#9953,#9954);
#8081=AXIS2_PLACEMENT_3D('',#11944,#9955,#9956);
#8082=AXIS2_PLACEMENT_3D('',#11945,#9957,#9958);
#8083=AXIS2_PLACEMENT_3D('',#11946,#9959,#9960);
#8084=AXIS2_PLACEMENT_3D('',#11947,#9961,#9962);
#8085=AXIS2_PLACEMENT_3D('',#11953,#9966,#9967);
#8086=AXIS2_PLACEMENT_3D('',#11957,#9970,#9971);
#8087=AXIS2_PLACEMENT_3D('',#11961,#9974,#9975);
#8088=AXIS2_PLACEMENT_3D('',#11963,#9977,#9978);
#8089=AXIS2_PLACEMENT_3D('',#11964,#9979,#9980);
#8090=AXIS2_PLACEMENT_3D('',#11970,#9984,#9985);
#8091=AXIS2_PLACEMENT_3D('',#11974,#9988,#9989);
#8092=AXIS2_PLACEMENT_3D('',#11978,#9992,#9993);
#8093=AXIS2_PLACEMENT_3D('',#11980,#9995,#9996);
#8094=AXIS2_PLACEMENT_3D('',#11981,#9997,#9998);
#8095=AXIS2_PLACEMENT_3D('',#11987,#10002,#10003);
#8096=AXIS2_PLACEMENT_3D('',#11991,#10006,#10007);
#8097=AXIS2_PLACEMENT_3D('',#11995,#10010,#10011);
#8098=AXIS2_PLACEMENT_3D('',#11997,#10013,#10014);
#8099=AXIS2_PLACEMENT_3D('',#11998,#10015,#10016);
#8100=AXIS2_PLACEMENT_3D('',#11999,#10017,#10018);
#8101=AXIS2_PLACEMENT_3D('',#12000,#10019,#10020);
#8102=AXIS2_PLACEMENT_3D('',#12001,#10021,#10022);
#8103=AXIS2_PLACEMENT_3D('',#12002,#10023,#10024);
#8104=AXIS2_PLACEMENT_3D('',#12003,#10025,#10026);
#8105=AXIS2_PLACEMENT_3D('',#12004,#10027,#10028);
#8106=AXIS2_PLACEMENT_3D('',#12005,#10029,#10030);
#8107=AXIS2_PLACEMENT_3D('',#12006,#10031,#10032);
#8108=AXIS2_PLACEMENT_3D('',#12007,#10033,#10034);
#8109=AXIS2_PLACEMENT_3D('',#12008,#10035,#10036);
#8110=AXIS2_PLACEMENT_3D('',#12009,#10037,#10038);
#8111=AXIS2_PLACEMENT_3D('',#12010,#10039,#10040);
#8112=AXIS2_PLACEMENT_3D('',#12011,#10041,#10042);
#8113=AXIS2_PLACEMENT_3D('',#12012,#10043,#10044);
#8114=AXIS2_PLACEMENT_3D('',#12013,#10045,#10046);
#8115=AXIS2_PLACEMENT_3D('',#12014,#10047,#10048);
#8116=AXIS2_PLACEMENT_3D('',#12015,#10049,#10050);
#8117=AXIS2_PLACEMENT_3D('',#12016,#10051,#10052);
#8118=AXIS2_PLACEMENT_3D('',#12017,#10053,#10054);
#8119=AXIS2_PLACEMENT_3D('',#12023,#10058,#10059);
#8120=AXIS2_PLACEMENT_3D('',#12027,#10062,#10063);
#8121=AXIS2_PLACEMENT_3D('',#12031,#10066,#10067);
#8122=AXIS2_PLACEMENT_3D('',#12033,#10069,#10070);
#8123=AXIS2_PLACEMENT_3D('',#12034,#10071,#10072);
#8124=AXIS2_PLACEMENT_3D('',#12040,#10076,#10077);
#8125=AXIS2_PLACEMENT_3D('',#12044,#10080,#10081);
#8126=AXIS2_PLACEMENT_3D('',#12048,#10084,#10085);
#8127=AXIS2_PLACEMENT_3D('',#12050,#10087,#10088);
#8128=AXIS2_PLACEMENT_3D('',#12051,#10089,#10090);
#8129=AXIS2_PLACEMENT_3D('',#12057,#10094,#10095);
#8130=AXIS2_PLACEMENT_3D('',#12061,#10098,#10099);
#8131=AXIS2_PLACEMENT_3D('',#12065,#10102,#10103);
#8132=AXIS2_PLACEMENT_3D('',#12067,#10105,#10106);
#8133=AXIS2_PLACEMENT_3D('',#12068,#10107,#10108);
#8134=AXIS2_PLACEMENT_3D('',#12074,#10112,#10113);
#8135=AXIS2_PLACEMENT_3D('',#12078,#10116,#10117);
#8136=AXIS2_PLACEMENT_3D('',#12082,#10120,#10121);
#8137=AXIS2_PLACEMENT_3D('',#12084,#10123,#10124);
#8138=AXIS2_PLACEMENT_3D('',#12085,#10125,#10126);
#8139=AXIS2_PLACEMENT_3D('',#12091,#10130,#10131);
#8140=AXIS2_PLACEMENT_3D('',#12095,#10134,#10135);
#8141=AXIS2_PLACEMENT_3D('',#12099,#10138,#10139);
#8142=AXIS2_PLACEMENT_3D('',#12101,#10141,#10142);
#8143=AXIS2_PLACEMENT_3D('',#12102,#10143,#10144);
#8144=AXIS2_PLACEMENT_3D('',#12108,#10148,#10149);
#8145=AXIS2_PLACEMENT_3D('',#12112,#10152,#10153);
#8146=AXIS2_PLACEMENT_3D('',#12116,#10156,#10157);
#8147=AXIS2_PLACEMENT_3D('',#12118,#10159,#10160);
#8148=AXIS2_PLACEMENT_3D('',#12119,#10161,#10162);
#8149=DIRECTION('axis',(0.,0.,1.));
#8150=DIRECTION('refdir',(1.,0.,0.));
#8151=DIRECTION('center_axis',(0.,-1.,0.));
#8152=DIRECTION('ref_axis',(0.,0.,-1.));
#8153=DIRECTION('center_axis',(0.,-1.,0.));
#8154=DIRECTION('ref_axis',(0.,0.,1.));
#8155=DIRECTION('',(0.,1.,0.));
#8156=DIRECTION('center_axis',(0.,-1.,0.));
#8157=DIRECTION('ref_axis',(0.,0.,1.));
#8158=DIRECTION('center_axis',(0.,-1.,0.));
#8159=DIRECTION('ref_axis',(0.,0.,-1.));
#8160=DIRECTION('center_axis',(0.,-1.,0.));
#8161=DIRECTION('ref_axis',(0.,0.,1.));
#8162=DIRECTION('',(0.,1.,0.));
#8163=DIRECTION('center_axis',(0.,-1.,0.));
#8164=DIRECTION('ref_axis',(0.,0.,1.));
#8165=DIRECTION('center_axis',(0.,-1.,0.));
#8166=DIRECTION('ref_axis',(0.,0.,-1.));
#8167=DIRECTION('center_axis',(0.,-1.,0.));
#8168=DIRECTION('ref_axis',(0.,0.,1.));
#8169=DIRECTION('',(0.,1.,0.));
#8170=DIRECTION('center_axis',(0.,-1.,0.));
#8171=DIRECTION('ref_axis',(0.,0.,1.));
#8172=DIRECTION('center_axis',(0.,-1.,0.));
#8173=DIRECTION('ref_axis',(0.,0.,-1.));
#8174=DIRECTION('center_axis',(0.,-1.,0.));
#8175=DIRECTION('ref_axis',(0.,0.,1.));
#8176=DIRECTION('',(0.,1.,0.));
#8177=DIRECTION('center_axis',(0.,-1.,0.));
#8178=DIRECTION('ref_axis',(0.,0.,1.));
#8179=DIRECTION('center_axis',(0.,-1.,0.));
#8180=DIRECTION('ref_axis',(0.,0.,-1.));
#8181=DIRECTION('center_axis',(0.,-1.,0.));
#8182=DIRECTION('ref_axis',(0.,0.,1.));
#8183=DIRECTION('',(0.,1.,0.));
#8184=DIRECTION('center_axis',(0.,-1.,0.));
#8185=DIRECTION('ref_axis',(0.,0.,1.));
#8186=DIRECTION('center_axis',(0.,-1.,0.));
#8187=DIRECTION('ref_axis',(0.,0.,-1.));
#8188=DIRECTION('center_axis',(0.,-1.,0.));
#8189=DIRECTION('ref_axis',(0.,0.,1.));
#8190=DIRECTION('',(0.,1.,0.));
#8191=DIRECTION('center_axis',(0.,-1.,0.));
#8192=DIRECTION('ref_axis',(0.,0.,1.));
#8193=DIRECTION('center_axis',(0.,-1.,0.));
#8194=DIRECTION('ref_axis',(0.,0.,-1.));
#8195=DIRECTION('center_axis',(0.,1.,0.));
#8196=DIRECTION('ref_axis',(0.,0.,-1.));
#8197=DIRECTION('',(0.,1.,0.));
#8198=DIRECTION('center_axis',(0.,1.,0.));
#8199=DIRECTION('ref_axis',(0.,0.,1.));
#8200=DIRECTION('center_axis',(0.,-1.,0.));
#8201=DIRECTION('ref_axis',(0.,0.,-1.));
#8202=DIRECTION('center_axis',(0.,1.,0.));
#8203=DIRECTION('ref_axis',(0.,0.,-1.));
#8204=DIRECTION('',(0.,1.,0.));
#8205=DIRECTION('center_axis',(0.,1.,0.));
#8206=DIRECTION('ref_axis',(0.,0.,1.));
#8207=DIRECTION('center_axis',(0.,-1.,0.));
#8208=DIRECTION('ref_axis',(0.,0.,-1.));
#8209=DIRECTION('center_axis',(0.,-1.,0.));
#8210=DIRECTION('ref_axis',(0.,0.,1.));
#8211=DIRECTION('',(0.,1.,0.));
#8212=DIRECTION('center_axis',(0.,-1.,0.));
#8213=DIRECTION('ref_axis',(0.,0.,1.));
#8214=DIRECTION('center_axis',(0.,-1.,0.));
#8215=DIRECTION('ref_axis',(0.,0.,-1.));
#8216=DIRECTION('center_axis',(0.,-1.,0.));
#8217=DIRECTION('ref_axis',(0.,0.,1.));
#8218=DIRECTION('',(0.,1.,0.));
#8219=DIRECTION('center_axis',(0.,-1.,0.));
#8220=DIRECTION('ref_axis',(0.,0.,1.));
#8221=DIRECTION('center_axis',(0.,-1.,0.));
#8222=DIRECTION('ref_axis',(0.,0.,-1.));
#8223=DIRECTION('center_axis',(0.,-1.,0.));
#8224=DIRECTION('ref_axis',(0.,0.,1.));
#8225=DIRECTION('',(0.,1.,0.));
#8226=DIRECTION('center_axis',(0.,-1.,0.));
#8227=DIRECTION('ref_axis',(0.,0.,1.));
#8228=DIRECTION('center_axis',(0.,-1.,0.));
#8229=DIRECTION('ref_axis',(0.,0.,-1.));
#8230=DIRECTION('center_axis',(0.,-1.,0.));
#8231=DIRECTION('ref_axis',(0.,0.,1.));
#8232=DIRECTION('',(0.,1.,0.));
#8233=DIRECTION('center_axis',(0.,-1.,0.));
#8234=DIRECTION('ref_axis',(0.,0.,1.));
#8235=DIRECTION('center_axis',(0.,-1.,0.));
#8236=DIRECTION('ref_axis',(0.,0.,-1.));
#8237=DIRECTION('center_axis',(0.,-1.,0.));
#8238=DIRECTION('ref_axis',(0.,0.,1.));
#8239=DIRECTION('',(0.,1.,0.));
#8240=DIRECTION('center_axis',(0.,-1.,0.));
#8241=DIRECTION('ref_axis',(0.,0.,1.));
#8242=DIRECTION('center_axis',(0.,-1.,0.));
#8243=DIRECTION('ref_axis',(0.,0.,-1.));
#8244=DIRECTION('center_axis',(0.,-1.,0.));
#8245=DIRECTION('ref_axis',(0.,0.,1.));
#8246=DIRECTION('',(0.,1.,0.));
#8247=DIRECTION('center_axis',(0.,-1.,0.));
#8248=DIRECTION('ref_axis',(0.,0.,1.));
#8249=DIRECTION('center_axis',(0.,-1.,0.));
#8250=DIRECTION('ref_axis',(0.,0.,-1.));
#8251=DIRECTION('center_axis',(0.,-1.,0.));
#8252=DIRECTION('ref_axis',(0.,0.,1.));
#8253=DIRECTION('',(0.,1.,0.));
#8254=DIRECTION('center_axis',(0.,-1.,0.));
#8255=DIRECTION('ref_axis',(0.,0.,1.));
#8256=DIRECTION('center_axis',(0.,-1.,0.));
#8257=DIRECTION('ref_axis',(0.,0.,-1.));
#8258=DIRECTION('center_axis',(0.,-1.,0.));
#8259=DIRECTION('ref_axis',(0.,0.,1.));
#8260=DIRECTION('',(0.,1.,0.));
#8261=DIRECTION('center_axis',(0.,-1.,0.));
#8262=DIRECTION('ref_axis',(0.,0.,1.));
#8263=DIRECTION('center_axis',(0.,-1.,0.));
#8264=DIRECTION('ref_axis',(0.,0.,-1.));
#8265=DIRECTION('center_axis',(0.,-1.,0.));
#8266=DIRECTION('ref_axis',(0.,0.,1.));
#8267=DIRECTION('',(0.,1.,0.));
#8268=DIRECTION('center_axis',(0.,-1.,0.));
#8269=DIRECTION('ref_axis',(0.,0.,1.));
#8270=DIRECTION('center_axis',(0.,-1.,0.));
#8271=DIRECTION('ref_axis',(0.,0.,-1.));
#8272=DIRECTION('center_axis',(0.,-1.,0.));
#8273=DIRECTION('ref_axis',(0.,0.,1.));
#8274=DIRECTION('',(0.,1.,0.));
#8275=DIRECTION('center_axis',(0.,-1.,0.));
#8276=DIRECTION('ref_axis',(0.,0.,1.));
#8277=DIRECTION('center_axis',(0.,-1.,0.));
#8278=DIRECTION('ref_axis',(0.,0.,-1.));
#8279=DIRECTION('center_axis',(0.,-1.,0.));
#8280=DIRECTION('ref_axis',(0.,0.,1.));
#8281=DIRECTION('',(0.,1.,0.));
#8282=DIRECTION('center_axis',(0.,-1.,0.));
#8283=DIRECTION('ref_axis',(0.,0.,1.));
#8284=DIRECTION('center_axis',(0.,-1.,0.));
#8285=DIRECTION('ref_axis',(0.,0.,-1.));
#8286=DIRECTION('center_axis',(0.,-1.,0.));
#8287=DIRECTION('ref_axis',(0.,0.,1.));
#8288=DIRECTION('',(0.,1.,0.));
#8289=DIRECTION('center_axis',(0.,-1.,0.));
#8290=DIRECTION('ref_axis',(0.,0.,1.));
#8291=DIRECTION('center_axis',(0.,-1.,0.));
#8292=DIRECTION('ref_axis',(0.,0.,-1.));
#8293=DIRECTION('center_axis',(0.,-1.,0.));
#8294=DIRECTION('ref_axis',(0.,0.,1.));
#8295=DIRECTION('',(0.,1.,0.));
#8296=DIRECTION('center_axis',(0.,-1.,0.));
#8297=DIRECTION('ref_axis',(0.,0.,1.));
#8298=DIRECTION('center_axis',(0.,-1.,0.));
#8299=DIRECTION('ref_axis',(0.,0.,-1.));
#8300=DIRECTION('center_axis',(0.,-1.,0.));
#8301=DIRECTION('ref_axis',(0.,0.,1.));
#8302=DIRECTION('',(0.,1.,0.));
#8303=DIRECTION('center_axis',(0.,-1.,0.));
#8304=DIRECTION('ref_axis',(0.,0.,1.));
#8305=DIRECTION('center_axis',(0.,-1.,0.));
#8306=DIRECTION('ref_axis',(0.,0.,-1.));
#8307=DIRECTION('center_axis',(0.,-1.,0.));
#8308=DIRECTION('ref_axis',(0.,0.,1.));
#8309=DIRECTION('',(0.,1.,0.));
#8310=DIRECTION('center_axis',(0.,-1.,0.));
#8311=DIRECTION('ref_axis',(0.,0.,1.));
#8312=DIRECTION('center_axis',(0.,-1.,0.));
#8313=DIRECTION('ref_axis',(0.,0.,-1.));
#8314=DIRECTION('center_axis',(0.,-1.,0.));
#8315=DIRECTION('ref_axis',(0.,0.,1.));
#8316=DIRECTION('',(0.,1.,0.));
#8317=DIRECTION('center_axis',(0.,-1.,0.));
#8318=DIRECTION('ref_axis',(0.,0.,1.));
#8319=DIRECTION('center_axis',(0.,-1.,0.));
#8320=DIRECTION('ref_axis',(0.,0.,-1.));
#8321=DIRECTION('center_axis',(0.,-1.,0.));
#8322=DIRECTION('ref_axis',(0.,0.,1.));
#8323=DIRECTION('',(0.,1.,0.));
#8324=DIRECTION('center_axis',(0.,-1.,0.));
#8325=DIRECTION('ref_axis',(0.,0.,1.));
#8326=DIRECTION('center_axis',(0.,-1.,0.));
#8327=DIRECTION('ref_axis',(0.,0.,-1.));
#8328=DIRECTION('center_axis',(0.,-1.,0.));
#8329=DIRECTION('ref_axis',(0.,0.,1.));
#8330=DIRECTION('',(0.,1.,0.));
#8331=DIRECTION('center_axis',(0.,-1.,0.));
#8332=DIRECTION('ref_axis',(0.,0.,1.));
#8333=DIRECTION('center_axis',(0.,-1.,0.));
#8334=DIRECTION('ref_axis',(0.,0.,-1.));
#8335=DIRECTION('center_axis',(0.,-1.,0.));
#8336=DIRECTION('ref_axis',(0.,0.,1.));
#8337=DIRECTION('',(0.,1.,0.));
#8338=DIRECTION('center_axis',(0.,-1.,0.));
#8339=DIRECTION('ref_axis',(0.,0.,1.));
#8340=DIRECTION('center_axis',(0.,-1.,0.));
#8341=DIRECTION('ref_axis',(0.,0.,-1.));
#8342=DIRECTION('center_axis',(0.,-1.,0.));
#8343=DIRECTION('ref_axis',(0.,0.,1.));
#8344=DIRECTION('',(0.,1.,0.));
#8345=DIRECTION('center_axis',(0.,-1.,0.));
#8346=DIRECTION('ref_axis',(0.,0.,1.));
#8347=DIRECTION('center_axis',(0.,-1.,0.));
#8348=DIRECTION('ref_axis',(0.,0.,-1.));
#8349=DIRECTION('center_axis',(0.,-1.,0.));
#8350=DIRECTION('ref_axis',(0.,0.,1.));
#8351=DIRECTION('',(0.,1.,0.));
#8352=DIRECTION('center_axis',(0.,-1.,0.));
#8353=DIRECTION('ref_axis',(0.,0.,1.));
#8354=DIRECTION('center_axis',(0.,-1.,0.));
#8355=DIRECTION('ref_axis',(0.,0.,-1.));
#8356=DIRECTION('center_axis',(0.,-1.,0.));
#8357=DIRECTION('ref_axis',(0.,0.,1.));
#8358=DIRECTION('',(0.,1.,0.));
#8359=DIRECTION('center_axis',(0.,-1.,0.));
#8360=DIRECTION('ref_axis',(0.,0.,1.));
#8361=DIRECTION('center_axis',(0.,-1.,0.));
#8362=DIRECTION('ref_axis',(0.,0.,-1.));
#8363=DIRECTION('center_axis',(0.,-1.,0.));
#8364=DIRECTION('ref_axis',(0.,0.,1.));
#8365=DIRECTION('',(0.,1.,0.));
#8366=DIRECTION('center_axis',(0.,-1.,0.));
#8367=DIRECTION('ref_axis',(0.,0.,1.));
#8368=DIRECTION('center_axis',(0.,-1.,0.));
#8369=DIRECTION('ref_axis',(0.,0.,-1.));
#8370=DIRECTION('center_axis',(0.,-1.,0.));
#8371=DIRECTION('ref_axis',(0.,0.,1.));
#8372=DIRECTION('',(0.,1.,0.));
#8373=DIRECTION('center_axis',(0.,-1.,0.));
#8374=DIRECTION('ref_axis',(0.,0.,1.));
#8375=DIRECTION('center_axis',(0.,-1.,0.));
#8376=DIRECTION('ref_axis',(0.,0.,-1.));
#8377=DIRECTION('center_axis',(0.,-1.,0.));
#8378=DIRECTION('ref_axis',(0.,0.,1.));
#8379=DIRECTION('',(0.,1.,0.));
#8380=DIRECTION('center_axis',(0.,-1.,0.));
#8381=DIRECTION('ref_axis',(0.,0.,1.));
#8382=DIRECTION('center_axis',(0.,-1.,0.));
#8383=DIRECTION('ref_axis',(0.,0.,-1.));
#8384=DIRECTION('center_axis',(0.,1.,0.));
#8385=DIRECTION('ref_axis',(0.,0.,-1.));
#8386=DIRECTION('',(0.,1.,0.));
#8387=DIRECTION('center_axis',(0.,1.,0.));
#8388=DIRECTION('ref_axis',(0.,0.,1.));
#8389=DIRECTION('center_axis',(0.,-1.,0.));
#8390=DIRECTION('ref_axis',(0.,0.,-1.));
#8391=DIRECTION('center_axis',(0.,-1.,0.));
#8392=DIRECTION('ref_axis',(0.,0.,1.));
#8393=DIRECTION('',(0.,1.,0.));
#8394=DIRECTION('center_axis',(0.,-1.,0.));
#8395=DIRECTION('ref_axis',(0.,0.,1.));
#8396=DIRECTION('center_axis',(0.,-1.,0.));
#8397=DIRECTION('ref_axis',(0.,0.,-1.));
#8398=DIRECTION('center_axis',(0.,1.,0.));
#8399=DIRECTION('ref_axis',(0.,0.,-1.));
#8400=DIRECTION('',(0.,1.,0.));
#8401=DIRECTION('center_axis',(0.,1.,0.));
#8402=DIRECTION('ref_axis',(0.,0.,1.));
#8403=DIRECTION('center_axis',(0.,-1.,0.));
#8404=DIRECTION('ref_axis',(0.,0.,-1.));
#8405=DIRECTION('center_axis',(0.,1.,0.));
#8406=DIRECTION('ref_axis',(0.,0.,-1.));
#8407=DIRECTION('',(0.,1.,0.));
#8408=DIRECTION('center_axis',(0.,1.,0.));
#8409=DIRECTION('ref_axis',(0.,0.,1.));
#8410=DIRECTION('center_axis',(0.,-1.,0.));
#8411=DIRECTION('ref_axis',(0.,0.,-1.));
#8412=DIRECTION('center_axis',(0.,1.,0.));
#8413=DIRECTION('ref_axis',(0.,0.,-1.));
#8414=DIRECTION('',(0.,1.,0.));
#8415=DIRECTION('center_axis',(0.,1.,0.));
#8416=DIRECTION('ref_axis',(0.,0.,1.));
#8417=DIRECTION('center_axis',(0.,-1.,0.));
#8418=DIRECTION('ref_axis',(0.,0.,-1.));
#8419=DIRECTION('center_axis',(0.,1.,0.));
#8420=DIRECTION('ref_axis',(0.,0.,-1.));
#8421=DIRECTION('',(0.,1.,0.));
#8422=DIRECTION('center_axis',(0.,1.,0.));
#8423=DIRECTION('ref_axis',(0.,0.,1.));
#8424=DIRECTION('center_axis',(0.,-1.,0.));
#8425=DIRECTION('ref_axis',(0.,0.,-1.));
#8426=DIRECTION('center_axis',(0.,1.,0.));
#8427=DIRECTION('ref_axis',(0.,0.,-1.));
#8428=DIRECTION('',(0.,1.,0.));
#8429=DIRECTION('center_axis',(0.,1.,0.));
#8430=DIRECTION('ref_axis',(0.,0.,1.));
#8431=DIRECTION('center_axis',(0.,-1.,0.));
#8432=DIRECTION('ref_axis',(0.,0.,-1.));
#8433=DIRECTION('center_axis',(0.,1.,0.));
#8434=DIRECTION('ref_axis',(0.,0.,-1.));
#8435=DIRECTION('',(0.,1.,0.));
#8436=DIRECTION('center_axis',(0.,1.,0.));
#8437=DIRECTION('ref_axis',(0.,0.,1.));
#8438=DIRECTION('center_axis',(0.,-1.,0.));
#8439=DIRECTION('ref_axis',(0.,0.,-1.));
#8440=DIRECTION('center_axis',(0.,1.,0.));
#8441=DIRECTION('ref_axis',(0.,0.,-1.));
#8442=DIRECTION('',(0.,1.,0.));
#8443=DIRECTION('center_axis',(0.,1.,0.));
#8444=DIRECTION('ref_axis',(0.,0.,1.));
#8445=DIRECTION('center_axis',(0.,-1.,0.));
#8446=DIRECTION('ref_axis',(0.,0.,-1.));
#8447=DIRECTION('center_axis',(0.,1.,0.));
#8448=DIRECTION('ref_axis',(0.,0.,-1.));
#8449=DIRECTION('',(0.,1.,0.));
#8450=DIRECTION('center_axis',(0.,1.,0.));
#8451=DIRECTION('ref_axis',(0.,0.,1.));
#8452=DIRECTION('center_axis',(0.,-1.,0.));
#8453=DIRECTION('ref_axis',(0.,0.,-1.));
#8454=DIRECTION('center_axis',(0.,1.,0.));
#8455=DIRECTION('ref_axis',(0.,0.,-1.));
#8456=DIRECTION('',(0.,1.,0.));
#8457=DIRECTION('center_axis',(0.,1.,0.));
#8458=DIRECTION('ref_axis',(0.,0.,1.));
#8459=DIRECTION('center_axis',(0.,-1.,0.));
#8460=DIRECTION('ref_axis',(0.,0.,-1.));
#8461=DIRECTION('center_axis',(0.,1.,0.));
#8462=DIRECTION('ref_axis',(0.,0.,-1.));
#8463=DIRECTION('',(0.,1.,0.));
#8464=DIRECTION('center_axis',(0.,1.,0.));
#8465=DIRECTION('ref_axis',(0.,0.,1.));
#8466=DIRECTION('center_axis',(0.,-1.,0.));
#8467=DIRECTION('ref_axis',(0.,0.,-1.));
#8468=DIRECTION('center_axis',(0.,1.,0.));
#8469=DIRECTION('ref_axis',(0.,0.,-1.));
#8470=DIRECTION('',(0.,1.,0.));
#8471=DIRECTION('center_axis',(0.,1.,0.));
#8472=DIRECTION('ref_axis',(0.,0.,1.));
#8473=DIRECTION('center_axis',(0.,-1.,0.));
#8474=DIRECTION('ref_axis',(0.,0.,-1.));
#8475=DIRECTION('center_axis',(0.,1.,0.));
#8476=DIRECTION('ref_axis',(0.,0.,-1.));
#8477=DIRECTION('',(0.,1.,0.));
#8478=DIRECTION('center_axis',(0.,1.,0.));
#8479=DIRECTION('ref_axis',(0.,0.,1.));
#8480=DIRECTION('center_axis',(0.,-1.,0.));
#8481=DIRECTION('ref_axis',(0.,0.,-1.));
#8482=DIRECTION('center_axis',(0.,1.,0.));
#8483=DIRECTION('ref_axis',(0.,0.,-1.));
#8484=DIRECTION('',(0.,1.,0.));
#8485=DIRECTION('center_axis',(0.,1.,0.));
#8486=DIRECTION('ref_axis',(0.,0.,1.));
#8487=DIRECTION('center_axis',(0.,-1.,0.));
#8488=DIRECTION('ref_axis',(0.,0.,-1.));
#8489=DIRECTION('center_axis',(0.,1.,0.));
#8490=DIRECTION('ref_axis',(0.,0.,-1.));
#8491=DIRECTION('',(0.,1.,0.));
#8492=DIRECTION('center_axis',(0.,1.,0.));
#8493=DIRECTION('ref_axis',(0.,0.,1.));
#8494=DIRECTION('center_axis',(0.,-1.,0.));
#8495=DIRECTION('ref_axis',(0.,0.,-1.));
#8496=DIRECTION('center_axis',(0.,1.,0.));
#8497=DIRECTION('ref_axis',(0.,0.,-1.));
#8498=DIRECTION('',(0.,1.,0.));
#8499=DIRECTION('center_axis',(0.,1.,0.));
#8500=DIRECTION('ref_axis',(0.,0.,1.));
#8501=DIRECTION('center_axis',(0.,-1.,0.));
#8502=DIRECTION('ref_axis',(0.,0.,-1.));
#8503=DIRECTION('center_axis',(0.,1.,0.));
#8504=DIRECTION('ref_axis',(0.,0.,-1.));
#8505=DIRECTION('',(0.,1.,0.));
#8506=DIRECTION('center_axis',(0.,1.,0.));
#8507=DIRECTION('ref_axis',(0.,0.,1.));
#8508=DIRECTION('center_axis',(0.,-1.,0.));
#8509=DIRECTION('ref_axis',(0.,0.,-1.));
#8510=DIRECTION('center_axis',(0.,1.,0.));
#8511=DIRECTION('ref_axis',(0.,0.,-1.));
#8512=DIRECTION('',(0.,1.,0.));
#8513=DIRECTION('center_axis',(0.,1.,0.));
#8514=DIRECTION('ref_axis',(0.,0.,1.));
#8515=DIRECTION('center_axis',(0.,-1.,0.));
#8516=DIRECTION('ref_axis',(0.,0.,-1.));
#8517=DIRECTION('center_axis',(0.,1.,0.));
#8518=DIRECTION('ref_axis',(0.,0.,-1.));
#8519=DIRECTION('',(0.,1.,0.));
#8520=DIRECTION('center_axis',(0.,1.,0.));
#8521=DIRECTION('ref_axis',(0.,0.,1.));
#8522=DIRECTION('center_axis',(0.,-1.,0.));
#8523=DIRECTION('ref_axis',(0.,0.,-1.));
#8524=DIRECTION('center_axis',(0.,1.,0.));
#8525=DIRECTION('ref_axis',(0.,0.,-1.));
#8526=DIRECTION('',(0.,1.,0.));
#8527=DIRECTION('center_axis',(0.,1.,0.));
#8528=DIRECTION('ref_axis',(0.,0.,1.));
#8529=DIRECTION('center_axis',(0.,-1.,0.));
#8530=DIRECTION('ref_axis',(0.,0.,-1.));
#8531=DIRECTION('center_axis',(0.,1.,0.));
#8532=DIRECTION('ref_axis',(0.,0.,-1.));
#8533=DIRECTION('',(0.,1.,0.));
#8534=DIRECTION('center_axis',(0.,1.,0.));
#8535=DIRECTION('ref_axis',(0.,0.,1.));
#8536=DIRECTION('center_axis',(0.,-1.,0.));
#8537=DIRECTION('ref_axis',(0.,0.,-1.));
#8538=DIRECTION('center_axis',(0.,1.,0.));
#8539=DIRECTION('ref_axis',(0.,0.,-1.));
#8540=DIRECTION('',(0.,1.,0.));
#8541=DIRECTION('center_axis',(0.,1.,0.));
#8542=DIRECTION('ref_axis',(0.,0.,1.));
#8543=DIRECTION('center_axis',(0.,-1.,0.));
#8544=DIRECTION('ref_axis',(0.,0.,-1.));
#8545=DIRECTION('center_axis',(0.,1.,0.));
#8546=DIRECTION('ref_axis',(0.,0.,-1.));
#8547=DIRECTION('',(0.,1.,0.));
#8548=DIRECTION('center_axis',(0.,1.,0.));
#8549=DIRECTION('ref_axis',(0.,0.,1.));
#8550=DIRECTION('center_axis',(0.,-1.,0.));
#8551=DIRECTION('ref_axis',(0.,0.,-1.));
#8552=DIRECTION('center_axis',(0.,1.,0.));
#8553=DIRECTION('ref_axis',(0.,0.,-1.));
#8554=DIRECTION('',(0.,1.,0.));
#8555=DIRECTION('center_axis',(0.,1.,0.));
#8556=DIRECTION('ref_axis',(0.,0.,1.));
#8557=DIRECTION('center_axis',(0.,-1.,0.));
#8558=DIRECTION('ref_axis',(0.,0.,-1.));
#8559=DIRECTION('center_axis',(0.,1.,0.));
#8560=DIRECTION('ref_axis',(0.,0.,-1.));
#8561=DIRECTION('',(0.,1.,0.));
#8562=DIRECTION('center_axis',(0.,1.,0.));
#8563=DIRECTION('ref_axis',(0.,0.,1.));
#8564=DIRECTION('center_axis',(0.,-1.,0.));
#8565=DIRECTION('ref_axis',(0.,0.,-1.));
#8566=DIRECTION('center_axis',(0.,1.,0.));
#8567=DIRECTION('ref_axis',(0.,0.,-1.));
#8568=DIRECTION('',(0.,1.,0.));
#8569=DIRECTION('center_axis',(0.,1.,0.));
#8570=DIRECTION('ref_axis',(0.,0.,1.));
#8571=DIRECTION('center_axis',(0.,-1.,0.));
#8572=DIRECTION('ref_axis',(0.,0.,-1.));
#8573=DIRECTION('center_axis',(0.,1.,0.));
#8574=DIRECTION('ref_axis',(0.,0.,-1.));
#8575=DIRECTION('',(0.,1.,0.));
#8576=DIRECTION('center_axis',(0.,1.,0.));
#8577=DIRECTION('ref_axis',(0.,0.,1.));
#8578=DIRECTION('center_axis',(0.,-1.,0.));
#8579=DIRECTION('ref_axis',(0.,0.,-1.));
#8580=DIRECTION('center_axis',(0.,1.,0.));
#8581=DIRECTION('ref_axis',(0.,0.,-1.));
#8582=DIRECTION('',(0.,1.,0.));
#8583=DIRECTION('center_axis',(0.,1.,0.));
#8584=DIRECTION('ref_axis',(0.,0.,1.));
#8585=DIRECTION('center_axis',(0.,1.,0.));
#8586=DIRECTION('ref_axis',(0.,0.,1.));
#8587=DIRECTION('center_axis',(0.,-1.,0.));
#8588=DIRECTION('ref_axis',(0.,0.,-1.));
#8589=DIRECTION('',(0.,1.,0.));
#8590=DIRECTION('center_axis',(0.,-1.,0.));
#8591=DIRECTION('ref_axis',(0.,0.,1.));
#8592=DIRECTION('center_axis',(0.,1.,0.));
#8593=DIRECTION('ref_axis',(0.,0.,1.));
#8594=DIRECTION('center_axis',(0.,-1.,0.));
#8595=DIRECTION('ref_axis',(0.,0.,-1.));
#8596=DIRECTION('',(0.,1.,0.));
#8597=DIRECTION('center_axis',(0.,-1.,0.));
#8598=DIRECTION('ref_axis',(0.,0.,1.));
#8599=DIRECTION('center_axis',(0.,1.,0.));
#8600=DIRECTION('ref_axis',(0.,0.,1.));
#8601=DIRECTION('center_axis',(0.,-1.,0.));
#8602=DIRECTION('ref_axis',(0.,0.,-1.));
#8603=DIRECTION('',(0.,1.,0.));
#8604=DIRECTION('center_axis',(0.,-1.,0.));
#8605=DIRECTION('ref_axis',(0.,0.,1.));
#8606=DIRECTION('center_axis',(0.,1.,0.));
#8607=DIRECTION('ref_axis',(0.,0.,1.));
#8608=DIRECTION('center_axis',(0.,-1.,0.));
#8609=DIRECTION('ref_axis',(0.,0.,-1.));
#8610=DIRECTION('',(0.,1.,0.));
#8611=DIRECTION('center_axis',(0.,-1.,0.));
#8612=DIRECTION('ref_axis',(0.,0.,1.));
#8613=DIRECTION('center_axis',(0.,1.,0.));
#8614=DIRECTION('ref_axis',(0.,0.,1.));
#8615=DIRECTION('center_axis',(0.,1.,0.));
#8616=DIRECTION('ref_axis',(0.,0.,1.));
#8617=DIRECTION('',(0.,1.,0.));
#8618=DIRECTION('center_axis',(0.,1.,0.));
#8619=DIRECTION('ref_axis',(0.,0.,1.));
#8620=DIRECTION('center_axis',(0.,1.,0.));
#8621=DIRECTION('ref_axis',(0.,0.,1.));
#8622=DIRECTION('center_axis',(0.,1.,0.));
#8623=DIRECTION('ref_axis',(0.,0.,1.));
#8624=DIRECTION('',(0.,1.,0.));
#8625=DIRECTION('center_axis',(0.,1.,0.));
#8626=DIRECTION('ref_axis',(0.,0.,1.));
#8627=DIRECTION('center_axis',(0.,1.,0.));
#8628=DIRECTION('ref_axis',(0.,0.,1.));
#8629=DIRECTION('center_axis',(0.,-1.,0.));
#8630=DIRECTION('ref_axis',(0.,0.,-1.));
#8631=DIRECTION('',(0.,1.,0.));
#8632=DIRECTION('center_axis',(0.,-1.,0.));
#8633=DIRECTION('ref_axis',(0.,0.,1.));
#8634=DIRECTION('center_axis',(0.,1.,0.));
#8635=DIRECTION('ref_axis',(0.,0.,1.));
#8636=DIRECTION('center_axis',(0.,1.,0.));
#8637=DIRECTION('ref_axis',(0.,0.,1.));
#8638=DIRECTION('',(0.,1.,0.));
#8639=DIRECTION('center_axis',(0.,1.,0.));
#8640=DIRECTION('ref_axis',(0.,0.,1.));
#8641=DIRECTION('center_axis',(0.,1.,0.));
#8642=DIRECTION('ref_axis',(0.,0.,1.));
#8643=DIRECTION('center_axis',(0.,1.,0.));
#8644=DIRECTION('ref_axis',(0.,0.,1.));
#8645=DIRECTION('',(0.,1.,0.));
#8646=DIRECTION('center_axis',(0.,1.,0.));
#8647=DIRECTION('ref_axis',(0.,0.,1.));
#8648=DIRECTION('center_axis',(0.,1.,0.));
#8649=DIRECTION('ref_axis',(0.,0.,1.));
#8650=DIRECTION('center_axis',(0.,1.,0.));
#8651=DIRECTION('ref_axis',(0.,0.,1.));
#8652=DIRECTION('',(0.,1.,0.));
#8653=DIRECTION('center_axis',(0.,1.,0.));
#8654=DIRECTION('ref_axis',(0.,0.,1.));
#8655=DIRECTION('center_axis',(0.,1.,0.));
#8656=DIRECTION('ref_axis',(0.,0.,1.));
#8657=DIRECTION('center_axis',(0.,1.,0.));
#8658=DIRECTION('ref_axis',(0.,0.,1.));
#8659=DIRECTION('',(0.,1.,0.));
#8660=DIRECTION('center_axis',(0.,1.,0.));
#8661=DIRECTION('ref_axis',(0.,0.,1.));
#8662=DIRECTION('center_axis',(0.,1.,0.));
#8663=DIRECTION('ref_axis',(0.,0.,1.));
#8664=DIRECTION('center_axis',(0.,1.,0.));
#8665=DIRECTION('ref_axis',(0.,0.,1.));
#8666=DIRECTION('',(0.,1.,0.));
#8667=DIRECTION('center_axis',(0.,1.,0.));
#8668=DIRECTION('ref_axis',(0.,0.,1.));
#8669=DIRECTION('center_axis',(0.,1.,0.));
#8670=DIRECTION('ref_axis',(0.,0.,1.));
#8671=DIRECTION('center_axis',(0.,1.,0.));
#8672=DIRECTION('ref_axis',(0.,0.,1.));
#8673=DIRECTION('',(0.,1.,0.));
#8674=DIRECTION('center_axis',(0.,1.,0.));
#8675=DIRECTION('ref_axis',(0.,0.,1.));
#8676=DIRECTION('center_axis',(0.,1.,0.));
#8677=DIRECTION('ref_axis',(0.,0.,1.));
#8678=DIRECTION('center_axis',(0.,1.,0.));
#8679=DIRECTION('ref_axis',(0.,0.,1.));
#8680=DIRECTION('',(0.,1.,0.));
#8681=DIRECTION('center_axis',(0.,1.,0.));
#8682=DIRECTION('ref_axis',(0.,0.,1.));
#8683=DIRECTION('center_axis',(0.,1.,0.));
#8684=DIRECTION('ref_axis',(0.,0.,1.));
#8685=DIRECTION('center_axis',(0.,1.,0.));
#8686=DIRECTION('ref_axis',(0.,0.,1.));
#8687=DIRECTION('',(0.,1.,0.));
#8688=DIRECTION('center_axis',(0.,1.,0.));
#8689=DIRECTION('ref_axis',(0.,0.,1.));
#8690=DIRECTION('center_axis',(0.,1.,0.));
#8691=DIRECTION('ref_axis',(0.,0.,1.));
#8692=DIRECTION('center_axis',(0.,1.,0.));
#8693=DIRECTION('ref_axis',(0.,0.,1.));
#8694=DIRECTION('',(0.,1.,0.));
#8695=DIRECTION('center_axis',(0.,1.,0.));
#8696=DIRECTION('ref_axis',(0.,0.,1.));
#8697=DIRECTION('center_axis',(0.,1.,0.));
#8698=DIRECTION('ref_axis',(0.,0.,1.));
#8699=DIRECTION('center_axis',(0.,1.,0.));
#8700=DIRECTION('ref_axis',(0.,0.,1.));
#8701=DIRECTION('',(0.,1.,0.));
#8702=DIRECTION('center_axis',(0.,1.,0.));
#8703=DIRECTION('ref_axis',(0.,0.,1.));
#8704=DIRECTION('center_axis',(0.,1.,0.));
#8705=DIRECTION('ref_axis',(0.,0.,1.));
#8706=DIRECTION('center_axis',(0.,1.,0.));
#8707=DIRECTION('ref_axis',(0.,0.,1.));
#8708=DIRECTION('',(0.,1.,0.));
#8709=DIRECTION('center_axis',(0.,1.,0.));
#8710=DIRECTION('ref_axis',(0.,0.,1.));
#8711=DIRECTION('center_axis',(0.,1.,0.));
#8712=DIRECTION('ref_axis',(0.,0.,1.));
#8713=DIRECTION('center_axis',(0.,1.,0.));
#8714=DIRECTION('ref_axis',(0.,0.,1.));
#8715=DIRECTION('',(0.,1.,0.));
#8716=DIRECTION('center_axis',(0.,1.,0.));
#8717=DIRECTION('ref_axis',(0.,0.,1.));
#8718=DIRECTION('center_axis',(0.,1.,0.));
#8719=DIRECTION('ref_axis',(0.,0.,1.));
#8720=DIRECTION('center_axis',(0.,1.,0.));
#8721=DIRECTION('ref_axis',(0.,0.,1.));
#8722=DIRECTION('',(0.,1.,0.));
#8723=DIRECTION('center_axis',(0.,1.,0.));
#8724=DIRECTION('ref_axis',(0.,0.,1.));
#8725=DIRECTION('center_axis',(0.,1.,0.));
#8726=DIRECTION('ref_axis',(0.,0.,1.));
#8727=DIRECTION('center_axis',(0.,1.,0.));
#8728=DIRECTION('ref_axis',(0.,0.,1.));
#8729=DIRECTION('',(0.,1.,0.));
#8730=DIRECTION('center_axis',(0.,1.,0.));
#8731=DIRECTION('ref_axis',(0.,0.,1.));
#8732=DIRECTION('center_axis',(0.,1.,0.));
#8733=DIRECTION('ref_axis',(0.,0.,1.));
#8734=DIRECTION('center_axis',(0.,1.,0.));
#8735=DIRECTION('ref_axis',(0.,0.,1.));
#8736=DIRECTION('',(0.,1.,0.));
#8737=DIRECTION('center_axis',(0.,1.,0.));
#8738=DIRECTION('ref_axis',(0.,0.,1.));
#8739=DIRECTION('center_axis',(0.,1.,0.));
#8740=DIRECTION('ref_axis',(0.,0.,1.));
#8741=DIRECTION('center_axis',(0.,1.,0.));
#8742=DIRECTION('ref_axis',(0.,0.,1.));
#8743=DIRECTION('',(0.,1.,0.));
#8744=DIRECTION('center_axis',(0.,1.,0.));
#8745=DIRECTION('ref_axis',(0.,0.,1.));
#8746=DIRECTION('center_axis',(0.,1.,0.));
#8747=DIRECTION('ref_axis',(0.,0.,1.));
#8748=DIRECTION('center_axis',(0.,1.,0.));
#8749=DIRECTION('ref_axis',(0.,0.,1.));
#8750=DIRECTION('',(0.,1.,0.));
#8751=DIRECTION('center_axis',(0.,1.,0.));
#8752=DIRECTION('ref_axis',(0.,0.,1.));
#8753=DIRECTION('center_axis',(0.,1.,0.));
#8754=DIRECTION('ref_axis',(0.,0.,1.));
#8755=DIRECTION('center_axis',(0.,1.,0.));
#8756=DIRECTION('ref_axis',(0.,0.,1.));
#8757=DIRECTION('',(0.,1.,0.));
#8758=DIRECTION('center_axis',(0.,1.,0.));
#8759=DIRECTION('ref_axis',(0.,0.,1.));
#8760=DIRECTION('center_axis',(0.,1.,0.));
#8761=DIRECTION('ref_axis',(0.,0.,1.));
#8762=DIRECTION('center_axis',(0.,1.,0.));
#8763=DIRECTION('ref_axis',(0.,0.,1.));
#8764=DIRECTION('',(0.,1.,0.));
#8765=DIRECTION('center_axis',(0.,1.,0.));
#8766=DIRECTION('ref_axis',(0.,0.,1.));
#8767=DIRECTION('center_axis',(0.,1.,0.));
#8768=DIRECTION('ref_axis',(0.,0.,1.));
#8769=DIRECTION('center_axis',(0.,1.,0.));
#8770=DIRECTION('ref_axis',(0.,0.,1.));
#8771=DIRECTION('',(0.,1.,0.));
#8772=DIRECTION('center_axis',(0.,1.,0.));
#8773=DIRECTION('ref_axis',(0.,0.,1.));
#8774=DIRECTION('center_axis',(0.,1.,0.));
#8775=DIRECTION('ref_axis',(0.,0.,1.));
#8776=DIRECTION('center_axis',(0.,1.,0.));
#8777=DIRECTION('ref_axis',(0.,0.,1.));
#8778=DIRECTION('',(0.,1.,0.));
#8779=DIRECTION('center_axis',(0.,1.,0.));
#8780=DIRECTION('ref_axis',(0.,0.,1.));
#8781=DIRECTION('center_axis',(0.,1.,0.));
#8782=DIRECTION('ref_axis',(0.,0.,1.));
#8783=DIRECTION('center_axis',(0.,1.,0.));
#8784=DIRECTION('ref_axis',(0.,0.,1.));
#8785=DIRECTION('',(0.,1.,0.));
#8786=DIRECTION('center_axis',(0.,1.,0.));
#8787=DIRECTION('ref_axis',(0.,0.,1.));
#8788=DIRECTION('center_axis',(0.,1.,0.));
#8789=DIRECTION('ref_axis',(0.,0.,1.));
#8790=DIRECTION('center_axis',(0.,1.,0.));
#8791=DIRECTION('ref_axis',(0.,0.,1.));
#8792=DIRECTION('',(0.,1.,0.));
#8793=DIRECTION('center_axis',(0.,1.,0.));
#8794=DIRECTION('ref_axis',(0.,0.,1.));
#8795=DIRECTION('center_axis',(0.,1.,0.));
#8796=DIRECTION('ref_axis',(0.,0.,1.));
#8797=DIRECTION('center_axis',(0.,1.,0.));
#8798=DIRECTION('ref_axis',(0.,0.,1.));
#8799=DIRECTION('',(0.,1.,0.));
#8800=DIRECTION('center_axis',(0.,1.,0.));
#8801=DIRECTION('ref_axis',(0.,0.,1.));
#8802=DIRECTION('center_axis',(0.,1.,0.));
#8803=DIRECTION('ref_axis',(0.,0.,1.));
#8804=DIRECTION('center_axis',(0.,1.,0.));
#8805=DIRECTION('ref_axis',(0.,0.,1.));
#8806=DIRECTION('',(0.,1.,0.));
#8807=DIRECTION('center_axis',(0.,1.,0.));
#8808=DIRECTION('ref_axis',(0.,0.,1.));
#8809=DIRECTION('center_axis',(0.,1.,0.));
#8810=DIRECTION('ref_axis',(0.,0.,1.));
#8811=DIRECTION('center_axis',(0.,1.,0.));
#8812=DIRECTION('ref_axis',(0.,0.,1.));
#8813=DIRECTION('',(0.,1.,0.));
#8814=DIRECTION('center_axis',(0.,1.,0.));
#8815=DIRECTION('ref_axis',(0.,0.,1.));
#8816=DIRECTION('center_axis',(0.,1.,0.));
#8817=DIRECTION('ref_axis',(0.,0.,1.));
#8818=DIRECTION('center_axis',(0.,1.,0.));
#8819=DIRECTION('ref_axis',(0.,0.,1.));
#8820=DIRECTION('',(0.,1.,0.));
#8821=DIRECTION('center_axis',(0.,1.,0.));
#8822=DIRECTION('ref_axis',(0.,0.,1.));
#8823=DIRECTION('center_axis',(0.,1.,0.));
#8824=DIRECTION('ref_axis',(0.,0.,1.));
#8825=DIRECTION('center_axis',(0.,1.,0.));
#8826=DIRECTION('ref_axis',(0.,0.,1.));
#8827=DIRECTION('',(0.,1.,0.));
#8828=DIRECTION('center_axis',(0.,1.,0.));
#8829=DIRECTION('ref_axis',(0.,0.,1.));
#8830=DIRECTION('center_axis',(0.,1.,0.));
#8831=DIRECTION('ref_axis',(0.,0.,1.));
#8832=DIRECTION('center_axis',(0.,-1.,0.));
#8833=DIRECTION('ref_axis',(0.,0.,-1.));
#8834=DIRECTION('',(0.,1.,0.));
#8835=DIRECTION('center_axis',(0.,-1.,0.));
#8836=DIRECTION('ref_axis',(0.,0.,1.));
#8837=DIRECTION('center_axis',(0.,1.,0.));
#8838=DIRECTION('ref_axis',(0.,0.,1.));
#8839=DIRECTION('center_axis',(0.,-1.,0.));
#8840=DIRECTION('ref_axis',(0.,0.,-1.));
#8841=DIRECTION('',(0.,1.,0.));
#8842=DIRECTION('center_axis',(0.,-1.,0.));
#8843=DIRECTION('ref_axis',(0.,0.,1.));
#8844=DIRECTION('center_axis',(0.,1.,0.));
#8845=DIRECTION('ref_axis',(0.,0.,1.));
#8846=DIRECTION('center_axis',(0.,-1.,0.));
#8847=DIRECTION('ref_axis',(0.,0.,-1.));
#8848=DIRECTION('',(0.,1.,0.));
#8849=DIRECTION('center_axis',(0.,-1.,0.));
#8850=DIRECTION('ref_axis',(0.,0.,1.));
#8851=DIRECTION('center_axis',(0.,1.,0.));
#8852=DIRECTION('ref_axis',(0.,0.,1.));
#8853=DIRECTION('center_axis',(0.,-1.,0.));
#8854=DIRECTION('ref_axis',(0.,0.,-1.));
#8855=DIRECTION('',(0.,1.,0.));
#8856=DIRECTION('center_axis',(0.,-1.,0.));
#8857=DIRECTION('ref_axis',(0.,0.,1.));
#8858=DIRECTION('center_axis',(0.,1.,0.));
#8859=DIRECTION('ref_axis',(0.,0.,1.));
#8860=DIRECTION('center_axis',(0.,-1.,0.));
#8861=DIRECTION('ref_axis',(0.,0.,-1.));
#8862=DIRECTION('',(0.,1.,0.));
#8863=DIRECTION('center_axis',(0.,-1.,0.));
#8864=DIRECTION('ref_axis',(0.,0.,1.));
#8865=DIRECTION('center_axis',(0.,1.,0.));
#8866=DIRECTION('ref_axis',(0.,0.,1.));
#8867=DIRECTION('center_axis',(0.,-1.,0.));
#8868=DIRECTION('ref_axis',(0.,0.,-1.));
#8869=DIRECTION('',(0.,1.,0.));
#8870=DIRECTION('center_axis',(0.,-1.,0.));
#8871=DIRECTION('ref_axis',(0.,0.,1.));
#8872=DIRECTION('center_axis',(0.,1.,0.));
#8873=DIRECTION('ref_axis',(0.,0.,1.));
#8874=DIRECTION('center_axis',(0.,-1.,0.));
#8875=DIRECTION('ref_axis',(0.,0.,-1.));
#8876=DIRECTION('',(0.,1.,0.));
#8877=DIRECTION('center_axis',(0.,-1.,0.));
#8878=DIRECTION('ref_axis',(0.,0.,1.));
#8879=DIRECTION('center_axis',(0.,1.,0.));
#8880=DIRECTION('ref_axis',(0.,0.,1.));
#8881=DIRECTION('center_axis',(0.,-1.,0.));
#8882=DIRECTION('ref_axis',(0.,0.,-1.));
#8883=DIRECTION('',(0.,1.,0.));
#8884=DIRECTION('center_axis',(0.,-1.,0.));
#8885=DIRECTION('ref_axis',(0.,0.,1.));
#8886=DIRECTION('center_axis',(0.,1.,0.));
#8887=DIRECTION('ref_axis',(0.,0.,1.));
#8888=DIRECTION('center_axis',(0.,-1.,0.));
#8889=DIRECTION('ref_axis',(0.,0.,-1.));
#8890=DIRECTION('',(0.,1.,0.));
#8891=DIRECTION('center_axis',(0.,-1.,0.));
#8892=DIRECTION('ref_axis',(0.,0.,1.));
#8893=DIRECTION('center_axis',(0.,1.,0.));
#8894=DIRECTION('ref_axis',(0.,0.,1.));
#8895=DIRECTION('center_axis',(0.,-1.,0.));
#8896=DIRECTION('ref_axis',(0.,0.,-1.));
#8897=DIRECTION('',(0.,1.,0.));
#8898=DIRECTION('center_axis',(0.,-1.,0.));
#8899=DIRECTION('ref_axis',(0.,0.,1.));
#8900=DIRECTION('center_axis',(0.,1.,0.));
#8901=DIRECTION('ref_axis',(0.,0.,1.));
#8902=DIRECTION('center_axis',(0.,-1.,0.));
#8903=DIRECTION('ref_axis',(0.,0.,-1.));
#8904=DIRECTION('',(0.,1.,0.));
#8905=DIRECTION('center_axis',(0.,-1.,0.));
#8906=DIRECTION('ref_axis',(0.,0.,1.));
#8907=DIRECTION('center_axis',(0.,1.,0.));
#8908=DIRECTION('ref_axis',(0.,0.,1.));
#8909=DIRECTION('center_axis',(0.,-1.,0.));
#8910=DIRECTION('ref_axis',(0.,0.,-1.));
#8911=DIRECTION('',(0.,1.,0.));
#8912=DIRECTION('center_axis',(0.,-1.,0.));
#8913=DIRECTION('ref_axis',(0.,0.,1.));
#8914=DIRECTION('center_axis',(0.,1.,0.));
#8915=DIRECTION('ref_axis',(0.,0.,1.));
#8916=DIRECTION('center_axis',(0.,-1.,0.));
#8917=DIRECTION('ref_axis',(0.,0.,-1.));
#8918=DIRECTION('',(0.,1.,0.));
#8919=DIRECTION('center_axis',(0.,-1.,0.));
#8920=DIRECTION('ref_axis',(0.,0.,1.));
#8921=DIRECTION('center_axis',(0.,1.,0.));
#8922=DIRECTION('ref_axis',(0.,0.,1.));
#8923=DIRECTION('center_axis',(0.,-1.,0.));
#8924=DIRECTION('ref_axis',(0.,0.,-1.));
#8925=DIRECTION('',(0.,1.,0.));
#8926=DIRECTION('center_axis',(0.,-1.,0.));
#8927=DIRECTION('ref_axis',(0.,0.,1.));
#8928=DIRECTION('center_axis',(0.,1.,0.));
#8929=DIRECTION('ref_axis',(0.,0.,1.));
#8930=DIRECTION('center_axis',(0.,-1.,0.));
#8931=DIRECTION('ref_axis',(0.,0.,-1.));
#8932=DIRECTION('',(0.,1.,0.));
#8933=DIRECTION('center_axis',(0.,-1.,0.));
#8934=DIRECTION('ref_axis',(0.,0.,1.));
#8935=DIRECTION('center_axis',(0.,1.,0.));
#8936=DIRECTION('ref_axis',(0.,0.,1.));
#8937=DIRECTION('center_axis',(0.,-1.,0.));
#8938=DIRECTION('ref_axis',(0.,0.,-1.));
#8939=DIRECTION('',(0.,1.,0.));
#8940=DIRECTION('center_axis',(0.,-1.,0.));
#8941=DIRECTION('ref_axis',(0.,0.,1.));
#8942=DIRECTION('center_axis',(0.,1.,0.));
#8943=DIRECTION('ref_axis',(0.,0.,1.));
#8944=DIRECTION('center_axis',(0.,-1.,0.));
#8945=DIRECTION('ref_axis',(0.,0.,-1.));
#8946=DIRECTION('',(0.,1.,0.));
#8947=DIRECTION('center_axis',(0.,-1.,0.));
#8948=DIRECTION('ref_axis',(0.,0.,1.));
#8949=DIRECTION('center_axis',(0.,1.,0.));
#8950=DIRECTION('ref_axis',(0.,0.,1.));
#8951=DIRECTION('center_axis',(0.,-1.,0.));
#8952=DIRECTION('ref_axis',(0.,0.,-1.));
#8953=DIRECTION('',(0.,1.,0.));
#8954=DIRECTION('center_axis',(0.,-1.,0.));
#8955=DIRECTION('ref_axis',(0.,0.,1.));
#8956=DIRECTION('center_axis',(0.,1.,0.));
#8957=DIRECTION('ref_axis',(0.,0.,1.));
#8958=DIRECTION('center_axis',(0.,-1.,0.));
#8959=DIRECTION('ref_axis',(0.,0.,-1.));
#8960=DIRECTION('',(0.,1.,0.));
#8961=DIRECTION('center_axis',(0.,-1.,0.));
#8962=DIRECTION('ref_axis',(0.,0.,1.));
#8963=DIRECTION('center_axis',(0.,1.,0.));
#8964=DIRECTION('ref_axis',(0.,0.,1.));
#8965=DIRECTION('center_axis',(0.,-1.,0.));
#8966=DIRECTION('ref_axis',(0.,0.,-1.));
#8967=DIRECTION('',(0.,1.,0.));
#8968=DIRECTION('center_axis',(0.,-1.,0.));
#8969=DIRECTION('ref_axis',(0.,0.,1.));
#8970=DIRECTION('center_axis',(0.,1.,0.));
#8971=DIRECTION('ref_axis',(0.,0.,1.));
#8972=DIRECTION('center_axis',(0.,-1.,0.));
#8973=DIRECTION('ref_axis',(0.,0.,-1.));
#8974=DIRECTION('',(0.,1.,0.));
#8975=DIRECTION('center_axis',(0.,-1.,0.));
#8976=DIRECTION('ref_axis',(0.,0.,1.));
#8977=DIRECTION('center_axis',(0.,1.,0.));
#8978=DIRECTION('ref_axis',(0.,0.,1.));
#8979=DIRECTION('center_axis',(0.,-1.,0.));
#8980=DIRECTION('ref_axis',(0.,0.,-1.));
#8981=DIRECTION('',(0.,1.,0.));
#8982=DIRECTION('center_axis',(0.,-1.,0.));
#8983=DIRECTION('ref_axis',(0.,0.,1.));
#8984=DIRECTION('center_axis',(0.,1.,0.));
#8985=DIRECTION('ref_axis',(0.,0.,1.));
#8986=DIRECTION('center_axis',(0.,-1.,0.));
#8987=DIRECTION('ref_axis',(0.,0.,-1.));
#8988=DIRECTION('',(0.,1.,0.));
#8989=DIRECTION('center_axis',(0.,-1.,0.));
#8990=DIRECTION('ref_axis',(0.,0.,1.));
#8991=DIRECTION('center_axis',(0.,1.,0.));
#8992=DIRECTION('ref_axis',(0.,0.,1.));
#8993=DIRECTION('center_axis',(0.,-1.,0.));
#8994=DIRECTION('ref_axis',(0.,0.,-1.));
#8995=DIRECTION('',(0.,1.,0.));
#8996=DIRECTION('center_axis',(0.,-1.,0.));
#8997=DIRECTION('ref_axis',(0.,0.,1.));
#8998=DIRECTION('center_axis',(0.,1.,0.));
#8999=DIRECTION('ref_axis',(0.,0.,1.));
#9000=DIRECTION('center_axis',(0.,-1.,0.));
#9001=DIRECTION('ref_axis',(0.,0.,-1.));
#9002=DIRECTION('',(0.,1.,0.));
#9003=DIRECTION('center_axis',(0.,-1.,0.));
#9004=DIRECTION('ref_axis',(0.,0.,1.));
#9005=DIRECTION('center_axis',(0.,1.,0.));
#9006=DIRECTION('ref_axis',(0.,0.,1.));
#9007=DIRECTION('center_axis',(0.,-1.,0.));
#9008=DIRECTION('ref_axis',(0.,0.,-1.));
#9009=DIRECTION('',(0.,1.,0.));
#9010=DIRECTION('center_axis',(0.,-1.,0.));
#9011=DIRECTION('ref_axis',(0.,0.,1.));
#9012=DIRECTION('center_axis',(0.,1.,0.));
#9013=DIRECTION('ref_axis',(0.,0.,1.));
#9014=DIRECTION('center_axis',(0.,-1.,0.));
#9015=DIRECTION('ref_axis',(0.,0.,-1.));
#9016=DIRECTION('',(0.,1.,0.));
#9017=DIRECTION('center_axis',(0.,-1.,0.));
#9018=DIRECTION('ref_axis',(0.,0.,1.));
#9019=DIRECTION('center_axis',(0.,-1.,0.));
#9020=DIRECTION('ref_axis',(0.,0.,-1.));
#9021=DIRECTION('',(0.,0.,-1.));
#9022=DIRECTION('center_axis',(0.,1.,0.));
#9023=DIRECTION('ref_axis',(0.,0.,1.));
#9024=DIRECTION('',(1.,0.,0.));
#9025=DIRECTION('center_axis',(0.,1.,0.));
#9026=DIRECTION('ref_axis',(0.,0.,1.));
#9027=DIRECTION('',(2.10269512239613E-16,0.,1.));
#9028=DIRECTION('center_axis',(0.,-1.,0.));
#9029=DIRECTION('ref_axis',(0.,0.,-1.));
#9030=DIRECTION('',(1.,0.,0.));
#9031=DIRECTION('center_axis',(0.,-1.,0.));
#9032=DIRECTION('ref_axis',(0.,0.,-1.));
#9033=DIRECTION('',(1.,0.,0.));
#9034=DIRECTION('',(0.,0.,-1.));
#9035=DIRECTION('',(1.,0.,0.));
#9036=DIRECTION('',(0.,0.,-1.));
#9037=DIRECTION('',(1.,0.,0.));
#9038=DIRECTION('',(0.,0.,-1.));
#9039=DIRECTION('',(1.,0.,0.));
#9040=DIRECTION('',(0.,0.,-1.));
#9041=DIRECTION('',(1.,0.,0.));
#9042=DIRECTION('',(0.,0.,-1.));
#9043=DIRECTION('',(1.,0.,0.));
#9044=DIRECTION('',(0.,0.,-1.));
#9045=DIRECTION('',(0.,0.,1.));
#9046=DIRECTION('',(1.,0.,0.));
#9047=DIRECTION('',(0.,0.,1.));
#9048=DIRECTION('',(1.,0.,0.));
#9049=DIRECTION('',(0.,0.,1.));
#9050=DIRECTION('',(1.,0.,0.));
#9051=DIRECTION('',(0.,0.,1.));
#9052=DIRECTION('',(1.,0.,0.));
#9053=DIRECTION('',(0.,0.,1.));
#9054=DIRECTION('',(1.,0.,0.));
#9055=DIRECTION('',(0.,0.,1.));
#9056=DIRECTION('',(1.,0.,0.));
#9057=DIRECTION('',(0.,0.,1.));
#9058=DIRECTION('',(1.,0.,0.));
#9059=DIRECTION('',(1.73472347597681E-15,0.,1.));
#9060=DIRECTION('',(1.,0.,0.));
#9061=DIRECTION('',(0.,0.,1.));
#9062=DIRECTION('',(1.,0.,0.));
#9063=DIRECTION('',(8.67361737988403E-16,0.,1.));
#9064=DIRECTION('',(1.,0.,0.));
#9065=DIRECTION('',(4.33680868994201E-16,0.,1.));
#9066=DIRECTION('',(1.,0.,0.));
#9067=DIRECTION('',(8.67361737988403E-16,0.,1.));
#9068=DIRECTION('',(1.,0.,0.));
#9069=DIRECTION('',(0.,0.,1.));
#9070=DIRECTION('',(1.,0.,0.));
#9071=DIRECTION('',(8.67361737988403E-16,0.,1.));
#9072=DIRECTION('',(1.,0.,0.));
#9073=DIRECTION('',(0.,0.,1.));
#9074=DIRECTION('',(1.,0.,0.));
#9075=DIRECTION('',(1.73472347597681E-15,0.,1.));
#9076=DIRECTION('',(1.,0.,0.));
#9077=DIRECTION('',(0.,0.,1.));
#9078=DIRECTION('',(1.,0.,0.));
#9079=DIRECTION('',(0.,0.,1.));
#9080=DIRECTION('',(1.,0.,0.));
#9081=DIRECTION('',(0.,0.,1.));
#9082=DIRECTION('',(1.,0.,0.));
#9083=DIRECTION('',(0.,0.,1.));
#9084=DIRECTION('',(1.,0.,0.));
#9085=DIRECTION('',(0.,0.,1.));
#9086=DIRECTION('',(1.,0.,0.));
#9087=DIRECTION('',(0.,0.,1.));
#9088=DIRECTION('',(1.,0.,0.));
#9089=DIRECTION('',(0.,0.,1.));
#9090=DIRECTION('',(1.,0.,0.));
#9091=DIRECTION('',(0.,0.,1.));
#9092=DIRECTION('',(1.,0.,0.));
#9093=DIRECTION('',(0.,0.,1.));
#9094=DIRECTION('',(1.,0.,0.));
#9095=DIRECTION('',(0.,0.,1.));
#9096=DIRECTION('',(1.,0.,0.));
#9097=DIRECTION('',(0.,0.,1.));
#9098=DIRECTION('',(1.,0.,0.));
#9099=DIRECTION('',(0.,0.,1.));
#9100=DIRECTION('',(1.,0.,0.));
#9101=DIRECTION('',(1.,0.,0.));
#9102=DIRECTION('',(0.,0.,-1.));
#9103=DIRECTION('',(1.,0.,0.));
#9104=DIRECTION('',(0.,0.,-1.));
#9105=DIRECTION('',(1.,0.,0.));
#9106=DIRECTION('',(0.,0.,-1.));
#9107=DIRECTION('',(1.,0.,0.));
#9108=DIRECTION('',(0.,0.,-1.));
#9109=DIRECTION('',(1.,0.,0.));
#9110=DIRECTION('',(0.,0.,-1.));
#9111=DIRECTION('',(1.,0.,0.));
#9112=DIRECTION('',(0.,0.,-1.));
#9113=DIRECTION('',(1.,0.,0.));
#9114=DIRECTION('',(0.,0.,-1.));
#9115=DIRECTION('',(1.,0.,0.));
#9116=DIRECTION('',(0.,0.,-1.));
#9117=DIRECTION('',(1.,0.,0.));
#9118=DIRECTION('',(0.,0.,-1.));
#9119=DIRECTION('',(1.,0.,0.));
#9120=DIRECTION('',(0.,0.,-1.));
#9121=DIRECTION('',(1.,0.,0.));
#9122=DIRECTION('',(0.,0.,-1.));
#9123=DIRECTION('',(1.,0.,0.));
#9124=DIRECTION('',(0.,0.,-1.));
#9125=DIRECTION('',(1.,0.,0.));
#9126=DIRECTION('',(0.,0.,-1.));
#9127=DIRECTION('',(1.,0.,0.));
#9128=DIRECTION('',(0.,0.,-1.));
#9129=DIRECTION('',(1.,0.,0.));
#9130=DIRECTION('',(0.,0.,-1.));
#9131=DIRECTION('',(1.,0.,0.));
#9132=DIRECTION('',(0.,0.,-1.));
#9133=DIRECTION('',(1.,0.,0.));
#9134=DIRECTION('',(0.,0.,-1.));
#9135=DIRECTION('',(1.,0.,0.));
#9136=DIRECTION('',(0.,0.,-1.));
#9137=DIRECTION('',(1.,0.,0.));
#9138=DIRECTION('',(0.,0.,-1.));
#9139=DIRECTION('',(1.,0.,0.));
#9140=DIRECTION('',(0.,0.,-1.));
#9141=DIRECTION('',(1.,0.,0.));
#9142=DIRECTION('',(0.,0.,-1.));
#9143=DIRECTION('',(1.,0.,0.));
#9144=DIRECTION('',(0.,0.,-1.));
#9145=DIRECTION('',(1.,0.,0.));
#9146=DIRECTION('',(0.,0.,-1.));
#9147=DIRECTION('',(1.,0.,0.));
#9148=DIRECTION('',(0.,0.,-1.));
#9149=DIRECTION('',(1.,0.,0.));
#9150=DIRECTION('',(0.,0.,-1.));
#9151=DIRECTION('',(1.,0.,0.));
#9152=DIRECTION('',(0.,0.,-1.));
#9153=DIRECTION('',(1.,0.,0.));
#9154=DIRECTION('',(0.,0.,-1.));
#9155=DIRECTION('',(1.,0.,0.));
#9156=DIRECTION('',(0.,0.,-1.));
#9157=DIRECTION('',(1.,0.,0.));
#9158=DIRECTION('',(0.,0.,-1.));
#9159=DIRECTION('',(1.,0.,0.));
#9160=DIRECTION('',(0.,0.,-1.));
#9161=DIRECTION('',(1.,0.,0.));
#9162=DIRECTION('',(0.,0.,-1.));
#9163=DIRECTION('',(1.,0.,0.));
#9164=DIRECTION('',(0.,0.,-1.));
#9165=DIRECTION('',(1.,0.,0.));
#9166=DIRECTION('',(0.,0.,1.));
#9167=DIRECTION('',(1.,0.,0.));
#9168=DIRECTION('',(4.33680868994201E-16,0.,1.));
#9169=DIRECTION('',(0.,0.,1.));
#9170=DIRECTION('',(1.,0.,0.));
#9171=DIRECTION('',(0.,0.,1.));
#9172=DIRECTION('',(1.,0.,0.));
#9173=DIRECTION('',(0.,0.,1.));
#9174=DIRECTION('',(1.,0.,0.));
#9175=DIRECTION('',(8.67361737988403E-16,0.,1.));
#9176=DIRECTION('',(1.,0.,0.));
#9177=DIRECTION('',(0.,0.,1.));
#9178=DIRECTION('',(1.,0.,0.));
#9179=DIRECTION('',(8.67361737988403E-16,0.,1.));
#9180=DIRECTION('',(1.,0.,0.));
#9181=DIRECTION('',(0.,0.,1.));
#9182=DIRECTION('',(1.,0.,0.));
#9183=DIRECTION('',(0.,0.,1.));
#9184=DIRECTION('',(1.,0.,0.));
#9185=DIRECTION('',(0.,0.,1.));
#9186=DIRECTION('',(1.,0.,0.));
#9187=DIRECTION('',(0.,0.,1.));
#9188=DIRECTION('',(1.,0.,0.));
#9189=DIRECTION('',(0.,0.,1.));
#9190=DIRECTION('',(1.,0.,0.));
#9191=DIRECTION('',(0.,0.,1.));
#9192=DIRECTION('',(1.,0.,0.));
#9193=DIRECTION('',(0.,0.,1.));
#9194=DIRECTION('',(1.,0.,0.));
#9195=DIRECTION('',(0.,0.,1.));
#9196=DIRECTION('',(1.,0.,0.));
#9197=DIRECTION('',(1.,0.,0.));
#9198=DIRECTION('',(0.,0.,-1.));
#9199=DIRECTION('',(1.,0.,0.));
#9200=DIRECTION('',(0.,0.,-1.));
#9201=DIRECTION('',(1.,0.,0.));
#9202=DIRECTION('',(0.,0.,-1.));
#9203=DIRECTION('',(1.,0.,0.));
#9204=DIRECTION('',(0.,0.,-1.));
#9205=DIRECTION('',(1.,0.,0.));
#9206=DIRECTION('',(0.,0.,-1.));
#9207=DIRECTION('',(1.,0.,0.));
#9208=DIRECTION('',(0.,0.,-1.));
#9209=DIRECTION('center_axis',(0.,-1.,0.));
#9210=DIRECTION('ref_axis',(0.,0.,-1.));
#9211=DIRECTION('',(0.,0.,-1.));
#9212=DIRECTION('center_axis',(0.,-1.,0.));
#9213=DIRECTION('ref_axis',(0.,0.,-1.));
#9214=DIRECTION('',(1.,0.,0.));
#9215=DIRECTION('center_axis',(0.,-1.,0.));
#9216=DIRECTION('ref_axis',(0.,0.,-1.));
#9217=DIRECTION('',(2.10269512239613E-16,0.,1.));
#9218=DIRECTION('center_axis',(0.,1.,0.));
#9219=DIRECTION('ref_axis',(0.,0.,1.));
#9220=DIRECTION('',(1.,0.,0.));
#9221=DIRECTION('center_axis',(0.,1.,0.));
#9222=DIRECTION('ref_axis',(0.,0.,1.));
#9223=DIRECTION('center_axis',(1.,0.,0.));
#9224=DIRECTION('ref_axis',(0.,0.,-1.));
#9225=DIRECTION('',(0.,1.,0.));
#9226=DIRECTION('',(0.,1.,0.));
#9227=DIRECTION('center_axis',(0.,1.,0.));
#9228=DIRECTION('ref_axis',(0.,0.,1.));
#9229=DIRECTION('',(0.,1.,0.));
#9230=DIRECTION('center_axis',(0.,0.,1.));
#9231=DIRECTION('ref_axis',(1.,0.,0.));
#9232=DIRECTION('',(0.,1.,0.));
#9233=DIRECTION('center_axis',(0.,1.,0.));
#9234=DIRECTION('ref_axis',(0.,0.,1.));
#9235=DIRECTION('',(0.,1.,0.));
#9236=DIRECTION('center_axis',(-1.,0.,2.10269512239613E-16));
#9237=DIRECTION('ref_axis',(2.10269512239613E-16,0.,1.));
#9238=DIRECTION('',(0.,1.,0.));
#9239=DIRECTION('center_axis',(0.,1.,0.));
#9240=DIRECTION('ref_axis',(0.,0.,1.));
#9241=DIRECTION('',(0.,1.,0.));
#9242=DIRECTION('center_axis',(0.,0.,1.));
#9243=DIRECTION('ref_axis',(1.,0.,0.));
#9244=DIRECTION('',(0.,1.,0.));
#9245=DIRECTION('center_axis',(0.,1.,0.));
#9246=DIRECTION('ref_axis',(0.,0.,1.));
#9247=DIRECTION('center_axis',(0.,1.,0.));
#9248=DIRECTION('ref_axis',(0.,0.,1.));
#9249=DIRECTION('center_axis',(0.,1.,0.));
#9250=DIRECTION('ref_axis',(0.,0.,1.));
#9251=DIRECTION('center_axis',(0.,0.,-1.));
#9252=DIRECTION('ref_axis',(-1.,0.,0.));
#9253=DIRECTION('',(0.,-1.,0.));
#9254=DIRECTION('',(1.,0.,0.));
#9255=DIRECTION('',(0.,-1.,0.));
#9256=DIRECTION('center_axis',(-1.,0.,0.));
#9257=DIRECTION('ref_axis',(0.,0.,1.));
#9258=DIRECTION('',(0.,-1.,0.));
#9259=DIRECTION('',(0.,0.,-1.));
#9260=DIRECTION('center_axis',(0.,0.,-1.));
#9261=DIRECTION('ref_axis',(-1.,0.,0.));
#9262=DIRECTION('',(0.,-1.,0.));
#9263=DIRECTION('',(1.,0.,0.));
#9264=DIRECTION('center_axis',(-1.,0.,0.));
#9265=DIRECTION('ref_axis',(0.,0.,1.));
#9266=DIRECTION('',(0.,0.,-1.));
#9267=DIRECTION('center_axis',(0.,1.,0.));
#9268=DIRECTION('ref_axis',(0.,0.,1.));
#9269=DIRECTION('center_axis',(0.,0.,-1.));
#9270=DIRECTION('ref_axis',(-1.,0.,0.));
#9271=DIRECTION('',(0.,-1.,0.));
#9272=DIRECTION('',(1.,0.,0.));
#9273=DIRECTION('',(0.,-1.,0.));
#9274=DIRECTION('center_axis',(-1.,0.,0.));
#9275=DIRECTION('ref_axis',(0.,0.,1.));
#9276=DIRECTION('',(0.,-1.,0.));
#9277=DIRECTION('',(0.,0.,-1.));
#9278=DIRECTION('center_axis',(0.,0.,-1.));
#9279=DIRECTION('ref_axis',(-1.,0.,0.));
#9280=DIRECTION('',(0.,-1.,0.));
#9281=DIRECTION('',(1.,0.,0.));
#9282=DIRECTION('center_axis',(-1.,0.,0.));
#9283=DIRECTION('ref_axis',(0.,0.,1.));
#9284=DIRECTION('',(0.,0.,-1.));
#9285=DIRECTION('center_axis',(0.,1.,0.));
#9286=DIRECTION('ref_axis',(0.,0.,1.));
#9287=DIRECTION('center_axis',(0.,0.,-1.));
#9288=DIRECTION('ref_axis',(-1.,0.,0.));
#9289=DIRECTION('',(0.,-1.,0.));
#9290=DIRECTION('',(1.,0.,0.));
#9291=DIRECTION('',(0.,-1.,0.));
#9292=DIRECTION('center_axis',(-1.,0.,0.));
#9293=DIRECTION('ref_axis',(0.,0.,1.));
#9294=DIRECTION('',(0.,-1.,0.));
#9295=DIRECTION('',(0.,0.,-1.));
#9296=DIRECTION('center_axis',(0.,0.,-1.));
#9297=DIRECTION('ref_axis',(-1.,0.,0.));
#9298=DIRECTION('',(0.,-1.,0.));
#9299=DIRECTION('',(1.,0.,0.));
#9300=DIRECTION('center_axis',(-1.,0.,0.));
#9301=DIRECTION('ref_axis',(0.,0.,1.));
#9302=DIRECTION('',(0.,0.,-1.));
#9303=DIRECTION('center_axis',(0.,1.,0.));
#9304=DIRECTION('ref_axis',(0.,0.,1.));
#9305=DIRECTION('center_axis',(0.,0.,-1.));
#9306=DIRECTION('ref_axis',(-1.,0.,0.));
#9307=DIRECTION('',(0.,-1.,0.));
#9308=DIRECTION('',(1.,0.,0.));
#9309=DIRECTION('',(0.,-1.,0.));
#9310=DIRECTION('center_axis',(-1.,0.,0.));
#9311=DIRECTION('ref_axis',(0.,0.,1.));
#9312=DIRECTION('',(0.,-1.,0.));
#9313=DIRECTION('',(0.,0.,-1.));
#9314=DIRECTION('center_axis',(0.,0.,-1.));
#9315=DIRECTION('ref_axis',(-1.,0.,0.));
#9316=DIRECTION('',(0.,-1.,0.));
#9317=DIRECTION('',(1.,0.,0.));
#9318=DIRECTION('center_axis',(-1.,0.,0.));
#9319=DIRECTION('ref_axis',(0.,0.,1.));
#9320=DIRECTION('',(0.,0.,-1.));
#9321=DIRECTION('center_axis',(0.,1.,0.));
#9322=DIRECTION('ref_axis',(0.,0.,1.));
#9323=DIRECTION('center_axis',(0.,0.,-1.));
#9324=DIRECTION('ref_axis',(-1.,0.,0.));
#9325=DIRECTION('',(0.,-1.,0.));
#9326=DIRECTION('',(1.,0.,0.));
#9327=DIRECTION('',(0.,-1.,0.));
#9328=DIRECTION('center_axis',(-1.,0.,0.));
#9329=DIRECTION('ref_axis',(0.,0.,1.));
#9330=DIRECTION('',(0.,-1.,0.));
#9331=DIRECTION('',(0.,0.,-1.));
#9332=DIRECTION('center_axis',(0.,0.,-1.));
#9333=DIRECTION('ref_axis',(-1.,0.,0.));
#9334=DIRECTION('',(0.,-1.,0.));
#9335=DIRECTION('',(1.,0.,0.));
#9336=DIRECTION('center_axis',(-1.,0.,0.));
#9337=DIRECTION('ref_axis',(0.,0.,1.));
#9338=DIRECTION('',(0.,0.,-1.));
#9339=DIRECTION('center_axis',(0.,1.,0.));
#9340=DIRECTION('ref_axis',(0.,0.,1.));
#9341=DIRECTION('center_axis',(0.,0.,-1.));
#9342=DIRECTION('ref_axis',(-1.,0.,0.));
#9343=DIRECTION('',(0.,-1.,0.));
#9344=DIRECTION('',(1.,0.,0.));
#9345=DIRECTION('',(0.,-1.,0.));
#9346=DIRECTION('center_axis',(-1.,0.,0.));
#9347=DIRECTION('ref_axis',(0.,0.,1.));
#9348=DIRECTION('',(0.,-1.,0.));
#9349=DIRECTION('',(0.,0.,-1.));
#9350=DIRECTION('center_axis',(0.,0.,-1.));
#9351=DIRECTION('ref_axis',(-1.,0.,0.));
#9352=DIRECTION('',(0.,-1.,0.));
#9353=DIRECTION('',(1.,0.,0.));
#9354=DIRECTION('center_axis',(-1.,0.,0.));
#9355=DIRECTION('ref_axis',(0.,0.,1.));
#9356=DIRECTION('',(0.,0.,-1.));
#9357=DIRECTION('center_axis',(0.,1.,0.));
#9358=DIRECTION('ref_axis',(0.,0.,1.));
#9359=DIRECTION('center_axis',(1.,0.,0.));
#9360=DIRECTION('ref_axis',(0.,0.,-1.));
#9361=DIRECTION('',(0.,-1.,0.));
#9362=DIRECTION('',(0.,0.,1.));
#9363=DIRECTION('',(0.,-1.,0.));
#9364=DIRECTION('center_axis',(0.,0.,-1.));
#9365=DIRECTION('ref_axis',(-1.,0.,0.));
#9366=DIRECTION('',(0.,-1.,0.));
#9367=DIRECTION('',(1.,0.,0.));
#9368=DIRECTION('center_axis',(1.,0.,0.));
#9369=DIRECTION('ref_axis',(0.,0.,-1.));
#9370=DIRECTION('',(0.,-1.,0.));
#9371=DIRECTION('',(0.,0.,1.));
#9372=DIRECTION('center_axis',(0.,0.,-1.));
#9373=DIRECTION('ref_axis',(-1.,0.,0.));
#9374=DIRECTION('',(1.,0.,0.));
#9375=DIRECTION('center_axis',(0.,1.,0.));
#9376=DIRECTION('ref_axis',(0.,0.,1.));
#9377=DIRECTION('center_axis',(1.,0.,0.));
#9378=DIRECTION('ref_axis',(0.,0.,-1.));
#9379=DIRECTION('',(0.,-1.,0.));
#9380=DIRECTION('',(0.,0.,1.));
#9381=DIRECTION('',(0.,-1.,0.));
#9382=DIRECTION('center_axis',(0.,0.,-1.));
#9383=DIRECTION('ref_axis',(-1.,0.,0.));
#9384=DIRECTION('',(0.,-1.,0.));
#9385=DIRECTION('',(1.,0.,0.));
#9386=DIRECTION('center_axis',(1.,0.,0.));
#9387=DIRECTION('ref_axis',(0.,0.,-1.));
#9388=DIRECTION('',(0.,-1.,0.));
#9389=DIRECTION('',(0.,0.,1.));
#9390=DIRECTION('center_axis',(0.,0.,-1.));
#9391=DIRECTION('ref_axis',(-1.,0.,0.));
#9392=DIRECTION('',(1.,0.,0.));
#9393=DIRECTION('center_axis',(0.,1.,0.));
#9394=DIRECTION('ref_axis',(0.,0.,1.));
#9395=DIRECTION('center_axis',(1.,0.,0.));
#9396=DIRECTION('ref_axis',(0.,0.,-1.));
#9397=DIRECTION('',(0.,-1.,0.));
#9398=DIRECTION('',(0.,0.,1.));
#9399=DIRECTION('',(0.,-1.,0.));
#9400=DIRECTION('center_axis',(0.,0.,-1.));
#9401=DIRECTION('ref_axis',(-1.,0.,0.));
#9402=DIRECTION('',(0.,-1.,0.));
#9403=DIRECTION('',(1.,0.,0.));
#9404=DIRECTION('center_axis',(1.,0.,0.));
#9405=DIRECTION('ref_axis',(0.,0.,-1.));
#9406=DIRECTION('',(0.,-1.,0.));
#9407=DIRECTION('',(0.,0.,1.));
#9408=DIRECTION('center_axis',(0.,0.,-1.));
#9409=DIRECTION('ref_axis',(-1.,0.,0.));
#9410=DIRECTION('',(1.,0.,0.));
#9411=DIRECTION('center_axis',(0.,1.,0.));
#9412=DIRECTION('ref_axis',(0.,0.,1.));
#9413=DIRECTION('center_axis',(1.,0.,0.));
#9414=DIRECTION('ref_axis',(0.,0.,-1.));
#9415=DIRECTION('',(0.,-1.,0.));
#9416=DIRECTION('',(0.,0.,1.));
#9417=DIRECTION('',(0.,-1.,0.));
#9418=DIRECTION('center_axis',(0.,0.,-1.));
#9419=DIRECTION('ref_axis',(-1.,0.,0.));
#9420=DIRECTION('',(0.,-1.,0.));
#9421=DIRECTION('',(1.,0.,0.));
#9422=DIRECTION('center_axis',(1.,0.,0.));
#9423=DIRECTION('ref_axis',(0.,0.,-1.));
#9424=DIRECTION('',(0.,-1.,0.));
#9425=DIRECTION('',(0.,0.,1.));
#9426=DIRECTION('center_axis',(0.,0.,-1.));
#9427=DIRECTION('ref_axis',(-1.,0.,0.));
#9428=DIRECTION('',(1.,0.,0.));
#9429=DIRECTION('center_axis',(0.,1.,0.));
#9430=DIRECTION('ref_axis',(0.,0.,1.));
#9431=DIRECTION('center_axis',(1.,0.,0.));
#9432=DIRECTION('ref_axis',(0.,0.,-1.));
#9433=DIRECTION('',(0.,-1.,0.));
#9434=DIRECTION('',(0.,0.,1.));
#9435=DIRECTION('',(0.,-1.,0.));
#9436=DIRECTION('center_axis',(0.,0.,-1.));
#9437=DIRECTION('ref_axis',(-1.,0.,0.));
#9438=DIRECTION('',(0.,-1.,0.));
#9439=DIRECTION('',(1.,0.,0.));
#9440=DIRECTION('center_axis',(1.,0.,0.));
#9441=DIRECTION('ref_axis',(0.,0.,-1.));
#9442=DIRECTION('',(0.,-1.,0.));
#9443=DIRECTION('',(0.,0.,1.));
#9444=DIRECTION('center_axis',(0.,0.,-1.));
#9445=DIRECTION('ref_axis',(-1.,0.,0.));
#9446=DIRECTION('',(1.,0.,0.));
#9447=DIRECTION('center_axis',(0.,1.,0.));
#9448=DIRECTION('ref_axis',(0.,0.,1.));
#9449=DIRECTION('center_axis',(1.,0.,0.));
#9450=DIRECTION('ref_axis',(0.,0.,-1.));
#9451=DIRECTION('',(0.,-1.,0.));
#9452=DIRECTION('',(0.,0.,1.));
#9453=DIRECTION('',(0.,-1.,0.));
#9454=DIRECTION('center_axis',(0.,0.,-1.));
#9455=DIRECTION('ref_axis',(-1.,0.,0.));
#9456=DIRECTION('',(0.,-1.,0.));
#9457=DIRECTION('',(1.,0.,0.));
#9458=DIRECTION('center_axis',(1.,0.,0.));
#9459=DIRECTION('ref_axis',(0.,0.,-1.));
#9460=DIRECTION('',(0.,-1.,0.));
#9461=DIRECTION('',(0.,0.,1.));
#9462=DIRECTION('center_axis',(0.,0.,-1.));
#9463=DIRECTION('ref_axis',(-1.,0.,0.));
#9464=DIRECTION('',(1.,0.,0.));
#9465=DIRECTION('center_axis',(0.,1.,0.));
#9466=DIRECTION('ref_axis',(0.,0.,1.));
#9467=DIRECTION('center_axis',(1.,0.,0.));
#9468=DIRECTION('ref_axis',(0.,0.,-1.));
#9469=DIRECTION('',(0.,-1.,0.));
#9470=DIRECTION('',(0.,0.,1.));
#9471=DIRECTION('',(0.,-1.,0.));
#9472=DIRECTION('center_axis',(0.,0.,-1.));
#9473=DIRECTION('ref_axis',(-1.,0.,0.));
#9474=DIRECTION('',(0.,-1.,0.));
#9475=DIRECTION('',(1.,0.,0.));
#9476=DIRECTION('center_axis',(1.,0.,-1.73472347597681E-15));
#9477=DIRECTION('ref_axis',(-1.73472347597681E-15,0.,-1.));
#9478=DIRECTION('',(0.,-1.,0.));
#9479=DIRECTION('',(1.73472347597681E-15,0.,1.));
#9480=DIRECTION('center_axis',(0.,0.,-1.));
#9481=DIRECTION('ref_axis',(-1.,0.,0.));
#9482=DIRECTION('',(1.,0.,0.));
#9483=DIRECTION('center_axis',(0.,1.,0.));
#9484=DIRECTION('ref_axis',(0.,0.,1.));
#9485=DIRECTION('center_axis',(1.,0.,0.));
#9486=DIRECTION('ref_axis',(0.,0.,-1.));
#9487=DIRECTION('',(0.,-1.,0.));
#9488=DIRECTION('',(0.,0.,1.));
#9489=DIRECTION('',(0.,-1.,0.));
#9490=DIRECTION('center_axis',(0.,0.,-1.));
#9491=DIRECTION('ref_axis',(-1.,0.,0.));
#9492=DIRECTION('',(0.,-1.,0.));
#9493=DIRECTION('',(1.,0.,0.));
#9494=DIRECTION('center_axis',(1.,0.,0.));
#9495=DIRECTION('ref_axis',(0.,0.,-1.));
#9496=DIRECTION('',(0.,-1.,0.));
#9497=DIRECTION('',(0.,0.,1.));
#9498=DIRECTION('center_axis',(0.,0.,-1.));
#9499=DIRECTION('ref_axis',(-1.,0.,0.));
#9500=DIRECTION('',(1.,0.,0.));
#9501=DIRECTION('center_axis',(0.,1.,0.));
#9502=DIRECTION('ref_axis',(0.,0.,1.));
#9503=DIRECTION('center_axis',(1.,0.,0.));
#9504=DIRECTION('ref_axis',(0.,0.,-1.));
#9505=DIRECTION('',(0.,-1.,0.));
#9506=DIRECTION('',(0.,0.,1.));
#9507=DIRECTION('',(0.,-1.,0.));
#9508=DIRECTION('center_axis',(0.,0.,-1.));
#9509=DIRECTION('ref_axis',(-1.,0.,0.));
#9510=DIRECTION('',(0.,-1.,0.));
#9511=DIRECTION('',(1.,0.,0.));
#9512=DIRECTION('center_axis',(1.,0.,-8.67361737988403E-16));
#9513=DIRECTION('ref_axis',(-8.67361737988403E-16,0.,-1.));
#9514=DIRECTION('',(0.,-1.,0.));
#9515=DIRECTION('',(8.67361737988403E-16,0.,1.));
#9516=DIRECTION('center_axis',(0.,0.,-1.));
#9517=DIRECTION('ref_axis',(-1.,0.,0.));
#9518=DIRECTION('',(1.,0.,0.));
#9519=DIRECTION('center_axis',(0.,1.,0.));
#9520=DIRECTION('ref_axis',(0.,0.,1.));
#9521=DIRECTION('center_axis',(1.,0.,0.));
#9522=DIRECTION('ref_axis',(0.,0.,-1.));
#9523=DIRECTION('',(0.,-1.,0.));
#9524=DIRECTION('',(0.,0.,1.));
#9525=DIRECTION('',(0.,-1.,0.));
#9526=DIRECTION('center_axis',(0.,0.,-1.));
#9527=DIRECTION('ref_axis',(-1.,0.,0.));
#9528=DIRECTION('',(0.,-1.,0.));
#9529=DIRECTION('',(1.,0.,0.));
#9530=DIRECTION('center_axis',(1.,0.,-8.67361737988403E-16));
#9531=DIRECTION('ref_axis',(-8.67361737988403E-16,0.,-1.));
#9532=DIRECTION('',(0.,-1.,0.));
#9533=DIRECTION('',(8.67361737988403E-16,0.,1.));
#9534=DIRECTION('center_axis',(0.,0.,-1.));
#9535=DIRECTION('ref_axis',(-1.,0.,0.));
#9536=DIRECTION('',(1.,0.,0.));
#9537=DIRECTION('center_axis',(0.,1.,0.));
#9538=DIRECTION('ref_axis',(0.,0.,1.));
#9539=DIRECTION('center_axis',(1.,0.,-4.33680868994201E-16));
#9540=DIRECTION('ref_axis',(-4.33680868994201E-16,0.,-1.));
#9541=DIRECTION('',(0.,-1.,0.));
#9542=DIRECTION('',(4.33680868994201E-16,0.,1.));
#9543=DIRECTION('',(0.,-1.,0.));
#9544=DIRECTION('center_axis',(0.,0.,-1.));
#9545=DIRECTION('ref_axis',(-1.,0.,0.));
#9546=DIRECTION('',(0.,-1.,0.));
#9547=DIRECTION('',(1.,0.,0.));
#9548=DIRECTION('center_axis',(1.,0.,-8.67361737988403E-16));
#9549=DIRECTION('ref_axis',(-8.67361737988403E-16,0.,-1.));
#9550=DIRECTION('',(0.,-1.,0.));
#9551=DIRECTION('',(8.67361737988403E-16,0.,1.));
#9552=DIRECTION('center_axis',(0.,0.,-1.));
#9553=DIRECTION('ref_axis',(-1.,0.,0.));
#9554=DIRECTION('',(1.,0.,0.));
#9555=DIRECTION('center_axis',(0.,1.,0.));
#9556=DIRECTION('ref_axis',(0.,0.,1.));
#9557=DIRECTION('center_axis',(1.,0.,0.));
#9558=DIRECTION('ref_axis',(0.,0.,-1.));
#9559=DIRECTION('',(0.,-1.,0.));
#9560=DIRECTION('',(0.,0.,1.));
#9561=DIRECTION('',(0.,-1.,0.));
#9562=DIRECTION('center_axis',(0.,0.,-1.));
#9563=DIRECTION('ref_axis',(-1.,0.,0.));
#9564=DIRECTION('',(0.,-1.,0.));
#9565=DIRECTION('',(1.,0.,0.));
#9566=DIRECTION('center_axis',(1.,0.,-8.67361737988403E-16));
#9567=DIRECTION('ref_axis',(-8.67361737988403E-16,0.,-1.));
#9568=DIRECTION('',(0.,-1.,0.));
#9569=DIRECTION('',(8.67361737988403E-16,0.,1.));
#9570=DIRECTION('center_axis',(0.,0.,-1.));
#9571=DIRECTION('ref_axis',(-1.,0.,0.));
#9572=DIRECTION('',(1.,0.,0.));
#9573=DIRECTION('center_axis',(0.,1.,0.));
#9574=DIRECTION('ref_axis',(0.,0.,1.));
#9575=DIRECTION('center_axis',(1.,0.,0.));
#9576=DIRECTION('ref_axis',(0.,0.,-1.));
#9577=DIRECTION('',(0.,-1.,0.));
#9578=DIRECTION('',(0.,0.,1.));
#9579=DIRECTION('',(0.,-1.,0.));
#9580=DIRECTION('center_axis',(0.,0.,-1.));
#9581=DIRECTION('ref_axis',(-1.,0.,0.));
#9582=DIRECTION('',(0.,-1.,0.));
#9583=DIRECTION('',(1.,0.,0.));
#9584=DIRECTION('center_axis',(1.,0.,-8.67361737988403E-16));
#9585=DIRECTION('ref_axis',(-8.67361737988403E-16,0.,-1.));
#9586=DIRECTION('',(0.,-1.,0.));
#9587=DIRECTION('',(8.67361737988403E-16,0.,1.));
#9588=DIRECTION('center_axis',(0.,0.,-1.));
#9589=DIRECTION('ref_axis',(-1.,0.,0.));
#9590=DIRECTION('',(1.,0.,0.));
#9591=DIRECTION('center_axis',(0.,1.,0.));
#9592=DIRECTION('ref_axis',(0.,0.,1.));
#9593=DIRECTION('center_axis',(1.,0.,0.));
#9594=DIRECTION('ref_axis',(0.,0.,-1.));
#9595=DIRECTION('',(0.,-1.,0.));
#9596=DIRECTION('',(0.,0.,1.));
#9597=DIRECTION('',(0.,-1.,0.));
#9598=DIRECTION('center_axis',(0.,0.,-1.));
#9599=DIRECTION('ref_axis',(-1.,0.,0.));
#9600=DIRECTION('',(0.,-1.,0.));
#9601=DIRECTION('',(1.,0.,0.));
#9602=DIRECTION('center_axis',(1.,0.,0.));
#9603=DIRECTION('ref_axis',(0.,0.,-1.));
#9604=DIRECTION('',(0.,-1.,0.));
#9605=DIRECTION('',(0.,0.,1.));
#9606=DIRECTION('center_axis',(0.,0.,-1.));
#9607=DIRECTION('ref_axis',(-1.,0.,0.));
#9608=DIRECTION('',(1.,0.,0.));
#9609=DIRECTION('center_axis',(0.,1.,0.));
#9610=DIRECTION('ref_axis',(0.,0.,1.));
#9611=DIRECTION('center_axis',(1.,0.,0.));
#9612=DIRECTION('ref_axis',(0.,0.,-1.));
#9613=DIRECTION('',(0.,-1.,0.));
#9614=DIRECTION('',(0.,0.,1.));
#9615=DIRECTION('',(0.,-1.,0.));
#9616=DIRECTION('center_axis',(0.,0.,-1.));
#9617=DIRECTION('ref_axis',(-1.,0.,0.));
#9618=DIRECTION('',(0.,-1.,0.));
#9619=DIRECTION('',(1.,0.,0.));
#9620=DIRECTION('center_axis',(1.,0.,-1.73472347597681E-15));
#9621=DIRECTION('ref_axis',(-1.73472347597681E-15,0.,-1.));
#9622=DIRECTION('',(0.,-1.,0.));
#9623=DIRECTION('',(1.73472347597681E-15,0.,1.));
#9624=DIRECTION('center_axis',(0.,0.,-1.));
#9625=DIRECTION('ref_axis',(-1.,0.,0.));
#9626=DIRECTION('',(1.,0.,0.));
#9627=DIRECTION('center_axis',(0.,1.,0.));
#9628=DIRECTION('ref_axis',(0.,0.,1.));
#9629=DIRECTION('center_axis',(1.,0.,0.));
#9630=DIRECTION('ref_axis',(0.,0.,-1.));
#9631=DIRECTION('',(0.,-1.,0.));
#9632=DIRECTION('',(0.,0.,1.));
#9633=DIRECTION('',(0.,-1.,0.));
#9634=DIRECTION('center_axis',(0.,0.,-1.));
#9635=DIRECTION('ref_axis',(-1.,0.,0.));
#9636=DIRECTION('',(0.,-1.,0.));
#9637=DIRECTION('',(1.,0.,0.));
#9638=DIRECTION('center_axis',(1.,0.,-4.33680868994201E-16));
#9639=DIRECTION('ref_axis',(-4.33680868994201E-16,0.,-1.));
#9640=DIRECTION('',(0.,-1.,0.));
#9641=DIRECTION('',(4.33680868994201E-16,0.,1.));
#9642=DIRECTION('center_axis',(0.,0.,-1.));
#9643=DIRECTION('ref_axis',(-1.,0.,0.));
#9644=DIRECTION('',(1.,0.,0.));
#9645=DIRECTION('center_axis',(0.,1.,0.));
#9646=DIRECTION('ref_axis',(0.,0.,1.));
#9647=DIRECTION('center_axis',(0.,1.,0.));
#9648=DIRECTION('ref_axis',(0.,0.,1.));
#9649=DIRECTION('center_axis',(0.,1.,0.));
#9650=DIRECTION('ref_axis',(0.,0.,1.));
#9651=DIRECTION('center_axis',(0.,1.,0.));
#9652=DIRECTION('ref_axis',(0.,0.,1.));
#9653=DIRECTION('center_axis',(0.,1.,0.));
#9654=DIRECTION('ref_axis',(0.,0.,1.));
#9655=DIRECTION('center_axis',(0.,1.,0.));
#9656=DIRECTION('ref_axis',(0.,0.,1.));
#9657=DIRECTION('center_axis',(0.,1.,0.));
#9658=DIRECTION('ref_axis',(0.,0.,1.));
#9659=DIRECTION('center_axis',(0.,1.,0.));
#9660=DIRECTION('ref_axis',(0.,0.,1.));
#9661=DIRECTION('center_axis',(0.,1.,0.));
#9662=DIRECTION('ref_axis',(0.,0.,1.));
#9663=DIRECTION('center_axis',(0.,1.,0.));
#9664=DIRECTION('ref_axis',(0.,0.,1.));
#9665=DIRECTION('center_axis',(0.,1.,0.));
#9666=DIRECTION('ref_axis',(0.,0.,1.));
#9667=DIRECTION('center_axis',(0.,1.,0.));
#9668=DIRECTION('ref_axis',(0.,0.,1.));
#9669=DIRECTION('center_axis',(0.,1.,0.));
#9670=DIRECTION('ref_axis',(0.,0.,1.));
#9671=DIRECTION('center_axis',(0.,1.,0.));
#9672=DIRECTION('ref_axis',(0.,0.,1.));
#9673=DIRECTION('center_axis',(0.,1.,0.));
#9674=DIRECTION('ref_axis',(0.,0.,1.));
#9675=DIRECTION('center_axis',(0.,1.,0.));
#9676=DIRECTION('ref_axis',(0.,0.,1.));
#9677=DIRECTION('center_axis',(0.,1.,0.));
#9678=DIRECTION('ref_axis',(0.,0.,1.));
#9679=DIRECTION('center_axis',(0.,1.,0.));
#9680=DIRECTION('ref_axis',(0.,0.,1.));
#9681=DIRECTION('center_axis',(0.,1.,0.));
#9682=DIRECTION('ref_axis',(0.,0.,1.));
#9683=DIRECTION('center_axis',(0.,1.,0.));
#9684=DIRECTION('ref_axis',(0.,0.,1.));
#9685=DIRECTION('center_axis',(0.,1.,0.));
#9686=DIRECTION('ref_axis',(0.,0.,1.));
#9687=DIRECTION('center_axis',(0.,1.,0.));
#9688=DIRECTION('ref_axis',(0.,0.,1.));
#9689=DIRECTION('center_axis',(0.,1.,0.));
#9690=DIRECTION('ref_axis',(0.,0.,1.));
#9691=DIRECTION('center_axis',(0.,1.,0.));
#9692=DIRECTION('ref_axis',(0.,0.,1.));
#9693=DIRECTION('center_axis',(0.,1.,0.));
#9694=DIRECTION('ref_axis',(0.,0.,1.));
#9695=DIRECTION('center_axis',(0.,1.,0.));
#9696=DIRECTION('ref_axis',(0.,0.,1.));
#9697=DIRECTION('center_axis',(0.,1.,0.));
#9698=DIRECTION('ref_axis',(0.,0.,1.));
#9699=DIRECTION('center_axis',(0.,1.,0.));
#9700=DIRECTION('ref_axis',(0.,0.,1.));
#9701=DIRECTION('center_axis',(-1.,0.,0.));
#9702=DIRECTION('ref_axis',(0.,0.,1.));
#9703=DIRECTION('',(0.,-1.,0.));
#9704=DIRECTION('',(0.,0.,-1.));
#9705=DIRECTION('',(0.,-1.,0.));
#9706=DIRECTION('center_axis',(0.,0.,-1.));
#9707=DIRECTION('ref_axis',(-1.,0.,0.));
#9708=DIRECTION('',(0.,-1.,0.));
#9709=DIRECTION('',(1.,0.,0.));
#9710=DIRECTION('center_axis',(-1.,0.,0.));
#9711=DIRECTION('ref_axis',(0.,0.,1.));
#9712=DIRECTION('',(0.,-1.,0.));
#9713=DIRECTION('',(0.,0.,-1.));
#9714=DIRECTION('center_axis',(0.,0.,-1.));
#9715=DIRECTION('ref_axis',(-1.,0.,0.));
#9716=DIRECTION('',(1.,0.,0.));
#9717=DIRECTION('center_axis',(0.,1.,0.));
#9718=DIRECTION('ref_axis',(0.,0.,1.));
#9719=DIRECTION('center_axis',(-1.,0.,0.));
#9720=DIRECTION('ref_axis',(0.,0.,1.));
#9721=DIRECTION('',(0.,-1.,0.));
#9722=DIRECTION('',(0.,0.,-1.));
#9723=DIRECTION('',(0.,-1.,0.));
#9724=DIRECTION('center_axis',(0.,0.,-1.));
#9725=DIRECTION('ref_axis',(-1.,0.,0.));
#9726=DIRECTION('',(0.,-1.,0.));
#9727=DIRECTION('',(1.,0.,0.));
#9728=DIRECTION('center_axis',(-1.,0.,0.));
#9729=DIRECTION('ref_axis',(0.,0.,1.));
#9730=DIRECTION('',(0.,-1.,0.));
#9731=DIRECTION('',(0.,0.,-1.));
#9732=DIRECTION('center_axis',(0.,0.,-1.));
#9733=DIRECTION('ref_axis',(-1.,0.,0.));
#9734=DIRECTION('',(1.,0.,0.));
#9735=DIRECTION('center_axis',(0.,1.,0.));
#9736=DIRECTION('ref_axis',(0.,0.,1.));
#9737=DIRECTION('center_axis',(-1.,0.,0.));
#9738=DIRECTION('ref_axis',(0.,0.,1.));
#9739=DIRECTION('',(0.,-1.,0.));
#9740=DIRECTION('',(0.,0.,-1.));
#9741=DIRECTION('',(0.,-1.,0.));
#9742=DIRECTION('center_axis',(0.,0.,-1.));
#9743=DIRECTION('ref_axis',(-1.,0.,0.));
#9744=DIRECTION('',(0.,-1.,0.));
#9745=DIRECTION('',(1.,0.,0.));
#9746=DIRECTION('center_axis',(-1.,0.,0.));
#9747=DIRECTION('ref_axis',(0.,0.,1.));
#9748=DIRECTION('',(0.,-1.,0.));
#9749=DIRECTION('',(0.,0.,-1.));
#9750=DIRECTION('center_axis',(0.,0.,-1.));
#9751=DIRECTION('ref_axis',(-1.,0.,0.));
#9752=DIRECTION('',(1.,0.,0.));
#9753=DIRECTION('center_axis',(0.,1.,0.));
#9754=DIRECTION('ref_axis',(0.,0.,1.));
#9755=DIRECTION('center_axis',(-1.,0.,0.));
#9756=DIRECTION('ref_axis',(0.,0.,1.));
#9757=DIRECTION('',(0.,-1.,0.));
#9758=DIRECTION('',(0.,0.,-1.));
#9759=DIRECTION('',(0.,-1.,0.));
#9760=DIRECTION('center_axis',(0.,0.,-1.));
#9761=DIRECTION('ref_axis',(-1.,0.,0.));
#9762=DIRECTION('',(0.,-1.,0.));
#9763=DIRECTION('',(1.,0.,0.));
#9764=DIRECTION('center_axis',(-1.,0.,0.));
#9765=DIRECTION('ref_axis',(0.,0.,1.));
#9766=DIRECTION('',(0.,-1.,0.));
#9767=DIRECTION('',(0.,0.,-1.));
#9768=DIRECTION('center_axis',(0.,0.,-1.));
#9769=DIRECTION('ref_axis',(-1.,0.,0.));
#9770=DIRECTION('',(1.,0.,0.));
#9771=DIRECTION('center_axis',(0.,1.,0.));
#9772=DIRECTION('ref_axis',(0.,0.,1.));
#9773=DIRECTION('center_axis',(0.,1.,0.));
#9774=DIRECTION('ref_axis',(0.,0.,1.));
#9775=DIRECTION('center_axis',(-1.,0.,0.));
#9776=DIRECTION('ref_axis',(0.,0.,1.));
#9777=DIRECTION('',(0.,-1.,0.));
#9778=DIRECTION('',(0.,0.,-1.));
#9779=DIRECTION('',(0.,-1.,0.));
#9780=DIRECTION('center_axis',(0.,0.,-1.));
#9781=DIRECTION('ref_axis',(-1.,0.,0.));
#9782=DIRECTION('',(0.,-1.,0.));
#9783=DIRECTION('',(1.,0.,0.));
#9784=DIRECTION('center_axis',(-1.,0.,0.));
#9785=DIRECTION('ref_axis',(0.,0.,1.));
#9786=DIRECTION('',(0.,-1.,0.));
#9787=DIRECTION('',(0.,0.,-1.));
#9788=DIRECTION('center_axis',(0.,0.,-1.));
#9789=DIRECTION('ref_axis',(-1.,0.,0.));
#9790=DIRECTION('',(1.,0.,0.));
#9791=DIRECTION('center_axis',(0.,1.,0.));
#9792=DIRECTION('ref_axis',(0.,0.,1.));
#9793=DIRECTION('center_axis',(-1.,0.,0.));
#9794=DIRECTION('ref_axis',(0.,0.,1.));
#9795=DIRECTION('',(0.,-1.,0.));
#9796=DIRECTION('',(0.,0.,-1.));
#9797=DIRECTION('',(0.,-1.,0.));
#9798=DIRECTION('center_axis',(0.,0.,-1.));
#9799=DIRECTION('ref_axis',(-1.,0.,0.));
#9800=DIRECTION('',(0.,-1.,0.));
#9801=DIRECTION('',(1.,0.,0.));
#9802=DIRECTION('center_axis',(-1.,0.,0.));
#9803=DIRECTION('ref_axis',(0.,0.,1.));
#9804=DIRECTION('',(0.,-1.,0.));
#9805=DIRECTION('',(0.,0.,-1.));
#9806=DIRECTION('center_axis',(0.,0.,-1.));
#9807=DIRECTION('ref_axis',(-1.,0.,0.));
#9808=DIRECTION('',(1.,0.,0.));
#9809=DIRECTION('center_axis',(0.,1.,0.));
#9810=DIRECTION('ref_axis',(0.,0.,1.));
#9811=DIRECTION('center_axis',(-1.,0.,0.));
#9812=DIRECTION('ref_axis',(0.,0.,1.));
#9813=DIRECTION('',(0.,-1.,0.));
#9814=DIRECTION('',(0.,0.,-1.));
#9815=DIRECTION('',(0.,-1.,0.));
#9816=DIRECTION('center_axis',(0.,0.,-1.));
#9817=DIRECTION('ref_axis',(-1.,0.,0.));
#9818=DIRECTION('',(0.,-1.,0.));
#9819=DIRECTION('',(1.,0.,0.));
#9820=DIRECTION('center_axis',(-1.,0.,0.));
#9821=DIRECTION('ref_axis',(0.,0.,1.));
#9822=DIRECTION('',(0.,-1.,0.));
#9823=DIRECTION('',(0.,0.,-1.));
#9824=DIRECTION('center_axis',(0.,0.,-1.));
#9825=DIRECTION('ref_axis',(-1.,0.,0.));
#9826=DIRECTION('',(1.,0.,0.));
#9827=DIRECTION('center_axis',(0.,1.,0.));
#9828=DIRECTION('ref_axis',(0.,0.,1.));
#9829=DIRECTION('center_axis',(-1.,0.,0.));
#9830=DIRECTION('ref_axis',(0.,0.,1.));
#9831=DIRECTION('',(0.,-1.,0.));
#9832=DIRECTION('',(0.,0.,-1.));
#9833=DIRECTION('',(0.,-1.,0.));
#9834=DIRECTION('center_axis',(0.,0.,-1.));
#9835=DIRECTION('ref_axis',(-1.,0.,0.));
#9836=DIRECTION('',(0.,-1.,0.));
#9837=DIRECTION('',(1.,0.,0.));
#9838=DIRECTION('center_axis',(-1.,0.,0.));
#9839=DIRECTION('ref_axis',(0.,0.,1.));
#9840=DIRECTION('',(0.,-1.,0.));
#9841=DIRECTION('',(0.,0.,-1.));
#9842=DIRECTION('center_axis',(0.,0.,-1.));
#9843=DIRECTION('ref_axis',(-1.,0.,0.));
#9844=DIRECTION('',(1.,0.,0.));
#9845=DIRECTION('center_axis',(0.,1.,0.));
#9846=DIRECTION('ref_axis',(0.,0.,1.));
#9847=DIRECTION('center_axis',(-1.,0.,0.));
#9848=DIRECTION('ref_axis',(0.,0.,1.));
#9849=DIRECTION('',(0.,-1.,0.));
#9850=DIRECTION('',(0.,0.,-1.));
#9851=DIRECTION('',(0.,-1.,0.));
#9852=DIRECTION('center_axis',(0.,0.,-1.));
#9853=DIRECTION('ref_axis',(-1.,0.,0.));
#9854=DIRECTION('',(0.,-1.,0.));
#9855=DIRECTION('',(1.,0.,0.));
#9856=DIRECTION('center_axis',(-1.,0.,0.));
#9857=DIRECTION('ref_axis',(0.,0.,1.));
#9858=DIRECTION('',(0.,-1.,0.));
#9859=DIRECTION('',(0.,0.,-1.));
#9860=DIRECTION('center_axis',(0.,0.,-1.));
#9861=DIRECTION('ref_axis',(-1.,0.,0.));
#9862=DIRECTION('',(1.,0.,0.));
#9863=DIRECTION('center_axis',(0.,1.,0.));
#9864=DIRECTION('ref_axis',(0.,0.,1.));
#9865=DIRECTION('center_axis',(-1.,0.,0.));
#9866=DIRECTION('ref_axis',(0.,0.,1.));
#9867=DIRECTION('',(0.,-1.,0.));
#9868=DIRECTION('',(0.,0.,-1.));
#9869=DIRECTION('',(0.,-1.,0.));
#9870=DIRECTION('center_axis',(0.,0.,-1.));
#9871=DIRECTION('ref_axis',(-1.,0.,0.));
#9872=DIRECTION('',(0.,-1.,0.));
#9873=DIRECTION('',(1.,0.,0.));
#9874=DIRECTION('center_axis',(-1.,0.,0.));
#9875=DIRECTION('ref_axis',(0.,0.,1.));
#9876=DIRECTION('',(0.,-1.,0.));
#9877=DIRECTION('',(0.,0.,-1.));
#9878=DIRECTION('center_axis',(0.,0.,-1.));
#9879=DIRECTION('ref_axis',(-1.,0.,0.));
#9880=DIRECTION('',(1.,0.,0.));
#9881=DIRECTION('center_axis',(0.,1.,0.));
#9882=DIRECTION('ref_axis',(0.,0.,1.));
#9883=DIRECTION('center_axis',(-1.,0.,0.));
#9884=DIRECTION('ref_axis',(0.,0.,1.));
#9885=DIRECTION('',(0.,-1.,0.));
#9886=DIRECTION('',(0.,0.,-1.));
#9887=DIRECTION('',(0.,-1.,0.));
#9888=DIRECTION('center_axis',(0.,0.,-1.));
#9889=DIRECTION('ref_axis',(-1.,0.,0.));
#9890=DIRECTION('',(0.,-1.,0.));
#9891=DIRECTION('',(1.,0.,0.));
#9892=DIRECTION('center_axis',(-1.,0.,0.));
#9893=DIRECTION('ref_axis',(0.,0.,1.));
#9894=DIRECTION('',(0.,-1.,0.));
#9895=DIRECTION('',(0.,0.,-1.));
#9896=DIRECTION('center_axis',(0.,0.,-1.));
#9897=DIRECTION('ref_axis',(-1.,0.,0.));
#9898=DIRECTION('',(1.,0.,0.));
#9899=DIRECTION('center_axis',(0.,1.,0.));
#9900=DIRECTION('ref_axis',(0.,0.,1.));
#9901=DIRECTION('center_axis',(-1.,0.,0.));
#9902=DIRECTION('ref_axis',(0.,0.,1.));
#9903=DIRECTION('',(0.,-1.,0.));
#9904=DIRECTION('',(0.,0.,-1.));
#9905=DIRECTION('',(0.,-1.,0.));
#9906=DIRECTION('center_axis',(0.,0.,-1.));
#9907=DIRECTION('ref_axis',(-1.,0.,0.));
#9908=DIRECTION('',(0.,-1.,0.));
#9909=DIRECTION('',(1.,0.,0.));
#9910=DIRECTION('center_axis',(-1.,0.,0.));
#9911=DIRECTION('ref_axis',(0.,0.,1.));
#9912=DIRECTION('',(0.,-1.,0.));
#9913=DIRECTION('',(0.,0.,-1.));
#9914=DIRECTION('center_axis',(0.,0.,-1.));
#9915=DIRECTION('ref_axis',(-1.,0.,0.));
#9916=DIRECTION('',(1.,0.,0.));
#9917=DIRECTION('center_axis',(0.,1.,0.));
#9918=DIRECTION('ref_axis',(0.,0.,1.));
#9919=DIRECTION('center_axis',(-1.,0.,0.));
#9920=DIRECTION('ref_axis',(0.,0.,1.));
#9921=DIRECTION('',(0.,-1.,0.));
#9922=DIRECTION('',(0.,0.,-1.));
#9923=DIRECTION('',(0.,-1.,0.));
#9924=DIRECTION('center_axis',(0.,0.,-1.));
#9925=DIRECTION('ref_axis',(-1.,0.,0.));
#9926=DIRECTION('',(0.,-1.,0.));
#9927=DIRECTION('',(1.,0.,0.));
#9928=DIRECTION('center_axis',(-1.,0.,0.));
#9929=DIRECTION('ref_axis',(0.,0.,1.));
#9930=DIRECTION('',(0.,-1.,0.));
#9931=DIRECTION('',(0.,0.,-1.));
#9932=DIRECTION('center_axis',(0.,0.,-1.));
#9933=DIRECTION('ref_axis',(-1.,0.,0.));
#9934=DIRECTION('',(1.,0.,0.));
#9935=DIRECTION('center_axis',(0.,1.,0.));
#9936=DIRECTION('ref_axis',(0.,0.,1.));
#9937=DIRECTION('center_axis',(0.,1.,0.));
#9938=DIRECTION('ref_axis',(0.,0.,1.));
#9939=DIRECTION('center_axis',(0.,1.,0.));
#9940=DIRECTION('ref_axis',(0.,0.,1.));
#9941=DIRECTION('center_axis',(0.,1.,0.));
#9942=DIRECTION('ref_axis',(0.,0.,1.));
#9943=DIRECTION('center_axis',(0.,1.,0.));
#9944=DIRECTION('ref_axis',(0.,0.,1.));
#9945=DIRECTION('center_axis',(0.,1.,0.));
#9946=DIRECTION('ref_axis',(0.,0.,1.));
#9947=DIRECTION('center_axis',(0.,1.,0.));
#9948=DIRECTION('ref_axis',(0.,0.,1.));
#9949=DIRECTION('center_axis',(0.,1.,0.));
#9950=DIRECTION('ref_axis',(0.,0.,1.));
#9951=DIRECTION('center_axis',(0.,1.,0.));
#9952=DIRECTION('ref_axis',(0.,0.,1.));
#9953=DIRECTION('center_axis',(0.,1.,0.));
#9954=DIRECTION('ref_axis',(0.,0.,1.));
#9955=DIRECTION('center_axis',(0.,1.,0.));
#9956=DIRECTION('ref_axis',(0.,0.,1.));
#9957=DIRECTION('center_axis',(0.,1.,0.));
#9958=DIRECTION('ref_axis',(0.,0.,1.));
#9959=DIRECTION('center_axis',(0.,1.,0.));
#9960=DIRECTION('ref_axis',(0.,0.,1.));
#9961=DIRECTION('center_axis',(-1.,0.,0.));
#9962=DIRECTION('ref_axis',(0.,0.,1.));
#9963=DIRECTION('',(0.,-1.,0.));
#9964=DIRECTION('',(0.,0.,-1.));
#9965=DIRECTION('',(0.,-1.,0.));
#9966=DIRECTION('center_axis',(0.,0.,-1.));
#9967=DIRECTION('ref_axis',(-1.,0.,0.));
#9968=DIRECTION('',(0.,-1.,0.));
#9969=DIRECTION('',(1.,0.,0.));
#9970=DIRECTION('center_axis',(-1.,0.,0.));
#9971=DIRECTION('ref_axis',(0.,0.,1.));
#9972=DIRECTION('',(0.,-1.,0.));
#9973=DIRECTION('',(0.,0.,-1.));
#9974=DIRECTION('center_axis',(0.,0.,-1.));
#9975=DIRECTION('ref_axis',(-1.,0.,0.));
#9976=DIRECTION('',(1.,0.,0.));
#9977=DIRECTION('center_axis',(0.,1.,0.));
#9978=DIRECTION('ref_axis',(0.,0.,1.));
#9979=DIRECTION('center_axis',(-1.,0.,0.));
#9980=DIRECTION('ref_axis',(0.,0.,1.));
#9981=DIRECTION('',(0.,-1.,0.));
#9982=DIRECTION('',(0.,0.,-1.));
#9983=DIRECTION('',(0.,-1.,0.));
#9984=DIRECTION('center_axis',(0.,0.,-1.));
#9985=DIRECTION('ref_axis',(-1.,0.,0.));
#9986=DIRECTION('',(0.,-1.,0.));
#9987=DIRECTION('',(1.,0.,0.));
#9988=DIRECTION('center_axis',(-1.,0.,0.));
#9989=DIRECTION('ref_axis',(0.,0.,1.));
#9990=DIRECTION('',(0.,-1.,0.));
#9991=DIRECTION('',(0.,0.,-1.));
#9992=DIRECTION('center_axis',(0.,0.,-1.));
#9993=DIRECTION('ref_axis',(-1.,0.,0.));
#9994=DIRECTION('',(1.,0.,0.));
#9995=DIRECTION('center_axis',(0.,1.,0.));
#9996=DIRECTION('ref_axis',(0.,0.,1.));
#9997=DIRECTION('center_axis',(0.,0.,-1.));
#9998=DIRECTION('ref_axis',(-1.,0.,0.));
#9999=DIRECTION('',(0.,-1.,0.));
#10000=DIRECTION('',(1.,0.,0.));
#10001=DIRECTION('',(0.,-1.,0.));
#10002=DIRECTION('center_axis',(-1.,0.,0.));
#10003=DIRECTION('ref_axis',(0.,0.,1.));
#10004=DIRECTION('',(0.,-1.,0.));
#10005=DIRECTION('',(0.,0.,-1.));
#10006=DIRECTION('center_axis',(0.,0.,-1.));
#10007=DIRECTION('ref_axis',(-1.,0.,0.));
#10008=DIRECTION('',(0.,-1.,0.));
#10009=DIRECTION('',(1.,0.,0.));
#10010=DIRECTION('center_axis',(-1.,0.,0.));
#10011=DIRECTION('ref_axis',(0.,0.,1.));
#10012=DIRECTION('',(0.,0.,-1.));
#10013=DIRECTION('center_axis',(0.,1.,0.));
#10014=DIRECTION('ref_axis',(0.,0.,1.));
#10015=DIRECTION('center_axis',(0.,1.,0.));
#10016=DIRECTION('ref_axis',(0.,0.,1.));
#10017=DIRECTION('center_axis',(0.,1.,0.));
#10018=DIRECTION('ref_axis',(0.,0.,1.));
#10019=DIRECTION('center_axis',(0.,1.,0.));
#10020=DIRECTION('ref_axis',(0.,0.,1.));
#10021=DIRECTION('center_axis',(0.,1.,0.));
#10022=DIRECTION('ref_axis',(0.,0.,1.));
#10023=DIRECTION('center_axis',(0.,1.,0.));
#10024=DIRECTION('ref_axis',(0.,0.,1.));
#10025=DIRECTION('center_axis',(0.,1.,0.));
#10026=DIRECTION('ref_axis',(0.,0.,1.));
#10027=DIRECTION('center_axis',(0.,1.,0.));
#10028=DIRECTION('ref_axis',(0.,0.,1.));
#10029=DIRECTION('center_axis',(0.,1.,0.));
#10030=DIRECTION('ref_axis',(0.,0.,1.));
#10031=DIRECTION('center_axis',(0.,1.,0.));
#10032=DIRECTION('ref_axis',(0.,0.,1.));
#10033=DIRECTION('center_axis',(0.,1.,0.));
#10034=DIRECTION('ref_axis',(0.,0.,1.));
#10035=DIRECTION('center_axis',(0.,1.,0.));
#10036=DIRECTION('ref_axis',(0.,0.,1.));
#10037=DIRECTION('center_axis',(0.,1.,0.));
#10038=DIRECTION('ref_axis',(0.,0.,1.));
#10039=DIRECTION('center_axis',(0.,1.,0.));
#10040=DIRECTION('ref_axis',(0.,0.,1.));
#10041=DIRECTION('center_axis',(0.,1.,0.));
#10042=DIRECTION('ref_axis',(0.,0.,1.));
#10043=DIRECTION('center_axis',(0.,1.,0.));
#10044=DIRECTION('ref_axis',(0.,0.,1.));
#10045=DIRECTION('center_axis',(0.,1.,0.));
#10046=DIRECTION('ref_axis',(0.,0.,1.));
#10047=DIRECTION('center_axis',(0.,1.,0.));
#10048=DIRECTION('ref_axis',(0.,0.,1.));
#10049=DIRECTION('center_axis',(0.,1.,0.));
#10050=DIRECTION('ref_axis',(0.,0.,1.));
#10051=DIRECTION('center_axis',(0.,1.,0.));
#10052=DIRECTION('ref_axis',(0.,0.,1.));
#10053=DIRECTION('center_axis',(1.,0.,0.));
#10054=DIRECTION('ref_axis',(0.,0.,-1.));
#10055=DIRECTION('',(0.,-1.,0.));
#10056=DIRECTION('',(0.,0.,1.));
#10057=DIRECTION('',(0.,-1.,0.));
#10058=DIRECTION('center_axis',(0.,0.,-1.));
#10059=DIRECTION('ref_axis',(-1.,0.,0.));
#10060=DIRECTION('',(0.,-1.,0.));
#10061=DIRECTION('',(1.,0.,0.));
#10062=DIRECTION('center_axis',(1.,0.,0.));
#10063=DIRECTION('ref_axis',(0.,0.,-1.));
#10064=DIRECTION('',(0.,-1.,0.));
#10065=DIRECTION('',(0.,0.,1.));
#10066=DIRECTION('center_axis',(0.,0.,-1.));
#10067=DIRECTION('ref_axis',(-1.,0.,0.));
#10068=DIRECTION('',(1.,0.,0.));
#10069=DIRECTION('center_axis',(0.,1.,0.));
#10070=DIRECTION('ref_axis',(0.,0.,1.));
#10071=DIRECTION('center_axis',(1.,0.,0.));
#10072=DIRECTION('ref_axis',(0.,0.,-1.));
#10073=DIRECTION('',(0.,-1.,0.));
#10074=DIRECTION('',(0.,0.,1.));
#10075=DIRECTION('',(0.,-1.,0.));
#10076=DIRECTION('center_axis',(0.,0.,-1.));
#10077=DIRECTION('ref_axis',(-1.,0.,0.));
#10078=DIRECTION('',(0.,-1.,0.));
#10079=DIRECTION('',(1.,0.,0.));
#10080=DIRECTION('center_axis',(1.,0.,0.));
#10081=DIRECTION('ref_axis',(0.,0.,-1.));
#10082=DIRECTION('',(0.,-1.,0.));
#10083=DIRECTION('',(0.,0.,1.));
#10084=DIRECTION('center_axis',(0.,0.,-1.));
#10085=DIRECTION('ref_axis',(-1.,0.,0.));
#10086=DIRECTION('',(1.,0.,0.));
#10087=DIRECTION('center_axis',(0.,1.,0.));
#10088=DIRECTION('ref_axis',(0.,0.,1.));
#10089=DIRECTION('center_axis',(1.,0.,0.));
#10090=DIRECTION('ref_axis',(0.,0.,-1.));
#10091=DIRECTION('',(0.,-1.,0.));
#10092=DIRECTION('',(0.,0.,1.));
#10093=DIRECTION('',(0.,-1.,0.));
#10094=DIRECTION('center_axis',(0.,0.,-1.));
#10095=DIRECTION('ref_axis',(-1.,0.,0.));
#10096=DIRECTION('',(0.,-1.,0.));
#10097=DIRECTION('',(1.,0.,0.));
#10098=DIRECTION('center_axis',(1.,0.,0.));
#10099=DIRECTION('ref_axis',(0.,0.,-1.));
#10100=DIRECTION('',(0.,-1.,0.));
#10101=DIRECTION('',(0.,0.,1.));
#10102=DIRECTION('center_axis',(0.,0.,-1.));
#10103=DIRECTION('ref_axis',(-1.,0.,0.));
#10104=DIRECTION('',(1.,0.,0.));
#10105=DIRECTION('center_axis',(0.,1.,0.));
#10106=DIRECTION('ref_axis',(0.,0.,1.));
#10107=DIRECTION('center_axis',(1.,0.,0.));
#10108=DIRECTION('ref_axis',(0.,0.,-1.));
#10109=DIRECTION('',(0.,-1.,0.));
#10110=DIRECTION('',(0.,0.,1.));
#10111=DIRECTION('',(0.,-1.,0.));
#10112=DIRECTION('center_axis',(0.,0.,-1.));
#10113=DIRECTION('ref_axis',(-1.,0.,0.));
#10114=DIRECTION('',(0.,-1.,0.));
#10115=DIRECTION('',(1.,0.,0.));
#10116=DIRECTION('center_axis',(1.,0.,0.));
#10117=DIRECTION('ref_axis',(0.,0.,-1.));
#10118=DIRECTION('',(0.,-1.,0.));
#10119=DIRECTION('',(0.,0.,1.));
#10120=DIRECTION('center_axis',(0.,0.,-1.));
#10121=DIRECTION('ref_axis',(-1.,0.,0.));
#10122=DIRECTION('',(1.,0.,0.));
#10123=DIRECTION('center_axis',(0.,1.,0.));
#10124=DIRECTION('ref_axis',(0.,0.,1.));
#10125=DIRECTION('center_axis',(0.,0.,-1.));
#10126=DIRECTION('ref_axis',(-1.,0.,0.));
#10127=DIRECTION('',(0.,-1.,0.));
#10128=DIRECTION('',(1.,0.,0.));
#10129=DIRECTION('',(0.,-1.,0.));
#10130=DIRECTION('center_axis',(1.,0.,0.));
#10131=DIRECTION('ref_axis',(0.,0.,-1.));
#10132=DIRECTION('',(0.,-1.,0.));
#10133=DIRECTION('',(0.,0.,1.));
#10134=DIRECTION('center_axis',(0.,0.,-1.));
#10135=DIRECTION('ref_axis',(-1.,0.,0.));
#10136=DIRECTION('',(0.,-1.,0.));
#10137=DIRECTION('',(1.,0.,0.));
#10138=DIRECTION('center_axis',(1.,0.,0.));
#10139=DIRECTION('ref_axis',(0.,0.,-1.));
#10140=DIRECTION('',(0.,0.,1.));
#10141=DIRECTION('center_axis',(0.,1.,0.));
#10142=DIRECTION('ref_axis',(0.,0.,1.));
#10143=DIRECTION('center_axis',(1.,0.,0.));
#10144=DIRECTION('ref_axis',(0.,0.,-1.));
#10145=DIRECTION('',(0.,-1.,0.));
#10146=DIRECTION('',(0.,0.,1.));
#10147=DIRECTION('',(0.,-1.,0.));
#10148=DIRECTION('center_axis',(0.,0.,-1.));
#10149=DIRECTION('ref_axis',(-1.,0.,0.));
#10150=DIRECTION('',(0.,-1.,0.));
#10151=DIRECTION('',(1.,0.,0.));
#10152=DIRECTION('center_axis',(1.,0.,0.));
#10153=DIRECTION('ref_axis',(0.,0.,-1.));
#10154=DIRECTION('',(0.,-1.,0.));
#10155=DIRECTION('',(0.,0.,1.));
#10156=DIRECTION('center_axis',(0.,0.,-1.));
#10157=DIRECTION('ref_axis',(-1.,0.,0.));
#10158=DIRECTION('',(1.,0.,0.));
#10159=DIRECTION('center_axis',(0.,1.,0.));
#10160=DIRECTION('ref_axis',(0.,0.,1.));
#10161=DIRECTION('center_axis',(0.,1.,0.));
#10162=DIRECTION('ref_axis',(0.,0.,1.));
#10163=CARTESIAN_POINT('',(0.,0.,0.));
#10164=CARTESIAN_POINT('Origin',(-46.6558133330765,0.05,10.5));
#10165=CARTESIAN_POINT('',(-46.6558133330765,0.,12.25));
#10166=CARTESIAN_POINT('Origin',(-46.6558133330765,0.,10.5));
#10167=CARTESIAN_POINT('',(-46.6558133330765,0.05,12.25));
#10168=CARTESIAN_POINT('',(-46.6558133330765,0.05,12.25));
#10169=CARTESIAN_POINT('Origin',(-46.6558133330765,0.05,10.5));
#10170=CARTESIAN_POINT('Origin',(-29.9965271360397,0.05,24.5));
#10171=CARTESIAN_POINT('',(-29.9965271360397,0.,27.5));
#10172=CARTESIAN_POINT('Origin',(-29.9965271360397,0.,24.5));
#10173=CARTESIAN_POINT('',(-29.9965271360397,0.05,27.5));
#10174=CARTESIAN_POINT('',(-29.9965271360397,0.05,27.5));
#10175=CARTESIAN_POINT('Origin',(-29.9965271360397,0.05,24.5));
#10176=CARTESIAN_POINT('Origin',(-1.49652713603973,0.05,31.58));
#10177=CARTESIAN_POINT('',(-1.49652713603973,0.,32.2977320829332));
#10178=CARTESIAN_POINT('Origin',(-1.49652713603973,0.,31.58));
#10179=CARTESIAN_POINT('',(-1.49652713603973,0.05,32.2977320829332));
#10180=CARTESIAN_POINT('',(-1.49652713603973,0.05,32.2977320829332));
#10181=CARTESIAN_POINT('Origin',(-1.49652713603973,0.05,31.58));
#10182=CARTESIAN_POINT('Origin',(-4.03652713603973,0.05,31.58));
#10183=CARTESIAN_POINT('',(-4.03652713603973,0.,32.2977320829332));
#10184=CARTESIAN_POINT('Origin',(-4.03652713603973,0.,31.58));
#10185=CARTESIAN_POINT('',(-4.03652713603973,0.05,32.2977320829332));
#10186=CARTESIAN_POINT('',(-4.03652713603973,0.05,32.2977320829332));
#10187=CARTESIAN_POINT('Origin',(-4.03652713603973,0.05,31.58));
#10188=CARTESIAN_POINT('Origin',(-6.57652713603973,0.05,31.5799999999999));
#10189=CARTESIAN_POINT('',(-6.57652713603973,0.,32.2977320829332));
#10190=CARTESIAN_POINT('Origin',(-6.57652713603973,0.,31.5799999999999));
#10191=CARTESIAN_POINT('',(-6.57652713603973,0.05,32.2977320829332));
#10192=CARTESIAN_POINT('',(-6.57652713603973,0.05,32.2977320829332));
#10193=CARTESIAN_POINT('Origin',(-6.57652713603973,0.05,31.5799999999999));
#10194=CARTESIAN_POINT('Origin',(-9.11652713603972,0.05,31.5799999999999));
#10195=CARTESIAN_POINT('',(-9.11652713603972,0.,32.2977320829332));
#10196=CARTESIAN_POINT('Origin',(-9.11652713603972,0.,31.5799999999999));
#10197=CARTESIAN_POINT('',(-9.11652713603972,0.05,32.2977320829332));
#10198=CARTESIAN_POINT('',(-9.11652713603972,0.05,32.2977320829332));
#10199=CARTESIAN_POINT('Origin',(-9.11652713603972,0.05,31.5799999999999));
#10200=CARTESIAN_POINT('Origin',(-14.1165271360397,0.05,32.));
#10201=CARTESIAN_POINT('',(-14.1165271360397,0.,32.8));
#10202=CARTESIAN_POINT('Origin',(-14.1165271360397,0.,32.));
#10203=CARTESIAN_POINT('',(-14.1165271360397,0.05,32.8));
#10204=CARTESIAN_POINT('',(-14.1165271360397,0.05,32.8));
#10205=CARTESIAN_POINT('Origin',(-14.1165271360397,0.05,32.));
#10206=CARTESIAN_POINT('Origin',(-21.7165271360397,0.05,32.0000000000002));
#10207=CARTESIAN_POINT('',(-21.7165271360397,-8.67361737988404E-18,32.8000000000002));
#10208=CARTESIAN_POINT('Origin',(-21.7165271360397,0.,32.0000000000002));
#10209=CARTESIAN_POINT('',(-21.7165271360397,0.05,32.8000000000002));
#10210=CARTESIAN_POINT('',(-21.7165271360397,0.05,32.8000000000002));
#10211=CARTESIAN_POINT('Origin',(-21.7165271360397,0.05,32.0000000000002));
#10212=CARTESIAN_POINT('Origin',(23.0034728639603,0.05,31.58));
#10213=CARTESIAN_POINT('',(23.0034728639603,0.,32.2977320829332));
#10214=CARTESIAN_POINT('Origin',(23.0034728639603,0.,31.58));
#10215=CARTESIAN_POINT('',(23.0034728639603,0.05,32.2977320829332));
#10216=CARTESIAN_POINT('',(23.0034728639603,0.05,32.2977320829332));
#10217=CARTESIAN_POINT('Origin',(23.0034728639603,0.05,31.58));
#10218=CARTESIAN_POINT('Origin',(20.4634728639603,0.05,31.58));
#10219=CARTESIAN_POINT('',(20.4634728639603,0.,32.2977320829332));
#10220=CARTESIAN_POINT('Origin',(20.4634728639603,0.,31.58));
#10221=CARTESIAN_POINT('',(20.4634728639603,0.05,32.2977320829332));
#10222=CARTESIAN_POINT('',(20.4634728639603,0.05,32.2977320829332));
#10223=CARTESIAN_POINT('Origin',(20.4634728639603,0.05,31.58));
#10224=CARTESIAN_POINT('Origin',(17.9234728639603,0.05,31.58));
#10225=CARTESIAN_POINT('',(17.9234728639603,0.,32.2977320829332));
#10226=CARTESIAN_POINT('Origin',(17.9234728639603,0.,31.58));
#10227=CARTESIAN_POINT('',(17.9234728639603,0.05,32.2977320829332));
#10228=CARTESIAN_POINT('',(17.9234728639603,0.05,32.2977320829332));
#10229=CARTESIAN_POINT('Origin',(17.9234728639603,0.05,31.58));
#10230=CARTESIAN_POINT('Origin',(15.3834728639603,0.05,31.5799999999999));
#10231=CARTESIAN_POINT('',(15.3834728639603,0.,32.2977320829332));
#10232=CARTESIAN_POINT('Origin',(15.3834728639603,0.,31.5799999999999));
#10233=CARTESIAN_POINT('',(15.3834728639603,0.05,32.2977320829332));
#10234=CARTESIAN_POINT('',(15.3834728639603,0.05,32.2977320829332));
#10235=CARTESIAN_POINT('Origin',(15.3834728639603,0.05,31.5799999999999));
#10236=CARTESIAN_POINT('Origin',(23.0034728639603,0.05,29.04));
#10237=CARTESIAN_POINT('',(23.0034728639603,0.,29.7577320829332));
#10238=CARTESIAN_POINT('Origin',(23.0034728639603,0.,29.04));
#10239=CARTESIAN_POINT('',(23.0034728639603,0.05,29.7577320829332));
#10240=CARTESIAN_POINT('',(23.0034728639603,0.05,29.7577320829332));
#10241=CARTESIAN_POINT('Origin',(23.0034728639603,0.05,29.04));
#10242=CARTESIAN_POINT('Origin',(23.0034728639603,0.05,26.5));
#10243=CARTESIAN_POINT('',(23.0034728639603,0.,27.2177320829332));
#10244=CARTESIAN_POINT('Origin',(23.0034728639603,0.,26.5));
#10245=CARTESIAN_POINT('',(23.0034728639603,0.05,27.2177320829332));
#10246=CARTESIAN_POINT('',(23.0034728639603,0.05,27.2177320829332));
#10247=CARTESIAN_POINT('Origin',(23.0034728639603,0.05,26.5));
#10248=CARTESIAN_POINT('Origin',(20.4634728639603,0.05,29.04));
#10249=CARTESIAN_POINT('',(20.4634728639603,0.,29.7577320829332));
#10250=CARTESIAN_POINT('Origin',(20.4634728639603,0.,29.04));
#10251=CARTESIAN_POINT('',(20.4634728639603,0.05,29.7577320829332));
#10252=CARTESIAN_POINT('',(20.4634728639603,0.05,29.7577320829332));
#10253=CARTESIAN_POINT('Origin',(20.4634728639603,0.05,29.04));
#10254=CARTESIAN_POINT('Origin',(20.4634728639603,0.05,26.5));
#10255=CARTESIAN_POINT('',(20.4634728639603,0.,27.2177320829332));
#10256=CARTESIAN_POINT('Origin',(20.4634728639603,0.,26.5));
#10257=CARTESIAN_POINT('',(20.4634728639603,0.05,27.2177320829332));
#10258=CARTESIAN_POINT('',(20.4634728639603,0.05,27.2177320829332));
#10259=CARTESIAN_POINT('Origin',(20.4634728639603,0.05,26.5));
#10260=CARTESIAN_POINT('Origin',(17.9234728639603,0.05,29.04));
#10261=CARTESIAN_POINT('',(17.9234728639603,0.,29.7577320829332));
#10262=CARTESIAN_POINT('Origin',(17.9234728639603,0.,29.04));
#10263=CARTESIAN_POINT('',(17.9234728639603,0.05,29.7577320829332));
#10264=CARTESIAN_POINT('',(17.9234728639603,0.05,29.7577320829332));
#10265=CARTESIAN_POINT('Origin',(17.9234728639603,0.05,29.04));
#10266=CARTESIAN_POINT('Origin',(17.9234728639603,0.05,26.5));
#10267=CARTESIAN_POINT('',(17.9234728639603,0.,27.2177320829332));
#10268=CARTESIAN_POINT('Origin',(17.9234728639603,0.,26.5));
#10269=CARTESIAN_POINT('',(17.9234728639603,0.05,27.2177320829332));
#10270=CARTESIAN_POINT('',(17.9234728639603,0.05,27.2177320829332));
#10271=CARTESIAN_POINT('Origin',(17.9234728639603,0.05,26.5));
#10272=CARTESIAN_POINT('Origin',(15.3834728639603,0.05,29.0399999999999));
#10273=CARTESIAN_POINT('',(15.3834728639603,0.,29.7577320829332));
#10274=CARTESIAN_POINT('Origin',(15.3834728639603,0.,29.0399999999999));
#10275=CARTESIAN_POINT('',(15.3834728639603,0.05,29.7577320829332));
#10276=CARTESIAN_POINT('',(15.3834728639603,0.05,29.7577320829332));
#10277=CARTESIAN_POINT('Origin',(15.3834728639603,0.05,29.0399999999999));
#10278=CARTESIAN_POINT('Origin',(15.3834728639603,0.05,26.5));
#10279=CARTESIAN_POINT('',(15.3834728639603,0.,27.2177320829332));
#10280=CARTESIAN_POINT('Origin',(15.3834728639603,0.,26.5));
#10281=CARTESIAN_POINT('',(15.3834728639603,0.05,27.2177320829332));
#10282=CARTESIAN_POINT('',(15.3834728639603,0.05,27.2177320829332));
#10283=CARTESIAN_POINT('Origin',(15.3834728639603,0.05,26.5));
#10284=CARTESIAN_POINT('Origin',(10.5034728639603,0.05,31.5799999999999));
#10285=CARTESIAN_POINT('',(10.5034728639603,0.,32.2977320829331));
#10286=CARTESIAN_POINT('Origin',(10.5034728639603,0.,31.5799999999999));
#10287=CARTESIAN_POINT('',(10.5034728639603,0.05,32.2977320829331));
#10288=CARTESIAN_POINT('',(10.5034728639603,0.05,32.2977320829331));
#10289=CARTESIAN_POINT('Origin',(10.5034728639603,0.05,31.5799999999999));
#10290=CARTESIAN_POINT('Origin',(7.96347286396028,0.05,31.5799999999999));
#10291=CARTESIAN_POINT('',(7.96347286396028,0.,32.2977320829331));
#10292=CARTESIAN_POINT('Origin',(7.96347286396028,0.,31.5799999999999));
#10293=CARTESIAN_POINT('',(7.96347286396028,0.05,32.2977320829331));
#10294=CARTESIAN_POINT('',(7.96347286396028,0.05,32.2977320829331));
#10295=CARTESIAN_POINT('Origin',(7.96347286396028,0.05,31.5799999999999));
#10296=CARTESIAN_POINT('Origin',(5.42347286396027,0.05,31.5799999999999));
#10297=CARTESIAN_POINT('',(5.42347286396027,0.,32.2977320829331));
#10298=CARTESIAN_POINT('Origin',(5.42347286396027,0.,31.5799999999999));
#10299=CARTESIAN_POINT('',(5.42347286396027,0.05,32.2977320829331));
#10300=CARTESIAN_POINT('',(5.42347286396027,0.05,32.2977320829331));
#10301=CARTESIAN_POINT('Origin',(5.42347286396027,0.05,31.5799999999999));
#10302=CARTESIAN_POINT('Origin',(2.88347286396028,0.05,31.5799999999999));
#10303=CARTESIAN_POINT('',(2.88347286396028,0.,32.2977320829331));
#10304=CARTESIAN_POINT('Origin',(2.88347286396028,0.,31.5799999999999));
#10305=CARTESIAN_POINT('',(2.88347286396028,0.05,32.2977320829331));
#10306=CARTESIAN_POINT('',(2.88347286396028,0.05,32.2977320829331));
#10307=CARTESIAN_POINT('Origin',(2.88347286396028,0.05,31.5799999999999));
#10308=CARTESIAN_POINT('Origin',(2.88347286396029,0.05,29.0399999999999));
#10309=CARTESIAN_POINT('',(2.88347286396029,0.,29.7577320829331));
#10310=CARTESIAN_POINT('Origin',(2.88347286396029,0.,29.0399999999999));
#10311=CARTESIAN_POINT('',(2.88347286396029,0.05,29.7577320829331));
#10312=CARTESIAN_POINT('',(2.88347286396029,0.05,29.7577320829331));
#10313=CARTESIAN_POINT('Origin',(2.88347286396029,0.05,29.0399999999999));
#10314=CARTESIAN_POINT('Origin',(10.5034728639603,0.05,29.0399999999999));
#10315=CARTESIAN_POINT('',(10.5034728639603,0.,29.7577320829331));
#10316=CARTESIAN_POINT('Origin',(10.5034728639603,0.,29.0399999999999));
#10317=CARTESIAN_POINT('',(10.5034728639603,0.05,29.7577320829331));
#10318=CARTESIAN_POINT('',(10.5034728639603,0.05,29.7577320829331));
#10319=CARTESIAN_POINT('Origin',(10.5034728639603,0.05,29.0399999999999));
#10320=CARTESIAN_POINT('Origin',(5.42347286396028,0.05,29.0399999999999));
#10321=CARTESIAN_POINT('',(5.42347286396028,0.,29.7577320829331));
#10322=CARTESIAN_POINT('Origin',(5.42347286396028,0.,29.0399999999999));
#10323=CARTESIAN_POINT('',(5.42347286396028,0.05,29.7577320829331));
#10324=CARTESIAN_POINT('',(5.42347286396028,0.05,29.7577320829331));
#10325=CARTESIAN_POINT('Origin',(5.42347286396028,0.05,29.0399999999999));
#10326=CARTESIAN_POINT('Origin',(7.96347286396028,0.05,29.0399999999999));
#10327=CARTESIAN_POINT('',(7.96347286396028,0.,29.7577320829331));
#10328=CARTESIAN_POINT('Origin',(7.96347286396028,0.,29.0399999999999));
#10329=CARTESIAN_POINT('',(7.96347286396028,0.05,29.7577320829331));
#10330=CARTESIAN_POINT('',(7.96347286396028,0.05,29.7577320829331));
#10331=CARTESIAN_POINT('Origin',(7.96347286396028,0.05,29.0399999999999));
#10332=CARTESIAN_POINT('Origin',(10.5034728639603,0.05,26.4999999999999));
#10333=CARTESIAN_POINT('',(10.5034728639603,0.,27.2177320829331));
#10334=CARTESIAN_POINT('Origin',(10.5034728639603,0.,26.4999999999999));
#10335=CARTESIAN_POINT('',(10.5034728639603,0.05,27.2177320829331));
#10336=CARTESIAN_POINT('',(10.5034728639603,0.05,27.2177320829331));
#10337=CARTESIAN_POINT('Origin',(10.5034728639603,0.05,26.4999999999999));
#10338=CARTESIAN_POINT('Origin',(7.96347286396029,0.05,26.4999999999999));
#10339=CARTESIAN_POINT('',(7.96347286396029,0.,27.2177320829331));
#10340=CARTESIAN_POINT('Origin',(7.96347286396029,0.,26.4999999999999));
#10341=CARTESIAN_POINT('',(7.96347286396029,0.05,27.2177320829331));
#10342=CARTESIAN_POINT('',(7.96347286396029,0.05,27.2177320829331));
#10343=CARTESIAN_POINT('Origin',(7.96347286396029,0.05,26.4999999999999));
#10344=CARTESIAN_POINT('Origin',(5.42347286396029,0.05,26.4999999999999));
#10345=CARTESIAN_POINT('',(5.42347286396029,0.,27.2177320829331));
#10346=CARTESIAN_POINT('Origin',(5.42347286396029,0.,26.4999999999999));
#10347=CARTESIAN_POINT('',(5.42347286396029,0.05,27.2177320829331));
#10348=CARTESIAN_POINT('',(5.42347286396029,0.05,27.2177320829331));
#10349=CARTESIAN_POINT('Origin',(5.42347286396029,0.05,26.4999999999999));
#10350=CARTESIAN_POINT('Origin',(2.88347286396029,0.05,26.4999999999999));
#10351=CARTESIAN_POINT('',(2.88347286396029,-8.67361737988404E-18,27.2177320829331));
#10352=CARTESIAN_POINT('Origin',(2.88347286396029,0.,26.4999999999999));
#10353=CARTESIAN_POINT('',(2.88347286396029,0.05,27.2177320829331));
#10354=CARTESIAN_POINT('',(2.88347286396029,0.05,27.2177320829331));
#10355=CARTESIAN_POINT('Origin',(2.88347286396029,0.05,26.4999999999999));
#10356=CARTESIAN_POINT('Origin',(28.0034728639603,0.05,24.5));
#10357=CARTESIAN_POINT('',(28.0034728639603,-8.67361737988404E-18,27.5));
#10358=CARTESIAN_POINT('Origin',(28.0034728639603,0.,24.5));
#10359=CARTESIAN_POINT('',(28.0034728639603,0.05,27.5));
#10360=CARTESIAN_POINT('',(28.0034728639603,0.05,27.5));
#10361=CARTESIAN_POINT('Origin',(28.0034728639603,0.05,24.5));
#10362=CARTESIAN_POINT('Origin',(27.6627590609971,0.05,10.5));
#10363=CARTESIAN_POINT('',(27.6627590609971,0.,12.25));
#10364=CARTESIAN_POINT('Origin',(27.6627590609971,0.,10.5));
#10365=CARTESIAN_POINT('',(27.6627590609971,0.05,12.25));
#10366=CARTESIAN_POINT('',(27.6627590609971,0.05,12.25));
#10367=CARTESIAN_POINT('Origin',(27.6627590609971,0.05,10.5));
#10368=CARTESIAN_POINT('Origin',(27.6627590609971,0.05,-10.5));
#10369=CARTESIAN_POINT('',(27.6627590609971,0.,-8.75));
#10370=CARTESIAN_POINT('Origin',(27.6627590609971,0.,-10.5));
#10371=CARTESIAN_POINT('',(27.6627590609971,0.05,-8.75));
#10372=CARTESIAN_POINT('',(27.6627590609971,0.05,-8.75));
#10373=CARTESIAN_POINT('Origin',(27.6627590609971,0.05,-10.5));
#10374=CARTESIAN_POINT('Origin',(23.0034728639603,0.05,-26.5));
#10375=CARTESIAN_POINT('',(23.0034728639603,0.,-25.7822679170668));
#10376=CARTESIAN_POINT('Origin',(23.0034728639603,0.,-26.5));
#10377=CARTESIAN_POINT('',(23.0034728639603,0.05,-25.7822679170668));
#10378=CARTESIAN_POINT('',(23.0034728639603,0.05,-25.7822679170668));
#10379=CARTESIAN_POINT('Origin',(23.0034728639603,0.05,-26.5));
#10380=CARTESIAN_POINT('Origin',(20.4634728639603,0.05,-26.5));
#10381=CARTESIAN_POINT('',(20.4634728639603,0.,-25.7822679170668));
#10382=CARTESIAN_POINT('Origin',(20.4634728639603,0.,-26.5));
#10383=CARTESIAN_POINT('',(20.4634728639603,0.05,-25.7822679170668));
#10384=CARTESIAN_POINT('',(20.4634728639603,0.05,-25.7822679170668));
#10385=CARTESIAN_POINT('Origin',(20.4634728639603,0.05,-26.5));
#10386=CARTESIAN_POINT('Origin',(17.9234728639603,0.05,-26.5));
#10387=CARTESIAN_POINT('',(17.9234728639603,0.,-25.7822679170667));
#10388=CARTESIAN_POINT('Origin',(17.9234728639603,0.,-26.5));
#10389=CARTESIAN_POINT('',(17.9234728639603,0.05,-25.7822679170667));
#10390=CARTESIAN_POINT('',(17.9234728639603,0.05,-25.7822679170667));
#10391=CARTESIAN_POINT('Origin',(17.9234728639603,0.05,-26.5));
#10392=CARTESIAN_POINT('Origin',(15.3834728639603,0.05,-26.5));
#10393=CARTESIAN_POINT('',(15.3834728639603,0.,-25.7822679170667));
#10394=CARTESIAN_POINT('Origin',(15.3834728639603,0.,-26.5));
#10395=CARTESIAN_POINT('',(15.3834728639603,0.05,-25.7822679170667));
#10396=CARTESIAN_POINT('',(15.3834728639603,0.05,-25.7822679170667));
#10397=CARTESIAN_POINT('Origin',(15.3834728639603,0.05,-26.5));
#10398=CARTESIAN_POINT('Origin',(20.4634728639603,0.05,-29.04));
#10399=CARTESIAN_POINT('',(20.4634728639603,0.,-28.3222679170668));
#10400=CARTESIAN_POINT('Origin',(20.4634728639603,0.,-29.04));
#10401=CARTESIAN_POINT('',(20.4634728639603,0.05,-28.3222679170668));
#10402=CARTESIAN_POINT('',(20.4634728639603,0.05,-28.3222679170668));
#10403=CARTESIAN_POINT('Origin',(20.4634728639603,0.05,-29.04));
#10404=CARTESIAN_POINT('Origin',(23.0034728639603,0.05,-29.04));
#10405=CARTESIAN_POINT('',(23.0034728639603,0.,-28.3222679170668));
#10406=CARTESIAN_POINT('Origin',(23.0034728639603,0.,-29.04));
#10407=CARTESIAN_POINT('',(23.0034728639603,0.05,-28.3222679170668));
#10408=CARTESIAN_POINT('',(23.0034728639603,0.05,-28.3222679170668));
#10409=CARTESIAN_POINT('Origin',(23.0034728639603,0.05,-29.04));
#10410=CARTESIAN_POINT('Origin',(23.0034728639603,0.05,-31.58));
#10411=CARTESIAN_POINT('',(23.0034728639603,0.,-30.8622679170668));
#10412=CARTESIAN_POINT('Origin',(23.0034728639603,0.,-31.58));
#10413=CARTESIAN_POINT('',(23.0034728639603,0.05,-30.8622679170668));
#10414=CARTESIAN_POINT('',(23.0034728639603,0.05,-30.8622679170668));
#10415=CARTESIAN_POINT('Origin',(23.0034728639603,0.05,-31.58));
#10416=CARTESIAN_POINT('Origin',(20.4634728639603,0.05,-31.58));
#10417=CARTESIAN_POINT('',(20.4634728639603,0.,-30.8622679170668));
#10418=CARTESIAN_POINT('Origin',(20.4634728639603,0.,-31.58));
#10419=CARTESIAN_POINT('',(20.4634728639603,0.05,-30.8622679170668));
#10420=CARTESIAN_POINT('',(20.4634728639603,0.05,-30.8622679170668));
#10421=CARTESIAN_POINT('Origin',(20.4634728639603,0.05,-31.58));
#10422=CARTESIAN_POINT('Origin',(17.9234728639603,0.05,-29.04));
#10423=CARTESIAN_POINT('',(17.9234728639603,0.,-28.3222679170667));
#10424=CARTESIAN_POINT('Origin',(17.9234728639603,0.,-29.04));
#10425=CARTESIAN_POINT('',(17.9234728639603,0.05,-28.3222679170667));
#10426=CARTESIAN_POINT('',(17.9234728639603,0.05,-28.3222679170667));
#10427=CARTESIAN_POINT('Origin',(17.9234728639603,0.05,-29.04));
#10428=CARTESIAN_POINT('Origin',(17.9234728639603,0.05,-31.58));
#10429=CARTESIAN_POINT('',(17.9234728639603,0.,-30.8622679170667));
#10430=CARTESIAN_POINT('Origin',(17.9234728639603,0.,-31.58));
#10431=CARTESIAN_POINT('',(17.9234728639603,0.05,-30.8622679170667));
#10432=CARTESIAN_POINT('',(17.9234728639603,0.05,-30.8622679170667));
#10433=CARTESIAN_POINT('Origin',(17.9234728639603,0.05,-31.58));
#10434=CARTESIAN_POINT('Origin',(15.3834728639603,0.05,-29.0399999999999));
#10435=CARTESIAN_POINT('',(15.3834728639603,0.,-28.3222679170667));
#10436=CARTESIAN_POINT('Origin',(15.3834728639603,0.,-29.0399999999999));
#10437=CARTESIAN_POINT('',(15.3834728639603,0.05,-28.3222679170667));
#10438=CARTESIAN_POINT('',(15.3834728639603,0.05,-28.3222679170667));
#10439=CARTESIAN_POINT('Origin',(15.3834728639603,0.05,-29.0399999999999));
#10440=CARTESIAN_POINT('Origin',(15.3834728639603,0.05,-31.5799999999999));
#10441=CARTESIAN_POINT('',(15.3834728639603,0.,-30.8622679170667));
#10442=CARTESIAN_POINT('Origin',(15.3834728639603,0.,-31.5799999999999));
#10443=CARTESIAN_POINT('',(15.3834728639603,0.05,-30.8622679170667));
#10444=CARTESIAN_POINT('',(15.3834728639603,0.05,-30.8622679170667));
#10445=CARTESIAN_POINT('Origin',(15.3834728639603,0.05,-31.5799999999999));
#10446=CARTESIAN_POINT('Origin',(28.0034728639603,0.05,-24.5));
#10447=CARTESIAN_POINT('',(28.0034728639603,-8.67361737988404E-18,-21.5));
#10448=CARTESIAN_POINT('Origin',(28.0034728639603,0.,-24.5));
#10449=CARTESIAN_POINT('',(28.0034728639603,0.05,-21.5));
#10450=CARTESIAN_POINT('',(28.0034728639603,0.05,-21.5));
#10451=CARTESIAN_POINT('Origin',(28.0034728639603,0.05,-24.5));
#10452=CARTESIAN_POINT('Origin',(10.5034728639603,0.05,-31.5799999999999));
#10453=CARTESIAN_POINT('',(10.5034728639603,0.,-30.8622679170667));
#10454=CARTESIAN_POINT('Origin',(10.5034728639603,0.,-31.5799999999999));
#10455=CARTESIAN_POINT('',(10.5034728639603,0.05,-30.8622679170667));
#10456=CARTESIAN_POINT('',(10.5034728639603,0.05,-30.8622679170667));
#10457=CARTESIAN_POINT('Origin',(10.5034728639603,0.05,-31.5799999999999));
#10458=CARTESIAN_POINT('Origin',(10.5034728639603,0.05,-29.0399999999999));
#10459=CARTESIAN_POINT('',(10.5034728639603,0.,-28.3222679170667));
#10460=CARTESIAN_POINT('Origin',(10.5034728639603,0.,-29.0399999999999));
#10461=CARTESIAN_POINT('',(10.5034728639603,0.05,-28.3222679170667));
#10462=CARTESIAN_POINT('',(10.5034728639603,0.05,-28.3222679170667));
#10463=CARTESIAN_POINT('Origin',(10.5034728639603,0.05,-29.0399999999999));
#10464=CARTESIAN_POINT('Origin',(10.5034728639603,0.05,-26.4999999999999));
#10465=CARTESIAN_POINT('',(10.5034728639603,0.,-25.7822679170667));
#10466=CARTESIAN_POINT('Origin',(10.5034728639603,0.,-26.4999999999999));
#10467=CARTESIAN_POINT('',(10.5034728639603,0.05,-25.7822679170667));
#10468=CARTESIAN_POINT('',(10.5034728639603,0.05,-25.7822679170667));
#10469=CARTESIAN_POINT('Origin',(10.5034728639603,0.05,-26.4999999999999));
#10470=CARTESIAN_POINT('Origin',(7.96347286396029,0.05,-26.4999999999999));
#10471=CARTESIAN_POINT('',(7.96347286396029,0.,-25.7822679170667));
#10472=CARTESIAN_POINT('Origin',(7.96347286396029,0.,-26.4999999999999));
#10473=CARTESIAN_POINT('',(7.96347286396029,0.05,-25.7822679170667));
#10474=CARTESIAN_POINT('',(7.96347286396029,0.05,-25.7822679170667));
#10475=CARTESIAN_POINT('Origin',(7.96347286396029,0.05,-26.4999999999999));
#10476=CARTESIAN_POINT('Origin',(7.96347286396028,0.05,-29.0399999999999));
#10477=CARTESIAN_POINT('',(7.96347286396028,0.,-28.3222679170667));
#10478=CARTESIAN_POINT('Origin',(7.96347286396028,0.,-29.0399999999999));
#10479=CARTESIAN_POINT('',(7.96347286396028,0.05,-28.3222679170667));
#10480=CARTESIAN_POINT('',(7.96347286396028,0.05,-28.3222679170667));
#10481=CARTESIAN_POINT('Origin',(7.96347286396028,0.05,-29.0399999999999));
#10482=CARTESIAN_POINT('Origin',(7.96347286396028,0.05,-31.5799999999999));
#10483=CARTESIAN_POINT('',(7.96347286396028,0.,-30.8622679170667));
#10484=CARTESIAN_POINT('Origin',(7.96347286396028,0.,-31.5799999999999));
#10485=CARTESIAN_POINT('',(7.96347286396028,0.05,-30.8622679170667));
#10486=CARTESIAN_POINT('',(7.96347286396028,0.05,-30.8622679170667));
#10487=CARTESIAN_POINT('Origin',(7.96347286396028,0.05,-31.5799999999999));
#10488=CARTESIAN_POINT('Origin',(5.42347286396027,0.05,-31.5799999999999));
#10489=CARTESIAN_POINT('',(5.42347286396027,0.,-30.8622679170666));
#10490=CARTESIAN_POINT('Origin',(5.42347286396027,0.,-31.5799999999999));
#10491=CARTESIAN_POINT('',(5.42347286396027,0.05,-30.8622679170666));
#10492=CARTESIAN_POINT('',(5.42347286396027,0.05,-30.8622679170666));
#10493=CARTESIAN_POINT('Origin',(5.42347286396027,0.05,-31.5799999999999));
#10494=CARTESIAN_POINT('Origin',(5.42347286396028,0.05,-29.0399999999999));
#10495=CARTESIAN_POINT('',(5.42347286396028,0.,-28.3222679170667));
#10496=CARTESIAN_POINT('Origin',(5.42347286396028,0.,-29.0399999999999));
#10497=CARTESIAN_POINT('',(5.42347286396028,0.05,-28.3222679170667));
#10498=CARTESIAN_POINT('',(5.42347286396028,0.05,-28.3222679170667));
#10499=CARTESIAN_POINT('Origin',(5.42347286396028,0.05,-29.0399999999999));
#10500=CARTESIAN_POINT('Origin',(5.42347286396029,0.05,-26.4999999999999));
#10501=CARTESIAN_POINT('',(5.42347286396029,0.,-25.7822679170667));
#10502=CARTESIAN_POINT('Origin',(5.42347286396029,0.,-26.4999999999999));
#10503=CARTESIAN_POINT('',(5.42347286396029,0.05,-25.7822679170667));
#10504=CARTESIAN_POINT('',(5.42347286396029,0.05,-25.7822679170667));
#10505=CARTESIAN_POINT('Origin',(5.42347286396029,0.05,-26.4999999999999));
#10506=CARTESIAN_POINT('Origin',(2.88347286396029,0.05,-26.4999999999999));
#10507=CARTESIAN_POINT('',(2.88347286396029,-8.67361737988404E-18,-25.7822679170666));
#10508=CARTESIAN_POINT('Origin',(2.88347286396029,0.,-26.4999999999999));
#10509=CARTESIAN_POINT('',(2.88347286396029,0.05,-25.7822679170666));
#10510=CARTESIAN_POINT('',(2.88347286396029,0.05,-25.7822679170666));
#10511=CARTESIAN_POINT('Origin',(2.88347286396029,0.05,-26.4999999999999));
#10512=CARTESIAN_POINT('Origin',(2.88347286396029,0.05,-29.0399999999999));
#10513=CARTESIAN_POINT('',(2.88347286396029,0.,-28.3222679170666));
#10514=CARTESIAN_POINT('Origin',(2.88347286396029,0.,-29.0399999999999));
#10515=CARTESIAN_POINT('',(2.88347286396029,0.05,-28.3222679170666));
#10516=CARTESIAN_POINT('',(2.88347286396029,0.05,-28.3222679170666));
#10517=CARTESIAN_POINT('Origin',(2.88347286396029,0.05,-29.0399999999999));
#10518=CARTESIAN_POINT('Origin',(2.88347286396028,0.05,-31.5799999999999));
#10519=CARTESIAN_POINT('',(2.88347286396028,0.,-30.8622679170666));
#10520=CARTESIAN_POINT('Origin',(2.88347286396028,0.,-31.5799999999999));
#10521=CARTESIAN_POINT('',(2.88347286396028,0.05,-30.8622679170666));
#10522=CARTESIAN_POINT('',(2.88347286396028,0.05,-30.8622679170666));
#10523=CARTESIAN_POINT('Origin',(2.88347286396028,0.05,-31.5799999999999));
#10524=CARTESIAN_POINT('Origin',(-29.9965271360397,0.05,-24.5));
#10525=CARTESIAN_POINT('',(-29.9965271360397,0.,-21.5));
#10526=CARTESIAN_POINT('Origin',(-29.9965271360397,0.,-24.5));
#10527=CARTESIAN_POINT('',(-29.9965271360397,0.05,-21.5));
#10528=CARTESIAN_POINT('',(-29.9965271360397,0.05,-21.5));
#10529=CARTESIAN_POINT('Origin',(-29.9965271360397,0.05,-24.5));
#10530=CARTESIAN_POINT('Origin',(-46.6558133330765,0.05,-10.5));
#10531=CARTESIAN_POINT('',(-46.6558133330765,0.,-8.75));
#10532=CARTESIAN_POINT('Origin',(-46.6558133330765,0.,-10.5));
#10533=CARTESIAN_POINT('',(-46.6558133330765,0.05,-8.75));
#10534=CARTESIAN_POINT('',(-46.6558133330765,0.05,-8.75));
#10535=CARTESIAN_POINT('Origin',(-46.6558133330765,0.05,-10.5));
#10536=CARTESIAN_POINT('Origin',(-1.49652713603973,-1.6,31.58));
#10537=CARTESIAN_POINT('',(-1.49652713603973,-1.6,31.155));
#10538=CARTESIAN_POINT('Origin',(-1.49652713603973,-1.6,31.58));
#10539=CARTESIAN_POINT('',(-1.49652713603973,0.05,31.155));
#10540=CARTESIAN_POINT('',(-1.49652713603973,-1.6,31.155));
#10541=CARTESIAN_POINT('Origin',(-1.49652713603973,0.05,31.58));
#10542=CARTESIAN_POINT('Origin',(-4.03652713603973,-1.6,31.58));
#10543=CARTESIAN_POINT('',(-4.03652713603973,-1.6,31.155));
#10544=CARTESIAN_POINT('Origin',(-4.03652713603973,-1.6,31.58));
#10545=CARTESIAN_POINT('',(-4.03652713603973,0.05,31.155));
#10546=CARTESIAN_POINT('',(-4.03652713603973,-1.6,31.155));
#10547=CARTESIAN_POINT('Origin',(-4.03652713603973,0.05,31.58));
#10548=CARTESIAN_POINT('Origin',(-6.57652713603973,-1.6,31.5799999999999));
#10549=CARTESIAN_POINT('',(-6.57652713603973,-1.6,31.155));
#10550=CARTESIAN_POINT('Origin',(-6.57652713603973,-1.6,31.5799999999999));
#10551=CARTESIAN_POINT('',(-6.57652713603973,0.05,31.155));
#10552=CARTESIAN_POINT('',(-6.57652713603973,-1.6,31.155));
#10553=CARTESIAN_POINT('Origin',(-6.57652713603973,0.05,31.5799999999999));
#10554=CARTESIAN_POINT('Origin',(-9.11652713603972,-1.6,31.5799999999999));
#10555=CARTESIAN_POINT('',(-9.11652713603972,-1.6,31.1549999999999));
#10556=CARTESIAN_POINT('Origin',(-9.11652713603972,-1.6,31.5799999999999));
#10557=CARTESIAN_POINT('',(-9.11652713603972,0.05,31.1549999999999));
#10558=CARTESIAN_POINT('',(-9.11652713603972,-1.6,31.1549999999999));
#10559=CARTESIAN_POINT('Origin',(-9.11652713603972,0.05,31.5799999999999));
#10560=CARTESIAN_POINT('Origin',(-14.1165271360397,-1.6,32.));
#10561=CARTESIAN_POINT('',(-14.1165271360397,-1.6,31.6));
#10562=CARTESIAN_POINT('Origin',(-14.1165271360397,-1.6,32.));
#10563=CARTESIAN_POINT('',(-14.1165271360397,0.05,31.6));
#10564=CARTESIAN_POINT('',(-14.1165271360397,-1.6,31.6));
#10565=CARTESIAN_POINT('Origin',(-14.1165271360397,0.05,32.));
#10566=CARTESIAN_POINT('Origin',(-21.7165271360397,-1.6,32.0000000000002));
#10567=CARTESIAN_POINT('',(-21.7165271360397,-1.6,31.6000000000002));
#10568=CARTESIAN_POINT('Origin',(-21.7165271360397,-1.6,32.0000000000002));
#10569=CARTESIAN_POINT('',(-21.7165271360397,0.05,31.6000000000002));
#10570=CARTESIAN_POINT('',(-21.7165271360397,-1.6,31.6000000000002));
#10571=CARTESIAN_POINT('Origin',(-21.7165271360397,0.05,32.0000000000002));
#10572=CARTESIAN_POINT('Origin',(27.6627590609971,-1.6,-10.5));
#10573=CARTESIAN_POINT('',(27.6627590609971,-1.6,-11.5));
#10574=CARTESIAN_POINT('Origin',(27.6627590609971,-1.6,-10.5));
#10575=CARTESIAN_POINT('',(27.6627590609971,0.05,-11.5));
#10576=CARTESIAN_POINT('',(27.6627590609971,-1.6,-11.5));
#10577=CARTESIAN_POINT('Origin',(27.6627590609971,0.05,-10.5));
#10578=CARTESIAN_POINT('Origin',(23.0034728639603,-1.6,-26.5));
#10579=CARTESIAN_POINT('',(23.0034728639603,-1.6,-26.925));
#10580=CARTESIAN_POINT('Origin',(23.0034728639603,-1.6,-26.5));
#10581=CARTESIAN_POINT('',(23.0034728639603,0.05,-26.925));
#10582=CARTESIAN_POINT('',(23.0034728639603,-1.6,-26.925));
#10583=CARTESIAN_POINT('Origin',(23.0034728639603,0.05,-26.5));
#10584=CARTESIAN_POINT('Origin',(20.4634728639603,-1.6,-26.5));
#10585=CARTESIAN_POINT('',(20.4634728639603,-1.6,-26.925));
#10586=CARTESIAN_POINT('Origin',(20.4634728639603,-1.6,-26.5));
#10587=CARTESIAN_POINT('',(20.4634728639603,0.05,-26.925));
#10588=CARTESIAN_POINT('',(20.4634728639603,-1.6,-26.925));
#10589=CARTESIAN_POINT('Origin',(20.4634728639603,0.05,-26.5));
#10590=CARTESIAN_POINT('Origin',(23.0034728639603,-1.6,-29.04));
#10591=CARTESIAN_POINT('',(23.0034728639603,-1.6,-29.465));
#10592=CARTESIAN_POINT('Origin',(23.0034728639603,-1.6,-29.04));
#10593=CARTESIAN_POINT('',(23.0034728639603,0.05,-29.465));
#10594=CARTESIAN_POINT('',(23.0034728639603,-1.6,-29.465));
#10595=CARTESIAN_POINT('Origin',(23.0034728639603,0.05,-29.04));
#10596=CARTESIAN_POINT('Origin',(23.0034728639603,-1.6,-31.58));
#10597=CARTESIAN_POINT('',(23.0034728639603,-1.6,-32.005));
#10598=CARTESIAN_POINT('Origin',(23.0034728639603,-1.6,-31.58));
#10599=CARTESIAN_POINT('',(23.0034728639603,0.05,-32.005));
#10600=CARTESIAN_POINT('',(23.0034728639603,-1.6,-32.005));
#10601=CARTESIAN_POINT('Origin',(23.0034728639603,0.05,-31.58));
#10602=CARTESIAN_POINT('Origin',(20.4634728639603,-1.6,-29.04));
#10603=CARTESIAN_POINT('',(20.4634728639603,-1.6,-29.465));
#10604=CARTESIAN_POINT('Origin',(20.4634728639603,-1.6,-29.04));
#10605=CARTESIAN_POINT('',(20.4634728639603,0.05,-29.465));
#10606=CARTESIAN_POINT('',(20.4634728639603,-1.6,-29.465));
#10607=CARTESIAN_POINT('Origin',(20.4634728639603,0.05,-29.04));
#10608=CARTESIAN_POINT('Origin',(20.4634728639603,-1.6,-31.58));
#10609=CARTESIAN_POINT('',(20.4634728639603,-1.6,-32.005));
#10610=CARTESIAN_POINT('Origin',(20.4634728639603,-1.6,-31.58));
#10611=CARTESIAN_POINT('',(20.4634728639603,0.05,-32.005));
#10612=CARTESIAN_POINT('',(20.4634728639603,-1.6,-32.005));
#10613=CARTESIAN_POINT('Origin',(20.4634728639603,0.05,-31.58));
#10614=CARTESIAN_POINT('Origin',(17.9234728639603,-1.6,-26.5));
#10615=CARTESIAN_POINT('',(17.9234728639603,-1.6,-26.925));
#10616=CARTESIAN_POINT('Origin',(17.9234728639603,-1.6,-26.5));
#10617=CARTESIAN_POINT('',(17.9234728639603,0.05,-26.925));
#10618=CARTESIAN_POINT('',(17.9234728639603,-1.6,-26.925));
#10619=CARTESIAN_POINT('Origin',(17.9234728639603,0.05,-26.5));
#10620=CARTESIAN_POINT('Origin',(17.9234728639603,-1.6,-29.04));
#10621=CARTESIAN_POINT('',(17.9234728639603,-1.6,-29.465));
#10622=CARTESIAN_POINT('Origin',(17.9234728639603,-1.6,-29.04));
#10623=CARTESIAN_POINT('',(17.9234728639603,0.05,-29.465));
#10624=CARTESIAN_POINT('',(17.9234728639603,-1.6,-29.465));
#10625=CARTESIAN_POINT('Origin',(17.9234728639603,0.05,-29.04));
#10626=CARTESIAN_POINT('Origin',(17.9234728639603,-1.6,-31.58));
#10627=CARTESIAN_POINT('',(17.9234728639603,-1.6,-32.005));
#10628=CARTESIAN_POINT('Origin',(17.9234728639603,-1.6,-31.58));
#10629=CARTESIAN_POINT('',(17.9234728639603,0.05,-32.005));
#10630=CARTESIAN_POINT('',(17.9234728639603,-1.6,-32.005));
#10631=CARTESIAN_POINT('Origin',(17.9234728639603,0.05,-31.58));
#10632=CARTESIAN_POINT('Origin',(15.3834728639603,-1.6,-26.5));
#10633=CARTESIAN_POINT('',(15.3834728639603,-1.6,-26.925));
#10634=CARTESIAN_POINT('Origin',(15.3834728639603,-1.6,-26.5));
#10635=CARTESIAN_POINT('',(15.3834728639603,0.05,-26.925));
#10636=CARTESIAN_POINT('',(15.3834728639603,-1.6,-26.925));
#10637=CARTESIAN_POINT('Origin',(15.3834728639603,0.05,-26.5));
#10638=CARTESIAN_POINT('Origin',(15.3834728639603,-1.6,-29.0399999999999));
#10639=CARTESIAN_POINT('',(15.3834728639603,-1.6,-29.4649999999999));
#10640=CARTESIAN_POINT('Origin',(15.3834728639603,-1.6,-29.0399999999999));
#10641=CARTESIAN_POINT('',(15.3834728639603,0.05,-29.4649999999999));
#10642=CARTESIAN_POINT('',(15.3834728639603,-1.6,-29.4649999999999));
#10643=CARTESIAN_POINT('Origin',(15.3834728639603,0.05,-29.0399999999999));
#10644=CARTESIAN_POINT('Origin',(15.3834728639603,-1.6,-31.5799999999999));
#10645=CARTESIAN_POINT('',(15.3834728639603,-1.6,-32.0049999999999));
#10646=CARTESIAN_POINT('Origin',(15.3834728639603,-1.6,-31.5799999999999));
#10647=CARTESIAN_POINT('',(15.3834728639603,0.05,-32.0049999999999));
#10648=CARTESIAN_POINT('',(15.3834728639603,-1.6,-32.0049999999999));
#10649=CARTESIAN_POINT('Origin',(15.3834728639603,0.05,-31.5799999999999));
#10650=CARTESIAN_POINT('Origin',(10.5034728639603,-1.6,-26.4999999999999));
#10651=CARTESIAN_POINT('',(10.5034728639603,-1.6,-26.9249999999999));
#10652=CARTESIAN_POINT('Origin',(10.5034728639603,-1.6,-26.4999999999999));
#10653=CARTESIAN_POINT('',(10.5034728639603,0.05,-26.9249999999999));
#10654=CARTESIAN_POINT('',(10.5034728639603,-1.6,-26.9249999999999));
#10655=CARTESIAN_POINT('Origin',(10.5034728639603,0.05,-26.4999999999999));
#10656=CARTESIAN_POINT('Origin',(10.5034728639603,-1.6,-29.0399999999999));
#10657=CARTESIAN_POINT('',(10.5034728639603,-1.6,-29.4649999999999));
#10658=CARTESIAN_POINT('Origin',(10.5034728639603,-1.6,-29.0399999999999));
#10659=CARTESIAN_POINT('',(10.5034728639603,0.05,-29.4649999999999));
#10660=CARTESIAN_POINT('',(10.5034728639603,-1.6,-29.4649999999999));
#10661=CARTESIAN_POINT('Origin',(10.5034728639603,0.05,-29.0399999999999));
#10662=CARTESIAN_POINT('Origin',(10.5034728639603,-1.6,-31.5799999999999));
#10663=CARTESIAN_POINT('',(10.5034728639603,-1.6,-32.0049999999999));
#10664=CARTESIAN_POINT('Origin',(10.5034728639603,-1.6,-31.5799999999999));
#10665=CARTESIAN_POINT('',(10.5034728639603,0.05,-32.0049999999999));
#10666=CARTESIAN_POINT('',(10.5034728639603,-1.6,-32.0049999999999));
#10667=CARTESIAN_POINT('Origin',(10.5034728639603,0.05,-31.5799999999999));
#10668=CARTESIAN_POINT('Origin',(7.96347286396029,-1.6,-26.4999999999999));
#10669=CARTESIAN_POINT('',(7.96347286396029,-1.6,-26.9249999999999));
#10670=CARTESIAN_POINT('Origin',(7.96347286396029,-1.6,-26.4999999999999));
#10671=CARTESIAN_POINT('',(7.96347286396029,0.05,-26.9249999999999));
#10672=CARTESIAN_POINT('',(7.96347286396029,-1.6,-26.9249999999999));
#10673=CARTESIAN_POINT('Origin',(7.96347286396029,0.05,-26.4999999999999));
#10674=CARTESIAN_POINT('Origin',(7.96347286396028,-1.6,-29.0399999999999));
#10675=CARTESIAN_POINT('',(7.96347286396028,-1.6,-29.4649999999999));
#10676=CARTESIAN_POINT('Origin',(7.96347286396028,-1.6,-29.0399999999999));
#10677=CARTESIAN_POINT('',(7.96347286396028,0.05,-29.4649999999999));
#10678=CARTESIAN_POINT('',(7.96347286396028,-1.6,-29.4649999999999));
#10679=CARTESIAN_POINT('Origin',(7.96347286396028,0.05,-29.0399999999999));
#10680=CARTESIAN_POINT('Origin',(7.96347286396028,-1.6,-31.5799999999999));
#10681=CARTESIAN_POINT('',(7.96347286396028,-1.6,-32.0049999999999));
#10682=CARTESIAN_POINT('Origin',(7.96347286396028,-1.6,-31.5799999999999));
#10683=CARTESIAN_POINT('',(7.96347286396028,0.05,-32.0049999999999));
#10684=CARTESIAN_POINT('',(7.96347286396028,-1.6,-32.0049999999999));
#10685=CARTESIAN_POINT('Origin',(7.96347286396028,0.05,-31.5799999999999));
#10686=CARTESIAN_POINT('Origin',(5.42347286396029,-1.6,-26.4999999999999));
#10687=CARTESIAN_POINT('',(5.42347286396029,-1.6,-26.9249999999999));
#10688=CARTESIAN_POINT('Origin',(5.42347286396029,-1.6,-26.4999999999999));
#10689=CARTESIAN_POINT('',(5.42347286396029,0.05,-26.9249999999999));
#10690=CARTESIAN_POINT('',(5.42347286396029,-1.6,-26.9249999999999));
#10691=CARTESIAN_POINT('Origin',(5.42347286396029,0.05,-26.4999999999999));
#10692=CARTESIAN_POINT('Origin',(5.42347286396028,-1.6,-29.0399999999999));
#10693=CARTESIAN_POINT('',(5.42347286396028,-1.6,-29.4649999999999));
#10694=CARTESIAN_POINT('Origin',(5.42347286396028,-1.6,-29.0399999999999));
#10695=CARTESIAN_POINT('',(5.42347286396028,0.05,-29.4649999999999));
#10696=CARTESIAN_POINT('',(5.42347286396028,-1.6,-29.4649999999999));
#10697=CARTESIAN_POINT('Origin',(5.42347286396028,0.05,-29.0399999999999));
#10698=CARTESIAN_POINT('Origin',(5.42347286396027,-1.6,-31.5799999999999));
#10699=CARTESIAN_POINT('',(5.42347286396027,-1.6,-32.0049999999999));
#10700=CARTESIAN_POINT('Origin',(5.42347286396027,-1.6,-31.5799999999999));
#10701=CARTESIAN_POINT('',(5.42347286396027,0.05,-32.0049999999999));
#10702=CARTESIAN_POINT('',(5.42347286396027,-1.6,-32.0049999999999));
#10703=CARTESIAN_POINT('Origin',(5.42347286396027,0.05,-31.5799999999999));
#10704=CARTESIAN_POINT('Origin',(2.88347286396029,-1.6,-26.4999999999999));
#10705=CARTESIAN_POINT('',(2.88347286396029,-1.6,-26.9249999999999));
#10706=CARTESIAN_POINT('Origin',(2.88347286396029,-1.6,-26.4999999999999));
#10707=CARTESIAN_POINT('',(2.88347286396029,0.05,-26.9249999999999));
#10708=CARTESIAN_POINT('',(2.88347286396029,-1.6,-26.9249999999999));
#10709=CARTESIAN_POINT('Origin',(2.88347286396029,0.05,-26.4999999999999));
#10710=CARTESIAN_POINT('Origin',(2.88347286396029,-1.6,-29.0399999999999));
#10711=CARTESIAN_POINT('',(2.88347286396029,-1.6,-29.4649999999999));
#10712=CARTESIAN_POINT('Origin',(2.88347286396029,-1.6,-29.0399999999999));
#10713=CARTESIAN_POINT('',(2.88347286396029,0.05,-29.4649999999999));
#10714=CARTESIAN_POINT('',(2.88347286396029,-1.6,-29.4649999999999));
#10715=CARTESIAN_POINT('Origin',(2.88347286396029,0.05,-29.0399999999999));
#10716=CARTESIAN_POINT('Origin',(2.88347286396028,-1.6,-31.5799999999999));
#10717=CARTESIAN_POINT('',(2.88347286396028,-1.6,-32.0049999999998));
#10718=CARTESIAN_POINT('Origin',(2.88347286396028,-1.6,-31.5799999999999));
#10719=CARTESIAN_POINT('',(2.88347286396028,0.05,-32.0049999999998));
#10720=CARTESIAN_POINT('',(2.88347286396028,-1.6,-32.0049999999998));
#10721=CARTESIAN_POINT('Origin',(2.88347286396028,0.05,-31.5799999999999));
#10722=CARTESIAN_POINT('Origin',(28.0034728639603,-1.6,-24.5));
#10723=CARTESIAN_POINT('',(28.0034728639603,-1.6,-26.1));
#10724=CARTESIAN_POINT('Origin',(28.0034728639603,-1.6,-24.5));
#10725=CARTESIAN_POINT('',(28.0034728639603,0.05,-26.1));
#10726=CARTESIAN_POINT('',(28.0034728639603,-1.6,-26.1));
#10727=CARTESIAN_POINT('Origin',(28.0034728639603,0.05,-24.5));
#10728=CARTESIAN_POINT('Origin',(-29.9965271360397,-1.6,-24.5));
#10729=CARTESIAN_POINT('',(-29.9965271360397,-1.6,-26.1));
#10730=CARTESIAN_POINT('Origin',(-29.9965271360397,-1.6,-24.5));
#10731=CARTESIAN_POINT('',(-29.9965271360397,0.05,-26.1));
#10732=CARTESIAN_POINT('',(-29.9965271360397,-1.6,-26.1));
#10733=CARTESIAN_POINT('Origin',(-29.9965271360397,0.05,-24.5));
#10734=CARTESIAN_POINT('Origin',(-46.6558133330765,-1.6,-10.5));
#10735=CARTESIAN_POINT('',(-46.6558133330765,-1.6,-11.5));
#10736=CARTESIAN_POINT('Origin',(-46.6558133330765,-1.6,-10.5));
#10737=CARTESIAN_POINT('',(-46.6558133330765,0.05,-11.5));
#10738=CARTESIAN_POINT('',(-46.6558133330765,-1.6,-11.5));
#10739=CARTESIAN_POINT('Origin',(-46.6558133330765,0.05,-10.5));
#10740=CARTESIAN_POINT('Origin',(27.6627590609971,-1.6,10.5));
#10741=CARTESIAN_POINT('',(27.6627590609971,-1.6,9.5));
#10742=CARTESIAN_POINT('Origin',(27.6627590609971,-1.6,10.5));
#10743=CARTESIAN_POINT('',(27.6627590609971,0.05,9.5));
#10744=CARTESIAN_POINT('',(27.6627590609971,-1.6,9.5));
#10745=CARTESIAN_POINT('Origin',(27.6627590609971,0.05,10.5));
#10746=CARTESIAN_POINT('Origin',(23.0034728639603,-1.6,31.58));
#10747=CARTESIAN_POINT('',(23.0034728639603,-1.6,31.155));
#10748=CARTESIAN_POINT('Origin',(23.0034728639603,-1.6,31.58));
#10749=CARTESIAN_POINT('',(23.0034728639603,0.05,31.155));
#10750=CARTESIAN_POINT('',(23.0034728639603,-1.6,31.155));
#10751=CARTESIAN_POINT('Origin',(23.0034728639603,0.05,31.58));
#10752=CARTESIAN_POINT('Origin',(23.0034728639603,-1.6,29.04));
#10753=CARTESIAN_POINT('',(23.0034728639603,-1.6,28.615));
#10754=CARTESIAN_POINT('Origin',(23.0034728639603,-1.6,29.04));
#10755=CARTESIAN_POINT('',(23.0034728639603,0.05,28.615));
#10756=CARTESIAN_POINT('',(23.0034728639603,-1.6,28.615));
#10757=CARTESIAN_POINT('Origin',(23.0034728639603,0.05,29.04));
#10758=CARTESIAN_POINT('Origin',(23.0034728639603,-1.6,26.5));
#10759=CARTESIAN_POINT('',(23.0034728639603,-1.6,26.075));
#10760=CARTESIAN_POINT('Origin',(23.0034728639603,-1.6,26.5));
#10761=CARTESIAN_POINT('',(23.0034728639603,0.05,26.075));
#10762=CARTESIAN_POINT('',(23.0034728639603,-1.6,26.075));
#10763=CARTESIAN_POINT('Origin',(23.0034728639603,0.05,26.5));
#10764=CARTESIAN_POINT('Origin',(20.4634728639603,-1.6,31.58));
#10765=CARTESIAN_POINT('',(20.4634728639603,-1.6,31.155));
#10766=CARTESIAN_POINT('Origin',(20.4634728639603,-1.6,31.58));
#10767=CARTESIAN_POINT('',(20.4634728639603,0.05,31.155));
#10768=CARTESIAN_POINT('',(20.4634728639603,-1.6,31.155));
#10769=CARTESIAN_POINT('Origin',(20.4634728639603,0.05,31.58));
#10770=CARTESIAN_POINT('Origin',(20.4634728639603,-1.6,29.04));
#10771=CARTESIAN_POINT('',(20.4634728639603,-1.6,28.615));
#10772=CARTESIAN_POINT('Origin',(20.4634728639603,-1.6,29.04));
#10773=CARTESIAN_POINT('',(20.4634728639603,0.05,28.615));
#10774=CARTESIAN_POINT('',(20.4634728639603,-1.6,28.615));
#10775=CARTESIAN_POINT('Origin',(20.4634728639603,0.05,29.04));
#10776=CARTESIAN_POINT('Origin',(20.4634728639603,-1.6,26.5));
#10777=CARTESIAN_POINT('',(20.4634728639603,-1.6,26.075));
#10778=CARTESIAN_POINT('Origin',(20.4634728639603,-1.6,26.5));
#10779=CARTESIAN_POINT('',(20.4634728639603,0.05,26.075));
#10780=CARTESIAN_POINT('',(20.4634728639603,-1.6,26.075));
#10781=CARTESIAN_POINT('Origin',(20.4634728639603,0.05,26.5));
#10782=CARTESIAN_POINT('Origin',(28.0034728639603,-1.6,24.5));
#10783=CARTESIAN_POINT('',(28.0034728639603,-1.6,22.9));
#10784=CARTESIAN_POINT('Origin',(28.0034728639603,-1.6,24.5));
#10785=CARTESIAN_POINT('',(28.0034728639603,0.05,22.9));
#10786=CARTESIAN_POINT('',(28.0034728639603,-1.6,22.9));
#10787=CARTESIAN_POINT('Origin',(28.0034728639603,0.05,24.5));
#10788=CARTESIAN_POINT('Origin',(17.9234728639603,-1.6,31.58));
#10789=CARTESIAN_POINT('',(17.9234728639603,-1.6,31.155));
#10790=CARTESIAN_POINT('Origin',(17.9234728639603,-1.6,31.58));
#10791=CARTESIAN_POINT('',(17.9234728639603,0.05,31.155));
#10792=CARTESIAN_POINT('',(17.9234728639603,-1.6,31.155));
#10793=CARTESIAN_POINT('Origin',(17.9234728639603,0.05,31.58));
#10794=CARTESIAN_POINT('Origin',(17.9234728639603,-1.6,29.04));
#10795=CARTESIAN_POINT('',(17.9234728639603,-1.6,28.615));
#10796=CARTESIAN_POINT('Origin',(17.9234728639603,-1.6,29.04));
#10797=CARTESIAN_POINT('',(17.9234728639603,0.05,28.615));
#10798=CARTESIAN_POINT('',(17.9234728639603,-1.6,28.615));
#10799=CARTESIAN_POINT('Origin',(17.9234728639603,0.05,29.04));
#10800=CARTESIAN_POINT('Origin',(17.9234728639603,-1.6,26.5));
#10801=CARTESIAN_POINT('',(17.9234728639603,-1.6,26.075));
#10802=CARTESIAN_POINT('Origin',(17.9234728639603,-1.6,26.5));
#10803=CARTESIAN_POINT('',(17.9234728639603,0.05,26.075));
#10804=CARTESIAN_POINT('',(17.9234728639603,-1.6,26.075));
#10805=CARTESIAN_POINT('Origin',(17.9234728639603,0.05,26.5));
#10806=CARTESIAN_POINT('Origin',(15.3834728639603,-1.6,31.5799999999999));
#10807=CARTESIAN_POINT('',(15.3834728639603,-1.6,31.1549999999999));
#10808=CARTESIAN_POINT('Origin',(15.3834728639603,-1.6,31.5799999999999));
#10809=CARTESIAN_POINT('',(15.3834728639603,0.05,31.1549999999999));
#10810=CARTESIAN_POINT('',(15.3834728639603,-1.6,31.1549999999999));
#10811=CARTESIAN_POINT('Origin',(15.3834728639603,0.05,31.5799999999999));
#10812=CARTESIAN_POINT('Origin',(15.3834728639603,-1.6,29.0399999999999));
#10813=CARTESIAN_POINT('',(15.3834728639603,-1.6,28.6149999999999));
#10814=CARTESIAN_POINT('Origin',(15.3834728639603,-1.6,29.0399999999999));
#10815=CARTESIAN_POINT('',(15.3834728639603,0.05,28.6149999999999));
#10816=CARTESIAN_POINT('',(15.3834728639603,-1.6,28.6149999999999));
#10817=CARTESIAN_POINT('Origin',(15.3834728639603,0.05,29.0399999999999));
#10818=CARTESIAN_POINT('Origin',(15.3834728639603,-1.6,26.5));
#10819=CARTESIAN_POINT('',(15.3834728639603,-1.6,26.0749999999999));
#10820=CARTESIAN_POINT('Origin',(15.3834728639603,-1.6,26.5));
#10821=CARTESIAN_POINT('',(15.3834728639603,0.05,26.0749999999999));
#10822=CARTESIAN_POINT('',(15.3834728639603,-1.6,26.0749999999999));
#10823=CARTESIAN_POINT('Origin',(15.3834728639603,0.05,26.5));
#10824=CARTESIAN_POINT('Origin',(10.5034728639603,-1.6,31.5799999999999));
#10825=CARTESIAN_POINT('',(10.5034728639603,-1.6,31.1549999999999));
#10826=CARTESIAN_POINT('Origin',(10.5034728639603,-1.6,31.5799999999999));
#10827=CARTESIAN_POINT('',(10.5034728639603,0.05,31.1549999999999));
#10828=CARTESIAN_POINT('',(10.5034728639603,-1.6,31.1549999999999));
#10829=CARTESIAN_POINT('Origin',(10.5034728639603,0.05,31.5799999999999));
#10830=CARTESIAN_POINT('Origin',(10.5034728639603,-1.6,29.0399999999999));
#10831=CARTESIAN_POINT('',(10.5034728639603,-1.6,28.6149999999999));
#10832=CARTESIAN_POINT('Origin',(10.5034728639603,-1.6,29.0399999999999));
#10833=CARTESIAN_POINT('',(10.5034728639603,0.05,28.6149999999999));
#10834=CARTESIAN_POINT('',(10.5034728639603,-1.6,28.6149999999999));
#10835=CARTESIAN_POINT('Origin',(10.5034728639603,0.05,29.0399999999999));
#10836=CARTESIAN_POINT('Origin',(10.5034728639603,-1.6,26.4999999999999));
#10837=CARTESIAN_POINT('',(10.5034728639603,-1.6,26.0749999999999));
#10838=CARTESIAN_POINT('Origin',(10.5034728639603,-1.6,26.4999999999999));
#10839=CARTESIAN_POINT('',(10.5034728639603,0.05,26.0749999999999));
#10840=CARTESIAN_POINT('',(10.5034728639603,-1.6,26.0749999999999));
#10841=CARTESIAN_POINT('Origin',(10.5034728639603,0.05,26.4999999999999));
#10842=CARTESIAN_POINT('Origin',(7.96347286396028,-1.6,31.5799999999999));
#10843=CARTESIAN_POINT('',(7.96347286396028,-1.6,31.1549999999999));
#10844=CARTESIAN_POINT('Origin',(7.96347286396028,-1.6,31.5799999999999));
#10845=CARTESIAN_POINT('',(7.96347286396028,0.05,31.1549999999999));
#10846=CARTESIAN_POINT('',(7.96347286396028,-1.6,31.1549999999999));
#10847=CARTESIAN_POINT('Origin',(7.96347286396028,0.05,31.5799999999999));
#10848=CARTESIAN_POINT('Origin',(7.96347286396029,-1.6,26.4999999999999));
#10849=CARTESIAN_POINT('',(7.96347286396029,-1.6,26.0749999999999));
#10850=CARTESIAN_POINT('Origin',(7.96347286396029,-1.6,26.4999999999999));
#10851=CARTESIAN_POINT('',(7.96347286396029,0.05,26.0749999999999));
#10852=CARTESIAN_POINT('',(7.96347286396029,-1.6,26.0749999999999));
#10853=CARTESIAN_POINT('Origin',(7.96347286396029,0.05,26.4999999999999));
#10854=CARTESIAN_POINT('Origin',(7.96347286396028,-1.6,29.0399999999999));
#10855=CARTESIAN_POINT('',(7.96347286396028,-1.6,28.6149999999999));
#10856=CARTESIAN_POINT('Origin',(7.96347286396028,-1.6,29.0399999999999));
#10857=CARTESIAN_POINT('',(7.96347286396028,0.05,28.6149999999999));
#10858=CARTESIAN_POINT('',(7.96347286396028,-1.6,28.6149999999999));
#10859=CARTESIAN_POINT('Origin',(7.96347286396028,0.05,29.0399999999999));
#10860=CARTESIAN_POINT('Origin',(5.42347286396027,-1.6,31.5799999999999));
#10861=CARTESIAN_POINT('',(5.42347286396027,-1.6,31.1549999999999));
#10862=CARTESIAN_POINT('Origin',(5.42347286396027,-1.6,31.5799999999999));
#10863=CARTESIAN_POINT('',(5.42347286396027,0.05,31.1549999999999));
#10864=CARTESIAN_POINT('',(5.42347286396027,-1.6,31.1549999999999));
#10865=CARTESIAN_POINT('Origin',(5.42347286396027,0.05,31.5799999999999));
#10866=CARTESIAN_POINT('Origin',(5.42347286396028,-1.6,29.0399999999999));
#10867=CARTESIAN_POINT('',(5.42347286396028,-1.6,28.6149999999999));
#10868=CARTESIAN_POINT('Origin',(5.42347286396028,-1.6,29.0399999999999));
#10869=CARTESIAN_POINT('',(5.42347286396028,0.05,28.6149999999999));
#10870=CARTESIAN_POINT('',(5.42347286396028,-1.6,28.6149999999999));
#10871=CARTESIAN_POINT('Origin',(5.42347286396028,0.05,29.0399999999999));
#10872=CARTESIAN_POINT('Origin',(5.42347286396029,-1.6,26.4999999999999));
#10873=CARTESIAN_POINT('',(5.42347286396029,-1.6,26.0749999999999));
#10874=CARTESIAN_POINT('Origin',(5.42347286396029,-1.6,26.4999999999999));
#10875=CARTESIAN_POINT('',(5.42347286396029,0.05,26.0749999999999));
#10876=CARTESIAN_POINT('',(5.42347286396029,-1.6,26.0749999999999));
#10877=CARTESIAN_POINT('Origin',(5.42347286396029,0.05,26.4999999999999));
#10878=CARTESIAN_POINT('Origin',(2.88347286396028,-1.6,31.5799999999999));
#10879=CARTESIAN_POINT('',(2.88347286396028,-1.6,31.1549999999999));
#10880=CARTESIAN_POINT('Origin',(2.88347286396028,-1.6,31.5799999999999));
#10881=CARTESIAN_POINT('',(2.88347286396028,0.05,31.1549999999999));
#10882=CARTESIAN_POINT('',(2.88347286396028,-1.6,31.1549999999999));
#10883=CARTESIAN_POINT('Origin',(2.88347286396028,0.05,31.5799999999999));
#10884=CARTESIAN_POINT('Origin',(2.88347286396029,-1.6,29.0399999999999));
#10885=CARTESIAN_POINT('',(2.88347286396029,-1.6,28.6149999999999));
#10886=CARTESIAN_POINT('Origin',(2.88347286396029,-1.6,29.0399999999999));
#10887=CARTESIAN_POINT('',(2.88347286396029,0.05,28.6149999999999));
#10888=CARTESIAN_POINT('',(2.88347286396029,-1.6,28.6149999999999));
#10889=CARTESIAN_POINT('Origin',(2.88347286396029,0.05,29.0399999999999));
#10890=CARTESIAN_POINT('Origin',(2.88347286396029,-1.6,26.4999999999999));
#10891=CARTESIAN_POINT('',(2.88347286396029,-1.6,26.0749999999999));
#10892=CARTESIAN_POINT('Origin',(2.88347286396029,-1.6,26.4999999999999));
#10893=CARTESIAN_POINT('',(2.88347286396029,0.05,26.0749999999999));
#10894=CARTESIAN_POINT('',(2.88347286396029,-1.6,26.0749999999999));
#10895=CARTESIAN_POINT('Origin',(2.88347286396029,0.05,26.4999999999999));
#10896=CARTESIAN_POINT('Origin',(-46.6558133330765,-1.6,10.5));
#10897=CARTESIAN_POINT('',(-46.6558133330765,-1.6,9.5));
#10898=CARTESIAN_POINT('Origin',(-46.6558133330765,-1.6,10.5));
#10899=CARTESIAN_POINT('',(-46.6558133330765,0.05,9.5));
#10900=CARTESIAN_POINT('',(-46.6558133330765,-1.6,9.5));
#10901=CARTESIAN_POINT('Origin',(-46.6558133330765,0.05,10.5));
#10902=CARTESIAN_POINT('Origin',(-29.9965271360397,-1.6,24.5));
#10903=CARTESIAN_POINT('',(-29.9965271360397,-1.6,22.9));
#10904=CARTESIAN_POINT('Origin',(-29.9965271360397,-1.6,24.5));
#10905=CARTESIAN_POINT('',(-29.9965271360397,0.05,22.9));
#10906=CARTESIAN_POINT('',(-29.9965271360397,-1.6,22.9));
#10907=CARTESIAN_POINT('Origin',(-29.9965271360397,0.05,24.5));
#10908=CARTESIAN_POINT('Origin',(-44.9965271360397,0.,-33.));
#10909=CARTESIAN_POINT('',(-50.9965271360397,0.,33.));
#10910=CARTESIAN_POINT('',(-50.9965271360397,0.,-33.));
#10911=CARTESIAN_POINT('',(-50.9965271360397,0.,33.));
#10912=CARTESIAN_POINT('',(-44.9965271360397,0.,39.));
#10913=CARTESIAN_POINT('Origin',(-44.9965271360397,0.,33.));
#10914=CARTESIAN_POINT('',(26.0034728639603,0.,39.));
#10915=CARTESIAN_POINT('',(-44.9965271360397,0.,39.));
#10916=CARTESIAN_POINT('',(32.0034728639603,0.,33.));
#10917=CARTESIAN_POINT('Origin',(26.0034728639603,0.,33.));
#10918=CARTESIAN_POINT('',(32.0034728639603,0.,-33.));
#10919=CARTESIAN_POINT('',(32.0034728639603,0.,-33.));
#10920=CARTESIAN_POINT('',(26.0034728639603,0.,-39.));
#10921=CARTESIAN_POINT('Origin',(26.0034728639603,0.,-33.));
#10922=CARTESIAN_POINT('',(-44.9965271360397,0.,-39.));
#10923=CARTESIAN_POINT('',(-44.9965271360397,0.,-39.));
#10924=CARTESIAN_POINT('Origin',(-44.9965271360397,0.,-33.));
#10925=CARTESIAN_POINT('',(-44.4965271360397,0.,-23.75));
#10926=CARTESIAN_POINT('',(-43.4965271360397,0.,-23.75));
#10927=CARTESIAN_POINT('',(0.,0.,-23.75));
#10928=CARTESIAN_POINT('',(-44.4965271360397,0.,-26.25));
#10929=CARTESIAN_POINT('',(-44.4965271360397,0.,0.));
#10930=CARTESIAN_POINT('',(-43.4965271360397,0.,-26.25));
#10931=CARTESIAN_POINT('',(0.,0.,-26.25));
#10932=CARTESIAN_POINT('',(-43.4965271360397,0.,0.));
#10933=CARTESIAN_POINT('',(-40.4965271360397,0.,-23.75));
#10934=CARTESIAN_POINT('',(-39.4965271360397,0.,-23.75));
#10935=CARTESIAN_POINT('',(0.,0.,-23.75));
#10936=CARTESIAN_POINT('',(-40.4965271360397,0.,-26.25));
#10937=CARTESIAN_POINT('',(-40.4965271360397,0.,0.));
#10938=CARTESIAN_POINT('',(-39.4965271360397,0.,-26.25));
#10939=CARTESIAN_POINT('',(0.,0.,-26.25));
#10940=CARTESIAN_POINT('',(-39.4965271360397,0.,0.));
#10941=CARTESIAN_POINT('',(-42.4965271360397,0.,-30.25));
#10942=CARTESIAN_POINT('',(-41.4965271360397,0.,-30.25));
#10943=CARTESIAN_POINT('',(0.,0.,-30.25));
#10944=CARTESIAN_POINT('',(-42.4965271360397,0.,-32.75));
#10945=CARTESIAN_POINT('',(-42.4965271360397,0.,0.));
#10946=CARTESIAN_POINT('',(-41.4965271360397,0.,-32.75));
#10947=CARTESIAN_POINT('',(0.,0.,-32.75));
#10948=CARTESIAN_POINT('',(-41.4965271360397,0.,0.));
#10949=CARTESIAN_POINT('',(-25.2765271360397,0.,-35.9999999999998));
#10950=CARTESIAN_POINT('',(-25.2765271360397,0.,-33.9999999999998));
#10951=CARTESIAN_POINT('',(-25.2765271360397,0.,0.));
#10952=CARTESIAN_POINT('',(-24.2765271360397,0.,-35.9999999999998));
#10953=CARTESIAN_POINT('',(0.,0.,-35.9999999999998));
#10954=CARTESIAN_POINT('',(-24.2765271360397,0.,-33.9999999999998));
#10955=CARTESIAN_POINT('',(-24.2765271360397,0.,0.));
#10956=CARTESIAN_POINT('',(0.,0.,-33.9999999999998));
#10957=CARTESIAN_POINT('',(-25.2765271360397,0.,-29.9999999999999));
#10958=CARTESIAN_POINT('',(-25.2765271360397,0.,-27.9999999999999));
#10959=CARTESIAN_POINT('',(-25.2765271360397,0.,0.));
#10960=CARTESIAN_POINT('',(-24.2765271360397,0.,-29.9999999999999));
#10961=CARTESIAN_POINT('',(0.,0.,-29.9999999999999));
#10962=CARTESIAN_POINT('',(-24.2765271360397,0.,-27.9999999999999));
#10963=CARTESIAN_POINT('',(-24.2765271360397,0.,0.));
#10964=CARTESIAN_POINT('',(0.,0.,-27.9999999999999));
#10965=CARTESIAN_POINT('',(-20.1965271360397,0.,-35.9999999999999));
#10966=CARTESIAN_POINT('',(-20.1965271360397,0.,-33.9999999999999));
#10967=CARTESIAN_POINT('',(-20.1965271360397,0.,0.));
#10968=CARTESIAN_POINT('',(-19.1965271360397,0.,-35.9999999999999));
#10969=CARTESIAN_POINT('',(0.,0.,-35.9999999999999));
#10970=CARTESIAN_POINT('',(-19.1965271360397,0.,-33.9999999999999));
#10971=CARTESIAN_POINT('',(-19.1965271360397,0.,0.));
#10972=CARTESIAN_POINT('',(0.,0.,-33.9999999999999));
#10973=CARTESIAN_POINT('',(-17.6565271360397,0.,-35.9999999999999));
#10974=CARTESIAN_POINT('',(-17.6565271360397,0.,-33.9999999999999));
#10975=CARTESIAN_POINT('',(-17.6565271360397,0.,0.));
#10976=CARTESIAN_POINT('',(-16.6565271360397,0.,-35.9999999999999));
#10977=CARTESIAN_POINT('',(0.,0.,-35.9999999999999));
#10978=CARTESIAN_POINT('',(-16.6565271360397,0.,-33.9999999999999));
#10979=CARTESIAN_POINT('',(-16.6565271360397,0.,2.88944686511327E-14));
#10980=CARTESIAN_POINT('',(0.,0.,-33.9999999999999));
#10981=CARTESIAN_POINT('',(-12.5765271360397,0.,-35.9999999999999));
#10982=CARTESIAN_POINT('',(-12.5765271360397,0.,-33.9999999999999));
#10983=CARTESIAN_POINT('',(-12.5765271360397,0.,0.));
#10984=CARTESIAN_POINT('',(-11.5765271360397,0.,-35.9999999999999));
#10985=CARTESIAN_POINT('',(0.,0.,-35.9999999999999));
#10986=CARTESIAN_POINT('',(-11.5765271360397,0.,-33.9999999999999));
#10987=CARTESIAN_POINT('',(-11.5765271360397,0.,1.00410366965853E-14));
#10988=CARTESIAN_POINT('',(0.,0.,-33.9999999999999));
#10989=CARTESIAN_POINT('',(-7.49652713603974,0.,-36.));
#10990=CARTESIAN_POINT('',(-7.49652713603974,0.,-34.));
#10991=CARTESIAN_POINT('',(-7.49652713603972,0.,3.25110040279632E-15));
#10992=CARTESIAN_POINT('',(-6.49652713603974,0.,-36.));
#10993=CARTESIAN_POINT('',(0.,0.,-36.));
#10994=CARTESIAN_POINT('',(-6.49652713603974,0.,-34.));
#10995=CARTESIAN_POINT('',(-6.49652713603971,0.,5.63483906760422E-15));
#10996=CARTESIAN_POINT('',(0.,0.,-34.));
#10997=CARTESIAN_POINT('',(-12.5765271360397,0.,-30.));
#10998=CARTESIAN_POINT('',(-12.5765271360397,0.,-28.));
#10999=CARTESIAN_POINT('',(-12.5765271360397,0.,0.));
#11000=CARTESIAN_POINT('',(-11.5765271360397,0.,-30.));
#11001=CARTESIAN_POINT('',(0.,0.,-30.));
#11002=CARTESIAN_POINT('',(-11.5765271360397,0.,-28.));
#11003=CARTESIAN_POINT('',(-11.5765271360397,0.,1.00410366965853E-14));
#11004=CARTESIAN_POINT('',(0.,0.,-28.));
#11005=CARTESIAN_POINT('',(-17.6565271360397,0.,-29.9999999999999));
#11006=CARTESIAN_POINT('',(-17.6565271360397,0.,-27.9999999999999));
#11007=CARTESIAN_POINT('',(-17.6565271360397,0.,0.));
#11008=CARTESIAN_POINT('',(-16.6565271360397,0.,-29.9999999999999));
#11009=CARTESIAN_POINT('',(0.,0.,-29.9999999999999));
#11010=CARTESIAN_POINT('',(-16.6565271360397,0.,-27.9999999999999));
#11011=CARTESIAN_POINT('',(-16.6565271360397,0.,2.88944686511327E-14));
#11012=CARTESIAN_POINT('',(0.,0.,-27.9999999999999));
#11013=CARTESIAN_POINT('',(-44.4965271360397,0.,23.75));
#11014=CARTESIAN_POINT('',(-44.4965271360397,0.,26.25));
#11015=CARTESIAN_POINT('',(-44.4965271360397,0.,0.));
#11016=CARTESIAN_POINT('',(-43.4965271360397,0.,23.75));
#11017=CARTESIAN_POINT('',(0.,0.,23.75));
#11018=CARTESIAN_POINT('',(-43.4965271360397,0.,26.25));
#11019=CARTESIAN_POINT('',(-43.4965271360397,0.,0.));
#11020=CARTESIAN_POINT('',(0.,0.,26.25));
#11021=CARTESIAN_POINT('',(-42.4965271360397,0.,30.25));
#11022=CARTESIAN_POINT('',(-42.4965271360397,0.,32.75));
#11023=CARTESIAN_POINT('',(-42.4965271360397,0.,0.));
#11024=CARTESIAN_POINT('',(-41.4965271360397,0.,30.25));
#11025=CARTESIAN_POINT('',(0.,0.,30.25));
#11026=CARTESIAN_POINT('',(-41.4965271360397,0.,32.75));
#11027=CARTESIAN_POINT('',(-41.4965271360397,0.,0.));
#11028=CARTESIAN_POINT('',(0.,0.,32.75));
#11029=CARTESIAN_POINT('',(-40.4965271360397,0.,23.75));
#11030=CARTESIAN_POINT('',(-40.4965271360397,0.,26.25));
#11031=CARTESIAN_POINT('',(-40.4965271360397,0.,0.));
#11032=CARTESIAN_POINT('',(-39.4965271360397,0.,23.75));
#11033=CARTESIAN_POINT('',(0.,0.,23.75));
#11034=CARTESIAN_POINT('',(-39.4965271360397,0.,26.25));
#11035=CARTESIAN_POINT('',(-39.4965271360397,0.,0.));
#11036=CARTESIAN_POINT('',(0.,0.,26.25));
#11037=CARTESIAN_POINT('',(-40.4965271360397,0.,30.25));
#11038=CARTESIAN_POINT('',(-40.4965271360397,0.,32.75));
#11039=CARTESIAN_POINT('',(-40.4965271360397,0.,0.));
#11040=CARTESIAN_POINT('',(-39.4965271360397,0.,30.25));
#11041=CARTESIAN_POINT('',(0.,0.,30.25));
#11042=CARTESIAN_POINT('',(-39.4965271360397,0.,32.75));
#11043=CARTESIAN_POINT('',(-39.4965271360397,0.,0.));
#11044=CARTESIAN_POINT('',(0.,0.,32.75));
#11045=CARTESIAN_POINT('',(-42.4965271360397,0.,23.75));
#11046=CARTESIAN_POINT('',(-42.4965271360397,0.,26.25));
#11047=CARTESIAN_POINT('',(-42.4965271360397,0.,0.));
#11048=CARTESIAN_POINT('',(-41.4965271360397,0.,23.75));
#11049=CARTESIAN_POINT('',(0.,0.,23.75));
#11050=CARTESIAN_POINT('',(-41.4965271360397,0.,26.25));
#11051=CARTESIAN_POINT('',(-41.4965271360397,0.,0.));
#11052=CARTESIAN_POINT('',(0.,0.,26.25));
#11053=CARTESIAN_POINT('',(-44.4965271360397,0.,30.25));
#11054=CARTESIAN_POINT('',(-44.4965271360397,0.,32.75));
#11055=CARTESIAN_POINT('',(-44.4965271360397,0.,0.));
#11056=CARTESIAN_POINT('',(-43.4965271360397,0.,30.25));
#11057=CARTESIAN_POINT('',(0.,0.,30.25));
#11058=CARTESIAN_POINT('',(-43.4965271360397,0.,32.75));
#11059=CARTESIAN_POINT('',(-43.4965271360397,0.,0.));
#11060=CARTESIAN_POINT('',(0.,0.,32.75));
#11061=CARTESIAN_POINT('',(21.7534728639603,0.,25.));
#11062=CARTESIAN_POINT('',(22.7534728639603,0.,25.));
#11063=CARTESIAN_POINT('',(0.,0.,25.));
#11064=CARTESIAN_POINT('',(21.7534728639603,0.,23.));
#11065=CARTESIAN_POINT('',(21.7534728639603,0.,0.));
#11066=CARTESIAN_POINT('',(22.7534728639603,0.,23.));
#11067=CARTESIAN_POINT('',(0.,0.,23.));
#11068=CARTESIAN_POINT('',(22.7534728639603,0.,0.));
#11069=CARTESIAN_POINT('',(19.2134728639603,0.,25.));
#11070=CARTESIAN_POINT('',(20.2134728639603,0.,25.));
#11071=CARTESIAN_POINT('',(0.,0.,25.));
#11072=CARTESIAN_POINT('',(19.2134728639603,0.,23.));
#11073=CARTESIAN_POINT('',(19.2134728639603,0.,0.));
#11074=CARTESIAN_POINT('',(20.2134728639603,0.,23.));
#11075=CARTESIAN_POINT('',(0.,0.,23.));
#11076=CARTESIAN_POINT('',(20.2134728639603,0.,0.));
#11077=CARTESIAN_POINT('',(16.6734728639603,0.,25.));
#11078=CARTESIAN_POINT('',(17.6734728639603,0.,25.));
#11079=CARTESIAN_POINT('',(0.,0.,25.));
#11080=CARTESIAN_POINT('',(16.6734728639603,0.,23.));
#11081=CARTESIAN_POINT('',(16.6734728639603,0.,0.));
#11082=CARTESIAN_POINT('',(17.6734728639603,0.,23.));
#11083=CARTESIAN_POINT('',(0.,0.,23.));
#11084=CARTESIAN_POINT('',(17.6734728639603,0.,0.));
#11085=CARTESIAN_POINT('',(14.1334728639603,0.,25.0000000000001));
#11086=CARTESIAN_POINT('',(15.1334728639603,0.,25.0000000000001));
#11087=CARTESIAN_POINT('',(0.,0.,25.0000000000001));
#11088=CARTESIAN_POINT('',(14.1334728639603,0.,23.0000000000001));
#11089=CARTESIAN_POINT('',(14.1334728639603,0.,0.));
#11090=CARTESIAN_POINT('',(15.1334728639603,0.,23.0000000000001));
#11091=CARTESIAN_POINT('',(0.,0.,23.0000000000001));
#11092=CARTESIAN_POINT('',(15.1334728639603,0.,0.));
#11093=CARTESIAN_POINT('',(11.5934728639603,0.,25.0000000000001));
#11094=CARTESIAN_POINT('',(12.5934728639603,0.,25.0000000000001));
#11095=CARTESIAN_POINT('',(0.,0.,25.0000000000001));
#11096=CARTESIAN_POINT('',(11.5934728639603,0.,23.0000000000001));
#11097=CARTESIAN_POINT('',(11.5934728639603,0.,0.));
#11098=CARTESIAN_POINT('',(12.5934728639603,0.,23.0000000000001));
#11099=CARTESIAN_POINT('',(0.,0.,23.0000000000001));
#11100=CARTESIAN_POINT('',(12.5934728639603,0.,0.));
#11101=CARTESIAN_POINT('',(9.0534728639603,0.,25.0000000000001));
#11102=CARTESIAN_POINT('',(10.0534728639603,0.,25.0000000000001));
#11103=CARTESIAN_POINT('',(0.,0.,25.0000000000001));
#11104=CARTESIAN_POINT('',(9.0534728639603,0.,23.0000000000001));
#11105=CARTESIAN_POINT('',(9.0534728639603,0.,0.));
#11106=CARTESIAN_POINT('',(10.0534728639603,0.,23.0000000000001));
#11107=CARTESIAN_POINT('',(0.,0.,23.0000000000001));
#11108=CARTESIAN_POINT('',(10.0534728639603,0.,0.));
#11109=CARTESIAN_POINT('',(6.5134728639603,0.,25.0000000000001));
#11110=CARTESIAN_POINT('',(7.5134728639603,0.,25.0000000000001));
#11111=CARTESIAN_POINT('',(0.,0.,25.0000000000001));
#11112=CARTESIAN_POINT('',(6.5134728639603,0.,23.0000000000001));
#11113=CARTESIAN_POINT('',(6.5134728639603,0.,0.));
#11114=CARTESIAN_POINT('',(7.5134728639603,0.,23.0000000000001));
#11115=CARTESIAN_POINT('',(0.,0.,23.0000000000001));
#11116=CARTESIAN_POINT('',(7.5134728639603,0.,0.));
#11117=CARTESIAN_POINT('',(3.9734728639603,0.,25.0000000000001));
#11118=CARTESIAN_POINT('',(4.9734728639603,0.,25.0000000000001));
#11119=CARTESIAN_POINT('',(0.,0.,25.0000000000001));
#11120=CARTESIAN_POINT('',(3.9734728639603,0.,23.0000000000001));
#11121=CARTESIAN_POINT('',(3.9734728639603,0.,0.));
#11122=CARTESIAN_POINT('',(4.9734728639603,0.,23.0000000000001));
#11123=CARTESIAN_POINT('',(0.,0.,23.0000000000001));
#11124=CARTESIAN_POINT('',(4.9734728639603,0.,0.));
#11125=CARTESIAN_POINT('',(11.5934728639603,0.,19.0000000000001));
#11126=CARTESIAN_POINT('',(12.5934728639603,0.,19.0000000000001));
#11127=CARTESIAN_POINT('',(0.,0.,19.0000000000001));
#11128=CARTESIAN_POINT('',(11.5934728639603,0.,17.0000000000001));
#11129=CARTESIAN_POINT('',(11.5934728639603,0.,0.));
#11130=CARTESIAN_POINT('',(12.5934728639603,0.,17.0000000000001));
#11131=CARTESIAN_POINT('',(0.,0.,17.0000000000001));
#11132=CARTESIAN_POINT('',(12.5934728639603,0.,0.));
#11133=CARTESIAN_POINT('',(9.05347286396028,0.,19.0000000000001));
#11134=CARTESIAN_POINT('',(10.0534728639603,0.,19.0000000000001));
#11135=CARTESIAN_POINT('',(0.,0.,19.0000000000001));
#11136=CARTESIAN_POINT('',(9.05347286396028,0.,17.0000000000001));
#11137=CARTESIAN_POINT('',(9.05347286396028,0.,0.));
#11138=CARTESIAN_POINT('',(10.0534728639603,0.,17.0000000000001));
#11139=CARTESIAN_POINT('',(0.,0.,17.0000000000001));
#11140=CARTESIAN_POINT('',(10.0534728639603,0.,0.));
#11141=CARTESIAN_POINT('',(6.51347286396028,0.,19.0000000000001));
#11142=CARTESIAN_POINT('',(7.51347286396028,0.,19.0000000000001));
#11143=CARTESIAN_POINT('',(0.,0.,19.0000000000001));
#11144=CARTESIAN_POINT('',(6.51347286396028,0.,17.0000000000001));
#11145=CARTESIAN_POINT('',(6.51347286396028,0.,0.));
#11146=CARTESIAN_POINT('',(7.51347286396028,0.,17.0000000000001));
#11147=CARTESIAN_POINT('',(0.,0.,17.0000000000001));
#11148=CARTESIAN_POINT('',(7.51347286396028,0.,0.));
#11149=CARTESIAN_POINT('',(3.97347286396028,0.,19.0000000000001));
#11150=CARTESIAN_POINT('',(4.97347286396028,0.,19.0000000000001));
#11151=CARTESIAN_POINT('',(0.,0.,19.0000000000001));
#11152=CARTESIAN_POINT('',(3.97347286396028,0.,17.0000000000001));
#11153=CARTESIAN_POINT('',(3.97347286396028,0.,0.));
#11154=CARTESIAN_POINT('',(4.97347286396028,0.,17.0000000000001));
#11155=CARTESIAN_POINT('',(0.,0.,17.0000000000001));
#11156=CARTESIAN_POINT('',(4.97347286396028,0.,0.));
#11157=CARTESIAN_POINT('',(21.7534728639603,0.,19.));
#11158=CARTESIAN_POINT('',(22.7534728639603,0.,19.));
#11159=CARTESIAN_POINT('',(0.,0.,19.));
#11160=CARTESIAN_POINT('',(21.7534728639603,0.,17.));
#11161=CARTESIAN_POINT('',(21.7534728639603,0.,0.));
#11162=CARTESIAN_POINT('',(22.7534728639603,0.,17.));
#11163=CARTESIAN_POINT('',(0.,0.,17.));
#11164=CARTESIAN_POINT('',(22.7534728639603,0.,0.));
#11165=CARTESIAN_POINT('',(19.2134728639603,0.,19.));
#11166=CARTESIAN_POINT('',(20.2134728639603,0.,19.));
#11167=CARTESIAN_POINT('',(0.,0.,19.));
#11168=CARTESIAN_POINT('',(19.2134728639603,0.,17.));
#11169=CARTESIAN_POINT('',(19.2134728639603,0.,0.));
#11170=CARTESIAN_POINT('',(20.2134728639603,0.,17.));
#11171=CARTESIAN_POINT('',(0.,0.,17.));
#11172=CARTESIAN_POINT('',(20.2134728639603,0.,0.));
#11173=CARTESIAN_POINT('',(16.6734728639603,0.,19.));
#11174=CARTESIAN_POINT('',(17.6734728639603,0.,19.));
#11175=CARTESIAN_POINT('',(0.,0.,19.));
#11176=CARTESIAN_POINT('',(16.6734728639603,0.,17.));
#11177=CARTESIAN_POINT('',(16.6734728639603,0.,0.));
#11178=CARTESIAN_POINT('',(17.6734728639603,0.,17.));
#11179=CARTESIAN_POINT('',(0.,0.,17.));
#11180=CARTESIAN_POINT('',(17.6734728639603,0.,0.));
#11181=CARTESIAN_POINT('',(14.1334728639603,0.,19.0000000000001));
#11182=CARTESIAN_POINT('',(15.1334728639603,0.,19.0000000000001));
#11183=CARTESIAN_POINT('',(0.,0.,19.0000000000001));
#11184=CARTESIAN_POINT('',(14.1334728639603,0.,17.0000000000001));
#11185=CARTESIAN_POINT('',(14.1334728639603,0.,0.));
#11186=CARTESIAN_POINT('',(15.1334728639603,0.,17.0000000000001));
#11187=CARTESIAN_POINT('',(0.,0.,17.0000000000001));
#11188=CARTESIAN_POINT('',(15.1334728639603,0.,0.));
#11189=CARTESIAN_POINT('',(-7.49652713603972,0.,-30.));
#11190=CARTESIAN_POINT('',(-6.49652713603972,0.,-30.));
#11191=CARTESIAN_POINT('',(0.,0.,-30.));
#11192=CARTESIAN_POINT('',(-6.49652713603972,0.,-28.));
#11193=CARTESIAN_POINT('',(-6.49652713603972,0.,0.));
#11194=CARTESIAN_POINT('',(-7.49652713603972,0.,-28.));
#11195=CARTESIAN_POINT('',(0.,0.,-28.));
#11196=CARTESIAN_POINT('',(-7.4965271360397,0.,3.25110040279631E-15));
#11197=CARTESIAN_POINT('',(-15.1165271360397,0.,-29.9999999999999));
#11198=CARTESIAN_POINT('',(-15.1165271360397,0.,-28.));
#11199=CARTESIAN_POINT('',(-15.1165271360397,0.,0.));
#11200=CARTESIAN_POINT('',(-14.1165271360397,0.,-29.9999999999999));
#11201=CARTESIAN_POINT('',(0.,0.,-29.9999999999999));
#11202=CARTESIAN_POINT('',(-14.1165271360397,0.,-28.));
#11203=CARTESIAN_POINT('',(-14.1165271360397,0.,0.));
#11204=CARTESIAN_POINT('',(0.,0.,-28.));
#11205=CARTESIAN_POINT('',(-10.0365271360397,0.,-30.));
#11206=CARTESIAN_POINT('',(-10.0365271360397,0.,-28.));
#11207=CARTESIAN_POINT('',(-10.0365271360397,0.,0.));
#11208=CARTESIAN_POINT('',(-9.03652713603972,0.,-30.));
#11209=CARTESIAN_POINT('',(0.,0.,-30.));
#11210=CARTESIAN_POINT('',(-9.03652713603971,0.,-28.));
#11211=CARTESIAN_POINT('',(-9.03652713603969,0.,7.83793788209475E-15));
#11212=CARTESIAN_POINT('',(0.,0.,-28.));
#11213=CARTESIAN_POINT('',(-10.0365271360397,0.,-36.));
#11214=CARTESIAN_POINT('',(-10.0365271360397,0.,-34.));
#11215=CARTESIAN_POINT('',(-10.0365271360397,0.,0.));
#11216=CARTESIAN_POINT('',(-9.03652713603974,0.,-36.));
#11217=CARTESIAN_POINT('',(0.,0.,-36.));
#11218=CARTESIAN_POINT('',(-9.03652713603974,0.,-34.));
#11219=CARTESIAN_POINT('',(-9.03652713603971,0.,7.83793788209476E-15));
#11220=CARTESIAN_POINT('',(0.,0.,-34.));
#11221=CARTESIAN_POINT('',(-15.1165271360397,0.,-35.9999999999999));
#11222=CARTESIAN_POINT('',(-15.1165271360397,0.,-33.9999999999999));
#11223=CARTESIAN_POINT('',(-15.1165271360397,0.,0.));
#11224=CARTESIAN_POINT('',(-14.1165271360397,0.,-35.9999999999999));
#11225=CARTESIAN_POINT('',(0.,0.,-35.9999999999999));
#11226=CARTESIAN_POINT('',(-14.1165271360397,0.,-33.9999999999999));
#11227=CARTESIAN_POINT('',(-14.1165271360397,0.,0.));
#11228=CARTESIAN_POINT('',(0.,0.,-33.9999999999999));
#11229=CARTESIAN_POINT('',(-20.1965271360397,0.,-29.9999999999999));
#11230=CARTESIAN_POINT('',(-20.1965271360397,0.,-27.9999999999999));
#11231=CARTESIAN_POINT('',(-20.1965271360397,0.,0.));
#11232=CARTESIAN_POINT('',(-19.1965271360397,0.,-29.9999999999999));
#11233=CARTESIAN_POINT('',(0.,0.,-29.9999999999999));
#11234=CARTESIAN_POINT('',(-19.1965271360397,0.,-27.9999999999999));
#11235=CARTESIAN_POINT('',(-19.1965271360397,0.,0.));
#11236=CARTESIAN_POINT('',(0.,0.,-27.9999999999999));
#11237=CARTESIAN_POINT('',(-22.7365271360397,0.,-29.9999999999999));
#11238=CARTESIAN_POINT('',(-22.7365271360397,0.,-27.9999999999999));
#11239=CARTESIAN_POINT('',(-22.7365271360397,0.,0.));
#11240=CARTESIAN_POINT('',(-21.7365271360397,0.,-29.9999999999999));
#11241=CARTESIAN_POINT('',(0.,0.,-29.9999999999999));
#11242=CARTESIAN_POINT('',(-21.7365271360397,0.,-27.9999999999999));
#11243=CARTESIAN_POINT('',(-21.7365271360397,0.,0.));
#11244=CARTESIAN_POINT('',(0.,0.,-27.9999999999999));
#11245=CARTESIAN_POINT('',(-22.7365271360397,0.,-35.9999999999999));
#11246=CARTESIAN_POINT('',(-22.7365271360397,0.,-33.9999999999999));
#11247=CARTESIAN_POINT('',(-22.7365271360397,0.,0.));
#11248=CARTESIAN_POINT('',(-21.7365271360397,0.,-35.9999999999999));
#11249=CARTESIAN_POINT('',(0.,0.,-35.9999999999999));
#11250=CARTESIAN_POINT('',(-21.7365271360397,0.,-33.9999999999999));
#11251=CARTESIAN_POINT('',(-21.7365271360397,0.,0.));
#11252=CARTESIAN_POINT('',(0.,0.,-33.9999999999999));
#11253=CARTESIAN_POINT('',(-40.4965271360397,0.,-30.25));
#11254=CARTESIAN_POINT('',(-39.4965271360397,0.,-30.25));
#11255=CARTESIAN_POINT('',(0.,0.,-30.25));
#11256=CARTESIAN_POINT('',(-40.4965271360397,0.,-32.75));
#11257=CARTESIAN_POINT('',(-40.4965271360397,0.,0.));
#11258=CARTESIAN_POINT('',(-39.4965271360397,0.,-32.75));
#11259=CARTESIAN_POINT('',(0.,0.,-32.75));
#11260=CARTESIAN_POINT('',(-39.4965271360397,0.,0.));
#11261=CARTESIAN_POINT('',(-44.4965271360397,0.,-30.25));
#11262=CARTESIAN_POINT('',(-43.4965271360397,0.,-30.25));
#11263=CARTESIAN_POINT('',(0.,0.,-30.25));
#11264=CARTESIAN_POINT('',(-44.4965271360397,0.,-32.75));
#11265=CARTESIAN_POINT('',(-44.4965271360397,0.,0.));
#11266=CARTESIAN_POINT('',(-43.4965271360397,0.,-32.75));
#11267=CARTESIAN_POINT('',(0.,0.,-32.75));
#11268=CARTESIAN_POINT('',(-43.4965271360397,0.,0.));
#11269=CARTESIAN_POINT('',(-42.4965271360397,0.,-23.75));
#11270=CARTESIAN_POINT('',(-41.4965271360397,0.,-23.75));
#11271=CARTESIAN_POINT('',(0.,0.,-23.75));
#11272=CARTESIAN_POINT('',(-42.4965271360397,0.,-26.25));
#11273=CARTESIAN_POINT('',(-42.4965271360397,0.,0.));
#11274=CARTESIAN_POINT('',(-41.4965271360397,0.,-26.25));
#11275=CARTESIAN_POINT('',(0.,0.,-26.25));
#11276=CARTESIAN_POINT('',(-41.4965271360397,0.,0.));
#11277=CARTESIAN_POINT('Origin',(-44.9965271360397,-1.6,-33.));
#11278=CARTESIAN_POINT('',(-50.9965271360397,-1.6,33.));
#11279=CARTESIAN_POINT('',(-50.9965271360397,-1.6,-33.));
#11280=CARTESIAN_POINT('',(-50.9965271360397,-1.6,33.));
#11281=CARTESIAN_POINT('',(-44.9965271360397,-1.6,-39.));
#11282=CARTESIAN_POINT('Origin',(-44.9965271360397,-1.6,-33.));
#11283=CARTESIAN_POINT('',(26.0034728639603,-1.6,-39.));
#11284=CARTESIAN_POINT('',(-44.9965271360397,-1.6,-39.));
#11285=CARTESIAN_POINT('',(32.0034728639603,-1.6,-33.));
#11286=CARTESIAN_POINT('Origin',(26.0034728639603,-1.6,-33.));
#11287=CARTESIAN_POINT('',(32.0034728639603,-1.6,33.));
#11288=CARTESIAN_POINT('',(32.0034728639603,-1.6,-33.));
#11289=CARTESIAN_POINT('',(26.0034728639603,-1.6,39.));
#11290=CARTESIAN_POINT('Origin',(26.0034728639603,-1.6,33.));
#11291=CARTESIAN_POINT('',(-44.9965271360397,-1.6,39.));
#11292=CARTESIAN_POINT('',(-44.9965271360397,-1.6,39.));
#11293=CARTESIAN_POINT('Origin',(-44.9965271360397,-1.6,33.));
#11294=CARTESIAN_POINT('Origin',(-50.9965271360397,-1.6,33.));
#11295=CARTESIAN_POINT('',(-50.9965271360397,-1.6,-33.));
#11296=CARTESIAN_POINT('',(-50.9965271360397,-1.6,33.));
#11297=CARTESIAN_POINT('Origin',(-44.9965271360397,-1.6,-33.));
#11298=CARTESIAN_POINT('',(-44.9965271360397,-1.6,-39.));
#11299=CARTESIAN_POINT('Origin',(-44.9965271360397,-1.6,-39.));
#11300=CARTESIAN_POINT('',(26.0034728639603,-1.6,-39.));
#11301=CARTESIAN_POINT('Origin',(26.0034728639603,-1.6,-33.));
#11302=CARTESIAN_POINT('',(32.0034728639603,-1.6,-33.));
#11303=CARTESIAN_POINT('Origin',(32.0034728639603,-1.6,-33.));
#11304=CARTESIAN_POINT('',(32.0034728639603,-1.6,33.));
#11305=CARTESIAN_POINT('Origin',(26.0034728639603,-1.6,33.));
#11306=CARTESIAN_POINT('',(26.0034728639603,-1.6,39.));
#11307=CARTESIAN_POINT('Origin',(-44.9965271360397,-1.6,39.));
#11308=CARTESIAN_POINT('',(-44.9965271360397,-1.6,39.));
#11309=CARTESIAN_POINT('Origin',(-44.9965271360397,-1.6,33.));
#11310=CARTESIAN_POINT('Origin',(0.,0.05,0.));
#11311=CARTESIAN_POINT('Origin',(0.,0.05,0.));
#11312=CARTESIAN_POINT('Origin',(0.,0.05,-23.75));
#11313=CARTESIAN_POINT('',(-43.4965271360397,0.05,-23.75));
#11314=CARTESIAN_POINT('',(-43.4965271360397,0.05,-23.75));
#11315=CARTESIAN_POINT('',(-44.4965271360397,0.05,-23.75));
#11316=CARTESIAN_POINT('',(0.,0.05,-23.75));
#11317=CARTESIAN_POINT('',(-44.4965271360397,0.05,-23.75));
#11318=CARTESIAN_POINT('Origin',(-43.4965271360397,0.05,0.));
#11319=CARTESIAN_POINT('',(-43.4965271360397,0.05,-26.25));
#11320=CARTESIAN_POINT('',(-43.4965271360397,0.05,-26.25));
#11321=CARTESIAN_POINT('',(-43.4965271360397,0.05,0.));
#11322=CARTESIAN_POINT('Origin',(0.,0.05,-26.25));
#11323=CARTESIAN_POINT('',(-44.4965271360397,0.05,-26.25));
#11324=CARTESIAN_POINT('',(-44.4965271360397,0.05,-26.25));
#11325=CARTESIAN_POINT('',(0.,0.05,-26.25));
#11326=CARTESIAN_POINT('Origin',(-44.4965271360397,0.05,0.));
#11327=CARTESIAN_POINT('',(-44.4965271360397,0.05,0.));
#11328=CARTESIAN_POINT('Origin',(0.,0.05,0.));
#11329=CARTESIAN_POINT('Origin',(0.,0.05,-23.75));
#11330=CARTESIAN_POINT('',(-41.4965271360397,0.05,-23.75));
#11331=CARTESIAN_POINT('',(-41.4965271360397,0.05,-23.75));
#11332=CARTESIAN_POINT('',(-42.4965271360397,0.05,-23.75));
#11333=CARTESIAN_POINT('',(0.,0.05,-23.75));
#11334=CARTESIAN_POINT('',(-42.4965271360397,0.05,-23.75));
#11335=CARTESIAN_POINT('Origin',(-41.4965271360397,0.05,0.));
#11336=CARTESIAN_POINT('',(-41.4965271360397,0.05,-26.25));
#11337=CARTESIAN_POINT('',(-41.4965271360397,0.05,-26.25));
#11338=CARTESIAN_POINT('',(-41.4965271360397,0.05,0.));
#11339=CARTESIAN_POINT('Origin',(0.,0.05,-26.25));
#11340=CARTESIAN_POINT('',(-42.4965271360397,0.05,-26.25));
#11341=CARTESIAN_POINT('',(-42.4965271360397,0.05,-26.25));
#11342=CARTESIAN_POINT('',(0.,0.05,-26.25));
#11343=CARTESIAN_POINT('Origin',(-42.4965271360397,0.05,0.));
#11344=CARTESIAN_POINT('',(-42.4965271360397,0.05,0.));
#11345=CARTESIAN_POINT('Origin',(0.,0.05,0.));
#11346=CARTESIAN_POINT('Origin',(0.,0.05,-23.75));
#11347=CARTESIAN_POINT('',(-39.4965271360397,0.05,-23.75));
#11348=CARTESIAN_POINT('',(-39.4965271360397,0.05,-23.75));
#11349=CARTESIAN_POINT('',(-40.4965271360397,0.05,-23.75));
#11350=CARTESIAN_POINT('',(0.,0.05,-23.75));
#11351=CARTESIAN_POINT('',(-40.4965271360397,0.05,-23.75));
#11352=CARTESIAN_POINT('Origin',(-39.4965271360397,0.05,0.));
#11353=CARTESIAN_POINT('',(-39.4965271360397,0.05,-26.25));
#11354=CARTESIAN_POINT('',(-39.4965271360397,0.05,-26.25));
#11355=CARTESIAN_POINT('',(-39.4965271360397,0.05,0.));
#11356=CARTESIAN_POINT('Origin',(0.,0.05,-26.25));
#11357=CARTESIAN_POINT('',(-40.4965271360397,0.05,-26.25));
#11358=CARTESIAN_POINT('',(-40.4965271360397,0.05,-26.25));
#11359=CARTESIAN_POINT('',(0.,0.05,-26.25));
#11360=CARTESIAN_POINT('Origin',(-40.4965271360397,0.05,0.));
#11361=CARTESIAN_POINT('',(-40.4965271360397,0.05,0.));
#11362=CARTESIAN_POINT('Origin',(0.,0.05,0.));
#11363=CARTESIAN_POINT('Origin',(0.,0.05,-30.25));
#11364=CARTESIAN_POINT('',(-43.4965271360397,0.05,-30.25));
#11365=CARTESIAN_POINT('',(-43.4965271360397,0.05,-30.25));
#11366=CARTESIAN_POINT('',(-44.4965271360397,0.05,-30.25));
#11367=CARTESIAN_POINT('',(0.,0.05,-30.25));
#11368=CARTESIAN_POINT('',(-44.4965271360397,0.05,-30.25));
#11369=CARTESIAN_POINT('Origin',(-43.4965271360397,0.05,0.));
#11370=CARTESIAN_POINT('',(-43.4965271360397,0.05,-32.75));
#11371=CARTESIAN_POINT('',(-43.4965271360397,0.05,-32.75));
#11372=CARTESIAN_POINT('',(-43.4965271360397,0.05,0.));
#11373=CARTESIAN_POINT('Origin',(0.,0.05,-32.75));
#11374=CARTESIAN_POINT('',(-44.4965271360397,0.05,-32.75));
#11375=CARTESIAN_POINT('',(-44.4965271360397,0.05,-32.75));
#11376=CARTESIAN_POINT('',(0.,0.05,-32.75));
#11377=CARTESIAN_POINT('Origin',(-44.4965271360397,0.05,0.));
#11378=CARTESIAN_POINT('',(-44.4965271360397,0.05,0.));
#11379=CARTESIAN_POINT('Origin',(0.,0.05,0.));
#11380=CARTESIAN_POINT('Origin',(0.,0.05,-30.25));
#11381=CARTESIAN_POINT('',(-41.4965271360397,0.05,-30.25));
#11382=CARTESIAN_POINT('',(-41.4965271360397,0.05,-30.25));
#11383=CARTESIAN_POINT('',(-42.4965271360397,0.05,-30.25));
#11384=CARTESIAN_POINT('',(0.,0.05,-30.25));
#11385=CARTESIAN_POINT('',(-42.4965271360397,0.05,-30.25));
#11386=CARTESIAN_POINT('Origin',(-41.4965271360397,0.05,0.));
#11387=CARTESIAN_POINT('',(-41.4965271360397,0.05,-32.75));
#11388=CARTESIAN_POINT('',(-41.4965271360397,0.05,-32.75));
#11389=CARTESIAN_POINT('',(-41.4965271360397,0.05,0.));
#11390=CARTESIAN_POINT('Origin',(0.,0.05,-32.75));
#11391=CARTESIAN_POINT('',(-42.4965271360397,0.05,-32.75));
#11392=CARTESIAN_POINT('',(-42.4965271360397,0.05,-32.75));
#11393=CARTESIAN_POINT('',(0.,0.05,-32.75));
#11394=CARTESIAN_POINT('Origin',(-42.4965271360397,0.05,0.));
#11395=CARTESIAN_POINT('',(-42.4965271360397,0.05,0.));
#11396=CARTESIAN_POINT('Origin',(0.,0.05,0.));
#11397=CARTESIAN_POINT('Origin',(0.,0.05,-30.25));
#11398=CARTESIAN_POINT('',(-39.4965271360397,0.05,-30.25));
#11399=CARTESIAN_POINT('',(-39.4965271360397,0.05,-30.25));
#11400=CARTESIAN_POINT('',(-40.4965271360397,0.05,-30.25));
#11401=CARTESIAN_POINT('',(0.,0.05,-30.25));
#11402=CARTESIAN_POINT('',(-40.4965271360397,0.05,-30.25));
#11403=CARTESIAN_POINT('Origin',(-39.4965271360397,0.05,0.));
#11404=CARTESIAN_POINT('',(-39.4965271360397,0.05,-32.75));
#11405=CARTESIAN_POINT('',(-39.4965271360397,0.05,-32.75));
#11406=CARTESIAN_POINT('',(-39.4965271360397,0.05,0.));
#11407=CARTESIAN_POINT('Origin',(0.,0.05,-32.75));
#11408=CARTESIAN_POINT('',(-40.4965271360397,0.05,-32.75));
#11409=CARTESIAN_POINT('',(-40.4965271360397,0.05,-32.75));
#11410=CARTESIAN_POINT('',(0.,0.05,-32.75));
#11411=CARTESIAN_POINT('Origin',(-40.4965271360397,0.05,0.));
#11412=CARTESIAN_POINT('',(-40.4965271360397,0.05,0.));
#11413=CARTESIAN_POINT('Origin',(0.,0.05,0.));
#11414=CARTESIAN_POINT('Origin',(-25.2765271360397,0.05,0.));
#11415=CARTESIAN_POINT('',(-25.2765271360397,0.05,-33.9999999999998));
#11416=CARTESIAN_POINT('',(-25.2765271360397,0.05,-33.9999999999998));
#11417=CARTESIAN_POINT('',(-25.2765271360397,0.05,-35.9999999999998));
#11418=CARTESIAN_POINT('',(-25.2765271360397,0.05,0.));
#11419=CARTESIAN_POINT('',(-25.2765271360397,0.05,-35.9999999999998));
#11420=CARTESIAN_POINT('Origin',(0.,0.05,-33.9999999999998));
#11421=CARTESIAN_POINT('',(-24.2765271360397,0.05,-33.9999999999998));
#11422=CARTESIAN_POINT('',(-24.2765271360397,0.05,-33.9999999999998));
#11423=CARTESIAN_POINT('',(0.,0.05,-33.9999999999998));
#11424=CARTESIAN_POINT('Origin',(-24.2765271360397,0.05,0.));
#11425=CARTESIAN_POINT('',(-24.2765271360397,0.05,-35.9999999999998));
#11426=CARTESIAN_POINT('',(-24.2765271360397,0.05,-35.9999999999998));
#11427=CARTESIAN_POINT('',(-24.2765271360397,0.05,0.));
#11428=CARTESIAN_POINT('Origin',(0.,0.05,-35.9999999999998));
#11429=CARTESIAN_POINT('',(0.,0.05,-35.9999999999998));
#11430=CARTESIAN_POINT('Origin',(0.,0.05,0.));
#11431=CARTESIAN_POINT('Origin',(-22.7365271360397,0.05,0.));
#11432=CARTESIAN_POINT('',(-22.7365271360397,0.05,-33.9999999999999));
#11433=CARTESIAN_POINT('',(-22.7365271360397,0.05,-33.9999999999999));
#11434=CARTESIAN_POINT('',(-22.7365271360397,0.05,-35.9999999999999));
#11435=CARTESIAN_POINT('',(-22.7365271360397,0.05,0.));
#11436=CARTESIAN_POINT('',(-22.7365271360397,0.05,-35.9999999999999));
#11437=CARTESIAN_POINT('Origin',(0.,0.05,-33.9999999999999));
#11438=CARTESIAN_POINT('',(-21.7365271360397,0.05,-33.9999999999999));
#11439=CARTESIAN_POINT('',(-21.7365271360397,0.05,-33.9999999999999));
#11440=CARTESIAN_POINT('',(0.,0.05,-33.9999999999999));
#11441=CARTESIAN_POINT('Origin',(-21.7365271360397,0.05,0.));
#11442=CARTESIAN_POINT('',(-21.7365271360397,0.05,-35.9999999999999));
#11443=CARTESIAN_POINT('',(-21.7365271360397,0.05,-35.9999999999999));
#11444=CARTESIAN_POINT('',(-21.7365271360397,0.05,0.));
#11445=CARTESIAN_POINT('Origin',(0.,0.05,-35.9999999999999));
#11446=CARTESIAN_POINT('',(0.,0.05,-35.9999999999999));
#11447=CARTESIAN_POINT('Origin',(0.,0.05,0.));
#11448=CARTESIAN_POINT('Origin',(-25.2765271360397,0.05,0.));
#11449=CARTESIAN_POINT('',(-25.2765271360397,0.05,-27.9999999999999));
#11450=CARTESIAN_POINT('',(-25.2765271360397,0.05,-27.9999999999999));
#11451=CARTESIAN_POINT('',(-25.2765271360397,0.05,-29.9999999999999));
#11452=CARTESIAN_POINT('',(-25.2765271360397,0.05,0.));
#11453=CARTESIAN_POINT('',(-25.2765271360397,0.05,-29.9999999999999));
#11454=CARTESIAN_POINT('Origin',(0.,0.05,-27.9999999999999));
#11455=CARTESIAN_POINT('',(-24.2765271360397,0.05,-27.9999999999999));
#11456=CARTESIAN_POINT('',(-24.2765271360397,0.05,-27.9999999999999));
#11457=CARTESIAN_POINT('',(0.,0.05,-27.9999999999999));
#11458=CARTESIAN_POINT('Origin',(-24.2765271360397,0.05,0.));
#11459=CARTESIAN_POINT('',(-24.2765271360397,0.05,-29.9999999999999));
#11460=CARTESIAN_POINT('',(-24.2765271360397,0.05,-29.9999999999999));
#11461=CARTESIAN_POINT('',(-24.2765271360397,0.05,0.));
#11462=CARTESIAN_POINT('Origin',(0.,0.05,-29.9999999999999));
#11463=CARTESIAN_POINT('',(0.,0.05,-29.9999999999999));
#11464=CARTESIAN_POINT('Origin',(0.,0.05,0.));
#11465=CARTESIAN_POINT('Origin',(-22.7365271360397,0.05,0.));
#11466=CARTESIAN_POINT('',(-22.7365271360397,0.05,-27.9999999999999));
#11467=CARTESIAN_POINT('',(-22.7365271360397,0.05,-27.9999999999999));
#11468=CARTESIAN_POINT('',(-22.7365271360397,0.05,-29.9999999999999));
#11469=CARTESIAN_POINT('',(-22.7365271360397,0.05,0.));
#11470=CARTESIAN_POINT('',(-22.7365271360397,0.05,-29.9999999999999));
#11471=CARTESIAN_POINT('Origin',(0.,0.05,-27.9999999999999));
#11472=CARTESIAN_POINT('',(-21.7365271360397,0.05,-27.9999999999999));
#11473=CARTESIAN_POINT('',(-21.7365271360397,0.05,-27.9999999999999));
#11474=CARTESIAN_POINT('',(0.,0.05,-27.9999999999999));
#11475=CARTESIAN_POINT('Origin',(-21.7365271360397,0.05,0.));
#11476=CARTESIAN_POINT('',(-21.7365271360397,0.05,-29.9999999999999));
#11477=CARTESIAN_POINT('',(-21.7365271360397,0.05,-29.9999999999999));
#11478=CARTESIAN_POINT('',(-21.7365271360397,0.05,0.));
#11479=CARTESIAN_POINT('Origin',(0.,0.05,-29.9999999999999));
#11480=CARTESIAN_POINT('',(0.,0.05,-29.9999999999999));
#11481=CARTESIAN_POINT('Origin',(0.,0.05,0.));
#11482=CARTESIAN_POINT('Origin',(-20.1965271360397,0.05,0.));
#11483=CARTESIAN_POINT('',(-20.1965271360397,0.05,-33.9999999999999));
#11484=CARTESIAN_POINT('',(-20.1965271360397,0.05,-33.9999999999999));
#11485=CARTESIAN_POINT('',(-20.1965271360397,0.05,-35.9999999999999));
#11486=CARTESIAN_POINT('',(-20.1965271360397,0.05,0.));
#11487=CARTESIAN_POINT('',(-20.1965271360397,0.05,-35.9999999999999));
#11488=CARTESIAN_POINT('Origin',(0.,0.05,-33.9999999999999));
#11489=CARTESIAN_POINT('',(-19.1965271360397,0.05,-33.9999999999999));
#11490=CARTESIAN_POINT('',(-19.1965271360397,0.05,-33.9999999999999));
#11491=CARTESIAN_POINT('',(0.,0.05,-33.9999999999999));
#11492=CARTESIAN_POINT('Origin',(-19.1965271360397,0.05,0.));
#11493=CARTESIAN_POINT('',(-19.1965271360397,0.05,-35.9999999999999));
#11494=CARTESIAN_POINT('',(-19.1965271360397,0.05,-35.9999999999999));
#11495=CARTESIAN_POINT('',(-19.1965271360397,0.05,0.));
#11496=CARTESIAN_POINT('Origin',(0.,0.05,-35.9999999999999));
#11497=CARTESIAN_POINT('',(0.,0.05,-35.9999999999999));
#11498=CARTESIAN_POINT('Origin',(0.,0.05,0.));
#11499=CARTESIAN_POINT('Origin',(-20.1965271360397,0.05,0.));
#11500=CARTESIAN_POINT('',(-20.1965271360397,0.05,-27.9999999999999));
#11501=CARTESIAN_POINT('',(-20.1965271360397,0.05,-27.9999999999999));
#11502=CARTESIAN_POINT('',(-20.1965271360397,0.05,-29.9999999999999));
#11503=CARTESIAN_POINT('',(-20.1965271360397,0.05,0.));
#11504=CARTESIAN_POINT('',(-20.1965271360397,0.05,-29.9999999999999));
#11505=CARTESIAN_POINT('Origin',(0.,0.05,-27.9999999999999));
#11506=CARTESIAN_POINT('',(-19.1965271360397,0.05,-27.9999999999999));
#11507=CARTESIAN_POINT('',(-19.1965271360397,0.05,-27.9999999999999));
#11508=CARTESIAN_POINT('',(0.,0.05,-27.9999999999999));
#11509=CARTESIAN_POINT('Origin',(-19.1965271360397,0.05,0.));
#11510=CARTESIAN_POINT('',(-19.1965271360397,0.05,-29.9999999999999));
#11511=CARTESIAN_POINT('',(-19.1965271360397,0.05,-29.9999999999999));
#11512=CARTESIAN_POINT('',(-19.1965271360397,0.05,0.));
#11513=CARTESIAN_POINT('Origin',(0.,0.05,-29.9999999999999));
#11514=CARTESIAN_POINT('',(0.,0.05,-29.9999999999999));
#11515=CARTESIAN_POINT('Origin',(0.,0.05,0.));
#11516=CARTESIAN_POINT('Origin',(-17.6565271360397,0.05,0.));
#11517=CARTESIAN_POINT('',(-17.6565271360397,0.05,-33.9999999999999));
#11518=CARTESIAN_POINT('',(-17.6565271360397,0.05,-33.9999999999999));
#11519=CARTESIAN_POINT('',(-17.6565271360397,0.05,-35.9999999999999));
#11520=CARTESIAN_POINT('',(-17.6565271360397,0.05,0.));
#11521=CARTESIAN_POINT('',(-17.6565271360397,0.05,-35.9999999999999));
#11522=CARTESIAN_POINT('Origin',(0.,0.05,-33.9999999999999));
#11523=CARTESIAN_POINT('',(-16.6565271360397,0.05,-33.9999999999999));
#11524=CARTESIAN_POINT('',(-16.6565271360397,0.05,-33.9999999999999));
#11525=CARTESIAN_POINT('',(0.,0.05,-33.9999999999999));
#11526=CARTESIAN_POINT('Origin',(-16.6565271360397,0.05,2.88944686511327E-14));
#11527=CARTESIAN_POINT('',(-16.6565271360397,0.05,-35.9999999999999));
#11528=CARTESIAN_POINT('',(-16.6565271360397,0.05,-35.9999999999999));
#11529=CARTESIAN_POINT('',(-16.6565271360397,0.05,2.88944686511327E-14));
#11530=CARTESIAN_POINT('Origin',(0.,0.05,-35.9999999999999));
#11531=CARTESIAN_POINT('',(0.,0.05,-35.9999999999999));
#11532=CARTESIAN_POINT('Origin',(0.,0.05,0.));
#11533=CARTESIAN_POINT('Origin',(-15.1165271360397,0.05,0.));
#11534=CARTESIAN_POINT('',(-15.1165271360397,0.05,-33.9999999999999));
#11535=CARTESIAN_POINT('',(-15.1165271360397,0.05,-33.9999999999999));
#11536=CARTESIAN_POINT('',(-15.1165271360397,0.05,-35.9999999999999));
#11537=CARTESIAN_POINT('',(-15.1165271360397,0.05,0.));
#11538=CARTESIAN_POINT('',(-15.1165271360397,0.05,-35.9999999999999));
#11539=CARTESIAN_POINT('Origin',(0.,0.05,-33.9999999999999));
#11540=CARTESIAN_POINT('',(-14.1165271360397,0.05,-33.9999999999999));
#11541=CARTESIAN_POINT('',(-14.1165271360397,0.05,-33.9999999999999));
#11542=CARTESIAN_POINT('',(0.,0.05,-33.9999999999999));
#11543=CARTESIAN_POINT('Origin',(-14.1165271360397,0.05,0.));
#11544=CARTESIAN_POINT('',(-14.1165271360397,0.05,-35.9999999999999));
#11545=CARTESIAN_POINT('',(-14.1165271360397,0.05,-35.9999999999999));
#11546=CARTESIAN_POINT('',(-14.1165271360397,0.05,0.));
#11547=CARTESIAN_POINT('Origin',(0.,0.05,-35.9999999999999));
#11548=CARTESIAN_POINT('',(0.,0.05,-35.9999999999999));
#11549=CARTESIAN_POINT('Origin',(0.,0.05,0.));
#11550=CARTESIAN_POINT('Origin',(-12.5765271360397,0.05,0.));
#11551=CARTESIAN_POINT('',(-12.5765271360397,0.05,-33.9999999999999));
#11552=CARTESIAN_POINT('',(-12.5765271360397,0.05,-33.9999999999999));
#11553=CARTESIAN_POINT('',(-12.5765271360397,0.05,-35.9999999999999));
#11554=CARTESIAN_POINT('',(-12.5765271360397,0.05,0.));
#11555=CARTESIAN_POINT('',(-12.5765271360397,0.05,-35.9999999999999));
#11556=CARTESIAN_POINT('Origin',(0.,0.05,-33.9999999999999));
#11557=CARTESIAN_POINT('',(-11.5765271360397,0.05,-33.9999999999999));
#11558=CARTESIAN_POINT('',(-11.5765271360397,0.05,-33.9999999999999));
#11559=CARTESIAN_POINT('',(0.,0.05,-33.9999999999999));
#11560=CARTESIAN_POINT('Origin',(-11.5765271360397,0.05,1.00410366965853E-14));
#11561=CARTESIAN_POINT('',(-11.5765271360397,0.05,-35.9999999999999));
#11562=CARTESIAN_POINT('',(-11.5765271360397,0.05,-35.9999999999999));
#11563=CARTESIAN_POINT('',(-11.5765271360397,0.05,1.00410366965853E-14));
#11564=CARTESIAN_POINT('Origin',(0.,0.05,-35.9999999999999));
#11565=CARTESIAN_POINT('',(0.,0.05,-35.9999999999999));
#11566=CARTESIAN_POINT('Origin',(0.,0.05,0.));
#11567=CARTESIAN_POINT('Origin',(-10.0365271360397,0.05,0.));
#11568=CARTESIAN_POINT('',(-10.0365271360397,0.05,-34.));
#11569=CARTESIAN_POINT('',(-10.0365271360397,0.05,-34.));
#11570=CARTESIAN_POINT('',(-10.0365271360397,0.05,-36.));
#11571=CARTESIAN_POINT('',(-10.0365271360397,0.05,0.));
#11572=CARTESIAN_POINT('',(-10.0365271360397,0.05,-36.));
#11573=CARTESIAN_POINT('Origin',(0.,0.05,-34.));
#11574=CARTESIAN_POINT('',(-9.03652713603974,0.05,-34.));
#11575=CARTESIAN_POINT('',(-9.03652713603974,0.05,-34.));
#11576=CARTESIAN_POINT('',(0.,0.05,-34.));
#11577=CARTESIAN_POINT('Origin',(-9.03652713603971,0.05,7.83793788209476E-15));
#11578=CARTESIAN_POINT('',(-9.03652713603974,0.05,-36.));
#11579=CARTESIAN_POINT('',(-9.03652713603974,0.05,-36.));
#11580=CARTESIAN_POINT('',(-9.03652713603971,0.05,7.83793788209476E-15));
#11581=CARTESIAN_POINT('Origin',(0.,0.05,-36.));
#11582=CARTESIAN_POINT('',(0.,0.05,-36.));
#11583=CARTESIAN_POINT('Origin',(0.,0.05,0.));
#11584=CARTESIAN_POINT('Origin',(-7.49652713603972,0.05,3.25110040279632E-15));
#11585=CARTESIAN_POINT('',(-7.49652713603974,0.05,-34.));
#11586=CARTESIAN_POINT('',(-7.49652713603974,0.05,-34.));
#11587=CARTESIAN_POINT('',(-7.49652713603974,0.05,-36.));
#11588=CARTESIAN_POINT('',(-7.49652713603972,0.05,3.25110040279632E-15));
#11589=CARTESIAN_POINT('',(-7.49652713603974,0.05,-36.));
#11590=CARTESIAN_POINT('Origin',(0.,0.05,-34.));
#11591=CARTESIAN_POINT('',(-6.49652713603974,0.05,-34.));
#11592=CARTESIAN_POINT('',(-6.49652713603974,0.05,-34.));
#11593=CARTESIAN_POINT('',(0.,0.05,-34.));
#11594=CARTESIAN_POINT('Origin',(-6.49652713603971,0.05,5.63483906760422E-15));
#11595=CARTESIAN_POINT('',(-6.49652713603974,0.05,-36.));
#11596=CARTESIAN_POINT('',(-6.49652713603974,0.05,-36.));
#11597=CARTESIAN_POINT('',(-6.49652713603971,0.05,5.63483906760422E-15));
#11598=CARTESIAN_POINT('Origin',(0.,0.05,-36.));
#11599=CARTESIAN_POINT('',(0.,0.05,-36.));
#11600=CARTESIAN_POINT('Origin',(0.,0.05,0.));
#11601=CARTESIAN_POINT('Origin',(-10.0365271360397,0.05,0.));
#11602=CARTESIAN_POINT('',(-10.0365271360397,0.05,-28.));
#11603=CARTESIAN_POINT('',(-10.0365271360397,0.05,-28.));
#11604=CARTESIAN_POINT('',(-10.0365271360397,0.05,-30.));
#11605=CARTESIAN_POINT('',(-10.0365271360397,0.05,0.));
#11606=CARTESIAN_POINT('',(-10.0365271360397,0.05,-30.));
#11607=CARTESIAN_POINT('Origin',(0.,0.05,-28.));
#11608=CARTESIAN_POINT('',(-9.03652713603971,0.05,-28.));
#11609=CARTESIAN_POINT('',(-9.03652713603971,0.05,-28.));
#11610=CARTESIAN_POINT('',(0.,0.05,-28.));
#11611=CARTESIAN_POINT('Origin',(-9.03652713603969,0.05,7.83793788209475E-15));
#11612=CARTESIAN_POINT('',(-9.03652713603972,0.05,-30.));
#11613=CARTESIAN_POINT('',(-9.03652713603972,0.05,-30.));
#11614=CARTESIAN_POINT('',(-9.03652713603969,0.05,7.83793788209475E-15));
#11615=CARTESIAN_POINT('Origin',(0.,0.05,-30.));
#11616=CARTESIAN_POINT('',(0.,0.05,-30.));
#11617=CARTESIAN_POINT('Origin',(0.,0.05,0.));
#11618=CARTESIAN_POINT('Origin',(-12.5765271360397,0.05,0.));
#11619=CARTESIAN_POINT('',(-12.5765271360397,0.05,-28.));
#11620=CARTESIAN_POINT('',(-12.5765271360397,0.05,-28.));
#11621=CARTESIAN_POINT('',(-12.5765271360397,0.05,-30.));
#11622=CARTESIAN_POINT('',(-12.5765271360397,0.05,0.));
#11623=CARTESIAN_POINT('',(-12.5765271360397,0.05,-30.));
#11624=CARTESIAN_POINT('Origin',(0.,0.05,-28.));
#11625=CARTESIAN_POINT('',(-11.5765271360397,0.05,-28.));
#11626=CARTESIAN_POINT('',(-11.5765271360397,0.05,-28.));
#11627=CARTESIAN_POINT('',(0.,0.05,-28.));
#11628=CARTESIAN_POINT('Origin',(-11.5765271360397,0.05,1.00410366965853E-14));
#11629=CARTESIAN_POINT('',(-11.5765271360397,0.05,-30.));
#11630=CARTESIAN_POINT('',(-11.5765271360397,0.05,-30.));
#11631=CARTESIAN_POINT('',(-11.5765271360397,0.05,1.00410366965853E-14));
#11632=CARTESIAN_POINT('Origin',(0.,0.05,-30.));
#11633=CARTESIAN_POINT('',(0.,0.05,-30.));
#11634=CARTESIAN_POINT('Origin',(0.,0.05,0.));
#11635=CARTESIAN_POINT('Origin',(-15.1165271360397,0.05,0.));
#11636=CARTESIAN_POINT('',(-15.1165271360397,0.05,-28.));
#11637=CARTESIAN_POINT('',(-15.1165271360397,0.05,-28.));
#11638=CARTESIAN_POINT('',(-15.1165271360397,0.05,-29.9999999999999));
#11639=CARTESIAN_POINT('',(-15.1165271360397,0.05,0.));
#11640=CARTESIAN_POINT('',(-15.1165271360397,0.05,-29.9999999999999));
#11641=CARTESIAN_POINT('Origin',(0.,0.05,-28.));
#11642=CARTESIAN_POINT('',(-14.1165271360397,0.05,-28.));
#11643=CARTESIAN_POINT('',(-14.1165271360397,0.05,-28.));
#11644=CARTESIAN_POINT('',(0.,0.05,-28.));
#11645=CARTESIAN_POINT('Origin',(-14.1165271360397,0.05,0.));
#11646=CARTESIAN_POINT('',(-14.1165271360397,0.05,-29.9999999999999));
#11647=CARTESIAN_POINT('',(-14.1165271360397,0.05,-29.9999999999999));
#11648=CARTESIAN_POINT('',(-14.1165271360397,0.05,0.));
#11649=CARTESIAN_POINT('Origin',(0.,0.05,-29.9999999999999));
#11650=CARTESIAN_POINT('',(0.,0.05,-29.9999999999999));
#11651=CARTESIAN_POINT('Origin',(0.,0.05,0.));
#11652=CARTESIAN_POINT('Origin',(-17.6565271360397,0.05,0.));
#11653=CARTESIAN_POINT('',(-17.6565271360397,0.05,-27.9999999999999));
#11654=CARTESIAN_POINT('',(-17.6565271360397,0.05,-27.9999999999999));
#11655=CARTESIAN_POINT('',(-17.6565271360397,0.05,-29.9999999999999));
#11656=CARTESIAN_POINT('',(-17.6565271360397,0.05,0.));
#11657=CARTESIAN_POINT('',(-17.6565271360397,0.05,-29.9999999999999));
#11658=CARTESIAN_POINT('Origin',(0.,0.05,-27.9999999999999));
#11659=CARTESIAN_POINT('',(-16.6565271360397,0.05,-27.9999999999999));
#11660=CARTESIAN_POINT('',(-16.6565271360397,0.05,-27.9999999999999));
#11661=CARTESIAN_POINT('',(0.,0.05,-27.9999999999999));
#11662=CARTESIAN_POINT('Origin',(-16.6565271360397,0.05,2.88944686511327E-14));
#11663=CARTESIAN_POINT('',(-16.6565271360397,0.05,-29.9999999999999));
#11664=CARTESIAN_POINT('',(-16.6565271360397,0.05,-29.9999999999999));
#11665=CARTESIAN_POINT('',(-16.6565271360397,0.05,2.88944686511327E-14));
#11666=CARTESIAN_POINT('Origin',(0.,0.05,-29.9999999999999));
#11667=CARTESIAN_POINT('',(0.,0.05,-29.9999999999999));
#11668=CARTESIAN_POINT('Origin',(0.,0.05,0.));
#11669=CARTESIAN_POINT('Origin',(-6.49652713603972,0.05,0.));
#11670=CARTESIAN_POINT('',(-6.49652713603972,0.05,-30.));
#11671=CARTESIAN_POINT('',(-6.49652713603972,0.05,-30.));
#11672=CARTESIAN_POINT('',(-6.49652713603972,0.05,-28.));
#11673=CARTESIAN_POINT('',(-6.49652713603972,0.05,0.));
#11674=CARTESIAN_POINT('',(-6.49652713603972,0.05,-28.));
#11675=CARTESIAN_POINT('Origin',(0.,0.05,-30.));
#11676=CARTESIAN_POINT('',(-7.49652713603972,0.05,-30.));
#11677=CARTESIAN_POINT('',(-7.49652713603972,0.05,-30.));
#11678=CARTESIAN_POINT('',(0.,0.05,-30.));
#11679=CARTESIAN_POINT('Origin',(-7.4965271360397,0.05,3.25110040279631E-15));
#11680=CARTESIAN_POINT('',(-7.49652713603972,0.05,-28.));
#11681=CARTESIAN_POINT('',(-7.49652713603972,0.05,-28.));
#11682=CARTESIAN_POINT('',(-7.4965271360397,0.05,3.25110040279631E-15));
#11683=CARTESIAN_POINT('Origin',(0.,0.05,-28.));
#11684=CARTESIAN_POINT('',(0.,0.05,-28.));
#11685=CARTESIAN_POINT('Origin',(0.,0.05,0.));
#11686=CARTESIAN_POINT('Origin',(0.,0.05,0.));
#11687=CARTESIAN_POINT('Origin',(0.,0.05,0.));
#11688=CARTESIAN_POINT('Origin',(0.,0.05,0.));
#11689=CARTESIAN_POINT('Origin',(0.,0.05,0.));
#11690=CARTESIAN_POINT('Origin',(0.,0.05,0.));
#11691=CARTESIAN_POINT('Origin',(0.,0.05,0.));
#11692=CARTESIAN_POINT('Origin',(0.,0.05,0.));
#11693=CARTESIAN_POINT('Origin',(0.,0.05,0.));
#11694=CARTESIAN_POINT('Origin',(0.,0.05,0.));
#11695=CARTESIAN_POINT('Origin',(0.,0.05,0.));
#11696=CARTESIAN_POINT('Origin',(0.,0.05,0.));
#11697=CARTESIAN_POINT('Origin',(0.,0.05,0.));
#11698=CARTESIAN_POINT('Origin',(0.,0.05,0.));
#11699=CARTESIAN_POINT('Origin',(0.,0.05,0.));
#11700=CARTESIAN_POINT('Origin',(0.,0.05,0.));
#11701=CARTESIAN_POINT('Origin',(0.,0.05,0.));
#11702=CARTESIAN_POINT('Origin',(0.,0.05,0.));
#11703=CARTESIAN_POINT('Origin',(0.,0.05,0.));
#11704=CARTESIAN_POINT('Origin',(0.,0.05,0.));
#11705=CARTESIAN_POINT('Origin',(0.,0.05,0.));
#11706=CARTESIAN_POINT('Origin',(0.,0.05,0.));
#11707=CARTESIAN_POINT('Origin',(0.,0.05,0.));
#11708=CARTESIAN_POINT('Origin',(0.,0.05,0.));
#11709=CARTESIAN_POINT('Origin',(0.,0.05,0.));
#11710=CARTESIAN_POINT('Origin',(0.,0.05,0.));
#11711=CARTESIAN_POINT('Origin',(0.,0.05,0.));
#11712=CARTESIAN_POINT('Origin',(0.,0.05,0.));
#11713=CARTESIAN_POINT('Origin',(14.1334728639603,0.05,0.));
#11714=CARTESIAN_POINT('',(14.1334728639603,0.05,19.0000000000001));
#11715=CARTESIAN_POINT('',(14.1334728639603,0.05,19.0000000000001));
#11716=CARTESIAN_POINT('',(14.1334728639603,0.05,17.0000000000001));
#11717=CARTESIAN_POINT('',(14.1334728639603,0.05,0.));
#11718=CARTESIAN_POINT('',(14.1334728639603,0.05,17.0000000000001));
#11719=CARTESIAN_POINT('Origin',(0.,0.05,19.0000000000001));
#11720=CARTESIAN_POINT('',(15.1334728639603,0.05,19.0000000000001));
#11721=CARTESIAN_POINT('',(15.1334728639603,0.05,19.0000000000001));
#11722=CARTESIAN_POINT('',(0.,0.05,19.0000000000001));
#11723=CARTESIAN_POINT('Origin',(15.1334728639603,0.05,0.));
#11724=CARTESIAN_POINT('',(15.1334728639603,0.05,17.0000000000001));
#11725=CARTESIAN_POINT('',(15.1334728639603,0.05,17.0000000000001));
#11726=CARTESIAN_POINT('',(15.1334728639603,0.05,0.));
#11727=CARTESIAN_POINT('Origin',(0.,0.05,17.0000000000001));
#11728=CARTESIAN_POINT('',(0.,0.05,17.0000000000001));
#11729=CARTESIAN_POINT('Origin',(0.,0.05,0.));
#11730=CARTESIAN_POINT('Origin',(16.6734728639603,0.05,0.));
#11731=CARTESIAN_POINT('',(16.6734728639603,0.05,19.));
#11732=CARTESIAN_POINT('',(16.6734728639603,0.05,19.));
#11733=CARTESIAN_POINT('',(16.6734728639603,0.05,17.));
#11734=CARTESIAN_POINT('',(16.6734728639603,0.05,0.));
#11735=CARTESIAN_POINT('',(16.6734728639603,0.05,17.));
#11736=CARTESIAN_POINT('Origin',(0.,0.05,19.));
#11737=CARTESIAN_POINT('',(17.6734728639603,0.05,19.));
#11738=CARTESIAN_POINT('',(17.6734728639603,0.05,19.));
#11739=CARTESIAN_POINT('',(0.,0.05,19.));
#11740=CARTESIAN_POINT('Origin',(17.6734728639603,0.05,0.));
#11741=CARTESIAN_POINT('',(17.6734728639603,0.05,17.));
#11742=CARTESIAN_POINT('',(17.6734728639603,0.05,17.));
#11743=CARTESIAN_POINT('',(17.6734728639603,0.05,0.));
#11744=CARTESIAN_POINT('Origin',(0.,0.05,17.));
#11745=CARTESIAN_POINT('',(0.,0.05,17.));
#11746=CARTESIAN_POINT('Origin',(0.,0.05,0.));
#11747=CARTESIAN_POINT('Origin',(19.2134728639603,0.05,0.));
#11748=CARTESIAN_POINT('',(19.2134728639603,0.05,19.));
#11749=CARTESIAN_POINT('',(19.2134728639603,0.05,19.));
#11750=CARTESIAN_POINT('',(19.2134728639603,0.05,17.));
#11751=CARTESIAN_POINT('',(19.2134728639603,0.05,0.));
#11752=CARTESIAN_POINT('',(19.2134728639603,0.05,17.));
#11753=CARTESIAN_POINT('Origin',(0.,0.05,19.));
#11754=CARTESIAN_POINT('',(20.2134728639603,0.05,19.));
#11755=CARTESIAN_POINT('',(20.2134728639603,0.05,19.));
#11756=CARTESIAN_POINT('',(0.,0.05,19.));
#11757=CARTESIAN_POINT('Origin',(20.2134728639603,0.05,0.));
#11758=CARTESIAN_POINT('',(20.2134728639603,0.05,17.));
#11759=CARTESIAN_POINT('',(20.2134728639603,0.05,17.));
#11760=CARTESIAN_POINT('',(20.2134728639603,0.05,0.));
#11761=CARTESIAN_POINT('Origin',(0.,0.05,17.));
#11762=CARTESIAN_POINT('',(0.,0.05,17.));
#11763=CARTESIAN_POINT('Origin',(0.,0.05,0.));
#11764=CARTESIAN_POINT('Origin',(21.7534728639603,0.05,0.));
#11765=CARTESIAN_POINT('',(21.7534728639603,0.05,19.));
#11766=CARTESIAN_POINT('',(21.7534728639603,0.05,19.));
#11767=CARTESIAN_POINT('',(21.7534728639603,0.05,17.));
#11768=CARTESIAN_POINT('',(21.7534728639603,0.05,0.));
#11769=CARTESIAN_POINT('',(21.7534728639603,0.05,17.));
#11770=CARTESIAN_POINT('Origin',(0.,0.05,19.));
#11771=CARTESIAN_POINT('',(22.7534728639603,0.05,19.));
#11772=CARTESIAN_POINT('',(22.7534728639603,0.05,19.));
#11773=CARTESIAN_POINT('',(0.,0.05,19.));
#11774=CARTESIAN_POINT('Origin',(22.7534728639603,0.05,0.));
#11775=CARTESIAN_POINT('',(22.7534728639603,0.05,17.));
#11776=CARTESIAN_POINT('',(22.7534728639603,0.05,17.));
#11777=CARTESIAN_POINT('',(22.7534728639603,0.05,0.));
#11778=CARTESIAN_POINT('Origin',(0.,0.05,17.));
#11779=CARTESIAN_POINT('',(0.,0.05,17.));
#11780=CARTESIAN_POINT('Origin',(0.,0.05,0.));
#11781=CARTESIAN_POINT('Origin',(0.,0.05,0.));
#11782=CARTESIAN_POINT('Origin',(3.97347286396028,0.05,0.));
#11783=CARTESIAN_POINT('',(3.97347286396028,0.05,19.0000000000001));
#11784=CARTESIAN_POINT('',(3.97347286396028,0.05,19.0000000000001));
#11785=CARTESIAN_POINT('',(3.97347286396028,0.05,17.0000000000001));
#11786=CARTESIAN_POINT('',(3.97347286396028,0.05,0.));
#11787=CARTESIAN_POINT('',(3.97347286396028,0.05,17.0000000000001));
#11788=CARTESIAN_POINT('Origin',(0.,0.05,19.0000000000001));
#11789=CARTESIAN_POINT('',(4.97347286396028,0.05,19.0000000000001));
#11790=CARTESIAN_POINT('',(4.97347286396028,0.05,19.0000000000001));
#11791=CARTESIAN_POINT('',(0.,0.05,19.0000000000001));
#11792=CARTESIAN_POINT('Origin',(4.97347286396028,0.05,0.));
#11793=CARTESIAN_POINT('',(4.97347286396028,0.05,17.0000000000001));
#11794=CARTESIAN_POINT('',(4.97347286396028,0.05,17.0000000000001));
#11795=CARTESIAN_POINT('',(4.97347286396028,0.05,0.));
#11796=CARTESIAN_POINT('Origin',(0.,0.05,17.0000000000001));
#11797=CARTESIAN_POINT('',(0.,0.05,17.0000000000001));
#11798=CARTESIAN_POINT('Origin',(0.,0.05,0.));
#11799=CARTESIAN_POINT('Origin',(6.51347286396028,0.05,0.));
#11800=CARTESIAN_POINT('',(6.51347286396028,0.05,19.0000000000001));
#11801=CARTESIAN_POINT('',(6.51347286396028,0.05,19.0000000000001));
#11802=CARTESIAN_POINT('',(6.51347286396028,0.05,17.0000000000001));
#11803=CARTESIAN_POINT('',(6.51347286396028,0.05,0.));
#11804=CARTESIAN_POINT('',(6.51347286396028,0.05,17.0000000000001));
#11805=CARTESIAN_POINT('Origin',(0.,0.05,19.0000000000001));
#11806=CARTESIAN_POINT('',(7.51347286396028,0.05,19.0000000000001));
#11807=CARTESIAN_POINT('',(7.51347286396028,0.05,19.0000000000001));
#11808=CARTESIAN_POINT('',(0.,0.05,19.0000000000001));
#11809=CARTESIAN_POINT('Origin',(7.51347286396028,0.05,0.));
#11810=CARTESIAN_POINT('',(7.51347286396028,0.05,17.0000000000001));
#11811=CARTESIAN_POINT('',(7.51347286396028,0.05,17.0000000000001));
#11812=CARTESIAN_POINT('',(7.51347286396028,0.05,0.));
#11813=CARTESIAN_POINT('Origin',(0.,0.05,17.0000000000001));
#11814=CARTESIAN_POINT('',(0.,0.05,17.0000000000001));
#11815=CARTESIAN_POINT('Origin',(0.,0.05,0.));
#11816=CARTESIAN_POINT('Origin',(9.05347286396028,0.05,0.));
#11817=CARTESIAN_POINT('',(9.05347286396028,0.05,19.0000000000001));
#11818=CARTESIAN_POINT('',(9.05347286396028,0.05,19.0000000000001));
#11819=CARTESIAN_POINT('',(9.05347286396028,0.05,17.0000000000001));
#11820=CARTESIAN_POINT('',(9.05347286396028,0.05,0.));
#11821=CARTESIAN_POINT('',(9.05347286396028,0.05,17.0000000000001));
#11822=CARTESIAN_POINT('Origin',(0.,0.05,19.0000000000001));
#11823=CARTESIAN_POINT('',(10.0534728639603,0.05,19.0000000000001));
#11824=CARTESIAN_POINT('',(10.0534728639603,0.05,19.0000000000001));
#11825=CARTESIAN_POINT('',(0.,0.05,19.0000000000001));
#11826=CARTESIAN_POINT('Origin',(10.0534728639603,0.05,0.));
#11827=CARTESIAN_POINT('',(10.0534728639603,0.05,17.0000000000001));
#11828=CARTESIAN_POINT('',(10.0534728639603,0.05,17.0000000000001));
#11829=CARTESIAN_POINT('',(10.0534728639603,0.05,0.));
#11830=CARTESIAN_POINT('Origin',(0.,0.05,17.0000000000001));
#11831=CARTESIAN_POINT('',(0.,0.05,17.0000000000001));
#11832=CARTESIAN_POINT('Origin',(0.,0.05,0.));
#11833=CARTESIAN_POINT('Origin',(11.5934728639603,0.05,0.));
#11834=CARTESIAN_POINT('',(11.5934728639603,0.05,19.0000000000001));
#11835=CARTESIAN_POINT('',(11.5934728639603,0.05,19.0000000000001));
#11836=CARTESIAN_POINT('',(11.5934728639603,0.05,17.0000000000001));
#11837=CARTESIAN_POINT('',(11.5934728639603,0.05,0.));
#11838=CARTESIAN_POINT('',(11.5934728639603,0.05,17.0000000000001));
#11839=CARTESIAN_POINT('Origin',(0.,0.05,19.0000000000001));
#11840=CARTESIAN_POINT('',(12.5934728639603,0.05,19.0000000000001));
#11841=CARTESIAN_POINT('',(12.5934728639603,0.05,19.0000000000001));
#11842=CARTESIAN_POINT('',(0.,0.05,19.0000000000001));
#11843=CARTESIAN_POINT('Origin',(12.5934728639603,0.05,0.));
#11844=CARTESIAN_POINT('',(12.5934728639603,0.05,17.0000000000001));
#11845=CARTESIAN_POINT('',(12.5934728639603,0.05,17.0000000000001));
#11846=CARTESIAN_POINT('',(12.5934728639603,0.05,0.));
#11847=CARTESIAN_POINT('Origin',(0.,0.05,17.0000000000001));
#11848=CARTESIAN_POINT('',(0.,0.05,17.0000000000001));
#11849=CARTESIAN_POINT('Origin',(0.,0.05,0.));
#11850=CARTESIAN_POINT('Origin',(3.9734728639603,0.05,0.));
#11851=CARTESIAN_POINT('',(3.9734728639603,0.05,25.0000000000001));
#11852=CARTESIAN_POINT('',(3.9734728639603,0.05,25.0000000000001));
#11853=CARTESIAN_POINT('',(3.9734728639603,0.05,23.0000000000001));
#11854=CARTESIAN_POINT('',(3.9734728639603,0.05,0.));
#11855=CARTESIAN_POINT('',(3.9734728639603,0.05,23.0000000000001));
#11856=CARTESIAN_POINT('Origin',(0.,0.05,25.0000000000001));
#11857=CARTESIAN_POINT('',(4.9734728639603,0.05,25.0000000000001));
#11858=CARTESIAN_POINT('',(4.9734728639603,0.05,25.0000000000001));
#11859=CARTESIAN_POINT('',(0.,0.05,25.0000000000001));
#11860=CARTESIAN_POINT('Origin',(4.9734728639603,0.05,0.));
#11861=CARTESIAN_POINT('',(4.9734728639603,0.05,23.0000000000001));
#11862=CARTESIAN_POINT('',(4.9734728639603,0.05,23.0000000000001));
#11863=CARTESIAN_POINT('',(4.9734728639603,0.05,0.));
#11864=CARTESIAN_POINT('Origin',(0.,0.05,23.0000000000001));
#11865=CARTESIAN_POINT('',(0.,0.05,23.0000000000001));
#11866=CARTESIAN_POINT('Origin',(0.,0.05,0.));
#11867=CARTESIAN_POINT('Origin',(6.5134728639603,0.05,0.));
#11868=CARTESIAN_POINT('',(6.5134728639603,0.05,25.0000000000001));
#11869=CARTESIAN_POINT('',(6.5134728639603,0.05,25.0000000000001));
#11870=CARTESIAN_POINT('',(6.5134728639603,0.05,23.0000000000001));
#11871=CARTESIAN_POINT('',(6.5134728639603,0.05,0.));
#11872=CARTESIAN_POINT('',(6.5134728639603,0.05,23.0000000000001));
#11873=CARTESIAN_POINT('Origin',(0.,0.05,25.0000000000001));
#11874=CARTESIAN_POINT('',(7.5134728639603,0.05,25.0000000000001));
#11875=CARTESIAN_POINT('',(7.5134728639603,0.05,25.0000000000001));
#11876=CARTESIAN_POINT('',(0.,0.05,25.0000000000001));
#11877=CARTESIAN_POINT('Origin',(7.5134728639603,0.05,0.));
#11878=CARTESIAN_POINT('',(7.5134728639603,0.05,23.0000000000001));
#11879=CARTESIAN_POINT('',(7.5134728639603,0.05,23.0000000000001));
#11880=CARTESIAN_POINT('',(7.5134728639603,0.05,0.));
#11881=CARTESIAN_POINT('Origin',(0.,0.05,23.0000000000001));
#11882=CARTESIAN_POINT('',(0.,0.05,23.0000000000001));
#11883=CARTESIAN_POINT('Origin',(0.,0.05,0.));
#11884=CARTESIAN_POINT('Origin',(9.0534728639603,0.05,0.));
#11885=CARTESIAN_POINT('',(9.0534728639603,0.05,25.0000000000001));
#11886=CARTESIAN_POINT('',(9.0534728639603,0.05,25.0000000000001));
#11887=CARTESIAN_POINT('',(9.0534728639603,0.05,23.0000000000001));
#11888=CARTESIAN_POINT('',(9.0534728639603,0.05,0.));
#11889=CARTESIAN_POINT('',(9.0534728639603,0.05,23.0000000000001));
#11890=CARTESIAN_POINT('Origin',(0.,0.05,25.0000000000001));
#11891=CARTESIAN_POINT('',(10.0534728639603,0.05,25.0000000000001));
#11892=CARTESIAN_POINT('',(10.0534728639603,0.05,25.0000000000001));
#11893=CARTESIAN_POINT('',(0.,0.05,25.0000000000001));
#11894=CARTESIAN_POINT('Origin',(10.0534728639603,0.05,0.));
#11895=CARTESIAN_POINT('',(10.0534728639603,0.05,23.0000000000001));
#11896=CARTESIAN_POINT('',(10.0534728639603,0.05,23.0000000000001));
#11897=CARTESIAN_POINT('',(10.0534728639603,0.05,0.));
#11898=CARTESIAN_POINT('Origin',(0.,0.05,23.0000000000001));
#11899=CARTESIAN_POINT('',(0.,0.05,23.0000000000001));
#11900=CARTESIAN_POINT('Origin',(0.,0.05,0.));
#11901=CARTESIAN_POINT('Origin',(11.5934728639603,0.05,0.));
#11902=CARTESIAN_POINT('',(11.5934728639603,0.05,25.0000000000001));
#11903=CARTESIAN_POINT('',(11.5934728639603,0.05,25.0000000000001));
#11904=CARTESIAN_POINT('',(11.5934728639603,0.05,23.0000000000001));
#11905=CARTESIAN_POINT('',(11.5934728639603,0.05,0.));
#11906=CARTESIAN_POINT('',(11.5934728639603,0.05,23.0000000000001));
#11907=CARTESIAN_POINT('Origin',(0.,0.05,25.0000000000001));
#11908=CARTESIAN_POINT('',(12.5934728639603,0.05,25.0000000000001));
#11909=CARTESIAN_POINT('',(12.5934728639603,0.05,25.0000000000001));
#11910=CARTESIAN_POINT('',(0.,0.05,25.0000000000001));
#11911=CARTESIAN_POINT('Origin',(12.5934728639603,0.05,0.));
#11912=CARTESIAN_POINT('',(12.5934728639603,0.05,23.0000000000001));
#11913=CARTESIAN_POINT('',(12.5934728639603,0.05,23.0000000000001));
#11914=CARTESIAN_POINT('',(12.5934728639603,0.05,0.));
#11915=CARTESIAN_POINT('Origin',(0.,0.05,23.0000000000001));
#11916=CARTESIAN_POINT('',(0.,0.05,23.0000000000001));
#11917=CARTESIAN_POINT('Origin',(0.,0.05,0.));
#11918=CARTESIAN_POINT('Origin',(14.1334728639603,0.05,0.));
#11919=CARTESIAN_POINT('',(14.1334728639603,0.05,25.0000000000001));
#11920=CARTESIAN_POINT('',(14.1334728639603,0.05,25.0000000000001));
#11921=CARTESIAN_POINT('',(14.1334728639603,0.05,23.0000000000001));
#11922=CARTESIAN_POINT('',(14.1334728639603,0.05,0.));
#11923=CARTESIAN_POINT('',(14.1334728639603,0.05,23.0000000000001));
#11924=CARTESIAN_POINT('Origin',(0.,0.05,25.0000000000001));
#11925=CARTESIAN_POINT('',(15.1334728639603,0.05,25.0000000000001));
#11926=CARTESIAN_POINT('',(15.1334728639603,0.05,25.0000000000001));
#11927=CARTESIAN_POINT('',(0.,0.05,25.0000000000001));
#11928=CARTESIAN_POINT('Origin',(15.1334728639603,0.05,0.));
#11929=CARTESIAN_POINT('',(15.1334728639603,0.05,23.0000000000001));
#11930=CARTESIAN_POINT('',(15.1334728639603,0.05,23.0000000000001));
#11931=CARTESIAN_POINT('',(15.1334728639603,0.05,0.));
#11932=CARTESIAN_POINT('Origin',(0.,0.05,23.0000000000001));
#11933=CARTESIAN_POINT('',(0.,0.05,23.0000000000001));
#11934=CARTESIAN_POINT('Origin',(0.,0.05,0.));
#11935=CARTESIAN_POINT('Origin',(0.,0.05,0.));
#11936=CARTESIAN_POINT('Origin',(0.,0.05,0.));
#11937=CARTESIAN_POINT('Origin',(0.,0.05,0.));
#11938=CARTESIAN_POINT('Origin',(0.,0.05,0.));
#11939=CARTESIAN_POINT('Origin',(0.,0.05,0.));
#11940=CARTESIAN_POINT('Origin',(0.,0.05,0.));
#11941=CARTESIAN_POINT('Origin',(0.,0.05,0.));
#11942=CARTESIAN_POINT('Origin',(0.,0.05,0.));
#11943=CARTESIAN_POINT('Origin',(0.,0.05,0.));
#11944=CARTESIAN_POINT('Origin',(0.,0.05,0.));
#11945=CARTESIAN_POINT('Origin',(0.,0.05,0.));
#11946=CARTESIAN_POINT('Origin',(0.,0.05,0.));
#11947=CARTESIAN_POINT('Origin',(16.6734728639603,0.05,0.));
#11948=CARTESIAN_POINT('',(16.6734728639603,0.05,25.));
#11949=CARTESIAN_POINT('',(16.6734728639603,0.05,25.));
#11950=CARTESIAN_POINT('',(16.6734728639603,0.05,23.));
#11951=CARTESIAN_POINT('',(16.6734728639603,0.05,0.));
#11952=CARTESIAN_POINT('',(16.6734728639603,0.05,23.));
#11953=CARTESIAN_POINT('Origin',(0.,0.05,25.));
#11954=CARTESIAN_POINT('',(17.6734728639603,0.05,25.));
#11955=CARTESIAN_POINT('',(17.6734728639603,0.05,25.));
#11956=CARTESIAN_POINT('',(0.,0.05,25.));
#11957=CARTESIAN_POINT('Origin',(17.6734728639603,0.05,0.));
#11958=CARTESIAN_POINT('',(17.6734728639603,0.05,23.));
#11959=CARTESIAN_POINT('',(17.6734728639603,0.05,23.));
#11960=CARTESIAN_POINT('',(17.6734728639603,0.05,0.));
#11961=CARTESIAN_POINT('Origin',(0.,0.05,23.));
#11962=CARTESIAN_POINT('',(0.,0.05,23.));
#11963=CARTESIAN_POINT('Origin',(0.,0.05,0.));
#11964=CARTESIAN_POINT('Origin',(19.2134728639603,0.05,0.));
#11965=CARTESIAN_POINT('',(19.2134728639603,0.05,25.));
#11966=CARTESIAN_POINT('',(19.2134728639603,0.05,25.));
#11967=CARTESIAN_POINT('',(19.2134728639603,0.05,23.));
#11968=CARTESIAN_POINT('',(19.2134728639603,0.05,0.));
#11969=CARTESIAN_POINT('',(19.2134728639603,0.05,23.));
#11970=CARTESIAN_POINT('Origin',(0.,0.05,25.));
#11971=CARTESIAN_POINT('',(20.2134728639603,0.05,25.));
#11972=CARTESIAN_POINT('',(20.2134728639603,0.05,25.));
#11973=CARTESIAN_POINT('',(0.,0.05,25.));
#11974=CARTESIAN_POINT('Origin',(20.2134728639603,0.05,0.));
#11975=CARTESIAN_POINT('',(20.2134728639603,0.05,23.));
#11976=CARTESIAN_POINT('',(20.2134728639603,0.05,23.));
#11977=CARTESIAN_POINT('',(20.2134728639603,0.05,0.));
#11978=CARTESIAN_POINT('Origin',(0.,0.05,23.));
#11979=CARTESIAN_POINT('',(0.,0.05,23.));
#11980=CARTESIAN_POINT('Origin',(0.,0.05,0.));
#11981=CARTESIAN_POINT('Origin',(0.,0.05,25.));
#11982=CARTESIAN_POINT('',(22.7534728639603,0.05,25.));
#11983=CARTESIAN_POINT('',(22.7534728639603,0.05,25.));
#11984=CARTESIAN_POINT('',(21.7534728639603,0.05,25.));
#11985=CARTESIAN_POINT('',(0.,0.05,25.));
#11986=CARTESIAN_POINT('',(21.7534728639603,0.05,25.));
#11987=CARTESIAN_POINT('Origin',(22.7534728639603,0.05,0.));
#11988=CARTESIAN_POINT('',(22.7534728639603,0.05,23.));
#11989=CARTESIAN_POINT('',(22.7534728639603,0.05,23.));
#11990=CARTESIAN_POINT('',(22.7534728639603,0.05,0.));
#11991=CARTESIAN_POINT('Origin',(0.,0.05,23.));
#11992=CARTESIAN_POINT('',(21.7534728639603,0.05,23.));
#11993=CARTESIAN_POINT('',(21.7534728639603,0.05,23.));
#11994=CARTESIAN_POINT('',(0.,0.05,23.));
#11995=CARTESIAN_POINT('Origin',(21.7534728639603,0.05,0.));
#11996=CARTESIAN_POINT('',(21.7534728639603,0.05,0.));
#11997=CARTESIAN_POINT('Origin',(0.,0.05,0.));
#11998=CARTESIAN_POINT('Origin',(0.,0.05,0.));
#11999=CARTESIAN_POINT('Origin',(0.,0.05,0.));
#12000=CARTESIAN_POINT('Origin',(0.,0.05,0.));
#12001=CARTESIAN_POINT('Origin',(0.,0.05,0.));
#12002=CARTESIAN_POINT('Origin',(0.,0.05,0.));
#12003=CARTESIAN_POINT('Origin',(0.,0.05,0.));
#12004=CARTESIAN_POINT('Origin',(0.,0.05,0.));
#12005=CARTESIAN_POINT('Origin',(0.,0.05,0.));
#12006=CARTESIAN_POINT('Origin',(0.,0.05,0.));
#12007=CARTESIAN_POINT('Origin',(0.,0.05,0.));
#12008=CARTESIAN_POINT('Origin',(0.,0.05,0.));
#12009=CARTESIAN_POINT('Origin',(0.,0.05,0.));
#12010=CARTESIAN_POINT('Origin',(0.,0.05,0.));
#12011=CARTESIAN_POINT('Origin',(0.,0.05,0.));
#12012=CARTESIAN_POINT('Origin',(0.,0.05,0.));
#12013=CARTESIAN_POINT('Origin',(0.,0.05,0.));
#12014=CARTESIAN_POINT('Origin',(0.,0.05,0.));
#12015=CARTESIAN_POINT('Origin',(0.,0.05,0.));
#12016=CARTESIAN_POINT('Origin',(0.,0.05,0.));
#12017=CARTESIAN_POINT('Origin',(-44.4965271360397,0.05,0.));
#12018=CARTESIAN_POINT('',(-44.4965271360397,0.05,26.25));
#12019=CARTESIAN_POINT('',(-44.4965271360397,0.05,26.25));
#12020=CARTESIAN_POINT('',(-44.4965271360397,0.05,23.75));
#12021=CARTESIAN_POINT('',(-44.4965271360397,0.05,0.));
#12022=CARTESIAN_POINT('',(-44.4965271360397,0.05,23.75));
#12023=CARTESIAN_POINT('Origin',(0.,0.05,26.25));
#12024=CARTESIAN_POINT('',(-43.4965271360397,0.05,26.25));
#12025=CARTESIAN_POINT('',(-43.4965271360397,0.05,26.25));
#12026=CARTESIAN_POINT('',(0.,0.05,26.25));
#12027=CARTESIAN_POINT('Origin',(-43.4965271360397,0.05,0.));
#12028=CARTESIAN_POINT('',(-43.4965271360397,0.05,23.75));
#12029=CARTESIAN_POINT('',(-43.4965271360397,0.05,23.75));
#12030=CARTESIAN_POINT('',(-43.4965271360397,0.05,0.));
#12031=CARTESIAN_POINT('Origin',(0.,0.05,23.75));
#12032=CARTESIAN_POINT('',(0.,0.05,23.75));
#12033=CARTESIAN_POINT('Origin',(0.,0.05,0.));
#12034=CARTESIAN_POINT('Origin',(-44.4965271360397,0.05,0.));
#12035=CARTESIAN_POINT('',(-44.4965271360397,0.05,32.75));
#12036=CARTESIAN_POINT('',(-44.4965271360397,0.05,32.75));
#12037=CARTESIAN_POINT('',(-44.4965271360397,0.05,30.25));
#12038=CARTESIAN_POINT('',(-44.4965271360397,0.05,0.));
#12039=CARTESIAN_POINT('',(-44.4965271360397,0.05,30.25));
#12040=CARTESIAN_POINT('Origin',(0.,0.05,32.75));
#12041=CARTESIAN_POINT('',(-43.4965271360397,0.05,32.75));
#12042=CARTESIAN_POINT('',(-43.4965271360397,0.05,32.75));
#12043=CARTESIAN_POINT('',(0.,0.05,32.75));
#12044=CARTESIAN_POINT('Origin',(-43.4965271360397,0.05,0.));
#12045=CARTESIAN_POINT('',(-43.4965271360397,0.05,30.25));
#12046=CARTESIAN_POINT('',(-43.4965271360397,0.05,30.25));
#12047=CARTESIAN_POINT('',(-43.4965271360397,0.05,0.));
#12048=CARTESIAN_POINT('Origin',(0.,0.05,30.25));
#12049=CARTESIAN_POINT('',(0.,0.05,30.25));
#12050=CARTESIAN_POINT('Origin',(0.,0.05,0.));
#12051=CARTESIAN_POINT('Origin',(-42.4965271360397,0.05,0.));
#12052=CARTESIAN_POINT('',(-42.4965271360397,0.05,32.75));
#12053=CARTESIAN_POINT('',(-42.4965271360397,0.05,32.75));
#12054=CARTESIAN_POINT('',(-42.4965271360397,0.05,30.25));
#12055=CARTESIAN_POINT('',(-42.4965271360397,0.05,0.));
#12056=CARTESIAN_POINT('',(-42.4965271360397,0.05,30.25));
#12057=CARTESIAN_POINT('Origin',(0.,0.05,32.75));
#12058=CARTESIAN_POINT('',(-41.4965271360397,0.05,32.75));
#12059=CARTESIAN_POINT('',(-41.4965271360397,0.05,32.75));
#12060=CARTESIAN_POINT('',(0.,0.05,32.75));
#12061=CARTESIAN_POINT('Origin',(-41.4965271360397,0.05,0.));
#12062=CARTESIAN_POINT('',(-41.4965271360397,0.05,30.25));
#12063=CARTESIAN_POINT('',(-41.4965271360397,0.05,30.25));
#12064=CARTESIAN_POINT('',(-41.4965271360397,0.05,0.));
#12065=CARTESIAN_POINT('Origin',(0.,0.05,30.25));
#12066=CARTESIAN_POINT('',(0.,0.05,30.25));
#12067=CARTESIAN_POINT('Origin',(0.,0.05,0.));
#12068=CARTESIAN_POINT('Origin',(-42.4965271360397,0.05,0.));
#12069=CARTESIAN_POINT('',(-42.4965271360397,0.05,26.25));
#12070=CARTESIAN_POINT('',(-42.4965271360397,0.05,26.25));
#12071=CARTESIAN_POINT('',(-42.4965271360397,0.05,23.75));
#12072=CARTESIAN_POINT('',(-42.4965271360397,0.05,0.));
#12073=CARTESIAN_POINT('',(-42.4965271360397,0.05,23.75));
#12074=CARTESIAN_POINT('Origin',(0.,0.05,26.25));
#12075=CARTESIAN_POINT('',(-41.4965271360397,0.05,26.25));
#12076=CARTESIAN_POINT('',(-41.4965271360397,0.05,26.25));
#12077=CARTESIAN_POINT('',(0.,0.05,26.25));
#12078=CARTESIAN_POINT('Origin',(-41.4965271360397,0.05,0.));
#12079=CARTESIAN_POINT('',(-41.4965271360397,0.05,23.75));
#12080=CARTESIAN_POINT('',(-41.4965271360397,0.05,23.75));
#12081=CARTESIAN_POINT('',(-41.4965271360397,0.05,0.));
#12082=CARTESIAN_POINT('Origin',(0.,0.05,23.75));
#12083=CARTESIAN_POINT('',(0.,0.05,23.75));
#12084=CARTESIAN_POINT('Origin',(0.,0.05,0.));
#12085=CARTESIAN_POINT('Origin',(0.,0.05,23.75));
#12086=CARTESIAN_POINT('',(-40.4965271360397,0.05,23.75));
#12087=CARTESIAN_POINT('',(-40.4965271360397,0.05,23.75));
#12088=CARTESIAN_POINT('',(-39.4965271360397,0.05,23.75));
#12089=CARTESIAN_POINT('',(0.,0.05,23.75));
#12090=CARTESIAN_POINT('',(-39.4965271360397,0.05,23.75));
#12091=CARTESIAN_POINT('Origin',(-40.4965271360397,0.05,0.));
#12092=CARTESIAN_POINT('',(-40.4965271360397,0.05,26.25));
#12093=CARTESIAN_POINT('',(-40.4965271360397,0.05,26.25));
#12094=CARTESIAN_POINT('',(-40.4965271360397,0.05,0.));
#12095=CARTESIAN_POINT('Origin',(0.,0.05,26.25));
#12096=CARTESIAN_POINT('',(-39.4965271360397,0.05,26.25));
#12097=CARTESIAN_POINT('',(-39.4965271360397,0.05,26.25));
#12098=CARTESIAN_POINT('',(0.,0.05,26.25));
#12099=CARTESIAN_POINT('Origin',(-39.4965271360397,0.05,0.));
#12100=CARTESIAN_POINT('',(-39.4965271360397,0.05,0.));
#12101=CARTESIAN_POINT('Origin',(0.,0.05,0.));
#12102=CARTESIAN_POINT('Origin',(-40.4965271360397,0.05,0.));
#12103=CARTESIAN_POINT('',(-40.4965271360397,0.05,32.75));
#12104=CARTESIAN_POINT('',(-40.4965271360397,0.05,32.75));
#12105=CARTESIAN_POINT('',(-40.4965271360397,0.05,30.25));
#12106=CARTESIAN_POINT('',(-40.4965271360397,0.05,0.));
#12107=CARTESIAN_POINT('',(-40.4965271360397,0.05,30.25));
#12108=CARTESIAN_POINT('Origin',(0.,0.05,32.75));
#12109=CARTESIAN_POINT('',(-39.4965271360397,0.05,32.75));
#12110=CARTESIAN_POINT('',(-39.4965271360397,0.05,32.75));
#12111=CARTESIAN_POINT('',(0.,0.05,32.75));
#12112=CARTESIAN_POINT('Origin',(-39.4965271360397,0.05,0.));
#12113=CARTESIAN_POINT('',(-39.4965271360397,0.05,30.25));
#12114=CARTESIAN_POINT('',(-39.4965271360397,0.05,30.25));
#12115=CARTESIAN_POINT('',(-39.4965271360397,0.05,0.));
#12116=CARTESIAN_POINT('Origin',(0.,0.05,30.25));
#12117=CARTESIAN_POINT('',(0.,0.05,30.25));
#12118=CARTESIAN_POINT('Origin',(0.,0.05,0.));
#12119=CARTESIAN_POINT('Origin',(0.,0.05,0.));
#12120=UNCERTAINTY_MEASURE_WITH_UNIT(LENGTH_MEASURE(0.01),#12124,
'DISTANCE_ACCURACY_VALUE',
'Maximum model space distance between geometric entities at asserted c
onnectivities');
#12121=UNCERTAINTY_MEASURE_WITH_UNIT(LENGTH_MEASURE(0.01),#12124,
'DISTANCE_ACCURACY_VALUE',
'Maximum model space distance between geometric entities at asserted c
onnectivities');
#12122=(
GEOMETRIC_REPRESENTATION_CONTEXT(3)
GLOBAL_UNCERTAINTY_ASSIGNED_CONTEXT((#12120))
GLOBAL_UNIT_ASSIGNED_CONTEXT((#12124,#12126,#12127))
REPRESENTATION_CONTEXT('','3D')
);
#12123=(
GEOMETRIC_REPRESENTATION_CONTEXT(3)
GLOBAL_UNCERTAINTY_ASSIGNED_CONTEXT((#12121))
GLOBAL_UNIT_ASSIGNED_CONTEXT((#12124,#12126,#12127))
REPRESENTATION_CONTEXT('','3D')
);
#12124=(
LENGTH_UNIT()
NAMED_UNIT(*)
SI_UNIT(.MILLI.,.METRE.)
);
#12125=(
LENGTH_UNIT()
NAMED_UNIT(*)
SI_UNIT($,.METRE.)
);
#12126=(
NAMED_UNIT(*)
PLANE_ANGLE_UNIT()
SI_UNIT($,.RADIAN.)
);
#12127=(
NAMED_UNIT(*)
SI_UNIT($,.STERADIAN.)
SOLID_ANGLE_UNIT()
);
#12128=SHAPE_DEFINITION_REPRESENTATION(#12129,#12130);
#12129=PRODUCT_DEFINITION_SHAPE('',$,#12132);
#12130=SHAPE_REPRESENTATION('',(#7476),#12122);
#12131=PRODUCT_DEFINITION_CONTEXT('part definition',#12136,'design');
#12132=PRODUCT_DEFINITION('PCB','PCB',#12133,#12131);
#12133=PRODUCT_DEFINITION_FORMATION('',$,#12138);
#12134=PRODUCT_RELATED_PRODUCT_CATEGORY('PCB','PCB',(#12138));
#12135=APPLICATION_PROTOCOL_DEFINITION('international standard',
'automotive_design',2009,#12136);
#12136=APPLICATION_CONTEXT(
'Core Data for Automotive Mechanical Design Process');
#12137=PRODUCT_CONTEXT('part definition',#12136,'mechanical');
#12138=PRODUCT('PCB','PCB',$,(#12137));
#12139=PRESENTATION_STYLE_ASSIGNMENT((#12142));
#12140=PRESENTATION_STYLE_ASSIGNMENT((#12143));
#12141=PRESENTATION_STYLE_ASSIGNMENT((#12144));
#12142=SURFACE_STYLE_USAGE(.BOTH.,#12145);
#12143=SURFACE_STYLE_USAGE(.BOTH.,#12146);
#12144=SURFACE_STYLE_USAGE(.BOTH.,#12147);
#12145=SURFACE_SIDE_STYLE('',(#12148));
#12146=SURFACE_SIDE_STYLE('',(#12149));
#12147=SURFACE_SIDE_STYLE('',(#12150));
#12148=SURFACE_STYLE_FILL_AREA(#12151);
#12149=SURFACE_STYLE_FILL_AREA(#12152);
#12150=SURFACE_STYLE_FILL_AREA(#12153);
#12151=FILL_AREA_STYLE('Acier - Satin\X\E9',(#12154));
#12152=FILL_AREA_STYLE('Opaque(73,169,84)',(#12155));
#12153=FILL_AREA_STYLE('Opaque(255,206,127)',(#12156));
#12154=FILL_AREA_STYLE_COLOUR('Acier - Satin\X\E9',#12157);
#12155=FILL_AREA_STYLE_COLOUR('Opaque(73,169,84)',#12158);
#12156=FILL_AREA_STYLE_COLOUR('Opaque(255,206,127)',#12159);
#12157=COLOUR_RGB('Acier - Satin\X\E9',0.627450980392157,0.627450980392157,
0.627450980392157);
#12158=COLOUR_RGB('Opaque(73,169,84)',0.286274509803922,0.662745098039216,
0.329411764705882);
#12159=COLOUR_RGB('Opaque(255,206,127)',1.,0.807843137254902,0.498039215686275);
ENDSEC;
END-ISO-10303-21;
