ISO-10303-21;
HEADER;
/* Generated by software containing ST-Developer
 * from STEP Tools, Inc. (www.steptools.com) 
 */

FILE_DESCRIPTION(
/* description */ (''),
/* implementation_level */ '2;1');

FILE_NAME(
/* name */ 'BB02-KY-housing-16P.step',
/* time_stamp */ '2026-02-08T18:57:32+01:00',
/* author */ (''),
/* organization */ (''),
/* preprocessor_version */ 'ST-DEVELOPER v20.1',
/* originating_system */ 'Autodesk Translation Framework v14.24.0.0',
/* authorisation */ '');

FILE_SCHEMA (('AUTOMOTIVE_DESIGN { 1 0 10303 214 3 1 1 }'));
ENDSEC;

DATA;
#10=MECHANICAL_DESIGN_GEOMETRIC_PRESENTATION_REPRESENTATION('',(#13),#7047);
#11=SHAPE_REPRESENTATION_RELATIONSHIP('SRR','None',#7054,#12);
#12=ADVANCED_BREP_SHAPE_REPRESENTATION('',(#14),#7046);
#13=STYLED_ITEM('',(#7064),#14);
#14=MANIFOLD_SOLID_BREP('Corps1',#4461);
#15=FACE_BOUND('',#532,.T.);
#16=FACE_BOUND('',#533,.T.);
#17=FACE_BOUND('',#534,.T.);
#18=FACE_BOUND('',#535,.T.);
#19=FACE_BOUND('',#536,.T.);
#20=FACE_BOUND('',#537,.T.);
#21=FACE_BOUND('',#538,.T.);
#22=FACE_BOUND('',#539,.T.);
#23=FACE_BOUND('',#540,.T.);
#24=FACE_BOUND('',#541,.T.);
#25=FACE_BOUND('',#542,.T.);
#26=FACE_BOUND('',#543,.T.);
#27=FACE_BOUND('',#544,.T.);
#28=FACE_BOUND('',#545,.T.);
#29=FACE_BOUND('',#546,.T.);
#30=FACE_BOUND('',#547,.T.);
#31=FACE_BOUND('',#619,.T.);
#32=FACE_BOUND('',#620,.T.);
#33=FACE_BOUND('',#736,.T.);
#34=FACE_BOUND('',#738,.T.);
#35=FACE_BOUND('',#740,.T.);
#36=FACE_BOUND('',#742,.T.);
#37=FACE_BOUND('',#744,.T.);
#38=FACE_BOUND('',#746,.T.);
#39=FACE_BOUND('',#748,.T.);
#40=FACE_BOUND('',#750,.T.);
#41=FACE_BOUND('',#752,.T.);
#42=FACE_BOUND('',#754,.T.);
#43=FACE_BOUND('',#756,.T.);
#44=FACE_BOUND('',#758,.T.);
#45=FACE_BOUND('',#760,.T.);
#46=FACE_BOUND('',#762,.T.);
#47=FACE_BOUND('',#764,.T.);
#48=FACE_BOUND('',#766,.T.);
#49=PLANE('',#4485);
#50=PLANE('',#4486);
#51=PLANE('',#4487);
#52=PLANE('',#4488);
#53=PLANE('',#4489);
#54=PLANE('',#4490);
#55=PLANE('',#4491);
#56=PLANE('',#4492);
#57=PLANE('',#4493);
#58=PLANE('',#4494);
#59=PLANE('',#4495);
#60=PLANE('',#4496);
#61=PLANE('',#4497);
#62=PLANE('',#4498);
#63=PLANE('',#4499);
#64=PLANE('',#4500);
#65=PLANE('',#4501);
#66=PLANE('',#4502);
#67=PLANE('',#4503);
#68=PLANE('',#4504);
#69=PLANE('',#4505);
#70=PLANE('',#4506);
#71=PLANE('',#4507);
#72=PLANE('',#4508);
#73=PLANE('',#4509);
#74=PLANE('',#4510);
#75=PLANE('',#4511);
#76=PLANE('',#4512);
#77=PLANE('',#4513);
#78=PLANE('',#4514);
#79=PLANE('',#4515);
#80=PLANE('',#4516);
#81=PLANE('',#4517);
#82=PLANE('',#4518);
#83=PLANE('',#4519);
#84=PLANE('',#4520);
#85=PLANE('',#4521);
#86=PLANE('',#4522);
#87=PLANE('',#4523);
#88=PLANE('',#4524);
#89=PLANE('',#4525);
#90=PLANE('',#4526);
#91=PLANE('',#4527);
#92=PLANE('',#4528);
#93=PLANE('',#4529);
#94=PLANE('',#4530);
#95=PLANE('',#4531);
#96=PLANE('',#4532);
#97=PLANE('',#4533);
#98=PLANE('',#4534);
#99=PLANE('',#4535);
#100=PLANE('',#4536);
#101=PLANE('',#4537);
#102=PLANE('',#4538);
#103=PLANE('',#4539);
#104=PLANE('',#4540);
#105=PLANE('',#4541);
#106=PLANE('',#4542);
#107=PLANE('',#4543);
#108=PLANE('',#4544);
#109=PLANE('',#4545);
#110=PLANE('',#4546);
#111=PLANE('',#4547);
#112=PLANE('',#4548);
#113=PLANE('',#4549);
#114=PLANE('',#4550);
#115=PLANE('',#4551);
#116=PLANE('',#4552);
#117=PLANE('',#4553);
#118=PLANE('',#4554);
#119=PLANE('',#4555);
#120=PLANE('',#4556);
#121=PLANE('',#4557);
#122=PLANE('',#4558);
#123=PLANE('',#4559);
#124=PLANE('',#4560);
#125=PLANE('',#4561);
#126=PLANE('',#4562);
#127=PLANE('',#4563);
#128=PLANE('',#4564);
#129=PLANE('',#4565);
#130=PLANE('',#4566);
#131=PLANE('',#4567);
#132=PLANE('',#4568);
#133=PLANE('',#4569);
#134=PLANE('',#4570);
#135=PLANE('',#4571);
#136=PLANE('',#4572);
#137=PLANE('',#4573);
#138=PLANE('',#4574);
#139=PLANE('',#4575);
#140=PLANE('',#4576);
#141=PLANE('',#4577);
#142=PLANE('',#4578);
#143=PLANE('',#4579);
#144=PLANE('',#4580);
#145=PLANE('',#4581);
#146=PLANE('',#4582);
#147=PLANE('',#4583);
#148=PLANE('',#4584);
#149=PLANE('',#4585);
#150=PLANE('',#4586);
#151=PLANE('',#4587);
#152=PLANE('',#4588);
#153=PLANE('',#4589);
#154=PLANE('',#4590);
#155=PLANE('',#4591);
#156=PLANE('',#4592);
#157=PLANE('',#4593);
#158=PLANE('',#4594);
#159=PLANE('',#4595);
#160=PLANE('',#4596);
#161=PLANE('',#4597);
#162=PLANE('',#4598);
#163=PLANE('',#4599);
#164=PLANE('',#4600);
#165=PLANE('',#4601);
#166=PLANE('',#4602);
#167=PLANE('',#4603);
#168=PLANE('',#4604);
#169=PLANE('',#4605);
#170=PLANE('',#4606);
#171=PLANE('',#4607);
#172=PLANE('',#4608);
#173=PLANE('',#4609);
#174=PLANE('',#4610);
#175=PLANE('',#4611);
#176=PLANE('',#4612);
#177=PLANE('',#4613);
#178=PLANE('',#4614);
#179=PLANE('',#4615);
#180=PLANE('',#4616);
#181=PLANE('',#4617);
#182=PLANE('',#4618);
#183=PLANE('',#4619);
#184=PLANE('',#4620);
#185=PLANE('',#4621);
#186=PLANE('',#4622);
#187=PLANE('',#4623);
#188=PLANE('',#4624);
#189=PLANE('',#4625);
#190=PLANE('',#4626);
#191=PLANE('',#4627);
#192=PLANE('',#4628);
#193=PLANE('',#4629);
#194=PLANE('',#4630);
#195=PLANE('',#4631);
#196=PLANE('',#4632);
#197=PLANE('',#4633);
#198=PLANE('',#4634);
#199=PLANE('',#4635);
#200=PLANE('',#4636);
#201=PLANE('',#4637);
#202=PLANE('',#4638);
#203=PLANE('',#4639);
#204=PLANE('',#4640);
#205=PLANE('',#4641);
#206=PLANE('',#4642);
#207=PLANE('',#4643);
#208=PLANE('',#4644);
#209=PLANE('',#4645);
#210=PLANE('',#4646);
#211=PLANE('',#4647);
#212=PLANE('',#4648);
#213=PLANE('',#4649);
#214=PLANE('',#4650);
#215=PLANE('',#4651);
#216=PLANE('',#4652);
#217=PLANE('',#4653);
#218=PLANE('',#4654);
#219=PLANE('',#4655);
#220=PLANE('',#4656);
#221=PLANE('',#4657);
#222=PLANE('',#4658);
#223=PLANE('',#4659);
#224=PLANE('',#4660);
#225=PLANE('',#4661);
#226=PLANE('',#4662);
#227=PLANE('',#4663);
#228=PLANE('',#4664);
#229=PLANE('',#4665);
#230=PLANE('',#4666);
#231=PLANE('',#4667);
#232=PLANE('',#4668);
#233=PLANE('',#4669);
#234=PLANE('',#4670);
#235=PLANE('',#4671);
#236=PLANE('',#4672);
#237=PLANE('',#4673);
#238=PLANE('',#4674);
#239=PLANE('',#4675);
#240=PLANE('',#4676);
#241=PLANE('',#4677);
#242=PLANE('',#4678);
#243=PLANE('',#4679);
#244=PLANE('',#4680);
#245=PLANE('',#4681);
#246=PLANE('',#4682);
#247=PLANE('',#4683);
#248=PLANE('',#4684);
#249=PLANE('',#4685);
#250=PLANE('',#4686);
#251=PLANE('',#4687);
#252=PLANE('',#4688);
#253=PLANE('',#4689);
#254=PLANE('',#4690);
#255=PLANE('',#4691);
#256=PLANE('',#4692);
#257=PLANE('',#4693);
#258=PLANE('',#4694);
#259=PLANE('',#4695);
#260=PLANE('',#4696);
#261=PLANE('',#4697);
#262=PLANE('',#4698);
#263=PLANE('',#4699);
#264=PLANE('',#4700);
#265=PLANE('',#4701);
#266=PLANE('',#4702);
#267=PLANE('',#4703);
#268=PLANE('',#4704);
#269=PLANE('',#4705);
#270=PLANE('',#4706);
#271=PLANE('',#4707);
#272=PLANE('',#4708);
#273=PLANE('',#4709);
#274=PLANE('',#4710);
#275=PLANE('',#4711);
#276=PLANE('',#4712);
#277=PLANE('',#4713);
#278=PLANE('',#4714);
#279=PLANE('',#4715);
#280=PLANE('',#4716);
#281=PLANE('',#4717);
#282=PLANE('',#4718);
#283=PLANE('',#4719);
#284=PLANE('',#4720);
#285=CONICAL_SURFACE('',#4481,0.55000000003698,0.785398163397448);
#286=CONICAL_SURFACE('',#4483,0.549999999928986,0.785398163397448);
#287=FACE_OUTER_BOUND('',#527,.T.);
#288=FACE_OUTER_BOUND('',#528,.T.);
#289=FACE_OUTER_BOUND('',#529,.T.);
#290=FACE_OUTER_BOUND('',#530,.T.);
#291=FACE_OUTER_BOUND('',#531,.T.);
#292=FACE_OUTER_BOUND('',#548,.T.);
#293=FACE_OUTER_BOUND('',#549,.T.);
#294=FACE_OUTER_BOUND('',#550,.T.);
#295=FACE_OUTER_BOUND('',#551,.T.);
#296=FACE_OUTER_BOUND('',#552,.T.);
#297=FACE_OUTER_BOUND('',#553,.T.);
#298=FACE_OUTER_BOUND('',#554,.T.);
#299=FACE_OUTER_BOUND('',#555,.T.);
#300=FACE_OUTER_BOUND('',#556,.T.);
#301=FACE_OUTER_BOUND('',#557,.T.);
#302=FACE_OUTER_BOUND('',#558,.T.);
#303=FACE_OUTER_BOUND('',#559,.T.);
#304=FACE_OUTER_BOUND('',#560,.T.);
#305=FACE_OUTER_BOUND('',#561,.T.);
#306=FACE_OUTER_BOUND('',#562,.T.);
#307=FACE_OUTER_BOUND('',#563,.T.);
#308=FACE_OUTER_BOUND('',#564,.T.);
#309=FACE_OUTER_BOUND('',#565,.T.);
#310=FACE_OUTER_BOUND('',#566,.T.);
#311=FACE_OUTER_BOUND('',#567,.T.);
#312=FACE_OUTER_BOUND('',#568,.T.);
#313=FACE_OUTER_BOUND('',#569,.T.);
#314=FACE_OUTER_BOUND('',#570,.T.);
#315=FACE_OUTER_BOUND('',#571,.T.);
#316=FACE_OUTER_BOUND('',#572,.T.);
#317=FACE_OUTER_BOUND('',#573,.T.);
#318=FACE_OUTER_BOUND('',#574,.T.);
#319=FACE_OUTER_BOUND('',#575,.T.);
#320=FACE_OUTER_BOUND('',#576,.T.);
#321=FACE_OUTER_BOUND('',#577,.T.);
#322=FACE_OUTER_BOUND('',#578,.T.);
#323=FACE_OUTER_BOUND('',#579,.T.);
#324=FACE_OUTER_BOUND('',#580,.T.);
#325=FACE_OUTER_BOUND('',#581,.T.);
#326=FACE_OUTER_BOUND('',#582,.T.);
#327=FACE_OUTER_BOUND('',#583,.T.);
#328=FACE_OUTER_BOUND('',#584,.T.);
#329=FACE_OUTER_BOUND('',#585,.T.);
#330=FACE_OUTER_BOUND('',#586,.T.);
#331=FACE_OUTER_BOUND('',#587,.T.);
#332=FACE_OUTER_BOUND('',#588,.T.);
#333=FACE_OUTER_BOUND('',#589,.T.);
#334=FACE_OUTER_BOUND('',#590,.T.);
#335=FACE_OUTER_BOUND('',#591,.T.);
#336=FACE_OUTER_BOUND('',#592,.T.);
#337=FACE_OUTER_BOUND('',#593,.T.);
#338=FACE_OUTER_BOUND('',#594,.T.);
#339=FACE_OUTER_BOUND('',#595,.T.);
#340=FACE_OUTER_BOUND('',#596,.T.);
#341=FACE_OUTER_BOUND('',#597,.T.);
#342=FACE_OUTER_BOUND('',#598,.T.);
#343=FACE_OUTER_BOUND('',#599,.T.);
#344=FACE_OUTER_BOUND('',#600,.T.);
#345=FACE_OUTER_BOUND('',#601,.T.);
#346=FACE_OUTER_BOUND('',#602,.T.);
#347=FACE_OUTER_BOUND('',#603,.T.);
#348=FACE_OUTER_BOUND('',#604,.T.);
#349=FACE_OUTER_BOUND('',#605,.T.);
#350=FACE_OUTER_BOUND('',#606,.T.);
#351=FACE_OUTER_BOUND('',#607,.T.);
#352=FACE_OUTER_BOUND('',#608,.T.);
#353=FACE_OUTER_BOUND('',#609,.T.);
#354=FACE_OUTER_BOUND('',#610,.T.);
#355=FACE_OUTER_BOUND('',#611,.T.);
#356=FACE_OUTER_BOUND('',#612,.T.);
#357=FACE_OUTER_BOUND('',#613,.T.);
#358=FACE_OUTER_BOUND('',#614,.T.);
#359=FACE_OUTER_BOUND('',#615,.T.);
#360=FACE_OUTER_BOUND('',#616,.T.);
#361=FACE_OUTER_BOUND('',#617,.T.);
#362=FACE_OUTER_BOUND('',#618,.T.);
#363=FACE_OUTER_BOUND('',#621,.T.);
#364=FACE_OUTER_BOUND('',#622,.T.);
#365=FACE_OUTER_BOUND('',#623,.T.);
#366=FACE_OUTER_BOUND('',#624,.T.);
#367=FACE_OUTER_BOUND('',#625,.T.);
#368=FACE_OUTER_BOUND('',#626,.T.);
#369=FACE_OUTER_BOUND('',#627,.T.);
#370=FACE_OUTER_BOUND('',#628,.T.);
#371=FACE_OUTER_BOUND('',#629,.T.);
#372=FACE_OUTER_BOUND('',#630,.T.);
#373=FACE_OUTER_BOUND('',#631,.T.);
#374=FACE_OUTER_BOUND('',#632,.T.);
#375=FACE_OUTER_BOUND('',#633,.T.);
#376=FACE_OUTER_BOUND('',#634,.T.);
#377=FACE_OUTER_BOUND('',#635,.T.);
#378=FACE_OUTER_BOUND('',#636,.T.);
#379=FACE_OUTER_BOUND('',#637,.T.);
#380=FACE_OUTER_BOUND('',#638,.T.);
#381=FACE_OUTER_BOUND('',#639,.T.);
#382=FACE_OUTER_BOUND('',#640,.T.);
#383=FACE_OUTER_BOUND('',#641,.T.);
#384=FACE_OUTER_BOUND('',#642,.T.);
#385=FACE_OUTER_BOUND('',#643,.T.);
#386=FACE_OUTER_BOUND('',#644,.T.);
#387=FACE_OUTER_BOUND('',#645,.T.);
#388=FACE_OUTER_BOUND('',#646,.T.);
#389=FACE_OUTER_BOUND('',#647,.T.);
#390=FACE_OUTER_BOUND('',#648,.T.);
#391=FACE_OUTER_BOUND('',#649,.T.);
#392=FACE_OUTER_BOUND('',#650,.T.);
#393=FACE_OUTER_BOUND('',#651,.T.);
#394=FACE_OUTER_BOUND('',#652,.T.);
#395=FACE_OUTER_BOUND('',#653,.T.);
#396=FACE_OUTER_BOUND('',#654,.T.);
#397=FACE_OUTER_BOUND('',#655,.T.);
#398=FACE_OUTER_BOUND('',#656,.T.);
#399=FACE_OUTER_BOUND('',#657,.T.);
#400=FACE_OUTER_BOUND('',#658,.T.);
#401=FACE_OUTER_BOUND('',#659,.T.);
#402=FACE_OUTER_BOUND('',#660,.T.);
#403=FACE_OUTER_BOUND('',#661,.T.);
#404=FACE_OUTER_BOUND('',#662,.T.);
#405=FACE_OUTER_BOUND('',#663,.T.);
#406=FACE_OUTER_BOUND('',#664,.T.);
#407=FACE_OUTER_BOUND('',#665,.T.);
#408=FACE_OUTER_BOUND('',#666,.T.);
#409=FACE_OUTER_BOUND('',#667,.T.);
#410=FACE_OUTER_BOUND('',#668,.T.);
#411=FACE_OUTER_BOUND('',#669,.T.);
#412=FACE_OUTER_BOUND('',#670,.T.);
#413=FACE_OUTER_BOUND('',#671,.T.);
#414=FACE_OUTER_BOUND('',#672,.T.);
#415=FACE_OUTER_BOUND('',#673,.T.);
#416=FACE_OUTER_BOUND('',#674,.T.);
#417=FACE_OUTER_BOUND('',#675,.T.);
#418=FACE_OUTER_BOUND('',#676,.T.);
#419=FACE_OUTER_BOUND('',#677,.T.);
#420=FACE_OUTER_BOUND('',#678,.T.);
#421=FACE_OUTER_BOUND('',#679,.T.);
#422=FACE_OUTER_BOUND('',#680,.T.);
#423=FACE_OUTER_BOUND('',#681,.T.);
#424=FACE_OUTER_BOUND('',#682,.T.);
#425=FACE_OUTER_BOUND('',#683,.T.);
#426=FACE_OUTER_BOUND('',#684,.T.);
#427=FACE_OUTER_BOUND('',#685,.T.);
#428=FACE_OUTER_BOUND('',#686,.T.);
#429=FACE_OUTER_BOUND('',#687,.T.);
#430=FACE_OUTER_BOUND('',#688,.T.);
#431=FACE_OUTER_BOUND('',#689,.T.);
#432=FACE_OUTER_BOUND('',#690,.T.);
#433=FACE_OUTER_BOUND('',#691,.T.);
#434=FACE_OUTER_BOUND('',#692,.T.);
#435=FACE_OUTER_BOUND('',#693,.T.);
#436=FACE_OUTER_BOUND('',#694,.T.);
#437=FACE_OUTER_BOUND('',#695,.T.);
#438=FACE_OUTER_BOUND('',#696,.T.);
#439=FACE_OUTER_BOUND('',#697,.T.);
#440=FACE_OUTER_BOUND('',#698,.T.);
#441=FACE_OUTER_BOUND('',#699,.T.);
#442=FACE_OUTER_BOUND('',#700,.T.);
#443=FACE_OUTER_BOUND('',#701,.T.);
#444=FACE_OUTER_BOUND('',#702,.T.);
#445=FACE_OUTER_BOUND('',#703,.T.);
#446=FACE_OUTER_BOUND('',#704,.T.);
#447=FACE_OUTER_BOUND('',#705,.T.);
#448=FACE_OUTER_BOUND('',#706,.T.);
#449=FACE_OUTER_BOUND('',#707,.T.);
#450=FACE_OUTER_BOUND('',#708,.T.);
#451=FACE_OUTER_BOUND('',#709,.T.);
#452=FACE_OUTER_BOUND('',#710,.T.);
#453=FACE_OUTER_BOUND('',#711,.T.);
#454=FACE_OUTER_BOUND('',#712,.T.);
#455=FACE_OUTER_BOUND('',#713,.T.);
#456=FACE_OUTER_BOUND('',#714,.T.);
#457=FACE_OUTER_BOUND('',#715,.T.);
#458=FACE_OUTER_BOUND('',#716,.T.);
#459=FACE_OUTER_BOUND('',#717,.T.);
#460=FACE_OUTER_BOUND('',#718,.T.);
#461=FACE_OUTER_BOUND('',#719,.T.);
#462=FACE_OUTER_BOUND('',#720,.T.);
#463=FACE_OUTER_BOUND('',#721,.T.);
#464=FACE_OUTER_BOUND('',#722,.T.);
#465=FACE_OUTER_BOUND('',#723,.T.);
#466=FACE_OUTER_BOUND('',#724,.T.);
#467=FACE_OUTER_BOUND('',#725,.T.);
#468=FACE_OUTER_BOUND('',#726,.T.);
#469=FACE_OUTER_BOUND('',#727,.T.);
#470=FACE_OUTER_BOUND('',#728,.T.);
#471=FACE_OUTER_BOUND('',#729,.T.);
#472=FACE_OUTER_BOUND('',#730,.T.);
#473=FACE_OUTER_BOUND('',#731,.T.);
#474=FACE_OUTER_BOUND('',#732,.T.);
#475=FACE_OUTER_BOUND('',#733,.T.);
#476=FACE_OUTER_BOUND('',#734,.T.);
#477=FACE_OUTER_BOUND('',#735,.T.);
#478=FACE_OUTER_BOUND('',#737,.T.);
#479=FACE_OUTER_BOUND('',#739,.T.);
#480=FACE_OUTER_BOUND('',#741,.T.);
#481=FACE_OUTER_BOUND('',#743,.T.);
#482=FACE_OUTER_BOUND('',#745,.T.);
#483=FACE_OUTER_BOUND('',#747,.T.);
#484=FACE_OUTER_BOUND('',#749,.T.);
#485=FACE_OUTER_BOUND('',#751,.T.);
#486=FACE_OUTER_BOUND('',#753,.T.);
#487=FACE_OUTER_BOUND('',#755,.T.);
#488=FACE_OUTER_BOUND('',#757,.T.);
#489=FACE_OUTER_BOUND('',#759,.T.);
#490=FACE_OUTER_BOUND('',#761,.T.);
#491=FACE_OUTER_BOUND('',#763,.T.);
#492=FACE_OUTER_BOUND('',#765,.T.);
#493=FACE_OUTER_BOUND('',#767,.T.);
#494=FACE_OUTER_BOUND('',#768,.T.);
#495=FACE_OUTER_BOUND('',#769,.T.);
#496=FACE_OUTER_BOUND('',#770,.T.);
#497=FACE_OUTER_BOUND('',#771,.T.);
#498=FACE_OUTER_BOUND('',#772,.T.);
#499=FACE_OUTER_BOUND('',#773,.T.);
#500=FACE_OUTER_BOUND('',#774,.T.);
#501=FACE_OUTER_BOUND('',#775,.T.);
#502=FACE_OUTER_BOUND('',#776,.T.);
#503=FACE_OUTER_BOUND('',#777,.T.);
#504=FACE_OUTER_BOUND('',#778,.T.);
#505=FACE_OUTER_BOUND('',#779,.T.);
#506=FACE_OUTER_BOUND('',#780,.T.);
#507=FACE_OUTER_BOUND('',#781,.T.);
#508=FACE_OUTER_BOUND('',#782,.T.);
#509=FACE_OUTER_BOUND('',#783,.T.);
#510=FACE_OUTER_BOUND('',#784,.T.);
#511=FACE_OUTER_BOUND('',#785,.T.);
#512=FACE_OUTER_BOUND('',#786,.T.);
#513=FACE_OUTER_BOUND('',#787,.T.);
#514=FACE_OUTER_BOUND('',#788,.T.);
#515=FACE_OUTER_BOUND('',#789,.T.);
#516=FACE_OUTER_BOUND('',#790,.T.);
#517=FACE_OUTER_BOUND('',#791,.T.);
#518=FACE_OUTER_BOUND('',#792,.T.);
#519=FACE_OUTER_BOUND('',#793,.T.);
#520=FACE_OUTER_BOUND('',#794,.T.);
#521=FACE_OUTER_BOUND('',#795,.T.);
#522=FACE_OUTER_BOUND('',#796,.T.);
#523=FACE_OUTER_BOUND('',#797,.T.);
#524=FACE_OUTER_BOUND('',#798,.T.);
#525=FACE_OUTER_BOUND('',#799,.T.);
#526=FACE_OUTER_BOUND('',#800,.T.);
#527=EDGE_LOOP('',(#2999,#3000,#3001,#3002));
#528=EDGE_LOOP('',(#3003,#3004,#3005,#3006));
#529=EDGE_LOOP('',(#3007,#3008,#3009,#3010));
#530=EDGE_LOOP('',(#3011,#3012,#3013,#3014));
#531=EDGE_LOOP('',(#3015,#3016,#3017,#3018));
#532=EDGE_LOOP('',(#3019,#3020,#3021,#3022));
#533=EDGE_LOOP('',(#3023,#3024,#3025,#3026));
#534=EDGE_LOOP('',(#3027,#3028,#3029,#3030));
#535=EDGE_LOOP('',(#3031,#3032,#3033,#3034));
#536=EDGE_LOOP('',(#3035,#3036,#3037,#3038));
#537=EDGE_LOOP('',(#3039,#3040,#3041,#3042));
#538=EDGE_LOOP('',(#3043,#3044,#3045,#3046));
#539=EDGE_LOOP('',(#3047,#3048,#3049,#3050));
#540=EDGE_LOOP('',(#3051,#3052,#3053,#3054));
#541=EDGE_LOOP('',(#3055,#3056,#3057,#3058));
#542=EDGE_LOOP('',(#3059,#3060,#3061,#3062));
#543=EDGE_LOOP('',(#3063,#3064,#3065,#3066));
#544=EDGE_LOOP('',(#3067,#3068,#3069,#3070));
#545=EDGE_LOOP('',(#3071,#3072,#3073,#3074));
#546=EDGE_LOOP('',(#3075,#3076,#3077,#3078));
#547=EDGE_LOOP('',(#3079,#3080,#3081,#3082));
#548=EDGE_LOOP('',(#3083,#3084,#3085,#3086));
#549=EDGE_LOOP('',(#3087,#3088,#3089,#3090,#3091,#3092,#3093,#3094));
#550=EDGE_LOOP('',(#3095,#3096,#3097,#3098));
#551=EDGE_LOOP('',(#3099,#3100,#3101,#3102));
#552=EDGE_LOOP('',(#3103,#3104,#3105,#3106));
#553=EDGE_LOOP('',(#3107,#3108,#3109,#3110));
#554=EDGE_LOOP('',(#3111,#3112,#3113,#3114));
#555=EDGE_LOOP('',(#3115,#3116,#3117,#3118));
#556=EDGE_LOOP('',(#3119,#3120,#3121,#3122));
#557=EDGE_LOOP('',(#3123,#3124,#3125,#3126));
#558=EDGE_LOOP('',(#3127,#3128,#3129,#3130));
#559=EDGE_LOOP('',(#3131,#3132,#3133,#3134));
#560=EDGE_LOOP('',(#3135,#3136,#3137,#3138));
#561=EDGE_LOOP('',(#3139,#3140,#3141,#3142));
#562=EDGE_LOOP('',(#3143,#3144,#3145,#3146));
#563=EDGE_LOOP('',(#3147,#3148,#3149,#3150));
#564=EDGE_LOOP('',(#3151,#3152,#3153,#3154));
#565=EDGE_LOOP('',(#3155,#3156,#3157,#3158));
#566=EDGE_LOOP('',(#3159,#3160,#3161,#3162));
#567=EDGE_LOOP('',(#3163,#3164,#3165,#3166));
#568=EDGE_LOOP('',(#3167,#3168,#3169,#3170));
#569=EDGE_LOOP('',(#3171,#3172,#3173,#3174));
#570=EDGE_LOOP('',(#3175,#3176,#3177,#3178));
#571=EDGE_LOOP('',(#3179,#3180,#3181,#3182));
#572=EDGE_LOOP('',(#3183,#3184,#3185,#3186));
#573=EDGE_LOOP('',(#3187,#3188,#3189,#3190));
#574=EDGE_LOOP('',(#3191,#3192,#3193,#3194));
#575=EDGE_LOOP('',(#3195,#3196,#3197,#3198));
#576=EDGE_LOOP('',(#3199,#3200,#3201,#3202));
#577=EDGE_LOOP('',(#3203,#3204,#3205,#3206));
#578=EDGE_LOOP('',(#3207,#3208,#3209,#3210));
#579=EDGE_LOOP('',(#3211,#3212,#3213,#3214));
#580=EDGE_LOOP('',(#3215,#3216,#3217,#3218));
#581=EDGE_LOOP('',(#3219,#3220,#3221,#3222));
#582=EDGE_LOOP('',(#3223,#3224,#3225,#3226));
#583=EDGE_LOOP('',(#3227,#3228,#3229,#3230));
#584=EDGE_LOOP('',(#3231,#3232,#3233,#3234));
#585=EDGE_LOOP('',(#3235,#3236,#3237,#3238));
#586=EDGE_LOOP('',(#3239,#3240,#3241,#3242));
#587=EDGE_LOOP('',(#3243,#3244,#3245,#3246));
#588=EDGE_LOOP('',(#3247,#3248,#3249,#3250));
#589=EDGE_LOOP('',(#3251,#3252,#3253,#3254));
#590=EDGE_LOOP('',(#3255,#3256,#3257,#3258));
#591=EDGE_LOOP('',(#3259,#3260,#3261,#3262));
#592=EDGE_LOOP('',(#3263,#3264,#3265,#3266));
#593=EDGE_LOOP('',(#3267,#3268,#3269,#3270));
#594=EDGE_LOOP('',(#3271,#3272,#3273,#3274));
#595=EDGE_LOOP('',(#3275,#3276,#3277,#3278));
#596=EDGE_LOOP('',(#3279,#3280,#3281,#3282));
#597=EDGE_LOOP('',(#3283,#3284,#3285,#3286));
#598=EDGE_LOOP('',(#3287,#3288,#3289,#3290));
#599=EDGE_LOOP('',(#3291,#3292,#3293,#3294));
#600=EDGE_LOOP('',(#3295,#3296,#3297,#3298));
#601=EDGE_LOOP('',(#3299,#3300,#3301,#3302));
#602=EDGE_LOOP('',(#3303,#3304,#3305,#3306));
#603=EDGE_LOOP('',(#3307,#3308,#3309,#3310));
#604=EDGE_LOOP('',(#3311,#3312,#3313,#3314));
#605=EDGE_LOOP('',(#3315,#3316,#3317,#3318));
#606=EDGE_LOOP('',(#3319,#3320,#3321,#3322));
#607=EDGE_LOOP('',(#3323,#3324,#3325,#3326));
#608=EDGE_LOOP('',(#3327,#3328,#3329,#3330));
#609=EDGE_LOOP('',(#3331,#3332,#3333,#3334));
#610=EDGE_LOOP('',(#3335,#3336,#3337,#3338));
#611=EDGE_LOOP('',(#3339,#3340,#3341,#3342));
#612=EDGE_LOOP('',(#3343,#3344,#3345,#3346));
#613=EDGE_LOOP('',(#3347,#3348,#3349,#3350));
#614=EDGE_LOOP('',(#3351,#3352,#3353,#3354));
#615=EDGE_LOOP('',(#3355,#3356,#3357,#3358));
#616=EDGE_LOOP('',(#3359,#3360,#3361,#3362,#3363,#3364,#3365,#3366,#3367,
#3368,#3369,#3370,#3371,#3372,#3373,#3374,#3375,#3376,#3377,#3378,#3379,
#3380,#3381,#3382,#3383,#3384,#3385,#3386,#3387,#3388,#3389,#3390,#3391,
#3392,#3393,#3394,#3395,#3396,#3397,#3398));
#617=EDGE_LOOP('',(#3399,#3400,#3401,#3402));
#618=EDGE_LOOP('',(#3403,#3404,#3405,#3406,#3407,#3408,#3409,#3410,#3411,
#3412,#3413,#3414,#3415,#3416,#3417,#3418,#3419,#3420,#3421,#3422,#3423,
#3424,#3425,#3426,#3427,#3428,#3429,#3430,#3431,#3432,#3433,#3434,#3435,
#3436,#3437,#3438,#3439,#3440,#3441,#3442,#3443,#3444,#3445,#3446,#3447,
#3448,#3449,#3450,#3451,#3452,#3453,#3454,#3455,#3456,#3457,#3458,#3459,
#3460,#3461,#3462,#3463,#3464,#3465,#3466,#3467,#3468,#3469,#3470));
#619=EDGE_LOOP('',(#3471));
#620=EDGE_LOOP('',(#3472));
#621=EDGE_LOOP('',(#3473,#3474,#3475,#3476));
#622=EDGE_LOOP('',(#3477,#3478,#3479,#3480));
#623=EDGE_LOOP('',(#3481,#3482,#3483,#3484));
#624=EDGE_LOOP('',(#3485,#3486,#3487,#3488));
#625=EDGE_LOOP('',(#3489,#3490,#3491,#3492));
#626=EDGE_LOOP('',(#3493,#3494,#3495,#3496));
#627=EDGE_LOOP('',(#3497,#3498,#3499,#3500));
#628=EDGE_LOOP('',(#3501,#3502,#3503,#3504));
#629=EDGE_LOOP('',(#3505,#3506,#3507,#3508));
#630=EDGE_LOOP('',(#3509,#3510,#3511,#3512));
#631=EDGE_LOOP('',(#3513,#3514,#3515,#3516));
#632=EDGE_LOOP('',(#3517,#3518,#3519,#3520));
#633=EDGE_LOOP('',(#3521,#3522,#3523,#3524));
#634=EDGE_LOOP('',(#3525,#3526,#3527,#3528));
#635=EDGE_LOOP('',(#3529,#3530,#3531,#3532));
#636=EDGE_LOOP('',(#3533,#3534,#3535,#3536));
#637=EDGE_LOOP('',(#3537,#3538,#3539,#3540));
#638=EDGE_LOOP('',(#3541,#3542,#3543,#3544));
#639=EDGE_LOOP('',(#3545,#3546,#3547,#3548));
#640=EDGE_LOOP('',(#3549,#3550,#3551,#3552));
#641=EDGE_LOOP('',(#3553,#3554,#3555,#3556));
#642=EDGE_LOOP('',(#3557,#3558,#3559,#3560));
#643=EDGE_LOOP('',(#3561,#3562,#3563,#3564));
#644=EDGE_LOOP('',(#3565,#3566,#3567,#3568));
#645=EDGE_LOOP('',(#3569,#3570,#3571,#3572));
#646=EDGE_LOOP('',(#3573,#3574,#3575,#3576));
#647=EDGE_LOOP('',(#3577,#3578,#3579,#3580));
#648=EDGE_LOOP('',(#3581,#3582,#3583,#3584));
#649=EDGE_LOOP('',(#3585,#3586,#3587,#3588));
#650=EDGE_LOOP('',(#3589,#3590,#3591,#3592));
#651=EDGE_LOOP('',(#3593,#3594,#3595,#3596));
#652=EDGE_LOOP('',(#3597,#3598,#3599,#3600));
#653=EDGE_LOOP('',(#3601,#3602,#3603,#3604));
#654=EDGE_LOOP('',(#3605,#3606,#3607,#3608));
#655=EDGE_LOOP('',(#3609,#3610,#3611,#3612));
#656=EDGE_LOOP('',(#3613,#3614,#3615,#3616));
#657=EDGE_LOOP('',(#3617,#3618,#3619,#3620));
#658=EDGE_LOOP('',(#3621,#3622,#3623,#3624));
#659=EDGE_LOOP('',(#3625,#3626,#3627,#3628));
#660=EDGE_LOOP('',(#3629,#3630,#3631,#3632));
#661=EDGE_LOOP('',(#3633,#3634,#3635,#3636));
#662=EDGE_LOOP('',(#3637,#3638,#3639,#3640));
#663=EDGE_LOOP('',(#3641,#3642,#3643,#3644));
#664=EDGE_LOOP('',(#3645,#3646,#3647,#3648));
#665=EDGE_LOOP('',(#3649,#3650,#3651,#3652));
#666=EDGE_LOOP('',(#3653,#3654,#3655,#3656));
#667=EDGE_LOOP('',(#3657,#3658,#3659,#3660));
#668=EDGE_LOOP('',(#3661,#3662,#3663,#3664));
#669=EDGE_LOOP('',(#3665,#3666,#3667,#3668));
#670=EDGE_LOOP('',(#3669,#3670,#3671,#3672));
#671=EDGE_LOOP('',(#3673,#3674,#3675,#3676));
#672=EDGE_LOOP('',(#3677,#3678,#3679,#3680));
#673=EDGE_LOOP('',(#3681,#3682,#3683,#3684));
#674=EDGE_LOOP('',(#3685,#3686,#3687,#3688));
#675=EDGE_LOOP('',(#3689,#3690,#3691,#3692));
#676=EDGE_LOOP('',(#3693,#3694,#3695,#3696));
#677=EDGE_LOOP('',(#3697,#3698,#3699,#3700));
#678=EDGE_LOOP('',(#3701,#3702,#3703,#3704));
#679=EDGE_LOOP('',(#3705,#3706,#3707,#3708));
#680=EDGE_LOOP('',(#3709,#3710,#3711,#3712));
#681=EDGE_LOOP('',(#3713,#3714,#3715,#3716));
#682=EDGE_LOOP('',(#3717,#3718,#3719,#3720));
#683=EDGE_LOOP('',(#3721,#3722,#3723,#3724));
#684=EDGE_LOOP('',(#3725,#3726,#3727,#3728));
#685=EDGE_LOOP('',(#3729,#3730,#3731,#3732));
#686=EDGE_LOOP('',(#3733,#3734,#3735,#3736));
#687=EDGE_LOOP('',(#3737,#3738,#3739,#3740));
#688=EDGE_LOOP('',(#3741,#3742,#3743,#3744));
#689=EDGE_LOOP('',(#3745,#3746,#3747,#3748));
#690=EDGE_LOOP('',(#3749,#3750,#3751,#3752));
#691=EDGE_LOOP('',(#3753,#3754,#3755,#3756));
#692=EDGE_LOOP('',(#3757,#3758,#3759,#3760));
#693=EDGE_LOOP('',(#3761,#3762,#3763,#3764));
#694=EDGE_LOOP('',(#3765,#3766,#3767,#3768));
#695=EDGE_LOOP('',(#3769,#3770,#3771,#3772));
#696=EDGE_LOOP('',(#3773,#3774,#3775,#3776));
#697=EDGE_LOOP('',(#3777,#3778,#3779,#3780));
#698=EDGE_LOOP('',(#3781,#3782,#3783,#3784));
#699=EDGE_LOOP('',(#3785,#3786,#3787,#3788));
#700=EDGE_LOOP('',(#3789,#3790,#3791,#3792));
#701=EDGE_LOOP('',(#3793,#3794,#3795,#3796));
#702=EDGE_LOOP('',(#3797,#3798,#3799,#3800));
#703=EDGE_LOOP('',(#3801,#3802,#3803,#3804));
#704=EDGE_LOOP('',(#3805,#3806,#3807,#3808));
#705=EDGE_LOOP('',(#3809,#3810,#3811,#3812));
#706=EDGE_LOOP('',(#3813,#3814,#3815,#3816));
#707=EDGE_LOOP('',(#3817,#3818,#3819,#3820));
#708=EDGE_LOOP('',(#3821,#3822,#3823,#3824));
#709=EDGE_LOOP('',(#3825,#3826,#3827,#3828));
#710=EDGE_LOOP('',(#3829,#3830,#3831,#3832));
#711=EDGE_LOOP('',(#3833,#3834,#3835,#3836));
#712=EDGE_LOOP('',(#3837,#3838,#3839,#3840));
#713=EDGE_LOOP('',(#3841,#3842,#3843,#3844));
#714=EDGE_LOOP('',(#3845,#3846,#3847,#3848));
#715=EDGE_LOOP('',(#3849,#3850,#3851,#3852));
#716=EDGE_LOOP('',(#3853,#3854,#3855,#3856));
#717=EDGE_LOOP('',(#3857,#3858,#3859,#3860));
#718=EDGE_LOOP('',(#3861,#3862,#3863,#3864));
#719=EDGE_LOOP('',(#3865,#3866,#3867,#3868));
#720=EDGE_LOOP('',(#3869,#3870,#3871,#3872));
#721=EDGE_LOOP('',(#3873,#3874,#3875,#3876));
#722=EDGE_LOOP('',(#3877,#3878,#3879,#3880));
#723=EDGE_LOOP('',(#3881,#3882,#3883,#3884));
#724=EDGE_LOOP('',(#3885,#3886,#3887,#3888));
#725=EDGE_LOOP('',(#3889,#3890,#3891,#3892));
#726=EDGE_LOOP('',(#3893,#3894,#3895,#3896));
#727=EDGE_LOOP('',(#3897,#3898,#3899,#3900));
#728=EDGE_LOOP('',(#3901,#3902,#3903,#3904));
#729=EDGE_LOOP('',(#3905,#3906,#3907,#3908));
#730=EDGE_LOOP('',(#3909,#3910,#3911,#3912));
#731=EDGE_LOOP('',(#3913,#3914,#3915,#3916));
#732=EDGE_LOOP('',(#3917,#3918,#3919,#3920));
#733=EDGE_LOOP('',(#3921,#3922,#3923,#3924));
#734=EDGE_LOOP('',(#3925,#3926,#3927,#3928));
#735=EDGE_LOOP('',(#3929,#3930,#3931,#3932));
#736=EDGE_LOOP('',(#3933,#3934,#3935,#3936));
#737=EDGE_LOOP('',(#3937,#3938,#3939,#3940));
#738=EDGE_LOOP('',(#3941,#3942,#3943,#3944));
#739=EDGE_LOOP('',(#3945,#3946,#3947,#3948));
#740=EDGE_LOOP('',(#3949,#3950,#3951,#3952));
#741=EDGE_LOOP('',(#3953,#3954,#3955,#3956));
#742=EDGE_LOOP('',(#3957,#3958,#3959,#3960));
#743=EDGE_LOOP('',(#3961,#3962,#3963,#3964));
#744=EDGE_LOOP('',(#3965,#3966,#3967,#3968));
#745=EDGE_LOOP('',(#3969,#3970,#3971,#3972));
#746=EDGE_LOOP('',(#3973,#3974,#3975,#3976));
#747=EDGE_LOOP('',(#3977,#3978,#3979,#3980));
#748=EDGE_LOOP('',(#3981,#3982,#3983,#3984));
#749=EDGE_LOOP('',(#3985,#3986,#3987,#3988));
#750=EDGE_LOOP('',(#3989,#3990,#3991,#3992));
#751=EDGE_LOOP('',(#3993,#3994,#3995,#3996));
#752=EDGE_LOOP('',(#3997,#3998,#3999,#4000));
#753=EDGE_LOOP('',(#4001,#4002,#4003,#4004));
#754=EDGE_LOOP('',(#4005,#4006,#4007,#4008));
#755=EDGE_LOOP('',(#4009,#4010,#4011,#4012));
#756=EDGE_LOOP('',(#4013,#4014,#4015,#4016));
#757=EDGE_LOOP('',(#4017,#4018,#4019,#4020));
#758=EDGE_LOOP('',(#4021,#4022,#4023,#4024));
#759=EDGE_LOOP('',(#4025,#4026,#4027,#4028));
#760=EDGE_LOOP('',(#4029,#4030,#4031,#4032));
#761=EDGE_LOOP('',(#4033,#4034,#4035,#4036));
#762=EDGE_LOOP('',(#4037,#4038,#4039,#4040));
#763=EDGE_LOOP('',(#4041,#4042,#4043,#4044));
#764=EDGE_LOOP('',(#4045,#4046,#4047,#4048));
#765=EDGE_LOOP('',(#4049,#4050,#4051,#4052));
#766=EDGE_LOOP('',(#4053,#4054,#4055,#4056));
#767=EDGE_LOOP('',(#4057,#4058,#4059,#4060,#4061));
#768=EDGE_LOOP('',(#4062,#4063,#4064,#4065,#4066));
#769=EDGE_LOOP('',(#4067,#4068,#4069,#4070,#4071));
#770=EDGE_LOOP('',(#4072,#4073,#4074,#4075,#4076));
#771=EDGE_LOOP('',(#4077,#4078,#4079,#4080,#4081));
#772=EDGE_LOOP('',(#4082,#4083,#4084,#4085,#4086));
#773=EDGE_LOOP('',(#4087,#4088,#4089,#4090,#4091));
#774=EDGE_LOOP('',(#4092,#4093,#4094,#4095,#4096));
#775=EDGE_LOOP('',(#4097,#4098,#4099,#4100,#4101));
#776=EDGE_LOOP('',(#4102,#4103,#4104,#4105,#4106));
#777=EDGE_LOOP('',(#4107,#4108,#4109,#4110,#4111));
#778=EDGE_LOOP('',(#4112,#4113,#4114,#4115,#4116));
#779=EDGE_LOOP('',(#4117,#4118,#4119,#4120,#4121));
#780=EDGE_LOOP('',(#4122,#4123,#4124,#4125,#4126));
#781=EDGE_LOOP('',(#4127,#4128,#4129,#4130,#4131));
#782=EDGE_LOOP('',(#4132,#4133,#4134,#4135,#4136));
#783=EDGE_LOOP('',(#4137,#4138,#4139,#4140,#4141));
#784=EDGE_LOOP('',(#4142,#4143,#4144,#4145,#4146));
#785=EDGE_LOOP('',(#4147,#4148,#4149,#4150,#4151));
#786=EDGE_LOOP('',(#4152,#4153,#4154,#4155,#4156));
#787=EDGE_LOOP('',(#4157,#4158,#4159,#4160,#4161));
#788=EDGE_LOOP('',(#4162,#4163,#4164,#4165,#4166));
#789=EDGE_LOOP('',(#4167,#4168,#4169,#4170,#4171));
#790=EDGE_LOOP('',(#4172,#4173,#4174,#4175,#4176));
#791=EDGE_LOOP('',(#4177,#4178,#4179,#4180,#4181));
#792=EDGE_LOOP('',(#4182,#4183,#4184,#4185,#4186));
#793=EDGE_LOOP('',(#4187,#4188,#4189,#4190,#4191));
#794=EDGE_LOOP('',(#4192,#4193,#4194,#4195,#4196));
#795=EDGE_LOOP('',(#4197,#4198,#4199,#4200,#4201));
#796=EDGE_LOOP('',(#4202,#4203,#4204,#4205,#4206));
#797=EDGE_LOOP('',(#4207,#4208,#4209,#4210,#4211));
#798=EDGE_LOOP('',(#4212,#4213,#4214,#4215,#4216));
#799=EDGE_LOOP('',(#4217));
#800=EDGE_LOOP('',(#4218));
#801=LINE('',#5824,#1405);
#802=LINE('',#5830,#1406);
#803=LINE('',#5834,#1407);
#804=LINE('',#5838,#1408);
#805=LINE('',#5843,#1409);
#806=LINE('',#5845,#1410);
#807=LINE('',#5847,#1411);
#808=LINE('',#5848,#1412);
#809=LINE('',#5851,#1413);
#810=LINE('',#5853,#1414);
#811=LINE('',#5855,#1415);
#812=LINE('',#5856,#1416);
#813=LINE('',#5859,#1417);
#814=LINE('',#5861,#1418);
#815=LINE('',#5863,#1419);
#816=LINE('',#5864,#1420);
#817=LINE('',#5867,#1421);
#818=LINE('',#5869,#1422);
#819=LINE('',#5871,#1423);
#820=LINE('',#5872,#1424);
#821=LINE('',#5875,#1425);
#822=LINE('',#5877,#1426);
#823=LINE('',#5879,#1427);
#824=LINE('',#5880,#1428);
#825=LINE('',#5883,#1429);
#826=LINE('',#5885,#1430);
#827=LINE('',#5887,#1431);
#828=LINE('',#5888,#1432);
#829=LINE('',#5891,#1433);
#830=LINE('',#5893,#1434);
#831=LINE('',#5895,#1435);
#832=LINE('',#5896,#1436);
#833=LINE('',#5899,#1437);
#834=LINE('',#5901,#1438);
#835=LINE('',#5903,#1439);
#836=LINE('',#5904,#1440);
#837=LINE('',#5907,#1441);
#838=LINE('',#5909,#1442);
#839=LINE('',#5911,#1443);
#840=LINE('',#5912,#1444);
#841=LINE('',#5915,#1445);
#842=LINE('',#5917,#1446);
#843=LINE('',#5919,#1447);
#844=LINE('',#5920,#1448);
#845=LINE('',#5923,#1449);
#846=LINE('',#5925,#1450);
#847=LINE('',#5927,#1451);
#848=LINE('',#5928,#1452);
#849=LINE('',#5931,#1453);
#850=LINE('',#5933,#1454);
#851=LINE('',#5935,#1455);
#852=LINE('',#5936,#1456);
#853=LINE('',#5939,#1457);
#854=LINE('',#5941,#1458);
#855=LINE('',#5943,#1459);
#856=LINE('',#5944,#1460);
#857=LINE('',#5947,#1461);
#858=LINE('',#5949,#1462);
#859=LINE('',#5951,#1463);
#860=LINE('',#5952,#1464);
#861=LINE('',#5955,#1465);
#862=LINE('',#5957,#1466);
#863=LINE('',#5959,#1467);
#864=LINE('',#5960,#1468);
#865=LINE('',#5963,#1469);
#866=LINE('',#5965,#1470);
#867=LINE('',#5967,#1471);
#868=LINE('',#5968,#1472);
#869=LINE('',#5971,#1473);
#870=LINE('',#5973,#1474);
#871=LINE('',#5975,#1475);
#872=LINE('',#5976,#1476);
#873=LINE('',#5979,#1477);
#874=LINE('',#5981,#1478);
#875=LINE('',#5982,#1479);
#876=LINE('',#5985,#1480);
#877=LINE('',#5987,#1481);
#878=LINE('',#5989,#1482);
#879=LINE('',#5991,#1483);
#880=LINE('',#5993,#1484);
#881=LINE('',#5994,#1485);
#882=LINE('',#5997,#1486);
#883=LINE('',#5998,#1487);
#884=LINE('',#6000,#1488);
#885=LINE('',#6003,#1489);
#886=LINE('',#6005,#1490);
#887=LINE('',#6006,#1491);
#888=LINE('',#6009,#1492);
#889=LINE('',#6010,#1493);
#890=LINE('',#6013,#1494);
#891=LINE('',#6014,#1495);
#892=LINE('',#6016,#1496);
#893=LINE('',#6019,#1497);
#894=LINE('',#6021,#1498);
#895=LINE('',#6022,#1499);
#896=LINE('',#6025,#1500);
#897=LINE('',#6026,#1501);
#898=LINE('',#6029,#1502);
#899=LINE('',#6030,#1503);
#900=LINE('',#6032,#1504);
#901=LINE('',#6035,#1505);
#902=LINE('',#6037,#1506);
#903=LINE('',#6038,#1507);
#904=LINE('',#6041,#1508);
#905=LINE('',#6042,#1509);
#906=LINE('',#6045,#1510);
#907=LINE('',#6046,#1511);
#908=LINE('',#6048,#1512);
#909=LINE('',#6051,#1513);
#910=LINE('',#6053,#1514);
#911=LINE('',#6054,#1515);
#912=LINE('',#6057,#1516);
#913=LINE('',#6058,#1517);
#914=LINE('',#6061,#1518);
#915=LINE('',#6062,#1519);
#916=LINE('',#6064,#1520);
#917=LINE('',#6067,#1521);
#918=LINE('',#6069,#1522);
#919=LINE('',#6070,#1523);
#920=LINE('',#6073,#1524);
#921=LINE('',#6074,#1525);
#922=LINE('',#6077,#1526);
#923=LINE('',#6078,#1527);
#924=LINE('',#6080,#1528);
#925=LINE('',#6083,#1529);
#926=LINE('',#6085,#1530);
#927=LINE('',#6086,#1531);
#928=LINE('',#6089,#1532);
#929=LINE('',#6090,#1533);
#930=LINE('',#6093,#1534);
#931=LINE('',#6094,#1535);
#932=LINE('',#6096,#1536);
#933=LINE('',#6099,#1537);
#934=LINE('',#6101,#1538);
#935=LINE('',#6102,#1539);
#936=LINE('',#6105,#1540);
#937=LINE('',#6106,#1541);
#938=LINE('',#6109,#1542);
#939=LINE('',#6110,#1543);
#940=LINE('',#6112,#1544);
#941=LINE('',#6115,#1545);
#942=LINE('',#6117,#1546);
#943=LINE('',#6118,#1547);
#944=LINE('',#6121,#1548);
#945=LINE('',#6122,#1549);
#946=LINE('',#6125,#1550);
#947=LINE('',#6126,#1551);
#948=LINE('',#6128,#1552);
#949=LINE('',#6131,#1553);
#950=LINE('',#6133,#1554);
#951=LINE('',#6134,#1555);
#952=LINE('',#6137,#1556);
#953=LINE('',#6138,#1557);
#954=LINE('',#6141,#1558);
#955=LINE('',#6142,#1559);
#956=LINE('',#6144,#1560);
#957=LINE('',#6147,#1561);
#958=LINE('',#6149,#1562);
#959=LINE('',#6150,#1563);
#960=LINE('',#6153,#1564);
#961=LINE('',#6154,#1565);
#962=LINE('',#6157,#1566);
#963=LINE('',#6158,#1567);
#964=LINE('',#6160,#1568);
#965=LINE('',#6163,#1569);
#966=LINE('',#6165,#1570);
#967=LINE('',#6166,#1571);
#968=LINE('',#6169,#1572);
#969=LINE('',#6170,#1573);
#970=LINE('',#6173,#1574);
#971=LINE('',#6174,#1575);
#972=LINE('',#6176,#1576);
#973=LINE('',#6179,#1577);
#974=LINE('',#6181,#1578);
#975=LINE('',#6182,#1579);
#976=LINE('',#6185,#1580);
#977=LINE('',#6186,#1581);
#978=LINE('',#6189,#1582);
#979=LINE('',#6190,#1583);
#980=LINE('',#6192,#1584);
#981=LINE('',#6195,#1585);
#982=LINE('',#6197,#1586);
#983=LINE('',#6198,#1587);
#984=LINE('',#6201,#1588);
#985=LINE('',#6202,#1589);
#986=LINE('',#6205,#1590);
#987=LINE('',#6206,#1591);
#988=LINE('',#6208,#1592);
#989=LINE('',#6211,#1593);
#990=LINE('',#6213,#1594);
#991=LINE('',#6214,#1595);
#992=LINE('',#6217,#1596);
#993=LINE('',#6218,#1597);
#994=LINE('',#6221,#1598);
#995=LINE('',#6222,#1599);
#996=LINE('',#6224,#1600);
#997=LINE('',#6227,#1601);
#998=LINE('',#6229,#1602);
#999=LINE('',#6230,#1603);
#1000=LINE('',#6233,#1604);
#1001=LINE('',#6234,#1605);
#1002=LINE('',#6237,#1606);
#1003=LINE('',#6238,#1607);
#1004=LINE('',#6240,#1608);
#1005=LINE('',#6243,#1609);
#1006=LINE('',#6245,#1610);
#1007=LINE('',#6246,#1611);
#1008=LINE('',#6249,#1612);
#1009=LINE('',#6250,#1613);
#1010=LINE('',#6253,#1614);
#1011=LINE('',#6254,#1615);
#1012=LINE('',#6256,#1616);
#1013=LINE('',#6259,#1617);
#1014=LINE('',#6261,#1618);
#1015=LINE('',#6263,#1619);
#1016=LINE('',#6265,#1620);
#1017=LINE('',#6267,#1621);
#1018=LINE('',#6269,#1622);
#1019=LINE('',#6271,#1623);
#1020=LINE('',#6273,#1624);
#1021=LINE('',#6275,#1625);
#1022=LINE('',#6277,#1626);
#1023=LINE('',#6279,#1627);
#1024=LINE('',#6281,#1628);
#1025=LINE('',#6283,#1629);
#1026=LINE('',#6285,#1630);
#1027=LINE('',#6287,#1631);
#1028=LINE('',#6289,#1632);
#1029=LINE('',#6291,#1633);
#1030=LINE('',#6293,#1634);
#1031=LINE('',#6295,#1635);
#1032=LINE('',#6297,#1636);
#1033=LINE('',#6299,#1637);
#1034=LINE('',#6301,#1638);
#1035=LINE('',#6303,#1639);
#1036=LINE('',#6305,#1640);
#1037=LINE('',#6307,#1641);
#1038=LINE('',#6309,#1642);
#1039=LINE('',#6311,#1643);
#1040=LINE('',#6313,#1644);
#1041=LINE('',#6315,#1645);
#1042=LINE('',#6317,#1646);
#1043=LINE('',#6319,#1647);
#1044=LINE('',#6321,#1648);
#1045=LINE('',#6323,#1649);
#1046=LINE('',#6325,#1650);
#1047=LINE('',#6326,#1651);
#1048=LINE('',#6329,#1652);
#1049=LINE('',#6330,#1653);
#1050=LINE('',#6334,#1654);
#1051=LINE('',#6336,#1655);
#1052=LINE('',#6338,#1656);
#1053=LINE('',#6340,#1657);
#1054=LINE('',#6342,#1658);
#1055=LINE('',#6344,#1659);
#1056=LINE('',#6346,#1660);
#1057=LINE('',#6348,#1661);
#1058=LINE('',#6350,#1662);
#1059=LINE('',#6352,#1663);
#1060=LINE('',#6354,#1664);
#1061=LINE('',#6356,#1665);
#1062=LINE('',#6358,#1666);
#1063=LINE('',#6360,#1667);
#1064=LINE('',#6362,#1668);
#1065=LINE('',#6364,#1669);
#1066=LINE('',#6366,#1670);
#1067=LINE('',#6368,#1671);
#1068=LINE('',#6370,#1672);
#1069=LINE('',#6372,#1673);
#1070=LINE('',#6374,#1674);
#1071=LINE('',#6376,#1675);
#1072=LINE('',#6378,#1676);
#1073=LINE('',#6380,#1677);
#1074=LINE('',#6382,#1678);
#1075=LINE('',#6384,#1679);
#1076=LINE('',#6386,#1680);
#1077=LINE('',#6388,#1681);
#1078=LINE('',#6390,#1682);
#1079=LINE('',#6392,#1683);
#1080=LINE('',#6394,#1684);
#1081=LINE('',#6396,#1685);
#1082=LINE('',#6397,#1686);
#1083=LINE('',#6399,#1687);
#1084=LINE('',#6401,#1688);
#1085=LINE('',#6403,#1689);
#1086=LINE('',#6405,#1690);
#1087=LINE('',#6407,#1691);
#1088=LINE('',#6409,#1692);
#1089=LINE('',#6411,#1693);
#1090=LINE('',#6413,#1694);
#1091=LINE('',#6415,#1695);
#1092=LINE('',#6417,#1696);
#1093=LINE('',#6419,#1697);
#1094=LINE('',#6421,#1698);
#1095=LINE('',#6423,#1699);
#1096=LINE('',#6425,#1700);
#1097=LINE('',#6427,#1701);
#1098=LINE('',#6429,#1702);
#1099=LINE('',#6431,#1703);
#1100=LINE('',#6433,#1704);
#1101=LINE('',#6435,#1705);
#1102=LINE('',#6437,#1706);
#1103=LINE('',#6439,#1707);
#1104=LINE('',#6441,#1708);
#1105=LINE('',#6443,#1709);
#1106=LINE('',#6445,#1710);
#1107=LINE('',#6447,#1711);
#1108=LINE('',#6449,#1712);
#1109=LINE('',#6451,#1713);
#1110=LINE('',#6453,#1714);
#1111=LINE('',#6455,#1715);
#1112=LINE('',#6457,#1716);
#1113=LINE('',#6459,#1717);
#1114=LINE('',#6461,#1718);
#1115=LINE('',#6462,#1719);
#1116=LINE('',#6464,#1720);
#1117=LINE('',#6467,#1721);
#1118=LINE('',#6469,#1722);
#1119=LINE('',#6470,#1723);
#1120=LINE('',#6473,#1724);
#1121=LINE('',#6474,#1725);
#1122=LINE('',#6477,#1726);
#1123=LINE('',#6478,#1727);
#1124=LINE('',#6480,#1728);
#1125=LINE('',#6483,#1729);
#1126=LINE('',#6485,#1730);
#1127=LINE('',#6486,#1731);
#1128=LINE('',#6489,#1732);
#1129=LINE('',#6490,#1733);
#1130=LINE('',#6493,#1734);
#1131=LINE('',#6494,#1735);
#1132=LINE('',#6496,#1736);
#1133=LINE('',#6499,#1737);
#1134=LINE('',#6501,#1738);
#1135=LINE('',#6502,#1739);
#1136=LINE('',#6505,#1740);
#1137=LINE('',#6506,#1741);
#1138=LINE('',#6509,#1742);
#1139=LINE('',#6510,#1743);
#1140=LINE('',#6512,#1744);
#1141=LINE('',#6515,#1745);
#1142=LINE('',#6517,#1746);
#1143=LINE('',#6518,#1747);
#1144=LINE('',#6521,#1748);
#1145=LINE('',#6522,#1749);
#1146=LINE('',#6525,#1750);
#1147=LINE('',#6526,#1751);
#1148=LINE('',#6528,#1752);
#1149=LINE('',#6531,#1753);
#1150=LINE('',#6533,#1754);
#1151=LINE('',#6534,#1755);
#1152=LINE('',#6537,#1756);
#1153=LINE('',#6538,#1757);
#1154=LINE('',#6541,#1758);
#1155=LINE('',#6542,#1759);
#1156=LINE('',#6544,#1760);
#1157=LINE('',#6547,#1761);
#1158=LINE('',#6549,#1762);
#1159=LINE('',#6550,#1763);
#1160=LINE('',#6553,#1764);
#1161=LINE('',#6554,#1765);
#1162=LINE('',#6557,#1766);
#1163=LINE('',#6558,#1767);
#1164=LINE('',#6560,#1768);
#1165=LINE('',#6563,#1769);
#1166=LINE('',#6565,#1770);
#1167=LINE('',#6566,#1771);
#1168=LINE('',#6569,#1772);
#1169=LINE('',#6570,#1773);
#1170=LINE('',#6573,#1774);
#1171=LINE('',#6574,#1775);
#1172=LINE('',#6576,#1776);
#1173=LINE('',#6579,#1777);
#1174=LINE('',#6581,#1778);
#1175=LINE('',#6582,#1779);
#1176=LINE('',#6585,#1780);
#1177=LINE('',#6586,#1781);
#1178=LINE('',#6589,#1782);
#1179=LINE('',#6590,#1783);
#1180=LINE('',#6592,#1784);
#1181=LINE('',#6595,#1785);
#1182=LINE('',#6597,#1786);
#1183=LINE('',#6598,#1787);
#1184=LINE('',#6601,#1788);
#1185=LINE('',#6602,#1789);
#1186=LINE('',#6605,#1790);
#1187=LINE('',#6606,#1791);
#1188=LINE('',#6608,#1792);
#1189=LINE('',#6611,#1793);
#1190=LINE('',#6613,#1794);
#1191=LINE('',#6614,#1795);
#1192=LINE('',#6617,#1796);
#1193=LINE('',#6618,#1797);
#1194=LINE('',#6621,#1798);
#1195=LINE('',#6622,#1799);
#1196=LINE('',#6624,#1800);
#1197=LINE('',#6627,#1801);
#1198=LINE('',#6629,#1802);
#1199=LINE('',#6630,#1803);
#1200=LINE('',#6633,#1804);
#1201=LINE('',#6634,#1805);
#1202=LINE('',#6637,#1806);
#1203=LINE('',#6638,#1807);
#1204=LINE('',#6640,#1808);
#1205=LINE('',#6643,#1809);
#1206=LINE('',#6645,#1810);
#1207=LINE('',#6646,#1811);
#1208=LINE('',#6649,#1812);
#1209=LINE('',#6650,#1813);
#1210=LINE('',#6653,#1814);
#1211=LINE('',#6654,#1815);
#1212=LINE('',#6656,#1816);
#1213=LINE('',#6659,#1817);
#1214=LINE('',#6661,#1818);
#1215=LINE('',#6662,#1819);
#1216=LINE('',#6665,#1820);
#1217=LINE('',#6666,#1821);
#1218=LINE('',#6669,#1822);
#1219=LINE('',#6670,#1823);
#1220=LINE('',#6672,#1824);
#1221=LINE('',#6675,#1825);
#1222=LINE('',#6677,#1826);
#1223=LINE('',#6678,#1827);
#1224=LINE('',#6681,#1828);
#1225=LINE('',#6682,#1829);
#1226=LINE('',#6685,#1830);
#1227=LINE('',#6686,#1831);
#1228=LINE('',#6688,#1832);
#1229=LINE('',#6691,#1833);
#1230=LINE('',#6693,#1834);
#1231=LINE('',#6694,#1835);
#1232=LINE('',#6697,#1836);
#1233=LINE('',#6698,#1837);
#1234=LINE('',#6701,#1838);
#1235=LINE('',#6702,#1839);
#1236=LINE('',#6704,#1840);
#1237=LINE('',#6707,#1841);
#1238=LINE('',#6709,#1842);
#1239=LINE('',#6710,#1843);
#1240=LINE('',#6713,#1844);
#1241=LINE('',#6714,#1845);
#1242=LINE('',#6717,#1846);
#1243=LINE('',#6718,#1847);
#1244=LINE('',#6720,#1848);
#1245=LINE('',#6723,#1849);
#1246=LINE('',#6725,#1850);
#1247=LINE('',#6726,#1851);
#1248=LINE('',#6728,#1852);
#1249=LINE('',#6729,#1853);
#1250=LINE('',#6732,#1854);
#1251=LINE('',#6734,#1855);
#1252=LINE('',#6735,#1856);
#1253=LINE('',#6737,#1857);
#1254=LINE('',#6738,#1858);
#1255=LINE('',#6741,#1859);
#1256=LINE('',#6743,#1860);
#1257=LINE('',#6744,#1861);
#1258=LINE('',#6746,#1862);
#1259=LINE('',#6747,#1863);
#1260=LINE('',#6750,#1864);
#1261=LINE('',#6752,#1865);
#1262=LINE('',#6753,#1866);
#1263=LINE('',#6755,#1867);
#1264=LINE('',#6756,#1868);
#1265=LINE('',#6759,#1869);
#1266=LINE('',#6761,#1870);
#1267=LINE('',#6762,#1871);
#1268=LINE('',#6764,#1872);
#1269=LINE('',#6765,#1873);
#1270=LINE('',#6768,#1874);
#1271=LINE('',#6770,#1875);
#1272=LINE('',#6771,#1876);
#1273=LINE('',#6773,#1877);
#1274=LINE('',#6774,#1878);
#1275=LINE('',#6777,#1879);
#1276=LINE('',#6779,#1880);
#1277=LINE('',#6780,#1881);
#1278=LINE('',#6782,#1882);
#1279=LINE('',#6783,#1883);
#1280=LINE('',#6786,#1884);
#1281=LINE('',#6788,#1885);
#1282=LINE('',#6789,#1886);
#1283=LINE('',#6791,#1887);
#1284=LINE('',#6792,#1888);
#1285=LINE('',#6794,#1889);
#1286=LINE('',#6796,#1890);
#1287=LINE('',#6799,#1891);
#1288=LINE('',#6801,#1892);
#1289=LINE('',#6802,#1893);
#1290=LINE('',#6804,#1894);
#1291=LINE('',#6805,#1895);
#1292=LINE('',#6808,#1896);
#1293=LINE('',#6810,#1897);
#1294=LINE('',#6811,#1898);
#1295=LINE('',#6813,#1899);
#1296=LINE('',#6814,#1900);
#1297=LINE('',#6817,#1901);
#1298=LINE('',#6819,#1902);
#1299=LINE('',#6820,#1903);
#1300=LINE('',#6822,#1904);
#1301=LINE('',#6823,#1905);
#1302=LINE('',#6826,#1906);
#1303=LINE('',#6828,#1907);
#1304=LINE('',#6829,#1908);
#1305=LINE('',#6831,#1909);
#1306=LINE('',#6832,#1910);
#1307=LINE('',#6835,#1911);
#1308=LINE('',#6837,#1912);
#1309=LINE('',#6838,#1913);
#1310=LINE('',#6840,#1914);
#1311=LINE('',#6841,#1915);
#1312=LINE('',#6844,#1916);
#1313=LINE('',#6846,#1917);
#1314=LINE('',#6847,#1918);
#1315=LINE('',#6849,#1919);
#1316=LINE('',#6850,#1920);
#1317=LINE('',#6853,#1921);
#1318=LINE('',#6855,#1922);
#1319=LINE('',#6856,#1923);
#1320=LINE('',#6858,#1924);
#1321=LINE('',#6859,#1925);
#1322=LINE('',#6862,#1926);
#1323=LINE('',#6864,#1927);
#1324=LINE('',#6865,#1928);
#1325=LINE('',#6868,#1929);
#1326=LINE('',#6870,#1930);
#1327=LINE('',#6871,#1931);
#1328=LINE('',#6874,#1932);
#1329=LINE('',#6876,#1933);
#1330=LINE('',#6877,#1934);
#1331=LINE('',#6880,#1935);
#1332=LINE('',#6882,#1936);
#1333=LINE('',#6883,#1937);
#1334=LINE('',#6886,#1938);
#1335=LINE('',#6888,#1939);
#1336=LINE('',#6889,#1940);
#1337=LINE('',#6892,#1941);
#1338=LINE('',#6894,#1942);
#1339=LINE('',#6895,#1943);
#1340=LINE('',#6898,#1944);
#1341=LINE('',#6900,#1945);
#1342=LINE('',#6901,#1946);
#1343=LINE('',#6904,#1947);
#1344=LINE('',#6906,#1948);
#1345=LINE('',#6907,#1949);
#1346=LINE('',#6910,#1950);
#1347=LINE('',#6912,#1951);
#1348=LINE('',#6913,#1952);
#1349=LINE('',#6916,#1953);
#1350=LINE('',#6918,#1954);
#1351=LINE('',#6919,#1955);
#1352=LINE('',#6922,#1956);
#1353=LINE('',#6924,#1957);
#1354=LINE('',#6925,#1958);
#1355=LINE('',#6928,#1959);
#1356=LINE('',#6930,#1960);
#1357=LINE('',#6931,#1961);
#1358=LINE('',#6934,#1962);
#1359=LINE('',#6936,#1963);
#1360=LINE('',#6937,#1964);
#1361=LINE('',#6940,#1965);
#1362=LINE('',#6942,#1966);
#1363=LINE('',#6943,#1967);
#1364=LINE('',#6946,#1968);
#1365=LINE('',#6948,#1969);
#1366=LINE('',#6949,#1970);
#1367=LINE('',#6952,#1971);
#1368=LINE('',#6954,#1972);
#1369=LINE('',#6955,#1973);
#1370=LINE('',#6958,#1974);
#1371=LINE('',#6960,#1975);
#1372=LINE('',#6961,#1976);
#1373=LINE('',#6963,#1977);
#1374=LINE('',#6964,#1978);
#1375=LINE('',#6966,#1979);
#1376=LINE('',#6967,#1980);
#1377=LINE('',#6969,#1981);
#1378=LINE('',#6970,#1982);
#1379=LINE('',#6972,#1983);
#1380=LINE('',#6973,#1984);
#1381=LINE('',#6975,#1985);
#1382=LINE('',#6976,#1986);
#1383=LINE('',#6978,#1987);
#1384=LINE('',#6979,#1988);
#1385=LINE('',#6981,#1989);
#1386=LINE('',#6982,#1990);
#1387=LINE('',#6984,#1991);
#1388=LINE('',#6985,#1992);
#1389=LINE('',#6987,#1993);
#1390=LINE('',#6988,#1994);
#1391=LINE('',#6990,#1995);
#1392=LINE('',#6991,#1996);
#1393=LINE('',#6993,#1997);
#1394=LINE('',#6994,#1998);
#1395=LINE('',#6996,#1999);
#1396=LINE('',#6997,#2000);
#1397=LINE('',#6999,#2001);
#1398=LINE('',#7000,#2002);
#1399=LINE('',#7002,#2003);
#1400=LINE('',#7003,#2004);
#1401=LINE('',#7005,#2005);
#1402=LINE('',#7006,#2006);
#1403=LINE('',#7008,#2007);
#1404=LINE('',#7009,#2008);
#1405=VECTOR('',#4727,0.55);
#1406=VECTOR('',#4734,0.549999999999998);
#1407=VECTOR('',#4739,0.55000000003698);
#1408=VECTOR('',#4744,0.549999999928986);
#1409=VECTOR('',#4749,1000.);
#1410=VECTOR('',#4750,1000.);
#1411=VECTOR('',#4751,1000.);
#1412=VECTOR('',#4752,1000.);
#1413=VECTOR('',#4753,1000.);
#1414=VECTOR('',#4754,1000.);
#1415=VECTOR('',#4755,1000.);
#1416=VECTOR('',#4756,1000.);
#1417=VECTOR('',#4757,1000.);
#1418=VECTOR('',#4758,1000.);
#1419=VECTOR('',#4759,1000.);
#1420=VECTOR('',#4760,1000.);
#1421=VECTOR('',#4761,1000.);
#1422=VECTOR('',#4762,1000.);
#1423=VECTOR('',#4763,1000.);
#1424=VECTOR('',#4764,1000.);
#1425=VECTOR('',#4765,1000.);
#1426=VECTOR('',#4766,1000.);
#1427=VECTOR('',#4767,1000.);
#1428=VECTOR('',#4768,1000.);
#1429=VECTOR('',#4769,1000.);
#1430=VECTOR('',#4770,1000.);
#1431=VECTOR('',#4771,1000.);
#1432=VECTOR('',#4772,1000.);
#1433=VECTOR('',#4773,1000.);
#1434=VECTOR('',#4774,1000.);
#1435=VECTOR('',#4775,1000.);
#1436=VECTOR('',#4776,1000.);
#1437=VECTOR('',#4777,1000.);
#1438=VECTOR('',#4778,1000.);
#1439=VECTOR('',#4779,1000.);
#1440=VECTOR('',#4780,1000.);
#1441=VECTOR('',#4781,1000.);
#1442=VECTOR('',#4782,1000.);
#1443=VECTOR('',#4783,1000.);
#1444=VECTOR('',#4784,1000.);
#1445=VECTOR('',#4785,1000.);
#1446=VECTOR('',#4786,1000.);
#1447=VECTOR('',#4787,1000.);
#1448=VECTOR('',#4788,1000.);
#1449=VECTOR('',#4789,1000.);
#1450=VECTOR('',#4790,1000.);
#1451=VECTOR('',#4791,1000.);
#1452=VECTOR('',#4792,1000.);
#1453=VECTOR('',#4793,1000.);
#1454=VECTOR('',#4794,1000.);
#1455=VECTOR('',#4795,1000.);
#1456=VECTOR('',#4796,1000.);
#1457=VECTOR('',#4797,1000.);
#1458=VECTOR('',#4798,1000.);
#1459=VECTOR('',#4799,1000.);
#1460=VECTOR('',#4800,1000.);
#1461=VECTOR('',#4801,1000.);
#1462=VECTOR('',#4802,1000.);
#1463=VECTOR('',#4803,1000.);
#1464=VECTOR('',#4804,1000.);
#1465=VECTOR('',#4805,1000.);
#1466=VECTOR('',#4806,1000.);
#1467=VECTOR('',#4807,1000.);
#1468=VECTOR('',#4808,1000.);
#1469=VECTOR('',#4809,1000.);
#1470=VECTOR('',#4810,1000.);
#1471=VECTOR('',#4811,1000.);
#1472=VECTOR('',#4812,1000.);
#1473=VECTOR('',#4813,1000.);
#1474=VECTOR('',#4814,1000.);
#1475=VECTOR('',#4815,1000.);
#1476=VECTOR('',#4816,1000.);
#1477=VECTOR('',#4819,1000.);
#1478=VECTOR('',#4820,1000.);
#1479=VECTOR('',#4821,1000.);
#1480=VECTOR('',#4824,1000.);
#1481=VECTOR('',#4825,1000.);
#1482=VECTOR('',#4826,1000.);
#1483=VECTOR('',#4827,1000.);
#1484=VECTOR('',#4828,1000.);
#1485=VECTOR('',#4829,1000.);
#1486=VECTOR('',#4832,1000.);
#1487=VECTOR('',#4833,1000.);
#1488=VECTOR('',#4836,1000.);
#1489=VECTOR('',#4839,1000.);
#1490=VECTOR('',#4840,1000.);
#1491=VECTOR('',#4841,1000.);
#1492=VECTOR('',#4844,1000.);
#1493=VECTOR('',#4845,1000.);
#1494=VECTOR('',#4848,1000.);
#1495=VECTOR('',#4849,1000.);
#1496=VECTOR('',#4852,1000.);
#1497=VECTOR('',#4855,1000.);
#1498=VECTOR('',#4856,1000.);
#1499=VECTOR('',#4857,1000.);
#1500=VECTOR('',#4860,1000.);
#1501=VECTOR('',#4861,1000.);
#1502=VECTOR('',#4864,1000.);
#1503=VECTOR('',#4865,1000.);
#1504=VECTOR('',#4868,1000.);
#1505=VECTOR('',#4871,1000.);
#1506=VECTOR('',#4872,1000.);
#1507=VECTOR('',#4873,1000.);
#1508=VECTOR('',#4876,1000.);
#1509=VECTOR('',#4877,1000.);
#1510=VECTOR('',#4880,1000.);
#1511=VECTOR('',#4881,1000.);
#1512=VECTOR('',#4884,1000.);
#1513=VECTOR('',#4887,1000.);
#1514=VECTOR('',#4888,1000.);
#1515=VECTOR('',#4889,1000.);
#1516=VECTOR('',#4892,1000.);
#1517=VECTOR('',#4893,1000.);
#1518=VECTOR('',#4896,1000.);
#1519=VECTOR('',#4897,1000.);
#1520=VECTOR('',#4900,1000.);
#1521=VECTOR('',#4903,1000.);
#1522=VECTOR('',#4904,1000.);
#1523=VECTOR('',#4905,1000.);
#1524=VECTOR('',#4908,1000.);
#1525=VECTOR('',#4909,1000.);
#1526=VECTOR('',#4912,1000.);
#1527=VECTOR('',#4913,1000.);
#1528=VECTOR('',#4916,1000.);
#1529=VECTOR('',#4919,1000.);
#1530=VECTOR('',#4920,1000.);
#1531=VECTOR('',#4921,1000.);
#1532=VECTOR('',#4924,1000.);
#1533=VECTOR('',#4925,1000.);
#1534=VECTOR('',#4928,1000.);
#1535=VECTOR('',#4929,1000.);
#1536=VECTOR('',#4932,1000.);
#1537=VECTOR('',#4935,1000.);
#1538=VECTOR('',#4936,1000.);
#1539=VECTOR('',#4937,1000.);
#1540=VECTOR('',#4940,1000.);
#1541=VECTOR('',#4941,1000.);
#1542=VECTOR('',#4944,1000.);
#1543=VECTOR('',#4945,1000.);
#1544=VECTOR('',#4948,1000.);
#1545=VECTOR('',#4951,1000.);
#1546=VECTOR('',#4952,1000.);
#1547=VECTOR('',#4953,1000.);
#1548=VECTOR('',#4956,1000.);
#1549=VECTOR('',#4957,1000.);
#1550=VECTOR('',#4960,1000.);
#1551=VECTOR('',#4961,1000.);
#1552=VECTOR('',#4964,1000.);
#1553=VECTOR('',#4967,1000.);
#1554=VECTOR('',#4968,1000.);
#1555=VECTOR('',#4969,1000.);
#1556=VECTOR('',#4972,1000.);
#1557=VECTOR('',#4973,1000.);
#1558=VECTOR('',#4976,1000.);
#1559=VECTOR('',#4977,1000.);
#1560=VECTOR('',#4980,1000.);
#1561=VECTOR('',#4983,1000.);
#1562=VECTOR('',#4984,1000.);
#1563=VECTOR('',#4985,1000.);
#1564=VECTOR('',#4988,1000.);
#1565=VECTOR('',#4989,1000.);
#1566=VECTOR('',#4992,1000.);
#1567=VECTOR('',#4993,1000.);
#1568=VECTOR('',#4996,1000.);
#1569=VECTOR('',#4999,1000.);
#1570=VECTOR('',#5000,1000.);
#1571=VECTOR('',#5001,1000.);
#1572=VECTOR('',#5004,1000.);
#1573=VECTOR('',#5005,1000.);
#1574=VECTOR('',#5008,1000.);
#1575=VECTOR('',#5009,1000.);
#1576=VECTOR('',#5012,1000.);
#1577=VECTOR('',#5015,1000.);
#1578=VECTOR('',#5016,1000.);
#1579=VECTOR('',#5017,1000.);
#1580=VECTOR('',#5020,1000.);
#1581=VECTOR('',#5021,1000.);
#1582=VECTOR('',#5024,1000.);
#1583=VECTOR('',#5025,1000.);
#1584=VECTOR('',#5028,1000.);
#1585=VECTOR('',#5031,1000.);
#1586=VECTOR('',#5032,1000.);
#1587=VECTOR('',#5033,1000.);
#1588=VECTOR('',#5036,1000.);
#1589=VECTOR('',#5037,1000.);
#1590=VECTOR('',#5040,1000.);
#1591=VECTOR('',#5041,1000.);
#1592=VECTOR('',#5044,1000.);
#1593=VECTOR('',#5047,1000.);
#1594=VECTOR('',#5048,1000.);
#1595=VECTOR('',#5049,1000.);
#1596=VECTOR('',#5052,1000.);
#1597=VECTOR('',#5053,1000.);
#1598=VECTOR('',#5056,1000.);
#1599=VECTOR('',#5057,1000.);
#1600=VECTOR('',#5060,1000.);
#1601=VECTOR('',#5063,1000.);
#1602=VECTOR('',#5064,1000.);
#1603=VECTOR('',#5065,1000.);
#1604=VECTOR('',#5068,1000.);
#1605=VECTOR('',#5069,1000.);
#1606=VECTOR('',#5072,1000.);
#1607=VECTOR('',#5073,1000.);
#1608=VECTOR('',#5076,1000.);
#1609=VECTOR('',#5079,1000.);
#1610=VECTOR('',#5080,1000.);
#1611=VECTOR('',#5081,1000.);
#1612=VECTOR('',#5084,1000.);
#1613=VECTOR('',#5085,1000.);
#1614=VECTOR('',#5088,1000.);
#1615=VECTOR('',#5089,1000.);
#1616=VECTOR('',#5092,1000.);
#1617=VECTOR('',#5095,1000.);
#1618=VECTOR('',#5096,1000.);
#1619=VECTOR('',#5097,1000.);
#1620=VECTOR('',#5098,1000.);
#1621=VECTOR('',#5099,1000.);
#1622=VECTOR('',#5100,1000.);
#1623=VECTOR('',#5101,1000.);
#1624=VECTOR('',#5102,1000.);
#1625=VECTOR('',#5103,1000.);
#1626=VECTOR('',#5104,1000.);
#1627=VECTOR('',#5105,1000.);
#1628=VECTOR('',#5106,1000.);
#1629=VECTOR('',#5107,1000.);
#1630=VECTOR('',#5108,1000.);
#1631=VECTOR('',#5109,1000.);
#1632=VECTOR('',#5110,1000.);
#1633=VECTOR('',#5111,1000.);
#1634=VECTOR('',#5112,1000.);
#1635=VECTOR('',#5113,1000.);
#1636=VECTOR('',#5114,1000.);
#1637=VECTOR('',#5115,1000.);
#1638=VECTOR('',#5116,1000.);
#1639=VECTOR('',#5117,1000.);
#1640=VECTOR('',#5118,1000.);
#1641=VECTOR('',#5119,1000.);
#1642=VECTOR('',#5120,1000.);
#1643=VECTOR('',#5121,1000.);
#1644=VECTOR('',#5122,1000.);
#1645=VECTOR('',#5123,1000.);
#1646=VECTOR('',#5124,1000.);
#1647=VECTOR('',#5125,1000.);
#1648=VECTOR('',#5126,1000.);
#1649=VECTOR('',#5127,1000.);
#1650=VECTOR('',#5128,1000.);
#1651=VECTOR('',#5129,1000.);
#1652=VECTOR('',#5132,1000.);
#1653=VECTOR('',#5133,1000.);
#1654=VECTOR('',#5136,1000.);
#1655=VECTOR('',#5137,1000.);
#1656=VECTOR('',#5138,1000.);
#1657=VECTOR('',#5139,1000.);
#1658=VECTOR('',#5140,1000.);
#1659=VECTOR('',#5141,1000.);
#1660=VECTOR('',#5142,1000.);
#1661=VECTOR('',#5143,1000.);
#1662=VECTOR('',#5144,1000.);
#1663=VECTOR('',#5145,1000.);
#1664=VECTOR('',#5146,1000.);
#1665=VECTOR('',#5147,1000.);
#1666=VECTOR('',#5148,1000.);
#1667=VECTOR('',#5149,1000.);
#1668=VECTOR('',#5150,1000.);
#1669=VECTOR('',#5151,1000.);
#1670=VECTOR('',#5152,1000.);
#1671=VECTOR('',#5153,1000.);
#1672=VECTOR('',#5154,1000.);
#1673=VECTOR('',#5155,1000.);
#1674=VECTOR('',#5156,1000.);
#1675=VECTOR('',#5157,1000.);
#1676=VECTOR('',#5158,1000.);
#1677=VECTOR('',#5159,1000.);
#1678=VECTOR('',#5160,1000.);
#1679=VECTOR('',#5161,1000.);
#1680=VECTOR('',#5162,1000.);
#1681=VECTOR('',#5163,1000.);
#1682=VECTOR('',#5164,1000.);
#1683=VECTOR('',#5165,1000.);
#1684=VECTOR('',#5166,1000.);
#1685=VECTOR('',#5167,1000.);
#1686=VECTOR('',#5168,1000.);
#1687=VECTOR('',#5169,1000.);
#1688=VECTOR('',#5170,1000.);
#1689=VECTOR('',#5171,1000.);
#1690=VECTOR('',#5172,1000.);
#1691=VECTOR('',#5173,1000.);
#1692=VECTOR('',#5174,1000.);
#1693=VECTOR('',#5175,1000.);
#1694=VECTOR('',#5176,1000.);
#1695=VECTOR('',#5177,1000.);
#1696=VECTOR('',#5178,1000.);
#1697=VECTOR('',#5179,1000.);
#1698=VECTOR('',#5180,1000.);
#1699=VECTOR('',#5181,1000.);
#1700=VECTOR('',#5182,1000.);
#1701=VECTOR('',#5183,1000.);
#1702=VECTOR('',#5184,1000.);
#1703=VECTOR('',#5185,1000.);
#1704=VECTOR('',#5186,1000.);
#1705=VECTOR('',#5187,1000.);
#1706=VECTOR('',#5188,1000.);
#1707=VECTOR('',#5189,1000.);
#1708=VECTOR('',#5190,1000.);
#1709=VECTOR('',#5191,1000.);
#1710=VECTOR('',#5192,1000.);
#1711=VECTOR('',#5193,1000.);
#1712=VECTOR('',#5194,1000.);
#1713=VECTOR('',#5195,1000.);
#1714=VECTOR('',#5196,1000.);
#1715=VECTOR('',#5197,1000.);
#1716=VECTOR('',#5198,1000.);
#1717=VECTOR('',#5199,1000.);
#1718=VECTOR('',#5200,1000.);
#1719=VECTOR('',#5201,1000.);
#1720=VECTOR('',#5204,1000.);
#1721=VECTOR('',#5207,1000.);
#1722=VECTOR('',#5208,1000.);
#1723=VECTOR('',#5209,1000.);
#1724=VECTOR('',#5212,1000.);
#1725=VECTOR('',#5213,1000.);
#1726=VECTOR('',#5216,1000.);
#1727=VECTOR('',#5217,1000.);
#1728=VECTOR('',#5220,1000.);
#1729=VECTOR('',#5223,1000.);
#1730=VECTOR('',#5224,1000.);
#1731=VECTOR('',#5225,1000.);
#1732=VECTOR('',#5228,1000.);
#1733=VECTOR('',#5229,1000.);
#1734=VECTOR('',#5232,1000.);
#1735=VECTOR('',#5233,1000.);
#1736=VECTOR('',#5236,1000.);
#1737=VECTOR('',#5239,1000.);
#1738=VECTOR('',#5240,1000.);
#1739=VECTOR('',#5241,1000.);
#1740=VECTOR('',#5244,1000.);
#1741=VECTOR('',#5245,1000.);
#1742=VECTOR('',#5248,1000.);
#1743=VECTOR('',#5249,1000.);
#1744=VECTOR('',#5252,1000.);
#1745=VECTOR('',#5255,1000.);
#1746=VECTOR('',#5256,1000.);
#1747=VECTOR('',#5257,1000.);
#1748=VECTOR('',#5260,1000.);
#1749=VECTOR('',#5261,1000.);
#1750=VECTOR('',#5264,1000.);
#1751=VECTOR('',#5265,1000.);
#1752=VECTOR('',#5268,1000.);
#1753=VECTOR('',#5271,1000.);
#1754=VECTOR('',#5272,1000.);
#1755=VECTOR('',#5273,1000.);
#1756=VECTOR('',#5276,1000.);
#1757=VECTOR('',#5277,1000.);
#1758=VECTOR('',#5280,1000.);
#1759=VECTOR('',#5281,1000.);
#1760=VECTOR('',#5284,1000.);
#1761=VECTOR('',#5287,1000.);
#1762=VECTOR('',#5288,1000.);
#1763=VECTOR('',#5289,1000.);
#1764=VECTOR('',#5292,1000.);
#1765=VECTOR('',#5293,1000.);
#1766=VECTOR('',#5296,1000.);
#1767=VECTOR('',#5297,1000.);
#1768=VECTOR('',#5300,1000.);
#1769=VECTOR('',#5303,1000.);
#1770=VECTOR('',#5304,1000.);
#1771=VECTOR('',#5305,1000.);
#1772=VECTOR('',#5308,1000.);
#1773=VECTOR('',#5309,1000.);
#1774=VECTOR('',#5312,1000.);
#1775=VECTOR('',#5313,1000.);
#1776=VECTOR('',#5316,1000.);
#1777=VECTOR('',#5319,1000.);
#1778=VECTOR('',#5320,1000.);
#1779=VECTOR('',#5321,1000.);
#1780=VECTOR('',#5324,1000.);
#1781=VECTOR('',#5325,1000.);
#1782=VECTOR('',#5328,1000.);
#1783=VECTOR('',#5329,1000.);
#1784=VECTOR('',#5332,1000.);
#1785=VECTOR('',#5335,1000.);
#1786=VECTOR('',#5336,1000.);
#1787=VECTOR('',#5337,1000.);
#1788=VECTOR('',#5340,1000.);
#1789=VECTOR('',#5341,1000.);
#1790=VECTOR('',#5344,1000.);
#1791=VECTOR('',#5345,1000.);
#1792=VECTOR('',#5348,1000.);
#1793=VECTOR('',#5351,1000.);
#1794=VECTOR('',#5352,1000.);
#1795=VECTOR('',#5353,1000.);
#1796=VECTOR('',#5356,1000.);
#1797=VECTOR('',#5357,1000.);
#1798=VECTOR('',#5360,1000.);
#1799=VECTOR('',#5361,1000.);
#1800=VECTOR('',#5364,1000.);
#1801=VECTOR('',#5367,1000.);
#1802=VECTOR('',#5368,1000.);
#1803=VECTOR('',#5369,1000.);
#1804=VECTOR('',#5372,1000.);
#1805=VECTOR('',#5373,1000.);
#1806=VECTOR('',#5376,1000.);
#1807=VECTOR('',#5377,1000.);
#1808=VECTOR('',#5380,1000.);
#1809=VECTOR('',#5383,1000.);
#1810=VECTOR('',#5384,1000.);
#1811=VECTOR('',#5385,1000.);
#1812=VECTOR('',#5388,1000.);
#1813=VECTOR('',#5389,1000.);
#1814=VECTOR('',#5392,1000.);
#1815=VECTOR('',#5393,1000.);
#1816=VECTOR('',#5396,1000.);
#1817=VECTOR('',#5399,1000.);
#1818=VECTOR('',#5400,1000.);
#1819=VECTOR('',#5401,1000.);
#1820=VECTOR('',#5404,1000.);
#1821=VECTOR('',#5405,1000.);
#1822=VECTOR('',#5408,1000.);
#1823=VECTOR('',#5409,1000.);
#1824=VECTOR('',#5412,1000.);
#1825=VECTOR('',#5415,1000.);
#1826=VECTOR('',#5416,1000.);
#1827=VECTOR('',#5417,1000.);
#1828=VECTOR('',#5420,1000.);
#1829=VECTOR('',#5421,1000.);
#1830=VECTOR('',#5424,1000.);
#1831=VECTOR('',#5425,1000.);
#1832=VECTOR('',#5428,1000.);
#1833=VECTOR('',#5431,1000.);
#1834=VECTOR('',#5432,1000.);
#1835=VECTOR('',#5433,1000.);
#1836=VECTOR('',#5436,1000.);
#1837=VECTOR('',#5437,1000.);
#1838=VECTOR('',#5440,1000.);
#1839=VECTOR('',#5441,1000.);
#1840=VECTOR('',#5444,1000.);
#1841=VECTOR('',#5447,1000.);
#1842=VECTOR('',#5448,1000.);
#1843=VECTOR('',#5449,1000.);
#1844=VECTOR('',#5452,1000.);
#1845=VECTOR('',#5453,1000.);
#1846=VECTOR('',#5456,1000.);
#1847=VECTOR('',#5457,1000.);
#1848=VECTOR('',#5460,1000.);
#1849=VECTOR('',#5463,1000.);
#1850=VECTOR('',#5464,1000.);
#1851=VECTOR('',#5465,1000.);
#1852=VECTOR('',#5468,1000.);
#1853=VECTOR('',#5469,1000.);
#1854=VECTOR('',#5472,1000.);
#1855=VECTOR('',#5473,1000.);
#1856=VECTOR('',#5474,1000.);
#1857=VECTOR('',#5477,1000.);
#1858=VECTOR('',#5478,1000.);
#1859=VECTOR('',#5481,1000.);
#1860=VECTOR('',#5482,1000.);
#1861=VECTOR('',#5483,1000.);
#1862=VECTOR('',#5486,1000.);
#1863=VECTOR('',#5487,1000.);
#1864=VECTOR('',#5490,1000.);
#1865=VECTOR('',#5491,1000.);
#1866=VECTOR('',#5492,1000.);
#1867=VECTOR('',#5495,1000.);
#1868=VECTOR('',#5496,1000.);
#1869=VECTOR('',#5499,1000.);
#1870=VECTOR('',#5500,1000.);
#1871=VECTOR('',#5501,1000.);
#1872=VECTOR('',#5504,1000.);
#1873=VECTOR('',#5505,1000.);
#1874=VECTOR('',#5508,1000.);
#1875=VECTOR('',#5509,1000.);
#1876=VECTOR('',#5510,1000.);
#1877=VECTOR('',#5513,1000.);
#1878=VECTOR('',#5514,1000.);
#1879=VECTOR('',#5517,1000.);
#1880=VECTOR('',#5518,1000.);
#1881=VECTOR('',#5519,1000.);
#1882=VECTOR('',#5522,1000.);
#1883=VECTOR('',#5523,1000.);
#1884=VECTOR('',#5526,1000.);
#1885=VECTOR('',#5527,1000.);
#1886=VECTOR('',#5528,1000.);
#1887=VECTOR('',#5531,1000.);
#1888=VECTOR('',#5532,1000.);
#1889=VECTOR('',#5535,1000.);
#1890=VECTOR('',#5538,1000.);
#1891=VECTOR('',#5541,1000.);
#1892=VECTOR('',#5542,1000.);
#1893=VECTOR('',#5543,1000.);
#1894=VECTOR('',#5546,1000.);
#1895=VECTOR('',#5547,1000.);
#1896=VECTOR('',#5550,1000.);
#1897=VECTOR('',#5551,1000.);
#1898=VECTOR('',#5552,1000.);
#1899=VECTOR('',#5555,1000.);
#1900=VECTOR('',#5556,1000.);
#1901=VECTOR('',#5559,1000.);
#1902=VECTOR('',#5560,1000.);
#1903=VECTOR('',#5561,1000.);
#1904=VECTOR('',#5564,1000.);
#1905=VECTOR('',#5565,1000.);
#1906=VECTOR('',#5568,1000.);
#1907=VECTOR('',#5569,1000.);
#1908=VECTOR('',#5570,1000.);
#1909=VECTOR('',#5573,1000.);
#1910=VECTOR('',#5574,1000.);
#1911=VECTOR('',#5577,1000.);
#1912=VECTOR('',#5578,1000.);
#1913=VECTOR('',#5579,1000.);
#1914=VECTOR('',#5582,1000.);
#1915=VECTOR('',#5583,1000.);
#1916=VECTOR('',#5586,1000.);
#1917=VECTOR('',#5587,1000.);
#1918=VECTOR('',#5588,1000.);
#1919=VECTOR('',#5591,1000.);
#1920=VECTOR('',#5592,1000.);
#1921=VECTOR('',#5595,1000.);
#1922=VECTOR('',#5596,1000.);
#1923=VECTOR('',#5597,1000.);
#1924=VECTOR('',#5600,1000.);
#1925=VECTOR('',#5601,1000.);
#1926=VECTOR('',#5604,1000.);
#1927=VECTOR('',#5605,1000.);
#1928=VECTOR('',#5606,1000.);
#1929=VECTOR('',#5609,1000.);
#1930=VECTOR('',#5610,1000.);
#1931=VECTOR('',#5611,1000.);
#1932=VECTOR('',#5614,1000.);
#1933=VECTOR('',#5615,1000.);
#1934=VECTOR('',#5616,1000.);
#1935=VECTOR('',#5619,1000.);
#1936=VECTOR('',#5620,1000.);
#1937=VECTOR('',#5621,1000.);
#1938=VECTOR('',#5624,1000.);
#1939=VECTOR('',#5625,1000.);
#1940=VECTOR('',#5626,1000.);
#1941=VECTOR('',#5629,1000.);
#1942=VECTOR('',#5630,1000.);
#1943=VECTOR('',#5631,1000.);
#1944=VECTOR('',#5634,1000.);
#1945=VECTOR('',#5635,1000.);
#1946=VECTOR('',#5636,1000.);
#1947=VECTOR('',#5639,1000.);
#1948=VECTOR('',#5640,1000.);
#1949=VECTOR('',#5641,1000.);
#1950=VECTOR('',#5644,1000.);
#1951=VECTOR('',#5645,1000.);
#1952=VECTOR('',#5646,1000.);
#1953=VECTOR('',#5649,1000.);
#1954=VECTOR('',#5650,1000.);
#1955=VECTOR('',#5651,1000.);
#1956=VECTOR('',#5654,1000.);
#1957=VECTOR('',#5655,1000.);
#1958=VECTOR('',#5656,1000.);
#1959=VECTOR('',#5659,1000.);
#1960=VECTOR('',#5660,1000.);
#1961=VECTOR('',#5661,1000.);
#1962=VECTOR('',#5664,1000.);
#1963=VECTOR('',#5665,1000.);
#1964=VECTOR('',#5666,1000.);
#1965=VECTOR('',#5669,1000.);
#1966=VECTOR('',#5670,1000.);
#1967=VECTOR('',#5671,1000.);
#1968=VECTOR('',#5674,1000.);
#1969=VECTOR('',#5675,1000.);
#1970=VECTOR('',#5676,1000.);
#1971=VECTOR('',#5679,1000.);
#1972=VECTOR('',#5680,1000.);
#1973=VECTOR('',#5681,1000.);
#1974=VECTOR('',#5684,1000.);
#1975=VECTOR('',#5685,1000.);
#1976=VECTOR('',#5686,1000.);
#1977=VECTOR('',#5689,1000.);
#1978=VECTOR('',#5690,1000.);
#1979=VECTOR('',#5693,1000.);
#1980=VECTOR('',#5694,1000.);
#1981=VECTOR('',#5697,1000.);
#1982=VECTOR('',#5698,1000.);
#1983=VECTOR('',#5701,1000.);
#1984=VECTOR('',#5702,1000.);
#1985=VECTOR('',#5705,1000.);
#1986=VECTOR('',#5706,1000.);
#1987=VECTOR('',#5709,1000.);
#1988=VECTOR('',#5710,1000.);
#1989=VECTOR('',#5713,1000.);
#1990=VECTOR('',#5714,1000.);
#1991=VECTOR('',#5717,1000.);
#1992=VECTOR('',#5718,1000.);
#1993=VECTOR('',#5721,1000.);
#1994=VECTOR('',#5722,1000.);
#1995=VECTOR('',#5725,1000.);
#1996=VECTOR('',#5726,1000.);
#1997=VECTOR('',#5729,1000.);
#1998=VECTOR('',#5730,1000.);
#1999=VECTOR('',#5733,1000.);
#2000=VECTOR('',#5734,1000.);
#2001=VECTOR('',#5737,1000.);
#2002=VECTOR('',#5738,1000.);
#2003=VECTOR('',#5741,1000.);
#2004=VECTOR('',#5742,1000.);
#2005=VECTOR('',#5745,1000.);
#2006=VECTOR('',#5746,1000.);
#2007=VECTOR('',#5749,1000.);
#2008=VECTOR('',#5750,1000.);
#2009=CIRCLE('',#4476,0.55);
#2010=CIRCLE('',#4477,0.55);
#2011=CIRCLE('',#4479,0.549999999999998);
#2012=CIRCLE('',#4480,0.549999999999998);
#2013=CIRCLE('',#4482,0.350000000030341);
#2014=CIRCLE('',#4484,0.34999999997919);
#2015=VERTEX_POINT('',#5821);
#2016=VERTEX_POINT('',#5823);
#2017=VERTEX_POINT('',#5827);
#2018=VERTEX_POINT('',#5829);
#2019=VERTEX_POINT('',#5833);
#2020=VERTEX_POINT('',#5837);
#2021=VERTEX_POINT('',#5841);
#2022=VERTEX_POINT('',#5842);
#2023=VERTEX_POINT('',#5844);
#2024=VERTEX_POINT('',#5846);
#2025=VERTEX_POINT('',#5849);
#2026=VERTEX_POINT('',#5850);
#2027=VERTEX_POINT('',#5852);
#2028=VERTEX_POINT('',#5854);
#2029=VERTEX_POINT('',#5857);
#2030=VERTEX_POINT('',#5858);
#2031=VERTEX_POINT('',#5860);
#2032=VERTEX_POINT('',#5862);
#2033=VERTEX_POINT('',#5865);
#2034=VERTEX_POINT('',#5866);
#2035=VERTEX_POINT('',#5868);
#2036=VERTEX_POINT('',#5870);
#2037=VERTEX_POINT('',#5873);
#2038=VERTEX_POINT('',#5874);
#2039=VERTEX_POINT('',#5876);
#2040=VERTEX_POINT('',#5878);
#2041=VERTEX_POINT('',#5881);
#2042=VERTEX_POINT('',#5882);
#2043=VERTEX_POINT('',#5884);
#2044=VERTEX_POINT('',#5886);
#2045=VERTEX_POINT('',#5889);
#2046=VERTEX_POINT('',#5890);
#2047=VERTEX_POINT('',#5892);
#2048=VERTEX_POINT('',#5894);
#2049=VERTEX_POINT('',#5897);
#2050=VERTEX_POINT('',#5898);
#2051=VERTEX_POINT('',#5900);
#2052=VERTEX_POINT('',#5902);
#2053=VERTEX_POINT('',#5905);
#2054=VERTEX_POINT('',#5906);
#2055=VERTEX_POINT('',#5908);
#2056=VERTEX_POINT('',#5910);
#2057=VERTEX_POINT('',#5913);
#2058=VERTEX_POINT('',#5914);
#2059=VERTEX_POINT('',#5916);
#2060=VERTEX_POINT('',#5918);
#2061=VERTEX_POINT('',#5921);
#2062=VERTEX_POINT('',#5922);
#2063=VERTEX_POINT('',#5924);
#2064=VERTEX_POINT('',#5926);
#2065=VERTEX_POINT('',#5929);
#2066=VERTEX_POINT('',#5930);
#2067=VERTEX_POINT('',#5932);
#2068=VERTEX_POINT('',#5934);
#2069=VERTEX_POINT('',#5937);
#2070=VERTEX_POINT('',#5938);
#2071=VERTEX_POINT('',#5940);
#2072=VERTEX_POINT('',#5942);
#2073=VERTEX_POINT('',#5945);
#2074=VERTEX_POINT('',#5946);
#2075=VERTEX_POINT('',#5948);
#2076=VERTEX_POINT('',#5950);
#2077=VERTEX_POINT('',#5953);
#2078=VERTEX_POINT('',#5954);
#2079=VERTEX_POINT('',#5956);
#2080=VERTEX_POINT('',#5958);
#2081=VERTEX_POINT('',#5961);
#2082=VERTEX_POINT('',#5962);
#2083=VERTEX_POINT('',#5964);
#2084=VERTEX_POINT('',#5966);
#2085=VERTEX_POINT('',#5969);
#2086=VERTEX_POINT('',#5970);
#2087=VERTEX_POINT('',#5972);
#2088=VERTEX_POINT('',#5974);
#2089=VERTEX_POINT('',#5978);
#2090=VERTEX_POINT('',#5980);
#2091=VERTEX_POINT('',#5984);
#2092=VERTEX_POINT('',#5986);
#2093=VERTEX_POINT('',#5988);
#2094=VERTEX_POINT('',#5990);
#2095=VERTEX_POINT('',#5992);
#2096=VERTEX_POINT('',#5996);
#2097=VERTEX_POINT('',#6002);
#2098=VERTEX_POINT('',#6004);
#2099=VERTEX_POINT('',#6008);
#2100=VERTEX_POINT('',#6012);
#2101=VERTEX_POINT('',#6018);
#2102=VERTEX_POINT('',#6020);
#2103=VERTEX_POINT('',#6024);
#2104=VERTEX_POINT('',#6028);
#2105=VERTEX_POINT('',#6034);
#2106=VERTEX_POINT('',#6036);
#2107=VERTEX_POINT('',#6040);
#2108=VERTEX_POINT('',#6044);
#2109=VERTEX_POINT('',#6050);
#2110=VERTEX_POINT('',#6052);
#2111=VERTEX_POINT('',#6056);
#2112=VERTEX_POINT('',#6060);
#2113=VERTEX_POINT('',#6066);
#2114=VERTEX_POINT('',#6068);
#2115=VERTEX_POINT('',#6072);
#2116=VERTEX_POINT('',#6076);
#2117=VERTEX_POINT('',#6082);
#2118=VERTEX_POINT('',#6084);
#2119=VERTEX_POINT('',#6088);
#2120=VERTEX_POINT('',#6092);
#2121=VERTEX_POINT('',#6098);
#2122=VERTEX_POINT('',#6100);
#2123=VERTEX_POINT('',#6104);
#2124=VERTEX_POINT('',#6108);
#2125=VERTEX_POINT('',#6114);
#2126=VERTEX_POINT('',#6116);
#2127=VERTEX_POINT('',#6120);
#2128=VERTEX_POINT('',#6124);
#2129=VERTEX_POINT('',#6130);
#2130=VERTEX_POINT('',#6132);
#2131=VERTEX_POINT('',#6136);
#2132=VERTEX_POINT('',#6140);
#2133=VERTEX_POINT('',#6146);
#2134=VERTEX_POINT('',#6148);
#2135=VERTEX_POINT('',#6152);
#2136=VERTEX_POINT('',#6156);
#2137=VERTEX_POINT('',#6162);
#2138=VERTEX_POINT('',#6164);
#2139=VERTEX_POINT('',#6168);
#2140=VERTEX_POINT('',#6172);
#2141=VERTEX_POINT('',#6178);
#2142=VERTEX_POINT('',#6180);
#2143=VERTEX_POINT('',#6184);
#2144=VERTEX_POINT('',#6188);
#2145=VERTEX_POINT('',#6194);
#2146=VERTEX_POINT('',#6196);
#2147=VERTEX_POINT('',#6200);
#2148=VERTEX_POINT('',#6204);
#2149=VERTEX_POINT('',#6210);
#2150=VERTEX_POINT('',#6212);
#2151=VERTEX_POINT('',#6216);
#2152=VERTEX_POINT('',#6220);
#2153=VERTEX_POINT('',#6226);
#2154=VERTEX_POINT('',#6228);
#2155=VERTEX_POINT('',#6232);
#2156=VERTEX_POINT('',#6236);
#2157=VERTEX_POINT('',#6242);
#2158=VERTEX_POINT('',#6244);
#2159=VERTEX_POINT('',#6248);
#2160=VERTEX_POINT('',#6252);
#2161=VERTEX_POINT('',#6258);
#2162=VERTEX_POINT('',#6260);
#2163=VERTEX_POINT('',#6262);
#2164=VERTEX_POINT('',#6264);
#2165=VERTEX_POINT('',#6266);
#2166=VERTEX_POINT('',#6268);
#2167=VERTEX_POINT('',#6270);
#2168=VERTEX_POINT('',#6272);
#2169=VERTEX_POINT('',#6274);
#2170=VERTEX_POINT('',#6276);
#2171=VERTEX_POINT('',#6278);
#2172=VERTEX_POINT('',#6280);
#2173=VERTEX_POINT('',#6282);
#2174=VERTEX_POINT('',#6284);
#2175=VERTEX_POINT('',#6286);
#2176=VERTEX_POINT('',#6288);
#2177=VERTEX_POINT('',#6290);
#2178=VERTEX_POINT('',#6292);
#2179=VERTEX_POINT('',#6294);
#2180=VERTEX_POINT('',#6296);
#2181=VERTEX_POINT('',#6298);
#2182=VERTEX_POINT('',#6300);
#2183=VERTEX_POINT('',#6302);
#2184=VERTEX_POINT('',#6304);
#2185=VERTEX_POINT('',#6306);
#2186=VERTEX_POINT('',#6308);
#2187=VERTEX_POINT('',#6310);
#2188=VERTEX_POINT('',#6312);
#2189=VERTEX_POINT('',#6314);
#2190=VERTEX_POINT('',#6316);
#2191=VERTEX_POINT('',#6318);
#2192=VERTEX_POINT('',#6320);
#2193=VERTEX_POINT('',#6322);
#2194=VERTEX_POINT('',#6324);
#2195=VERTEX_POINT('',#6328);
#2196=VERTEX_POINT('',#6332);
#2197=VERTEX_POINT('',#6333);
#2198=VERTEX_POINT('',#6335);
#2199=VERTEX_POINT('',#6337);
#2200=VERTEX_POINT('',#6339);
#2201=VERTEX_POINT('',#6341);
#2202=VERTEX_POINT('',#6343);
#2203=VERTEX_POINT('',#6345);
#2204=VERTEX_POINT('',#6347);
#2205=VERTEX_POINT('',#6349);
#2206=VERTEX_POINT('',#6351);
#2207=VERTEX_POINT('',#6353);
#2208=VERTEX_POINT('',#6355);
#2209=VERTEX_POINT('',#6357);
#2210=VERTEX_POINT('',#6359);
#2211=VERTEX_POINT('',#6361);
#2212=VERTEX_POINT('',#6363);
#2213=VERTEX_POINT('',#6365);
#2214=VERTEX_POINT('',#6367);
#2215=VERTEX_POINT('',#6369);
#2216=VERTEX_POINT('',#6371);
#2217=VERTEX_POINT('',#6373);
#2218=VERTEX_POINT('',#6375);
#2219=VERTEX_POINT('',#6377);
#2220=VERTEX_POINT('',#6379);
#2221=VERTEX_POINT('',#6381);
#2222=VERTEX_POINT('',#6383);
#2223=VERTEX_POINT('',#6385);
#2224=VERTEX_POINT('',#6387);
#2225=VERTEX_POINT('',#6389);
#2226=VERTEX_POINT('',#6391);
#2227=VERTEX_POINT('',#6393);
#2228=VERTEX_POINT('',#6395);
#2229=VERTEX_POINT('',#6398);
#2230=VERTEX_POINT('',#6400);
#2231=VERTEX_POINT('',#6402);
#2232=VERTEX_POINT('',#6404);
#2233=VERTEX_POINT('',#6406);
#2234=VERTEX_POINT('',#6408);
#2235=VERTEX_POINT('',#6410);
#2236=VERTEX_POINT('',#6412);
#2237=VERTEX_POINT('',#6414);
#2238=VERTEX_POINT('',#6416);
#2239=VERTEX_POINT('',#6418);
#2240=VERTEX_POINT('',#6420);
#2241=VERTEX_POINT('',#6422);
#2242=VERTEX_POINT('',#6424);
#2243=VERTEX_POINT('',#6426);
#2244=VERTEX_POINT('',#6428);
#2245=VERTEX_POINT('',#6430);
#2246=VERTEX_POINT('',#6432);
#2247=VERTEX_POINT('',#6434);
#2248=VERTEX_POINT('',#6436);
#2249=VERTEX_POINT('',#6438);
#2250=VERTEX_POINT('',#6440);
#2251=VERTEX_POINT('',#6442);
#2252=VERTEX_POINT('',#6444);
#2253=VERTEX_POINT('',#6446);
#2254=VERTEX_POINT('',#6448);
#2255=VERTEX_POINT('',#6450);
#2256=VERTEX_POINT('',#6452);
#2257=VERTEX_POINT('',#6454);
#2258=VERTEX_POINT('',#6456);
#2259=VERTEX_POINT('',#6458);
#2260=VERTEX_POINT('',#6460);
#2261=VERTEX_POINT('',#6466);
#2262=VERTEX_POINT('',#6468);
#2263=VERTEX_POINT('',#6472);
#2264=VERTEX_POINT('',#6476);
#2265=VERTEX_POINT('',#6482);
#2266=VERTEX_POINT('',#6484);
#2267=VERTEX_POINT('',#6488);
#2268=VERTEX_POINT('',#6492);
#2269=VERTEX_POINT('',#6498);
#2270=VERTEX_POINT('',#6500);
#2271=VERTEX_POINT('',#6504);
#2272=VERTEX_POINT('',#6508);
#2273=VERTEX_POINT('',#6514);
#2274=VERTEX_POINT('',#6516);
#2275=VERTEX_POINT('',#6520);
#2276=VERTEX_POINT('',#6524);
#2277=VERTEX_POINT('',#6530);
#2278=VERTEX_POINT('',#6532);
#2279=VERTEX_POINT('',#6536);
#2280=VERTEX_POINT('',#6540);
#2281=VERTEX_POINT('',#6546);
#2282=VERTEX_POINT('',#6548);
#2283=VERTEX_POINT('',#6552);
#2284=VERTEX_POINT('',#6556);
#2285=VERTEX_POINT('',#6562);
#2286=VERTEX_POINT('',#6564);
#2287=VERTEX_POINT('',#6568);
#2288=VERTEX_POINT('',#6572);
#2289=VERTEX_POINT('',#6578);
#2290=VERTEX_POINT('',#6580);
#2291=VERTEX_POINT('',#6584);
#2292=VERTEX_POINT('',#6588);
#2293=VERTEX_POINT('',#6594);
#2294=VERTEX_POINT('',#6596);
#2295=VERTEX_POINT('',#6600);
#2296=VERTEX_POINT('',#6604);
#2297=VERTEX_POINT('',#6610);
#2298=VERTEX_POINT('',#6612);
#2299=VERTEX_POINT('',#6616);
#2300=VERTEX_POINT('',#6620);
#2301=VERTEX_POINT('',#6626);
#2302=VERTEX_POINT('',#6628);
#2303=VERTEX_POINT('',#6632);
#2304=VERTEX_POINT('',#6636);
#2305=VERTEX_POINT('',#6642);
#2306=VERTEX_POINT('',#6644);
#2307=VERTEX_POINT('',#6648);
#2308=VERTEX_POINT('',#6652);
#2309=VERTEX_POINT('',#6658);
#2310=VERTEX_POINT('',#6660);
#2311=VERTEX_POINT('',#6664);
#2312=VERTEX_POINT('',#6668);
#2313=VERTEX_POINT('',#6674);
#2314=VERTEX_POINT('',#6676);
#2315=VERTEX_POINT('',#6680);
#2316=VERTEX_POINT('',#6684);
#2317=VERTEX_POINT('',#6690);
#2318=VERTEX_POINT('',#6692);
#2319=VERTEX_POINT('',#6696);
#2320=VERTEX_POINT('',#6700);
#2321=VERTEX_POINT('',#6706);
#2322=VERTEX_POINT('',#6708);
#2323=VERTEX_POINT('',#6712);
#2324=VERTEX_POINT('',#6716);
#2325=VERTEX_POINT('',#6722);
#2326=VERTEX_POINT('',#6724);
#2327=VERTEX_POINT('',#6731);
#2328=VERTEX_POINT('',#6733);
#2329=VERTEX_POINT('',#6740);
#2330=VERTEX_POINT('',#6742);
#2331=VERTEX_POINT('',#6749);
#2332=VERTEX_POINT('',#6751);
#2333=VERTEX_POINT('',#6758);
#2334=VERTEX_POINT('',#6760);
#2335=VERTEX_POINT('',#6767);
#2336=VERTEX_POINT('',#6769);
#2337=VERTEX_POINT('',#6776);
#2338=VERTEX_POINT('',#6778);
#2339=VERTEX_POINT('',#6785);
#2340=VERTEX_POINT('',#6787);
#2341=VERTEX_POINT('',#6798);
#2342=VERTEX_POINT('',#6800);
#2343=VERTEX_POINT('',#6807);
#2344=VERTEX_POINT('',#6809);
#2345=VERTEX_POINT('',#6816);
#2346=VERTEX_POINT('',#6818);
#2347=VERTEX_POINT('',#6825);
#2348=VERTEX_POINT('',#6827);
#2349=VERTEX_POINT('',#6834);
#2350=VERTEX_POINT('',#6836);
#2351=VERTEX_POINT('',#6843);
#2352=VERTEX_POINT('',#6845);
#2353=VERTEX_POINT('',#6852);
#2354=VERTEX_POINT('',#6854);
#2355=VERTEX_POINT('',#6861);
#2356=VERTEX_POINT('',#6863);
#2357=VERTEX_POINT('',#6867);
#2358=VERTEX_POINT('',#6869);
#2359=VERTEX_POINT('',#6873);
#2360=VERTEX_POINT('',#6875);
#2361=VERTEX_POINT('',#6879);
#2362=VERTEX_POINT('',#6881);
#2363=VERTEX_POINT('',#6885);
#2364=VERTEX_POINT('',#6887);
#2365=VERTEX_POINT('',#6891);
#2366=VERTEX_POINT('',#6893);
#2367=VERTEX_POINT('',#6897);
#2368=VERTEX_POINT('',#6899);
#2369=VERTEX_POINT('',#6903);
#2370=VERTEX_POINT('',#6905);
#2371=VERTEX_POINT('',#6909);
#2372=VERTEX_POINT('',#6911);
#2373=VERTEX_POINT('',#6915);
#2374=VERTEX_POINT('',#6917);
#2375=VERTEX_POINT('',#6921);
#2376=VERTEX_POINT('',#6923);
#2377=VERTEX_POINT('',#6927);
#2378=VERTEX_POINT('',#6929);
#2379=VERTEX_POINT('',#6933);
#2380=VERTEX_POINT('',#6935);
#2381=VERTEX_POINT('',#6939);
#2382=VERTEX_POINT('',#6941);
#2383=VERTEX_POINT('',#6945);
#2384=VERTEX_POINT('',#6947);
#2385=VERTEX_POINT('',#6951);
#2386=VERTEX_POINT('',#6953);
#2387=VERTEX_POINT('',#6957);
#2388=VERTEX_POINT('',#6959);
#2389=EDGE_CURVE('',#2015,#2015,#2009,.T.);
#2390=EDGE_CURVE('',#2015,#2016,#801,.T.);
#2391=EDGE_CURVE('',#2016,#2016,#2010,.T.);
#2392=EDGE_CURVE('',#2017,#2017,#2011,.T.);
#2393=EDGE_CURVE('',#2017,#2018,#802,.T.);
#2394=EDGE_CURVE('',#2018,#2018,#2012,.T.);
#2395=EDGE_CURVE('',#2016,#2019,#803,.T.);
#2396=EDGE_CURVE('',#2019,#2019,#2013,.T.);
#2397=EDGE_CURVE('',#2018,#2020,#804,.T.);
#2398=EDGE_CURVE('',#2020,#2020,#2014,.T.);
#2399=EDGE_CURVE('',#2021,#2022,#805,.T.);
#2400=EDGE_CURVE('',#2022,#2023,#806,.T.);
#2401=EDGE_CURVE('',#2023,#2024,#807,.T.);
#2402=EDGE_CURVE('',#2024,#2021,#808,.T.);
#2403=EDGE_CURVE('',#2025,#2026,#809,.T.);
#2404=EDGE_CURVE('',#2026,#2027,#810,.T.);
#2405=EDGE_CURVE('',#2027,#2028,#811,.T.);
#2406=EDGE_CURVE('',#2028,#2025,#812,.T.);
#2407=EDGE_CURVE('',#2029,#2030,#813,.T.);
#2408=EDGE_CURVE('',#2030,#2031,#814,.T.);
#2409=EDGE_CURVE('',#2031,#2032,#815,.T.);
#2410=EDGE_CURVE('',#2032,#2029,#816,.T.);
#2411=EDGE_CURVE('',#2033,#2034,#817,.T.);
#2412=EDGE_CURVE('',#2034,#2035,#818,.T.);
#2413=EDGE_CURVE('',#2035,#2036,#819,.T.);
#2414=EDGE_CURVE('',#2036,#2033,#820,.T.);
#2415=EDGE_CURVE('',#2037,#2038,#821,.T.);
#2416=EDGE_CURVE('',#2038,#2039,#822,.T.);
#2417=EDGE_CURVE('',#2039,#2040,#823,.T.);
#2418=EDGE_CURVE('',#2040,#2037,#824,.T.);
#2419=EDGE_CURVE('',#2041,#2042,#825,.T.);
#2420=EDGE_CURVE('',#2042,#2043,#826,.T.);
#2421=EDGE_CURVE('',#2043,#2044,#827,.T.);
#2422=EDGE_CURVE('',#2044,#2041,#828,.T.);
#2423=EDGE_CURVE('',#2045,#2046,#829,.T.);
#2424=EDGE_CURVE('',#2046,#2047,#830,.T.);
#2425=EDGE_CURVE('',#2047,#2048,#831,.T.);
#2426=EDGE_CURVE('',#2048,#2045,#832,.T.);
#2427=EDGE_CURVE('',#2049,#2050,#833,.T.);
#2428=EDGE_CURVE('',#2050,#2051,#834,.T.);
#2429=EDGE_CURVE('',#2051,#2052,#835,.T.);
#2430=EDGE_CURVE('',#2052,#2049,#836,.T.);
#2431=EDGE_CURVE('',#2053,#2054,#837,.T.);
#2432=EDGE_CURVE('',#2054,#2055,#838,.T.);
#2433=EDGE_CURVE('',#2055,#2056,#839,.T.);
#2434=EDGE_CURVE('',#2056,#2053,#840,.T.);
#2435=EDGE_CURVE('',#2057,#2058,#841,.T.);
#2436=EDGE_CURVE('',#2058,#2059,#842,.T.);
#2437=EDGE_CURVE('',#2059,#2060,#843,.T.);
#2438=EDGE_CURVE('',#2060,#2057,#844,.T.);
#2439=EDGE_CURVE('',#2061,#2062,#845,.T.);
#2440=EDGE_CURVE('',#2062,#2063,#846,.T.);
#2441=EDGE_CURVE('',#2063,#2064,#847,.T.);
#2442=EDGE_CURVE('',#2064,#2061,#848,.T.);
#2443=EDGE_CURVE('',#2065,#2066,#849,.T.);
#2444=EDGE_CURVE('',#2066,#2067,#850,.T.);
#2445=EDGE_CURVE('',#2067,#2068,#851,.T.);
#2446=EDGE_CURVE('',#2068,#2065,#852,.T.);
#2447=EDGE_CURVE('',#2069,#2070,#853,.T.);
#2448=EDGE_CURVE('',#2070,#2071,#854,.T.);
#2449=EDGE_CURVE('',#2071,#2072,#855,.T.);
#2450=EDGE_CURVE('',#2072,#2069,#856,.T.);
#2451=EDGE_CURVE('',#2073,#2074,#857,.T.);
#2452=EDGE_CURVE('',#2074,#2075,#858,.T.);
#2453=EDGE_CURVE('',#2075,#2076,#859,.T.);
#2454=EDGE_CURVE('',#2076,#2073,#860,.T.);
#2455=EDGE_CURVE('',#2077,#2078,#861,.T.);
#2456=EDGE_CURVE('',#2078,#2079,#862,.T.);
#2457=EDGE_CURVE('',#2079,#2080,#863,.T.);
#2458=EDGE_CURVE('',#2080,#2077,#864,.T.);
#2459=EDGE_CURVE('',#2081,#2082,#865,.T.);
#2460=EDGE_CURVE('',#2082,#2083,#866,.T.);
#2461=EDGE_CURVE('',#2083,#2084,#867,.T.);
#2462=EDGE_CURVE('',#2084,#2081,#868,.T.);
#2463=EDGE_CURVE('',#2085,#2086,#869,.T.);
#2464=EDGE_CURVE('',#2086,#2087,#870,.T.);
#2465=EDGE_CURVE('',#2087,#2088,#871,.T.);
#2466=EDGE_CURVE('',#2088,#2085,#872,.T.);
#2467=EDGE_CURVE('',#2022,#2089,#873,.T.);
#2468=EDGE_CURVE('',#2089,#2090,#874,.T.);
#2469=EDGE_CURVE('',#2090,#2023,#875,.T.);
#2470=EDGE_CURVE('',#2021,#2091,#876,.T.);
#2471=EDGE_CURVE('',#2091,#2092,#877,.T.);
#2472=EDGE_CURVE('',#2092,#2093,#878,.T.);
#2473=EDGE_CURVE('',#2093,#2094,#879,.T.);
#2474=EDGE_CURVE('',#2094,#2095,#880,.T.);
#2475=EDGE_CURVE('',#2095,#2089,#881,.T.);
#2476=EDGE_CURVE('',#2024,#2096,#882,.T.);
#2477=EDGE_CURVE('',#2096,#2091,#883,.T.);
#2478=EDGE_CURVE('',#2090,#2096,#884,.T.);
#2479=EDGE_CURVE('',#2026,#2097,#885,.T.);
#2480=EDGE_CURVE('',#2097,#2098,#886,.T.);
#2481=EDGE_CURVE('',#2098,#2027,#887,.T.);
#2482=EDGE_CURVE('',#2025,#2099,#888,.T.);
#2483=EDGE_CURVE('',#2099,#2097,#889,.T.);
#2484=EDGE_CURVE('',#2028,#2100,#890,.T.);
#2485=EDGE_CURVE('',#2100,#2099,#891,.T.);
#2486=EDGE_CURVE('',#2098,#2100,#892,.T.);
#2487=EDGE_CURVE('',#2030,#2101,#893,.T.);
#2488=EDGE_CURVE('',#2101,#2102,#894,.T.);
#2489=EDGE_CURVE('',#2102,#2031,#895,.T.);
#2490=EDGE_CURVE('',#2029,#2103,#896,.T.);
#2491=EDGE_CURVE('',#2103,#2101,#897,.T.);
#2492=EDGE_CURVE('',#2032,#2104,#898,.T.);
#2493=EDGE_CURVE('',#2104,#2103,#899,.T.);
#2494=EDGE_CURVE('',#2102,#2104,#900,.T.);
#2495=EDGE_CURVE('',#2034,#2105,#901,.T.);
#2496=EDGE_CURVE('',#2105,#2106,#902,.T.);
#2497=EDGE_CURVE('',#2106,#2035,#903,.T.);
#2498=EDGE_CURVE('',#2033,#2107,#904,.T.);
#2499=EDGE_CURVE('',#2107,#2105,#905,.T.);
#2500=EDGE_CURVE('',#2036,#2108,#906,.T.);
#2501=EDGE_CURVE('',#2108,#2107,#907,.T.);
#2502=EDGE_CURVE('',#2106,#2108,#908,.T.);
#2503=EDGE_CURVE('',#2038,#2109,#909,.T.);
#2504=EDGE_CURVE('',#2109,#2110,#910,.T.);
#2505=EDGE_CURVE('',#2110,#2039,#911,.T.);
#2506=EDGE_CURVE('',#2037,#2111,#912,.T.);
#2507=EDGE_CURVE('',#2111,#2109,#913,.T.);
#2508=EDGE_CURVE('',#2040,#2112,#914,.T.);
#2509=EDGE_CURVE('',#2112,#2111,#915,.T.);
#2510=EDGE_CURVE('',#2110,#2112,#916,.T.);
#2511=EDGE_CURVE('',#2042,#2113,#917,.T.);
#2512=EDGE_CURVE('',#2113,#2114,#918,.T.);
#2513=EDGE_CURVE('',#2114,#2043,#919,.T.);
#2514=EDGE_CURVE('',#2041,#2115,#920,.T.);
#2515=EDGE_CURVE('',#2115,#2113,#921,.T.);
#2516=EDGE_CURVE('',#2044,#2116,#922,.T.);
#2517=EDGE_CURVE('',#2116,#2115,#923,.T.);
#2518=EDGE_CURVE('',#2114,#2116,#924,.T.);
#2519=EDGE_CURVE('',#2046,#2117,#925,.T.);
#2520=EDGE_CURVE('',#2117,#2118,#926,.T.);
#2521=EDGE_CURVE('',#2118,#2047,#927,.T.);
#2522=EDGE_CURVE('',#2045,#2119,#928,.T.);
#2523=EDGE_CURVE('',#2119,#2117,#929,.T.);
#2524=EDGE_CURVE('',#2048,#2120,#930,.T.);
#2525=EDGE_CURVE('',#2120,#2119,#931,.T.);
#2526=EDGE_CURVE('',#2118,#2120,#932,.T.);
#2527=EDGE_CURVE('',#2050,#2121,#933,.T.);
#2528=EDGE_CURVE('',#2121,#2122,#934,.T.);
#2529=EDGE_CURVE('',#2122,#2051,#935,.T.);
#2530=EDGE_CURVE('',#2049,#2123,#936,.T.);
#2531=EDGE_CURVE('',#2123,#2121,#937,.T.);
#2532=EDGE_CURVE('',#2052,#2124,#938,.T.);
#2533=EDGE_CURVE('',#2124,#2123,#939,.T.);
#2534=EDGE_CURVE('',#2122,#2124,#940,.T.);
#2535=EDGE_CURVE('',#2054,#2125,#941,.T.);
#2536=EDGE_CURVE('',#2125,#2126,#942,.T.);
#2537=EDGE_CURVE('',#2126,#2055,#943,.T.);
#2538=EDGE_CURVE('',#2053,#2127,#944,.T.);
#2539=EDGE_CURVE('',#2127,#2125,#945,.T.);
#2540=EDGE_CURVE('',#2056,#2128,#946,.T.);
#2541=EDGE_CURVE('',#2128,#2127,#947,.T.);
#2542=EDGE_CURVE('',#2126,#2128,#948,.T.);
#2543=EDGE_CURVE('',#2058,#2129,#949,.T.);
#2544=EDGE_CURVE('',#2129,#2130,#950,.T.);
#2545=EDGE_CURVE('',#2130,#2059,#951,.T.);
#2546=EDGE_CURVE('',#2057,#2131,#952,.T.);
#2547=EDGE_CURVE('',#2131,#2129,#953,.T.);
#2548=EDGE_CURVE('',#2060,#2132,#954,.T.);
#2549=EDGE_CURVE('',#2132,#2131,#955,.T.);
#2550=EDGE_CURVE('',#2130,#2132,#956,.T.);
#2551=EDGE_CURVE('',#2062,#2133,#957,.T.);
#2552=EDGE_CURVE('',#2133,#2134,#958,.T.);
#2553=EDGE_CURVE('',#2134,#2063,#959,.T.);
#2554=EDGE_CURVE('',#2061,#2135,#960,.T.);
#2555=EDGE_CURVE('',#2135,#2133,#961,.T.);
#2556=EDGE_CURVE('',#2064,#2136,#962,.T.);
#2557=EDGE_CURVE('',#2136,#2135,#963,.T.);
#2558=EDGE_CURVE('',#2134,#2136,#964,.T.);
#2559=EDGE_CURVE('',#2066,#2137,#965,.T.);
#2560=EDGE_CURVE('',#2137,#2138,#966,.T.);
#2561=EDGE_CURVE('',#2138,#2067,#967,.T.);
#2562=EDGE_CURVE('',#2065,#2139,#968,.T.);
#2563=EDGE_CURVE('',#2139,#2137,#969,.T.);
#2564=EDGE_CURVE('',#2068,#2140,#970,.T.);
#2565=EDGE_CURVE('',#2140,#2139,#971,.T.);
#2566=EDGE_CURVE('',#2138,#2140,#972,.T.);
#2567=EDGE_CURVE('',#2070,#2141,#973,.T.);
#2568=EDGE_CURVE('',#2141,#2142,#974,.T.);
#2569=EDGE_CURVE('',#2142,#2071,#975,.T.);
#2570=EDGE_CURVE('',#2069,#2143,#976,.T.);
#2571=EDGE_CURVE('',#2143,#2141,#977,.T.);
#2572=EDGE_CURVE('',#2072,#2144,#978,.T.);
#2573=EDGE_CURVE('',#2144,#2143,#979,.T.);
#2574=EDGE_CURVE('',#2142,#2144,#980,.T.);
#2575=EDGE_CURVE('',#2074,#2145,#981,.T.);
#2576=EDGE_CURVE('',#2145,#2146,#982,.T.);
#2577=EDGE_CURVE('',#2146,#2075,#983,.T.);
#2578=EDGE_CURVE('',#2073,#2147,#984,.T.);
#2579=EDGE_CURVE('',#2147,#2145,#985,.T.);
#2580=EDGE_CURVE('',#2076,#2148,#986,.T.);
#2581=EDGE_CURVE('',#2148,#2147,#987,.T.);
#2582=EDGE_CURVE('',#2146,#2148,#988,.T.);
#2583=EDGE_CURVE('',#2078,#2149,#989,.T.);
#2584=EDGE_CURVE('',#2149,#2150,#990,.T.);
#2585=EDGE_CURVE('',#2150,#2079,#991,.T.);
#2586=EDGE_CURVE('',#2077,#2151,#992,.T.);
#2587=EDGE_CURVE('',#2151,#2149,#993,.T.);
#2588=EDGE_CURVE('',#2080,#2152,#994,.T.);
#2589=EDGE_CURVE('',#2152,#2151,#995,.T.);
#2590=EDGE_CURVE('',#2150,#2152,#996,.T.);
#2591=EDGE_CURVE('',#2082,#2153,#997,.T.);
#2592=EDGE_CURVE('',#2153,#2154,#998,.T.);
#2593=EDGE_CURVE('',#2154,#2083,#999,.T.);
#2594=EDGE_CURVE('',#2081,#2155,#1000,.T.);
#2595=EDGE_CURVE('',#2155,#2153,#1001,.T.);
#2596=EDGE_CURVE('',#2084,#2156,#1002,.T.);
#2597=EDGE_CURVE('',#2156,#2155,#1003,.T.);
#2598=EDGE_CURVE('',#2154,#2156,#1004,.T.);
#2599=EDGE_CURVE('',#2086,#2157,#1005,.T.);
#2600=EDGE_CURVE('',#2157,#2158,#1006,.T.);
#2601=EDGE_CURVE('',#2158,#2087,#1007,.T.);
#2602=EDGE_CURVE('',#2085,#2159,#1008,.T.);
#2603=EDGE_CURVE('',#2159,#2157,#1009,.T.);
#2604=EDGE_CURVE('',#2088,#2160,#1010,.T.);
#2605=EDGE_CURVE('',#2160,#2159,#1011,.T.);
#2606=EDGE_CURVE('',#2158,#2160,#1012,.T.);
#2607=EDGE_CURVE('',#2161,#2095,#1013,.T.);
#2608=EDGE_CURVE('',#2162,#2161,#1014,.T.);
#2609=EDGE_CURVE('',#2163,#2162,#1015,.T.);
#2610=EDGE_CURVE('',#2164,#2163,#1016,.T.);
#2611=EDGE_CURVE('',#2165,#2164,#1017,.T.);
#2612=EDGE_CURVE('',#2166,#2165,#1018,.T.);
#2613=EDGE_CURVE('',#2167,#2166,#1019,.T.);
#2614=EDGE_CURVE('',#2168,#2167,#1020,.T.);
#2615=EDGE_CURVE('',#2169,#2168,#1021,.T.);
#2616=EDGE_CURVE('',#2170,#2169,#1022,.T.);
#2617=EDGE_CURVE('',#2171,#2170,#1023,.T.);
#2618=EDGE_CURVE('',#2172,#2171,#1024,.T.);
#2619=EDGE_CURVE('',#2173,#2172,#1025,.T.);
#2620=EDGE_CURVE('',#2174,#2173,#1026,.T.);
#2621=EDGE_CURVE('',#2175,#2174,#1027,.T.);
#2622=EDGE_CURVE('',#2176,#2175,#1028,.T.);
#2623=EDGE_CURVE('',#2177,#2176,#1029,.T.);
#2624=EDGE_CURVE('',#2178,#2177,#1030,.T.);
#2625=EDGE_CURVE('',#2179,#2178,#1031,.T.);
#2626=EDGE_CURVE('',#2180,#2179,#1032,.T.);
#2627=EDGE_CURVE('',#2181,#2180,#1033,.T.);
#2628=EDGE_CURVE('',#2182,#2181,#1034,.T.);
#2629=EDGE_CURVE('',#2183,#2182,#1035,.T.);
#2630=EDGE_CURVE('',#2184,#2183,#1036,.T.);
#2631=EDGE_CURVE('',#2185,#2184,#1037,.T.);
#2632=EDGE_CURVE('',#2186,#2185,#1038,.T.);
#2633=EDGE_CURVE('',#2187,#2186,#1039,.T.);
#2634=EDGE_CURVE('',#2188,#2187,#1040,.T.);
#2635=EDGE_CURVE('',#2189,#2188,#1041,.T.);
#2636=EDGE_CURVE('',#2190,#2189,#1042,.T.);
#2637=EDGE_CURVE('',#2191,#2190,#1043,.T.);
#2638=EDGE_CURVE('',#2192,#2191,#1044,.T.);
#2639=EDGE_CURVE('',#2193,#2192,#1045,.T.);
#2640=EDGE_CURVE('',#2194,#2193,#1046,.T.);
#2641=EDGE_CURVE('',#2092,#2194,#1047,.T.);
#2642=EDGE_CURVE('',#2195,#2094,#1048,.T.);
#2643=EDGE_CURVE('',#2195,#2161,#1049,.T.);
#2644=EDGE_CURVE('',#2196,#2197,#1050,.T.);
#2645=EDGE_CURVE('',#2198,#2196,#1051,.T.);
#2646=EDGE_CURVE('',#2198,#2199,#1052,.T.);
#2647=EDGE_CURVE('',#2200,#2199,#1053,.T.);
#2648=EDGE_CURVE('',#2200,#2201,#1054,.T.);
#2649=EDGE_CURVE('',#2202,#2201,#1055,.T.);
#2650=EDGE_CURVE('',#2202,#2203,#1056,.T.);
#2651=EDGE_CURVE('',#2204,#2203,#1057,.T.);
#2652=EDGE_CURVE('',#2204,#2205,#1058,.T.);
#2653=EDGE_CURVE('',#2206,#2205,#1059,.T.);
#2654=EDGE_CURVE('',#2206,#2207,#1060,.T.);
#2655=EDGE_CURVE('',#2208,#2207,#1061,.T.);
#2656=EDGE_CURVE('',#2208,#2209,#1062,.T.);
#2657=EDGE_CURVE('',#2210,#2209,#1063,.T.);
#2658=EDGE_CURVE('',#2210,#2211,#1064,.T.);
#2659=EDGE_CURVE('',#2212,#2211,#1065,.T.);
#2660=EDGE_CURVE('',#2212,#2213,#1066,.T.);
#2661=EDGE_CURVE('',#2214,#2213,#1067,.T.);
#2662=EDGE_CURVE('',#2214,#2215,#1068,.T.);
#2663=EDGE_CURVE('',#2216,#2215,#1069,.T.);
#2664=EDGE_CURVE('',#2216,#2217,#1070,.T.);
#2665=EDGE_CURVE('',#2218,#2217,#1071,.T.);
#2666=EDGE_CURVE('',#2218,#2219,#1072,.T.);
#2667=EDGE_CURVE('',#2220,#2219,#1073,.T.);
#2668=EDGE_CURVE('',#2220,#2221,#1074,.T.);
#2669=EDGE_CURVE('',#2222,#2221,#1075,.T.);
#2670=EDGE_CURVE('',#2222,#2223,#1076,.T.);
#2671=EDGE_CURVE('',#2224,#2223,#1077,.T.);
#2672=EDGE_CURVE('',#2224,#2225,#1078,.T.);
#2673=EDGE_CURVE('',#2226,#2225,#1079,.T.);
#2674=EDGE_CURVE('',#2226,#2227,#1080,.T.);
#2675=EDGE_CURVE('',#2228,#2227,#1081,.T.);
#2676=EDGE_CURVE('',#2228,#2195,#1082,.T.);
#2677=EDGE_CURVE('',#2229,#2093,#1083,.T.);
#2678=EDGE_CURVE('',#2229,#2230,#1084,.T.);
#2679=EDGE_CURVE('',#2231,#2230,#1085,.T.);
#2680=EDGE_CURVE('',#2231,#2232,#1086,.T.);
#2681=EDGE_CURVE('',#2233,#2232,#1087,.T.);
#2682=EDGE_CURVE('',#2233,#2234,#1088,.T.);
#2683=EDGE_CURVE('',#2235,#2234,#1089,.T.);
#2684=EDGE_CURVE('',#2235,#2236,#1090,.T.);
#2685=EDGE_CURVE('',#2237,#2236,#1091,.T.);
#2686=EDGE_CURVE('',#2237,#2238,#1092,.T.);
#2687=EDGE_CURVE('',#2239,#2238,#1093,.T.);
#2688=EDGE_CURVE('',#2239,#2240,#1094,.T.);
#2689=EDGE_CURVE('',#2241,#2240,#1095,.T.);
#2690=EDGE_CURVE('',#2241,#2242,#1096,.T.);
#2691=EDGE_CURVE('',#2243,#2242,#1097,.T.);
#2692=EDGE_CURVE('',#2243,#2244,#1098,.T.);
#2693=EDGE_CURVE('',#2245,#2244,#1099,.T.);
#2694=EDGE_CURVE('',#2245,#2246,#1100,.T.);
#2695=EDGE_CURVE('',#2247,#2246,#1101,.T.);
#2696=EDGE_CURVE('',#2247,#2248,#1102,.T.);
#2697=EDGE_CURVE('',#2249,#2248,#1103,.T.);
#2698=EDGE_CURVE('',#2249,#2250,#1104,.T.);
#2699=EDGE_CURVE('',#2251,#2250,#1105,.T.);
#2700=EDGE_CURVE('',#2251,#2252,#1106,.T.);
#2701=EDGE_CURVE('',#2253,#2252,#1107,.T.);
#2702=EDGE_CURVE('',#2253,#2254,#1108,.T.);
#2703=EDGE_CURVE('',#2255,#2254,#1109,.T.);
#2704=EDGE_CURVE('',#2255,#2256,#1110,.T.);
#2705=EDGE_CURVE('',#2257,#2256,#1111,.T.);
#2706=EDGE_CURVE('',#2257,#2258,#1112,.T.);
#2707=EDGE_CURVE('',#2259,#2258,#1113,.T.);
#2708=EDGE_CURVE('',#2259,#2260,#1114,.T.);
#2709=EDGE_CURVE('',#2197,#2260,#1115,.T.);
#2710=EDGE_CURVE('',#2194,#2229,#1116,.T.);
#2711=EDGE_CURVE('',#2261,#2097,#1117,.T.);
#2712=EDGE_CURVE('',#2262,#2261,#1118,.T.);
#2713=EDGE_CURVE('',#2098,#2262,#1119,.T.);
#2714=EDGE_CURVE('',#2263,#2099,#1120,.T.);
#2715=EDGE_CURVE('',#2261,#2263,#1121,.T.);
#2716=EDGE_CURVE('',#2264,#2100,#1122,.T.);
#2717=EDGE_CURVE('',#2263,#2264,#1123,.T.);
#2718=EDGE_CURVE('',#2264,#2262,#1124,.T.);
#2719=EDGE_CURVE('',#2265,#2101,#1125,.T.);
#2720=EDGE_CURVE('',#2266,#2265,#1126,.T.);
#2721=EDGE_CURVE('',#2102,#2266,#1127,.T.);
#2722=EDGE_CURVE('',#2267,#2103,#1128,.T.);
#2723=EDGE_CURVE('',#2265,#2267,#1129,.T.);
#2724=EDGE_CURVE('',#2268,#2104,#1130,.T.);
#2725=EDGE_CURVE('',#2267,#2268,#1131,.T.);
#2726=EDGE_CURVE('',#2268,#2266,#1132,.T.);
#2727=EDGE_CURVE('',#2269,#2105,#1133,.T.);
#2728=EDGE_CURVE('',#2270,#2269,#1134,.T.);
#2729=EDGE_CURVE('',#2106,#2270,#1135,.T.);
#2730=EDGE_CURVE('',#2271,#2107,#1136,.T.);
#2731=EDGE_CURVE('',#2269,#2271,#1137,.T.);
#2732=EDGE_CURVE('',#2272,#2108,#1138,.T.);
#2733=EDGE_CURVE('',#2271,#2272,#1139,.T.);
#2734=EDGE_CURVE('',#2272,#2270,#1140,.T.);
#2735=EDGE_CURVE('',#2273,#2109,#1141,.T.);
#2736=EDGE_CURVE('',#2274,#2273,#1142,.T.);
#2737=EDGE_CURVE('',#2110,#2274,#1143,.T.);
#2738=EDGE_CURVE('',#2275,#2111,#1144,.T.);
#2739=EDGE_CURVE('',#2273,#2275,#1145,.T.);
#2740=EDGE_CURVE('',#2276,#2112,#1146,.T.);
#2741=EDGE_CURVE('',#2275,#2276,#1147,.T.);
#2742=EDGE_CURVE('',#2276,#2274,#1148,.T.);
#2743=EDGE_CURVE('',#2277,#2113,#1149,.T.);
#2744=EDGE_CURVE('',#2278,#2277,#1150,.T.);
#2745=EDGE_CURVE('',#2114,#2278,#1151,.T.);
#2746=EDGE_CURVE('',#2279,#2115,#1152,.T.);
#2747=EDGE_CURVE('',#2277,#2279,#1153,.T.);
#2748=EDGE_CURVE('',#2280,#2116,#1154,.T.);
#2749=EDGE_CURVE('',#2279,#2280,#1155,.T.);
#2750=EDGE_CURVE('',#2280,#2278,#1156,.T.);
#2751=EDGE_CURVE('',#2281,#2117,#1157,.T.);
#2752=EDGE_CURVE('',#2282,#2281,#1158,.T.);
#2753=EDGE_CURVE('',#2118,#2282,#1159,.T.);
#2754=EDGE_CURVE('',#2283,#2119,#1160,.T.);
#2755=EDGE_CURVE('',#2281,#2283,#1161,.T.);
#2756=EDGE_CURVE('',#2284,#2120,#1162,.T.);
#2757=EDGE_CURVE('',#2283,#2284,#1163,.T.);
#2758=EDGE_CURVE('',#2284,#2282,#1164,.T.);
#2759=EDGE_CURVE('',#2285,#2121,#1165,.T.);
#2760=EDGE_CURVE('',#2286,#2285,#1166,.T.);
#2761=EDGE_CURVE('',#2122,#2286,#1167,.T.);
#2762=EDGE_CURVE('',#2287,#2123,#1168,.T.);
#2763=EDGE_CURVE('',#2285,#2287,#1169,.T.);
#2764=EDGE_CURVE('',#2288,#2124,#1170,.T.);
#2765=EDGE_CURVE('',#2287,#2288,#1171,.T.);
#2766=EDGE_CURVE('',#2288,#2286,#1172,.T.);
#2767=EDGE_CURVE('',#2289,#2125,#1173,.T.);
#2768=EDGE_CURVE('',#2290,#2289,#1174,.T.);
#2769=EDGE_CURVE('',#2126,#2290,#1175,.T.);
#2770=EDGE_CURVE('',#2291,#2127,#1176,.T.);
#2771=EDGE_CURVE('',#2289,#2291,#1177,.T.);
#2772=EDGE_CURVE('',#2292,#2128,#1178,.T.);
#2773=EDGE_CURVE('',#2291,#2292,#1179,.T.);
#2774=EDGE_CURVE('',#2292,#2290,#1180,.T.);
#2775=EDGE_CURVE('',#2293,#2129,#1181,.T.);
#2776=EDGE_CURVE('',#2294,#2293,#1182,.T.);
#2777=EDGE_CURVE('',#2130,#2294,#1183,.T.);
#2778=EDGE_CURVE('',#2295,#2131,#1184,.T.);
#2779=EDGE_CURVE('',#2293,#2295,#1185,.T.);
#2780=EDGE_CURVE('',#2296,#2132,#1186,.T.);
#2781=EDGE_CURVE('',#2295,#2296,#1187,.T.);
#2782=EDGE_CURVE('',#2296,#2294,#1188,.T.);
#2783=EDGE_CURVE('',#2297,#2133,#1189,.T.);
#2784=EDGE_CURVE('',#2298,#2297,#1190,.T.);
#2785=EDGE_CURVE('',#2134,#2298,#1191,.T.);
#2786=EDGE_CURVE('',#2299,#2135,#1192,.T.);
#2787=EDGE_CURVE('',#2297,#2299,#1193,.T.);
#2788=EDGE_CURVE('',#2300,#2136,#1194,.T.);
#2789=EDGE_CURVE('',#2299,#2300,#1195,.T.);
#2790=EDGE_CURVE('',#2300,#2298,#1196,.T.);
#2791=EDGE_CURVE('',#2301,#2137,#1197,.T.);
#2792=EDGE_CURVE('',#2302,#2301,#1198,.T.);
#2793=EDGE_CURVE('',#2138,#2302,#1199,.T.);
#2794=EDGE_CURVE('',#2303,#2139,#1200,.T.);
#2795=EDGE_CURVE('',#2301,#2303,#1201,.T.);
#2796=EDGE_CURVE('',#2304,#2140,#1202,.T.);
#2797=EDGE_CURVE('',#2303,#2304,#1203,.T.);
#2798=EDGE_CURVE('',#2304,#2302,#1204,.T.);
#2799=EDGE_CURVE('',#2305,#2141,#1205,.T.);
#2800=EDGE_CURVE('',#2306,#2305,#1206,.T.);
#2801=EDGE_CURVE('',#2142,#2306,#1207,.T.);
#2802=EDGE_CURVE('',#2307,#2143,#1208,.T.);
#2803=EDGE_CURVE('',#2305,#2307,#1209,.T.);
#2804=EDGE_CURVE('',#2308,#2144,#1210,.T.);
#2805=EDGE_CURVE('',#2307,#2308,#1211,.T.);
#2806=EDGE_CURVE('',#2308,#2306,#1212,.T.);
#2807=EDGE_CURVE('',#2309,#2145,#1213,.T.);
#2808=EDGE_CURVE('',#2310,#2309,#1214,.T.);
#2809=EDGE_CURVE('',#2146,#2310,#1215,.T.);
#2810=EDGE_CURVE('',#2311,#2147,#1216,.T.);
#2811=EDGE_CURVE('',#2309,#2311,#1217,.T.);
#2812=EDGE_CURVE('',#2312,#2148,#1218,.T.);
#2813=EDGE_CURVE('',#2311,#2312,#1219,.T.);
#2814=EDGE_CURVE('',#2312,#2310,#1220,.T.);
#2815=EDGE_CURVE('',#2313,#2149,#1221,.T.);
#2816=EDGE_CURVE('',#2314,#2313,#1222,.T.);
#2817=EDGE_CURVE('',#2150,#2314,#1223,.T.);
#2818=EDGE_CURVE('',#2315,#2151,#1224,.T.);
#2819=EDGE_CURVE('',#2313,#2315,#1225,.T.);
#2820=EDGE_CURVE('',#2316,#2152,#1226,.T.);
#2821=EDGE_CURVE('',#2315,#2316,#1227,.T.);
#2822=EDGE_CURVE('',#2316,#2314,#1228,.T.);
#2823=EDGE_CURVE('',#2317,#2153,#1229,.T.);
#2824=EDGE_CURVE('',#2318,#2317,#1230,.T.);
#2825=EDGE_CURVE('',#2154,#2318,#1231,.T.);
#2826=EDGE_CURVE('',#2319,#2155,#1232,.T.);
#2827=EDGE_CURVE('',#2317,#2319,#1233,.T.);
#2828=EDGE_CURVE('',#2320,#2156,#1234,.T.);
#2829=EDGE_CURVE('',#2319,#2320,#1235,.T.);
#2830=EDGE_CURVE('',#2320,#2318,#1236,.T.);
#2831=EDGE_CURVE('',#2321,#2157,#1237,.T.);
#2832=EDGE_CURVE('',#2322,#2321,#1238,.T.);
#2833=EDGE_CURVE('',#2158,#2322,#1239,.T.);
#2834=EDGE_CURVE('',#2323,#2159,#1240,.T.);
#2835=EDGE_CURVE('',#2321,#2323,#1241,.T.);
#2836=EDGE_CURVE('',#2324,#2160,#1242,.T.);
#2837=EDGE_CURVE('',#2323,#2324,#1243,.T.);
#2838=EDGE_CURVE('',#2324,#2322,#1244,.T.);
#2839=EDGE_CURVE('',#2325,#2161,#1245,.T.);
#2840=EDGE_CURVE('',#2326,#2325,#1246,.T.);
#2841=EDGE_CURVE('',#2162,#2326,#1247,.T.);
#2842=EDGE_CURVE('',#2225,#2163,#1248,.T.);
#2843=EDGE_CURVE('',#2226,#2162,#1249,.T.);
#2844=EDGE_CURVE('',#2327,#2163,#1250,.T.);
#2845=EDGE_CURVE('',#2328,#2327,#1251,.T.);
#2846=EDGE_CURVE('',#2164,#2328,#1252,.T.);
#2847=EDGE_CURVE('',#2221,#2165,#1253,.T.);
#2848=EDGE_CURVE('',#2222,#2164,#1254,.T.);
#2849=EDGE_CURVE('',#2329,#2165,#1255,.T.);
#2850=EDGE_CURVE('',#2330,#2329,#1256,.T.);
#2851=EDGE_CURVE('',#2166,#2330,#1257,.T.);
#2852=EDGE_CURVE('',#2217,#2167,#1258,.T.);
#2853=EDGE_CURVE('',#2218,#2166,#1259,.T.);
#2854=EDGE_CURVE('',#2331,#2167,#1260,.T.);
#2855=EDGE_CURVE('',#2332,#2331,#1261,.T.);
#2856=EDGE_CURVE('',#2168,#2332,#1262,.T.);
#2857=EDGE_CURVE('',#2213,#2169,#1263,.T.);
#2858=EDGE_CURVE('',#2214,#2168,#1264,.T.);
#2859=EDGE_CURVE('',#2333,#2169,#1265,.T.);
#2860=EDGE_CURVE('',#2334,#2333,#1266,.T.);
#2861=EDGE_CURVE('',#2170,#2334,#1267,.T.);
#2862=EDGE_CURVE('',#2209,#2171,#1268,.T.);
#2863=EDGE_CURVE('',#2210,#2170,#1269,.T.);
#2864=EDGE_CURVE('',#2335,#2171,#1270,.T.);
#2865=EDGE_CURVE('',#2336,#2335,#1271,.T.);
#2866=EDGE_CURVE('',#2172,#2336,#1272,.T.);
#2867=EDGE_CURVE('',#2206,#2172,#1273,.T.);
#2868=EDGE_CURVE('',#2205,#2173,#1274,.T.);
#2869=EDGE_CURVE('',#2337,#2173,#1275,.T.);
#2870=EDGE_CURVE('',#2338,#2337,#1276,.T.);
#2871=EDGE_CURVE('',#2174,#2338,#1277,.T.);
#2872=EDGE_CURVE('',#2202,#2174,#1278,.T.);
#2873=EDGE_CURVE('',#2201,#2175,#1279,.T.);
#2874=EDGE_CURVE('',#2339,#2175,#1280,.T.);
#2875=EDGE_CURVE('',#2340,#2339,#1281,.T.);
#2876=EDGE_CURVE('',#2176,#2340,#1282,.T.);
#2877=EDGE_CURVE('',#2177,#2196,#1283,.T.);
#2878=EDGE_CURVE('',#2198,#2176,#1284,.T.);
#2879=EDGE_CURVE('',#2178,#2197,#1285,.T.);
#2880=EDGE_CURVE('',#2260,#2179,#1286,.T.);
#2881=EDGE_CURVE('',#2341,#2179,#1287,.T.);
#2882=EDGE_CURVE('',#2342,#2341,#1288,.T.);
#2883=EDGE_CURVE('',#2180,#2342,#1289,.T.);
#2884=EDGE_CURVE('',#2256,#2181,#1290,.T.);
#2885=EDGE_CURVE('',#2257,#2180,#1291,.T.);
#2886=EDGE_CURVE('',#2343,#2181,#1292,.T.);
#2887=EDGE_CURVE('',#2344,#2343,#1293,.T.);
#2888=EDGE_CURVE('',#2182,#2344,#1294,.T.);
#2889=EDGE_CURVE('',#2253,#2182,#1295,.T.);
#2890=EDGE_CURVE('',#2252,#2183,#1296,.T.);
#2891=EDGE_CURVE('',#2345,#2183,#1297,.T.);
#2892=EDGE_CURVE('',#2346,#2345,#1298,.T.);
#2893=EDGE_CURVE('',#2184,#2346,#1299,.T.);
#2894=EDGE_CURVE('',#2248,#2185,#1300,.T.);
#2895=EDGE_CURVE('',#2249,#2184,#1301,.T.);
#2896=EDGE_CURVE('',#2347,#2185,#1302,.T.);
#2897=EDGE_CURVE('',#2348,#2347,#1303,.T.);
#2898=EDGE_CURVE('',#2186,#2348,#1304,.T.);
#2899=EDGE_CURVE('',#2245,#2186,#1305,.T.);
#2900=EDGE_CURVE('',#2244,#2187,#1306,.T.);
#2901=EDGE_CURVE('',#2349,#2187,#1307,.T.);
#2902=EDGE_CURVE('',#2350,#2349,#1308,.T.);
#2903=EDGE_CURVE('',#2188,#2350,#1309,.T.);
#2904=EDGE_CURVE('',#2241,#2188,#1310,.T.);
#2905=EDGE_CURVE('',#2240,#2189,#1311,.T.);
#2906=EDGE_CURVE('',#2351,#2189,#1312,.T.);
#2907=EDGE_CURVE('',#2352,#2351,#1313,.T.);
#2908=EDGE_CURVE('',#2190,#2352,#1314,.T.);
#2909=EDGE_CURVE('',#2237,#2190,#1315,.T.);
#2910=EDGE_CURVE('',#2236,#2191,#1316,.T.);
#2911=EDGE_CURVE('',#2353,#2191,#1317,.T.);
#2912=EDGE_CURVE('',#2354,#2353,#1318,.T.);
#2913=EDGE_CURVE('',#2192,#2354,#1319,.T.);
#2914=EDGE_CURVE('',#2233,#2192,#1320,.T.);
#2915=EDGE_CURVE('',#2232,#2193,#1321,.T.);
#2916=EDGE_CURVE('',#2355,#2193,#1322,.T.);
#2917=EDGE_CURVE('',#2356,#2355,#1323,.T.);
#2918=EDGE_CURVE('',#2194,#2356,#1324,.T.);
#2919=EDGE_CURVE('',#2357,#2199,#1325,.T.);
#2920=EDGE_CURVE('',#2358,#2357,#1326,.T.);
#2921=EDGE_CURVE('',#2200,#2358,#1327,.T.);
#2922=EDGE_CURVE('',#2359,#2203,#1328,.T.);
#2923=EDGE_CURVE('',#2360,#2359,#1329,.T.);
#2924=EDGE_CURVE('',#2204,#2360,#1330,.T.);
#2925=EDGE_CURVE('',#2361,#2207,#1331,.T.);
#2926=EDGE_CURVE('',#2362,#2361,#1332,.T.);
#2927=EDGE_CURVE('',#2208,#2362,#1333,.T.);
#2928=EDGE_CURVE('',#2363,#2211,#1334,.T.);
#2929=EDGE_CURVE('',#2364,#2363,#1335,.T.);
#2930=EDGE_CURVE('',#2212,#2364,#1336,.T.);
#2931=EDGE_CURVE('',#2365,#2215,#1337,.T.);
#2932=EDGE_CURVE('',#2366,#2365,#1338,.T.);
#2933=EDGE_CURVE('',#2216,#2366,#1339,.T.);
#2934=EDGE_CURVE('',#2367,#2219,#1340,.T.);
#2935=EDGE_CURVE('',#2368,#2367,#1341,.T.);
#2936=EDGE_CURVE('',#2220,#2368,#1342,.T.);
#2937=EDGE_CURVE('',#2369,#2223,#1343,.T.);
#2938=EDGE_CURVE('',#2370,#2369,#1344,.T.);
#2939=EDGE_CURVE('',#2224,#2370,#1345,.T.);
#2940=EDGE_CURVE('',#2371,#2227,#1346,.T.);
#2941=EDGE_CURVE('',#2372,#2371,#1347,.T.);
#2942=EDGE_CURVE('',#2228,#2372,#1348,.T.);
#2943=EDGE_CURVE('',#2373,#2230,#1349,.T.);
#2944=EDGE_CURVE('',#2374,#2373,#1350,.T.);
#2945=EDGE_CURVE('',#2231,#2374,#1351,.T.);
#2946=EDGE_CURVE('',#2375,#2234,#1352,.T.);
#2947=EDGE_CURVE('',#2376,#2375,#1353,.T.);
#2948=EDGE_CURVE('',#2235,#2376,#1354,.T.);
#2949=EDGE_CURVE('',#2377,#2238,#1355,.T.);
#2950=EDGE_CURVE('',#2378,#2377,#1356,.T.);
#2951=EDGE_CURVE('',#2239,#2378,#1357,.T.);
#2952=EDGE_CURVE('',#2379,#2242,#1358,.T.);
#2953=EDGE_CURVE('',#2380,#2379,#1359,.T.);
#2954=EDGE_CURVE('',#2243,#2380,#1360,.T.);
#2955=EDGE_CURVE('',#2381,#2246,#1361,.T.);
#2956=EDGE_CURVE('',#2382,#2381,#1362,.T.);
#2957=EDGE_CURVE('',#2247,#2382,#1363,.T.);
#2958=EDGE_CURVE('',#2383,#2250,#1364,.T.);
#2959=EDGE_CURVE('',#2384,#2383,#1365,.T.);
#2960=EDGE_CURVE('',#2251,#2384,#1366,.T.);
#2961=EDGE_CURVE('',#2385,#2254,#1367,.T.);
#2962=EDGE_CURVE('',#2386,#2385,#1368,.T.);
#2963=EDGE_CURVE('',#2255,#2386,#1369,.T.);
#2964=EDGE_CURVE('',#2387,#2258,#1370,.T.);
#2965=EDGE_CURVE('',#2388,#2387,#1371,.T.);
#2966=EDGE_CURVE('',#2259,#2388,#1372,.T.);
#2967=EDGE_CURVE('',#2341,#2388,#1373,.T.);
#2968=EDGE_CURVE('',#2387,#2342,#1374,.T.);
#2969=EDGE_CURVE('',#2357,#2340,#1375,.T.);
#2970=EDGE_CURVE('',#2339,#2358,#1376,.T.);
#2971=EDGE_CURVE('',#2343,#2386,#1377,.T.);
#2972=EDGE_CURVE('',#2385,#2344,#1378,.T.);
#2973=EDGE_CURVE('',#2359,#2338,#1379,.T.);
#2974=EDGE_CURVE('',#2337,#2360,#1380,.T.);
#2975=EDGE_CURVE('',#2345,#2384,#1381,.T.);
#2976=EDGE_CURVE('',#2383,#2346,#1382,.T.);
#2977=EDGE_CURVE('',#2361,#2336,#1383,.T.);
#2978=EDGE_CURVE('',#2335,#2362,#1384,.T.);
#2979=EDGE_CURVE('',#2347,#2382,#1385,.T.);
#2980=EDGE_CURVE('',#2381,#2348,#1386,.T.);
#2981=EDGE_CURVE('',#2363,#2334,#1387,.T.);
#2982=EDGE_CURVE('',#2333,#2364,#1388,.T.);
#2983=EDGE_CURVE('',#2349,#2380,#1389,.T.);
#2984=EDGE_CURVE('',#2379,#2350,#1390,.T.);
#2985=EDGE_CURVE('',#2365,#2332,#1391,.T.);
#2986=EDGE_CURVE('',#2331,#2366,#1392,.T.);
#2987=EDGE_CURVE('',#2351,#2378,#1393,.T.);
#2988=EDGE_CURVE('',#2377,#2352,#1394,.T.);
#2989=EDGE_CURVE('',#2367,#2330,#1395,.T.);
#2990=EDGE_CURVE('',#2329,#2368,#1396,.T.);
#2991=EDGE_CURVE('',#2353,#2376,#1397,.T.);
#2992=EDGE_CURVE('',#2375,#2354,#1398,.T.);
#2993=EDGE_CURVE('',#2369,#2328,#1399,.T.);
#2994=EDGE_CURVE('',#2327,#2370,#1400,.T.);
#2995=EDGE_CURVE('',#2355,#2374,#1401,.T.);
#2996=EDGE_CURVE('',#2373,#2356,#1402,.T.);
#2997=EDGE_CURVE('',#2371,#2326,#1403,.T.);
#2998=EDGE_CURVE('',#2325,#2372,#1404,.T.);
#2999=ORIENTED_EDGE('',*,*,#2389,.T.);
#3000=ORIENTED_EDGE('',*,*,#2390,.T.);
#3001=ORIENTED_EDGE('',*,*,#2391,.T.);
#3002=ORIENTED_EDGE('',*,*,#2390,.F.);
#3003=ORIENTED_EDGE('',*,*,#2392,.T.);
#3004=ORIENTED_EDGE('',*,*,#2393,.T.);
#3005=ORIENTED_EDGE('',*,*,#2394,.T.);
#3006=ORIENTED_EDGE('',*,*,#2393,.F.);
#3007=ORIENTED_EDGE('',*,*,#2391,.F.);
#3008=ORIENTED_EDGE('',*,*,#2395,.T.);
#3009=ORIENTED_EDGE('',*,*,#2396,.T.);
#3010=ORIENTED_EDGE('',*,*,#2395,.F.);
#3011=ORIENTED_EDGE('',*,*,#2394,.F.);
#3012=ORIENTED_EDGE('',*,*,#2397,.T.);
#3013=ORIENTED_EDGE('',*,*,#2398,.T.);
#3014=ORIENTED_EDGE('',*,*,#2397,.F.);
#3015=ORIENTED_EDGE('',*,*,#2399,.T.);
#3016=ORIENTED_EDGE('',*,*,#2400,.T.);
#3017=ORIENTED_EDGE('',*,*,#2401,.T.);
#3018=ORIENTED_EDGE('',*,*,#2402,.T.);
#3019=ORIENTED_EDGE('',*,*,#2403,.T.);
#3020=ORIENTED_EDGE('',*,*,#2404,.T.);
#3021=ORIENTED_EDGE('',*,*,#2405,.T.);
#3022=ORIENTED_EDGE('',*,*,#2406,.T.);
#3023=ORIENTED_EDGE('',*,*,#2407,.T.);
#3024=ORIENTED_EDGE('',*,*,#2408,.T.);
#3025=ORIENTED_EDGE('',*,*,#2409,.T.);
#3026=ORIENTED_EDGE('',*,*,#2410,.T.);
#3027=ORIENTED_EDGE('',*,*,#2411,.T.);
#3028=ORIENTED_EDGE('',*,*,#2412,.T.);
#3029=ORIENTED_EDGE('',*,*,#2413,.T.);
#3030=ORIENTED_EDGE('',*,*,#2414,.T.);
#3031=ORIENTED_EDGE('',*,*,#2415,.T.);
#3032=ORIENTED_EDGE('',*,*,#2416,.T.);
#3033=ORIENTED_EDGE('',*,*,#2417,.T.);
#3034=ORIENTED_EDGE('',*,*,#2418,.T.);
#3035=ORIENTED_EDGE('',*,*,#2419,.T.);
#3036=ORIENTED_EDGE('',*,*,#2420,.T.);
#3037=ORIENTED_EDGE('',*,*,#2421,.T.);
#3038=ORIENTED_EDGE('',*,*,#2422,.T.);
#3039=ORIENTED_EDGE('',*,*,#2423,.T.);
#3040=ORIENTED_EDGE('',*,*,#2424,.T.);
#3041=ORIENTED_EDGE('',*,*,#2425,.T.);
#3042=ORIENTED_EDGE('',*,*,#2426,.T.);
#3043=ORIENTED_EDGE('',*,*,#2427,.T.);
#3044=ORIENTED_EDGE('',*,*,#2428,.T.);
#3045=ORIENTED_EDGE('',*,*,#2429,.T.);
#3046=ORIENTED_EDGE('',*,*,#2430,.T.);
#3047=ORIENTED_EDGE('',*,*,#2431,.T.);
#3048=ORIENTED_EDGE('',*,*,#2432,.T.);
#3049=ORIENTED_EDGE('',*,*,#2433,.T.);
#3050=ORIENTED_EDGE('',*,*,#2434,.T.);
#3051=ORIENTED_EDGE('',*,*,#2435,.T.);
#3052=ORIENTED_EDGE('',*,*,#2436,.T.);
#3053=ORIENTED_EDGE('',*,*,#2437,.T.);
#3054=ORIENTED_EDGE('',*,*,#2438,.T.);
#3055=ORIENTED_EDGE('',*,*,#2439,.T.);
#3056=ORIENTED_EDGE('',*,*,#2440,.T.);
#3057=ORIENTED_EDGE('',*,*,#2441,.T.);
#3058=ORIENTED_EDGE('',*,*,#2442,.T.);
#3059=ORIENTED_EDGE('',*,*,#2443,.T.);
#3060=ORIENTED_EDGE('',*,*,#2444,.T.);
#3061=ORIENTED_EDGE('',*,*,#2445,.T.);
#3062=ORIENTED_EDGE('',*,*,#2446,.T.);
#3063=ORIENTED_EDGE('',*,*,#2447,.T.);
#3064=ORIENTED_EDGE('',*,*,#2448,.T.);
#3065=ORIENTED_EDGE('',*,*,#2449,.T.);
#3066=ORIENTED_EDGE('',*,*,#2450,.T.);
#3067=ORIENTED_EDGE('',*,*,#2451,.T.);
#3068=ORIENTED_EDGE('',*,*,#2452,.T.);
#3069=ORIENTED_EDGE('',*,*,#2453,.T.);
#3070=ORIENTED_EDGE('',*,*,#2454,.T.);
#3071=ORIENTED_EDGE('',*,*,#2455,.T.);
#3072=ORIENTED_EDGE('',*,*,#2456,.T.);
#3073=ORIENTED_EDGE('',*,*,#2457,.T.);
#3074=ORIENTED_EDGE('',*,*,#2458,.T.);
#3075=ORIENTED_EDGE('',*,*,#2459,.T.);
#3076=ORIENTED_EDGE('',*,*,#2460,.T.);
#3077=ORIENTED_EDGE('',*,*,#2461,.T.);
#3078=ORIENTED_EDGE('',*,*,#2462,.T.);
#3079=ORIENTED_EDGE('',*,*,#2463,.T.);
#3080=ORIENTED_EDGE('',*,*,#2464,.T.);
#3081=ORIENTED_EDGE('',*,*,#2465,.T.);
#3082=ORIENTED_EDGE('',*,*,#2466,.T.);
#3083=ORIENTED_EDGE('',*,*,#2400,.F.);
#3084=ORIENTED_EDGE('',*,*,#2467,.T.);
#3085=ORIENTED_EDGE('',*,*,#2468,.T.);
#3086=ORIENTED_EDGE('',*,*,#2469,.T.);
#3087=ORIENTED_EDGE('',*,*,#2399,.F.);
#3088=ORIENTED_EDGE('',*,*,#2470,.T.);
#3089=ORIENTED_EDGE('',*,*,#2471,.T.);
#3090=ORIENTED_EDGE('',*,*,#2472,.T.);
#3091=ORIENTED_EDGE('',*,*,#2473,.T.);
#3092=ORIENTED_EDGE('',*,*,#2474,.T.);
#3093=ORIENTED_EDGE('',*,*,#2475,.T.);
#3094=ORIENTED_EDGE('',*,*,#2467,.F.);
#3095=ORIENTED_EDGE('',*,*,#2402,.F.);
#3096=ORIENTED_EDGE('',*,*,#2476,.T.);
#3097=ORIENTED_EDGE('',*,*,#2477,.T.);
#3098=ORIENTED_EDGE('',*,*,#2470,.F.);
#3099=ORIENTED_EDGE('',*,*,#2401,.F.);
#3100=ORIENTED_EDGE('',*,*,#2469,.F.);
#3101=ORIENTED_EDGE('',*,*,#2478,.T.);
#3102=ORIENTED_EDGE('',*,*,#2476,.F.);
#3103=ORIENTED_EDGE('',*,*,#2479,.T.);
#3104=ORIENTED_EDGE('',*,*,#2480,.T.);
#3105=ORIENTED_EDGE('',*,*,#2481,.T.);
#3106=ORIENTED_EDGE('',*,*,#2404,.F.);
#3107=ORIENTED_EDGE('',*,*,#2482,.T.);
#3108=ORIENTED_EDGE('',*,*,#2483,.T.);
#3109=ORIENTED_EDGE('',*,*,#2479,.F.);
#3110=ORIENTED_EDGE('',*,*,#2403,.F.);
#3111=ORIENTED_EDGE('',*,*,#2484,.T.);
#3112=ORIENTED_EDGE('',*,*,#2485,.T.);
#3113=ORIENTED_EDGE('',*,*,#2482,.F.);
#3114=ORIENTED_EDGE('',*,*,#2406,.F.);
#3115=ORIENTED_EDGE('',*,*,#2484,.F.);
#3116=ORIENTED_EDGE('',*,*,#2405,.F.);
#3117=ORIENTED_EDGE('',*,*,#2481,.F.);
#3118=ORIENTED_EDGE('',*,*,#2486,.T.);
#3119=ORIENTED_EDGE('',*,*,#2487,.T.);
#3120=ORIENTED_EDGE('',*,*,#2488,.T.);
#3121=ORIENTED_EDGE('',*,*,#2489,.T.);
#3122=ORIENTED_EDGE('',*,*,#2408,.F.);
#3123=ORIENTED_EDGE('',*,*,#2490,.T.);
#3124=ORIENTED_EDGE('',*,*,#2491,.T.);
#3125=ORIENTED_EDGE('',*,*,#2487,.F.);
#3126=ORIENTED_EDGE('',*,*,#2407,.F.);
#3127=ORIENTED_EDGE('',*,*,#2492,.T.);
#3128=ORIENTED_EDGE('',*,*,#2493,.T.);
#3129=ORIENTED_EDGE('',*,*,#2490,.F.);
#3130=ORIENTED_EDGE('',*,*,#2410,.F.);
#3131=ORIENTED_EDGE('',*,*,#2492,.F.);
#3132=ORIENTED_EDGE('',*,*,#2409,.F.);
#3133=ORIENTED_EDGE('',*,*,#2489,.F.);
#3134=ORIENTED_EDGE('',*,*,#2494,.T.);
#3135=ORIENTED_EDGE('',*,*,#2495,.T.);
#3136=ORIENTED_EDGE('',*,*,#2496,.T.);
#3137=ORIENTED_EDGE('',*,*,#2497,.T.);
#3138=ORIENTED_EDGE('',*,*,#2412,.F.);
#3139=ORIENTED_EDGE('',*,*,#2498,.T.);
#3140=ORIENTED_EDGE('',*,*,#2499,.T.);
#3141=ORIENTED_EDGE('',*,*,#2495,.F.);
#3142=ORIENTED_EDGE('',*,*,#2411,.F.);
#3143=ORIENTED_EDGE('',*,*,#2500,.T.);
#3144=ORIENTED_EDGE('',*,*,#2501,.T.);
#3145=ORIENTED_EDGE('',*,*,#2498,.F.);
#3146=ORIENTED_EDGE('',*,*,#2414,.F.);
#3147=ORIENTED_EDGE('',*,*,#2500,.F.);
#3148=ORIENTED_EDGE('',*,*,#2413,.F.);
#3149=ORIENTED_EDGE('',*,*,#2497,.F.);
#3150=ORIENTED_EDGE('',*,*,#2502,.T.);
#3151=ORIENTED_EDGE('',*,*,#2503,.T.);
#3152=ORIENTED_EDGE('',*,*,#2504,.T.);
#3153=ORIENTED_EDGE('',*,*,#2505,.T.);
#3154=ORIENTED_EDGE('',*,*,#2416,.F.);
#3155=ORIENTED_EDGE('',*,*,#2506,.T.);
#3156=ORIENTED_EDGE('',*,*,#2507,.T.);
#3157=ORIENTED_EDGE('',*,*,#2503,.F.);
#3158=ORIENTED_EDGE('',*,*,#2415,.F.);
#3159=ORIENTED_EDGE('',*,*,#2508,.T.);
#3160=ORIENTED_EDGE('',*,*,#2509,.T.);
#3161=ORIENTED_EDGE('',*,*,#2506,.F.);
#3162=ORIENTED_EDGE('',*,*,#2418,.F.);
#3163=ORIENTED_EDGE('',*,*,#2508,.F.);
#3164=ORIENTED_EDGE('',*,*,#2417,.F.);
#3165=ORIENTED_EDGE('',*,*,#2505,.F.);
#3166=ORIENTED_EDGE('',*,*,#2510,.T.);
#3167=ORIENTED_EDGE('',*,*,#2511,.T.);
#3168=ORIENTED_EDGE('',*,*,#2512,.T.);
#3169=ORIENTED_EDGE('',*,*,#2513,.T.);
#3170=ORIENTED_EDGE('',*,*,#2420,.F.);
#3171=ORIENTED_EDGE('',*,*,#2514,.T.);
#3172=ORIENTED_EDGE('',*,*,#2515,.T.);
#3173=ORIENTED_EDGE('',*,*,#2511,.F.);
#3174=ORIENTED_EDGE('',*,*,#2419,.F.);
#3175=ORIENTED_EDGE('',*,*,#2516,.T.);
#3176=ORIENTED_EDGE('',*,*,#2517,.T.);
#3177=ORIENTED_EDGE('',*,*,#2514,.F.);
#3178=ORIENTED_EDGE('',*,*,#2422,.F.);
#3179=ORIENTED_EDGE('',*,*,#2516,.F.);
#3180=ORIENTED_EDGE('',*,*,#2421,.F.);
#3181=ORIENTED_EDGE('',*,*,#2513,.F.);
#3182=ORIENTED_EDGE('',*,*,#2518,.T.);
#3183=ORIENTED_EDGE('',*,*,#2519,.T.);
#3184=ORIENTED_EDGE('',*,*,#2520,.T.);
#3185=ORIENTED_EDGE('',*,*,#2521,.T.);
#3186=ORIENTED_EDGE('',*,*,#2424,.F.);
#3187=ORIENTED_EDGE('',*,*,#2522,.T.);
#3188=ORIENTED_EDGE('',*,*,#2523,.T.);
#3189=ORIENTED_EDGE('',*,*,#2519,.F.);
#3190=ORIENTED_EDGE('',*,*,#2423,.F.);
#3191=ORIENTED_EDGE('',*,*,#2524,.T.);
#3192=ORIENTED_EDGE('',*,*,#2525,.T.);
#3193=ORIENTED_EDGE('',*,*,#2522,.F.);
#3194=ORIENTED_EDGE('',*,*,#2426,.F.);
#3195=ORIENTED_EDGE('',*,*,#2524,.F.);
#3196=ORIENTED_EDGE('',*,*,#2425,.F.);
#3197=ORIENTED_EDGE('',*,*,#2521,.F.);
#3198=ORIENTED_EDGE('',*,*,#2526,.T.);
#3199=ORIENTED_EDGE('',*,*,#2527,.T.);
#3200=ORIENTED_EDGE('',*,*,#2528,.T.);
#3201=ORIENTED_EDGE('',*,*,#2529,.T.);
#3202=ORIENTED_EDGE('',*,*,#2428,.F.);
#3203=ORIENTED_EDGE('',*,*,#2530,.T.);
#3204=ORIENTED_EDGE('',*,*,#2531,.T.);
#3205=ORIENTED_EDGE('',*,*,#2527,.F.);
#3206=ORIENTED_EDGE('',*,*,#2427,.F.);
#3207=ORIENTED_EDGE('',*,*,#2532,.T.);
#3208=ORIENTED_EDGE('',*,*,#2533,.T.);
#3209=ORIENTED_EDGE('',*,*,#2530,.F.);
#3210=ORIENTED_EDGE('',*,*,#2430,.F.);
#3211=ORIENTED_EDGE('',*,*,#2532,.F.);
#3212=ORIENTED_EDGE('',*,*,#2429,.F.);
#3213=ORIENTED_EDGE('',*,*,#2529,.F.);
#3214=ORIENTED_EDGE('',*,*,#2534,.T.);
#3215=ORIENTED_EDGE('',*,*,#2535,.T.);
#3216=ORIENTED_EDGE('',*,*,#2536,.T.);
#3217=ORIENTED_EDGE('',*,*,#2537,.T.);
#3218=ORIENTED_EDGE('',*,*,#2432,.F.);
#3219=ORIENTED_EDGE('',*,*,#2538,.T.);
#3220=ORIENTED_EDGE('',*,*,#2539,.T.);
#3221=ORIENTED_EDGE('',*,*,#2535,.F.);
#3222=ORIENTED_EDGE('',*,*,#2431,.F.);
#3223=ORIENTED_EDGE('',*,*,#2540,.T.);
#3224=ORIENTED_EDGE('',*,*,#2541,.T.);
#3225=ORIENTED_EDGE('',*,*,#2538,.F.);
#3226=ORIENTED_EDGE('',*,*,#2434,.F.);
#3227=ORIENTED_EDGE('',*,*,#2540,.F.);
#3228=ORIENTED_EDGE('',*,*,#2433,.F.);
#3229=ORIENTED_EDGE('',*,*,#2537,.F.);
#3230=ORIENTED_EDGE('',*,*,#2542,.T.);
#3231=ORIENTED_EDGE('',*,*,#2543,.T.);
#3232=ORIENTED_EDGE('',*,*,#2544,.T.);
#3233=ORIENTED_EDGE('',*,*,#2545,.T.);
#3234=ORIENTED_EDGE('',*,*,#2436,.F.);
#3235=ORIENTED_EDGE('',*,*,#2546,.T.);
#3236=ORIENTED_EDGE('',*,*,#2547,.T.);
#3237=ORIENTED_EDGE('',*,*,#2543,.F.);
#3238=ORIENTED_EDGE('',*,*,#2435,.F.);
#3239=ORIENTED_EDGE('',*,*,#2548,.T.);
#3240=ORIENTED_EDGE('',*,*,#2549,.T.);
#3241=ORIENTED_EDGE('',*,*,#2546,.F.);
#3242=ORIENTED_EDGE('',*,*,#2438,.F.);
#3243=ORIENTED_EDGE('',*,*,#2548,.F.);
#3244=ORIENTED_EDGE('',*,*,#2437,.F.);
#3245=ORIENTED_EDGE('',*,*,#2545,.F.);
#3246=ORIENTED_EDGE('',*,*,#2550,.T.);
#3247=ORIENTED_EDGE('',*,*,#2551,.T.);
#3248=ORIENTED_EDGE('',*,*,#2552,.T.);
#3249=ORIENTED_EDGE('',*,*,#2553,.T.);
#3250=ORIENTED_EDGE('',*,*,#2440,.F.);
#3251=ORIENTED_EDGE('',*,*,#2554,.T.);
#3252=ORIENTED_EDGE('',*,*,#2555,.T.);
#3253=ORIENTED_EDGE('',*,*,#2551,.F.);
#3254=ORIENTED_EDGE('',*,*,#2439,.F.);
#3255=ORIENTED_EDGE('',*,*,#2556,.T.);
#3256=ORIENTED_EDGE('',*,*,#2557,.T.);
#3257=ORIENTED_EDGE('',*,*,#2554,.F.);
#3258=ORIENTED_EDGE('',*,*,#2442,.F.);
#3259=ORIENTED_EDGE('',*,*,#2556,.F.);
#3260=ORIENTED_EDGE('',*,*,#2441,.F.);
#3261=ORIENTED_EDGE('',*,*,#2553,.F.);
#3262=ORIENTED_EDGE('',*,*,#2558,.T.);
#3263=ORIENTED_EDGE('',*,*,#2559,.T.);
#3264=ORIENTED_EDGE('',*,*,#2560,.T.);
#3265=ORIENTED_EDGE('',*,*,#2561,.T.);
#3266=ORIENTED_EDGE('',*,*,#2444,.F.);
#3267=ORIENTED_EDGE('',*,*,#2562,.T.);
#3268=ORIENTED_EDGE('',*,*,#2563,.T.);
#3269=ORIENTED_EDGE('',*,*,#2559,.F.);
#3270=ORIENTED_EDGE('',*,*,#2443,.F.);
#3271=ORIENTED_EDGE('',*,*,#2564,.T.);
#3272=ORIENTED_EDGE('',*,*,#2565,.T.);
#3273=ORIENTED_EDGE('',*,*,#2562,.F.);
#3274=ORIENTED_EDGE('',*,*,#2446,.F.);
#3275=ORIENTED_EDGE('',*,*,#2564,.F.);
#3276=ORIENTED_EDGE('',*,*,#2445,.F.);
#3277=ORIENTED_EDGE('',*,*,#2561,.F.);
#3278=ORIENTED_EDGE('',*,*,#2566,.T.);
#3279=ORIENTED_EDGE('',*,*,#2567,.T.);
#3280=ORIENTED_EDGE('',*,*,#2568,.T.);
#3281=ORIENTED_EDGE('',*,*,#2569,.T.);
#3282=ORIENTED_EDGE('',*,*,#2448,.F.);
#3283=ORIENTED_EDGE('',*,*,#2570,.T.);
#3284=ORIENTED_EDGE('',*,*,#2571,.T.);
#3285=ORIENTED_EDGE('',*,*,#2567,.F.);
#3286=ORIENTED_EDGE('',*,*,#2447,.F.);
#3287=ORIENTED_EDGE('',*,*,#2572,.T.);
#3288=ORIENTED_EDGE('',*,*,#2573,.T.);
#3289=ORIENTED_EDGE('',*,*,#2570,.F.);
#3290=ORIENTED_EDGE('',*,*,#2450,.F.);
#3291=ORIENTED_EDGE('',*,*,#2572,.F.);
#3292=ORIENTED_EDGE('',*,*,#2449,.F.);
#3293=ORIENTED_EDGE('',*,*,#2569,.F.);
#3294=ORIENTED_EDGE('',*,*,#2574,.T.);
#3295=ORIENTED_EDGE('',*,*,#2575,.T.);
#3296=ORIENTED_EDGE('',*,*,#2576,.T.);
#3297=ORIENTED_EDGE('',*,*,#2577,.T.);
#3298=ORIENTED_EDGE('',*,*,#2452,.F.);
#3299=ORIENTED_EDGE('',*,*,#2578,.T.);
#3300=ORIENTED_EDGE('',*,*,#2579,.T.);
#3301=ORIENTED_EDGE('',*,*,#2575,.F.);
#3302=ORIENTED_EDGE('',*,*,#2451,.F.);
#3303=ORIENTED_EDGE('',*,*,#2580,.T.);
#3304=ORIENTED_EDGE('',*,*,#2581,.T.);
#3305=ORIENTED_EDGE('',*,*,#2578,.F.);
#3306=ORIENTED_EDGE('',*,*,#2454,.F.);
#3307=ORIENTED_EDGE('',*,*,#2580,.F.);
#3308=ORIENTED_EDGE('',*,*,#2453,.F.);
#3309=ORIENTED_EDGE('',*,*,#2577,.F.);
#3310=ORIENTED_EDGE('',*,*,#2582,.T.);
#3311=ORIENTED_EDGE('',*,*,#2583,.T.);
#3312=ORIENTED_EDGE('',*,*,#2584,.T.);
#3313=ORIENTED_EDGE('',*,*,#2585,.T.);
#3314=ORIENTED_EDGE('',*,*,#2456,.F.);
#3315=ORIENTED_EDGE('',*,*,#2586,.T.);
#3316=ORIENTED_EDGE('',*,*,#2587,.T.);
#3317=ORIENTED_EDGE('',*,*,#2583,.F.);
#3318=ORIENTED_EDGE('',*,*,#2455,.F.);
#3319=ORIENTED_EDGE('',*,*,#2588,.T.);
#3320=ORIENTED_EDGE('',*,*,#2589,.T.);
#3321=ORIENTED_EDGE('',*,*,#2586,.F.);
#3322=ORIENTED_EDGE('',*,*,#2458,.F.);
#3323=ORIENTED_EDGE('',*,*,#2588,.F.);
#3324=ORIENTED_EDGE('',*,*,#2457,.F.);
#3325=ORIENTED_EDGE('',*,*,#2585,.F.);
#3326=ORIENTED_EDGE('',*,*,#2590,.T.);
#3327=ORIENTED_EDGE('',*,*,#2591,.T.);
#3328=ORIENTED_EDGE('',*,*,#2592,.T.);
#3329=ORIENTED_EDGE('',*,*,#2593,.T.);
#3330=ORIENTED_EDGE('',*,*,#2460,.F.);
#3331=ORIENTED_EDGE('',*,*,#2594,.T.);
#3332=ORIENTED_EDGE('',*,*,#2595,.T.);
#3333=ORIENTED_EDGE('',*,*,#2591,.F.);
#3334=ORIENTED_EDGE('',*,*,#2459,.F.);
#3335=ORIENTED_EDGE('',*,*,#2596,.T.);
#3336=ORIENTED_EDGE('',*,*,#2597,.T.);
#3337=ORIENTED_EDGE('',*,*,#2594,.F.);
#3338=ORIENTED_EDGE('',*,*,#2462,.F.);
#3339=ORIENTED_EDGE('',*,*,#2596,.F.);
#3340=ORIENTED_EDGE('',*,*,#2461,.F.);
#3341=ORIENTED_EDGE('',*,*,#2593,.F.);
#3342=ORIENTED_EDGE('',*,*,#2598,.T.);
#3343=ORIENTED_EDGE('',*,*,#2599,.T.);
#3344=ORIENTED_EDGE('',*,*,#2600,.T.);
#3345=ORIENTED_EDGE('',*,*,#2601,.T.);
#3346=ORIENTED_EDGE('',*,*,#2464,.F.);
#3347=ORIENTED_EDGE('',*,*,#2602,.T.);
#3348=ORIENTED_EDGE('',*,*,#2603,.T.);
#3349=ORIENTED_EDGE('',*,*,#2599,.F.);
#3350=ORIENTED_EDGE('',*,*,#2463,.F.);
#3351=ORIENTED_EDGE('',*,*,#2604,.T.);
#3352=ORIENTED_EDGE('',*,*,#2605,.T.);
#3353=ORIENTED_EDGE('',*,*,#2602,.F.);
#3354=ORIENTED_EDGE('',*,*,#2466,.F.);
#3355=ORIENTED_EDGE('',*,*,#2604,.F.);
#3356=ORIENTED_EDGE('',*,*,#2465,.F.);
#3357=ORIENTED_EDGE('',*,*,#2601,.F.);
#3358=ORIENTED_EDGE('',*,*,#2606,.T.);
#3359=ORIENTED_EDGE('',*,*,#2468,.F.);
#3360=ORIENTED_EDGE('',*,*,#2475,.F.);
#3361=ORIENTED_EDGE('',*,*,#2607,.F.);
#3362=ORIENTED_EDGE('',*,*,#2608,.F.);
#3363=ORIENTED_EDGE('',*,*,#2609,.F.);
#3364=ORIENTED_EDGE('',*,*,#2610,.F.);
#3365=ORIENTED_EDGE('',*,*,#2611,.F.);
#3366=ORIENTED_EDGE('',*,*,#2612,.F.);
#3367=ORIENTED_EDGE('',*,*,#2613,.F.);
#3368=ORIENTED_EDGE('',*,*,#2614,.F.);
#3369=ORIENTED_EDGE('',*,*,#2615,.F.);
#3370=ORIENTED_EDGE('',*,*,#2616,.F.);
#3371=ORIENTED_EDGE('',*,*,#2617,.F.);
#3372=ORIENTED_EDGE('',*,*,#2618,.F.);
#3373=ORIENTED_EDGE('',*,*,#2619,.F.);
#3374=ORIENTED_EDGE('',*,*,#2620,.F.);
#3375=ORIENTED_EDGE('',*,*,#2621,.F.);
#3376=ORIENTED_EDGE('',*,*,#2622,.F.);
#3377=ORIENTED_EDGE('',*,*,#2623,.F.);
#3378=ORIENTED_EDGE('',*,*,#2624,.F.);
#3379=ORIENTED_EDGE('',*,*,#2625,.F.);
#3380=ORIENTED_EDGE('',*,*,#2626,.F.);
#3381=ORIENTED_EDGE('',*,*,#2627,.F.);
#3382=ORIENTED_EDGE('',*,*,#2628,.F.);
#3383=ORIENTED_EDGE('',*,*,#2629,.F.);
#3384=ORIENTED_EDGE('',*,*,#2630,.F.);
#3385=ORIENTED_EDGE('',*,*,#2631,.F.);
#3386=ORIENTED_EDGE('',*,*,#2632,.F.);
#3387=ORIENTED_EDGE('',*,*,#2633,.F.);
#3388=ORIENTED_EDGE('',*,*,#2634,.F.);
#3389=ORIENTED_EDGE('',*,*,#2635,.F.);
#3390=ORIENTED_EDGE('',*,*,#2636,.F.);
#3391=ORIENTED_EDGE('',*,*,#2637,.F.);
#3392=ORIENTED_EDGE('',*,*,#2638,.F.);
#3393=ORIENTED_EDGE('',*,*,#2639,.F.);
#3394=ORIENTED_EDGE('',*,*,#2640,.F.);
#3395=ORIENTED_EDGE('',*,*,#2641,.F.);
#3396=ORIENTED_EDGE('',*,*,#2471,.F.);
#3397=ORIENTED_EDGE('',*,*,#2477,.F.);
#3398=ORIENTED_EDGE('',*,*,#2478,.F.);
#3399=ORIENTED_EDGE('',*,*,#2474,.F.);
#3400=ORIENTED_EDGE('',*,*,#2642,.F.);
#3401=ORIENTED_EDGE('',*,*,#2643,.T.);
#3402=ORIENTED_EDGE('',*,*,#2607,.T.);
#3403=ORIENTED_EDGE('',*,*,#2644,.F.);
#3404=ORIENTED_EDGE('',*,*,#2645,.F.);
#3405=ORIENTED_EDGE('',*,*,#2646,.T.);
#3406=ORIENTED_EDGE('',*,*,#2647,.F.);
#3407=ORIENTED_EDGE('',*,*,#2648,.T.);
#3408=ORIENTED_EDGE('',*,*,#2649,.F.);
#3409=ORIENTED_EDGE('',*,*,#2650,.T.);
#3410=ORIENTED_EDGE('',*,*,#2651,.F.);
#3411=ORIENTED_EDGE('',*,*,#2652,.T.);
#3412=ORIENTED_EDGE('',*,*,#2653,.F.);
#3413=ORIENTED_EDGE('',*,*,#2654,.T.);
#3414=ORIENTED_EDGE('',*,*,#2655,.F.);
#3415=ORIENTED_EDGE('',*,*,#2656,.T.);
#3416=ORIENTED_EDGE('',*,*,#2657,.F.);
#3417=ORIENTED_EDGE('',*,*,#2658,.T.);
#3418=ORIENTED_EDGE('',*,*,#2659,.F.);
#3419=ORIENTED_EDGE('',*,*,#2660,.T.);
#3420=ORIENTED_EDGE('',*,*,#2661,.F.);
#3421=ORIENTED_EDGE('',*,*,#2662,.T.);
#3422=ORIENTED_EDGE('',*,*,#2663,.F.);
#3423=ORIENTED_EDGE('',*,*,#2664,.T.);
#3424=ORIENTED_EDGE('',*,*,#2665,.F.);
#3425=ORIENTED_EDGE('',*,*,#2666,.T.);
#3426=ORIENTED_EDGE('',*,*,#2667,.F.);
#3427=ORIENTED_EDGE('',*,*,#2668,.T.);
#3428=ORIENTED_EDGE('',*,*,#2669,.F.);
#3429=ORIENTED_EDGE('',*,*,#2670,.T.);
#3430=ORIENTED_EDGE('',*,*,#2671,.F.);
#3431=ORIENTED_EDGE('',*,*,#2672,.T.);
#3432=ORIENTED_EDGE('',*,*,#2673,.F.);
#3433=ORIENTED_EDGE('',*,*,#2674,.T.);
#3434=ORIENTED_EDGE('',*,*,#2675,.F.);
#3435=ORIENTED_EDGE('',*,*,#2676,.T.);
#3436=ORIENTED_EDGE('',*,*,#2642,.T.);
#3437=ORIENTED_EDGE('',*,*,#2473,.F.);
#3438=ORIENTED_EDGE('',*,*,#2677,.F.);
#3439=ORIENTED_EDGE('',*,*,#2678,.T.);
#3440=ORIENTED_EDGE('',*,*,#2679,.F.);
#3441=ORIENTED_EDGE('',*,*,#2680,.T.);
#3442=ORIENTED_EDGE('',*,*,#2681,.F.);
#3443=ORIENTED_EDGE('',*,*,#2682,.T.);
#3444=ORIENTED_EDGE('',*,*,#2683,.F.);
#3445=ORIENTED_EDGE('',*,*,#2684,.T.);
#3446=ORIENTED_EDGE('',*,*,#2685,.F.);
#3447=ORIENTED_EDGE('',*,*,#2686,.T.);
#3448=ORIENTED_EDGE('',*,*,#2687,.F.);
#3449=ORIENTED_EDGE('',*,*,#2688,.T.);
#3450=ORIENTED_EDGE('',*,*,#2689,.F.);
#3451=ORIENTED_EDGE('',*,*,#2690,.T.);
#3452=ORIENTED_EDGE('',*,*,#2691,.F.);
#3453=ORIENTED_EDGE('',*,*,#2692,.T.);
#3454=ORIENTED_EDGE('',*,*,#2693,.F.);
#3455=ORIENTED_EDGE('',*,*,#2694,.T.);
#3456=ORIENTED_EDGE('',*,*,#2695,.F.);
#3457=ORIENTED_EDGE('',*,*,#2696,.T.);
#3458=ORIENTED_EDGE('',*,*,#2697,.F.);
#3459=ORIENTED_EDGE('',*,*,#2698,.T.);
#3460=ORIENTED_EDGE('',*,*,#2699,.F.);
#3461=ORIENTED_EDGE('',*,*,#2700,.T.);
#3462=ORIENTED_EDGE('',*,*,#2701,.F.);
#3463=ORIENTED_EDGE('',*,*,#2702,.T.);
#3464=ORIENTED_EDGE('',*,*,#2703,.F.);
#3465=ORIENTED_EDGE('',*,*,#2704,.T.);
#3466=ORIENTED_EDGE('',*,*,#2705,.F.);
#3467=ORIENTED_EDGE('',*,*,#2706,.T.);
#3468=ORIENTED_EDGE('',*,*,#2707,.F.);
#3469=ORIENTED_EDGE('',*,*,#2708,.T.);
#3470=ORIENTED_EDGE('',*,*,#2709,.F.);
#3471=ORIENTED_EDGE('',*,*,#2389,.F.);
#3472=ORIENTED_EDGE('',*,*,#2392,.F.);
#3473=ORIENTED_EDGE('',*,*,#2472,.F.);
#3474=ORIENTED_EDGE('',*,*,#2641,.T.);
#3475=ORIENTED_EDGE('',*,*,#2710,.T.);
#3476=ORIENTED_EDGE('',*,*,#2677,.T.);
#3477=ORIENTED_EDGE('',*,*,#2480,.F.);
#3478=ORIENTED_EDGE('',*,*,#2711,.F.);
#3479=ORIENTED_EDGE('',*,*,#2712,.F.);
#3480=ORIENTED_EDGE('',*,*,#2713,.F.);
#3481=ORIENTED_EDGE('',*,*,#2483,.F.);
#3482=ORIENTED_EDGE('',*,*,#2714,.F.);
#3483=ORIENTED_EDGE('',*,*,#2715,.F.);
#3484=ORIENTED_EDGE('',*,*,#2711,.T.);
#3485=ORIENTED_EDGE('',*,*,#2485,.F.);
#3486=ORIENTED_EDGE('',*,*,#2716,.F.);
#3487=ORIENTED_EDGE('',*,*,#2717,.F.);
#3488=ORIENTED_EDGE('',*,*,#2714,.T.);
#3489=ORIENTED_EDGE('',*,*,#2486,.F.);
#3490=ORIENTED_EDGE('',*,*,#2713,.T.);
#3491=ORIENTED_EDGE('',*,*,#2718,.F.);
#3492=ORIENTED_EDGE('',*,*,#2716,.T.);
#3493=ORIENTED_EDGE('',*,*,#2488,.F.);
#3494=ORIENTED_EDGE('',*,*,#2719,.F.);
#3495=ORIENTED_EDGE('',*,*,#2720,.F.);
#3496=ORIENTED_EDGE('',*,*,#2721,.F.);
#3497=ORIENTED_EDGE('',*,*,#2491,.F.);
#3498=ORIENTED_EDGE('',*,*,#2722,.F.);
#3499=ORIENTED_EDGE('',*,*,#2723,.F.);
#3500=ORIENTED_EDGE('',*,*,#2719,.T.);
#3501=ORIENTED_EDGE('',*,*,#2493,.F.);
#3502=ORIENTED_EDGE('',*,*,#2724,.F.);
#3503=ORIENTED_EDGE('',*,*,#2725,.F.);
#3504=ORIENTED_EDGE('',*,*,#2722,.T.);
#3505=ORIENTED_EDGE('',*,*,#2494,.F.);
#3506=ORIENTED_EDGE('',*,*,#2721,.T.);
#3507=ORIENTED_EDGE('',*,*,#2726,.F.);
#3508=ORIENTED_EDGE('',*,*,#2724,.T.);
#3509=ORIENTED_EDGE('',*,*,#2496,.F.);
#3510=ORIENTED_EDGE('',*,*,#2727,.F.);
#3511=ORIENTED_EDGE('',*,*,#2728,.F.);
#3512=ORIENTED_EDGE('',*,*,#2729,.F.);
#3513=ORIENTED_EDGE('',*,*,#2499,.F.);
#3514=ORIENTED_EDGE('',*,*,#2730,.F.);
#3515=ORIENTED_EDGE('',*,*,#2731,.F.);
#3516=ORIENTED_EDGE('',*,*,#2727,.T.);
#3517=ORIENTED_EDGE('',*,*,#2501,.F.);
#3518=ORIENTED_EDGE('',*,*,#2732,.F.);
#3519=ORIENTED_EDGE('',*,*,#2733,.F.);
#3520=ORIENTED_EDGE('',*,*,#2730,.T.);
#3521=ORIENTED_EDGE('',*,*,#2502,.F.);
#3522=ORIENTED_EDGE('',*,*,#2729,.T.);
#3523=ORIENTED_EDGE('',*,*,#2734,.F.);
#3524=ORIENTED_EDGE('',*,*,#2732,.T.);
#3525=ORIENTED_EDGE('',*,*,#2504,.F.);
#3526=ORIENTED_EDGE('',*,*,#2735,.F.);
#3527=ORIENTED_EDGE('',*,*,#2736,.F.);
#3528=ORIENTED_EDGE('',*,*,#2737,.F.);
#3529=ORIENTED_EDGE('',*,*,#2507,.F.);
#3530=ORIENTED_EDGE('',*,*,#2738,.F.);
#3531=ORIENTED_EDGE('',*,*,#2739,.F.);
#3532=ORIENTED_EDGE('',*,*,#2735,.T.);
#3533=ORIENTED_EDGE('',*,*,#2509,.F.);
#3534=ORIENTED_EDGE('',*,*,#2740,.F.);
#3535=ORIENTED_EDGE('',*,*,#2741,.F.);
#3536=ORIENTED_EDGE('',*,*,#2738,.T.);
#3537=ORIENTED_EDGE('',*,*,#2510,.F.);
#3538=ORIENTED_EDGE('',*,*,#2737,.T.);
#3539=ORIENTED_EDGE('',*,*,#2742,.F.);
#3540=ORIENTED_EDGE('',*,*,#2740,.T.);
#3541=ORIENTED_EDGE('',*,*,#2512,.F.);
#3542=ORIENTED_EDGE('',*,*,#2743,.F.);
#3543=ORIENTED_EDGE('',*,*,#2744,.F.);
#3544=ORIENTED_EDGE('',*,*,#2745,.F.);
#3545=ORIENTED_EDGE('',*,*,#2515,.F.);
#3546=ORIENTED_EDGE('',*,*,#2746,.F.);
#3547=ORIENTED_EDGE('',*,*,#2747,.F.);
#3548=ORIENTED_EDGE('',*,*,#2743,.T.);
#3549=ORIENTED_EDGE('',*,*,#2517,.F.);
#3550=ORIENTED_EDGE('',*,*,#2748,.F.);
#3551=ORIENTED_EDGE('',*,*,#2749,.F.);
#3552=ORIENTED_EDGE('',*,*,#2746,.T.);
#3553=ORIENTED_EDGE('',*,*,#2518,.F.);
#3554=ORIENTED_EDGE('',*,*,#2745,.T.);
#3555=ORIENTED_EDGE('',*,*,#2750,.F.);
#3556=ORIENTED_EDGE('',*,*,#2748,.T.);
#3557=ORIENTED_EDGE('',*,*,#2520,.F.);
#3558=ORIENTED_EDGE('',*,*,#2751,.F.);
#3559=ORIENTED_EDGE('',*,*,#2752,.F.);
#3560=ORIENTED_EDGE('',*,*,#2753,.F.);
#3561=ORIENTED_EDGE('',*,*,#2523,.F.);
#3562=ORIENTED_EDGE('',*,*,#2754,.F.);
#3563=ORIENTED_EDGE('',*,*,#2755,.F.);
#3564=ORIENTED_EDGE('',*,*,#2751,.T.);
#3565=ORIENTED_EDGE('',*,*,#2525,.F.);
#3566=ORIENTED_EDGE('',*,*,#2756,.F.);
#3567=ORIENTED_EDGE('',*,*,#2757,.F.);
#3568=ORIENTED_EDGE('',*,*,#2754,.T.);
#3569=ORIENTED_EDGE('',*,*,#2526,.F.);
#3570=ORIENTED_EDGE('',*,*,#2753,.T.);
#3571=ORIENTED_EDGE('',*,*,#2758,.F.);
#3572=ORIENTED_EDGE('',*,*,#2756,.T.);
#3573=ORIENTED_EDGE('',*,*,#2528,.F.);
#3574=ORIENTED_EDGE('',*,*,#2759,.F.);
#3575=ORIENTED_EDGE('',*,*,#2760,.F.);
#3576=ORIENTED_EDGE('',*,*,#2761,.F.);
#3577=ORIENTED_EDGE('',*,*,#2531,.F.);
#3578=ORIENTED_EDGE('',*,*,#2762,.F.);
#3579=ORIENTED_EDGE('',*,*,#2763,.F.);
#3580=ORIENTED_EDGE('',*,*,#2759,.T.);
#3581=ORIENTED_EDGE('',*,*,#2533,.F.);
#3582=ORIENTED_EDGE('',*,*,#2764,.F.);
#3583=ORIENTED_EDGE('',*,*,#2765,.F.);
#3584=ORIENTED_EDGE('',*,*,#2762,.T.);
#3585=ORIENTED_EDGE('',*,*,#2534,.F.);
#3586=ORIENTED_EDGE('',*,*,#2761,.T.);
#3587=ORIENTED_EDGE('',*,*,#2766,.F.);
#3588=ORIENTED_EDGE('',*,*,#2764,.T.);
#3589=ORIENTED_EDGE('',*,*,#2536,.F.);
#3590=ORIENTED_EDGE('',*,*,#2767,.F.);
#3591=ORIENTED_EDGE('',*,*,#2768,.F.);
#3592=ORIENTED_EDGE('',*,*,#2769,.F.);
#3593=ORIENTED_EDGE('',*,*,#2539,.F.);
#3594=ORIENTED_EDGE('',*,*,#2770,.F.);
#3595=ORIENTED_EDGE('',*,*,#2771,.F.);
#3596=ORIENTED_EDGE('',*,*,#2767,.T.);
#3597=ORIENTED_EDGE('',*,*,#2541,.F.);
#3598=ORIENTED_EDGE('',*,*,#2772,.F.);
#3599=ORIENTED_EDGE('',*,*,#2773,.F.);
#3600=ORIENTED_EDGE('',*,*,#2770,.T.);
#3601=ORIENTED_EDGE('',*,*,#2542,.F.);
#3602=ORIENTED_EDGE('',*,*,#2769,.T.);
#3603=ORIENTED_EDGE('',*,*,#2774,.F.);
#3604=ORIENTED_EDGE('',*,*,#2772,.T.);
#3605=ORIENTED_EDGE('',*,*,#2544,.F.);
#3606=ORIENTED_EDGE('',*,*,#2775,.F.);
#3607=ORIENTED_EDGE('',*,*,#2776,.F.);
#3608=ORIENTED_EDGE('',*,*,#2777,.F.);
#3609=ORIENTED_EDGE('',*,*,#2547,.F.);
#3610=ORIENTED_EDGE('',*,*,#2778,.F.);
#3611=ORIENTED_EDGE('',*,*,#2779,.F.);
#3612=ORIENTED_EDGE('',*,*,#2775,.T.);
#3613=ORIENTED_EDGE('',*,*,#2549,.F.);
#3614=ORIENTED_EDGE('',*,*,#2780,.F.);
#3615=ORIENTED_EDGE('',*,*,#2781,.F.);
#3616=ORIENTED_EDGE('',*,*,#2778,.T.);
#3617=ORIENTED_EDGE('',*,*,#2550,.F.);
#3618=ORIENTED_EDGE('',*,*,#2777,.T.);
#3619=ORIENTED_EDGE('',*,*,#2782,.F.);
#3620=ORIENTED_EDGE('',*,*,#2780,.T.);
#3621=ORIENTED_EDGE('',*,*,#2552,.F.);
#3622=ORIENTED_EDGE('',*,*,#2783,.F.);
#3623=ORIENTED_EDGE('',*,*,#2784,.F.);
#3624=ORIENTED_EDGE('',*,*,#2785,.F.);
#3625=ORIENTED_EDGE('',*,*,#2555,.F.);
#3626=ORIENTED_EDGE('',*,*,#2786,.F.);
#3627=ORIENTED_EDGE('',*,*,#2787,.F.);
#3628=ORIENTED_EDGE('',*,*,#2783,.T.);
#3629=ORIENTED_EDGE('',*,*,#2557,.F.);
#3630=ORIENTED_EDGE('',*,*,#2788,.F.);
#3631=ORIENTED_EDGE('',*,*,#2789,.F.);
#3632=ORIENTED_EDGE('',*,*,#2786,.T.);
#3633=ORIENTED_EDGE('',*,*,#2558,.F.);
#3634=ORIENTED_EDGE('',*,*,#2785,.T.);
#3635=ORIENTED_EDGE('',*,*,#2790,.F.);
#3636=ORIENTED_EDGE('',*,*,#2788,.T.);
#3637=ORIENTED_EDGE('',*,*,#2560,.F.);
#3638=ORIENTED_EDGE('',*,*,#2791,.F.);
#3639=ORIENTED_EDGE('',*,*,#2792,.F.);
#3640=ORIENTED_EDGE('',*,*,#2793,.F.);
#3641=ORIENTED_EDGE('',*,*,#2563,.F.);
#3642=ORIENTED_EDGE('',*,*,#2794,.F.);
#3643=ORIENTED_EDGE('',*,*,#2795,.F.);
#3644=ORIENTED_EDGE('',*,*,#2791,.T.);
#3645=ORIENTED_EDGE('',*,*,#2565,.F.);
#3646=ORIENTED_EDGE('',*,*,#2796,.F.);
#3647=ORIENTED_EDGE('',*,*,#2797,.F.);
#3648=ORIENTED_EDGE('',*,*,#2794,.T.);
#3649=ORIENTED_EDGE('',*,*,#2566,.F.);
#3650=ORIENTED_EDGE('',*,*,#2793,.T.);
#3651=ORIENTED_EDGE('',*,*,#2798,.F.);
#3652=ORIENTED_EDGE('',*,*,#2796,.T.);
#3653=ORIENTED_EDGE('',*,*,#2568,.F.);
#3654=ORIENTED_EDGE('',*,*,#2799,.F.);
#3655=ORIENTED_EDGE('',*,*,#2800,.F.);
#3656=ORIENTED_EDGE('',*,*,#2801,.F.);
#3657=ORIENTED_EDGE('',*,*,#2571,.F.);
#3658=ORIENTED_EDGE('',*,*,#2802,.F.);
#3659=ORIENTED_EDGE('',*,*,#2803,.F.);
#3660=ORIENTED_EDGE('',*,*,#2799,.T.);
#3661=ORIENTED_EDGE('',*,*,#2573,.F.);
#3662=ORIENTED_EDGE('',*,*,#2804,.F.);
#3663=ORIENTED_EDGE('',*,*,#2805,.F.);
#3664=ORIENTED_EDGE('',*,*,#2802,.T.);
#3665=ORIENTED_EDGE('',*,*,#2574,.F.);
#3666=ORIENTED_EDGE('',*,*,#2801,.T.);
#3667=ORIENTED_EDGE('',*,*,#2806,.F.);
#3668=ORIENTED_EDGE('',*,*,#2804,.T.);
#3669=ORIENTED_EDGE('',*,*,#2576,.F.);
#3670=ORIENTED_EDGE('',*,*,#2807,.F.);
#3671=ORIENTED_EDGE('',*,*,#2808,.F.);
#3672=ORIENTED_EDGE('',*,*,#2809,.F.);
#3673=ORIENTED_EDGE('',*,*,#2579,.F.);
#3674=ORIENTED_EDGE('',*,*,#2810,.F.);
#3675=ORIENTED_EDGE('',*,*,#2811,.F.);
#3676=ORIENTED_EDGE('',*,*,#2807,.T.);
#3677=ORIENTED_EDGE('',*,*,#2581,.F.);
#3678=ORIENTED_EDGE('',*,*,#2812,.F.);
#3679=ORIENTED_EDGE('',*,*,#2813,.F.);
#3680=ORIENTED_EDGE('',*,*,#2810,.T.);
#3681=ORIENTED_EDGE('',*,*,#2582,.F.);
#3682=ORIENTED_EDGE('',*,*,#2809,.T.);
#3683=ORIENTED_EDGE('',*,*,#2814,.F.);
#3684=ORIENTED_EDGE('',*,*,#2812,.T.);
#3685=ORIENTED_EDGE('',*,*,#2584,.F.);
#3686=ORIENTED_EDGE('',*,*,#2815,.F.);
#3687=ORIENTED_EDGE('',*,*,#2816,.F.);
#3688=ORIENTED_EDGE('',*,*,#2817,.F.);
#3689=ORIENTED_EDGE('',*,*,#2587,.F.);
#3690=ORIENTED_EDGE('',*,*,#2818,.F.);
#3691=ORIENTED_EDGE('',*,*,#2819,.F.);
#3692=ORIENTED_EDGE('',*,*,#2815,.T.);
#3693=ORIENTED_EDGE('',*,*,#2589,.F.);
#3694=ORIENTED_EDGE('',*,*,#2820,.F.);
#3695=ORIENTED_EDGE('',*,*,#2821,.F.);
#3696=ORIENTED_EDGE('',*,*,#2818,.T.);
#3697=ORIENTED_EDGE('',*,*,#2590,.F.);
#3698=ORIENTED_EDGE('',*,*,#2817,.T.);
#3699=ORIENTED_EDGE('',*,*,#2822,.F.);
#3700=ORIENTED_EDGE('',*,*,#2820,.T.);
#3701=ORIENTED_EDGE('',*,*,#2592,.F.);
#3702=ORIENTED_EDGE('',*,*,#2823,.F.);
#3703=ORIENTED_EDGE('',*,*,#2824,.F.);
#3704=ORIENTED_EDGE('',*,*,#2825,.F.);
#3705=ORIENTED_EDGE('',*,*,#2595,.F.);
#3706=ORIENTED_EDGE('',*,*,#2826,.F.);
#3707=ORIENTED_EDGE('',*,*,#2827,.F.);
#3708=ORIENTED_EDGE('',*,*,#2823,.T.);
#3709=ORIENTED_EDGE('',*,*,#2597,.F.);
#3710=ORIENTED_EDGE('',*,*,#2828,.F.);
#3711=ORIENTED_EDGE('',*,*,#2829,.F.);
#3712=ORIENTED_EDGE('',*,*,#2826,.T.);
#3713=ORIENTED_EDGE('',*,*,#2598,.F.);
#3714=ORIENTED_EDGE('',*,*,#2825,.T.);
#3715=ORIENTED_EDGE('',*,*,#2830,.F.);
#3716=ORIENTED_EDGE('',*,*,#2828,.T.);
#3717=ORIENTED_EDGE('',*,*,#2600,.F.);
#3718=ORIENTED_EDGE('',*,*,#2831,.F.);
#3719=ORIENTED_EDGE('',*,*,#2832,.F.);
#3720=ORIENTED_EDGE('',*,*,#2833,.F.);
#3721=ORIENTED_EDGE('',*,*,#2603,.F.);
#3722=ORIENTED_EDGE('',*,*,#2834,.F.);
#3723=ORIENTED_EDGE('',*,*,#2835,.F.);
#3724=ORIENTED_EDGE('',*,*,#2831,.T.);
#3725=ORIENTED_EDGE('',*,*,#2605,.F.);
#3726=ORIENTED_EDGE('',*,*,#2836,.F.);
#3727=ORIENTED_EDGE('',*,*,#2837,.F.);
#3728=ORIENTED_EDGE('',*,*,#2834,.T.);
#3729=ORIENTED_EDGE('',*,*,#2606,.F.);
#3730=ORIENTED_EDGE('',*,*,#2833,.T.);
#3731=ORIENTED_EDGE('',*,*,#2838,.F.);
#3732=ORIENTED_EDGE('',*,*,#2836,.T.);
#3733=ORIENTED_EDGE('',*,*,#2608,.T.);
#3734=ORIENTED_EDGE('',*,*,#2839,.F.);
#3735=ORIENTED_EDGE('',*,*,#2840,.F.);
#3736=ORIENTED_EDGE('',*,*,#2841,.F.);
#3737=ORIENTED_EDGE('',*,*,#2842,.T.);
#3738=ORIENTED_EDGE('',*,*,#2609,.T.);
#3739=ORIENTED_EDGE('',*,*,#2843,.F.);
#3740=ORIENTED_EDGE('',*,*,#2673,.T.);
#3741=ORIENTED_EDGE('',*,*,#2610,.T.);
#3742=ORIENTED_EDGE('',*,*,#2844,.F.);
#3743=ORIENTED_EDGE('',*,*,#2845,.F.);
#3744=ORIENTED_EDGE('',*,*,#2846,.F.);
#3745=ORIENTED_EDGE('',*,*,#2847,.T.);
#3746=ORIENTED_EDGE('',*,*,#2611,.T.);
#3747=ORIENTED_EDGE('',*,*,#2848,.F.);
#3748=ORIENTED_EDGE('',*,*,#2669,.T.);
#3749=ORIENTED_EDGE('',*,*,#2612,.T.);
#3750=ORIENTED_EDGE('',*,*,#2849,.F.);
#3751=ORIENTED_EDGE('',*,*,#2850,.F.);
#3752=ORIENTED_EDGE('',*,*,#2851,.F.);
#3753=ORIENTED_EDGE('',*,*,#2852,.T.);
#3754=ORIENTED_EDGE('',*,*,#2613,.T.);
#3755=ORIENTED_EDGE('',*,*,#2853,.F.);
#3756=ORIENTED_EDGE('',*,*,#2665,.T.);
#3757=ORIENTED_EDGE('',*,*,#2614,.T.);
#3758=ORIENTED_EDGE('',*,*,#2854,.F.);
#3759=ORIENTED_EDGE('',*,*,#2855,.F.);
#3760=ORIENTED_EDGE('',*,*,#2856,.F.);
#3761=ORIENTED_EDGE('',*,*,#2857,.T.);
#3762=ORIENTED_EDGE('',*,*,#2615,.T.);
#3763=ORIENTED_EDGE('',*,*,#2858,.F.);
#3764=ORIENTED_EDGE('',*,*,#2661,.T.);
#3765=ORIENTED_EDGE('',*,*,#2616,.T.);
#3766=ORIENTED_EDGE('',*,*,#2859,.F.);
#3767=ORIENTED_EDGE('',*,*,#2860,.F.);
#3768=ORIENTED_EDGE('',*,*,#2861,.F.);
#3769=ORIENTED_EDGE('',*,*,#2862,.T.);
#3770=ORIENTED_EDGE('',*,*,#2617,.T.);
#3771=ORIENTED_EDGE('',*,*,#2863,.F.);
#3772=ORIENTED_EDGE('',*,*,#2657,.T.);
#3773=ORIENTED_EDGE('',*,*,#2618,.T.);
#3774=ORIENTED_EDGE('',*,*,#2864,.F.);
#3775=ORIENTED_EDGE('',*,*,#2865,.F.);
#3776=ORIENTED_EDGE('',*,*,#2866,.F.);
#3777=ORIENTED_EDGE('',*,*,#2867,.F.);
#3778=ORIENTED_EDGE('',*,*,#2653,.T.);
#3779=ORIENTED_EDGE('',*,*,#2868,.T.);
#3780=ORIENTED_EDGE('',*,*,#2619,.T.);
#3781=ORIENTED_EDGE('',*,*,#2620,.T.);
#3782=ORIENTED_EDGE('',*,*,#2869,.F.);
#3783=ORIENTED_EDGE('',*,*,#2870,.F.);
#3784=ORIENTED_EDGE('',*,*,#2871,.F.);
#3785=ORIENTED_EDGE('',*,*,#2872,.F.);
#3786=ORIENTED_EDGE('',*,*,#2649,.T.);
#3787=ORIENTED_EDGE('',*,*,#2873,.T.);
#3788=ORIENTED_EDGE('',*,*,#2621,.T.);
#3789=ORIENTED_EDGE('',*,*,#2622,.T.);
#3790=ORIENTED_EDGE('',*,*,#2874,.F.);
#3791=ORIENTED_EDGE('',*,*,#2875,.F.);
#3792=ORIENTED_EDGE('',*,*,#2876,.F.);
#3793=ORIENTED_EDGE('',*,*,#2877,.F.);
#3794=ORIENTED_EDGE('',*,*,#2623,.T.);
#3795=ORIENTED_EDGE('',*,*,#2878,.F.);
#3796=ORIENTED_EDGE('',*,*,#2645,.T.);
#3797=ORIENTED_EDGE('',*,*,#2879,.F.);
#3798=ORIENTED_EDGE('',*,*,#2624,.T.);
#3799=ORIENTED_EDGE('',*,*,#2877,.T.);
#3800=ORIENTED_EDGE('',*,*,#2644,.T.);
#3801=ORIENTED_EDGE('',*,*,#2879,.T.);
#3802=ORIENTED_EDGE('',*,*,#2709,.T.);
#3803=ORIENTED_EDGE('',*,*,#2880,.T.);
#3804=ORIENTED_EDGE('',*,*,#2625,.T.);
#3805=ORIENTED_EDGE('',*,*,#2626,.T.);
#3806=ORIENTED_EDGE('',*,*,#2881,.F.);
#3807=ORIENTED_EDGE('',*,*,#2882,.F.);
#3808=ORIENTED_EDGE('',*,*,#2883,.F.);
#3809=ORIENTED_EDGE('',*,*,#2884,.T.);
#3810=ORIENTED_EDGE('',*,*,#2627,.T.);
#3811=ORIENTED_EDGE('',*,*,#2885,.F.);
#3812=ORIENTED_EDGE('',*,*,#2705,.T.);
#3813=ORIENTED_EDGE('',*,*,#2628,.T.);
#3814=ORIENTED_EDGE('',*,*,#2886,.F.);
#3815=ORIENTED_EDGE('',*,*,#2887,.F.);
#3816=ORIENTED_EDGE('',*,*,#2888,.F.);
#3817=ORIENTED_EDGE('',*,*,#2889,.F.);
#3818=ORIENTED_EDGE('',*,*,#2701,.T.);
#3819=ORIENTED_EDGE('',*,*,#2890,.T.);
#3820=ORIENTED_EDGE('',*,*,#2629,.T.);
#3821=ORIENTED_EDGE('',*,*,#2630,.T.);
#3822=ORIENTED_EDGE('',*,*,#2891,.F.);
#3823=ORIENTED_EDGE('',*,*,#2892,.F.);
#3824=ORIENTED_EDGE('',*,*,#2893,.F.);
#3825=ORIENTED_EDGE('',*,*,#2894,.T.);
#3826=ORIENTED_EDGE('',*,*,#2631,.T.);
#3827=ORIENTED_EDGE('',*,*,#2895,.F.);
#3828=ORIENTED_EDGE('',*,*,#2697,.T.);
#3829=ORIENTED_EDGE('',*,*,#2632,.T.);
#3830=ORIENTED_EDGE('',*,*,#2896,.F.);
#3831=ORIENTED_EDGE('',*,*,#2897,.F.);
#3832=ORIENTED_EDGE('',*,*,#2898,.F.);
#3833=ORIENTED_EDGE('',*,*,#2899,.F.);
#3834=ORIENTED_EDGE('',*,*,#2693,.T.);
#3835=ORIENTED_EDGE('',*,*,#2900,.T.);
#3836=ORIENTED_EDGE('',*,*,#2633,.T.);
#3837=ORIENTED_EDGE('',*,*,#2634,.T.);
#3838=ORIENTED_EDGE('',*,*,#2901,.F.);
#3839=ORIENTED_EDGE('',*,*,#2902,.F.);
#3840=ORIENTED_EDGE('',*,*,#2903,.F.);
#3841=ORIENTED_EDGE('',*,*,#2904,.F.);
#3842=ORIENTED_EDGE('',*,*,#2689,.T.);
#3843=ORIENTED_EDGE('',*,*,#2905,.T.);
#3844=ORIENTED_EDGE('',*,*,#2635,.T.);
#3845=ORIENTED_EDGE('',*,*,#2636,.T.);
#3846=ORIENTED_EDGE('',*,*,#2906,.F.);
#3847=ORIENTED_EDGE('',*,*,#2907,.F.);
#3848=ORIENTED_EDGE('',*,*,#2908,.F.);
#3849=ORIENTED_EDGE('',*,*,#2909,.F.);
#3850=ORIENTED_EDGE('',*,*,#2685,.T.);
#3851=ORIENTED_EDGE('',*,*,#2910,.T.);
#3852=ORIENTED_EDGE('',*,*,#2637,.T.);
#3853=ORIENTED_EDGE('',*,*,#2638,.T.);
#3854=ORIENTED_EDGE('',*,*,#2911,.F.);
#3855=ORIENTED_EDGE('',*,*,#2912,.F.);
#3856=ORIENTED_EDGE('',*,*,#2913,.F.);
#3857=ORIENTED_EDGE('',*,*,#2914,.F.);
#3858=ORIENTED_EDGE('',*,*,#2681,.T.);
#3859=ORIENTED_EDGE('',*,*,#2915,.T.);
#3860=ORIENTED_EDGE('',*,*,#2639,.T.);
#3861=ORIENTED_EDGE('',*,*,#2640,.T.);
#3862=ORIENTED_EDGE('',*,*,#2916,.F.);
#3863=ORIENTED_EDGE('',*,*,#2917,.F.);
#3864=ORIENTED_EDGE('',*,*,#2918,.F.);
#3865=ORIENTED_EDGE('',*,*,#2919,.F.);
#3866=ORIENTED_EDGE('',*,*,#2920,.F.);
#3867=ORIENTED_EDGE('',*,*,#2921,.F.);
#3868=ORIENTED_EDGE('',*,*,#2647,.T.);
#3869=ORIENTED_EDGE('',*,*,#2922,.F.);
#3870=ORIENTED_EDGE('',*,*,#2923,.F.);
#3871=ORIENTED_EDGE('',*,*,#2924,.F.);
#3872=ORIENTED_EDGE('',*,*,#2651,.T.);
#3873=ORIENTED_EDGE('',*,*,#2925,.F.);
#3874=ORIENTED_EDGE('',*,*,#2926,.F.);
#3875=ORIENTED_EDGE('',*,*,#2927,.F.);
#3876=ORIENTED_EDGE('',*,*,#2655,.T.);
#3877=ORIENTED_EDGE('',*,*,#2928,.F.);
#3878=ORIENTED_EDGE('',*,*,#2929,.F.);
#3879=ORIENTED_EDGE('',*,*,#2930,.F.);
#3880=ORIENTED_EDGE('',*,*,#2659,.T.);
#3881=ORIENTED_EDGE('',*,*,#2931,.F.);
#3882=ORIENTED_EDGE('',*,*,#2932,.F.);
#3883=ORIENTED_EDGE('',*,*,#2933,.F.);
#3884=ORIENTED_EDGE('',*,*,#2663,.T.);
#3885=ORIENTED_EDGE('',*,*,#2934,.F.);
#3886=ORIENTED_EDGE('',*,*,#2935,.F.);
#3887=ORIENTED_EDGE('',*,*,#2936,.F.);
#3888=ORIENTED_EDGE('',*,*,#2667,.T.);
#3889=ORIENTED_EDGE('',*,*,#2937,.F.);
#3890=ORIENTED_EDGE('',*,*,#2938,.F.);
#3891=ORIENTED_EDGE('',*,*,#2939,.F.);
#3892=ORIENTED_EDGE('',*,*,#2671,.T.);
#3893=ORIENTED_EDGE('',*,*,#2940,.F.);
#3894=ORIENTED_EDGE('',*,*,#2941,.F.);
#3895=ORIENTED_EDGE('',*,*,#2942,.F.);
#3896=ORIENTED_EDGE('',*,*,#2675,.T.);
#3897=ORIENTED_EDGE('',*,*,#2943,.F.);
#3898=ORIENTED_EDGE('',*,*,#2944,.F.);
#3899=ORIENTED_EDGE('',*,*,#2945,.F.);
#3900=ORIENTED_EDGE('',*,*,#2679,.T.);
#3901=ORIENTED_EDGE('',*,*,#2946,.F.);
#3902=ORIENTED_EDGE('',*,*,#2947,.F.);
#3903=ORIENTED_EDGE('',*,*,#2948,.F.);
#3904=ORIENTED_EDGE('',*,*,#2683,.T.);
#3905=ORIENTED_EDGE('',*,*,#2949,.F.);
#3906=ORIENTED_EDGE('',*,*,#2950,.F.);
#3907=ORIENTED_EDGE('',*,*,#2951,.F.);
#3908=ORIENTED_EDGE('',*,*,#2687,.T.);
#3909=ORIENTED_EDGE('',*,*,#2952,.F.);
#3910=ORIENTED_EDGE('',*,*,#2953,.F.);
#3911=ORIENTED_EDGE('',*,*,#2954,.F.);
#3912=ORIENTED_EDGE('',*,*,#2691,.T.);
#3913=ORIENTED_EDGE('',*,*,#2955,.F.);
#3914=ORIENTED_EDGE('',*,*,#2956,.F.);
#3915=ORIENTED_EDGE('',*,*,#2957,.F.);
#3916=ORIENTED_EDGE('',*,*,#2695,.T.);
#3917=ORIENTED_EDGE('',*,*,#2958,.F.);
#3918=ORIENTED_EDGE('',*,*,#2959,.F.);
#3919=ORIENTED_EDGE('',*,*,#2960,.F.);
#3920=ORIENTED_EDGE('',*,*,#2699,.T.);
#3921=ORIENTED_EDGE('',*,*,#2961,.F.);
#3922=ORIENTED_EDGE('',*,*,#2962,.F.);
#3923=ORIENTED_EDGE('',*,*,#2963,.F.);
#3924=ORIENTED_EDGE('',*,*,#2703,.T.);
#3925=ORIENTED_EDGE('',*,*,#2964,.F.);
#3926=ORIENTED_EDGE('',*,*,#2965,.F.);
#3927=ORIENTED_EDGE('',*,*,#2966,.F.);
#3928=ORIENTED_EDGE('',*,*,#2707,.T.);
#3929=ORIENTED_EDGE('',*,*,#2882,.T.);
#3930=ORIENTED_EDGE('',*,*,#2967,.T.);
#3931=ORIENTED_EDGE('',*,*,#2965,.T.);
#3932=ORIENTED_EDGE('',*,*,#2968,.T.);
#3933=ORIENTED_EDGE('',*,*,#2717,.T.);
#3934=ORIENTED_EDGE('',*,*,#2718,.T.);
#3935=ORIENTED_EDGE('',*,*,#2712,.T.);
#3936=ORIENTED_EDGE('',*,*,#2715,.T.);
#3937=ORIENTED_EDGE('',*,*,#2920,.T.);
#3938=ORIENTED_EDGE('',*,*,#2969,.T.);
#3939=ORIENTED_EDGE('',*,*,#2875,.T.);
#3940=ORIENTED_EDGE('',*,*,#2970,.T.);
#3941=ORIENTED_EDGE('',*,*,#2725,.T.);
#3942=ORIENTED_EDGE('',*,*,#2726,.T.);
#3943=ORIENTED_EDGE('',*,*,#2720,.T.);
#3944=ORIENTED_EDGE('',*,*,#2723,.T.);
#3945=ORIENTED_EDGE('',*,*,#2887,.T.);
#3946=ORIENTED_EDGE('',*,*,#2971,.T.);
#3947=ORIENTED_EDGE('',*,*,#2962,.T.);
#3948=ORIENTED_EDGE('',*,*,#2972,.T.);
#3949=ORIENTED_EDGE('',*,*,#2733,.T.);
#3950=ORIENTED_EDGE('',*,*,#2734,.T.);
#3951=ORIENTED_EDGE('',*,*,#2728,.T.);
#3952=ORIENTED_EDGE('',*,*,#2731,.T.);
#3953=ORIENTED_EDGE('',*,*,#2923,.T.);
#3954=ORIENTED_EDGE('',*,*,#2973,.T.);
#3955=ORIENTED_EDGE('',*,*,#2870,.T.);
#3956=ORIENTED_EDGE('',*,*,#2974,.T.);
#3957=ORIENTED_EDGE('',*,*,#2741,.T.);
#3958=ORIENTED_EDGE('',*,*,#2742,.T.);
#3959=ORIENTED_EDGE('',*,*,#2736,.T.);
#3960=ORIENTED_EDGE('',*,*,#2739,.T.);
#3961=ORIENTED_EDGE('',*,*,#2892,.T.);
#3962=ORIENTED_EDGE('',*,*,#2975,.T.);
#3963=ORIENTED_EDGE('',*,*,#2959,.T.);
#3964=ORIENTED_EDGE('',*,*,#2976,.T.);
#3965=ORIENTED_EDGE('',*,*,#2749,.T.);
#3966=ORIENTED_EDGE('',*,*,#2750,.T.);
#3967=ORIENTED_EDGE('',*,*,#2744,.T.);
#3968=ORIENTED_EDGE('',*,*,#2747,.T.);
#3969=ORIENTED_EDGE('',*,*,#2926,.T.);
#3970=ORIENTED_EDGE('',*,*,#2977,.T.);
#3971=ORIENTED_EDGE('',*,*,#2865,.T.);
#3972=ORIENTED_EDGE('',*,*,#2978,.T.);
#3973=ORIENTED_EDGE('',*,*,#2757,.T.);
#3974=ORIENTED_EDGE('',*,*,#2758,.T.);
#3975=ORIENTED_EDGE('',*,*,#2752,.T.);
#3976=ORIENTED_EDGE('',*,*,#2755,.T.);
#3977=ORIENTED_EDGE('',*,*,#2897,.T.);
#3978=ORIENTED_EDGE('',*,*,#2979,.T.);
#3979=ORIENTED_EDGE('',*,*,#2956,.T.);
#3980=ORIENTED_EDGE('',*,*,#2980,.T.);
#3981=ORIENTED_EDGE('',*,*,#2765,.T.);
#3982=ORIENTED_EDGE('',*,*,#2766,.T.);
#3983=ORIENTED_EDGE('',*,*,#2760,.T.);
#3984=ORIENTED_EDGE('',*,*,#2763,.T.);
#3985=ORIENTED_EDGE('',*,*,#2929,.T.);
#3986=ORIENTED_EDGE('',*,*,#2981,.T.);
#3987=ORIENTED_EDGE('',*,*,#2860,.T.);
#3988=ORIENTED_EDGE('',*,*,#2982,.T.);
#3989=ORIENTED_EDGE('',*,*,#2773,.T.);
#3990=ORIENTED_EDGE('',*,*,#2774,.T.);
#3991=ORIENTED_EDGE('',*,*,#2768,.T.);
#3992=ORIENTED_EDGE('',*,*,#2771,.T.);
#3993=ORIENTED_EDGE('',*,*,#2902,.T.);
#3994=ORIENTED_EDGE('',*,*,#2983,.T.);
#3995=ORIENTED_EDGE('',*,*,#2953,.T.);
#3996=ORIENTED_EDGE('',*,*,#2984,.T.);
#3997=ORIENTED_EDGE('',*,*,#2781,.T.);
#3998=ORIENTED_EDGE('',*,*,#2782,.T.);
#3999=ORIENTED_EDGE('',*,*,#2776,.T.);
#4000=ORIENTED_EDGE('',*,*,#2779,.T.);
#4001=ORIENTED_EDGE('',*,*,#2932,.T.);
#4002=ORIENTED_EDGE('',*,*,#2985,.T.);
#4003=ORIENTED_EDGE('',*,*,#2855,.T.);
#4004=ORIENTED_EDGE('',*,*,#2986,.T.);
#4005=ORIENTED_EDGE('',*,*,#2789,.T.);
#4006=ORIENTED_EDGE('',*,*,#2790,.T.);
#4007=ORIENTED_EDGE('',*,*,#2784,.T.);
#4008=ORIENTED_EDGE('',*,*,#2787,.T.);
#4009=ORIENTED_EDGE('',*,*,#2907,.T.);
#4010=ORIENTED_EDGE('',*,*,#2987,.T.);
#4011=ORIENTED_EDGE('',*,*,#2950,.T.);
#4012=ORIENTED_EDGE('',*,*,#2988,.T.);
#4013=ORIENTED_EDGE('',*,*,#2797,.T.);
#4014=ORIENTED_EDGE('',*,*,#2798,.T.);
#4015=ORIENTED_EDGE('',*,*,#2792,.T.);
#4016=ORIENTED_EDGE('',*,*,#2795,.T.);
#4017=ORIENTED_EDGE('',*,*,#2935,.T.);
#4018=ORIENTED_EDGE('',*,*,#2989,.T.);
#4019=ORIENTED_EDGE('',*,*,#2850,.T.);
#4020=ORIENTED_EDGE('',*,*,#2990,.T.);
#4021=ORIENTED_EDGE('',*,*,#2805,.T.);
#4022=ORIENTED_EDGE('',*,*,#2806,.T.);
#4023=ORIENTED_EDGE('',*,*,#2800,.T.);
#4024=ORIENTED_EDGE('',*,*,#2803,.T.);
#4025=ORIENTED_EDGE('',*,*,#2912,.T.);
#4026=ORIENTED_EDGE('',*,*,#2991,.T.);
#4027=ORIENTED_EDGE('',*,*,#2947,.T.);
#4028=ORIENTED_EDGE('',*,*,#2992,.T.);
#4029=ORIENTED_EDGE('',*,*,#2813,.T.);
#4030=ORIENTED_EDGE('',*,*,#2814,.T.);
#4031=ORIENTED_EDGE('',*,*,#2808,.T.);
#4032=ORIENTED_EDGE('',*,*,#2811,.T.);
#4033=ORIENTED_EDGE('',*,*,#2938,.T.);
#4034=ORIENTED_EDGE('',*,*,#2993,.T.);
#4035=ORIENTED_EDGE('',*,*,#2845,.T.);
#4036=ORIENTED_EDGE('',*,*,#2994,.T.);
#4037=ORIENTED_EDGE('',*,*,#2821,.T.);
#4038=ORIENTED_EDGE('',*,*,#2822,.T.);
#4039=ORIENTED_EDGE('',*,*,#2816,.T.);
#4040=ORIENTED_EDGE('',*,*,#2819,.T.);
#4041=ORIENTED_EDGE('',*,*,#2917,.T.);
#4042=ORIENTED_EDGE('',*,*,#2995,.T.);
#4043=ORIENTED_EDGE('',*,*,#2944,.T.);
#4044=ORIENTED_EDGE('',*,*,#2996,.T.);
#4045=ORIENTED_EDGE('',*,*,#2829,.T.);
#4046=ORIENTED_EDGE('',*,*,#2830,.T.);
#4047=ORIENTED_EDGE('',*,*,#2824,.T.);
#4048=ORIENTED_EDGE('',*,*,#2827,.T.);
#4049=ORIENTED_EDGE('',*,*,#2941,.T.);
#4050=ORIENTED_EDGE('',*,*,#2997,.T.);
#4051=ORIENTED_EDGE('',*,*,#2840,.T.);
#4052=ORIENTED_EDGE('',*,*,#2998,.T.);
#4053=ORIENTED_EDGE('',*,*,#2837,.T.);
#4054=ORIENTED_EDGE('',*,*,#2838,.T.);
#4055=ORIENTED_EDGE('',*,*,#2832,.T.);
#4056=ORIENTED_EDGE('',*,*,#2835,.T.);
#4057=ORIENTED_EDGE('',*,*,#2843,.T.);
#4058=ORIENTED_EDGE('',*,*,#2841,.T.);
#4059=ORIENTED_EDGE('',*,*,#2997,.F.);
#4060=ORIENTED_EDGE('',*,*,#2940,.T.);
#4061=ORIENTED_EDGE('',*,*,#2674,.F.);
#4062=ORIENTED_EDGE('',*,*,#2942,.T.);
#4063=ORIENTED_EDGE('',*,*,#2998,.F.);
#4064=ORIENTED_EDGE('',*,*,#2839,.T.);
#4065=ORIENTED_EDGE('',*,*,#2643,.F.);
#4066=ORIENTED_EDGE('',*,*,#2676,.F.);
#4067=ORIENTED_EDGE('',*,*,#2848,.T.);
#4068=ORIENTED_EDGE('',*,*,#2846,.T.);
#4069=ORIENTED_EDGE('',*,*,#2993,.F.);
#4070=ORIENTED_EDGE('',*,*,#2937,.T.);
#4071=ORIENTED_EDGE('',*,*,#2670,.F.);
#4072=ORIENTED_EDGE('',*,*,#2939,.T.);
#4073=ORIENTED_EDGE('',*,*,#2994,.F.);
#4074=ORIENTED_EDGE('',*,*,#2844,.T.);
#4075=ORIENTED_EDGE('',*,*,#2842,.F.);
#4076=ORIENTED_EDGE('',*,*,#2672,.F.);
#4077=ORIENTED_EDGE('',*,*,#2853,.T.);
#4078=ORIENTED_EDGE('',*,*,#2851,.T.);
#4079=ORIENTED_EDGE('',*,*,#2989,.F.);
#4080=ORIENTED_EDGE('',*,*,#2934,.T.);
#4081=ORIENTED_EDGE('',*,*,#2666,.F.);
#4082=ORIENTED_EDGE('',*,*,#2936,.T.);
#4083=ORIENTED_EDGE('',*,*,#2990,.F.);
#4084=ORIENTED_EDGE('',*,*,#2849,.T.);
#4085=ORIENTED_EDGE('',*,*,#2847,.F.);
#4086=ORIENTED_EDGE('',*,*,#2668,.F.);
#4087=ORIENTED_EDGE('',*,*,#2858,.T.);
#4088=ORIENTED_EDGE('',*,*,#2856,.T.);
#4089=ORIENTED_EDGE('',*,*,#2985,.F.);
#4090=ORIENTED_EDGE('',*,*,#2931,.T.);
#4091=ORIENTED_EDGE('',*,*,#2662,.F.);
#4092=ORIENTED_EDGE('',*,*,#2933,.T.);
#4093=ORIENTED_EDGE('',*,*,#2986,.F.);
#4094=ORIENTED_EDGE('',*,*,#2854,.T.);
#4095=ORIENTED_EDGE('',*,*,#2852,.F.);
#4096=ORIENTED_EDGE('',*,*,#2664,.F.);
#4097=ORIENTED_EDGE('',*,*,#2863,.T.);
#4098=ORIENTED_EDGE('',*,*,#2861,.T.);
#4099=ORIENTED_EDGE('',*,*,#2981,.F.);
#4100=ORIENTED_EDGE('',*,*,#2928,.T.);
#4101=ORIENTED_EDGE('',*,*,#2658,.F.);
#4102=ORIENTED_EDGE('',*,*,#2930,.T.);
#4103=ORIENTED_EDGE('',*,*,#2982,.F.);
#4104=ORIENTED_EDGE('',*,*,#2859,.T.);
#4105=ORIENTED_EDGE('',*,*,#2857,.F.);
#4106=ORIENTED_EDGE('',*,*,#2660,.F.);
#4107=ORIENTED_EDGE('',*,*,#2867,.T.);
#4108=ORIENTED_EDGE('',*,*,#2866,.T.);
#4109=ORIENTED_EDGE('',*,*,#2977,.F.);
#4110=ORIENTED_EDGE('',*,*,#2925,.T.);
#4111=ORIENTED_EDGE('',*,*,#2654,.F.);
#4112=ORIENTED_EDGE('',*,*,#2927,.T.);
#4113=ORIENTED_EDGE('',*,*,#2978,.F.);
#4114=ORIENTED_EDGE('',*,*,#2864,.T.);
#4115=ORIENTED_EDGE('',*,*,#2862,.F.);
#4116=ORIENTED_EDGE('',*,*,#2656,.F.);
#4117=ORIENTED_EDGE('',*,*,#2872,.T.);
#4118=ORIENTED_EDGE('',*,*,#2871,.T.);
#4119=ORIENTED_EDGE('',*,*,#2973,.F.);
#4120=ORIENTED_EDGE('',*,*,#2922,.T.);
#4121=ORIENTED_EDGE('',*,*,#2650,.F.);
#4122=ORIENTED_EDGE('',*,*,#2924,.T.);
#4123=ORIENTED_EDGE('',*,*,#2974,.F.);
#4124=ORIENTED_EDGE('',*,*,#2869,.T.);
#4125=ORIENTED_EDGE('',*,*,#2868,.F.);
#4126=ORIENTED_EDGE('',*,*,#2652,.F.);
#4127=ORIENTED_EDGE('',*,*,#2878,.T.);
#4128=ORIENTED_EDGE('',*,*,#2876,.T.);
#4129=ORIENTED_EDGE('',*,*,#2969,.F.);
#4130=ORIENTED_EDGE('',*,*,#2919,.T.);
#4131=ORIENTED_EDGE('',*,*,#2646,.F.);
#4132=ORIENTED_EDGE('',*,*,#2921,.T.);
#4133=ORIENTED_EDGE('',*,*,#2970,.F.);
#4134=ORIENTED_EDGE('',*,*,#2874,.T.);
#4135=ORIENTED_EDGE('',*,*,#2873,.F.);
#4136=ORIENTED_EDGE('',*,*,#2648,.F.);
#4137=ORIENTED_EDGE('',*,*,#2885,.T.);
#4138=ORIENTED_EDGE('',*,*,#2883,.T.);
#4139=ORIENTED_EDGE('',*,*,#2968,.F.);
#4140=ORIENTED_EDGE('',*,*,#2964,.T.);
#4141=ORIENTED_EDGE('',*,*,#2706,.F.);
#4142=ORIENTED_EDGE('',*,*,#2966,.T.);
#4143=ORIENTED_EDGE('',*,*,#2967,.F.);
#4144=ORIENTED_EDGE('',*,*,#2881,.T.);
#4145=ORIENTED_EDGE('',*,*,#2880,.F.);
#4146=ORIENTED_EDGE('',*,*,#2708,.F.);
#4147=ORIENTED_EDGE('',*,*,#2889,.T.);
#4148=ORIENTED_EDGE('',*,*,#2888,.T.);
#4149=ORIENTED_EDGE('',*,*,#2972,.F.);
#4150=ORIENTED_EDGE('',*,*,#2961,.T.);
#4151=ORIENTED_EDGE('',*,*,#2702,.F.);
#4152=ORIENTED_EDGE('',*,*,#2963,.T.);
#4153=ORIENTED_EDGE('',*,*,#2971,.F.);
#4154=ORIENTED_EDGE('',*,*,#2886,.T.);
#4155=ORIENTED_EDGE('',*,*,#2884,.F.);
#4156=ORIENTED_EDGE('',*,*,#2704,.F.);
#4157=ORIENTED_EDGE('',*,*,#2895,.T.);
#4158=ORIENTED_EDGE('',*,*,#2893,.T.);
#4159=ORIENTED_EDGE('',*,*,#2976,.F.);
#4160=ORIENTED_EDGE('',*,*,#2958,.T.);
#4161=ORIENTED_EDGE('',*,*,#2698,.F.);
#4162=ORIENTED_EDGE('',*,*,#2960,.T.);
#4163=ORIENTED_EDGE('',*,*,#2975,.F.);
#4164=ORIENTED_EDGE('',*,*,#2891,.T.);
#4165=ORIENTED_EDGE('',*,*,#2890,.F.);
#4166=ORIENTED_EDGE('',*,*,#2700,.F.);
#4167=ORIENTED_EDGE('',*,*,#2899,.T.);
#4168=ORIENTED_EDGE('',*,*,#2898,.T.);
#4169=ORIENTED_EDGE('',*,*,#2980,.F.);
#4170=ORIENTED_EDGE('',*,*,#2955,.T.);
#4171=ORIENTED_EDGE('',*,*,#2694,.F.);
#4172=ORIENTED_EDGE('',*,*,#2957,.T.);
#4173=ORIENTED_EDGE('',*,*,#2979,.F.);
#4174=ORIENTED_EDGE('',*,*,#2896,.T.);
#4175=ORIENTED_EDGE('',*,*,#2894,.F.);
#4176=ORIENTED_EDGE('',*,*,#2696,.F.);
#4177=ORIENTED_EDGE('',*,*,#2904,.T.);
#4178=ORIENTED_EDGE('',*,*,#2903,.T.);
#4179=ORIENTED_EDGE('',*,*,#2984,.F.);
#4180=ORIENTED_EDGE('',*,*,#2952,.T.);
#4181=ORIENTED_EDGE('',*,*,#2690,.F.);
#4182=ORIENTED_EDGE('',*,*,#2954,.T.);
#4183=ORIENTED_EDGE('',*,*,#2983,.F.);
#4184=ORIENTED_EDGE('',*,*,#2901,.T.);
#4185=ORIENTED_EDGE('',*,*,#2900,.F.);
#4186=ORIENTED_EDGE('',*,*,#2692,.F.);
#4187=ORIENTED_EDGE('',*,*,#2909,.T.);
#4188=ORIENTED_EDGE('',*,*,#2908,.T.);
#4189=ORIENTED_EDGE('',*,*,#2988,.F.);
#4190=ORIENTED_EDGE('',*,*,#2949,.T.);
#4191=ORIENTED_EDGE('',*,*,#2686,.F.);
#4192=ORIENTED_EDGE('',*,*,#2951,.T.);
#4193=ORIENTED_EDGE('',*,*,#2987,.F.);
#4194=ORIENTED_EDGE('',*,*,#2906,.T.);
#4195=ORIENTED_EDGE('',*,*,#2905,.F.);
#4196=ORIENTED_EDGE('',*,*,#2688,.F.);
#4197=ORIENTED_EDGE('',*,*,#2914,.T.);
#4198=ORIENTED_EDGE('',*,*,#2913,.T.);
#4199=ORIENTED_EDGE('',*,*,#2992,.F.);
#4200=ORIENTED_EDGE('',*,*,#2946,.T.);
#4201=ORIENTED_EDGE('',*,*,#2682,.F.);
#4202=ORIENTED_EDGE('',*,*,#2948,.T.);
#4203=ORIENTED_EDGE('',*,*,#2991,.F.);
#4204=ORIENTED_EDGE('',*,*,#2911,.T.);
#4205=ORIENTED_EDGE('',*,*,#2910,.F.);
#4206=ORIENTED_EDGE('',*,*,#2684,.F.);
#4207=ORIENTED_EDGE('',*,*,#2710,.F.);
#4208=ORIENTED_EDGE('',*,*,#2918,.T.);
#4209=ORIENTED_EDGE('',*,*,#2996,.F.);
#4210=ORIENTED_EDGE('',*,*,#2943,.T.);
#4211=ORIENTED_EDGE('',*,*,#2678,.F.);
#4212=ORIENTED_EDGE('',*,*,#2945,.T.);
#4213=ORIENTED_EDGE('',*,*,#2995,.F.);
#4214=ORIENTED_EDGE('',*,*,#2916,.T.);
#4215=ORIENTED_EDGE('',*,*,#2915,.F.);
#4216=ORIENTED_EDGE('',*,*,#2680,.F.);
#4217=ORIENTED_EDGE('',*,*,#2396,.F.);
#4218=ORIENTED_EDGE('',*,*,#2398,.F.);
#4219=CYLINDRICAL_SURFACE('',#4475,0.55);
#4220=CYLINDRICAL_SURFACE('',#4478,0.549999999999998);
#4221=ADVANCED_FACE('',(#287),#4219,.T.);
#4222=ADVANCED_FACE('',(#288),#4220,.T.);
#4223=ADVANCED_FACE('',(#289),#285,.T.);
#4224=ADVANCED_FACE('',(#290),#286,.T.);
#4225=ADVANCED_FACE('',(#291,#15,#16,#17,#18,#19,#20,#21,#22,#23,#24,#25,
#26,#27,#28,#29,#30),#49,.T.);
#4226=ADVANCED_FACE('',(#292),#50,.T.);
#4227=ADVANCED_FACE('',(#293),#51,.T.);
#4228=ADVANCED_FACE('',(#294),#52,.T.);
#4229=ADVANCED_FACE('',(#295),#53,.T.);
#4230=ADVANCED_FACE('',(#296),#54,.T.);
#4231=ADVANCED_FACE('',(#297),#55,.T.);
#4232=ADVANCED_FACE('',(#298),#56,.T.);
#4233=ADVANCED_FACE('',(#299),#57,.T.);
#4234=ADVANCED_FACE('',(#300),#58,.T.);
#4235=ADVANCED_FACE('',(#301),#59,.T.);
#4236=ADVANCED_FACE('',(#302),#60,.T.);
#4237=ADVANCED_FACE('',(#303),#61,.T.);
#4238=ADVANCED_FACE('',(#304),#62,.T.);
#4239=ADVANCED_FACE('',(#305),#63,.T.);
#4240=ADVANCED_FACE('',(#306),#64,.T.);
#4241=ADVANCED_FACE('',(#307),#65,.T.);
#4242=ADVANCED_FACE('',(#308),#66,.T.);
#4243=ADVANCED_FACE('',(#309),#67,.T.);
#4244=ADVANCED_FACE('',(#310),#68,.T.);
#4245=ADVANCED_FACE('',(#311),#69,.T.);
#4246=ADVANCED_FACE('',(#312),#70,.T.);
#4247=ADVANCED_FACE('',(#313),#71,.T.);
#4248=ADVANCED_FACE('',(#314),#72,.T.);
#4249=ADVANCED_FACE('',(#315),#73,.T.);
#4250=ADVANCED_FACE('',(#316),#74,.T.);
#4251=ADVANCED_FACE('',(#317),#75,.T.);
#4252=ADVANCED_FACE('',(#318),#76,.T.);
#4253=ADVANCED_FACE('',(#319),#77,.T.);
#4254=ADVANCED_FACE('',(#320),#78,.T.);
#4255=ADVANCED_FACE('',(#321),#79,.T.);
#4256=ADVANCED_FACE('',(#322),#80,.T.);
#4257=ADVANCED_FACE('',(#323),#81,.T.);
#4258=ADVANCED_FACE('',(#324),#82,.T.);
#4259=ADVANCED_FACE('',(#325),#83,.T.);
#4260=ADVANCED_FACE('',(#326),#84,.T.);
#4261=ADVANCED_FACE('',(#327),#85,.T.);
#4262=ADVANCED_FACE('',(#328),#86,.T.);
#4263=ADVANCED_FACE('',(#329),#87,.T.);
#4264=ADVANCED_FACE('',(#330),#88,.T.);
#4265=ADVANCED_FACE('',(#331),#89,.T.);
#4266=ADVANCED_FACE('',(#332),#90,.T.);
#4267=ADVANCED_FACE('',(#333),#91,.T.);
#4268=ADVANCED_FACE('',(#334),#92,.T.);
#4269=ADVANCED_FACE('',(#335),#93,.T.);
#4270=ADVANCED_FACE('',(#336),#94,.T.);
#4271=ADVANCED_FACE('',(#337),#95,.T.);
#4272=ADVANCED_FACE('',(#338),#96,.T.);
#4273=ADVANCED_FACE('',(#339),#97,.T.);
#4274=ADVANCED_FACE('',(#340),#98,.T.);
#4275=ADVANCED_FACE('',(#341),#99,.T.);
#4276=ADVANCED_FACE('',(#342),#100,.T.);
#4277=ADVANCED_FACE('',(#343),#101,.T.);
#4278=ADVANCED_FACE('',(#344),#102,.T.);
#4279=ADVANCED_FACE('',(#345),#103,.T.);
#4280=ADVANCED_FACE('',(#346),#104,.T.);
#4281=ADVANCED_FACE('',(#347),#105,.T.);
#4282=ADVANCED_FACE('',(#348),#106,.T.);
#4283=ADVANCED_FACE('',(#349),#107,.T.);
#4284=ADVANCED_FACE('',(#350),#108,.T.);
#4285=ADVANCED_FACE('',(#351),#109,.T.);
#4286=ADVANCED_FACE('',(#352),#110,.T.);
#4287=ADVANCED_FACE('',(#353),#111,.T.);
#4288=ADVANCED_FACE('',(#354),#112,.T.);
#4289=ADVANCED_FACE('',(#355),#113,.T.);
#4290=ADVANCED_FACE('',(#356),#114,.T.);
#4291=ADVANCED_FACE('',(#357),#115,.T.);
#4292=ADVANCED_FACE('',(#358),#116,.T.);
#4293=ADVANCED_FACE('',(#359),#117,.T.);
#4294=ADVANCED_FACE('',(#360),#118,.F.);
#4295=ADVANCED_FACE('',(#361),#119,.F.);
#4296=ADVANCED_FACE('',(#362,#31,#32),#120,.F.);
#4297=ADVANCED_FACE('',(#363),#121,.F.);
#4298=ADVANCED_FACE('',(#364),#122,.F.);
#4299=ADVANCED_FACE('',(#365),#123,.F.);
#4300=ADVANCED_FACE('',(#366),#124,.F.);
#4301=ADVANCED_FACE('',(#367),#125,.F.);
#4302=ADVANCED_FACE('',(#368),#126,.F.);
#4303=ADVANCED_FACE('',(#369),#127,.F.);
#4304=ADVANCED_FACE('',(#370),#128,.F.);
#4305=ADVANCED_FACE('',(#371),#129,.F.);
#4306=ADVANCED_FACE('',(#372),#130,.F.);
#4307=ADVANCED_FACE('',(#373),#131,.F.);
#4308=ADVANCED_FACE('',(#374),#132,.F.);
#4309=ADVANCED_FACE('',(#375),#133,.F.);
#4310=ADVANCED_FACE('',(#376),#134,.F.);
#4311=ADVANCED_FACE('',(#377),#135,.F.);
#4312=ADVANCED_FACE('',(#378),#136,.F.);
#4313=ADVANCED_FACE('',(#379),#137,.F.);
#4314=ADVANCED_FACE('',(#380),#138,.F.);
#4315=ADVANCED_FACE('',(#381),#139,.F.);
#4316=ADVANCED_FACE('',(#382),#140,.F.);
#4317=ADVANCED_FACE('',(#383),#141,.F.);
#4318=ADVANCED_FACE('',(#384),#142,.F.);
#4319=ADVANCED_FACE('',(#385),#143,.F.);
#4320=ADVANCED_FACE('',(#386),#144,.F.);
#4321=ADVANCED_FACE('',(#387),#145,.F.);
#4322=ADVANCED_FACE('',(#388),#146,.F.);
#4323=ADVANCED_FACE('',(#389),#147,.F.);
#4324=ADVANCED_FACE('',(#390),#148,.F.);
#4325=ADVANCED_FACE('',(#391),#149,.F.);
#4326=ADVANCED_FACE('',(#392),#150,.F.);
#4327=ADVANCED_FACE('',(#393),#151,.F.);
#4328=ADVANCED_FACE('',(#394),#152,.F.);
#4329=ADVANCED_FACE('',(#395),#153,.F.);
#4330=ADVANCED_FACE('',(#396),#154,.F.);
#4331=ADVANCED_FACE('',(#397),#155,.F.);
#4332=ADVANCED_FACE('',(#398),#156,.F.);
#4333=ADVANCED_FACE('',(#399),#157,.F.);
#4334=ADVANCED_FACE('',(#400),#158,.F.);
#4335=ADVANCED_FACE('',(#401),#159,.F.);
#4336=ADVANCED_FACE('',(#402),#160,.F.);
#4337=ADVANCED_FACE('',(#403),#161,.F.);
#4338=ADVANCED_FACE('',(#404),#162,.F.);
#4339=ADVANCED_FACE('',(#405),#163,.F.);
#4340=ADVANCED_FACE('',(#406),#164,.F.);
#4341=ADVANCED_FACE('',(#407),#165,.F.);
#4342=ADVANCED_FACE('',(#408),#166,.F.);
#4343=ADVANCED_FACE('',(#409),#167,.F.);
#4344=ADVANCED_FACE('',(#410),#168,.F.);
#4345=ADVANCED_FACE('',(#411),#169,.F.);
#4346=ADVANCED_FACE('',(#412),#170,.F.);
#4347=ADVANCED_FACE('',(#413),#171,.F.);
#4348=ADVANCED_FACE('',(#414),#172,.F.);
#4349=ADVANCED_FACE('',(#415),#173,.F.);
#4350=ADVANCED_FACE('',(#416),#174,.F.);
#4351=ADVANCED_FACE('',(#417),#175,.F.);
#4352=ADVANCED_FACE('',(#418),#176,.F.);
#4353=ADVANCED_FACE('',(#419),#177,.F.);
#4354=ADVANCED_FACE('',(#420),#178,.F.);
#4355=ADVANCED_FACE('',(#421),#179,.F.);
#4356=ADVANCED_FACE('',(#422),#180,.F.);
#4357=ADVANCED_FACE('',(#423),#181,.F.);
#4358=ADVANCED_FACE('',(#424),#182,.F.);
#4359=ADVANCED_FACE('',(#425),#183,.F.);
#4360=ADVANCED_FACE('',(#426),#184,.F.);
#4361=ADVANCED_FACE('',(#427),#185,.F.);
#4362=ADVANCED_FACE('',(#428),#186,.F.);
#4363=ADVANCED_FACE('',(#429),#187,.F.);
#4364=ADVANCED_FACE('',(#430),#188,.F.);
#4365=ADVANCED_FACE('',(#431),#189,.F.);
#4366=ADVANCED_FACE('',(#432),#190,.F.);
#4367=ADVANCED_FACE('',(#433),#191,.F.);
#4368=ADVANCED_FACE('',(#434),#192,.F.);
#4369=ADVANCED_FACE('',(#435),#193,.F.);
#4370=ADVANCED_FACE('',(#436),#194,.F.);
#4371=ADVANCED_FACE('',(#437),#195,.F.);
#4372=ADVANCED_FACE('',(#438),#196,.F.);
#4373=ADVANCED_FACE('',(#439),#197,.F.);
#4374=ADVANCED_FACE('',(#440),#198,.F.);
#4375=ADVANCED_FACE('',(#441),#199,.F.);
#4376=ADVANCED_FACE('',(#442),#200,.F.);
#4377=ADVANCED_FACE('',(#443),#201,.F.);
#4378=ADVANCED_FACE('',(#444),#202,.F.);
#4379=ADVANCED_FACE('',(#445),#203,.F.);
#4380=ADVANCED_FACE('',(#446),#204,.F.);
#4381=ADVANCED_FACE('',(#447),#205,.F.);
#4382=ADVANCED_FACE('',(#448),#206,.F.);
#4383=ADVANCED_FACE('',(#449),#207,.F.);
#4384=ADVANCED_FACE('',(#450),#208,.F.);
#4385=ADVANCED_FACE('',(#451),#209,.F.);
#4386=ADVANCED_FACE('',(#452),#210,.F.);
#4387=ADVANCED_FACE('',(#453),#211,.F.);
#4388=ADVANCED_FACE('',(#454),#212,.F.);
#4389=ADVANCED_FACE('',(#455),#213,.F.);
#4390=ADVANCED_FACE('',(#456),#214,.F.);
#4391=ADVANCED_FACE('',(#457),#215,.F.);
#4392=ADVANCED_FACE('',(#458),#216,.F.);
#4393=ADVANCED_FACE('',(#459),#217,.F.);
#4394=ADVANCED_FACE('',(#460),#218,.F.);
#4395=ADVANCED_FACE('',(#461),#219,.F.);
#4396=ADVANCED_FACE('',(#462),#220,.F.);
#4397=ADVANCED_FACE('',(#463),#221,.F.);
#4398=ADVANCED_FACE('',(#464),#222,.F.);
#4399=ADVANCED_FACE('',(#465),#223,.F.);
#4400=ADVANCED_FACE('',(#466),#224,.F.);
#4401=ADVANCED_FACE('',(#467),#225,.F.);
#4402=ADVANCED_FACE('',(#468),#226,.F.);
#4403=ADVANCED_FACE('',(#469),#227,.F.);
#4404=ADVANCED_FACE('',(#470),#228,.F.);
#4405=ADVANCED_FACE('',(#471),#229,.F.);
#4406=ADVANCED_FACE('',(#472),#230,.F.);
#4407=ADVANCED_FACE('',(#473),#231,.F.);
#4408=ADVANCED_FACE('',(#474),#232,.F.);
#4409=ADVANCED_FACE('',(#475),#233,.F.);
#4410=ADVANCED_FACE('',(#476),#234,.F.);
#4411=ADVANCED_FACE('',(#477,#33),#235,.T.);
#4412=ADVANCED_FACE('',(#478,#34),#236,.T.);
#4413=ADVANCED_FACE('',(#479,#35),#237,.T.);
#4414=ADVANCED_FACE('',(#480,#36),#238,.T.);
#4415=ADVANCED_FACE('',(#481,#37),#239,.T.);
#4416=ADVANCED_FACE('',(#482,#38),#240,.T.);
#4417=ADVANCED_FACE('',(#483,#39),#241,.T.);
#4418=ADVANCED_FACE('',(#484,#40),#242,.T.);
#4419=ADVANCED_FACE('',(#485,#41),#243,.T.);
#4420=ADVANCED_FACE('',(#486,#42),#244,.T.);
#4421=ADVANCED_FACE('',(#487,#43),#245,.T.);
#4422=ADVANCED_FACE('',(#488,#44),#246,.T.);
#4423=ADVANCED_FACE('',(#489,#45),#247,.T.);
#4424=ADVANCED_FACE('',(#490,#46),#248,.T.);
#4425=ADVANCED_FACE('',(#491,#47),#249,.T.);
#4426=ADVANCED_FACE('',(#492,#48),#250,.T.);
#4427=ADVANCED_FACE('',(#493),#251,.F.);
#4428=ADVANCED_FACE('',(#494),#252,.F.);
#4429=ADVANCED_FACE('',(#495),#253,.F.);
#4430=ADVANCED_FACE('',(#496),#254,.F.);
#4431=ADVANCED_FACE('',(#497),#255,.F.);
#4432=ADVANCED_FACE('',(#498),#256,.F.);
#4433=ADVANCED_FACE('',(#499),#257,.F.);
#4434=ADVANCED_FACE('',(#500),#258,.F.);
#4435=ADVANCED_FACE('',(#501),#259,.F.);
#4436=ADVANCED_FACE('',(#502),#260,.F.);
#4437=ADVANCED_FACE('',(#503),#261,.F.);
#4438=ADVANCED_FACE('',(#504),#262,.F.);
#4439=ADVANCED_FACE('',(#505),#263,.F.);
#4440=ADVANCED_FACE('',(#506),#264,.F.);
#4441=ADVANCED_FACE('',(#507),#265,.F.);
#4442=ADVANCED_FACE('',(#508),#266,.F.);
#4443=ADVANCED_FACE('',(#509),#267,.F.);
#4444=ADVANCED_FACE('',(#510),#268,.F.);
#4445=ADVANCED_FACE('',(#511),#269,.F.);
#4446=ADVANCED_FACE('',(#512),#270,.F.);
#4447=ADVANCED_FACE('',(#513),#271,.F.);
#4448=ADVANCED_FACE('',(#514),#272,.F.);
#4449=ADVANCED_FACE('',(#515),#273,.F.);
#4450=ADVANCED_FACE('',(#516),#274,.F.);
#4451=ADVANCED_FACE('',(#517),#275,.F.);
#4452=ADVANCED_FACE('',(#518),#276,.F.);
#4453=ADVANCED_FACE('',(#519),#277,.F.);
#4454=ADVANCED_FACE('',(#520),#278,.F.);
#4455=ADVANCED_FACE('',(#521),#279,.F.);
#4456=ADVANCED_FACE('',(#522),#280,.F.);
#4457=ADVANCED_FACE('',(#523),#281,.F.);
#4458=ADVANCED_FACE('',(#524),#282,.F.);
#4459=ADVANCED_FACE('',(#525),#283,.T.);
#4460=ADVANCED_FACE('',(#526),#284,.T.);
#4461=CLOSED_SHELL('',(#4221,#4222,#4223,#4224,#4225,#4226,#4227,#4228,
#4229,#4230,#4231,#4232,#4233,#4234,#4235,#4236,#4237,#4238,#4239,#4240,
#4241,#4242,#4243,#4244,#4245,#4246,#4247,#4248,#4249,#4250,#4251,#4252,
#4253,#4254,#4255,#4256,#4257,#4258,#4259,#4260,#4261,#4262,#4263,#4264,
#4265,#4266,#4267,#4268,#4269,#4270,#4271,#4272,#4273,#4274,#4275,#4276,
#4277,#4278,#4279,#4280,#4281,#4282,#4283,#4284,#4285,#4286,#4287,#4288,
#4289,#4290,#4291,#4292,#4293,#4294,#4295,#4296,#4297,#4298,#4299,#4300,
#4301,#4302,#4303,#4304,#4305,#4306,#4307,#4308,#4309,#4310,#4311,#4312,
#4313,#4314,#4315,#4316,#4317,#4318,#4319,#4320,#4321,#4322,#4323,#4324,
#4325,#4326,#4327,#4328,#4329,#4330,#4331,#4332,#4333,#4334,#4335,#4336,
#4337,#4338,#4339,#4340,#4341,#4342,#4343,#4344,#4345,#4346,#4347,#4348,
#4349,#4350,#4351,#4352,#4353,#4354,#4355,#4356,#4357,#4358,#4359,#4360,
#4361,#4362,#4363,#4364,#4365,#4366,#4367,#4368,#4369,#4370,#4371,#4372,
#4373,#4374,#4375,#4376,#4377,#4378,#4379,#4380,#4381,#4382,#4383,#4384,
#4385,#4386,#4387,#4388,#4389,#4390,#4391,#4392,#4393,#4394,#4395,#4396,
#4397,#4398,#4399,#4400,#4401,#4402,#4403,#4404,#4405,#4406,#4407,#4408,
#4409,#4410,#4411,#4412,#4413,#4414,#4415,#4416,#4417,#4418,#4419,#4420,
#4421,#4422,#4423,#4424,#4425,#4426,#4427,#4428,#4429,#4430,#4431,#4432,
#4433,#4434,#4435,#4436,#4437,#4438,#4439,#4440,#4441,#4442,#4443,#4444,
#4445,#4446,#4447,#4448,#4449,#4450,#4451,#4452,#4453,#4454,#4455,#4456,
#4457,#4458,#4459,#4460));
#4462=DERIVED_UNIT_ELEMENT(#4464,1.);
#4463=DERIVED_UNIT_ELEMENT(#7049,-3.);
#4464=(
MASS_UNIT()
NAMED_UNIT(*)
SI_UNIT(.KILO.,.GRAM.)
);
#4465=DERIVED_UNIT((#4462,#4463));
#4466=MEASURE_REPRESENTATION_ITEM('density measure',
POSITIVE_RATIO_MEASURE(7850.),#4465);
#4467=PROPERTY_DEFINITION_REPRESENTATION(#4472,#4469);
#4468=PROPERTY_DEFINITION_REPRESENTATION(#4473,#4470);
#4469=REPRESENTATION('material name',(#4471),#7046);
#4470=REPRESENTATION('density',(#4466),#7046);
#4471=DESCRIPTIVE_REPRESENTATION_ITEM('Acier','Acier');
#4472=PROPERTY_DEFINITION('material property','material name',#7056);
#4473=PROPERTY_DEFINITION('material property','density of part',#7056);
#4474=AXIS2_PLACEMENT_3D('',#5819,#4721,#4722);
#4475=AXIS2_PLACEMENT_3D('',#5820,#4723,#4724);
#4476=AXIS2_PLACEMENT_3D('',#5822,#4725,#4726);
#4477=AXIS2_PLACEMENT_3D('',#5825,#4728,#4729);
#4478=AXIS2_PLACEMENT_3D('',#5826,#4730,#4731);
#4479=AXIS2_PLACEMENT_3D('',#5828,#4732,#4733);
#4480=AXIS2_PLACEMENT_3D('',#5831,#4735,#4736);
#4481=AXIS2_PLACEMENT_3D('',#5832,#4737,#4738);
#4482=AXIS2_PLACEMENT_3D('',#5835,#4740,#4741);
#4483=AXIS2_PLACEMENT_3D('',#5836,#4742,#4743);
#4484=AXIS2_PLACEMENT_3D('',#5839,#4745,#4746);
#4485=AXIS2_PLACEMENT_3D('',#5840,#4747,#4748);
#4486=AXIS2_PLACEMENT_3D('',#5977,#4817,#4818);
#4487=AXIS2_PLACEMENT_3D('',#5983,#4822,#4823);
#4488=AXIS2_PLACEMENT_3D('',#5995,#4830,#4831);
#4489=AXIS2_PLACEMENT_3D('',#5999,#4834,#4835);
#4490=AXIS2_PLACEMENT_3D('',#6001,#4837,#4838);
#4491=AXIS2_PLACEMENT_3D('',#6007,#4842,#4843);
#4492=AXIS2_PLACEMENT_3D('',#6011,#4846,#4847);
#4493=AXIS2_PLACEMENT_3D('',#6015,#4850,#4851);
#4494=AXIS2_PLACEMENT_3D('',#6017,#4853,#4854);
#4495=AXIS2_PLACEMENT_3D('',#6023,#4858,#4859);
#4496=AXIS2_PLACEMENT_3D('',#6027,#4862,#4863);
#4497=AXIS2_PLACEMENT_3D('',#6031,#4866,#4867);
#4498=AXIS2_PLACEMENT_3D('',#6033,#4869,#4870);
#4499=AXIS2_PLACEMENT_3D('',#6039,#4874,#4875);
#4500=AXIS2_PLACEMENT_3D('',#6043,#4878,#4879);
#4501=AXIS2_PLACEMENT_3D('',#6047,#4882,#4883);
#4502=AXIS2_PLACEMENT_3D('',#6049,#4885,#4886);
#4503=AXIS2_PLACEMENT_3D('',#6055,#4890,#4891);
#4504=AXIS2_PLACEMENT_3D('',#6059,#4894,#4895);
#4505=AXIS2_PLACEMENT_3D('',#6063,#4898,#4899);
#4506=AXIS2_PLACEMENT_3D('',#6065,#4901,#4902);
#4507=AXIS2_PLACEMENT_3D('',#6071,#4906,#4907);
#4508=AXIS2_PLACEMENT_3D('',#6075,#4910,#4911);
#4509=AXIS2_PLACEMENT_3D('',#6079,#4914,#4915);
#4510=AXIS2_PLACEMENT_3D('',#6081,#4917,#4918);
#4511=AXIS2_PLACEMENT_3D('',#6087,#4922,#4923);
#4512=AXIS2_PLACEMENT_3D('',#6091,#4926,#4927);
#4513=AXIS2_PLACEMENT_3D('',#6095,#4930,#4931);
#4514=AXIS2_PLACEMENT_3D('',#6097,#4933,#4934);
#4515=AXIS2_PLACEMENT_3D('',#6103,#4938,#4939);
#4516=AXIS2_PLACEMENT_3D('',#6107,#4942,#4943);
#4517=AXIS2_PLACEMENT_3D('',#6111,#4946,#4947);
#4518=AXIS2_PLACEMENT_3D('',#6113,#4949,#4950);
#4519=AXIS2_PLACEMENT_3D('',#6119,#4954,#4955);
#4520=AXIS2_PLACEMENT_3D('',#6123,#4958,#4959);
#4521=AXIS2_PLACEMENT_3D('',#6127,#4962,#4963);
#4522=AXIS2_PLACEMENT_3D('',#6129,#4965,#4966);
#4523=AXIS2_PLACEMENT_3D('',#6135,#4970,#4971);
#4524=AXIS2_PLACEMENT_3D('',#6139,#4974,#4975);
#4525=AXIS2_PLACEMENT_3D('',#6143,#4978,#4979);
#4526=AXIS2_PLACEMENT_3D('',#6145,#4981,#4982);
#4527=AXIS2_PLACEMENT_3D('',#6151,#4986,#4987);
#4528=AXIS2_PLACEMENT_3D('',#6155,#4990,#4991);
#4529=AXIS2_PLACEMENT_3D('',#6159,#4994,#4995);
#4530=AXIS2_PLACEMENT_3D('',#6161,#4997,#4998);
#4531=AXIS2_PLACEMENT_3D('',#6167,#5002,#5003);
#4532=AXIS2_PLACEMENT_3D('',#6171,#5006,#5007);
#4533=AXIS2_PLACEMENT_3D('',#6175,#5010,#5011);
#4534=AXIS2_PLACEMENT_3D('',#6177,#5013,#5014);
#4535=AXIS2_PLACEMENT_3D('',#6183,#5018,#5019);
#4536=AXIS2_PLACEMENT_3D('',#6187,#5022,#5023);
#4537=AXIS2_PLACEMENT_3D('',#6191,#5026,#5027);
#4538=AXIS2_PLACEMENT_3D('',#6193,#5029,#5030);
#4539=AXIS2_PLACEMENT_3D('',#6199,#5034,#5035);
#4540=AXIS2_PLACEMENT_3D('',#6203,#5038,#5039);
#4541=AXIS2_PLACEMENT_3D('',#6207,#5042,#5043);
#4542=AXIS2_PLACEMENT_3D('',#6209,#5045,#5046);
#4543=AXIS2_PLACEMENT_3D('',#6215,#5050,#5051);
#4544=AXIS2_PLACEMENT_3D('',#6219,#5054,#5055);
#4545=AXIS2_PLACEMENT_3D('',#6223,#5058,#5059);
#4546=AXIS2_PLACEMENT_3D('',#6225,#5061,#5062);
#4547=AXIS2_PLACEMENT_3D('',#6231,#5066,#5067);
#4548=AXIS2_PLACEMENT_3D('',#6235,#5070,#5071);
#4549=AXIS2_PLACEMENT_3D('',#6239,#5074,#5075);
#4550=AXIS2_PLACEMENT_3D('',#6241,#5077,#5078);
#4551=AXIS2_PLACEMENT_3D('',#6247,#5082,#5083);
#4552=AXIS2_PLACEMENT_3D('',#6251,#5086,#5087);
#4553=AXIS2_PLACEMENT_3D('',#6255,#5090,#5091);
#4554=AXIS2_PLACEMENT_3D('',#6257,#5093,#5094);
#4555=AXIS2_PLACEMENT_3D('',#6327,#5130,#5131);
#4556=AXIS2_PLACEMENT_3D('',#6331,#5134,#5135);
#4557=AXIS2_PLACEMENT_3D('',#6463,#5202,#5203);
#4558=AXIS2_PLACEMENT_3D('',#6465,#5205,#5206);
#4559=AXIS2_PLACEMENT_3D('',#6471,#5210,#5211);
#4560=AXIS2_PLACEMENT_3D('',#6475,#5214,#5215);
#4561=AXIS2_PLACEMENT_3D('',#6479,#5218,#5219);
#4562=AXIS2_PLACEMENT_3D('',#6481,#5221,#5222);
#4563=AXIS2_PLACEMENT_3D('',#6487,#5226,#5227);
#4564=AXIS2_PLACEMENT_3D('',#6491,#5230,#5231);
#4565=AXIS2_PLACEMENT_3D('',#6495,#5234,#5235);
#4566=AXIS2_PLACEMENT_3D('',#6497,#5237,#5238);
#4567=AXIS2_PLACEMENT_3D('',#6503,#5242,#5243);
#4568=AXIS2_PLACEMENT_3D('',#6507,#5246,#5247);
#4569=AXIS2_PLACEMENT_3D('',#6511,#5250,#5251);
#4570=AXIS2_PLACEMENT_3D('',#6513,#5253,#5254);
#4571=AXIS2_PLACEMENT_3D('',#6519,#5258,#5259);
#4572=AXIS2_PLACEMENT_3D('',#6523,#5262,#5263);
#4573=AXIS2_PLACEMENT_3D('',#6527,#5266,#5267);
#4574=AXIS2_PLACEMENT_3D('',#6529,#5269,#5270);
#4575=AXIS2_PLACEMENT_3D('',#6535,#5274,#5275);
#4576=AXIS2_PLACEMENT_3D('',#6539,#5278,#5279);
#4577=AXIS2_PLACEMENT_3D('',#6543,#5282,#5283);
#4578=AXIS2_PLACEMENT_3D('',#6545,#5285,#5286);
#4579=AXIS2_PLACEMENT_3D('',#6551,#5290,#5291);
#4580=AXIS2_PLACEMENT_3D('',#6555,#5294,#5295);
#4581=AXIS2_PLACEMENT_3D('',#6559,#5298,#5299);
#4582=AXIS2_PLACEMENT_3D('',#6561,#5301,#5302);
#4583=AXIS2_PLACEMENT_3D('',#6567,#5306,#5307);
#4584=AXIS2_PLACEMENT_3D('',#6571,#5310,#5311);
#4585=AXIS2_PLACEMENT_3D('',#6575,#5314,#5315);
#4586=AXIS2_PLACEMENT_3D('',#6577,#5317,#5318);
#4587=AXIS2_PLACEMENT_3D('',#6583,#5322,#5323);
#4588=AXIS2_PLACEMENT_3D('',#6587,#5326,#5327);
#4589=AXIS2_PLACEMENT_3D('',#6591,#5330,#5331);
#4590=AXIS2_PLACEMENT_3D('',#6593,#5333,#5334);
#4591=AXIS2_PLACEMENT_3D('',#6599,#5338,#5339);
#4592=AXIS2_PLACEMENT_3D('',#6603,#5342,#5343);
#4593=AXIS2_PLACEMENT_3D('',#6607,#5346,#5347);
#4594=AXIS2_PLACEMENT_3D('',#6609,#5349,#5350);
#4595=AXIS2_PLACEMENT_3D('',#6615,#5354,#5355);
#4596=AXIS2_PLACEMENT_3D('',#6619,#5358,#5359);
#4597=AXIS2_PLACEMENT_3D('',#6623,#5362,#5363);
#4598=AXIS2_PLACEMENT_3D('',#6625,#5365,#5366);
#4599=AXIS2_PLACEMENT_3D('',#6631,#5370,#5371);
#4600=AXIS2_PLACEMENT_3D('',#6635,#5374,#5375);
#4601=AXIS2_PLACEMENT_3D('',#6639,#5378,#5379);
#4602=AXIS2_PLACEMENT_3D('',#6641,#5381,#5382);
#4603=AXIS2_PLACEMENT_3D('',#6647,#5386,#5387);
#4604=AXIS2_PLACEMENT_3D('',#6651,#5390,#5391);
#4605=AXIS2_PLACEMENT_3D('',#6655,#5394,#5395);
#4606=AXIS2_PLACEMENT_3D('',#6657,#5397,#5398);
#4607=AXIS2_PLACEMENT_3D('',#6663,#5402,#5403);
#4608=AXIS2_PLACEMENT_3D('',#6667,#5406,#5407);
#4609=AXIS2_PLACEMENT_3D('',#6671,#5410,#5411);
#4610=AXIS2_PLACEMENT_3D('',#6673,#5413,#5414);
#4611=AXIS2_PLACEMENT_3D('',#6679,#5418,#5419);
#4612=AXIS2_PLACEMENT_3D('',#6683,#5422,#5423);
#4613=AXIS2_PLACEMENT_3D('',#6687,#5426,#5427);
#4614=AXIS2_PLACEMENT_3D('',#6689,#5429,#5430);
#4615=AXIS2_PLACEMENT_3D('',#6695,#5434,#5435);
#4616=AXIS2_PLACEMENT_3D('',#6699,#5438,#5439);
#4617=AXIS2_PLACEMENT_3D('',#6703,#5442,#5443);
#4618=AXIS2_PLACEMENT_3D('',#6705,#5445,#5446);
#4619=AXIS2_PLACEMENT_3D('',#6711,#5450,#5451);
#4620=AXIS2_PLACEMENT_3D('',#6715,#5454,#5455);
#4621=AXIS2_PLACEMENT_3D('',#6719,#5458,#5459);
#4622=AXIS2_PLACEMENT_3D('',#6721,#5461,#5462);
#4623=AXIS2_PLACEMENT_3D('',#6727,#5466,#5467);
#4624=AXIS2_PLACEMENT_3D('',#6730,#5470,#5471);
#4625=AXIS2_PLACEMENT_3D('',#6736,#5475,#5476);
#4626=AXIS2_PLACEMENT_3D('',#6739,#5479,#5480);
#4627=AXIS2_PLACEMENT_3D('',#6745,#5484,#5485);
#4628=AXIS2_PLACEMENT_3D('',#6748,#5488,#5489);
#4629=AXIS2_PLACEMENT_3D('',#6754,#5493,#5494);
#4630=AXIS2_PLACEMENT_3D('',#6757,#5497,#5498);
#4631=AXIS2_PLACEMENT_3D('',#6763,#5502,#5503);
#4632=AXIS2_PLACEMENT_3D('',#6766,#5506,#5507);
#4633=AXIS2_PLACEMENT_3D('',#6772,#5511,#5512);
#4634=AXIS2_PLACEMENT_3D('',#6775,#5515,#5516);
#4635=AXIS2_PLACEMENT_3D('',#6781,#5520,#5521);
#4636=AXIS2_PLACEMENT_3D('',#6784,#5524,#5525);
#4637=AXIS2_PLACEMENT_3D('',#6790,#5529,#5530);
#4638=AXIS2_PLACEMENT_3D('',#6793,#5533,#5534);
#4639=AXIS2_PLACEMENT_3D('',#6795,#5536,#5537);
#4640=AXIS2_PLACEMENT_3D('',#6797,#5539,#5540);
#4641=AXIS2_PLACEMENT_3D('',#6803,#5544,#5545);
#4642=AXIS2_PLACEMENT_3D('',#6806,#5548,#5549);
#4643=AXIS2_PLACEMENT_3D('',#6812,#5553,#5554);
#4644=AXIS2_PLACEMENT_3D('',#6815,#5557,#5558);
#4645=AXIS2_PLACEMENT_3D('',#6821,#5562,#5563);
#4646=AXIS2_PLACEMENT_3D('',#6824,#5566,#5567);
#4647=AXIS2_PLACEMENT_3D('',#6830,#5571,#5572);
#4648=AXIS2_PLACEMENT_3D('',#6833,#5575,#5576);
#4649=AXIS2_PLACEMENT_3D('',#6839,#5580,#5581);
#4650=AXIS2_PLACEMENT_3D('',#6842,#5584,#5585);
#4651=AXIS2_PLACEMENT_3D('',#6848,#5589,#5590);
#4652=AXIS2_PLACEMENT_3D('',#6851,#5593,#5594);
#4653=AXIS2_PLACEMENT_3D('',#6857,#5598,#5599);
#4654=AXIS2_PLACEMENT_3D('',#6860,#5602,#5603);
#4655=AXIS2_PLACEMENT_3D('',#6866,#5607,#5608);
#4656=AXIS2_PLACEMENT_3D('',#6872,#5612,#5613);
#4657=AXIS2_PLACEMENT_3D('',#6878,#5617,#5618);
#4658=AXIS2_PLACEMENT_3D('',#6884,#5622,#5623);
#4659=AXIS2_PLACEMENT_3D('',#6890,#5627,#5628);
#4660=AXIS2_PLACEMENT_3D('',#6896,#5632,#5633);
#4661=AXIS2_PLACEMENT_3D('',#6902,#5637,#5638);
#4662=AXIS2_PLACEMENT_3D('',#6908,#5642,#5643);
#4663=AXIS2_PLACEMENT_3D('',#6914,#5647,#5648);
#4664=AXIS2_PLACEMENT_3D('',#6920,#5652,#5653);
#4665=AXIS2_PLACEMENT_3D('',#6926,#5657,#5658);
#4666=AXIS2_PLACEMENT_3D('',#6932,#5662,#5663);
#4667=AXIS2_PLACEMENT_3D('',#6938,#5667,#5668);
#4668=AXIS2_PLACEMENT_3D('',#6944,#5672,#5673);
#4669=AXIS2_PLACEMENT_3D('',#6950,#5677,#5678);
#4670=AXIS2_PLACEMENT_3D('',#6956,#5682,#5683);
#4671=AXIS2_PLACEMENT_3D('',#6962,#5687,#5688);
#4672=AXIS2_PLACEMENT_3D('',#6965,#5691,#5692);
#4673=AXIS2_PLACEMENT_3D('',#6968,#5695,#5696);
#4674=AXIS2_PLACEMENT_3D('',#6971,#5699,#5700);
#4675=AXIS2_PLACEMENT_3D('',#6974,#5703,#5704);
#4676=AXIS2_PLACEMENT_3D('',#6977,#5707,#5708);
#4677=AXIS2_PLACEMENT_3D('',#6980,#5711,#5712);
#4678=AXIS2_PLACEMENT_3D('',#6983,#5715,#5716);
#4679=AXIS2_PLACEMENT_3D('',#6986,#5719,#5720);
#4680=AXIS2_PLACEMENT_3D('',#6989,#5723,#5724);
#4681=AXIS2_PLACEMENT_3D('',#6992,#5727,#5728);
#4682=AXIS2_PLACEMENT_3D('',#6995,#5731,#5732);
#4683=AXIS2_PLACEMENT_3D('',#6998,#5735,#5736);
#4684=AXIS2_PLACEMENT_3D('',#7001,#5739,#5740);
#4685=AXIS2_PLACEMENT_3D('',#7004,#5743,#5744);
#4686=AXIS2_PLACEMENT_3D('',#7007,#5747,#5748);
#4687=AXIS2_PLACEMENT_3D('',#7010,#5751,#5752);
#4688=AXIS2_PLACEMENT_3D('',#7011,#5753,#5754);
#4689=AXIS2_PLACEMENT_3D('',#7012,#5755,#5756);
#4690=AXIS2_PLACEMENT_3D('',#7013,#5757,#5758);
#4691=AXIS2_PLACEMENT_3D('',#7014,#5759,#5760);
#4692=AXIS2_PLACEMENT_3D('',#7015,#5761,#5762);
#4693=AXIS2_PLACEMENT_3D('',#7016,#5763,#5764);
#4694=AXIS2_PLACEMENT_3D('',#7017,#5765,#5766);
#4695=AXIS2_PLACEMENT_3D('',#7018,#5767,#5768);
#4696=AXIS2_PLACEMENT_3D('',#7019,#5769,#5770);
#4697=AXIS2_PLACEMENT_3D('',#7020,#5771,#5772);
#4698=AXIS2_PLACEMENT_3D('',#7021,#5773,#5774);
#4699=AXIS2_PLACEMENT_3D('',#7022,#5775,#5776);
#4700=AXIS2_PLACEMENT_3D('',#7023,#5777,#5778);
#4701=AXIS2_PLACEMENT_3D('',#7024,#5779,#5780);
#4702=AXIS2_PLACEMENT_3D('',#7025,#5781,#5782);
#4703=AXIS2_PLACEMENT_3D('',#7026,#5783,#5784);
#4704=AXIS2_PLACEMENT_3D('',#7027,#5785,#5786);
#4705=AXIS2_PLACEMENT_3D('',#7028,#5787,#5788);
#4706=AXIS2_PLACEMENT_3D('',#7029,#5789,#5790);
#4707=AXIS2_PLACEMENT_3D('',#7030,#5791,#5792);
#4708=AXIS2_PLACEMENT_3D('',#7031,#5793,#5794);
#4709=AXIS2_PLACEMENT_3D('',#7032,#5795,#5796);
#4710=AXIS2_PLACEMENT_3D('',#7033,#5797,#5798);
#4711=AXIS2_PLACEMENT_3D('',#7034,#5799,#5800);
#4712=AXIS2_PLACEMENT_3D('',#7035,#5801,#5802);
#4713=AXIS2_PLACEMENT_3D('',#7036,#5803,#5804);
#4714=AXIS2_PLACEMENT_3D('',#7037,#5805,#5806);
#4715=AXIS2_PLACEMENT_3D('',#7038,#5807,#5808);
#4716=AXIS2_PLACEMENT_3D('',#7039,#5809,#5810);
#4717=AXIS2_PLACEMENT_3D('',#7040,#5811,#5812);
#4718=AXIS2_PLACEMENT_3D('',#7041,#5813,#5814);
#4719=AXIS2_PLACEMENT_3D('',#7042,#5815,#5816);
#4720=AXIS2_PLACEMENT_3D('',#7043,#5817,#5818);
#4721=DIRECTION('axis',(0.,0.,1.));
#4722=DIRECTION('refdir',(1.,0.,0.));
#4723=DIRECTION('center_axis',(0.,0.,1.));
#4724=DIRECTION('ref_axis',(1.,0.,0.));
#4725=DIRECTION('center_axis',(0.,0.,-1.));
#4726=DIRECTION('ref_axis',(1.,0.,0.));
#4727=DIRECTION('',(0.,0.,-1.));
#4728=DIRECTION('center_axis',(0.,0.,1.));
#4729=DIRECTION('ref_axis',(1.,0.,0.));
#4730=DIRECTION('center_axis',(0.,0.,1.));
#4731=DIRECTION('ref_axis',(1.,0.,0.));
#4732=DIRECTION('center_axis',(0.,0.,-1.));
#4733=DIRECTION('ref_axis',(1.,0.,0.));
#4734=DIRECTION('',(0.,0.,-1.));
#4735=DIRECTION('center_axis',(0.,0.,1.));
#4736=DIRECTION('ref_axis',(1.,0.,0.));
#4737=DIRECTION('center_axis',(0.,0.,1.));
#4738=DIRECTION('ref_axis',(1.,0.,0.));
#4739=DIRECTION('',(0.707106781186548,8.65956056235493E-17,-0.707106781186548));
#4740=DIRECTION('center_axis',(0.,0.,1.));
#4741=DIRECTION('ref_axis',(1.,0.,0.));
#4742=DIRECTION('center_axis',(0.,0.,1.));
#4743=DIRECTION('ref_axis',(1.,0.,0.));
#4744=DIRECTION('',(0.707106781186547,8.65956056235493E-17,-0.707106781186547));
#4745=DIRECTION('center_axis',(0.,0.,1.));
#4746=DIRECTION('ref_axis',(1.,0.,0.));
#4747=DIRECTION('center_axis',(0.,0.,1.));
#4748=DIRECTION('ref_axis',(1.,0.,0.));
#4749=DIRECTION('',(0.,1.,0.));
#4750=DIRECTION('',(-1.,0.,0.));
#4751=DIRECTION('',(0.,-1.,0.));
#4752=DIRECTION('',(1.,0.,0.));
#4753=DIRECTION('',(-1.,0.,0.));
#4754=DIRECTION('',(0.,1.,0.));
#4755=DIRECTION('',(1.,0.,0.));
#4756=DIRECTION('',(0.,-1.,0.));
#4757=DIRECTION('',(-1.,0.,0.));
#4758=DIRECTION('',(0.,1.,0.));
#4759=DIRECTION('',(1.,0.,0.));
#4760=DIRECTION('',(0.,-1.,0.));
#4761=DIRECTION('',(-1.,0.,0.));
#4762=DIRECTION('',(0.,1.,0.));
#4763=DIRECTION('',(1.,0.,0.));
#4764=DIRECTION('',(0.,-1.,0.));
#4765=DIRECTION('',(-1.,0.,0.));
#4766=DIRECTION('',(0.,1.,0.));
#4767=DIRECTION('',(1.,0.,0.));
#4768=DIRECTION('',(0.,-1.,0.));
#4769=DIRECTION('',(-1.,0.,0.));
#4770=DIRECTION('',(0.,1.,0.));
#4771=DIRECTION('',(1.,0.,0.));
#4772=DIRECTION('',(0.,-1.,0.));
#4773=DIRECTION('',(-1.,0.,0.));
#4774=DIRECTION('',(0.,1.,0.));
#4775=DIRECTION('',(1.,0.,0.));
#4776=DIRECTION('',(0.,-1.,0.));
#4777=DIRECTION('',(-1.,0.,0.));
#4778=DIRECTION('',(0.,1.,0.));
#4779=DIRECTION('',(1.,0.,0.));
#4780=DIRECTION('',(0.,-1.,0.));
#4781=DIRECTION('',(-1.,0.,0.));
#4782=DIRECTION('',(0.,1.,0.));
#4783=DIRECTION('',(1.,0.,0.));
#4784=DIRECTION('',(0.,-1.,0.));
#4785=DIRECTION('',(-1.,0.,0.));
#4786=DIRECTION('',(0.,1.,0.));
#4787=DIRECTION('',(1.,0.,0.));
#4788=DIRECTION('',(0.,-1.,0.));
#4789=DIRECTION('',(-1.,0.,0.));
#4790=DIRECTION('',(0.,1.,0.));
#4791=DIRECTION('',(1.,0.,0.));
#4792=DIRECTION('',(0.,-1.,0.));
#4793=DIRECTION('',(-1.,0.,0.));
#4794=DIRECTION('',(0.,1.,0.));
#4795=DIRECTION('',(1.,0.,0.));
#4796=DIRECTION('',(0.,-1.,0.));
#4797=DIRECTION('',(-1.,0.,0.));
#4798=DIRECTION('',(0.,1.,0.));
#4799=DIRECTION('',(1.,0.,0.));
#4800=DIRECTION('',(0.,-1.,0.));
#4801=DIRECTION('',(-1.,0.,0.));
#4802=DIRECTION('',(0.,1.,0.));
#4803=DIRECTION('',(1.,0.,0.));
#4804=DIRECTION('',(0.,-1.,0.));
#4805=DIRECTION('',(-1.,0.,0.));
#4806=DIRECTION('',(0.,1.,0.));
#4807=DIRECTION('',(1.,0.,0.));
#4808=DIRECTION('',(0.,-1.,0.));
#4809=DIRECTION('',(-1.,0.,0.));
#4810=DIRECTION('',(0.,1.,0.));
#4811=DIRECTION('',(1.,0.,0.));
#4812=DIRECTION('',(0.,-1.,0.));
#4813=DIRECTION('',(-1.,0.,0.));
#4814=DIRECTION('',(0.,1.,0.));
#4815=DIRECTION('',(1.,0.,0.));
#4816=DIRECTION('',(0.,-1.,0.));
#4817=DIRECTION('center_axis',(0.,1.,0.));
#4818=DIRECTION('ref_axis',(0.,0.,1.));
#4819=DIRECTION('',(0.,0.,-1.));
#4820=DIRECTION('',(-1.,0.,0.));
#4821=DIRECTION('',(0.,0.,1.));
#4822=DIRECTION('center_axis',(1.,0.,0.));
#4823=DIRECTION('ref_axis',(0.,0.,-1.));
#4824=DIRECTION('',(0.,0.,-1.));
#4825=DIRECTION('',(0.,1.,0.));
#4826=DIRECTION('',(0.,0.,-1.));
#4827=DIRECTION('',(0.,1.,0.));
#4828=DIRECTION('',(0.,0.,1.));
#4829=DIRECTION('',(0.,1.,0.));
#4830=DIRECTION('center_axis',(0.,-1.,0.));
#4831=DIRECTION('ref_axis',(0.,0.,-1.));
#4832=DIRECTION('',(0.,0.,-1.));
#4833=DIRECTION('',(1.,0.,0.));
#4834=DIRECTION('center_axis',(-1.,0.,0.));
#4835=DIRECTION('ref_axis',(0.,0.,1.));
#4836=DIRECTION('',(0.,-1.,0.));
#4837=DIRECTION('center_axis',(0.707106781186548,0.,0.707106781186547));
#4838=DIRECTION('ref_axis',(0.707106781186547,0.,-0.707106781186548));
#4839=DIRECTION('',(0.577350269189626,0.577350269189626,-0.577350269189626));
#4840=DIRECTION('',(0.,1.,0.));
#4841=DIRECTION('',(-0.577350269189626,0.577350269189626,0.577350269189626));
#4842=DIRECTION('center_axis',(-1.91661677085422E-16,0.707106781186547,
0.707106781186548));
#4843=DIRECTION('ref_axis',(0.,-0.707106781186548,0.707106781186547));
#4844=DIRECTION('',(-0.577350269189626,0.577350269189626,-0.577350269189626));
#4845=DIRECTION('',(-1.,-1.35525271560688E-16,-1.35525271560688E-16));
#4846=DIRECTION('center_axis',(-0.707106781186548,0.,0.707106781186547));
#4847=DIRECTION('ref_axis',(0.707106781186547,0.,0.707106781186548));
#4848=DIRECTION('',(-0.577350269189625,-0.577350269189626,-0.577350269189626));
#4849=DIRECTION('',(0.,-1.,0.));
#4850=DIRECTION('center_axis',(-2.87492515628133E-16,-0.707106781186548,
0.707106781186548));
#4851=DIRECTION('ref_axis',(0.,-0.707106781186548,-0.707106781186548));
#4852=DIRECTION('',(1.,-2.03287907341032E-16,2.03287907341032E-16));
#4853=DIRECTION('center_axis',(0.707106781186548,0.,0.707106781186547));
#4854=DIRECTION('ref_axis',(0.707106781186547,0.,-0.707106781186548));
#4855=DIRECTION('',(0.577350269189626,0.577350269189626,-0.577350269189626));
#4856=DIRECTION('',(0.,1.,0.));
#4857=DIRECTION('',(-0.577350269189626,0.577350269189626,0.577350269189626));
#4858=DIRECTION('center_axis',(-1.91661677085422E-16,0.707106781186548,
0.707106781186548));
#4859=DIRECTION('ref_axis',(0.,-0.707106781186548,0.707106781186548));
#4860=DIRECTION('',(-0.577350269189626,0.577350269189626,-0.577350269189626));
#4861=DIRECTION('',(-1.,-1.35525271560688E-16,-1.35525271560688E-16));
#4862=DIRECTION('center_axis',(-0.707106781186548,0.,0.707106781186547));
#4863=DIRECTION('ref_axis',(0.707106781186547,0.,0.707106781186548));
#4864=DIRECTION('',(-0.577350269189626,-0.577350269189626,-0.577350269189626));
#4865=DIRECTION('',(0.,-1.,0.));
#4866=DIRECTION('center_axis',(-2.87492515628133E-16,-0.707106781186548,
0.707106781186548));
#4867=DIRECTION('ref_axis',(0.,-0.707106781186548,-0.707106781186548));
#4868=DIRECTION('',(1.,-2.03287907341032E-16,2.03287907341032E-16));
#4869=DIRECTION('center_axis',(0.707106781186548,0.,0.707106781186548));
#4870=DIRECTION('ref_axis',(0.707106781186548,0.,-0.707106781186548));
#4871=DIRECTION('',(0.577350269189626,0.577350269189626,-0.577350269189626));
#4872=DIRECTION('',(0.,1.,0.));
#4873=DIRECTION('',(-0.577350269189626,0.577350269189626,0.577350269189625));
#4874=DIRECTION('center_axis',(-1.91661677085422E-16,0.707106781186548,
0.707106781186547));
#4875=DIRECTION('ref_axis',(-1.23259516440783E-32,-0.707106781186547,0.707106781186548));
#4876=DIRECTION('',(-0.577350269189627,0.577350269189625,-0.577350269189625));
#4877=DIRECTION('',(-1.,-1.35525271560688E-16,-1.35525271560688E-16));
#4878=DIRECTION('center_axis',(-0.707106781186548,0.,0.707106781186548));
#4879=DIRECTION('ref_axis',(0.707106781186548,0.,0.707106781186548));
#4880=DIRECTION('',(-0.577350269189626,-0.577350269189625,-0.577350269189626));
#4881=DIRECTION('',(0.,-1.,0.));
#4882=DIRECTION('center_axis',(-2.87492515628133E-16,-0.707106781186547,
0.707106781186548));
#4883=DIRECTION('ref_axis',(0.,-0.707106781186548,-0.707106781186547));
#4884=DIRECTION('',(1.,-2.03287907341032E-16,2.03287907341032E-16));
#4885=DIRECTION('center_axis',(0.707106781186548,0.,0.707106781186548));
#4886=DIRECTION('ref_axis',(0.707106781186548,0.,-0.707106781186548));
#4887=DIRECTION('',(0.577350269189626,0.577350269189626,-0.577350269189626));
#4888=DIRECTION('',(0.,1.,0.));
#4889=DIRECTION('',(-0.577350269189626,0.577350269189626,0.577350269189626));
#4890=DIRECTION('center_axis',(-1.91661677085422E-16,0.707106781186548,
0.707106781186548));
#4891=DIRECTION('ref_axis',(0.,-0.707106781186548,0.707106781186548));
#4892=DIRECTION('',(-0.577350269189628,0.577350269189625,-0.577350269189625));
#4893=DIRECTION('',(-1.,-1.35525271560688E-16,-1.35525271560688E-16));
#4894=DIRECTION('center_axis',(-0.707106781186548,0.,0.707106781186548));
#4895=DIRECTION('ref_axis',(0.707106781186548,0.,0.707106781186548));
#4896=DIRECTION('',(-0.577350269189627,-0.577350269189625,-0.577350269189626));
#4897=DIRECTION('',(0.,-1.,0.));
#4898=DIRECTION('center_axis',(-2.87492515628133E-16,-0.707106781186548,
0.707106781186547));
#4899=DIRECTION('ref_axis',(0.,-0.707106781186547,-0.707106781186548));
#4900=DIRECTION('',(1.,-2.03287907341032E-16,2.03287907341032E-16));
#4901=DIRECTION('center_axis',(0.707106781186548,0.,0.707106781186548));
#4902=DIRECTION('ref_axis',(0.707106781186548,0.,-0.707106781186548));
#4903=DIRECTION('',(0.577350269189626,0.577350269189626,-0.577350269189626));
#4904=DIRECTION('',(0.,1.,0.));
#4905=DIRECTION('',(-0.577350269189626,0.577350269189626,0.577350269189626));
#4906=DIRECTION('center_axis',(-1.91661677085422E-16,0.707106781186547,
0.707106781186548));
#4907=DIRECTION('ref_axis',(-1.23259516440783E-32,-0.707106781186548,0.707106781186547));
#4908=DIRECTION('',(-0.577350269189626,0.577350269189626,-0.577350269189625));
#4909=DIRECTION('',(-1.,-1.35525271560688E-16,-1.35525271560688E-16));
#4910=DIRECTION('center_axis',(-0.707106781186548,0.,0.707106781186548));
#4911=DIRECTION('ref_axis',(0.707106781186548,0.,0.707106781186548));
#4912=DIRECTION('',(-0.577350269189626,-0.577350269189626,-0.577350269189626));
#4913=DIRECTION('',(0.,-1.,0.));
#4914=DIRECTION('center_axis',(-2.87492515628133E-16,-0.707106781186548,
0.707106781186547));
#4915=DIRECTION('ref_axis',(0.,-0.707106781186547,-0.707106781186548));
#4916=DIRECTION('',(1.,-2.03287907341032E-16,2.03287907341032E-16));
#4917=DIRECTION('center_axis',(0.707106781186548,0.,0.707106781186548));
#4918=DIRECTION('ref_axis',(0.707106781186548,0.,-0.707106781186548));
#4919=DIRECTION('',(0.577350269189626,0.577350269189626,-0.577350269189626));
#4920=DIRECTION('',(0.,1.,0.));
#4921=DIRECTION('',(-0.577350269189626,0.577350269189626,0.577350269189626));
#4922=DIRECTION('center_axis',(-1.91661677085422E-16,0.707106781186547,
0.707106781186548));
#4923=DIRECTION('ref_axis',(-1.23259516440783E-32,-0.707106781186548,0.707106781186547));
#4924=DIRECTION('',(-0.577350269189626,0.577350269189626,-0.577350269189626));
#4925=DIRECTION('',(-1.,-1.35525271560688E-16,-1.35525271560688E-16));
#4926=DIRECTION('center_axis',(-0.707106781186548,0.,0.707106781186548));
#4927=DIRECTION('ref_axis',(0.707106781186548,0.,0.707106781186548));
#4928=DIRECTION('',(-0.577350269189626,-0.577350269189626,-0.577350269189626));
#4929=DIRECTION('',(0.,-1.,0.));
#4930=DIRECTION('center_axis',(-2.87492515628133E-16,-0.707106781186547,
0.707106781186548));
#4931=DIRECTION('ref_axis',(0.,-0.707106781186548,-0.707106781186547));
#4932=DIRECTION('',(1.,-2.03287907341032E-16,2.03287907341032E-16));
#4933=DIRECTION('center_axis',(0.707106781186548,0.,0.707106781186548));
#4934=DIRECTION('ref_axis',(0.707106781186548,0.,-0.707106781186548));
#4935=DIRECTION('',(0.577350269189628,0.577350269189623,-0.577350269189627));
#4936=DIRECTION('',(0.,1.,0.));
#4937=DIRECTION('',(-0.577350269189627,0.577350269189624,0.577350269189626));
#4938=DIRECTION('center_axis',(-1.91661677085422E-16,0.707106781186548,
0.707106781186547));
#4939=DIRECTION('ref_axis',(0.,-0.707106781186547,0.707106781186548));
#4940=DIRECTION('',(-0.577350269189626,0.577350269189625,-0.577350269189626));
#4941=DIRECTION('',(-1.,-1.35525271560688E-16,-1.35525271560688E-16));
#4942=DIRECTION('center_axis',(-0.707106781186548,0.,0.707106781186548));
#4943=DIRECTION('ref_axis',(0.707106781186548,0.,0.707106781186548));
#4944=DIRECTION('',(-0.577350269189626,-0.577350269189626,-0.577350269189626));
#4945=DIRECTION('',(0.,-1.,0.));
#4946=DIRECTION('center_axis',(-2.87492515628133E-16,-0.707106781186548,
0.707106781186548));
#4947=DIRECTION('ref_axis',(0.,-0.707106781186548,-0.707106781186548));
#4948=DIRECTION('',(1.,-2.03287907341032E-16,2.03287907341032E-16));
#4949=DIRECTION('center_axis',(0.707106781186548,0.,0.707106781186548));
#4950=DIRECTION('ref_axis',(0.707106781186548,0.,-0.707106781186548));
#4951=DIRECTION('',(0.577350269189627,0.577350269189624,-0.577350269189626));
#4952=DIRECTION('',(0.,1.,0.));
#4953=DIRECTION('',(-0.577350269189627,0.577350269189623,0.577350269189627));
#4954=DIRECTION('center_axis',(-1.91661677085422E-16,0.707106781186548,
0.707106781186548));
#4955=DIRECTION('ref_axis',(0.,-0.707106781186548,0.707106781186548));
#4956=DIRECTION('',(-0.577350269189626,0.577350269189626,-0.577350269189626));
#4957=DIRECTION('',(-1.,-1.35525271560688E-16,-1.35525271560688E-16));
#4958=DIRECTION('center_axis',(-0.707106781186548,0.,0.707106781186548));
#4959=DIRECTION('ref_axis',(0.707106781186548,0.,0.707106781186548));
#4960=DIRECTION('',(-0.577350269189626,-0.577350269189626,-0.577350269189626));
#4961=DIRECTION('',(0.,-1.,0.));
#4962=DIRECTION('center_axis',(-2.87492515628133E-16,-0.707106781186548,
0.707106781186547));
#4963=DIRECTION('ref_axis',(0.,-0.707106781186547,-0.707106781186548));
#4964=DIRECTION('',(1.,-2.03287907341032E-16,2.03287907341032E-16));
#4965=DIRECTION('center_axis',(0.707106781186548,0.,0.707106781186548));
#4966=DIRECTION('ref_axis',(0.707106781186548,0.,-0.707106781186548));
#4967=DIRECTION('',(0.577350269189626,0.577350269189626,-0.577350269189626));
#4968=DIRECTION('',(0.,1.,0.));
#4969=DIRECTION('',(-0.577350269189626,0.577350269189626,0.577350269189626));
#4970=DIRECTION('center_axis',(-1.91661677085422E-16,0.707106781186548,
0.707106781186548));
#4971=DIRECTION('ref_axis',(0.,-0.707106781186548,0.707106781186548));
#4972=DIRECTION('',(-0.577350269189626,0.577350269189626,-0.577350269189625));
#4973=DIRECTION('',(-1.,-1.35525271560688E-16,-1.35525271560688E-16));
#4974=DIRECTION('center_axis',(-0.707106781186548,0.,0.707106781186548));
#4975=DIRECTION('ref_axis',(0.707106781186548,0.,0.707106781186548));
#4976=DIRECTION('',(-0.577350269189626,-0.577350269189626,-0.577350269189626));
#4977=DIRECTION('',(0.,-1.,0.));
#4978=DIRECTION('center_axis',(-2.87492515628133E-16,-0.707106781186548,
0.707106781186547));
#4979=DIRECTION('ref_axis',(0.,-0.707106781186547,-0.707106781186548));
#4980=DIRECTION('',(1.,-2.03287907341032E-16,2.03287907341032E-16));
#4981=DIRECTION('center_axis',(0.707106781186548,0.,0.707106781186548));
#4982=DIRECTION('ref_axis',(0.707106781186548,0.,-0.707106781186548));
#4983=DIRECTION('',(0.577350269189626,0.577350269189626,-0.577350269189626));
#4984=DIRECTION('',(0.,1.,0.));
#4985=DIRECTION('',(-0.577350269189626,0.577350269189626,0.577350269189626));
#4986=DIRECTION('center_axis',(-1.91661677085422E-16,0.707106781186548,
0.707106781186548));
#4987=DIRECTION('ref_axis',(0.,-0.707106781186548,0.707106781186548));
#4988=DIRECTION('',(-0.577350269189626,0.577350269189626,-0.577350269189626));
#4989=DIRECTION('',(-1.,-1.35525271560688E-16,-1.35525271560688E-16));
#4990=DIRECTION('center_axis',(-0.707106781186548,0.,0.707106781186548));
#4991=DIRECTION('ref_axis',(0.707106781186548,0.,0.707106781186548));
#4992=DIRECTION('',(-0.577350269189626,-0.577350269189626,-0.577350269189626));
#4993=DIRECTION('',(0.,-1.,0.));
#4994=DIRECTION('center_axis',(-2.87492515628133E-16,-0.707106781186547,
0.707106781186548));
#4995=DIRECTION('ref_axis',(0.,-0.707106781186548,-0.707106781186547));
#4996=DIRECTION('',(1.,-2.03287907341032E-16,2.03287907341032E-16));
#4997=DIRECTION('center_axis',(0.707106781186548,0.,0.707106781186548));
#4998=DIRECTION('ref_axis',(0.707106781186548,0.,-0.707106781186548));
#4999=DIRECTION('',(0.577350269189625,0.577350269189627,-0.577350269189625));
#5000=DIRECTION('',(0.,1.,0.));
#5001=DIRECTION('',(-0.577350269189624,0.577350269189628,0.577350269189625));
#5002=DIRECTION('center_axis',(-1.91661677085422E-16,0.707106781186547,
0.707106781186548));
#5003=DIRECTION('ref_axis',(0.,-0.707106781186548,0.707106781186547));
#5004=DIRECTION('',(-0.577350269189628,0.577350269189625,-0.577350269189625));
#5005=DIRECTION('',(-1.,-1.35525271560688E-16,-1.35525271560688E-16));
#5006=DIRECTION('center_axis',(-0.707106781186548,0.,0.707106781186548));
#5007=DIRECTION('ref_axis',(0.707106781186548,0.,0.707106781186548));
#5008=DIRECTION('',(-0.577350269189627,-0.577350269189624,-0.577350269189626));
#5009=DIRECTION('',(0.,-1.,0.));
#5010=DIRECTION('center_axis',(-2.87492515628133E-16,-0.707106781186548,
0.707106781186548));
#5011=DIRECTION('ref_axis',(0.,-0.707106781186548,-0.707106781186548));
#5012=DIRECTION('',(1.,-2.03287907341032E-16,2.03287907341032E-16));
#5013=DIRECTION('center_axis',(0.707106781186548,0.,0.707106781186548));
#5014=DIRECTION('ref_axis',(0.707106781186548,0.,-0.707106781186548));
#5015=DIRECTION('',(0.577350269189624,0.577350269189628,-0.577350269189625));
#5016=DIRECTION('',(0.,1.,0.));
#5017=DIRECTION('',(-0.577350269189625,0.577350269189627,0.577350269189625));
#5018=DIRECTION('center_axis',(-1.91661677085422E-16,0.707106781186547,
0.707106781186548));
#5019=DIRECTION('ref_axis',(-1.23259516440783E-32,-0.707106781186548,0.707106781186547));
#5020=DIRECTION('',(-0.577350269189628,0.577350269189625,-0.577350269189625));
#5021=DIRECTION('',(-1.,-1.35525271560688E-16,-1.35525271560688E-16));
#5022=DIRECTION('center_axis',(-0.707106781186548,0.,0.707106781186548));
#5023=DIRECTION('ref_axis',(0.707106781186548,0.,0.707106781186548));
#5024=DIRECTION('',(-0.577350269189627,-0.577350269189623,-0.577350269189627));
#5025=DIRECTION('',(0.,-1.,0.));
#5026=DIRECTION('center_axis',(-2.87492515628133E-16,-0.707106781186548,
0.707106781186548));
#5027=DIRECTION('ref_axis',(0.,-0.707106781186548,-0.707106781186548));
#5028=DIRECTION('',(1.,-2.03287907341032E-16,2.03287907341032E-16));
#5029=DIRECTION('center_axis',(0.707106781186548,0.,0.707106781186548));
#5030=DIRECTION('ref_axis',(0.707106781186548,0.,-0.707106781186548));
#5031=DIRECTION('',(0.577350269189626,0.577350269189626,-0.577350269189626));
#5032=DIRECTION('',(0.,1.,0.));
#5033=DIRECTION('',(-0.577350269189626,0.577350269189626,0.577350269189626));
#5034=DIRECTION('center_axis',(-1.91661677085422E-16,0.707106781186548,
0.707106781186547));
#5035=DIRECTION('ref_axis',(-1.23259516440783E-32,-0.707106781186547,0.707106781186548));
#5036=DIRECTION('',(-0.577350269189626,0.577350269189626,-0.577350269189626));
#5037=DIRECTION('',(-1.,-1.35525271560688E-16,-1.35525271560688E-16));
#5038=DIRECTION('center_axis',(-0.707106781186548,0.,0.707106781186548));
#5039=DIRECTION('ref_axis',(0.707106781186548,0.,0.707106781186548));
#5040=DIRECTION('',(-0.577350269189626,-0.577350269189626,-0.577350269189626));
#5041=DIRECTION('',(0.,-1.,0.));
#5042=DIRECTION('center_axis',(-2.87492515628133E-16,-0.707106781186548,
0.707106781186547));
#5043=DIRECTION('ref_axis',(0.,-0.707106781186547,-0.707106781186548));
#5044=DIRECTION('',(1.,-2.03287907341032E-16,2.03287907341032E-16));
#5045=DIRECTION('center_axis',(0.70710678118655,0.,0.707106781186545));
#5046=DIRECTION('ref_axis',(0.707106781186545,0.,-0.70710678118655));
#5047=DIRECTION('',(0.577350269189624,0.577350269189627,-0.577350269189627));
#5048=DIRECTION('',(0.,1.,0.));
#5049=DIRECTION('',(-0.577350269189624,0.577350269189627,0.577350269189627));
#5050=DIRECTION('center_axis',(-1.91661677085422E-16,0.707106781186548,
0.707106781186548));
#5051=DIRECTION('ref_axis',(0.,-0.707106781186548,0.707106781186548));
#5052=DIRECTION('',(-0.577350269189628,0.577350269189625,-0.577350269189625));
#5053=DIRECTION('',(-1.,-1.35525271560688E-16,-1.35525271560688E-16));
#5054=DIRECTION('center_axis',(-0.707106781186545,0.,0.70710678118655));
#5055=DIRECTION('ref_axis',(0.70710678118655,0.,0.707106781186545));
#5056=DIRECTION('',(-0.577350269189628,-0.577350269189624,-0.577350269189625));
#5057=DIRECTION('',(0.,-1.,0.));
#5058=DIRECTION('center_axis',(-2.87492515628133E-16,-0.707106781186548,
0.707106781186547));
#5059=DIRECTION('ref_axis',(0.,-0.707106781186547,-0.707106781186548));
#5060=DIRECTION('',(1.,-2.03287907341032E-16,2.03287907341032E-16));
#5061=DIRECTION('center_axis',(0.707106781186548,0.,0.707106781186548));
#5062=DIRECTION('ref_axis',(0.707106781186548,0.,-0.707106781186548));
#5063=DIRECTION('',(0.577350269189626,0.577350269189626,-0.577350269189626));
#5064=DIRECTION('',(0.,1.,0.));
#5065=DIRECTION('',(-0.577350269189626,0.577350269189626,0.577350269189626));
#5066=DIRECTION('center_axis',(-1.91661677085422E-16,0.707106781186547,
0.707106781186548));
#5067=DIRECTION('ref_axis',(-1.23259516440783E-32,-0.707106781186548,0.707106781186547));
#5068=DIRECTION('',(-0.577350269189626,0.577350269189626,-0.577350269189625));
#5069=DIRECTION('',(-1.,-1.35525271560688E-16,-1.35525271560688E-16));
#5070=DIRECTION('center_axis',(-0.707106781186548,0.,0.707106781186548));
#5071=DIRECTION('ref_axis',(0.707106781186548,0.,0.707106781186548));
#5072=DIRECTION('',(-0.577350269189626,-0.577350269189626,-0.577350269189626));
#5073=DIRECTION('',(0.,-1.,0.));
#5074=DIRECTION('center_axis',(-2.87492515628133E-16,-0.707106781186548,
0.707106781186548));
#5075=DIRECTION('ref_axis',(0.,-0.707106781186548,-0.707106781186548));
#5076=DIRECTION('',(1.,-2.03287907341032E-16,2.03287907341032E-16));
#5077=DIRECTION('center_axis',(0.70710678118655,0.,0.707106781186545));
#5078=DIRECTION('ref_axis',(0.707106781186545,0.,-0.70710678118655));
#5079=DIRECTION('',(0.577350269189624,0.577350269189627,-0.577350269189627));
#5080=DIRECTION('',(0.,1.,0.));
#5081=DIRECTION('',(-0.577350269189624,0.577350269189627,0.577350269189627));
#5082=DIRECTION('center_axis',(-1.91661677085422E-16,0.707106781186548,
0.707106781186547));
#5083=DIRECTION('ref_axis',(1.23259516440783E-32,-0.707106781186547,0.707106781186548));
#5084=DIRECTION('',(-0.577350269189628,0.577350269189625,-0.577350269189625));
#5085=DIRECTION('',(-1.,-1.35525271560688E-16,-1.35525271560688E-16));
#5086=DIRECTION('center_axis',(-0.707106781186545,0.,0.70710678118655));
#5087=DIRECTION('ref_axis',(0.70710678118655,0.,0.707106781186545));
#5088=DIRECTION('',(-0.577350269189628,-0.577350269189625,-0.577350269189625));
#5089=DIRECTION('',(0.,-1.,0.));
#5090=DIRECTION('center_axis',(-2.87492515628133E-16,-0.707106781186547,
0.707106781186548));
#5091=DIRECTION('ref_axis',(0.,-0.707106781186548,-0.707106781186547));
#5092=DIRECTION('',(1.,-2.03287907341032E-16,2.03287907341032E-16));
#5093=DIRECTION('center_axis',(0.,0.,1.));
#5094=DIRECTION('ref_axis',(1.,0.,0.));
#5095=DIRECTION('',(1.,0.,0.));
#5096=DIRECTION('',(1.,0.,0.));
#5097=DIRECTION('',(1.,0.,0.));
#5098=DIRECTION('',(1.,0.,0.));
#5099=DIRECTION('',(1.,0.,0.));
#5100=DIRECTION('',(1.,0.,0.));
#5101=DIRECTION('',(1.,0.,0.));
#5102=DIRECTION('',(1.,0.,0.));
#5103=DIRECTION('',(1.,0.,0.));
#5104=DIRECTION('',(1.,0.,0.));
#5105=DIRECTION('',(1.,0.,0.));
#5106=DIRECTION('',(1.,0.,0.));
#5107=DIRECTION('',(1.,0.,0.));
#5108=DIRECTION('',(1.,0.,0.));
#5109=DIRECTION('',(1.,0.,0.));
#5110=DIRECTION('',(1.,0.,0.));
#5111=DIRECTION('',(1.,0.,0.));
#5112=DIRECTION('',(0.,1.,0.));
#5113=DIRECTION('',(-1.,0.,0.));
#5114=DIRECTION('',(-1.,0.,0.));
#5115=DIRECTION('',(-1.,0.,0.));
#5116=DIRECTION('',(-1.,0.,0.));
#5117=DIRECTION('',(-1.,0.,0.));
#5118=DIRECTION('',(-1.,0.,0.));
#5119=DIRECTION('',(-1.,0.,0.));
#5120=DIRECTION('',(-1.,0.,0.));
#5121=DIRECTION('',(-1.,0.,0.));
#5122=DIRECTION('',(-1.,0.,0.));
#5123=DIRECTION('',(-1.,0.,0.));
#5124=DIRECTION('',(-1.,0.,0.));
#5125=DIRECTION('',(-1.,0.,0.));
#5126=DIRECTION('',(-1.,0.,0.));
#5127=DIRECTION('',(-1.,0.,0.));
#5128=DIRECTION('',(-1.,0.,0.));
#5129=DIRECTION('',(-1.,0.,0.));
#5130=DIRECTION('center_axis',(-1.11472008969504E-16,-1.,0.));
#5131=DIRECTION('ref_axis',(1.,-1.11472008969504E-16,0.));
#5132=DIRECTION('',(1.,-1.11472008969504E-16,0.));
#5133=DIRECTION('',(0.,0.,1.));
#5134=DIRECTION('center_axis',(0.,0.,1.));
#5135=DIRECTION('ref_axis',(1.,0.,0.));
#5136=DIRECTION('',(0.,-1.,0.));
#5137=DIRECTION('',(-1.,0.,0.));
#5138=DIRECTION('',(-7.74430123203932E-17,-1.,0.));
#5139=DIRECTION('',(-1.,0.,0.));
#5140=DIRECTION('',(0.,1.,0.));
#5141=DIRECTION('',(-1.,0.,0.));
#5142=DIRECTION('',(-7.74430123203932E-17,-1.,0.));
#5143=DIRECTION('',(-1.,0.,0.));
#5144=DIRECTION('',(0.,1.,0.));
#5145=DIRECTION('',(-1.,0.,0.));
#5146=DIRECTION('',(-7.74430123203932E-17,-1.,0.));
#5147=DIRECTION('',(-1.,0.,0.));
#5148=DIRECTION('',(0.,1.,0.));
#5149=DIRECTION('',(-1.,0.,0.));
#5150=DIRECTION('',(-7.74430123203932E-17,-1.,0.));
#5151=DIRECTION('',(-1.,0.,0.));
#5152=DIRECTION('',(0.,1.,0.));
#5153=DIRECTION('',(-1.,0.,0.));
#5154=DIRECTION('',(-7.74430123203932E-17,-1.,0.));
#5155=DIRECTION('',(-1.,0.,0.));
#5156=DIRECTION('',(0.,1.,0.));
#5157=DIRECTION('',(-1.,0.,0.));
#5158=DIRECTION('',(-7.74430123203932E-17,-1.,0.));
#5159=DIRECTION('',(-1.,0.,0.));
#5160=DIRECTION('',(0.,1.,0.));
#5161=DIRECTION('',(-1.,0.,0.));
#5162=DIRECTION('',(-7.74430123203932E-17,-1.,0.));
#5163=DIRECTION('',(-1.,0.,0.));
#5164=DIRECTION('',(0.,1.,0.));
#5165=DIRECTION('',(-1.,0.,0.));
#5166=DIRECTION('',(-7.74430123203932E-17,-1.,0.));
#5167=DIRECTION('',(-1.,0.,0.));
#5168=DIRECTION('',(0.,1.,0.));
#5169=DIRECTION('',(1.,0.,0.));
#5170=DIRECTION('',(0.,1.,0.));
#5171=DIRECTION('',(1.,0.,0.));
#5172=DIRECTION('',(-7.74430123203932E-17,-1.,0.));
#5173=DIRECTION('',(1.,0.,0.));
#5174=DIRECTION('',(0.,1.,0.));
#5175=DIRECTION('',(1.,0.,0.));
#5176=DIRECTION('',(-7.74430123203932E-17,-1.,0.));
#5177=DIRECTION('',(1.,0.,0.));
#5178=DIRECTION('',(0.,1.,0.));
#5179=DIRECTION('',(1.,0.,0.));
#5180=DIRECTION('',(-7.74430123203932E-17,-1.,0.));
#5181=DIRECTION('',(1.,0.,0.));
#5182=DIRECTION('',(0.,1.,0.));
#5183=DIRECTION('',(1.,0.,0.));
#5184=DIRECTION('',(-7.74430123203932E-17,-1.,0.));
#5185=DIRECTION('',(1.,0.,0.));
#5186=DIRECTION('',(0.,1.,0.));
#5187=DIRECTION('',(1.,0.,0.));
#5188=DIRECTION('',(-7.74430123203932E-17,-1.,0.));
#5189=DIRECTION('',(1.,0.,0.));
#5190=DIRECTION('',(0.,1.,0.));
#5191=DIRECTION('',(1.,0.,0.));
#5192=DIRECTION('',(-7.74430123203932E-17,-1.,0.));
#5193=DIRECTION('',(1.,0.,0.));
#5194=DIRECTION('',(0.,1.,0.));
#5195=DIRECTION('',(1.,0.,0.));
#5196=DIRECTION('',(-7.74430123203932E-17,-1.,0.));
#5197=DIRECTION('',(1.,0.,0.));
#5198=DIRECTION('',(0.,1.,0.));
#5199=DIRECTION('',(1.,0.,0.));
#5200=DIRECTION('',(-7.74430123203932E-17,-1.,0.));
#5201=DIRECTION('',(1.,0.,0.));
#5202=DIRECTION('center_axis',(1.11472008969504E-16,1.,0.));
#5203=DIRECTION('ref_axis',(-1.,1.11472008969504E-16,0.));
#5204=DIRECTION('',(0.,0.,-1.));
#5205=DIRECTION('center_axis',(-1.,0.,0.));
#5206=DIRECTION('ref_axis',(0.,0.,1.));
#5207=DIRECTION('',(0.,0.,1.));
#5208=DIRECTION('',(0.,-1.,0.));
#5209=DIRECTION('',(0.,0.,-1.));
#5210=DIRECTION('center_axis',(2.71050543121376E-16,-1.,0.));
#5211=DIRECTION('ref_axis',(1.,2.71050543121376E-16,0.));
#5212=DIRECTION('',(0.,0.,1.));
#5213=DIRECTION('',(1.,2.71050543121376E-16,0.));
#5214=DIRECTION('center_axis',(1.,0.,0.));
#5215=DIRECTION('ref_axis',(0.,0.,-1.));
#5216=DIRECTION('',(0.,0.,1.));
#5217=DIRECTION('',(0.,1.,0.));
#5218=DIRECTION('center_axis',(4.06575814682064E-16,1.,0.));
#5219=DIRECTION('ref_axis',(-1.,4.06575814682064E-16,0.));
#5220=DIRECTION('',(-1.,4.06575814682064E-16,0.));
#5221=DIRECTION('center_axis',(-1.,0.,0.));
#5222=DIRECTION('ref_axis',(0.,0.,1.));
#5223=DIRECTION('',(0.,0.,1.));
#5224=DIRECTION('',(0.,-1.,0.));
#5225=DIRECTION('',(0.,0.,-1.));
#5226=DIRECTION('center_axis',(2.71050543121376E-16,-1.,0.));
#5227=DIRECTION('ref_axis',(1.,2.71050543121376E-16,0.));
#5228=DIRECTION('',(0.,0.,1.));
#5229=DIRECTION('',(1.,2.71050543121376E-16,0.));
#5230=DIRECTION('center_axis',(1.,0.,0.));
#5231=DIRECTION('ref_axis',(0.,0.,-1.));
#5232=DIRECTION('',(0.,0.,1.));
#5233=DIRECTION('',(0.,1.,0.));
#5234=DIRECTION('center_axis',(4.06575814682064E-16,1.,0.));
#5235=DIRECTION('ref_axis',(-1.,4.06575814682064E-16,0.));
#5236=DIRECTION('',(-1.,4.06575814682064E-16,0.));
#5237=DIRECTION('center_axis',(-1.,0.,0.));
#5238=DIRECTION('ref_axis',(0.,0.,1.));
#5239=DIRECTION('',(0.,0.,1.));
#5240=DIRECTION('',(0.,-1.,0.));
#5241=DIRECTION('',(0.,0.,-1.));
#5242=DIRECTION('center_axis',(2.71050543121376E-16,-1.,0.));
#5243=DIRECTION('ref_axis',(1.,2.71050543121376E-16,0.));
#5244=DIRECTION('',(0.,0.,1.));
#5245=DIRECTION('',(1.,2.71050543121376E-16,0.));
#5246=DIRECTION('center_axis',(1.,0.,0.));
#5247=DIRECTION('ref_axis',(0.,0.,-1.));
#5248=DIRECTION('',(0.,0.,1.));
#5249=DIRECTION('',(0.,1.,0.));
#5250=DIRECTION('center_axis',(4.06575814682064E-16,1.,0.));
#5251=DIRECTION('ref_axis',(-1.,4.06575814682064E-16,0.));
#5252=DIRECTION('',(-1.,4.06575814682064E-16,0.));
#5253=DIRECTION('center_axis',(-1.,0.,0.));
#5254=DIRECTION('ref_axis',(0.,0.,1.));
#5255=DIRECTION('',(0.,0.,1.));
#5256=DIRECTION('',(0.,-1.,0.));
#5257=DIRECTION('',(0.,0.,-1.));
#5258=DIRECTION('center_axis',(2.71050543121376E-16,-1.,0.));
#5259=DIRECTION('ref_axis',(1.,2.71050543121376E-16,0.));
#5260=DIRECTION('',(0.,0.,1.));
#5261=DIRECTION('',(1.,2.71050543121376E-16,0.));
#5262=DIRECTION('center_axis',(1.,0.,0.));
#5263=DIRECTION('ref_axis',(0.,0.,-1.));
#5264=DIRECTION('',(0.,0.,1.));
#5265=DIRECTION('',(0.,1.,0.));
#5266=DIRECTION('center_axis',(4.06575814682064E-16,1.,0.));
#5267=DIRECTION('ref_axis',(-1.,4.06575814682064E-16,0.));
#5268=DIRECTION('',(-1.,4.06575814682064E-16,0.));
#5269=DIRECTION('center_axis',(-1.,0.,0.));
#5270=DIRECTION('ref_axis',(0.,0.,1.));
#5271=DIRECTION('',(0.,0.,1.));
#5272=DIRECTION('',(0.,-1.,0.));
#5273=DIRECTION('',(0.,0.,-1.));
#5274=DIRECTION('center_axis',(2.71050543121376E-16,-1.,0.));
#5275=DIRECTION('ref_axis',(1.,2.71050543121376E-16,0.));
#5276=DIRECTION('',(0.,0.,1.));
#5277=DIRECTION('',(1.,2.71050543121376E-16,0.));
#5278=DIRECTION('center_axis',(1.,0.,0.));
#5279=DIRECTION('ref_axis',(0.,0.,-1.));
#5280=DIRECTION('',(0.,0.,1.));
#5281=DIRECTION('',(0.,1.,0.));
#5282=DIRECTION('center_axis',(4.06575814682064E-16,1.,0.));
#5283=DIRECTION('ref_axis',(-1.,4.06575814682064E-16,0.));
#5284=DIRECTION('',(-1.,4.06575814682064E-16,0.));
#5285=DIRECTION('center_axis',(-1.,0.,0.));
#5286=DIRECTION('ref_axis',(0.,0.,1.));
#5287=DIRECTION('',(0.,0.,1.));
#5288=DIRECTION('',(0.,-1.,0.));
#5289=DIRECTION('',(0.,0.,-1.));
#5290=DIRECTION('center_axis',(2.71050543121376E-16,-1.,0.));
#5291=DIRECTION('ref_axis',(1.,2.71050543121376E-16,0.));
#5292=DIRECTION('',(0.,0.,1.));
#5293=DIRECTION('',(1.,2.71050543121376E-16,0.));
#5294=DIRECTION('center_axis',(1.,0.,0.));
#5295=DIRECTION('ref_axis',(0.,0.,-1.));
#5296=DIRECTION('',(0.,0.,1.));
#5297=DIRECTION('',(0.,1.,0.));
#5298=DIRECTION('center_axis',(4.06575814682064E-16,1.,0.));
#5299=DIRECTION('ref_axis',(-1.,4.06575814682064E-16,0.));
#5300=DIRECTION('',(-1.,4.06575814682064E-16,0.));
#5301=DIRECTION('center_axis',(-1.,0.,0.));
#5302=DIRECTION('ref_axis',(0.,0.,1.));
#5303=DIRECTION('',(0.,0.,1.));
#5304=DIRECTION('',(0.,-1.,0.));
#5305=DIRECTION('',(0.,0.,-1.));
#5306=DIRECTION('center_axis',(2.71050543121376E-16,-1.,0.));
#5307=DIRECTION('ref_axis',(1.,2.71050543121376E-16,0.));
#5308=DIRECTION('',(0.,0.,1.));
#5309=DIRECTION('',(1.,2.71050543121376E-16,0.));
#5310=DIRECTION('center_axis',(1.,0.,0.));
#5311=DIRECTION('ref_axis',(0.,0.,-1.));
#5312=DIRECTION('',(0.,0.,1.));
#5313=DIRECTION('',(0.,1.,0.));
#5314=DIRECTION('center_axis',(4.06575814682064E-16,1.,0.));
#5315=DIRECTION('ref_axis',(-1.,4.06575814682064E-16,0.));
#5316=DIRECTION('',(-1.,4.06575814682064E-16,0.));
#5317=DIRECTION('center_axis',(-1.,0.,0.));
#5318=DIRECTION('ref_axis',(0.,0.,1.));
#5319=DIRECTION('',(0.,0.,1.));
#5320=DIRECTION('',(0.,-1.,0.));
#5321=DIRECTION('',(0.,0.,-1.));
#5322=DIRECTION('center_axis',(2.71050543121376E-16,-1.,0.));
#5323=DIRECTION('ref_axis',(1.,2.71050543121376E-16,0.));
#5324=DIRECTION('',(0.,0.,1.));
#5325=DIRECTION('',(1.,2.71050543121376E-16,0.));
#5326=DIRECTION('center_axis',(1.,0.,0.));
#5327=DIRECTION('ref_axis',(0.,0.,-1.));
#5328=DIRECTION('',(0.,0.,1.));
#5329=DIRECTION('',(0.,1.,0.));
#5330=DIRECTION('center_axis',(4.06575814682064E-16,1.,0.));
#5331=DIRECTION('ref_axis',(-1.,4.06575814682064E-16,0.));
#5332=DIRECTION('',(-1.,4.06575814682064E-16,0.));
#5333=DIRECTION('center_axis',(-1.,0.,0.));
#5334=DIRECTION('ref_axis',(0.,0.,1.));
#5335=DIRECTION('',(0.,0.,1.));
#5336=DIRECTION('',(0.,-1.,0.));
#5337=DIRECTION('',(0.,0.,-1.));
#5338=DIRECTION('center_axis',(2.71050543121376E-16,-1.,0.));
#5339=DIRECTION('ref_axis',(1.,2.71050543121376E-16,0.));
#5340=DIRECTION('',(0.,0.,1.));
#5341=DIRECTION('',(1.,2.71050543121376E-16,0.));
#5342=DIRECTION('center_axis',(1.,0.,0.));
#5343=DIRECTION('ref_axis',(0.,0.,-1.));
#5344=DIRECTION('',(0.,0.,1.));
#5345=DIRECTION('',(0.,1.,0.));
#5346=DIRECTION('center_axis',(4.06575814682064E-16,1.,0.));
#5347=DIRECTION('ref_axis',(-1.,4.06575814682064E-16,0.));
#5348=DIRECTION('',(-1.,4.06575814682064E-16,0.));
#5349=DIRECTION('center_axis',(-1.,0.,0.));
#5350=DIRECTION('ref_axis',(0.,0.,1.));
#5351=DIRECTION('',(0.,0.,1.));
#5352=DIRECTION('',(0.,-1.,0.));
#5353=DIRECTION('',(0.,0.,-1.));
#5354=DIRECTION('center_axis',(2.71050543121376E-16,-1.,0.));
#5355=DIRECTION('ref_axis',(1.,2.71050543121376E-16,0.));
#5356=DIRECTION('',(0.,0.,1.));
#5357=DIRECTION('',(1.,2.71050543121376E-16,0.));
#5358=DIRECTION('center_axis',(1.,0.,0.));
#5359=DIRECTION('ref_axis',(0.,0.,-1.));
#5360=DIRECTION('',(0.,0.,1.));
#5361=DIRECTION('',(0.,1.,0.));
#5362=DIRECTION('center_axis',(4.06575814682064E-16,1.,0.));
#5363=DIRECTION('ref_axis',(-1.,4.06575814682064E-16,0.));
#5364=DIRECTION('',(-1.,4.06575814682064E-16,0.));
#5365=DIRECTION('center_axis',(-1.,0.,0.));
#5366=DIRECTION('ref_axis',(0.,0.,1.));
#5367=DIRECTION('',(0.,0.,1.));
#5368=DIRECTION('',(0.,-1.,0.));
#5369=DIRECTION('',(0.,0.,-1.));
#5370=DIRECTION('center_axis',(2.71050543121376E-16,-1.,0.));
#5371=DIRECTION('ref_axis',(1.,2.71050543121376E-16,0.));
#5372=DIRECTION('',(0.,0.,1.));
#5373=DIRECTION('',(1.,2.71050543121376E-16,0.));
#5374=DIRECTION('center_axis',(1.,0.,0.));
#5375=DIRECTION('ref_axis',(0.,0.,-1.));
#5376=DIRECTION('',(0.,0.,1.));
#5377=DIRECTION('',(0.,1.,0.));
#5378=DIRECTION('center_axis',(4.06575814682064E-16,1.,0.));
#5379=DIRECTION('ref_axis',(-1.,4.06575814682064E-16,0.));
#5380=DIRECTION('',(-1.,4.06575814682064E-16,0.));
#5381=DIRECTION('center_axis',(-1.,0.,0.));
#5382=DIRECTION('ref_axis',(0.,0.,1.));
#5383=DIRECTION('',(0.,0.,1.));
#5384=DIRECTION('',(0.,-1.,0.));
#5385=DIRECTION('',(0.,0.,-1.));
#5386=DIRECTION('center_axis',(2.71050543121376E-16,-1.,0.));
#5387=DIRECTION('ref_axis',(1.,2.71050543121376E-16,0.));
#5388=DIRECTION('',(0.,0.,1.));
#5389=DIRECTION('',(1.,2.71050543121376E-16,0.));
#5390=DIRECTION('center_axis',(1.,0.,0.));
#5391=DIRECTION('ref_axis',(0.,0.,-1.));
#5392=DIRECTION('',(0.,0.,1.));
#5393=DIRECTION('',(0.,1.,0.));
#5394=DIRECTION('center_axis',(4.06575814682064E-16,1.,0.));
#5395=DIRECTION('ref_axis',(-1.,4.06575814682064E-16,0.));
#5396=DIRECTION('',(-1.,4.06575814682064E-16,0.));
#5397=DIRECTION('center_axis',(-1.,0.,0.));
#5398=DIRECTION('ref_axis',(0.,0.,1.));
#5399=DIRECTION('',(0.,0.,1.));
#5400=DIRECTION('',(0.,-1.,0.));
#5401=DIRECTION('',(0.,0.,-1.));
#5402=DIRECTION('center_axis',(2.71050543121376E-16,-1.,0.));
#5403=DIRECTION('ref_axis',(1.,2.71050543121376E-16,0.));
#5404=DIRECTION('',(0.,0.,1.));
#5405=DIRECTION('',(1.,2.71050543121376E-16,0.));
#5406=DIRECTION('center_axis',(1.,0.,0.));
#5407=DIRECTION('ref_axis',(0.,0.,-1.));
#5408=DIRECTION('',(0.,0.,1.));
#5409=DIRECTION('',(0.,1.,0.));
#5410=DIRECTION('center_axis',(4.06575814682064E-16,1.,0.));
#5411=DIRECTION('ref_axis',(-1.,4.06575814682064E-16,0.));
#5412=DIRECTION('',(-1.,4.06575814682064E-16,0.));
#5413=DIRECTION('center_axis',(-1.,0.,0.));
#5414=DIRECTION('ref_axis',(0.,0.,1.));
#5415=DIRECTION('',(0.,0.,1.));
#5416=DIRECTION('',(0.,-1.,0.));
#5417=DIRECTION('',(0.,0.,-1.));
#5418=DIRECTION('center_axis',(2.71050543121376E-16,-1.,0.));
#5419=DIRECTION('ref_axis',(1.,2.71050543121376E-16,0.));
#5420=DIRECTION('',(0.,0.,1.));
#5421=DIRECTION('',(1.,2.71050543121376E-16,0.));
#5422=DIRECTION('center_axis',(1.,0.,0.));
#5423=DIRECTION('ref_axis',(0.,0.,-1.));
#5424=DIRECTION('',(0.,0.,1.));
#5425=DIRECTION('',(0.,1.,0.));
#5426=DIRECTION('center_axis',(4.06575814682064E-16,1.,0.));
#5427=DIRECTION('ref_axis',(-1.,4.06575814682064E-16,0.));
#5428=DIRECTION('',(-1.,4.06575814682064E-16,0.));
#5429=DIRECTION('center_axis',(-1.,0.,0.));
#5430=DIRECTION('ref_axis',(0.,0.,1.));
#5431=DIRECTION('',(0.,0.,1.));
#5432=DIRECTION('',(0.,-1.,0.));
#5433=DIRECTION('',(0.,0.,-1.));
#5434=DIRECTION('center_axis',(2.71050543121376E-16,-1.,0.));
#5435=DIRECTION('ref_axis',(1.,2.71050543121376E-16,0.));
#5436=DIRECTION('',(0.,0.,1.));
#5437=DIRECTION('',(1.,2.71050543121376E-16,0.));
#5438=DIRECTION('center_axis',(1.,0.,0.));
#5439=DIRECTION('ref_axis',(0.,0.,-1.));
#5440=DIRECTION('',(0.,0.,1.));
#5441=DIRECTION('',(0.,1.,0.));
#5442=DIRECTION('center_axis',(4.06575814682064E-16,1.,0.));
#5443=DIRECTION('ref_axis',(-1.,4.06575814682064E-16,0.));
#5444=DIRECTION('',(-1.,4.06575814682064E-16,0.));
#5445=DIRECTION('center_axis',(-1.,0.,0.));
#5446=DIRECTION('ref_axis',(0.,0.,1.));
#5447=DIRECTION('',(0.,0.,1.));
#5448=DIRECTION('',(0.,-1.,0.));
#5449=DIRECTION('',(0.,0.,-1.));
#5450=DIRECTION('center_axis',(2.71050543121376E-16,-1.,0.));
#5451=DIRECTION('ref_axis',(1.,2.71050543121376E-16,0.));
#5452=DIRECTION('',(0.,0.,1.));
#5453=DIRECTION('',(1.,2.71050543121376E-16,0.));
#5454=DIRECTION('center_axis',(1.,0.,0.));
#5455=DIRECTION('ref_axis',(0.,0.,-1.));
#5456=DIRECTION('',(0.,0.,1.));
#5457=DIRECTION('',(0.,1.,0.));
#5458=DIRECTION('center_axis',(4.06575814682064E-16,1.,0.));
#5459=DIRECTION('ref_axis',(-1.,4.06575814682064E-16,0.));
#5460=DIRECTION('',(-1.,4.06575814682064E-16,0.));
#5461=DIRECTION('center_axis',(5.70632722360792E-17,1.,0.));
#5462=DIRECTION('ref_axis',(-1.,5.70632722360792E-17,0.));
#5463=DIRECTION('',(0.,0.,-1.));
#5464=DIRECTION('',(1.,-5.70632722360792E-17,0.));
#5465=DIRECTION('',(0.,0.,1.));
#5466=DIRECTION('center_axis',(-1.11472008969504E-16,-1.,0.));
#5467=DIRECTION('ref_axis',(1.,-1.11472008969504E-16,0.));
#5468=DIRECTION('',(0.,0.,1.));
#5469=DIRECTION('',(0.,0.,1.));
#5470=DIRECTION('center_axis',(5.70632722360792E-17,1.,0.));
#5471=DIRECTION('ref_axis',(-1.,5.70632722360792E-17,0.));
#5472=DIRECTION('',(0.,0.,-1.));
#5473=DIRECTION('',(1.,-5.70632722360792E-17,0.));
#5474=DIRECTION('',(0.,0.,1.));
#5475=DIRECTION('center_axis',(-1.11472008969504E-16,-1.,0.));
#5476=DIRECTION('ref_axis',(1.,-1.11472008969504E-16,0.));
#5477=DIRECTION('',(0.,0.,1.));
#5478=DIRECTION('',(0.,0.,1.));
#5479=DIRECTION('center_axis',(5.70632722360792E-17,1.,0.));
#5480=DIRECTION('ref_axis',(-1.,5.70632722360792E-17,0.));
#5481=DIRECTION('',(0.,0.,-1.));
#5482=DIRECTION('',(1.,-5.70632722360792E-17,0.));
#5483=DIRECTION('',(0.,0.,1.));
#5484=DIRECTION('center_axis',(-1.11472008969504E-16,-1.,0.));
#5485=DIRECTION('ref_axis',(1.,-1.11472008969504E-16,0.));
#5486=DIRECTION('',(0.,0.,1.));
#5487=DIRECTION('',(0.,0.,1.));
#5488=DIRECTION('center_axis',(5.70632722360792E-17,1.,0.));
#5489=DIRECTION('ref_axis',(-1.,5.70632722360792E-17,0.));
#5490=DIRECTION('',(0.,0.,-1.));
#5491=DIRECTION('',(1.,-5.70632722360792E-17,0.));
#5492=DIRECTION('',(0.,0.,1.));
#5493=DIRECTION('center_axis',(-1.11472008969504E-16,-1.,0.));
#5494=DIRECTION('ref_axis',(1.,-1.11472008969504E-16,0.));
#5495=DIRECTION('',(0.,0.,1.));
#5496=DIRECTION('',(0.,0.,1.));
#5497=DIRECTION('center_axis',(5.70632722360792E-17,1.,0.));
#5498=DIRECTION('ref_axis',(-1.,5.70632722360792E-17,0.));
#5499=DIRECTION('',(0.,0.,-1.));
#5500=DIRECTION('',(1.,-5.70632722360792E-17,0.));
#5501=DIRECTION('',(0.,0.,1.));
#5502=DIRECTION('center_axis',(-1.11472008969504E-16,-1.,0.));
#5503=DIRECTION('ref_axis',(1.,-1.11472008969504E-16,0.));
#5504=DIRECTION('',(0.,0.,1.));
#5505=DIRECTION('',(0.,0.,1.));
#5506=DIRECTION('center_axis',(5.70632722360792E-17,1.,0.));
#5507=DIRECTION('ref_axis',(-1.,5.70632722360792E-17,0.));
#5508=DIRECTION('',(0.,0.,-1.));
#5509=DIRECTION('',(1.,-5.70632722360792E-17,0.));
#5510=DIRECTION('',(0.,0.,1.));
#5511=DIRECTION('center_axis',(-1.11472008969504E-16,-1.,0.));
#5512=DIRECTION('ref_axis',(1.,-1.11472008969504E-16,0.));
#5513=DIRECTION('',(0.,0.,1.));
#5514=DIRECTION('',(0.,0.,1.));
#5515=DIRECTION('center_axis',(5.70632722360792E-17,1.,0.));
#5516=DIRECTION('ref_axis',(-1.,5.70632722360792E-17,0.));
#5517=DIRECTION('',(0.,0.,-1.));
#5518=DIRECTION('',(1.,-5.70632722360792E-17,0.));
#5519=DIRECTION('',(0.,0.,1.));
#5520=DIRECTION('center_axis',(-1.11472008969504E-16,-1.,0.));
#5521=DIRECTION('ref_axis',(1.,-1.11472008969504E-16,0.));
#5522=DIRECTION('',(0.,0.,1.));
#5523=DIRECTION('',(0.,0.,1.));
#5524=DIRECTION('center_axis',(5.70632722360792E-17,1.,0.));
#5525=DIRECTION('ref_axis',(-1.,5.70632722360792E-17,0.));
#5526=DIRECTION('',(0.,0.,-1.));
#5527=DIRECTION('',(1.,-5.70632722360792E-17,0.));
#5528=DIRECTION('',(0.,0.,1.));
#5529=DIRECTION('center_axis',(-1.11472008969504E-16,-1.,0.));
#5530=DIRECTION('ref_axis',(1.,-1.11472008969504E-16,0.));
#5531=DIRECTION('',(0.,0.,-1.));
#5532=DIRECTION('',(0.,0.,1.));
#5533=DIRECTION('center_axis',(1.,-1.30709652774268E-16,0.));
#5534=DIRECTION('ref_axis',(1.30709652774268E-16,1.,0.));
#5535=DIRECTION('',(0.,0.,-1.));
#5536=DIRECTION('center_axis',(1.11472008969504E-16,1.,0.));
#5537=DIRECTION('ref_axis',(-1.,1.11472008969504E-16,0.));
#5538=DIRECTION('',(0.,0.,1.));
#5539=DIRECTION('center_axis',(-2.28253088944317E-16,-1.,0.));
#5540=DIRECTION('ref_axis',(1.,-2.28253088944317E-16,0.));
#5541=DIRECTION('',(0.,0.,-1.));
#5542=DIRECTION('',(-1.,2.28253088944317E-16,0.));
#5543=DIRECTION('',(0.,0.,1.));
#5544=DIRECTION('center_axis',(1.11472008969504E-16,1.,0.));
#5545=DIRECTION('ref_axis',(-1.,1.11472008969504E-16,0.));
#5546=DIRECTION('',(0.,0.,1.));
#5547=DIRECTION('',(0.,0.,1.));
#5548=DIRECTION('center_axis',(-2.28253088944317E-16,-1.,0.));
#5549=DIRECTION('ref_axis',(1.,-2.28253088944317E-16,0.));
#5550=DIRECTION('',(0.,0.,-1.));
#5551=DIRECTION('',(-1.,2.28253088944317E-16,0.));
#5552=DIRECTION('',(0.,0.,1.));
#5553=DIRECTION('center_axis',(1.11472008969504E-16,1.,0.));
#5554=DIRECTION('ref_axis',(-1.,1.11472008969504E-16,0.));
#5555=DIRECTION('',(0.,0.,1.));
#5556=DIRECTION('',(0.,0.,1.));
#5557=DIRECTION('center_axis',(-2.28253088944317E-16,-1.,0.));
#5558=DIRECTION('ref_axis',(1.,-2.28253088944317E-16,0.));
#5559=DIRECTION('',(0.,0.,-1.));
#5560=DIRECTION('',(-1.,2.28253088944317E-16,0.));
#5561=DIRECTION('',(0.,0.,1.));
#5562=DIRECTION('center_axis',(1.11472008969504E-16,1.,0.));
#5563=DIRECTION('ref_axis',(-1.,1.11472008969504E-16,0.));
#5564=DIRECTION('',(0.,0.,1.));
#5565=DIRECTION('',(0.,0.,1.));
#5566=DIRECTION('center_axis',(-2.28253088944317E-16,-1.,0.));
#5567=DIRECTION('ref_axis',(1.,-2.28253088944317E-16,0.));
#5568=DIRECTION('',(0.,0.,-1.));
#5569=DIRECTION('',(-1.,2.28253088944317E-16,0.));
#5570=DIRECTION('',(0.,0.,1.));
#5571=DIRECTION('center_axis',(1.11472008969504E-16,1.,0.));
#5572=DIRECTION('ref_axis',(-1.,1.11472008969504E-16,0.));
#5573=DIRECTION('',(0.,0.,1.));
#5574=DIRECTION('',(0.,0.,1.));
#5575=DIRECTION('center_axis',(-2.28253088944317E-16,-1.,0.));
#5576=DIRECTION('ref_axis',(1.,-2.28253088944317E-16,0.));
#5577=DIRECTION('',(0.,0.,-1.));
#5578=DIRECTION('',(-1.,2.28253088944317E-16,0.));
#5579=DIRECTION('',(0.,0.,1.));
#5580=DIRECTION('center_axis',(1.11472008969504E-16,1.,0.));
#5581=DIRECTION('ref_axis',(-1.,1.11472008969504E-16,0.));
#5582=DIRECTION('',(0.,0.,1.));
#5583=DIRECTION('',(0.,0.,1.));
#5584=DIRECTION('center_axis',(-2.28253088944317E-16,-1.,0.));
#5585=DIRECTION('ref_axis',(1.,-2.28253088944317E-16,0.));
#5586=DIRECTION('',(0.,0.,-1.));
#5587=DIRECTION('',(-1.,2.28253088944317E-16,0.));
#5588=DIRECTION('',(0.,0.,1.));
#5589=DIRECTION('center_axis',(1.11472008969504E-16,1.,0.));
#5590=DIRECTION('ref_axis',(-1.,1.11472008969504E-16,0.));
#5591=DIRECTION('',(0.,0.,1.));
#5592=DIRECTION('',(0.,0.,1.));
#5593=DIRECTION('center_axis',(-2.28253088944317E-16,-1.,0.));
#5594=DIRECTION('ref_axis',(1.,-2.28253088944317E-16,0.));
#5595=DIRECTION('',(0.,0.,-1.));
#5596=DIRECTION('',(-1.,2.28253088944317E-16,0.));
#5597=DIRECTION('',(0.,0.,1.));
#5598=DIRECTION('center_axis',(1.11472008969504E-16,1.,0.));
#5599=DIRECTION('ref_axis',(-1.,1.11472008969504E-16,0.));
#5600=DIRECTION('',(0.,0.,1.));
#5601=DIRECTION('',(0.,0.,1.));
#5602=DIRECTION('center_axis',(-2.28253088944317E-16,-1.,0.));
#5603=DIRECTION('ref_axis',(1.,-2.28253088944317E-16,0.));
#5604=DIRECTION('',(0.,0.,-1.));
#5605=DIRECTION('',(-1.,2.28253088944317E-16,0.));
#5606=DIRECTION('',(0.,0.,1.));
#5607=DIRECTION('center_axis',(-2.28253088944317E-16,-1.,0.));
#5608=DIRECTION('ref_axis',(1.,-2.28253088944317E-16,0.));
#5609=DIRECTION('',(0.,0.,-1.));
#5610=DIRECTION('',(-1.,2.28253088944317E-16,0.));
#5611=DIRECTION('',(0.,0.,1.));
#5612=DIRECTION('center_axis',(-2.28253088944317E-16,-1.,0.));
#5613=DIRECTION('ref_axis',(1.,-2.28253088944317E-16,0.));
#5614=DIRECTION('',(0.,0.,-1.));
#5615=DIRECTION('',(-1.,2.28253088944317E-16,0.));
#5616=DIRECTION('',(0.,0.,1.));
#5617=DIRECTION('center_axis',(-2.28253088944317E-16,-1.,0.));
#5618=DIRECTION('ref_axis',(1.,-2.28253088944317E-16,0.));
#5619=DIRECTION('',(0.,0.,-1.));
#5620=DIRECTION('',(-1.,2.28253088944317E-16,0.));
#5621=DIRECTION('',(0.,0.,1.));
#5622=DIRECTION('center_axis',(-2.28253088944317E-16,-1.,0.));
#5623=DIRECTION('ref_axis',(1.,-2.28253088944317E-16,0.));
#5624=DIRECTION('',(0.,0.,-1.));
#5625=DIRECTION('',(-1.,2.28253088944317E-16,0.));
#5626=DIRECTION('',(0.,0.,1.));
#5627=DIRECTION('center_axis',(-2.28253088944317E-16,-1.,0.));
#5628=DIRECTION('ref_axis',(1.,-2.28253088944317E-16,0.));
#5629=DIRECTION('',(0.,0.,-1.));
#5630=DIRECTION('',(-1.,2.28253088944317E-16,0.));
#5631=DIRECTION('',(0.,0.,1.));
#5632=DIRECTION('center_axis',(-2.28253088944317E-16,-1.,0.));
#5633=DIRECTION('ref_axis',(1.,-2.28253088944317E-16,0.));
#5634=DIRECTION('',(0.,0.,-1.));
#5635=DIRECTION('',(-1.,2.28253088944317E-16,0.));
#5636=DIRECTION('',(0.,0.,1.));
#5637=DIRECTION('center_axis',(-2.28253088944317E-16,-1.,0.));
#5638=DIRECTION('ref_axis',(1.,-2.28253088944317E-16,0.));
#5639=DIRECTION('',(0.,0.,-1.));
#5640=DIRECTION('',(-1.,2.28253088944317E-16,0.));
#5641=DIRECTION('',(0.,0.,1.));
#5642=DIRECTION('center_axis',(-2.28253088944317E-16,-1.,0.));
#5643=DIRECTION('ref_axis',(1.,-2.28253088944317E-16,0.));
#5644=DIRECTION('',(0.,0.,-1.));
#5645=DIRECTION('',(-1.,2.28253088944317E-16,0.));
#5646=DIRECTION('',(0.,0.,1.));
#5647=DIRECTION('center_axis',(5.70632722360792E-17,1.,0.));
#5648=DIRECTION('ref_axis',(-1.,5.70632722360792E-17,0.));
#5649=DIRECTION('',(0.,0.,-1.));
#5650=DIRECTION('',(1.,-5.70632722360792E-17,0.));
#5651=DIRECTION('',(0.,0.,1.));
#5652=DIRECTION('center_axis',(5.70632722360792E-17,1.,0.));
#5653=DIRECTION('ref_axis',(-1.,5.70632722360792E-17,0.));
#5654=DIRECTION('',(0.,0.,-1.));
#5655=DIRECTION('',(1.,-5.70632722360792E-17,0.));
#5656=DIRECTION('',(0.,0.,1.));
#5657=DIRECTION('center_axis',(5.70632722360792E-17,1.,0.));
#5658=DIRECTION('ref_axis',(-1.,5.70632722360792E-17,0.));
#5659=DIRECTION('',(0.,0.,-1.));
#5660=DIRECTION('',(1.,-5.70632722360792E-17,0.));
#5661=DIRECTION('',(0.,0.,1.));
#5662=DIRECTION('center_axis',(5.70632722360792E-17,1.,0.));
#5663=DIRECTION('ref_axis',(-1.,5.70632722360792E-17,0.));
#5664=DIRECTION('',(0.,0.,-1.));
#5665=DIRECTION('',(1.,-5.70632722360792E-17,0.));
#5666=DIRECTION('',(0.,0.,1.));
#5667=DIRECTION('center_axis',(5.70632722360792E-17,1.,0.));
#5668=DIRECTION('ref_axis',(-1.,5.70632722360792E-17,0.));
#5669=DIRECTION('',(0.,0.,-1.));
#5670=DIRECTION('',(1.,-5.70632722360792E-17,0.));
#5671=DIRECTION('',(0.,0.,1.));
#5672=DIRECTION('center_axis',(5.70632722360792E-17,1.,0.));
#5673=DIRECTION('ref_axis',(-1.,5.70632722360792E-17,0.));
#5674=DIRECTION('',(0.,0.,-1.));
#5675=DIRECTION('',(1.,-5.70632722360792E-17,0.));
#5676=DIRECTION('',(0.,0.,1.));
#5677=DIRECTION('center_axis',(5.70632722360792E-17,1.,0.));
#5678=DIRECTION('ref_axis',(-1.,5.70632722360792E-17,0.));
#5679=DIRECTION('',(0.,0.,-1.));
#5680=DIRECTION('',(1.,-5.70632722360792E-17,0.));
#5681=DIRECTION('',(0.,0.,1.));
#5682=DIRECTION('center_axis',(5.70632722360792E-17,1.,0.));
#5683=DIRECTION('ref_axis',(-1.,5.70632722360792E-17,0.));
#5684=DIRECTION('',(0.,0.,-1.));
#5685=DIRECTION('',(1.,-5.70632722360792E-17,0.));
#5686=DIRECTION('',(0.,0.,1.));
#5687=DIRECTION('center_axis',(0.,0.,-1.));
#5688=DIRECTION('ref_axis',(-1.,0.,0.));
#5689=DIRECTION('',(0.,1.,0.));
#5690=DIRECTION('',(0.,-1.,0.));
#5691=DIRECTION('center_axis',(0.,0.,-1.));
#5692=DIRECTION('ref_axis',(-1.,0.,0.));
#5693=DIRECTION('',(0.,1.,0.));
#5694=DIRECTION('',(0.,-1.,0.));
#5695=DIRECTION('center_axis',(0.,0.,-1.));
#5696=DIRECTION('ref_axis',(-1.,0.,0.));
#5697=DIRECTION('',(0.,1.,0.));
#5698=DIRECTION('',(0.,-1.,0.));
#5699=DIRECTION('center_axis',(0.,0.,-1.));
#5700=DIRECTION('ref_axis',(-1.,0.,0.));
#5701=DIRECTION('',(0.,1.,0.));
#5702=DIRECTION('',(0.,-1.,0.));
#5703=DIRECTION('center_axis',(0.,0.,-1.));
#5704=DIRECTION('ref_axis',(-1.,0.,0.));
#5705=DIRECTION('',(0.,1.,0.));
#5706=DIRECTION('',(0.,-1.,0.));
#5707=DIRECTION('center_axis',(0.,0.,-1.));
#5708=DIRECTION('ref_axis',(-1.,0.,0.));
#5709=DIRECTION('',(0.,1.,0.));
#5710=DIRECTION('',(0.,-1.,0.));
#5711=DIRECTION('center_axis',(0.,0.,-1.));
#5712=DIRECTION('ref_axis',(-1.,0.,0.));
#5713=DIRECTION('',(0.,1.,0.));
#5714=DIRECTION('',(0.,-1.,0.));
#5715=DIRECTION('center_axis',(0.,0.,-1.));
#5716=DIRECTION('ref_axis',(-1.,0.,0.));
#5717=DIRECTION('',(0.,1.,0.));
#5718=DIRECTION('',(0.,-1.,0.));
#5719=DIRECTION('center_axis',(0.,0.,-1.));
#5720=DIRECTION('ref_axis',(-1.,0.,0.));
#5721=DIRECTION('',(0.,1.,0.));
#5722=DIRECTION('',(0.,-1.,0.));
#5723=DIRECTION('center_axis',(0.,0.,-1.));
#5724=DIRECTION('ref_axis',(-1.,0.,0.));
#5725=DIRECTION('',(0.,1.,0.));
#5726=DIRECTION('',(0.,-1.,0.));
#5727=DIRECTION('center_axis',(0.,0.,-1.));
#5728=DIRECTION('ref_axis',(-1.,0.,0.));
#5729=DIRECTION('',(0.,1.,0.));
#5730=DIRECTION('',(0.,-1.,0.));
#5731=DIRECTION('center_axis',(0.,0.,-1.));
#5732=DIRECTION('ref_axis',(-1.,0.,0.));
#5733=DIRECTION('',(0.,1.,0.));
#5734=DIRECTION('',(0.,-1.,0.));
#5735=DIRECTION('center_axis',(0.,0.,-1.));
#5736=DIRECTION('ref_axis',(-1.,0.,0.));
#5737=DIRECTION('',(0.,1.,0.));
#5738=DIRECTION('',(0.,-1.,0.));
#5739=DIRECTION('center_axis',(0.,0.,-1.));
#5740=DIRECTION('ref_axis',(-1.,0.,0.));
#5741=DIRECTION('',(0.,1.,0.));
#5742=DIRECTION('',(0.,-1.,0.));
#5743=DIRECTION('center_axis',(0.,0.,-1.));
#5744=DIRECTION('ref_axis',(-1.,0.,0.));
#5745=DIRECTION('',(0.,1.,0.));
#5746=DIRECTION('',(0.,-1.,0.));
#5747=DIRECTION('center_axis',(0.,0.,-1.));
#5748=DIRECTION('ref_axis',(-1.,0.,0.));
#5749=DIRECTION('',(0.,1.,0.));
#5750=DIRECTION('',(0.,-1.,0.));
#5751=DIRECTION('center_axis',(-1.,7.74430123203932E-17,0.));
#5752=DIRECTION('ref_axis',(-7.74430123203932E-17,-1.,0.));
#5753=DIRECTION('center_axis',(1.,0.,0.));
#5754=DIRECTION('ref_axis',(0.,0.,-1.));
#5755=DIRECTION('center_axis',(-1.,7.74430123203932E-17,0.));
#5756=DIRECTION('ref_axis',(-7.74430123203932E-17,-1.,0.));
#5757=DIRECTION('center_axis',(1.,0.,0.));
#5758=DIRECTION('ref_axis',(0.,0.,-1.));
#5759=DIRECTION('center_axis',(-1.,7.74430123203932E-17,0.));
#5760=DIRECTION('ref_axis',(-7.74430123203932E-17,-1.,0.));
#5761=DIRECTION('center_axis',(1.,0.,0.));
#5762=DIRECTION('ref_axis',(0.,0.,-1.));
#5763=DIRECTION('center_axis',(-1.,7.74430123203932E-17,0.));
#5764=DIRECTION('ref_axis',(-7.74430123203932E-17,-1.,0.));
#5765=DIRECTION('center_axis',(1.,0.,0.));
#5766=DIRECTION('ref_axis',(0.,0.,-1.));
#5767=DIRECTION('center_axis',(-1.,7.74430123203932E-17,0.));
#5768=DIRECTION('ref_axis',(-7.74430123203932E-17,-1.,0.));
#5769=DIRECTION('center_axis',(1.,0.,0.));
#5770=DIRECTION('ref_axis',(0.,0.,-1.));
#5771=DIRECTION('center_axis',(-1.,7.74430123203932E-17,0.));
#5772=DIRECTION('ref_axis',(-7.74430123203932E-17,-1.,0.));
#5773=DIRECTION('center_axis',(1.,0.,0.));
#5774=DIRECTION('ref_axis',(0.,0.,-1.));
#5775=DIRECTION('center_axis',(-1.,7.74430123203932E-17,0.));
#5776=DIRECTION('ref_axis',(-7.74430123203932E-17,-1.,0.));
#5777=DIRECTION('center_axis',(1.,0.,0.));
#5778=DIRECTION('ref_axis',(0.,0.,-1.));
#5779=DIRECTION('center_axis',(-1.,7.74430123203932E-17,0.));
#5780=DIRECTION('ref_axis',(-7.74430123203932E-17,-1.,0.));
#5781=DIRECTION('center_axis',(1.,0.,0.));
#5782=DIRECTION('ref_axis',(0.,0.,-1.));
#5783=DIRECTION('center_axis',(1.,0.,0.));
#5784=DIRECTION('ref_axis',(0.,0.,-1.));
#5785=DIRECTION('center_axis',(-1.,7.74430123203932E-17,0.));
#5786=DIRECTION('ref_axis',(-7.74430123203932E-17,-1.,0.));
#5787=DIRECTION('center_axis',(1.,0.,0.));
#5788=DIRECTION('ref_axis',(0.,0.,-1.));
#5789=DIRECTION('center_axis',(-1.,7.74430123203932E-17,0.));
#5790=DIRECTION('ref_axis',(-7.74430123203932E-17,-1.,0.));
#5791=DIRECTION('center_axis',(1.,0.,0.));
#5792=DIRECTION('ref_axis',(0.,0.,-1.));
#5793=DIRECTION('center_axis',(-1.,7.74430123203932E-17,0.));
#5794=DIRECTION('ref_axis',(-7.74430123203932E-17,-1.,0.));
#5795=DIRECTION('center_axis',(1.,0.,0.));
#5796=DIRECTION('ref_axis',(0.,0.,-1.));
#5797=DIRECTION('center_axis',(-1.,7.74430123203932E-17,0.));
#5798=DIRECTION('ref_axis',(-7.74430123203932E-17,-1.,0.));
#5799=DIRECTION('center_axis',(1.,0.,0.));
#5800=DIRECTION('ref_axis',(0.,0.,-1.));
#5801=DIRECTION('center_axis',(-1.,7.74430123203932E-17,0.));
#5802=DIRECTION('ref_axis',(-7.74430123203932E-17,-1.,0.));
#5803=DIRECTION('center_axis',(1.,0.,0.));
#5804=DIRECTION('ref_axis',(0.,0.,-1.));
#5805=DIRECTION('center_axis',(-1.,7.74430123203932E-17,0.));
#5806=DIRECTION('ref_axis',(-7.74430123203932E-17,-1.,0.));
#5807=DIRECTION('center_axis',(1.,0.,0.));
#5808=DIRECTION('ref_axis',(0.,0.,-1.));
#5809=DIRECTION('center_axis',(-1.,7.74430123203932E-17,0.));
#5810=DIRECTION('ref_axis',(-7.74430123203932E-17,-1.,0.));
#5811=DIRECTION('center_axis',(1.,0.,0.));
#5812=DIRECTION('ref_axis',(0.,0.,-1.));
#5813=DIRECTION('center_axis',(-1.,7.74430123203932E-17,0.));
#5814=DIRECTION('ref_axis',(-7.74430123203932E-17,-1.,0.));
#5815=DIRECTION('center_axis',(0.,0.,-1.));
#5816=DIRECTION('ref_axis',(-1.,0.,0.));
#5817=DIRECTION('center_axis',(0.,0.,-1.));
#5818=DIRECTION('ref_axis',(-1.,0.,0.));
#5819=CARTESIAN_POINT('',(0.,0.,0.));
#5820=CARTESIAN_POINT('Origin',(2.79,0.,-4.9));
#5821=CARTESIAN_POINT('',(2.24,-6.73555739531044E-17,-3.5));
#5822=CARTESIAN_POINT('Origin',(2.79,0.,-3.5));
#5823=CARTESIAN_POINT('',(2.24,-6.73555739531044E-17,-4.69999999999999));
#5824=CARTESIAN_POINT('',(2.24,-6.73555739531044E-17,-4.9));
#5825=CARTESIAN_POINT('Origin',(2.79,0.,-4.69999999999999));
#5826=CARTESIAN_POINT('Origin',(18.03,0.,-4.9));
#5827=CARTESIAN_POINT('',(17.48,-6.73555739531042E-17,-3.5));
#5828=CARTESIAN_POINT('Origin',(18.03,0.,-3.5));
#5829=CARTESIAN_POINT('',(17.48,-6.73555739531042E-17,-4.7));
#5830=CARTESIAN_POINT('',(17.48,-6.73555739531042E-17,-4.9));
#5831=CARTESIAN_POINT('Origin',(18.03,0.,-4.7));
#5832=CARTESIAN_POINT('Origin',(2.79,0.,-4.69999999995707));
#5833=CARTESIAN_POINT('',(2.43999999996966,-4.2862637973873E-17,-4.89999999996371));
#5834=CARTESIAN_POINT('',(2.23999999996302,-6.73555739576332E-17,-4.69999999995707));
#5835=CARTESIAN_POINT('Origin',(2.79,0.,-4.89999999996371));
#5836=CARTESIAN_POINT('Origin',(18.03,0.,-4.70000000007076));
#5837=CARTESIAN_POINT('',(17.6800000000208,-4.28626379676088E-17,-4.90000000002056));
#5838=CARTESIAN_POINT('',(17.480000000071,-6.73555739444077E-17,-4.70000000007076));
#5839=CARTESIAN_POINT('Origin',(18.03,0.,-4.90000000002055));
#5840=CARTESIAN_POINT('Origin',(0.,0.,0.));
#5841=CARTESIAN_POINT('',(20.82,-2.54,0.));
#5842=CARTESIAN_POINT('',(20.82,2.54,0.));
#5843=CARTESIAN_POINT('',(20.82,0.,0.));
#5844=CARTESIAN_POINT('',(5.33701215773335E-16,2.54,0.));
#5845=CARTESIAN_POINT('',(0.,2.54,0.));
#5846=CARTESIAN_POINT('',(6.17221986770266E-16,-2.54,0.));
#5847=CARTESIAN_POINT('',(6.17221986770266E-16,0.,0.));
#5848=CARTESIAN_POINT('',(0.,-2.54,0.));
#5849=CARTESIAN_POINT('',(2.22,-1.97,1.46819044190745E-17));
#5850=CARTESIAN_POINT('',(0.820000000000002,-1.97,-1.36654648823694E-16));
#5851=CARTESIAN_POINT('',(0.,-1.97,0.));
#5852=CARTESIAN_POINT('',(0.820000000000002,-0.57,-8.9177350114325E-17));
#5853=CARTESIAN_POINT('',(0.820000000000002,0.,0.));
#5854=CARTESIAN_POINT('',(2.22,-0.570000000000001,5.13866654667609E-17));
#5855=CARTESIAN_POINT('',(0.,-0.57,0.));
#5856=CARTESIAN_POINT('',(2.22,0.,0.));
#5857=CARTESIAN_POINT('',(2.22,0.57,1.18584612615602E-16));
#5858=CARTESIAN_POINT('',(0.820000000000002,0.57,7.90564084104014E-18));
#5859=CARTESIAN_POINT('',(0.,0.570000000000001,0.));
#5860=CARTESIAN_POINT('',(0.820000000000002,1.97,-1.32137139771671E-16));
#5861=CARTESIAN_POINT('',(0.820000000000002,0.,0.));
#5862=CARTESIAN_POINT('',(2.22,1.97,-1.18584612615602E-17));
#5863=CARTESIAN_POINT('',(0.,1.97,0.));
#5864=CARTESIAN_POINT('',(2.22,0.,0.));
#5865=CARTESIAN_POINT('',(4.76,-1.97,4.12222700997093E-16));
#5866=CARTESIAN_POINT('',(3.36,-1.97,-2.37169225231204E-17));
#5867=CARTESIAN_POINT('',(0.,-1.97,0.));
#5868=CARTESIAN_POINT('',(3.36,-0.57,-1.50163722316635E-16));
#5869=CARTESIAN_POINT('',(3.36,0.,0.));
#5870=CARTESIAN_POINT('',(4.76,-0.57,1.91429446079472E-16));
#5871=CARTESIAN_POINT('',(0.,-0.57,0.));
#5872=CARTESIAN_POINT('',(4.76,0.,0.));
#5873=CARTESIAN_POINT('',(4.76,0.57,3.94152664789001E-16));
#5874=CARTESIAN_POINT('',(3.36,0.57,-1.01643953670516E-17));
#5875=CARTESIAN_POINT('',(0.,0.570000000000001,0.));
#5876=CARTESIAN_POINT('',(3.36,1.97,-1.29413598241519E-16));
#5877=CARTESIAN_POINT('',(3.36,0.,0.));
#5878=CARTESIAN_POINT('',(4.76,1.97,1.91429446079472E-16));
#5879=CARTESIAN_POINT('',(0.,1.97,0.));
#5880=CARTESIAN_POINT('',(4.76,0.,0.));
#5881=CARTESIAN_POINT('',(7.3,-1.97,5.64688631502858E-18));
#5882=CARTESIAN_POINT('',(5.9,-1.97,-8.69620492514415E-17));
#5883=CARTESIAN_POINT('',(0.,-1.97,0.));
#5884=CARTESIAN_POINT('',(5.9,-0.570000000000002,-1.08598293671711E-16));
#5885=CARTESIAN_POINT('',(5.9,0.,0.));
#5886=CARTESIAN_POINT('',(7.3,-0.570000000000002,3.3316629258669E-17));
#5887=CARTESIAN_POINT('',(0.,-0.570000000000002,0.));
#5888=CARTESIAN_POINT('',(7.3,0.,0.));
#5889=CARTESIAN_POINT('',(7.3,0.57,1.09549594511556E-16));
#5890=CARTESIAN_POINT('',(5.9,0.57,3.95282042052007E-17));
#5891=CARTESIAN_POINT('',(0.,0.57,0.));
#5892=CARTESIAN_POINT('',(5.9,1.97,-1.91307817620546E-16));
#5893=CARTESIAN_POINT('',(5.9,0.,0.));
#5894=CARTESIAN_POINT('',(7.3,1.97,-3.89635155736979E-17));
#5895=CARTESIAN_POINT('',(0.,1.97,0.));
#5896=CARTESIAN_POINT('',(7.3,0.,0.));
#5897=CARTESIAN_POINT('',(9.84,-1.97,6.43745039913268E-17));
#5898=CARTESIAN_POINT('',(8.44,-1.97,2.56368638702302E-16));
#5899=CARTESIAN_POINT('',(0.,-1.97,0.));
#5900=CARTESIAN_POINT('',(8.44,-0.57,2.1666235807394E-16));
#5901=CARTESIAN_POINT('',(8.44,0.,0.));
#5902=CARTESIAN_POINT('',(9.84,-0.570000000000001,6.49391926228296E-17));
#5903=CARTESIAN_POINT('',(0.,-0.57,0.));
#5904=CARTESIAN_POINT('',(9.84,0.,0.));
#5905=CARTESIAN_POINT('',(9.84,0.57,1.23102121667625E-16));
#5906=CARTESIAN_POINT('',(8.44,0.57,3.51236328794783E-16));
#5907=CARTESIAN_POINT('',(0.,0.570000000000001,0.));
#5908=CARTESIAN_POINT('',(8.44,1.97,2.2295210781627E-16));
#5909=CARTESIAN_POINT('',(8.44,0.,0.));
#5910=CARTESIAN_POINT('',(9.84,1.97,4.23516473627149E-17));
#5911=CARTESIAN_POINT('',(0.,1.97,0.));
#5912=CARTESIAN_POINT('',(9.84,0.,0.));
#5913=CARTESIAN_POINT('',(12.38,-1.97,1.01643953670516E-17));
#5914=CARTESIAN_POINT('',(10.98,-1.97,-1.23102121667625E-16));
#5915=CARTESIAN_POINT('',(0.,-1.97,0.));
#5916=CARTESIAN_POINT('',(10.98,-0.57,-1.52400750011082E-16));
#5917=CARTESIAN_POINT('',(10.98,0.,0.));
#5918=CARTESIAN_POINT('',(12.38,-0.570000000000001,4.2351647362715E-17));
#5919=CARTESIAN_POINT('',(0.,-0.57,0.));
#5920=CARTESIAN_POINT('',(12.38,0.,0.));
#5921=CARTESIAN_POINT('',(12.38,0.57,1.23102121667625E-16));
#5922=CARTESIAN_POINT('',(10.98,0.57,1.24231498930631E-17));
#5923=CARTESIAN_POINT('',(0.,0.570000000000001,0.));
#5924=CARTESIAN_POINT('',(10.98,1.97,-6.25588096378921E-17));
#5925=CARTESIAN_POINT('',(10.98,0.,0.));
#5926=CARTESIAN_POINT('',(12.38,1.97,9.65617559869903E-17));
#5927=CARTESIAN_POINT('',(0.,1.97,0.));
#5928=CARTESIAN_POINT('',(12.38,0.,0.));
#5929=CARTESIAN_POINT('',(14.92,-1.97,7.14895807482629E-16));
#5930=CARTESIAN_POINT('',(13.52,-1.97,-3.62530101424841E-16));
#5931=CARTESIAN_POINT('',(0.,-1.97,0.));
#5932=CARTESIAN_POINT('',(13.52,-0.57,-4.20306418261293E-16));
#5933=CARTESIAN_POINT('',(13.52,0.,0.));
#5934=CARTESIAN_POINT('',(14.92,-0.57,3.72129808160389E-16));
#5935=CARTESIAN_POINT('',(0.,-0.57,0.));
#5936=CARTESIAN_POINT('',(14.92,0.,0.));
#5937=CARTESIAN_POINT('',(14.92,0.57,7.4651837084679E-16));
#5938=CARTESIAN_POINT('',(13.52,0.57,-2.5410988417629E-16));
#5939=CARTESIAN_POINT('',(0.,0.57,0.));
#5940=CARTESIAN_POINT('',(13.52,1.97,-4.77726582251425E-16));
#5941=CARTESIAN_POINT('',(13.52,0.,0.));
#5942=CARTESIAN_POINT('',(14.92,1.97,3.40507244796229E-16));
#5943=CARTESIAN_POINT('',(0.,1.97,0.));
#5944=CARTESIAN_POINT('',(14.92,0.,0.));
#5945=CARTESIAN_POINT('',(17.46,-1.97,5.98569949393038E-17));
#5946=CARTESIAN_POINT('',(16.06,-1.97,7.90564084104019E-18));
#5947=CARTESIAN_POINT('',(0.,-1.97,0.));
#5948=CARTESIAN_POINT('',(16.06,-0.570000000000002,-1.08598293671711E-16));
#5949=CARTESIAN_POINT('',(16.06,0.,0.));
#5950=CARTESIAN_POINT('',(17.46,-0.570000000000002,3.3316629258669E-17));
#5951=CARTESIAN_POINT('',(0.,-0.570000000000002,0.));
#5952=CARTESIAN_POINT('',(17.46,0.,0.));
#5953=CARTESIAN_POINT('',(17.46,0.57,5.53394858872809E-17));
#5954=CARTESIAN_POINT('',(16.06,0.57,3.04931861011549E-17));
#5955=CARTESIAN_POINT('',(0.,0.570000000000001,0.));
#5956=CARTESIAN_POINT('',(16.06,1.97,-1.1586107108545E-16));
#5957=CARTESIAN_POINT('',(16.06,0.,0.));
#5958=CARTESIAN_POINT('',(17.46,1.97,1.52465930505774E-17));
#5959=CARTESIAN_POINT('',(0.,1.97,0.));
#5960=CARTESIAN_POINT('',(17.46,0.,0.));
#5961=CARTESIAN_POINT('',(20.,-1.97,5.64688631502854E-18));
#5962=CARTESIAN_POINT('',(18.6,-1.97,-8.69620492514415E-17));
#5963=CARTESIAN_POINT('',(0.,-1.97,0.));
#5964=CARTESIAN_POINT('',(18.6,-0.570000000000002,-1.08598293671711E-16));
#5965=CARTESIAN_POINT('',(18.6,0.,0.));
#5966=CARTESIAN_POINT('',(20.,-0.570000000000002,6.04216835708066E-17));
#5967=CARTESIAN_POINT('',(0.,-0.570000000000002,0.));
#5968=CARTESIAN_POINT('',(20.,0.,0.));
#5969=CARTESIAN_POINT('',(20.,0.570000000000001,6.88920130433497E-17));
#5970=CARTESIAN_POINT('',(18.6,0.57,3.04931861011549E-17));
#5971=CARTESIAN_POINT('',(0.,0.570000000000001,0.));
#5972=CARTESIAN_POINT('',(18.6,1.97,-6.84272260392089E-17));
#5973=CARTESIAN_POINT('',(18.6,0.,0.));
#5974=CARTESIAN_POINT('',(20.,1.97,5.59041745187838E-17));
#5975=CARTESIAN_POINT('',(0.,1.97,0.));
#5976=CARTESIAN_POINT('',(20.,0.,0.));
#5977=CARTESIAN_POINT('Origin',(6.17221986770266E-16,2.54,-3.5));
#5978=CARTESIAN_POINT('',(20.82,2.54,-3.2));
#5979=CARTESIAN_POINT('',(20.82,2.54,-3.5));
#5980=CARTESIAN_POINT('',(2.25090222388202E-16,2.54,-3.2));
#5981=CARTESIAN_POINT('',(6.17221986770266E-16,2.54,-3.2));
#5982=CARTESIAN_POINT('',(2.83138902782541E-16,2.54,-3.5));
#5983=CARTESIAN_POINT('Origin',(20.82,2.54,-3.5));
#5984=CARTESIAN_POINT('',(20.82,-2.54,-3.2));
#5985=CARTESIAN_POINT('',(20.82,-2.54,-3.5));
#5986=CARTESIAN_POINT('',(20.82,-1.97,-3.2));
#5987=CARTESIAN_POINT('',(20.82,2.54,-3.2));
#5988=CARTESIAN_POINT('',(20.82,-1.97,-3.5));
#5989=CARTESIAN_POINT('',(20.82,-1.97,-3.5));
#5990=CARTESIAN_POINT('',(20.82,1.97,-3.5));
#5991=CARTESIAN_POINT('',(20.82,2.54,-3.5));
#5992=CARTESIAN_POINT('',(20.82,1.97,-3.2));
#5993=CARTESIAN_POINT('',(20.82,1.97,-3.5));
#5994=CARTESIAN_POINT('',(20.82,2.54,-3.2));
#5995=CARTESIAN_POINT('Origin',(6.17221986770266E-16,-2.54,-3.5));
#5996=CARTESIAN_POINT('',(3.08610993385133E-16,-2.54,-3.2));
#5997=CARTESIAN_POINT('',(6.17221986770266E-16,-2.54,-3.5));
#5998=CARTESIAN_POINT('',(6.17221986770266E-16,-2.54,-3.2));
#5999=CARTESIAN_POINT('Origin',(6.17221986770266E-16,2.54,-3.5));
#6000=CARTESIAN_POINT('',(6.17221986770266E-16,2.54,-3.2));
#6001=CARTESIAN_POINT('Origin',(1.12,-0.87,-0.3));
#6002=CARTESIAN_POINT('',(1.12,-1.67,-0.3));
#6003=CARTESIAN_POINT('',(0.820000000000002,-1.97,1.0842021724855E-16));
#6004=CARTESIAN_POINT('',(1.12,-0.87,-0.3));
#6005=CARTESIAN_POINT('',(1.12,-0.87,-0.3));
#6006=CARTESIAN_POINT('',(1.12,-0.87,-0.3));
#6007=CARTESIAN_POINT('Origin',(1.12,-1.67,-0.3));
#6008=CARTESIAN_POINT('',(1.92,-1.67,-0.3));
#6009=CARTESIAN_POINT('',(2.22,-1.97,-1.76182853028894E-16));
#6010=CARTESIAN_POINT('',(1.12,-1.67,-0.3));
#6011=CARTESIAN_POINT('Origin',(1.92,-0.870000000000001,-0.3));
#6012=CARTESIAN_POINT('',(1.92,-0.87,-0.3));
#6013=CARTESIAN_POINT('',(2.22,-0.570000000000001,1.0842021724855E-16));
#6014=CARTESIAN_POINT('',(1.92,-0.870000000000001,-0.3));
#6015=CARTESIAN_POINT('Origin',(1.12,-0.87,-0.3));
#6016=CARTESIAN_POINT('',(1.12,-0.87,-0.3));
#6017=CARTESIAN_POINT('Origin',(1.12,1.67,-0.3));
#6018=CARTESIAN_POINT('',(1.12,0.87,-0.3));
#6019=CARTESIAN_POINT('',(0.820000000000002,0.57,1.0842021724855E-16));
#6020=CARTESIAN_POINT('',(1.12,1.67,-0.3));
#6021=CARTESIAN_POINT('',(1.12,1.67,-0.3));
#6022=CARTESIAN_POINT('',(1.12,1.67,-0.3));
#6023=CARTESIAN_POINT('Origin',(1.12,0.87,-0.3));
#6024=CARTESIAN_POINT('',(1.92,0.87,-0.3));
#6025=CARTESIAN_POINT('',(2.22,0.57,4.06575814682064E-17));
#6026=CARTESIAN_POINT('',(1.12,0.87,-0.3));
#6027=CARTESIAN_POINT('Origin',(1.92,1.67,-0.3));
#6028=CARTESIAN_POINT('',(1.92,1.67,-0.3));
#6029=CARTESIAN_POINT('',(2.22,1.97,1.0842021724855E-16));
#6030=CARTESIAN_POINT('',(1.92,1.67,-0.3));
#6031=CARTESIAN_POINT('Origin',(1.12,1.67,-0.3));
#6032=CARTESIAN_POINT('',(1.12,1.67,-0.3));
#6033=CARTESIAN_POINT('Origin',(3.66,-0.87,-0.3));
#6034=CARTESIAN_POINT('',(3.66,-1.67,-0.3));
#6035=CARTESIAN_POINT('',(3.36,-1.97,-5.42101086242752E-17));
#6036=CARTESIAN_POINT('',(3.66,-0.87,-0.3));
#6037=CARTESIAN_POINT('',(3.66,-0.87,-0.3));
#6038=CARTESIAN_POINT('',(3.66,-0.87,-0.3));
#6039=CARTESIAN_POINT('Origin',(3.66,-1.67,-0.3));
#6040=CARTESIAN_POINT('',(4.46,-1.67,-0.3));
#6041=CARTESIAN_POINT('',(4.76,-1.97,-6.77626357803438E-17));
#6042=CARTESIAN_POINT('',(3.66,-1.67,-0.3));
#6043=CARTESIAN_POINT('Origin',(4.46,-0.870000000000001,-0.3));
#6044=CARTESIAN_POINT('',(4.46,-0.87,-0.3));
#6045=CARTESIAN_POINT('',(4.76,-0.57,6.50521303491303E-16));
#6046=CARTESIAN_POINT('',(4.46,-0.870000000000001,-0.3));
#6047=CARTESIAN_POINT('Origin',(3.66,-0.87,-0.3));
#6048=CARTESIAN_POINT('',(3.66,-0.87,-0.3));
#6049=CARTESIAN_POINT('Origin',(3.66,1.67,-0.3));
#6050=CARTESIAN_POINT('',(3.66,0.87,-0.3));
#6051=CARTESIAN_POINT('',(3.36,0.57,-5.42101086242752E-17));
#6052=CARTESIAN_POINT('',(3.66,1.67,-0.3));
#6053=CARTESIAN_POINT('',(3.66,1.67,-0.3));
#6054=CARTESIAN_POINT('',(3.66,1.67,-0.3));
#6055=CARTESIAN_POINT('Origin',(3.66,0.87,-0.3));
#6056=CARTESIAN_POINT('',(4.46,0.87,-0.3));
#6057=CARTESIAN_POINT('',(4.76,0.57,4.06575814682066E-17));
#6058=CARTESIAN_POINT('',(3.66,0.87,-0.3));
#6059=CARTESIAN_POINT('Origin',(4.46,1.67,-0.3));
#6060=CARTESIAN_POINT('',(4.46,1.67,-0.3));
#6061=CARTESIAN_POINT('',(4.76,1.97,6.50521303491303E-16));
#6062=CARTESIAN_POINT('',(4.46,1.67,-0.3));
#6063=CARTESIAN_POINT('Origin',(3.66,1.67,-0.3));
#6064=CARTESIAN_POINT('',(3.66,1.67,-0.3));
#6065=CARTESIAN_POINT('Origin',(6.2,-0.87,-0.299999999999998));
#6066=CARTESIAN_POINT('',(6.2,-1.67,-0.299999999999998));
#6067=CARTESIAN_POINT('',(5.9,-1.97,5.42101086242752E-17));
#6068=CARTESIAN_POINT('',(6.2,-0.87,-0.299999999999998));
#6069=CARTESIAN_POINT('',(6.2,-0.87,-0.299999999999998));
#6070=CARTESIAN_POINT('',(6.2,-0.87,-0.299999999999998));
#6071=CARTESIAN_POINT('Origin',(6.2,-1.67,-0.299999999999998));
#6072=CARTESIAN_POINT('',(7.,-1.67,-0.299999999999998));
#6073=CARTESIAN_POINT('',(7.3,-1.97,-2.84603070277445E-16));
#6074=CARTESIAN_POINT('',(6.2,-1.67,-0.299999999999998));
#6075=CARTESIAN_POINT('Origin',(7.,-0.870000000000001,-0.299999999999998));
#6076=CARTESIAN_POINT('',(7.,-0.87,-0.299999999999998));
#6077=CARTESIAN_POINT('',(7.3,-0.570000000000002,5.42101086242752E-17));
#6078=CARTESIAN_POINT('',(7.,-0.870000000000001,-0.299999999999998));
#6079=CARTESIAN_POINT('Origin',(6.2,-0.87,-0.299999999999998));
#6080=CARTESIAN_POINT('',(6.2,-0.87,-0.299999999999998));
#6081=CARTESIAN_POINT('Origin',(6.2,1.67,-0.3));
#6082=CARTESIAN_POINT('',(6.2,0.87,-0.3));
#6083=CARTESIAN_POINT('',(5.9,0.57,5.42101086242752E-17));
#6084=CARTESIAN_POINT('',(6.2,1.67,-0.3));
#6085=CARTESIAN_POINT('',(6.2,1.67,-0.3));
#6086=CARTESIAN_POINT('',(6.2,1.67,-0.3));
#6087=CARTESIAN_POINT('Origin',(6.2,0.87,-0.3));
#6088=CARTESIAN_POINT('',(7.,0.87,-0.3));
#6089=CARTESIAN_POINT('',(7.3,0.57,-1.35525271560689E-17));
#6090=CARTESIAN_POINT('',(6.2,0.87,-0.3));
#6091=CARTESIAN_POINT('Origin',(7.,1.67,-0.3));
#6092=CARTESIAN_POINT('',(7.,1.67,-0.3));
#6093=CARTESIAN_POINT('',(7.3,1.97,5.42101086242752E-17));
#6094=CARTESIAN_POINT('',(7.,1.67,-0.3));
#6095=CARTESIAN_POINT('Origin',(6.2,1.67,-0.3));
#6096=CARTESIAN_POINT('',(6.2,1.67,-0.3));
#6097=CARTESIAN_POINT('Origin',(8.74,-0.87,-0.3));
#6098=CARTESIAN_POINT('',(8.74,-1.67,-0.3));
#6099=CARTESIAN_POINT('',(8.44,-1.97,1.35525271560688E-15));
#6100=CARTESIAN_POINT('',(8.74,-0.87,-0.3));
#6101=CARTESIAN_POINT('',(8.74,-0.87,-0.3));
#6102=CARTESIAN_POINT('',(8.74,-0.87,-0.3));
#6103=CARTESIAN_POINT('Origin',(8.74,-1.67,-0.3));
#6104=CARTESIAN_POINT('',(9.54,-1.67,-0.3));
#6105=CARTESIAN_POINT('',(9.84,-1.97,-1.21972744404619E-16));
#6106=CARTESIAN_POINT('',(8.74,-1.67,-0.3));
#6107=CARTESIAN_POINT('Origin',(9.54,-0.870000000000001,-0.3));
#6108=CARTESIAN_POINT('',(9.54,-0.87,-0.3));
#6109=CARTESIAN_POINT('',(9.84,-0.570000000000001,5.42101086242752E-17));
#6110=CARTESIAN_POINT('',(9.54,-0.870000000000001,-0.3));
#6111=CARTESIAN_POINT('Origin',(8.74,-0.87,-0.3));
#6112=CARTESIAN_POINT('',(8.74,-0.87,-0.3));
#6113=CARTESIAN_POINT('Origin',(8.74,1.67,-0.3));
#6114=CARTESIAN_POINT('',(8.74,0.87,-0.3));
#6115=CARTESIAN_POINT('',(8.44,0.57,1.35525271560688E-15));
#6116=CARTESIAN_POINT('',(8.74,1.67,-0.3));
#6117=CARTESIAN_POINT('',(8.74,1.67,-0.3));
#6118=CARTESIAN_POINT('',(8.74,1.67,-0.3));
#6119=CARTESIAN_POINT('Origin',(8.74,0.87,-0.3));
#6120=CARTESIAN_POINT('',(9.54,0.87,-0.3));
#6121=CARTESIAN_POINT('',(9.84,0.57,4.06575814682063E-17));
#6122=CARTESIAN_POINT('',(8.74,0.87,-0.3));
#6123=CARTESIAN_POINT('Origin',(9.54,1.67,-0.3));
#6124=CARTESIAN_POINT('',(9.54,1.67,-0.3));
#6125=CARTESIAN_POINT('',(9.84,1.97,5.42101086242752E-17));
#6126=CARTESIAN_POINT('',(9.54,1.67,-0.3));
#6127=CARTESIAN_POINT('Origin',(8.74,1.67,-0.3));
#6128=CARTESIAN_POINT('',(8.74,1.67,-0.3));
#6129=CARTESIAN_POINT('Origin',(11.28,-0.87,-0.3));
#6130=CARTESIAN_POINT('',(11.28,-1.67,-0.3));
#6131=CARTESIAN_POINT('',(10.98,-1.97,5.42101086242752E-17));
#6132=CARTESIAN_POINT('',(11.28,-0.87,-0.3));
#6133=CARTESIAN_POINT('',(11.28,-0.87,-0.3));
#6134=CARTESIAN_POINT('',(11.28,-0.87,-0.3));
#6135=CARTESIAN_POINT('Origin',(11.28,-1.67,-0.3));
#6136=CARTESIAN_POINT('',(12.08,-1.67,-0.3));
#6137=CARTESIAN_POINT('',(12.38,-1.97,-1.76182853028894E-16));
#6138=CARTESIAN_POINT('',(11.28,-1.67,-0.3));
#6139=CARTESIAN_POINT('Origin',(12.08,-0.870000000000001,-0.3));
#6140=CARTESIAN_POINT('',(12.08,-0.87,-0.3));
#6141=CARTESIAN_POINT('',(12.38,-0.570000000000001,5.42101086242752E-17));
#6142=CARTESIAN_POINT('',(12.08,-0.870000000000001,-0.3));
#6143=CARTESIAN_POINT('Origin',(11.28,-0.87,-0.3));
#6144=CARTESIAN_POINT('',(11.28,-0.87,-0.3));
#6145=CARTESIAN_POINT('Origin',(11.28,1.67,-0.3));
#6146=CARTESIAN_POINT('',(11.28,0.87,-0.3));
#6147=CARTESIAN_POINT('',(10.98,0.57,5.42101086242752E-17));
#6148=CARTESIAN_POINT('',(11.28,1.67,-0.3));
#6149=CARTESIAN_POINT('',(11.28,1.67,-0.3));
#6150=CARTESIAN_POINT('',(11.28,1.67,-0.3));
#6151=CARTESIAN_POINT('Origin',(11.28,0.87,-0.3));
#6152=CARTESIAN_POINT('',(12.08,0.87,-0.3));
#6153=CARTESIAN_POINT('',(12.38,0.57,4.06575814682065E-17));
#6154=CARTESIAN_POINT('',(11.28,0.87,-0.3));
#6155=CARTESIAN_POINT('Origin',(12.08,1.67,-0.3));
#6156=CARTESIAN_POINT('',(12.08,1.67,-0.3));
#6157=CARTESIAN_POINT('',(12.38,1.97,5.42101086242752E-17));
#6158=CARTESIAN_POINT('',(12.08,1.67,-0.3));
#6159=CARTESIAN_POINT('Origin',(11.28,1.67,-0.3));
#6160=CARTESIAN_POINT('',(11.28,1.67,-0.3));
#6161=CARTESIAN_POINT('Origin',(13.82,-0.87,-0.3));
#6162=CARTESIAN_POINT('',(13.82,-1.67,-0.3));
#6163=CARTESIAN_POINT('',(13.52,-1.97,-1.24683249835833E-15));
#6164=CARTESIAN_POINT('',(13.82,-0.87,-0.3));
#6165=CARTESIAN_POINT('',(13.82,-0.87,-0.3));
#6166=CARTESIAN_POINT('',(13.82,-0.87,-0.3));
#6167=CARTESIAN_POINT('Origin',(13.82,-1.67,-0.3));
#6168=CARTESIAN_POINT('',(14.62,-1.67,-0.3));
#6169=CARTESIAN_POINT('',(14.92,-1.97,-1.21972744404619E-16));
#6170=CARTESIAN_POINT('',(13.82,-1.67,-0.3));
#6171=CARTESIAN_POINT('Origin',(14.62,-0.870000000000001,-0.3));
#6172=CARTESIAN_POINT('',(14.62,-0.87,-0.3));
#6173=CARTESIAN_POINT('',(14.92,-0.570000000000001,1.35525271560688E-15));
#6174=CARTESIAN_POINT('',(14.62,-0.870000000000001,-0.3));
#6175=CARTESIAN_POINT('Origin',(13.82,-0.87,-0.3));
#6176=CARTESIAN_POINT('',(13.82,-0.87,-0.3));
#6177=CARTESIAN_POINT('Origin',(13.82,1.67,-0.3));
#6178=CARTESIAN_POINT('',(13.82,0.87,-0.3));
#6179=CARTESIAN_POINT('',(13.52,0.57,-1.24683249835833E-15));
#6180=CARTESIAN_POINT('',(13.82,1.67,-0.3));
#6181=CARTESIAN_POINT('',(13.82,1.67,-0.3));
#6182=CARTESIAN_POINT('',(13.82,1.67,-0.3));
#6183=CARTESIAN_POINT('Origin',(13.82,0.87,-0.3));
#6184=CARTESIAN_POINT('',(14.62,0.87,-0.3));
#6185=CARTESIAN_POINT('',(14.92,0.57,-1.35525271560685E-17));
#6186=CARTESIAN_POINT('',(13.82,0.87,-0.3));
#6187=CARTESIAN_POINT('Origin',(14.62,1.67,-0.3));
#6188=CARTESIAN_POINT('',(14.62,1.67,-0.3));
#6189=CARTESIAN_POINT('',(14.92,1.97,1.35525271560688E-15));
#6190=CARTESIAN_POINT('',(14.62,1.67,-0.3));
#6191=CARTESIAN_POINT('Origin',(13.82,1.67,-0.3));
#6192=CARTESIAN_POINT('',(13.82,1.67,-0.3));
#6193=CARTESIAN_POINT('Origin',(16.36,-0.87,-0.299999999999998));
#6194=CARTESIAN_POINT('',(16.36,-1.67,-0.299999999999998));
#6195=CARTESIAN_POINT('',(16.06,-1.97,5.42101086242752E-17));
#6196=CARTESIAN_POINT('',(16.36,-0.87,-0.299999999999998));
#6197=CARTESIAN_POINT('',(16.36,-0.87,-0.299999999999998));
#6198=CARTESIAN_POINT('',(16.36,-0.87,-0.299999999999998));
#6199=CARTESIAN_POINT('Origin',(16.36,-1.67,-0.299999999999998));
#6200=CARTESIAN_POINT('',(17.16,-1.67,-0.299999999999998));
#6201=CARTESIAN_POINT('',(17.46,-1.97,-6.77626357803444E-17));
#6202=CARTESIAN_POINT('',(16.36,-1.67,-0.299999999999998));
#6203=CARTESIAN_POINT('Origin',(17.16,-0.870000000000001,-0.299999999999998));
#6204=CARTESIAN_POINT('',(17.16,-0.87,-0.299999999999998));
#6205=CARTESIAN_POINT('',(17.46,-0.570000000000002,5.42101086242752E-17));
#6206=CARTESIAN_POINT('',(17.16,-0.870000000000001,-0.299999999999998));
#6207=CARTESIAN_POINT('Origin',(16.36,-0.87,-0.299999999999998));
#6208=CARTESIAN_POINT('',(16.36,-0.87,-0.299999999999998));
#6209=CARTESIAN_POINT('Origin',(16.36,1.67,-0.3));
#6210=CARTESIAN_POINT('',(16.36,0.87,-0.3));
#6211=CARTESIAN_POINT('',(16.06,0.57,0.));
#6212=CARTESIAN_POINT('',(16.36,1.67,-0.3));
#6213=CARTESIAN_POINT('',(16.36,1.67,-0.3));
#6214=CARTESIAN_POINT('',(16.36,1.67,-0.3));
#6215=CARTESIAN_POINT('Origin',(16.36,0.87,-0.3));
#6216=CARTESIAN_POINT('',(17.16,0.87,-0.3));
#6217=CARTESIAN_POINT('',(17.46,0.57,4.06575814682065E-17));
#6218=CARTESIAN_POINT('',(16.36,0.87,-0.3));
#6219=CARTESIAN_POINT('Origin',(17.16,1.67,-0.3));
#6220=CARTESIAN_POINT('',(17.16,1.67,-0.3));
#6221=CARTESIAN_POINT('',(17.46,1.97,0.));
#6222=CARTESIAN_POINT('',(17.16,1.67,-0.3));
#6223=CARTESIAN_POINT('Origin',(16.36,1.67,-0.3));
#6224=CARTESIAN_POINT('',(16.36,1.67,-0.3));
#6225=CARTESIAN_POINT('Origin',(18.9,-0.87,-0.299999999999998));
#6226=CARTESIAN_POINT('',(18.9,-1.67,-0.299999999999998));
#6227=CARTESIAN_POINT('',(18.6,-1.97,5.42101086242752E-17));
#6228=CARTESIAN_POINT('',(18.9,-0.87,-0.299999999999998));
#6229=CARTESIAN_POINT('',(18.9,-0.87,-0.299999999999998));
#6230=CARTESIAN_POINT('',(18.9,-0.87,-0.299999999999998));
#6231=CARTESIAN_POINT('Origin',(18.9,-1.67,-0.299999999999998));
#6232=CARTESIAN_POINT('',(19.7,-1.67,-0.299999999999998));
#6233=CARTESIAN_POINT('',(20.,-1.97,-2.84603070277445E-16));
#6234=CARTESIAN_POINT('',(18.9,-1.67,-0.299999999999998));
#6235=CARTESIAN_POINT('Origin',(19.7,-0.870000000000001,-0.299999999999998));
#6236=CARTESIAN_POINT('',(19.7,-0.87,-0.299999999999998));
#6237=CARTESIAN_POINT('',(20.,-0.570000000000002,5.42101086242752E-17));
#6238=CARTESIAN_POINT('',(19.7,-0.870000000000001,-0.299999999999998));
#6239=CARTESIAN_POINT('Origin',(18.9,-0.87,-0.299999999999998));
#6240=CARTESIAN_POINT('',(18.9,-0.87,-0.299999999999998));
#6241=CARTESIAN_POINT('Origin',(18.9,1.67,-0.3));
#6242=CARTESIAN_POINT('',(18.9,0.87,-0.3));
#6243=CARTESIAN_POINT('',(18.6,0.57,0.));
#6244=CARTESIAN_POINT('',(18.9,1.67,-0.3));
#6245=CARTESIAN_POINT('',(18.9,1.67,-0.3));
#6246=CARTESIAN_POINT('',(18.9,1.67,-0.3));
#6247=CARTESIAN_POINT('Origin',(18.9,0.87,-0.3));
#6248=CARTESIAN_POINT('',(19.7,0.87,-0.3));
#6249=CARTESIAN_POINT('',(20.,0.570000000000001,4.06575814682065E-17));
#6250=CARTESIAN_POINT('',(18.9,0.87,-0.3));
#6251=CARTESIAN_POINT('Origin',(19.7,1.67,-0.3));
#6252=CARTESIAN_POINT('',(19.7,1.67,-0.3));
#6253=CARTESIAN_POINT('',(20.,1.97,0.));
#6254=CARTESIAN_POINT('',(19.7,1.67,-0.3));
#6255=CARTESIAN_POINT('Origin',(18.9,1.67,-0.3));
#6256=CARTESIAN_POINT('',(18.9,1.67,-0.3));
#6257=CARTESIAN_POINT('Origin',(20.82,2.54,-3.2));
#6258=CARTESIAN_POINT('',(20.25,1.97,-3.2));
#6259=CARTESIAN_POINT('',(20.82,1.97,-3.2));
#6260=CARTESIAN_POINT('',(18.35,1.97,-3.2));
#6261=CARTESIAN_POINT('',(20.82,1.97,-3.2));
#6262=CARTESIAN_POINT('',(17.71,1.97,-3.2));
#6263=CARTESIAN_POINT('',(20.82,1.97,-3.2));
#6264=CARTESIAN_POINT('',(15.81,1.97,-3.2));
#6265=CARTESIAN_POINT('',(20.82,1.97,-3.2));
#6266=CARTESIAN_POINT('',(15.17,1.97,-3.2));
#6267=CARTESIAN_POINT('',(20.82,1.97,-3.2));
#6268=CARTESIAN_POINT('',(13.27,1.97,-3.2));
#6269=CARTESIAN_POINT('',(20.82,1.97,-3.2));
#6270=CARTESIAN_POINT('',(12.63,1.97,-3.2));
#6271=CARTESIAN_POINT('',(20.82,1.97,-3.2));
#6272=CARTESIAN_POINT('',(10.73,1.97,-3.2));
#6273=CARTESIAN_POINT('',(20.82,1.97,-3.2));
#6274=CARTESIAN_POINT('',(10.09,1.97,-3.2));
#6275=CARTESIAN_POINT('',(20.82,1.97,-3.2));
#6276=CARTESIAN_POINT('',(8.19,1.97,-3.2));
#6277=CARTESIAN_POINT('',(20.82,1.97,-3.2));
#6278=CARTESIAN_POINT('',(7.55,1.97,-3.2));
#6279=CARTESIAN_POINT('',(20.82,1.97,-3.2));
#6280=CARTESIAN_POINT('',(5.65,1.97,-3.2));
#6281=CARTESIAN_POINT('',(20.82,1.97,-3.2));
#6282=CARTESIAN_POINT('',(5.01,1.97,-3.2));
#6283=CARTESIAN_POINT('',(20.82,1.97,-3.2));
#6284=CARTESIAN_POINT('',(3.11,1.97,-3.2));
#6285=CARTESIAN_POINT('',(20.82,1.97,-3.2));
#6286=CARTESIAN_POINT('',(2.47,1.97,-3.2));
#6287=CARTESIAN_POINT('',(20.82,1.97,-3.2));
#6288=CARTESIAN_POINT('',(0.570000000000002,1.97,-3.2));
#6289=CARTESIAN_POINT('',(20.82,1.97,-3.2));
#6290=CARTESIAN_POINT('',(0.199999999999999,1.97,-3.2));
#6291=CARTESIAN_POINT('',(20.82,1.97,-3.2));
#6292=CARTESIAN_POINT('',(0.199999999999999,-1.97,-3.2));
#6293=CARTESIAN_POINT('',(0.199999999999999,2.54,-3.2));
#6294=CARTESIAN_POINT('',(0.570000000000002,-1.97,-3.2));
#6295=CARTESIAN_POINT('',(20.82,-1.97,-3.2));
#6296=CARTESIAN_POINT('',(2.47,-1.97,-3.2));
#6297=CARTESIAN_POINT('',(20.82,-1.97,-3.2));
#6298=CARTESIAN_POINT('',(3.11,-1.97,-3.2));
#6299=CARTESIAN_POINT('',(20.82,-1.97,-3.2));
#6300=CARTESIAN_POINT('',(5.01,-1.97,-3.2));
#6301=CARTESIAN_POINT('',(20.82,-1.97,-3.2));
#6302=CARTESIAN_POINT('',(5.65,-1.97,-3.2));
#6303=CARTESIAN_POINT('',(20.82,-1.97,-3.2));
#6304=CARTESIAN_POINT('',(7.55,-1.97,-3.2));
#6305=CARTESIAN_POINT('',(20.82,-1.97,-3.2));
#6306=CARTESIAN_POINT('',(8.19,-1.97,-3.2));
#6307=CARTESIAN_POINT('',(20.82,-1.97,-3.2));
#6308=CARTESIAN_POINT('',(10.09,-1.97,-3.2));
#6309=CARTESIAN_POINT('',(20.82,-1.97,-3.2));
#6310=CARTESIAN_POINT('',(10.73,-1.97,-3.2));
#6311=CARTESIAN_POINT('',(20.82,-1.97,-3.2));
#6312=CARTESIAN_POINT('',(12.63,-1.97,-3.2));
#6313=CARTESIAN_POINT('',(20.82,-1.97,-3.2));
#6314=CARTESIAN_POINT('',(13.27,-1.97,-3.2));
#6315=CARTESIAN_POINT('',(20.82,-1.97,-3.2));
#6316=CARTESIAN_POINT('',(15.17,-1.97,-3.2));
#6317=CARTESIAN_POINT('',(20.82,-1.97,-3.2));
#6318=CARTESIAN_POINT('',(15.81,-1.97,-3.2));
#6319=CARTESIAN_POINT('',(20.82,-1.97,-3.2));
#6320=CARTESIAN_POINT('',(17.71,-1.97,-3.2));
#6321=CARTESIAN_POINT('',(20.82,-1.97,-3.2));
#6322=CARTESIAN_POINT('',(18.35,-1.97,-3.2));
#6323=CARTESIAN_POINT('',(20.82,-1.97,-3.2));
#6324=CARTESIAN_POINT('',(20.25,-1.97,-3.2));
#6325=CARTESIAN_POINT('',(20.82,-1.97,-3.2));
#6326=CARTESIAN_POINT('',(20.82,-1.97,-3.2));
#6327=CARTESIAN_POINT('Origin',(20.82,1.97,-3.5));
#6328=CARTESIAN_POINT('',(20.25,1.97,-3.5));
#6329=CARTESIAN_POINT('',(20.82,1.97,-3.5));
#6330=CARTESIAN_POINT('',(20.25,1.97,-0.5));
#6331=CARTESIAN_POINT('Origin',(0.,0.,-3.5));
#6332=CARTESIAN_POINT('',(0.199999999999999,1.97,-3.5));
#6333=CARTESIAN_POINT('',(0.199999999999999,-1.97,-3.5));
#6334=CARTESIAN_POINT('',(0.2,0.,-3.5));
#6335=CARTESIAN_POINT('',(0.570000000000002,1.97,-3.5));
#6336=CARTESIAN_POINT('',(0.,1.97,-3.5));
#6337=CARTESIAN_POINT('',(0.570000000000002,0.57,-3.5));
#6338=CARTESIAN_POINT('',(0.570000000000002,0.57,-3.5));
#6339=CARTESIAN_POINT('',(2.47,0.57,-3.5));
#6340=CARTESIAN_POINT('',(0.,0.57,-3.5));
#6341=CARTESIAN_POINT('',(2.47,1.97,-3.5));
#6342=CARTESIAN_POINT('',(2.47,1.97,-3.5));
#6343=CARTESIAN_POINT('',(3.11,1.97,-3.5));
#6344=CARTESIAN_POINT('',(0.,1.97,-3.5));
#6345=CARTESIAN_POINT('',(3.11,0.57,-3.5));
#6346=CARTESIAN_POINT('',(3.11,0.57,-3.5));
#6347=CARTESIAN_POINT('',(5.01,0.57,-3.5));
#6348=CARTESIAN_POINT('',(0.,0.57,-3.5));
#6349=CARTESIAN_POINT('',(5.01,1.97,-3.5));
#6350=CARTESIAN_POINT('',(5.01,1.97,-3.5));
#6351=CARTESIAN_POINT('',(5.65,1.97,-3.5));
#6352=CARTESIAN_POINT('',(0.,1.97,-3.5));
#6353=CARTESIAN_POINT('',(5.65,0.57,-3.5));
#6354=CARTESIAN_POINT('',(5.65,0.57,-3.5));
#6355=CARTESIAN_POINT('',(7.55,0.57,-3.5));
#6356=CARTESIAN_POINT('',(0.,0.57,-3.5));
#6357=CARTESIAN_POINT('',(7.55,1.97,-3.5));
#6358=CARTESIAN_POINT('',(7.55,1.97,-3.5));
#6359=CARTESIAN_POINT('',(8.19,1.97,-3.5));
#6360=CARTESIAN_POINT('',(0.,1.97,-3.5));
#6361=CARTESIAN_POINT('',(8.19,0.57,-3.5));
#6362=CARTESIAN_POINT('',(8.19,0.57,-3.5));
#6363=CARTESIAN_POINT('',(10.09,0.57,-3.5));
#6364=CARTESIAN_POINT('',(0.,0.57,-3.5));
#6365=CARTESIAN_POINT('',(10.09,1.97,-3.5));
#6366=CARTESIAN_POINT('',(10.09,1.97,-3.5));
#6367=CARTESIAN_POINT('',(10.73,1.97,-3.5));
#6368=CARTESIAN_POINT('',(0.,1.97,-3.5));
#6369=CARTESIAN_POINT('',(10.73,0.57,-3.5));
#6370=CARTESIAN_POINT('',(10.73,0.57,-3.5));
#6371=CARTESIAN_POINT('',(12.63,0.57,-3.5));
#6372=CARTESIAN_POINT('',(0.,0.57,-3.5));
#6373=CARTESIAN_POINT('',(12.63,1.97,-3.5));
#6374=CARTESIAN_POINT('',(12.63,1.97,-3.5));
#6375=CARTESIAN_POINT('',(13.27,1.97,-3.5));
#6376=CARTESIAN_POINT('',(0.,1.97,-3.5));
#6377=CARTESIAN_POINT('',(13.27,0.57,-3.5));
#6378=CARTESIAN_POINT('',(13.27,0.57,-3.5));
#6379=CARTESIAN_POINT('',(15.17,0.57,-3.5));
#6380=CARTESIAN_POINT('',(0.,0.57,-3.5));
#6381=CARTESIAN_POINT('',(15.17,1.97,-3.5));
#6382=CARTESIAN_POINT('',(15.17,1.97,-3.5));
#6383=CARTESIAN_POINT('',(15.81,1.97,-3.5));
#6384=CARTESIAN_POINT('',(0.,1.97,-3.5));
#6385=CARTESIAN_POINT('',(15.81,0.57,-3.5));
#6386=CARTESIAN_POINT('',(15.81,0.57,-3.5));
#6387=CARTESIAN_POINT('',(17.71,0.57,-3.5));
#6388=CARTESIAN_POINT('',(0.,0.57,-3.5));
#6389=CARTESIAN_POINT('',(17.71,1.97,-3.5));
#6390=CARTESIAN_POINT('',(17.71,1.97,-3.5));
#6391=CARTESIAN_POINT('',(18.35,1.97,-3.5));
#6392=CARTESIAN_POINT('',(0.,1.97,-3.5));
#6393=CARTESIAN_POINT('',(18.35,0.57,-3.5));
#6394=CARTESIAN_POINT('',(18.35,0.57,-3.5));
#6395=CARTESIAN_POINT('',(20.25,0.57,-3.5));
#6396=CARTESIAN_POINT('',(0.,0.57,-3.5));
#6397=CARTESIAN_POINT('',(20.25,1.97,-3.5));
#6398=CARTESIAN_POINT('',(20.25,-1.97,-3.5));
#6399=CARTESIAN_POINT('',(0.,-1.97,-3.5));
#6400=CARTESIAN_POINT('',(20.25,-0.57,-3.5));
#6401=CARTESIAN_POINT('',(20.25,-0.57,-3.5));
#6402=CARTESIAN_POINT('',(18.35,-0.57,-3.5));
#6403=CARTESIAN_POINT('',(0.,-0.57,-3.5));
#6404=CARTESIAN_POINT('',(18.35,-1.97,-3.5));
#6405=CARTESIAN_POINT('',(18.35,-1.97,-3.5));
#6406=CARTESIAN_POINT('',(17.71,-1.97,-3.5));
#6407=CARTESIAN_POINT('',(0.,-1.97,-3.5));
#6408=CARTESIAN_POINT('',(17.71,-0.57,-3.5));
#6409=CARTESIAN_POINT('',(17.71,-0.57,-3.5));
#6410=CARTESIAN_POINT('',(15.81,-0.57,-3.5));
#6411=CARTESIAN_POINT('',(0.,-0.57,-3.5));
#6412=CARTESIAN_POINT('',(15.81,-1.97,-3.5));
#6413=CARTESIAN_POINT('',(15.81,-1.97,-3.5));
#6414=CARTESIAN_POINT('',(15.17,-1.97,-3.5));
#6415=CARTESIAN_POINT('',(0.,-1.97,-3.5));
#6416=CARTESIAN_POINT('',(15.17,-0.57,-3.5));
#6417=CARTESIAN_POINT('',(15.17,-0.57,-3.5));
#6418=CARTESIAN_POINT('',(13.27,-0.57,-3.5));
#6419=CARTESIAN_POINT('',(0.,-0.57,-3.5));
#6420=CARTESIAN_POINT('',(13.27,-1.97,-3.5));
#6421=CARTESIAN_POINT('',(13.27,-1.97,-3.5));
#6422=CARTESIAN_POINT('',(12.63,-1.97,-3.5));
#6423=CARTESIAN_POINT('',(0.,-1.97,-3.5));
#6424=CARTESIAN_POINT('',(12.63,-0.57,-3.5));
#6425=CARTESIAN_POINT('',(12.63,-0.57,-3.5));
#6426=CARTESIAN_POINT('',(10.73,-0.57,-3.5));
#6427=CARTESIAN_POINT('',(0.,-0.57,-3.5));
#6428=CARTESIAN_POINT('',(10.73,-1.97,-3.5));
#6429=CARTESIAN_POINT('',(10.73,-1.97,-3.5));
#6430=CARTESIAN_POINT('',(10.09,-1.97,-3.5));
#6431=CARTESIAN_POINT('',(0.,-1.97,-3.5));
#6432=CARTESIAN_POINT('',(10.09,-0.57,-3.5));
#6433=CARTESIAN_POINT('',(10.09,-0.57,-3.5));
#6434=CARTESIAN_POINT('',(8.19,-0.57,-3.5));
#6435=CARTESIAN_POINT('',(0.,-0.57,-3.5));
#6436=CARTESIAN_POINT('',(8.19,-1.97,-3.5));
#6437=CARTESIAN_POINT('',(8.19,-1.97,-3.5));
#6438=CARTESIAN_POINT('',(7.55,-1.97,-3.5));
#6439=CARTESIAN_POINT('',(0.,-1.97,-3.5));
#6440=CARTESIAN_POINT('',(7.55,-0.57,-3.5));
#6441=CARTESIAN_POINT('',(7.55,-0.57,-3.5));
#6442=CARTESIAN_POINT('',(5.65,-0.57,-3.5));
#6443=CARTESIAN_POINT('',(0.,-0.57,-3.5));
#6444=CARTESIAN_POINT('',(5.65,-1.97,-3.5));
#6445=CARTESIAN_POINT('',(5.65,-1.97,-3.5));
#6446=CARTESIAN_POINT('',(5.01,-1.97,-3.5));
#6447=CARTESIAN_POINT('',(0.,-1.97,-3.5));
#6448=CARTESIAN_POINT('',(5.01,-0.57,-3.5));
#6449=CARTESIAN_POINT('',(5.01,-0.57,-3.5));
#6450=CARTESIAN_POINT('',(3.11,-0.57,-3.5));
#6451=CARTESIAN_POINT('',(0.,-0.57,-3.5));
#6452=CARTESIAN_POINT('',(3.11,-1.97,-3.5));
#6453=CARTESIAN_POINT('',(3.11,-1.97,-3.5));
#6454=CARTESIAN_POINT('',(2.47,-1.97,-3.5));
#6455=CARTESIAN_POINT('',(0.,-1.97,-3.5));
#6456=CARTESIAN_POINT('',(2.47,-0.57,-3.5));
#6457=CARTESIAN_POINT('',(2.47,-0.57,-3.5));
#6458=CARTESIAN_POINT('',(0.570000000000002,-0.57,-3.5));
#6459=CARTESIAN_POINT('',(0.,-0.57,-3.5));
#6460=CARTESIAN_POINT('',(0.570000000000001,-1.97,-3.5));
#6461=CARTESIAN_POINT('',(0.570000000000002,-1.97,-3.5));
#6462=CARTESIAN_POINT('',(0.,-1.97,-3.5));
#6463=CARTESIAN_POINT('Origin',(20.82,-1.97,-3.5));
#6464=CARTESIAN_POINT('',(20.25,-1.97,-0.5));
#6465=CARTESIAN_POINT('Origin',(1.12,-0.87,-7.1));
#6466=CARTESIAN_POINT('',(1.12,-1.67,-0.5));
#6467=CARTESIAN_POINT('',(1.12,-1.67,-7.1));
#6468=CARTESIAN_POINT('',(1.12,-0.87,-0.5));
#6469=CARTESIAN_POINT('',(1.12,-0.87,-0.5));
#6470=CARTESIAN_POINT('',(1.12,-0.87,-7.1));
#6471=CARTESIAN_POINT('Origin',(1.12,-1.67,-7.1));
#6472=CARTESIAN_POINT('',(1.92,-1.67,-0.5));
#6473=CARTESIAN_POINT('',(1.92,-1.67,-7.1));
#6474=CARTESIAN_POINT('',(1.12,-1.67,-0.5));
#6475=CARTESIAN_POINT('Origin',(1.92,-0.870000000000001,-7.1));
#6476=CARTESIAN_POINT('',(1.92,-0.870000000000001,-0.5));
#6477=CARTESIAN_POINT('',(1.92,-0.870000000000001,-7.1));
#6478=CARTESIAN_POINT('',(1.92,-0.870000000000001,-0.5));
#6479=CARTESIAN_POINT('Origin',(1.12,-0.87,-7.1));
#6480=CARTESIAN_POINT('',(1.12,-0.87,-0.5));
#6481=CARTESIAN_POINT('Origin',(1.12,1.67,-7.1));
#6482=CARTESIAN_POINT('',(1.12,0.87,-0.5));
#6483=CARTESIAN_POINT('',(1.12,0.87,-7.1));
#6484=CARTESIAN_POINT('',(1.12,1.67,-0.5));
#6485=CARTESIAN_POINT('',(1.12,1.67,-0.5));
#6486=CARTESIAN_POINT('',(1.12,1.67,-7.1));
#6487=CARTESIAN_POINT('Origin',(1.12,0.87,-7.1));
#6488=CARTESIAN_POINT('',(1.92,0.87,-0.5));
#6489=CARTESIAN_POINT('',(1.92,0.87,-7.1));
#6490=CARTESIAN_POINT('',(1.12,0.87,-0.5));
#6491=CARTESIAN_POINT('Origin',(1.92,1.67,-7.1));
#6492=CARTESIAN_POINT('',(1.92,1.67,-0.5));
#6493=CARTESIAN_POINT('',(1.92,1.67,-7.1));
#6494=CARTESIAN_POINT('',(1.92,1.67,-0.5));
#6495=CARTESIAN_POINT('Origin',(1.12,1.67,-7.1));
#6496=CARTESIAN_POINT('',(1.12,1.67,-0.5));
#6497=CARTESIAN_POINT('Origin',(3.66,-0.87,-7.1));
#6498=CARTESIAN_POINT('',(3.66,-1.67,-0.5));
#6499=CARTESIAN_POINT('',(3.66,-1.67,-7.1));
#6500=CARTESIAN_POINT('',(3.66,-0.87,-0.5));
#6501=CARTESIAN_POINT('',(3.66,-0.87,-0.5));
#6502=CARTESIAN_POINT('',(3.66,-0.87,-7.1));
#6503=CARTESIAN_POINT('Origin',(3.66,-1.67,-7.1));
#6504=CARTESIAN_POINT('',(4.46,-1.67,-0.5));
#6505=CARTESIAN_POINT('',(4.46,-1.67,-7.1));
#6506=CARTESIAN_POINT('',(3.66,-1.67,-0.5));
#6507=CARTESIAN_POINT('Origin',(4.46,-0.870000000000001,-7.1));
#6508=CARTESIAN_POINT('',(4.46,-0.870000000000001,-0.5));
#6509=CARTESIAN_POINT('',(4.46,-0.870000000000001,-7.1));
#6510=CARTESIAN_POINT('',(4.46,-0.870000000000001,-0.5));
#6511=CARTESIAN_POINT('Origin',(3.66,-0.87,-7.1));
#6512=CARTESIAN_POINT('',(3.66,-0.87,-0.5));
#6513=CARTESIAN_POINT('Origin',(3.66,1.67,-7.1));
#6514=CARTESIAN_POINT('',(3.66,0.87,-0.5));
#6515=CARTESIAN_POINT('',(3.66,0.87,-7.1));
#6516=CARTESIAN_POINT('',(3.66,1.67,-0.5));
#6517=CARTESIAN_POINT('',(3.66,1.67,-0.5));
#6518=CARTESIAN_POINT('',(3.66,1.67,-7.1));
#6519=CARTESIAN_POINT('Origin',(3.66,0.87,-7.1));
#6520=CARTESIAN_POINT('',(4.46,0.87,-0.5));
#6521=CARTESIAN_POINT('',(4.46,0.87,-7.1));
#6522=CARTESIAN_POINT('',(3.66,0.87,-0.5));
#6523=CARTESIAN_POINT('Origin',(4.46,1.67,-7.1));
#6524=CARTESIAN_POINT('',(4.46,1.67,-0.5));
#6525=CARTESIAN_POINT('',(4.46,1.67,-7.1));
#6526=CARTESIAN_POINT('',(4.46,1.67,-0.5));
#6527=CARTESIAN_POINT('Origin',(3.66,1.67,-7.1));
#6528=CARTESIAN_POINT('',(3.66,1.67,-0.5));
#6529=CARTESIAN_POINT('Origin',(6.2,-0.87,-7.1));
#6530=CARTESIAN_POINT('',(6.2,-1.67,-0.5));
#6531=CARTESIAN_POINT('',(6.2,-1.67,-7.1));
#6532=CARTESIAN_POINT('',(6.2,-0.87,-0.5));
#6533=CARTESIAN_POINT('',(6.2,-0.87,-0.5));
#6534=CARTESIAN_POINT('',(6.2,-0.87,-7.1));
#6535=CARTESIAN_POINT('Origin',(6.2,-1.67,-7.1));
#6536=CARTESIAN_POINT('',(7.,-1.67,-0.5));
#6537=CARTESIAN_POINT('',(7.,-1.67,-7.1));
#6538=CARTESIAN_POINT('',(6.2,-1.67,-0.5));
#6539=CARTESIAN_POINT('Origin',(7.,-0.870000000000001,-7.1));
#6540=CARTESIAN_POINT('',(7.,-0.870000000000001,-0.5));
#6541=CARTESIAN_POINT('',(7.,-0.870000000000001,-7.1));
#6542=CARTESIAN_POINT('',(7.,-0.870000000000001,-0.5));
#6543=CARTESIAN_POINT('Origin',(6.2,-0.87,-7.1));
#6544=CARTESIAN_POINT('',(6.2,-0.87,-0.5));
#6545=CARTESIAN_POINT('Origin',(6.2,1.67,-7.1));
#6546=CARTESIAN_POINT('',(6.2,0.87,-0.5));
#6547=CARTESIAN_POINT('',(6.2,0.87,-7.1));
#6548=CARTESIAN_POINT('',(6.2,1.67,-0.5));
#6549=CARTESIAN_POINT('',(6.2,1.67,-0.5));
#6550=CARTESIAN_POINT('',(6.2,1.67,-7.1));
#6551=CARTESIAN_POINT('Origin',(6.2,0.87,-7.1));
#6552=CARTESIAN_POINT('',(7.,0.87,-0.5));
#6553=CARTESIAN_POINT('',(7.,0.87,-7.1));
#6554=CARTESIAN_POINT('',(6.2,0.87,-0.5));
#6555=CARTESIAN_POINT('Origin',(7.,1.67,-7.1));
#6556=CARTESIAN_POINT('',(7.,1.67,-0.5));
#6557=CARTESIAN_POINT('',(7.,1.67,-7.1));
#6558=CARTESIAN_POINT('',(7.,1.67,-0.5));
#6559=CARTESIAN_POINT('Origin',(6.2,1.67,-7.1));
#6560=CARTESIAN_POINT('',(6.2,1.67,-0.5));
#6561=CARTESIAN_POINT('Origin',(8.74,-0.87,-7.1));
#6562=CARTESIAN_POINT('',(8.74,-1.67,-0.5));
#6563=CARTESIAN_POINT('',(8.74,-1.67,-7.1));
#6564=CARTESIAN_POINT('',(8.74,-0.87,-0.5));
#6565=CARTESIAN_POINT('',(8.74,-0.87,-0.5));
#6566=CARTESIAN_POINT('',(8.74,-0.87,-7.1));
#6567=CARTESIAN_POINT('Origin',(8.74,-1.67,-7.1));
#6568=CARTESIAN_POINT('',(9.54,-1.67,-0.5));
#6569=CARTESIAN_POINT('',(9.54,-1.67,-7.1));
#6570=CARTESIAN_POINT('',(8.74,-1.67,-0.5));
#6571=CARTESIAN_POINT('Origin',(9.54,-0.870000000000001,-7.1));
#6572=CARTESIAN_POINT('',(9.54,-0.870000000000001,-0.5));
#6573=CARTESIAN_POINT('',(9.54,-0.870000000000001,-7.1));
#6574=CARTESIAN_POINT('',(9.54,-0.870000000000001,-0.5));
#6575=CARTESIAN_POINT('Origin',(8.74,-0.87,-7.1));
#6576=CARTESIAN_POINT('',(8.74,-0.87,-0.5));
#6577=CARTESIAN_POINT('Origin',(8.74,1.67,-7.1));
#6578=CARTESIAN_POINT('',(8.74,0.87,-0.5));
#6579=CARTESIAN_POINT('',(8.74,0.87,-7.1));
#6580=CARTESIAN_POINT('',(8.74,1.67,-0.5));
#6581=CARTESIAN_POINT('',(8.74,1.67,-0.5));
#6582=CARTESIAN_POINT('',(8.74,1.67,-7.1));
#6583=CARTESIAN_POINT('Origin',(8.74,0.87,-7.1));
#6584=CARTESIAN_POINT('',(9.54,0.87,-0.5));
#6585=CARTESIAN_POINT('',(9.54,0.87,-7.1));
#6586=CARTESIAN_POINT('',(8.74,0.87,-0.5));
#6587=CARTESIAN_POINT('Origin',(9.54,1.67,-7.1));
#6588=CARTESIAN_POINT('',(9.54,1.67,-0.5));
#6589=CARTESIAN_POINT('',(9.54,1.67,-7.1));
#6590=CARTESIAN_POINT('',(9.54,1.67,-0.5));
#6591=CARTESIAN_POINT('Origin',(8.74,1.67,-7.1));
#6592=CARTESIAN_POINT('',(8.74,1.67,-0.5));
#6593=CARTESIAN_POINT('Origin',(11.28,-0.87,-7.1));
#6594=CARTESIAN_POINT('',(11.28,-1.67,-0.5));
#6595=CARTESIAN_POINT('',(11.28,-1.67,-7.1));
#6596=CARTESIAN_POINT('',(11.28,-0.87,-0.5));
#6597=CARTESIAN_POINT('',(11.28,-0.87,-0.5));
#6598=CARTESIAN_POINT('',(11.28,-0.87,-7.1));
#6599=CARTESIAN_POINT('Origin',(11.28,-1.67,-7.1));
#6600=CARTESIAN_POINT('',(12.08,-1.67,-0.5));
#6601=CARTESIAN_POINT('',(12.08,-1.67,-7.1));
#6602=CARTESIAN_POINT('',(11.28,-1.67,-0.5));
#6603=CARTESIAN_POINT('Origin',(12.08,-0.870000000000001,-7.1));
#6604=CARTESIAN_POINT('',(12.08,-0.870000000000001,-0.5));
#6605=CARTESIAN_POINT('',(12.08,-0.870000000000001,-7.1));
#6606=CARTESIAN_POINT('',(12.08,-0.870000000000001,-0.5));
#6607=CARTESIAN_POINT('Origin',(11.28,-0.87,-7.1));
#6608=CARTESIAN_POINT('',(11.28,-0.87,-0.5));
#6609=CARTESIAN_POINT('Origin',(11.28,1.67,-7.1));
#6610=CARTESIAN_POINT('',(11.28,0.87,-0.5));
#6611=CARTESIAN_POINT('',(11.28,0.87,-7.1));
#6612=CARTESIAN_POINT('',(11.28,1.67,-0.5));
#6613=CARTESIAN_POINT('',(11.28,1.67,-0.5));
#6614=CARTESIAN_POINT('',(11.28,1.67,-7.1));
#6615=CARTESIAN_POINT('Origin',(11.28,0.87,-7.1));
#6616=CARTESIAN_POINT('',(12.08,0.87,-0.5));
#6617=CARTESIAN_POINT('',(12.08,0.87,-7.1));
#6618=CARTESIAN_POINT('',(11.28,0.87,-0.5));
#6619=CARTESIAN_POINT('Origin',(12.08,1.67,-7.1));
#6620=CARTESIAN_POINT('',(12.08,1.67,-0.5));
#6621=CARTESIAN_POINT('',(12.08,1.67,-7.1));
#6622=CARTESIAN_POINT('',(12.08,1.67,-0.5));
#6623=CARTESIAN_POINT('Origin',(11.28,1.67,-7.1));
#6624=CARTESIAN_POINT('',(11.28,1.67,-0.5));
#6625=CARTESIAN_POINT('Origin',(13.82,-0.87,-7.1));
#6626=CARTESIAN_POINT('',(13.82,-1.67,-0.5));
#6627=CARTESIAN_POINT('',(13.82,-1.67,-7.1));
#6628=CARTESIAN_POINT('',(13.82,-0.87,-0.5));
#6629=CARTESIAN_POINT('',(13.82,-0.87,-0.5));
#6630=CARTESIAN_POINT('',(13.82,-0.87,-7.1));
#6631=CARTESIAN_POINT('Origin',(13.82,-1.67,-7.1));
#6632=CARTESIAN_POINT('',(14.62,-1.67,-0.5));
#6633=CARTESIAN_POINT('',(14.62,-1.67,-7.1));
#6634=CARTESIAN_POINT('',(13.82,-1.67,-0.5));
#6635=CARTESIAN_POINT('Origin',(14.62,-0.870000000000001,-7.1));
#6636=CARTESIAN_POINT('',(14.62,-0.870000000000001,-0.5));
#6637=CARTESIAN_POINT('',(14.62,-0.870000000000001,-7.1));
#6638=CARTESIAN_POINT('',(14.62,-0.870000000000001,-0.5));
#6639=CARTESIAN_POINT('Origin',(13.82,-0.87,-7.1));
#6640=CARTESIAN_POINT('',(13.82,-0.87,-0.5));
#6641=CARTESIAN_POINT('Origin',(13.82,1.67,-7.1));
#6642=CARTESIAN_POINT('',(13.82,0.87,-0.5));
#6643=CARTESIAN_POINT('',(13.82,0.87,-7.1));
#6644=CARTESIAN_POINT('',(13.82,1.67,-0.5));
#6645=CARTESIAN_POINT('',(13.82,1.67,-0.5));
#6646=CARTESIAN_POINT('',(13.82,1.67,-7.1));
#6647=CARTESIAN_POINT('Origin',(13.82,0.87,-7.1));
#6648=CARTESIAN_POINT('',(14.62,0.87,-0.5));
#6649=CARTESIAN_POINT('',(14.62,0.87,-7.1));
#6650=CARTESIAN_POINT('',(13.82,0.87,-0.5));
#6651=CARTESIAN_POINT('Origin',(14.62,1.67,-7.1));
#6652=CARTESIAN_POINT('',(14.62,1.67,-0.5));
#6653=CARTESIAN_POINT('',(14.62,1.67,-7.1));
#6654=CARTESIAN_POINT('',(14.62,1.67,-0.5));
#6655=CARTESIAN_POINT('Origin',(13.82,1.67,-7.1));
#6656=CARTESIAN_POINT('',(13.82,1.67,-0.5));
#6657=CARTESIAN_POINT('Origin',(16.36,-0.87,-7.1));
#6658=CARTESIAN_POINT('',(16.36,-1.67,-0.5));
#6659=CARTESIAN_POINT('',(16.36,-1.67,-7.1));
#6660=CARTESIAN_POINT('',(16.36,-0.87,-0.5));
#6661=CARTESIAN_POINT('',(16.36,-0.87,-0.5));
#6662=CARTESIAN_POINT('',(16.36,-0.87,-7.1));
#6663=CARTESIAN_POINT('Origin',(16.36,-1.67,-7.1));
#6664=CARTESIAN_POINT('',(17.16,-1.67,-0.5));
#6665=CARTESIAN_POINT('',(17.16,-1.67,-7.1));
#6666=CARTESIAN_POINT('',(16.36,-1.67,-0.5));
#6667=CARTESIAN_POINT('Origin',(17.16,-0.870000000000001,-7.1));
#6668=CARTESIAN_POINT('',(17.16,-0.870000000000001,-0.5));
#6669=CARTESIAN_POINT('',(17.16,-0.870000000000001,-7.1));
#6670=CARTESIAN_POINT('',(17.16,-0.870000000000001,-0.5));
#6671=CARTESIAN_POINT('Origin',(16.36,-0.87,-7.1));
#6672=CARTESIAN_POINT('',(16.36,-0.87,-0.5));
#6673=CARTESIAN_POINT('Origin',(16.36,1.67,-7.1));
#6674=CARTESIAN_POINT('',(16.36,0.87,-0.5));
#6675=CARTESIAN_POINT('',(16.36,0.87,-7.1));
#6676=CARTESIAN_POINT('',(16.36,1.67,-0.5));
#6677=CARTESIAN_POINT('',(16.36,1.67,-0.5));
#6678=CARTESIAN_POINT('',(16.36,1.67,-7.1));
#6679=CARTESIAN_POINT('Origin',(16.36,0.87,-7.1));
#6680=CARTESIAN_POINT('',(17.16,0.87,-0.5));
#6681=CARTESIAN_POINT('',(17.16,0.87,-7.1));
#6682=CARTESIAN_POINT('',(16.36,0.87,-0.5));
#6683=CARTESIAN_POINT('Origin',(17.16,1.67,-7.1));
#6684=CARTESIAN_POINT('',(17.16,1.67,-0.5));
#6685=CARTESIAN_POINT('',(17.16,1.67,-7.1));
#6686=CARTESIAN_POINT('',(17.16,1.67,-0.5));
#6687=CARTESIAN_POINT('Origin',(16.36,1.67,-7.1));
#6688=CARTESIAN_POINT('',(16.36,1.67,-0.5));
#6689=CARTESIAN_POINT('Origin',(18.9,-0.87,-7.1));
#6690=CARTESIAN_POINT('',(18.9,-1.67,-0.5));
#6691=CARTESIAN_POINT('',(18.9,-1.67,-7.1));
#6692=CARTESIAN_POINT('',(18.9,-0.87,-0.5));
#6693=CARTESIAN_POINT('',(18.9,-0.87,-0.5));
#6694=CARTESIAN_POINT('',(18.9,-0.87,-7.1));
#6695=CARTESIAN_POINT('Origin',(18.9,-1.67,-7.1));
#6696=CARTESIAN_POINT('',(19.7,-1.67,-0.5));
#6697=CARTESIAN_POINT('',(19.7,-1.67,-7.1));
#6698=CARTESIAN_POINT('',(18.9,-1.67,-0.5));
#6699=CARTESIAN_POINT('Origin',(19.7,-0.870000000000001,-7.1));
#6700=CARTESIAN_POINT('',(19.7,-0.870000000000001,-0.5));
#6701=CARTESIAN_POINT('',(19.7,-0.870000000000001,-7.1));
#6702=CARTESIAN_POINT('',(19.7,-0.870000000000001,-0.5));
#6703=CARTESIAN_POINT('Origin',(18.9,-0.87,-7.1));
#6704=CARTESIAN_POINT('',(18.9,-0.87,-0.5));
#6705=CARTESIAN_POINT('Origin',(18.9,1.67,-7.1));
#6706=CARTESIAN_POINT('',(18.9,0.87,-0.5));
#6707=CARTESIAN_POINT('',(18.9,0.87,-7.1));
#6708=CARTESIAN_POINT('',(18.9,1.67,-0.5));
#6709=CARTESIAN_POINT('',(18.9,1.67,-0.5));
#6710=CARTESIAN_POINT('',(18.9,1.67,-7.1));
#6711=CARTESIAN_POINT('Origin',(18.9,0.87,-7.1));
#6712=CARTESIAN_POINT('',(19.7,0.87,-0.5));
#6713=CARTESIAN_POINT('',(19.7,0.87,-7.1));
#6714=CARTESIAN_POINT('',(18.9,0.87,-0.5));
#6715=CARTESIAN_POINT('Origin',(19.7,1.67,-7.1));
#6716=CARTESIAN_POINT('',(19.7,1.67,-0.5));
#6717=CARTESIAN_POINT('',(19.7,1.67,-7.1));
#6718=CARTESIAN_POINT('',(19.7,1.67,-0.5));
#6719=CARTESIAN_POINT('Origin',(18.9,1.67,-7.1));
#6720=CARTESIAN_POINT('',(18.9,1.67,-0.5));
#6721=CARTESIAN_POINT('Origin',(18.35,1.97,-0.5));
#6722=CARTESIAN_POINT('',(20.25,1.97,-0.5));
#6723=CARTESIAN_POINT('',(20.25,1.97,-0.5));
#6724=CARTESIAN_POINT('',(18.35,1.97,-0.5));
#6725=CARTESIAN_POINT('',(18.35,1.97,-0.5));
#6726=CARTESIAN_POINT('',(18.35,1.97,-0.5));
#6727=CARTESIAN_POINT('Origin',(20.82,1.97,-3.5));
#6728=CARTESIAN_POINT('',(17.71,1.97,-0.5));
#6729=CARTESIAN_POINT('',(18.35,1.97,-3.5));
#6730=CARTESIAN_POINT('Origin',(15.81,1.97,-0.5));
#6731=CARTESIAN_POINT('',(17.71,1.97,-0.5));
#6732=CARTESIAN_POINT('',(17.71,1.97,-0.5));
#6733=CARTESIAN_POINT('',(15.81,1.97,-0.5));
#6734=CARTESIAN_POINT('',(15.81,1.97,-0.5));
#6735=CARTESIAN_POINT('',(15.81,1.97,-0.5));
#6736=CARTESIAN_POINT('Origin',(20.82,1.97,-3.5));
#6737=CARTESIAN_POINT('',(15.17,1.97,-0.5));
#6738=CARTESIAN_POINT('',(15.81,1.97,-3.5));
#6739=CARTESIAN_POINT('Origin',(13.27,1.97,-0.5));
#6740=CARTESIAN_POINT('',(15.17,1.97,-0.5));
#6741=CARTESIAN_POINT('',(15.17,1.97,-0.5));
#6742=CARTESIAN_POINT('',(13.27,1.97,-0.5));
#6743=CARTESIAN_POINT('',(13.27,1.97,-0.5));
#6744=CARTESIAN_POINT('',(13.27,1.97,-0.5));
#6745=CARTESIAN_POINT('Origin',(20.82,1.97,-3.5));
#6746=CARTESIAN_POINT('',(12.63,1.97,-0.5));
#6747=CARTESIAN_POINT('',(13.27,1.97,-3.5));
#6748=CARTESIAN_POINT('Origin',(10.73,1.97,-0.5));
#6749=CARTESIAN_POINT('',(12.63,1.97,-0.5));
#6750=CARTESIAN_POINT('',(12.63,1.97,-0.5));
#6751=CARTESIAN_POINT('',(10.73,1.97,-0.5));
#6752=CARTESIAN_POINT('',(10.73,1.97,-0.5));
#6753=CARTESIAN_POINT('',(10.73,1.97,-0.5));
#6754=CARTESIAN_POINT('Origin',(20.82,1.97,-3.5));
#6755=CARTESIAN_POINT('',(10.09,1.97,-0.5));
#6756=CARTESIAN_POINT('',(10.73,1.97,-3.5));
#6757=CARTESIAN_POINT('Origin',(8.19,1.97,-0.5));
#6758=CARTESIAN_POINT('',(10.09,1.97,-0.5));
#6759=CARTESIAN_POINT('',(10.09,1.97,-0.5));
#6760=CARTESIAN_POINT('',(8.19,1.97,-0.5));
#6761=CARTESIAN_POINT('',(8.19,1.97,-0.5));
#6762=CARTESIAN_POINT('',(8.19,1.97,-0.5));
#6763=CARTESIAN_POINT('Origin',(20.82,1.97,-3.5));
#6764=CARTESIAN_POINT('',(7.55,1.97,-0.5));
#6765=CARTESIAN_POINT('',(8.19,1.97,-3.5));
#6766=CARTESIAN_POINT('Origin',(5.65,1.97,-0.5));
#6767=CARTESIAN_POINT('',(7.55,1.97,-0.5));
#6768=CARTESIAN_POINT('',(7.55,1.97,-0.5));
#6769=CARTESIAN_POINT('',(5.65,1.97,-0.5));
#6770=CARTESIAN_POINT('',(5.65,1.97,-0.5));
#6771=CARTESIAN_POINT('',(5.65,1.97,-0.5));
#6772=CARTESIAN_POINT('Origin',(20.82,1.97,-3.5));
#6773=CARTESIAN_POINT('',(5.65,1.97,-3.5));
#6774=CARTESIAN_POINT('',(5.01,1.97,-0.5));
#6775=CARTESIAN_POINT('Origin',(3.11,1.97,-0.5));
#6776=CARTESIAN_POINT('',(5.01,1.97,-0.5));
#6777=CARTESIAN_POINT('',(5.01,1.97,-0.5));
#6778=CARTESIAN_POINT('',(3.11,1.97,-0.5));
#6779=CARTESIAN_POINT('',(3.11,1.97,-0.5));
#6780=CARTESIAN_POINT('',(3.11,1.97,-0.5));
#6781=CARTESIAN_POINT('Origin',(20.82,1.97,-3.5));
#6782=CARTESIAN_POINT('',(3.11,1.97,-3.5));
#6783=CARTESIAN_POINT('',(2.47,1.97,-0.5));
#6784=CARTESIAN_POINT('Origin',(0.570000000000002,1.97,-0.5));
#6785=CARTESIAN_POINT('',(2.47,1.97,-0.5));
#6786=CARTESIAN_POINT('',(2.47,1.97,-0.5));
#6787=CARTESIAN_POINT('',(0.570000000000002,1.97,-0.5));
#6788=CARTESIAN_POINT('',(0.570000000000002,1.97,-0.5));
#6789=CARTESIAN_POINT('',(0.570000000000001,1.97,-0.5));
#6790=CARTESIAN_POINT('Origin',(20.82,1.97,-3.5));
#6791=CARTESIAN_POINT('',(0.199999999999999,1.97,-3.5));
#6792=CARTESIAN_POINT('',(0.570000000000001,1.97,-3.5));
#6793=CARTESIAN_POINT('Origin',(0.2,1.97,-3.2));
#6794=CARTESIAN_POINT('',(0.199999999999999,-1.97,-3.2));
#6795=CARTESIAN_POINT('Origin',(20.82,-1.97,-3.5));
#6796=CARTESIAN_POINT('',(0.570000000000002,-1.97,-0.5));
#6797=CARTESIAN_POINT('Origin',(2.47,-1.97,-0.5));
#6798=CARTESIAN_POINT('',(0.570000000000002,-1.97,-0.5));
#6799=CARTESIAN_POINT('',(0.570000000000002,-1.97,-0.5));
#6800=CARTESIAN_POINT('',(2.47,-1.97,-0.5));
#6801=CARTESIAN_POINT('',(2.47,-1.97,-0.5));
#6802=CARTESIAN_POINT('',(2.47,-1.97,-0.5));
#6803=CARTESIAN_POINT('Origin',(20.82,-1.97,-3.5));
#6804=CARTESIAN_POINT('',(3.11,-1.97,-0.5));
#6805=CARTESIAN_POINT('',(2.47,-1.97,-3.5));
#6806=CARTESIAN_POINT('Origin',(5.01,-1.97,-0.5));
#6807=CARTESIAN_POINT('',(3.11,-1.97,-0.5));
#6808=CARTESIAN_POINT('',(3.11,-1.97,-0.5));
#6809=CARTESIAN_POINT('',(5.01,-1.97,-0.5));
#6810=CARTESIAN_POINT('',(5.01,-1.97,-0.5));
#6811=CARTESIAN_POINT('',(5.01,-1.97,-0.5));
#6812=CARTESIAN_POINT('Origin',(20.82,-1.97,-3.5));
#6813=CARTESIAN_POINT('',(5.01,-1.97,-3.5));
#6814=CARTESIAN_POINT('',(5.65,-1.97,-0.5));
#6815=CARTESIAN_POINT('Origin',(7.55,-1.97,-0.5));
#6816=CARTESIAN_POINT('',(5.65,-1.97,-0.5));
#6817=CARTESIAN_POINT('',(5.65,-1.97,-0.5));
#6818=CARTESIAN_POINT('',(7.55,-1.97,-0.5));
#6819=CARTESIAN_POINT('',(7.55,-1.97,-0.5));
#6820=CARTESIAN_POINT('',(7.55,-1.97,-0.5));
#6821=CARTESIAN_POINT('Origin',(20.82,-1.97,-3.5));
#6822=CARTESIAN_POINT('',(8.19,-1.97,-0.5));
#6823=CARTESIAN_POINT('',(7.55,-1.97,-3.5));
#6824=CARTESIAN_POINT('Origin',(10.09,-1.97,-0.5));
#6825=CARTESIAN_POINT('',(8.19,-1.97,-0.5));
#6826=CARTESIAN_POINT('',(8.19,-1.97,-0.5));
#6827=CARTESIAN_POINT('',(10.09,-1.97,-0.5));
#6828=CARTESIAN_POINT('',(10.09,-1.97,-0.5));
#6829=CARTESIAN_POINT('',(10.09,-1.97,-0.5));
#6830=CARTESIAN_POINT('Origin',(20.82,-1.97,-3.5));
#6831=CARTESIAN_POINT('',(10.09,-1.97,-3.5));
#6832=CARTESIAN_POINT('',(10.73,-1.97,-0.5));
#6833=CARTESIAN_POINT('Origin',(12.63,-1.97,-0.5));
#6834=CARTESIAN_POINT('',(10.73,-1.97,-0.5));
#6835=CARTESIAN_POINT('',(10.73,-1.97,-0.5));
#6836=CARTESIAN_POINT('',(12.63,-1.97,-0.5));
#6837=CARTESIAN_POINT('',(12.63,-1.97,-0.5));
#6838=CARTESIAN_POINT('',(12.63,-1.97,-0.5));
#6839=CARTESIAN_POINT('Origin',(20.82,-1.97,-3.5));
#6840=CARTESIAN_POINT('',(12.63,-1.97,-3.5));
#6841=CARTESIAN_POINT('',(13.27,-1.97,-0.5));
#6842=CARTESIAN_POINT('Origin',(15.17,-1.97,-0.5));
#6843=CARTESIAN_POINT('',(13.27,-1.97,-0.5));
#6844=CARTESIAN_POINT('',(13.27,-1.97,-0.5));
#6845=CARTESIAN_POINT('',(15.17,-1.97,-0.5));
#6846=CARTESIAN_POINT('',(15.17,-1.97,-0.5));
#6847=CARTESIAN_POINT('',(15.17,-1.97,-0.5));
#6848=CARTESIAN_POINT('Origin',(20.82,-1.97,-3.5));
#6849=CARTESIAN_POINT('',(15.17,-1.97,-3.5));
#6850=CARTESIAN_POINT('',(15.81,-1.97,-0.5));
#6851=CARTESIAN_POINT('Origin',(17.71,-1.97,-0.5));
#6852=CARTESIAN_POINT('',(15.81,-1.97,-0.5));
#6853=CARTESIAN_POINT('',(15.81,-1.97,-0.5));
#6854=CARTESIAN_POINT('',(17.71,-1.97,-0.5));
#6855=CARTESIAN_POINT('',(17.71,-1.97,-0.5));
#6856=CARTESIAN_POINT('',(17.71,-1.97,-0.5));
#6857=CARTESIAN_POINT('Origin',(20.82,-1.97,-3.5));
#6858=CARTESIAN_POINT('',(17.71,-1.97,-3.5));
#6859=CARTESIAN_POINT('',(18.35,-1.97,-0.5));
#6860=CARTESIAN_POINT('Origin',(20.25,-1.97,-0.5));
#6861=CARTESIAN_POINT('',(18.35,-1.97,-0.5));
#6862=CARTESIAN_POINT('',(18.35,-1.97,-0.5));
#6863=CARTESIAN_POINT('',(20.25,-1.97,-0.5));
#6864=CARTESIAN_POINT('',(20.25,-1.97,-0.5));
#6865=CARTESIAN_POINT('',(20.25,-1.97,-0.5));
#6866=CARTESIAN_POINT('Origin',(2.47,0.57,-0.5));
#6867=CARTESIAN_POINT('',(0.570000000000002,0.57,-0.5));
#6868=CARTESIAN_POINT('',(0.570000000000002,0.57,-0.5));
#6869=CARTESIAN_POINT('',(2.47,0.57,-0.5));
#6870=CARTESIAN_POINT('',(2.47,0.57,-0.5));
#6871=CARTESIAN_POINT('',(2.47,0.57,-0.5));
#6872=CARTESIAN_POINT('Origin',(5.01,0.57,-0.5));
#6873=CARTESIAN_POINT('',(3.11,0.57,-0.5));
#6874=CARTESIAN_POINT('',(3.11,0.57,-0.5));
#6875=CARTESIAN_POINT('',(5.01,0.57,-0.5));
#6876=CARTESIAN_POINT('',(5.01,0.57,-0.5));
#6877=CARTESIAN_POINT('',(5.01,0.57,-0.5));
#6878=CARTESIAN_POINT('Origin',(7.55,0.57,-0.5));
#6879=CARTESIAN_POINT('',(5.65,0.57,-0.5));
#6880=CARTESIAN_POINT('',(5.65,0.57,-0.5));
#6881=CARTESIAN_POINT('',(7.55,0.57,-0.5));
#6882=CARTESIAN_POINT('',(7.55,0.57,-0.5));
#6883=CARTESIAN_POINT('',(7.55,0.57,-0.5));
#6884=CARTESIAN_POINT('Origin',(10.09,0.57,-0.5));
#6885=CARTESIAN_POINT('',(8.19,0.57,-0.5));
#6886=CARTESIAN_POINT('',(8.19,0.57,-0.5));
#6887=CARTESIAN_POINT('',(10.09,0.57,-0.5));
#6888=CARTESIAN_POINT('',(10.09,0.57,-0.5));
#6889=CARTESIAN_POINT('',(10.09,0.57,-0.5));
#6890=CARTESIAN_POINT('Origin',(12.63,0.57,-0.5));
#6891=CARTESIAN_POINT('',(10.73,0.57,-0.5));
#6892=CARTESIAN_POINT('',(10.73,0.57,-0.5));
#6893=CARTESIAN_POINT('',(12.63,0.57,-0.5));
#6894=CARTESIAN_POINT('',(12.63,0.57,-0.5));
#6895=CARTESIAN_POINT('',(12.63,0.57,-0.5));
#6896=CARTESIAN_POINT('Origin',(15.17,0.57,-0.5));
#6897=CARTESIAN_POINT('',(13.27,0.57,-0.5));
#6898=CARTESIAN_POINT('',(13.27,0.57,-0.5));
#6899=CARTESIAN_POINT('',(15.17,0.57,-0.5));
#6900=CARTESIAN_POINT('',(15.17,0.57,-0.5));
#6901=CARTESIAN_POINT('',(15.17,0.57,-0.5));
#6902=CARTESIAN_POINT('Origin',(17.71,0.57,-0.5));
#6903=CARTESIAN_POINT('',(15.81,0.57,-0.5));
#6904=CARTESIAN_POINT('',(15.81,0.57,-0.5));
#6905=CARTESIAN_POINT('',(17.71,0.57,-0.5));
#6906=CARTESIAN_POINT('',(17.71,0.57,-0.5));
#6907=CARTESIAN_POINT('',(17.71,0.57,-0.5));
#6908=CARTESIAN_POINT('Origin',(20.25,0.57,-0.5));
#6909=CARTESIAN_POINT('',(18.35,0.57,-0.5));
#6910=CARTESIAN_POINT('',(18.35,0.57,-0.5));
#6911=CARTESIAN_POINT('',(20.25,0.57,-0.5));
#6912=CARTESIAN_POINT('',(20.25,0.57,-0.5));
#6913=CARTESIAN_POINT('',(20.25,0.57,-0.5));
#6914=CARTESIAN_POINT('Origin',(18.35,-0.57,-0.5));
#6915=CARTESIAN_POINT('',(20.25,-0.57,-0.5));
#6916=CARTESIAN_POINT('',(20.25,-0.57,-0.5));
#6917=CARTESIAN_POINT('',(18.35,-0.57,-0.5));
#6918=CARTESIAN_POINT('',(18.35,-0.57,-0.5));
#6919=CARTESIAN_POINT('',(18.35,-0.57,-0.5));
#6920=CARTESIAN_POINT('Origin',(15.81,-0.57,-0.5));
#6921=CARTESIAN_POINT('',(17.71,-0.57,-0.5));
#6922=CARTESIAN_POINT('',(17.71,-0.57,-0.5));
#6923=CARTESIAN_POINT('',(15.81,-0.57,-0.5));
#6924=CARTESIAN_POINT('',(15.81,-0.57,-0.5));
#6925=CARTESIAN_POINT('',(15.81,-0.57,-0.5));
#6926=CARTESIAN_POINT('Origin',(13.27,-0.57,-0.5));
#6927=CARTESIAN_POINT('',(15.17,-0.57,-0.5));
#6928=CARTESIAN_POINT('',(15.17,-0.57,-0.5));
#6929=CARTESIAN_POINT('',(13.27,-0.57,-0.5));
#6930=CARTESIAN_POINT('',(13.27,-0.57,-0.5));
#6931=CARTESIAN_POINT('',(13.27,-0.57,-0.5));
#6932=CARTESIAN_POINT('Origin',(10.73,-0.57,-0.5));
#6933=CARTESIAN_POINT('',(12.63,-0.57,-0.5));
#6934=CARTESIAN_POINT('',(12.63,-0.57,-0.5));
#6935=CARTESIAN_POINT('',(10.73,-0.57,-0.5));
#6936=CARTESIAN_POINT('',(10.73,-0.57,-0.5));
#6937=CARTESIAN_POINT('',(10.73,-0.57,-0.5));
#6938=CARTESIAN_POINT('Origin',(8.19,-0.57,-0.5));
#6939=CARTESIAN_POINT('',(10.09,-0.57,-0.5));
#6940=CARTESIAN_POINT('',(10.09,-0.57,-0.5));
#6941=CARTESIAN_POINT('',(8.19,-0.57,-0.5));
#6942=CARTESIAN_POINT('',(8.19,-0.57,-0.5));
#6943=CARTESIAN_POINT('',(8.19,-0.57,-0.5));
#6944=CARTESIAN_POINT('Origin',(5.65,-0.57,-0.5));
#6945=CARTESIAN_POINT('',(7.55,-0.57,-0.5));
#6946=CARTESIAN_POINT('',(7.55,-0.57,-0.5));
#6947=CARTESIAN_POINT('',(5.65,-0.57,-0.5));
#6948=CARTESIAN_POINT('',(5.65,-0.57,-0.5));
#6949=CARTESIAN_POINT('',(5.65,-0.57,-0.5));
#6950=CARTESIAN_POINT('Origin',(3.11,-0.57,-0.5));
#6951=CARTESIAN_POINT('',(5.01,-0.57,-0.5));
#6952=CARTESIAN_POINT('',(5.01,-0.57,-0.5));
#6953=CARTESIAN_POINT('',(3.11,-0.57,-0.5));
#6954=CARTESIAN_POINT('',(3.11,-0.57,-0.5));
#6955=CARTESIAN_POINT('',(3.11,-0.57,-0.5));
#6956=CARTESIAN_POINT('Origin',(0.570000000000002,-0.57,-0.5));
#6957=CARTESIAN_POINT('',(2.47,-0.57,-0.5));
#6958=CARTESIAN_POINT('',(2.47,-0.57,-0.5));
#6959=CARTESIAN_POINT('',(0.570000000000002,-0.57,-0.5));
#6960=CARTESIAN_POINT('',(0.570000000000002,-0.57,-0.5));
#6961=CARTESIAN_POINT('',(0.570000000000002,-0.57,-0.5));
#6962=CARTESIAN_POINT('Origin',(0.,0.,-0.5));
#6963=CARTESIAN_POINT('',(0.570000000000002,0.,-0.5));
#6964=CARTESIAN_POINT('',(2.47,0.,-0.5));
#6965=CARTESIAN_POINT('Origin',(0.,2.54,-0.5));
#6966=CARTESIAN_POINT('',(0.570000000000002,2.54,-0.5));
#6967=CARTESIAN_POINT('',(2.47,2.54,-0.5));
#6968=CARTESIAN_POINT('Origin',(2.54,0.,-0.5));
#6969=CARTESIAN_POINT('',(3.11,0.,-0.5));
#6970=CARTESIAN_POINT('',(5.01,0.,-0.5));
#6971=CARTESIAN_POINT('Origin',(2.54,2.54,-0.5));
#6972=CARTESIAN_POINT('',(3.11,2.54,-0.5));
#6973=CARTESIAN_POINT('',(5.01,2.54,-0.5));
#6974=CARTESIAN_POINT('Origin',(5.08,0.,-0.5));
#6975=CARTESIAN_POINT('',(5.65,0.,-0.5));
#6976=CARTESIAN_POINT('',(7.55,0.,-0.5));
#6977=CARTESIAN_POINT('Origin',(5.08,2.54,-0.5));
#6978=CARTESIAN_POINT('',(5.65,2.54,-0.5));
#6979=CARTESIAN_POINT('',(7.55,2.54,-0.5));
#6980=CARTESIAN_POINT('Origin',(7.62,0.,-0.5));
#6981=CARTESIAN_POINT('',(8.19,0.,-0.5));
#6982=CARTESIAN_POINT('',(10.09,0.,-0.5));
#6983=CARTESIAN_POINT('Origin',(7.62,2.54,-0.5));
#6984=CARTESIAN_POINT('',(8.19,2.54,-0.5));
#6985=CARTESIAN_POINT('',(10.09,2.54,-0.5));
#6986=CARTESIAN_POINT('Origin',(10.16,0.,-0.5));
#6987=CARTESIAN_POINT('',(10.73,0.,-0.5));
#6988=CARTESIAN_POINT('',(12.63,0.,-0.5));
#6989=CARTESIAN_POINT('Origin',(10.16,2.54,-0.5));
#6990=CARTESIAN_POINT('',(10.73,2.54,-0.5));
#6991=CARTESIAN_POINT('',(12.63,2.54,-0.5));
#6992=CARTESIAN_POINT('Origin',(12.7,0.,-0.5));
#6993=CARTESIAN_POINT('',(13.27,0.,-0.5));
#6994=CARTESIAN_POINT('',(15.17,0.,-0.5));
#6995=CARTESIAN_POINT('Origin',(12.7,2.54,-0.5));
#6996=CARTESIAN_POINT('',(13.27,2.54,-0.5));
#6997=CARTESIAN_POINT('',(15.17,2.54,-0.5));
#6998=CARTESIAN_POINT('Origin',(15.24,0.,-0.5));
#6999=CARTESIAN_POINT('',(15.81,0.,-0.5));
#7000=CARTESIAN_POINT('',(17.71,0.,-0.5));
#7001=CARTESIAN_POINT('Origin',(15.24,2.54,-0.5));
#7002=CARTESIAN_POINT('',(15.81,2.54,-0.5));
#7003=CARTESIAN_POINT('',(17.71,2.54,-0.5));
#7004=CARTESIAN_POINT('Origin',(17.78,0.,-0.5));
#7005=CARTESIAN_POINT('',(18.35,0.,-0.5));
#7006=CARTESIAN_POINT('',(20.25,0.,-0.5));
#7007=CARTESIAN_POINT('Origin',(17.78,2.54,-0.5));
#7008=CARTESIAN_POINT('',(18.35,2.54,-0.5));
#7009=CARTESIAN_POINT('',(20.25,2.54,-0.5));
#7010=CARTESIAN_POINT('Origin',(18.35,0.57,-0.5));
#7011=CARTESIAN_POINT('Origin',(20.25,1.97,-0.5));
#7012=CARTESIAN_POINT('Origin',(15.81,0.57,-0.5));
#7013=CARTESIAN_POINT('Origin',(17.71,1.97,-0.5));
#7014=CARTESIAN_POINT('Origin',(13.27,0.57,-0.5));
#7015=CARTESIAN_POINT('Origin',(15.17,1.97,-0.5));
#7016=CARTESIAN_POINT('Origin',(10.73,0.57,-0.5));
#7017=CARTESIAN_POINT('Origin',(12.63,1.97,-0.5));
#7018=CARTESIAN_POINT('Origin',(8.19,0.57,-0.5));
#7019=CARTESIAN_POINT('Origin',(10.09,1.97,-0.5));
#7020=CARTESIAN_POINT('Origin',(5.65,0.57,-0.5));
#7021=CARTESIAN_POINT('Origin',(7.55,1.97,-0.5));
#7022=CARTESIAN_POINT('Origin',(3.11,0.57,-0.5));
#7023=CARTESIAN_POINT('Origin',(5.01,1.97,-0.5));
#7024=CARTESIAN_POINT('Origin',(0.570000000000002,0.57,-0.5));
#7025=CARTESIAN_POINT('Origin',(2.47,1.97,-0.5));
#7026=CARTESIAN_POINT('Origin',(2.47,-0.57,-0.5));
#7027=CARTESIAN_POINT('Origin',(0.570000000000002,-1.97,-0.5));
#7028=CARTESIAN_POINT('Origin',(5.01,-0.57,-0.5));
#7029=CARTESIAN_POINT('Origin',(3.11,-1.97,-0.5));
#7030=CARTESIAN_POINT('Origin',(7.55,-0.57,-0.5));
#7031=CARTESIAN_POINT('Origin',(5.65,-1.97,-0.5));
#7032=CARTESIAN_POINT('Origin',(10.09,-0.57,-0.5));
#7033=CARTESIAN_POINT('Origin',(8.19,-1.97,-0.5));
#7034=CARTESIAN_POINT('Origin',(12.63,-0.57,-0.5));
#7035=CARTESIAN_POINT('Origin',(10.73,-1.97,-0.5));
#7036=CARTESIAN_POINT('Origin',(15.17,-0.57,-0.5));
#7037=CARTESIAN_POINT('Origin',(13.27,-1.97,-0.5));
#7038=CARTESIAN_POINT('Origin',(17.71,-0.57,-0.5));
#7039=CARTESIAN_POINT('Origin',(15.81,-1.97,-0.5));
#7040=CARTESIAN_POINT('Origin',(20.25,-0.57,-0.5));
#7041=CARTESIAN_POINT('Origin',(18.35,-1.97,-0.5));
#7042=CARTESIAN_POINT('Origin',(2.79,0.,-4.9));
#7043=CARTESIAN_POINT('Origin',(18.03,0.,-4.9));
#7044=UNCERTAINTY_MEASURE_WITH_UNIT(LENGTH_MEASURE(0.01),#7048,
'DISTANCE_ACCURACY_VALUE',
'Maximum model space distance between geometric entities at asserted c
onnectivities');
#7045=UNCERTAINTY_MEASURE_WITH_UNIT(LENGTH_MEASURE(0.01),#7048,
'DISTANCE_ACCURACY_VALUE',
'Maximum model space distance between geometric entities at asserted c
onnectivities');
#7046=(
GEOMETRIC_REPRESENTATION_CONTEXT(3)
GLOBAL_UNCERTAINTY_ASSIGNED_CONTEXT((#7044))
GLOBAL_UNIT_ASSIGNED_CONTEXT((#7048,#7050,#7051))
REPRESENTATION_CONTEXT('','3D')
);
#7047=(
GEOMETRIC_REPRESENTATION_CONTEXT(3)
GLOBAL_UNCERTAINTY_ASSIGNED_CONTEXT((#7045))
GLOBAL_UNIT_ASSIGNED_CONTEXT((#7048,#7050,#7051))
REPRESENTATION_CONTEXT('','3D')
);
#7048=(
LENGTH_UNIT()
NAMED_UNIT(*)
SI_UNIT(.MILLI.,.METRE.)
);
#7049=(
LENGTH_UNIT()
NAMED_UNIT(*)
SI_UNIT($,.METRE.)
);
#7050=(
NAMED_UNIT(*)
PLANE_ANGLE_UNIT()
SI_UNIT($,.RADIAN.)
);
#7051=(
NAMED_UNIT(*)
SI_UNIT($,.STERADIAN.)
SOLID_ANGLE_UNIT()
);
#7052=SHAPE_DEFINITION_REPRESENTATION(#7053,#7054);
#7053=PRODUCT_DEFINITION_SHAPE('',$,#7056);
#7054=SHAPE_REPRESENTATION('',(#4474),#7046);
#7055=PRODUCT_DEFINITION_CONTEXT('part definition',#7060,'design');
#7056=PRODUCT_DEFINITION('BB02-KY-housing-16P','BB02-KY-housing-16P',#7057,
#7055);
#7057=PRODUCT_DEFINITION_FORMATION('',$,#7062);
#7058=PRODUCT_RELATED_PRODUCT_CATEGORY('BB02-KY-housing-16P',
'BB02-KY-housing-16P',(#7062));
#7059=APPLICATION_PROTOCOL_DEFINITION('international standard',
'automotive_design',2009,#7060);
#7060=APPLICATION_CONTEXT(
'Core Data for Automotive Mechanical Design Process');
#7061=PRODUCT_CONTEXT('part definition',#7060,'mechanical');
#7062=PRODUCT('BB02-KY-housing-16P','BB02-KY-housing-16P',$,(#7061));
#7063=PRESENTATION_STYLE_ASSIGNMENT((#7065));
#7064=PRESENTATION_STYLE_ASSIGNMENT((#7066));
#7065=SURFACE_STYLE_USAGE(.BOTH.,#7067);
#7066=SURFACE_STYLE_USAGE(.BOTH.,#7068);
#7067=SURFACE_SIDE_STYLE('',(#7069));
#7068=SURFACE_SIDE_STYLE('',(#7070));
#7069=SURFACE_STYLE_FILL_AREA(#7071);
#7070=SURFACE_STYLE_FILL_AREA(#7072);
#7071=FILL_AREA_STYLE('Acier - Satin\X\E9',(#7073));
#7072=FILL_AREA_STYLE('Opaque(57,57,57)',(#7074));
#7073=FILL_AREA_STYLE_COLOUR('Acier - Satin\X\E9',#7075);
#7074=FILL_AREA_STYLE_COLOUR('Opaque(57,57,57)',#7076);
#7075=COLOUR_RGB('Acier - Satin\X\E9',0.627450980392157,0.627450980392157,
0.627450980392157);
#7076=COLOUR_RGB('Opaque(57,57,57)',0.223529411764706,0.223529411764706,
0.223529411764706);
ENDSEC;
END-ISO-10303-21;
