ISO-10303-21;
HEADER;
/* Generated by software containing ST-Developer
 * from STEP Tools, Inc. (www.steptools.com) 
 */

FILE_DESCRIPTION(
/* description */ (''),
/* implementation_level */ '2;1');

FILE_NAME(
/* name */ 'PcbPins.step',
/* time_stamp */ '2026-02-08T19:04:43+01:00',
/* author */ (''),
/* organization */ (''),
/* preprocessor_version */ 'ST-DEVELOPER v20.1',
/* originating_system */ 'Autodesk Translation Framework v14.24.0.0',
/* authorisation */ '');

FILE_SCHEMA (('AUTOMOTIVE_DESIGN { 1 0 10303 214 3 1 1 }'));
ENDSEC;

DATA;
#10=MECHANICAL_DESIGN_GEOMETRIC_PRESENTATION_REPRESENTATION('',(#13),#2763);
#11=SHAPE_REPRESENTATION_RELATIONSHIP('SRR','None',#2770,#12);
#12=ADVANCED_BREP_SHAPE_REPRESENTATION('',(#14),#2762);
#13=STYLED_ITEM('',(#2780),#14);
#14=MANIFOLD_SOLID_BREP('Corps1',#1703);
#15=CYLINDRICAL_SURFACE('',#1736,0.19);
#16=CYLINDRICAL_SURFACE('',#1741,0.19);
#17=CYLINDRICAL_SURFACE('',#1746,0.19);
#18=CYLINDRICAL_SURFACE('',#1751,0.19);
#19=CYLINDRICAL_SURFACE('',#1756,0.19);
#20=CYLINDRICAL_SURFACE('',#1761,0.19);
#21=CYLINDRICAL_SURFACE('',#1766,0.19);
#22=CYLINDRICAL_SURFACE('',#1771,0.19);
#23=CYLINDRICAL_SURFACE('',#1776,0.19);
#24=CYLINDRICAL_SURFACE('',#1781,0.19);
#25=CYLINDRICAL_SURFACE('',#1786,0.19);
#26=CYLINDRICAL_SURFACE('',#1791,0.19);
#27=CIRCLE('',#1735,0.19);
#28=CIRCLE('',#1737,0.19);
#29=CIRCLE('',#1740,0.19);
#30=CIRCLE('',#1742,0.19);
#31=CIRCLE('',#1745,0.19);
#32=CIRCLE('',#1747,0.19);
#33=CIRCLE('',#1750,0.19);
#34=CIRCLE('',#1752,0.19);
#35=CIRCLE('',#1755,0.19);
#36=CIRCLE('',#1757,0.19);
#37=CIRCLE('',#1760,0.19);
#38=CIRCLE('',#1762,0.19);
#39=CIRCLE('',#1765,0.19);
#40=CIRCLE('',#1767,0.19);
#41=CIRCLE('',#1770,0.19);
#42=CIRCLE('',#1772,0.19);
#43=CIRCLE('',#1775,0.19);
#44=CIRCLE('',#1777,0.19);
#45=CIRCLE('',#1780,0.19);
#46=CIRCLE('',#1782,0.19);
#47=CIRCLE('',#1785,0.19);
#48=CIRCLE('',#1787,0.19);
#49=CIRCLE('',#1790,0.19);
#50=CIRCLE('',#1792,0.19);
#51=FACE_OUTER_BOUND('',#141,.T.);
#52=FACE_OUTER_BOUND('',#142,.T.);
#53=FACE_OUTER_BOUND('',#143,.T.);
#54=FACE_OUTER_BOUND('',#144,.T.);
#55=FACE_OUTER_BOUND('',#145,.T.);
#56=FACE_OUTER_BOUND('',#146,.T.);
#57=FACE_OUTER_BOUND('',#147,.T.);
#58=FACE_OUTER_BOUND('',#148,.T.);
#59=FACE_OUTER_BOUND('',#149,.T.);
#60=FACE_OUTER_BOUND('',#150,.T.);
#61=FACE_OUTER_BOUND('',#151,.T.);
#62=FACE_OUTER_BOUND('',#152,.T.);
#63=FACE_OUTER_BOUND('',#153,.T.);
#64=FACE_OUTER_BOUND('',#154,.T.);
#65=FACE_OUTER_BOUND('',#155,.T.);
#66=FACE_OUTER_BOUND('',#156,.T.);
#67=FACE_OUTER_BOUND('',#157,.T.);
#68=FACE_OUTER_BOUND('',#158,.T.);
#69=FACE_OUTER_BOUND('',#159,.T.);
#70=FACE_OUTER_BOUND('',#160,.T.);
#71=FACE_OUTER_BOUND('',#161,.T.);
#72=FACE_OUTER_BOUND('',#162,.T.);
#73=FACE_OUTER_BOUND('',#163,.T.);
#74=FACE_OUTER_BOUND('',#164,.T.);
#75=FACE_OUTER_BOUND('',#165,.T.);
#76=FACE_OUTER_BOUND('',#166,.T.);
#77=FACE_OUTER_BOUND('',#167,.T.);
#78=FACE_OUTER_BOUND('',#168,.T.);
#79=FACE_OUTER_BOUND('',#169,.T.);
#80=FACE_OUTER_BOUND('',#170,.T.);
#81=FACE_OUTER_BOUND('',#171,.T.);
#82=FACE_OUTER_BOUND('',#172,.T.);
#83=FACE_OUTER_BOUND('',#173,.T.);
#84=FACE_OUTER_BOUND('',#174,.T.);
#85=FACE_OUTER_BOUND('',#175,.T.);
#86=FACE_OUTER_BOUND('',#176,.T.);
#87=FACE_OUTER_BOUND('',#177,.T.);
#88=FACE_OUTER_BOUND('',#178,.T.);
#89=FACE_OUTER_BOUND('',#179,.T.);
#90=FACE_OUTER_BOUND('',#180,.T.);
#91=FACE_OUTER_BOUND('',#181,.T.);
#92=FACE_OUTER_BOUND('',#182,.T.);
#93=FACE_OUTER_BOUND('',#183,.T.);
#94=FACE_OUTER_BOUND('',#184,.T.);
#95=FACE_OUTER_BOUND('',#185,.T.);
#96=FACE_OUTER_BOUND('',#186,.T.);
#97=FACE_OUTER_BOUND('',#187,.T.);
#98=FACE_OUTER_BOUND('',#188,.T.);
#99=FACE_OUTER_BOUND('',#189,.T.);
#100=FACE_OUTER_BOUND('',#190,.T.);
#101=FACE_OUTER_BOUND('',#191,.T.);
#102=FACE_OUTER_BOUND('',#192,.T.);
#103=FACE_OUTER_BOUND('',#193,.T.);
#104=FACE_OUTER_BOUND('',#194,.T.);
#105=FACE_OUTER_BOUND('',#195,.T.);
#106=FACE_OUTER_BOUND('',#196,.T.);
#107=FACE_OUTER_BOUND('',#197,.T.);
#108=FACE_OUTER_BOUND('',#198,.T.);
#109=FACE_OUTER_BOUND('',#199,.T.);
#110=FACE_OUTER_BOUND('',#200,.T.);
#111=FACE_OUTER_BOUND('',#201,.T.);
#112=FACE_OUTER_BOUND('',#202,.T.);
#113=FACE_OUTER_BOUND('',#203,.T.);
#114=FACE_OUTER_BOUND('',#204,.T.);
#115=FACE_OUTER_BOUND('',#205,.T.);
#116=FACE_OUTER_BOUND('',#206,.T.);
#117=FACE_OUTER_BOUND('',#207,.T.);
#118=FACE_OUTER_BOUND('',#208,.T.);
#119=FACE_OUTER_BOUND('',#209,.T.);
#120=FACE_OUTER_BOUND('',#210,.T.);
#121=FACE_OUTER_BOUND('',#211,.T.);
#122=FACE_OUTER_BOUND('',#212,.T.);
#123=FACE_OUTER_BOUND('',#213,.T.);
#124=FACE_OUTER_BOUND('',#214,.T.);
#125=FACE_OUTER_BOUND('',#215,.T.);
#126=FACE_OUTER_BOUND('',#216,.T.);
#127=FACE_OUTER_BOUND('',#217,.T.);
#128=FACE_OUTER_BOUND('',#218,.T.);
#129=FACE_OUTER_BOUND('',#219,.T.);
#130=FACE_OUTER_BOUND('',#220,.T.);
#131=FACE_OUTER_BOUND('',#221,.T.);
#132=FACE_OUTER_BOUND('',#222,.T.);
#133=FACE_OUTER_BOUND('',#223,.T.);
#134=FACE_OUTER_BOUND('',#224,.T.);
#135=FACE_OUTER_BOUND('',#225,.T.);
#136=FACE_OUTER_BOUND('',#226,.T.);
#137=FACE_OUTER_BOUND('',#227,.T.);
#138=FACE_OUTER_BOUND('',#228,.T.);
#139=FACE_OUTER_BOUND('',#229,.T.);
#140=FACE_OUTER_BOUND('',#230,.T.);
#141=EDGE_LOOP('',(#1055,#1056,#1057,#1058,#1059,#1060,#1061,#1062,#1063,
#1064,#1065,#1066,#1067,#1068,#1069,#1070,#1071,#1072,#1073,#1074,#1075,
#1076,#1077,#1078,#1079,#1080,#1081,#1082,#1083,#1084,#1085,#1086,#1087,
#1088,#1089,#1090,#1091,#1092,#1093,#1094,#1095,#1096,#1097,#1098,#1099,
#1100,#1101,#1102,#1103,#1104,#1105,#1106));
#142=EDGE_LOOP('',(#1107,#1108,#1109,#1110));
#143=EDGE_LOOP('',(#1111,#1112,#1113,#1114));
#144=EDGE_LOOP('',(#1115,#1116,#1117,#1118));
#145=EDGE_LOOP('',(#1119,#1120,#1121,#1122));
#146=EDGE_LOOP('',(#1123,#1124,#1125,#1126));
#147=EDGE_LOOP('',(#1127,#1128,#1129,#1130));
#148=EDGE_LOOP('',(#1131,#1132,#1133,#1134));
#149=EDGE_LOOP('',(#1135,#1136,#1137,#1138));
#150=EDGE_LOOP('',(#1139,#1140,#1141,#1142));
#151=EDGE_LOOP('',(#1143,#1144,#1145,#1146));
#152=EDGE_LOOP('',(#1147,#1148,#1149,#1150));
#153=EDGE_LOOP('',(#1151,#1152,#1153,#1154));
#154=EDGE_LOOP('',(#1155,#1156,#1157,#1158));
#155=EDGE_LOOP('',(#1159,#1160,#1161,#1162));
#156=EDGE_LOOP('',(#1163,#1164,#1165,#1166));
#157=EDGE_LOOP('',(#1167,#1168,#1169,#1170));
#158=EDGE_LOOP('',(#1171,#1172,#1173,#1174,#1175,#1176));
#159=EDGE_LOOP('',(#1177,#1178,#1179,#1180));
#160=EDGE_LOOP('',(#1181,#1182,#1183,#1184,#1185,#1186));
#161=EDGE_LOOP('',(#1187,#1188,#1189,#1190,#1191,#1192));
#162=EDGE_LOOP('',(#1193,#1194,#1195,#1196));
#163=EDGE_LOOP('',(#1197,#1198,#1199,#1200,#1201,#1202));
#164=EDGE_LOOP('',(#1203,#1204,#1205,#1206,#1207,#1208));
#165=EDGE_LOOP('',(#1209,#1210,#1211,#1212));
#166=EDGE_LOOP('',(#1213,#1214,#1215,#1216,#1217,#1218));
#167=EDGE_LOOP('',(#1219,#1220,#1221,#1222,#1223,#1224));
#168=EDGE_LOOP('',(#1225,#1226,#1227,#1228));
#169=EDGE_LOOP('',(#1229,#1230,#1231,#1232,#1233,#1234));
#170=EDGE_LOOP('',(#1235,#1236,#1237,#1238,#1239,#1240));
#171=EDGE_LOOP('',(#1241,#1242,#1243,#1244));
#172=EDGE_LOOP('',(#1245,#1246,#1247,#1248,#1249,#1250));
#173=EDGE_LOOP('',(#1251,#1252,#1253,#1254,#1255,#1256));
#174=EDGE_LOOP('',(#1257,#1258,#1259,#1260));
#175=EDGE_LOOP('',(#1261,#1262,#1263,#1264,#1265,#1266));
#176=EDGE_LOOP('',(#1267,#1268,#1269,#1270,#1271,#1272));
#177=EDGE_LOOP('',(#1273,#1274,#1275,#1276));
#178=EDGE_LOOP('',(#1277,#1278,#1279,#1280,#1281,#1282));
#179=EDGE_LOOP('',(#1283,#1284,#1285,#1286,#1287,#1288));
#180=EDGE_LOOP('',(#1289,#1290,#1291,#1292));
#181=EDGE_LOOP('',(#1293,#1294,#1295,#1296,#1297,#1298));
#182=EDGE_LOOP('',(#1299,#1300,#1301,#1302,#1303,#1304));
#183=EDGE_LOOP('',(#1305,#1306,#1307,#1308));
#184=EDGE_LOOP('',(#1309,#1310,#1311,#1312,#1313,#1314));
#185=EDGE_LOOP('',(#1315,#1316,#1317,#1318,#1319,#1320));
#186=EDGE_LOOP('',(#1321,#1322,#1323,#1324));
#187=EDGE_LOOP('',(#1325,#1326,#1327,#1328,#1329,#1330));
#188=EDGE_LOOP('',(#1331,#1332,#1333,#1334,#1335,#1336));
#189=EDGE_LOOP('',(#1337,#1338,#1339,#1340));
#190=EDGE_LOOP('',(#1341,#1342,#1343,#1344,#1345,#1346));
#191=EDGE_LOOP('',(#1347,#1348,#1349,#1350,#1351,#1352));
#192=EDGE_LOOP('',(#1353,#1354,#1355,#1356));
#193=EDGE_LOOP('',(#1357,#1358,#1359,#1360,#1361,#1362));
#194=EDGE_LOOP('',(#1363,#1364,#1365,#1366,#1367,#1368,#1369,#1370,#1371,
#1372,#1373,#1374,#1375,#1376,#1377,#1378,#1379,#1380,#1381,#1382,#1383,
#1384,#1385,#1386,#1387,#1388,#1389,#1390));
#195=EDGE_LOOP('',(#1391,#1392,#1393,#1394));
#196=EDGE_LOOP('',(#1395,#1396,#1397,#1398));
#197=EDGE_LOOP('',(#1399,#1400,#1401,#1402));
#198=EDGE_LOOP('',(#1403,#1404,#1405,#1406));
#199=EDGE_LOOP('',(#1407,#1408,#1409,#1410));
#200=EDGE_LOOP('',(#1411,#1412,#1413,#1414));
#201=EDGE_LOOP('',(#1415,#1416,#1417,#1418));
#202=EDGE_LOOP('',(#1419,#1420,#1421,#1422));
#203=EDGE_LOOP('',(#1423,#1424,#1425,#1426));
#204=EDGE_LOOP('',(#1427,#1428,#1429,#1430));
#205=EDGE_LOOP('',(#1431,#1432,#1433,#1434));
#206=EDGE_LOOP('',(#1435,#1436,#1437,#1438));
#207=EDGE_LOOP('',(#1439,#1440,#1441,#1442));
#208=EDGE_LOOP('',(#1443,#1444,#1445,#1446));
#209=EDGE_LOOP('',(#1447,#1448,#1449,#1450));
#210=EDGE_LOOP('',(#1451,#1452,#1453,#1454));
#211=EDGE_LOOP('',(#1455,#1456,#1457,#1458));
#212=EDGE_LOOP('',(#1459,#1460,#1461,#1462));
#213=EDGE_LOOP('',(#1463,#1464,#1465,#1466));
#214=EDGE_LOOP('',(#1467,#1468,#1469,#1470));
#215=EDGE_LOOP('',(#1471,#1472,#1473,#1474));
#216=EDGE_LOOP('',(#1475,#1476,#1477,#1478));
#217=EDGE_LOOP('',(#1479,#1480,#1481,#1482));
#218=EDGE_LOOP('',(#1483,#1484,#1485,#1486));
#219=EDGE_LOOP('',(#1487,#1488,#1489,#1490));
#220=EDGE_LOOP('',(#1491,#1492,#1493,#1494));
#221=EDGE_LOOP('',(#1495,#1496,#1497,#1498));
#222=EDGE_LOOP('',(#1499,#1500,#1501,#1502));
#223=EDGE_LOOP('',(#1503,#1504,#1505,#1506));
#224=EDGE_LOOP('',(#1507,#1508,#1509,#1510));
#225=EDGE_LOOP('',(#1511,#1512,#1513,#1514));
#226=EDGE_LOOP('',(#1515,#1516,#1517,#1518));
#227=EDGE_LOOP('',(#1519,#1520,#1521,#1522));
#228=EDGE_LOOP('',(#1523,#1524,#1525,#1526));
#229=EDGE_LOOP('',(#1527,#1528,#1529,#1530));
#230=EDGE_LOOP('',(#1531,#1532,#1533,#1534));
#231=LINE('',#2281,#447);
#232=LINE('',#2283,#448);
#233=LINE('',#2285,#449);
#234=LINE('',#2287,#450);
#235=LINE('',#2289,#451);
#236=LINE('',#2291,#452);
#237=LINE('',#2293,#453);
#238=LINE('',#2295,#454);
#239=LINE('',#2297,#455);
#240=LINE('',#2299,#456);
#241=LINE('',#2301,#457);
#242=LINE('',#2303,#458);
#243=LINE('',#2305,#459);
#244=LINE('',#2307,#460);
#245=LINE('',#2309,#461);
#246=LINE('',#2311,#462);
#247=LINE('',#2313,#463);
#248=LINE('',#2315,#464);
#249=LINE('',#2317,#465);
#250=LINE('',#2319,#466);
#251=LINE('',#2321,#467);
#252=LINE('',#2323,#468);
#253=LINE('',#2325,#469);
#254=LINE('',#2327,#470);
#255=LINE('',#2329,#471);
#256=LINE('',#2331,#472);
#257=LINE('',#2333,#473);
#258=LINE('',#2335,#474);
#259=LINE('',#2337,#475);
#260=LINE('',#2339,#476);
#261=LINE('',#2341,#477);
#262=LINE('',#2343,#478);
#263=LINE('',#2345,#479);
#264=LINE('',#2347,#480);
#265=LINE('',#2349,#481);
#266=LINE('',#2351,#482);
#267=LINE('',#2353,#483);
#268=LINE('',#2355,#484);
#269=LINE('',#2357,#485);
#270=LINE('',#2359,#486);
#271=LINE('',#2361,#487);
#272=LINE('',#2363,#488);
#273=LINE('',#2365,#489);
#274=LINE('',#2367,#490);
#275=LINE('',#2369,#491);
#276=LINE('',#2371,#492);
#277=LINE('',#2373,#493);
#278=LINE('',#2375,#494);
#279=LINE('',#2377,#495);
#280=LINE('',#2379,#496);
#281=LINE('',#2381,#497);
#282=LINE('',#2382,#498);
#283=LINE('',#2385,#499);
#284=LINE('',#2387,#500);
#285=LINE('',#2388,#501);
#286=LINE('',#2391,#502);
#287=LINE('',#2393,#503);
#288=LINE('',#2394,#504);
#289=LINE('',#2397,#505);
#290=LINE('',#2399,#506);
#291=LINE('',#2400,#507);
#292=LINE('',#2403,#508);
#293=LINE('',#2405,#509);
#294=LINE('',#2406,#510);
#295=LINE('',#2409,#511);
#296=LINE('',#2411,#512);
#297=LINE('',#2412,#513);
#298=LINE('',#2415,#514);
#299=LINE('',#2417,#515);
#300=LINE('',#2418,#516);
#301=LINE('',#2421,#517);
#302=LINE('',#2423,#518);
#303=LINE('',#2424,#519);
#304=LINE('',#2427,#520);
#305=LINE('',#2429,#521);
#306=LINE('',#2430,#522);
#307=LINE('',#2433,#523);
#308=LINE('',#2435,#524);
#309=LINE('',#2436,#525);
#310=LINE('',#2439,#526);
#311=LINE('',#2441,#527);
#312=LINE('',#2442,#528);
#313=LINE('',#2445,#529);
#314=LINE('',#2447,#530);
#315=LINE('',#2448,#531);
#316=LINE('',#2451,#532);
#317=LINE('',#2453,#533);
#318=LINE('',#2454,#534);
#319=LINE('',#2458,#535);
#320=LINE('',#2459,#536);
#321=LINE('',#2460,#537);
#322=LINE('',#2463,#538);
#323=LINE('',#2464,#539);
#324=LINE('',#2467,#540);
#325=LINE('',#2468,#541);
#326=LINE('',#2470,#542);
#327=LINE('',#2473,#543);
#328=LINE('',#2477,#544);
#329=LINE('',#2478,#545);
#330=LINE('',#2481,#546);
#331=LINE('',#2485,#547);
#332=LINE('',#2487,#548);
#333=LINE('',#2488,#549);
#334=LINE('',#2491,#550);
#335=LINE('',#2495,#551);
#336=LINE('',#2496,#552);
#337=LINE('',#2499,#553);
#338=LINE('',#2503,#554);
#339=LINE('',#2505,#555);
#340=LINE('',#2506,#556);
#341=LINE('',#2509,#557);
#342=LINE('',#2513,#558);
#343=LINE('',#2514,#559);
#344=LINE('',#2517,#560);
#345=LINE('',#2521,#561);
#346=LINE('',#2523,#562);
#347=LINE('',#2524,#563);
#348=LINE('',#2527,#564);
#349=LINE('',#2531,#565);
#350=LINE('',#2532,#566);
#351=LINE('',#2535,#567);
#352=LINE('',#2539,#568);
#353=LINE('',#2541,#569);
#354=LINE('',#2542,#570);
#355=LINE('',#2545,#571);
#356=LINE('',#2549,#572);
#357=LINE('',#2550,#573);
#358=LINE('',#2553,#574);
#359=LINE('',#2557,#575);
#360=LINE('',#2559,#576);
#361=LINE('',#2560,#577);
#362=LINE('',#2563,#578);
#363=LINE('',#2567,#579);
#364=LINE('',#2568,#580);
#365=LINE('',#2571,#581);
#366=LINE('',#2575,#582);
#367=LINE('',#2577,#583);
#368=LINE('',#2578,#584);
#369=LINE('',#2581,#585);
#370=LINE('',#2585,#586);
#371=LINE('',#2586,#587);
#372=LINE('',#2589,#588);
#373=LINE('',#2593,#589);
#374=LINE('',#2595,#590);
#375=LINE('',#2596,#591);
#376=LINE('',#2599,#592);
#377=LINE('',#2603,#593);
#378=LINE('',#2604,#594);
#379=LINE('',#2607,#595);
#380=LINE('',#2611,#596);
#381=LINE('',#2613,#597);
#382=LINE('',#2614,#598);
#383=LINE('',#2617,#599);
#384=LINE('',#2621,#600);
#385=LINE('',#2622,#601);
#386=LINE('',#2625,#602);
#387=LINE('',#2629,#603);
#388=LINE('',#2631,#604);
#389=LINE('',#2632,#605);
#390=LINE('',#2635,#606);
#391=LINE('',#2639,#607);
#392=LINE('',#2640,#608);
#393=LINE('',#2643,#609);
#394=LINE('',#2647,#610);
#395=LINE('',#2649,#611);
#396=LINE('',#2650,#612);
#397=LINE('',#2653,#613);
#398=LINE('',#2657,#614);
#399=LINE('',#2658,#615);
#400=LINE('',#2661,#616);
#401=LINE('',#2665,#617);
#402=LINE('',#2667,#618);
#403=LINE('',#2668,#619);
#404=LINE('',#2671,#620);
#405=LINE('',#2675,#621);
#406=LINE('',#2676,#622);
#407=LINE('',#2679,#623);
#408=LINE('',#2683,#624);
#409=LINE('',#2685,#625);
#410=LINE('',#2686,#626);
#411=LINE('',#2688,#627);
#412=LINE('',#2689,#628);
#413=LINE('',#2690,#629);
#414=LINE('',#2691,#630);
#415=LINE('',#2692,#631);
#416=LINE('',#2693,#632);
#417=LINE('',#2694,#633);
#418=LINE('',#2695,#634);
#419=LINE('',#2696,#635);
#420=LINE('',#2697,#636);
#421=LINE('',#2698,#637);
#422=LINE('',#2699,#638);
#423=LINE('',#2701,#639);
#424=LINE('',#2703,#640);
#425=LINE('',#2706,#641);
#426=LINE('',#2708,#642);
#427=LINE('',#2711,#643);
#428=LINE('',#2713,#644);
#429=LINE('',#2716,#645);
#430=LINE('',#2718,#646);
#431=LINE('',#2721,#647);
#432=LINE('',#2723,#648);
#433=LINE('',#2726,#649);
#434=LINE('',#2728,#650);
#435=LINE('',#2731,#651);
#436=LINE('',#2733,#652);
#437=LINE('',#2736,#653);
#438=LINE('',#2738,#654);
#439=LINE('',#2741,#655);
#440=LINE('',#2743,#656);
#441=LINE('',#2746,#657);
#442=LINE('',#2748,#658);
#443=LINE('',#2751,#659);
#444=LINE('',#2753,#660);
#445=LINE('',#2756,#661);
#446=LINE('',#2758,#662);
#447=VECTOR('',#1835,1000.);
#448=VECTOR('',#1836,1000.);
#449=VECTOR('',#1837,1000.);
#450=VECTOR('',#1838,1000.);
#451=VECTOR('',#1839,1000.);
#452=VECTOR('',#1840,1000.);
#453=VECTOR('',#1841,1000.);
#454=VECTOR('',#1842,1000.);
#455=VECTOR('',#1843,1000.);
#456=VECTOR('',#1844,1000.);
#457=VECTOR('',#1845,1000.);
#458=VECTOR('',#1846,1000.);
#459=VECTOR('',#1847,1000.);
#460=VECTOR('',#1848,1000.);
#461=VECTOR('',#1849,1000.);
#462=VECTOR('',#1850,1000.);
#463=VECTOR('',#1851,1000.);
#464=VECTOR('',#1852,1000.);
#465=VECTOR('',#1853,1000.);
#466=VECTOR('',#1854,1000.);
#467=VECTOR('',#1855,1000.);
#468=VECTOR('',#1856,1000.);
#469=VECTOR('',#1857,1000.);
#470=VECTOR('',#1858,1000.);
#471=VECTOR('',#1859,1000.);
#472=VECTOR('',#1860,1000.);
#473=VECTOR('',#1861,1000.);
#474=VECTOR('',#1862,1000.);
#475=VECTOR('',#1863,1000.);
#476=VECTOR('',#1864,1000.);
#477=VECTOR('',#1865,1000.);
#478=VECTOR('',#1866,1000.);
#479=VECTOR('',#1867,1000.);
#480=VECTOR('',#1868,1000.);
#481=VECTOR('',#1869,1000.);
#482=VECTOR('',#1870,1000.);
#483=VECTOR('',#1871,1000.);
#484=VECTOR('',#1872,1000.);
#485=VECTOR('',#1873,1000.);
#486=VECTOR('',#1874,1000.);
#487=VECTOR('',#1875,1000.);
#488=VECTOR('',#1876,1000.);
#489=VECTOR('',#1877,1000.);
#490=VECTOR('',#1878,1000.);
#491=VECTOR('',#1879,1000.);
#492=VECTOR('',#1880,1000.);
#493=VECTOR('',#1881,1000.);
#494=VECTOR('',#1882,1000.);
#495=VECTOR('',#1883,1000.);
#496=VECTOR('',#1884,1000.);
#497=VECTOR('',#1885,1000.);
#498=VECTOR('',#1886,1000.);
#499=VECTOR('',#1889,1000.);
#500=VECTOR('',#1890,1000.);
#501=VECTOR('',#1891,1000.);
#502=VECTOR('',#1894,1000.);
#503=VECTOR('',#1895,1000.);
#504=VECTOR('',#1896,1000.);
#505=VECTOR('',#1899,1000.);
#506=VECTOR('',#1900,1000.);
#507=VECTOR('',#1901,1000.);
#508=VECTOR('',#1904,1000.);
#509=VECTOR('',#1905,1000.);
#510=VECTOR('',#1906,1000.);
#511=VECTOR('',#1909,1000.);
#512=VECTOR('',#1910,1000.);
#513=VECTOR('',#1911,1000.);
#514=VECTOR('',#1914,1000.);
#515=VECTOR('',#1915,1000.);
#516=VECTOR('',#1916,1000.);
#517=VECTOR('',#1919,1000.);
#518=VECTOR('',#1920,1000.);
#519=VECTOR('',#1921,1000.);
#520=VECTOR('',#1924,1000.);
#521=VECTOR('',#1925,1000.);
#522=VECTOR('',#1926,1000.);
#523=VECTOR('',#1929,1000.);
#524=VECTOR('',#1930,1000.);
#525=VECTOR('',#1931,1000.);
#526=VECTOR('',#1934,1000.);
#527=VECTOR('',#1935,1000.);
#528=VECTOR('',#1936,1000.);
#529=VECTOR('',#1939,1000.);
#530=VECTOR('',#1940,1000.);
#531=VECTOR('',#1941,1000.);
#532=VECTOR('',#1944,1000.);
#533=VECTOR('',#1945,1000.);
#534=VECTOR('',#1946,1000.);
#535=VECTOR('',#1949,1000.);
#536=VECTOR('',#1950,1000.);
#537=VECTOR('',#1951,1000.);
#538=VECTOR('',#1954,1000.);
#539=VECTOR('',#1955,1000.);
#540=VECTOR('',#1958,1000.);
#541=VECTOR('',#1959,1000.);
#542=VECTOR('',#1962,1000.);
#543=VECTOR('',#1965,1000.);
#544=VECTOR('',#1968,1000.);
#545=VECTOR('',#1969,1000.);
#546=VECTOR('',#1972,1000.);
#547=VECTOR('',#1977,1000.);
#548=VECTOR('',#1978,1000.);
#549=VECTOR('',#1979,1000.);
#550=VECTOR('',#1982,1000.);
#551=VECTOR('',#1985,1000.);
#552=VECTOR('',#1986,1000.);
#553=VECTOR('',#1989,1000.);
#554=VECTOR('',#1994,1000.);
#555=VECTOR('',#1995,1000.);
#556=VECTOR('',#1996,1000.);
#557=VECTOR('',#1999,1000.);
#558=VECTOR('',#2002,1000.);
#559=VECTOR('',#2003,1000.);
#560=VECTOR('',#2006,1000.);
#561=VECTOR('',#2011,1000.);
#562=VECTOR('',#2012,1000.);
#563=VECTOR('',#2013,1000.);
#564=VECTOR('',#2016,1000.);
#565=VECTOR('',#2019,1000.);
#566=VECTOR('',#2020,1000.);
#567=VECTOR('',#2023,1000.);
#568=VECTOR('',#2028,1000.);
#569=VECTOR('',#2029,1000.);
#570=VECTOR('',#2030,1000.);
#571=VECTOR('',#2033,1000.);
#572=VECTOR('',#2036,1000.);
#573=VECTOR('',#2037,1000.);
#574=VECTOR('',#2040,1000.);
#575=VECTOR('',#2045,1000.);
#576=VECTOR('',#2046,1000.);
#577=VECTOR('',#2047,1000.);
#578=VECTOR('',#2050,1000.);
#579=VECTOR('',#2053,1000.);
#580=VECTOR('',#2054,1000.);
#581=VECTOR('',#2057,1000.);
#582=VECTOR('',#2062,1000.);
#583=VECTOR('',#2063,1000.);
#584=VECTOR('',#2064,1000.);
#585=VECTOR('',#2067,1000.);
#586=VECTOR('',#2070,1000.);
#587=VECTOR('',#2071,1000.);
#588=VECTOR('',#2074,1000.);
#589=VECTOR('',#2079,1000.);
#590=VECTOR('',#2080,1000.);
#591=VECTOR('',#2081,1000.);
#592=VECTOR('',#2084,1000.);
#593=VECTOR('',#2087,1000.);
#594=VECTOR('',#2088,1000.);
#595=VECTOR('',#2091,1000.);
#596=VECTOR('',#2096,1000.);
#597=VECTOR('',#2097,1000.);
#598=VECTOR('',#2098,1000.);
#599=VECTOR('',#2101,1000.);
#600=VECTOR('',#2104,1000.);
#601=VECTOR('',#2105,1000.);
#602=VECTOR('',#2108,1000.);
#603=VECTOR('',#2113,1000.);
#604=VECTOR('',#2114,1000.);
#605=VECTOR('',#2115,1000.);
#606=VECTOR('',#2118,1000.);
#607=VECTOR('',#2121,1000.);
#608=VECTOR('',#2122,1000.);
#609=VECTOR('',#2125,1000.);
#610=VECTOR('',#2130,1000.);
#611=VECTOR('',#2131,1000.);
#612=VECTOR('',#2132,1000.);
#613=VECTOR('',#2135,1000.);
#614=VECTOR('',#2138,1000.);
#615=VECTOR('',#2139,1000.);
#616=VECTOR('',#2142,1000.);
#617=VECTOR('',#2147,1000.);
#618=VECTOR('',#2148,1000.);
#619=VECTOR('',#2149,1000.);
#620=VECTOR('',#2152,1000.);
#621=VECTOR('',#2155,1000.);
#622=VECTOR('',#2156,1000.);
#623=VECTOR('',#2159,1000.);
#624=VECTOR('',#2164,1000.);
#625=VECTOR('',#2165,1000.);
#626=VECTOR('',#2166,1000.);
#627=VECTOR('',#2169,1000.);
#628=VECTOR('',#2170,1000.);
#629=VECTOR('',#2171,1000.);
#630=VECTOR('',#2172,1000.);
#631=VECTOR('',#2173,1000.);
#632=VECTOR('',#2174,1000.);
#633=VECTOR('',#2175,1000.);
#634=VECTOR('',#2176,1000.);
#635=VECTOR('',#2177,1000.);
#636=VECTOR('',#2178,1000.);
#637=VECTOR('',#2179,1000.);
#638=VECTOR('',#2180,1000.);
#639=VECTOR('',#2183,1000.);
#640=VECTOR('',#2186,1000.);
#641=VECTOR('',#2191,1000.);
#642=VECTOR('',#2194,1000.);
#643=VECTOR('',#2199,1000.);
#644=VECTOR('',#2202,1000.);
#645=VECTOR('',#2207,1000.);
#646=VECTOR('',#2210,1000.);
#647=VECTOR('',#2215,1000.);
#648=VECTOR('',#2218,1000.);
#649=VECTOR('',#2223,1000.);
#650=VECTOR('',#2226,1000.);
#651=VECTOR('',#2231,1000.);
#652=VECTOR('',#2234,1000.);
#653=VECTOR('',#2239,1000.);
#654=VECTOR('',#2242,1000.);
#655=VECTOR('',#2247,1000.);
#656=VECTOR('',#2250,1000.);
#657=VECTOR('',#2255,1000.);
#658=VECTOR('',#2258,1000.);
#659=VECTOR('',#2263,1000.);
#660=VECTOR('',#2266,1000.);
#661=VECTOR('',#2271,1000.);
#662=VECTOR('',#2274,1000.);
#663=VERTEX_POINT('',#2279);
#664=VERTEX_POINT('',#2280);
#665=VERTEX_POINT('',#2282);
#666=VERTEX_POINT('',#2284);
#667=VERTEX_POINT('',#2286);
#668=VERTEX_POINT('',#2288);
#669=VERTEX_POINT('',#2290);
#670=VERTEX_POINT('',#2292);
#671=VERTEX_POINT('',#2294);
#672=VERTEX_POINT('',#2296);
#673=VERTEX_POINT('',#2298);
#674=VERTEX_POINT('',#2300);
#675=VERTEX_POINT('',#2302);
#676=VERTEX_POINT('',#2304);
#677=VERTEX_POINT('',#2306);
#678=VERTEX_POINT('',#2308);
#679=VERTEX_POINT('',#2310);
#680=VERTEX_POINT('',#2312);
#681=VERTEX_POINT('',#2314);
#682=VERTEX_POINT('',#2316);
#683=VERTEX_POINT('',#2318);
#684=VERTEX_POINT('',#2320);
#685=VERTEX_POINT('',#2322);
#686=VERTEX_POINT('',#2324);
#687=VERTEX_POINT('',#2326);
#688=VERTEX_POINT('',#2328);
#689=VERTEX_POINT('',#2330);
#690=VERTEX_POINT('',#2332);
#691=VERTEX_POINT('',#2334);
#692=VERTEX_POINT('',#2336);
#693=VERTEX_POINT('',#2338);
#694=VERTEX_POINT('',#2340);
#695=VERTEX_POINT('',#2342);
#696=VERTEX_POINT('',#2344);
#697=VERTEX_POINT('',#2346);
#698=VERTEX_POINT('',#2348);
#699=VERTEX_POINT('',#2350);
#700=VERTEX_POINT('',#2352);
#701=VERTEX_POINT('',#2354);
#702=VERTEX_POINT('',#2356);
#703=VERTEX_POINT('',#2358);
#704=VERTEX_POINT('',#2360);
#705=VERTEX_POINT('',#2362);
#706=VERTEX_POINT('',#2364);
#707=VERTEX_POINT('',#2366);
#708=VERTEX_POINT('',#2368);
#709=VERTEX_POINT('',#2370);
#710=VERTEX_POINT('',#2372);
#711=VERTEX_POINT('',#2374);
#712=VERTEX_POINT('',#2376);
#713=VERTEX_POINT('',#2378);
#714=VERTEX_POINT('',#2380);
#715=VERTEX_POINT('',#2384);
#716=VERTEX_POINT('',#2386);
#717=VERTEX_POINT('',#2390);
#718=VERTEX_POINT('',#2392);
#719=VERTEX_POINT('',#2396);
#720=VERTEX_POINT('',#2398);
#721=VERTEX_POINT('',#2402);
#722=VERTEX_POINT('',#2404);
#723=VERTEX_POINT('',#2408);
#724=VERTEX_POINT('',#2410);
#725=VERTEX_POINT('',#2414);
#726=VERTEX_POINT('',#2416);
#727=VERTEX_POINT('',#2420);
#728=VERTEX_POINT('',#2422);
#729=VERTEX_POINT('',#2426);
#730=VERTEX_POINT('',#2428);
#731=VERTEX_POINT('',#2432);
#732=VERTEX_POINT('',#2434);
#733=VERTEX_POINT('',#2438);
#734=VERTEX_POINT('',#2440);
#735=VERTEX_POINT('',#2444);
#736=VERTEX_POINT('',#2446);
#737=VERTEX_POINT('',#2450);
#738=VERTEX_POINT('',#2452);
#739=VERTEX_POINT('',#2456);
#740=VERTEX_POINT('',#2457);
#741=VERTEX_POINT('',#2462);
#742=VERTEX_POINT('',#2466);
#743=VERTEX_POINT('',#2472);
#744=VERTEX_POINT('',#2474);
#745=VERTEX_POINT('',#2476);
#746=VERTEX_POINT('',#2480);
#747=VERTEX_POINT('',#2484);
#748=VERTEX_POINT('',#2486);
#749=VERTEX_POINT('',#2490);
#750=VERTEX_POINT('',#2492);
#751=VERTEX_POINT('',#2494);
#752=VERTEX_POINT('',#2498);
#753=VERTEX_POINT('',#2502);
#754=VERTEX_POINT('',#2504);
#755=VERTEX_POINT('',#2508);
#756=VERTEX_POINT('',#2510);
#757=VERTEX_POINT('',#2512);
#758=VERTEX_POINT('',#2516);
#759=VERTEX_POINT('',#2520);
#760=VERTEX_POINT('',#2522);
#761=VERTEX_POINT('',#2526);
#762=VERTEX_POINT('',#2528);
#763=VERTEX_POINT('',#2530);
#764=VERTEX_POINT('',#2534);
#765=VERTEX_POINT('',#2538);
#766=VERTEX_POINT('',#2540);
#767=VERTEX_POINT('',#2544);
#768=VERTEX_POINT('',#2546);
#769=VERTEX_POINT('',#2548);
#770=VERTEX_POINT('',#2552);
#771=VERTEX_POINT('',#2556);
#772=VERTEX_POINT('',#2558);
#773=VERTEX_POINT('',#2562);
#774=VERTEX_POINT('',#2564);
#775=VERTEX_POINT('',#2566);
#776=VERTEX_POINT('',#2570);
#777=VERTEX_POINT('',#2574);
#778=VERTEX_POINT('',#2576);
#779=VERTEX_POINT('',#2580);
#780=VERTEX_POINT('',#2582);
#781=VERTEX_POINT('',#2584);
#782=VERTEX_POINT('',#2588);
#783=VERTEX_POINT('',#2592);
#784=VERTEX_POINT('',#2594);
#785=VERTEX_POINT('',#2598);
#786=VERTEX_POINT('',#2600);
#787=VERTEX_POINT('',#2602);
#788=VERTEX_POINT('',#2606);
#789=VERTEX_POINT('',#2610);
#790=VERTEX_POINT('',#2612);
#791=VERTEX_POINT('',#2616);
#792=VERTEX_POINT('',#2618);
#793=VERTEX_POINT('',#2620);
#794=VERTEX_POINT('',#2624);
#795=VERTEX_POINT('',#2628);
#796=VERTEX_POINT('',#2630);
#797=VERTEX_POINT('',#2634);
#798=VERTEX_POINT('',#2636);
#799=VERTEX_POINT('',#2638);
#800=VERTEX_POINT('',#2642);
#801=VERTEX_POINT('',#2646);
#802=VERTEX_POINT('',#2648);
#803=VERTEX_POINT('',#2652);
#804=VERTEX_POINT('',#2654);
#805=VERTEX_POINT('',#2656);
#806=VERTEX_POINT('',#2660);
#807=VERTEX_POINT('',#2664);
#808=VERTEX_POINT('',#2666);
#809=VERTEX_POINT('',#2670);
#810=VERTEX_POINT('',#2672);
#811=VERTEX_POINT('',#2674);
#812=VERTEX_POINT('',#2678);
#813=VERTEX_POINT('',#2682);
#814=VERTEX_POINT('',#2684);
#815=EDGE_CURVE('',#663,#664,#231,.T.);
#816=EDGE_CURVE('',#664,#665,#232,.T.);
#817=EDGE_CURVE('',#665,#666,#233,.T.);
#818=EDGE_CURVE('',#666,#667,#234,.T.);
#819=EDGE_CURVE('',#667,#668,#235,.T.);
#820=EDGE_CURVE('',#668,#669,#236,.T.);
#821=EDGE_CURVE('',#669,#670,#237,.T.);
#822=EDGE_CURVE('',#670,#671,#238,.T.);
#823=EDGE_CURVE('',#671,#672,#239,.T.);
#824=EDGE_CURVE('',#672,#673,#240,.T.);
#825=EDGE_CURVE('',#673,#674,#241,.T.);
#826=EDGE_CURVE('',#674,#675,#242,.T.);
#827=EDGE_CURVE('',#675,#676,#243,.T.);
#828=EDGE_CURVE('',#676,#677,#244,.T.);
#829=EDGE_CURVE('',#677,#678,#245,.T.);
#830=EDGE_CURVE('',#678,#679,#246,.T.);
#831=EDGE_CURVE('',#679,#680,#247,.T.);
#832=EDGE_CURVE('',#680,#681,#248,.T.);
#833=EDGE_CURVE('',#681,#682,#249,.T.);
#834=EDGE_CURVE('',#682,#683,#250,.T.);
#835=EDGE_CURVE('',#683,#684,#251,.T.);
#836=EDGE_CURVE('',#684,#685,#252,.T.);
#837=EDGE_CURVE('',#685,#686,#253,.T.);
#838=EDGE_CURVE('',#686,#687,#254,.T.);
#839=EDGE_CURVE('',#687,#688,#255,.T.);
#840=EDGE_CURVE('',#688,#689,#256,.T.);
#841=EDGE_CURVE('',#689,#690,#257,.T.);
#842=EDGE_CURVE('',#690,#691,#258,.T.);
#843=EDGE_CURVE('',#691,#692,#259,.T.);
#844=EDGE_CURVE('',#692,#693,#260,.T.);
#845=EDGE_CURVE('',#693,#694,#261,.T.);
#846=EDGE_CURVE('',#694,#695,#262,.T.);
#847=EDGE_CURVE('',#695,#696,#263,.T.);
#848=EDGE_CURVE('',#696,#697,#264,.T.);
#849=EDGE_CURVE('',#697,#698,#265,.T.);
#850=EDGE_CURVE('',#698,#699,#266,.T.);
#851=EDGE_CURVE('',#699,#700,#267,.T.);
#852=EDGE_CURVE('',#700,#701,#268,.T.);
#853=EDGE_CURVE('',#701,#702,#269,.T.);
#854=EDGE_CURVE('',#702,#703,#270,.T.);
#855=EDGE_CURVE('',#703,#704,#271,.T.);
#856=EDGE_CURVE('',#704,#705,#272,.T.);
#857=EDGE_CURVE('',#705,#706,#273,.T.);
#858=EDGE_CURVE('',#706,#707,#274,.T.);
#859=EDGE_CURVE('',#707,#708,#275,.T.);
#860=EDGE_CURVE('',#708,#709,#276,.T.);
#861=EDGE_CURVE('',#709,#710,#277,.T.);
#862=EDGE_CURVE('',#710,#711,#278,.T.);
#863=EDGE_CURVE('',#711,#712,#279,.T.);
#864=EDGE_CURVE('',#712,#713,#280,.T.);
#865=EDGE_CURVE('',#713,#714,#281,.T.);
#866=EDGE_CURVE('',#714,#663,#282,.T.);
#867=EDGE_CURVE('',#715,#711,#283,.T.);
#868=EDGE_CURVE('',#710,#716,#284,.T.);
#869=EDGE_CURVE('',#715,#716,#285,.T.);
#870=EDGE_CURVE('',#717,#707,#286,.T.);
#871=EDGE_CURVE('',#706,#718,#287,.T.);
#872=EDGE_CURVE('',#717,#718,#288,.T.);
#873=EDGE_CURVE('',#719,#703,#289,.T.);
#874=EDGE_CURVE('',#702,#720,#290,.T.);
#875=EDGE_CURVE('',#719,#720,#291,.T.);
#876=EDGE_CURVE('',#721,#699,#292,.T.);
#877=EDGE_CURVE('',#698,#722,#293,.T.);
#878=EDGE_CURVE('',#721,#722,#294,.T.);
#879=EDGE_CURVE('',#723,#695,#295,.T.);
#880=EDGE_CURVE('',#694,#724,#296,.T.);
#881=EDGE_CURVE('',#723,#724,#297,.T.);
#882=EDGE_CURVE('',#725,#691,#298,.T.);
#883=EDGE_CURVE('',#690,#726,#299,.T.);
#884=EDGE_CURVE('',#725,#726,#300,.T.);
#885=EDGE_CURVE('',#727,#687,#301,.T.);
#886=EDGE_CURVE('',#686,#728,#302,.T.);
#887=EDGE_CURVE('',#727,#728,#303,.T.);
#888=EDGE_CURVE('',#729,#683,#304,.T.);
#889=EDGE_CURVE('',#682,#730,#305,.T.);
#890=EDGE_CURVE('',#729,#730,#306,.T.);
#891=EDGE_CURVE('',#731,#679,#307,.T.);
#892=EDGE_CURVE('',#678,#732,#308,.T.);
#893=EDGE_CURVE('',#731,#732,#309,.T.);
#894=EDGE_CURVE('',#733,#675,#310,.T.);
#895=EDGE_CURVE('',#674,#734,#311,.T.);
#896=EDGE_CURVE('',#733,#734,#312,.T.);
#897=EDGE_CURVE('',#735,#671,#313,.T.);
#898=EDGE_CURVE('',#670,#736,#314,.T.);
#899=EDGE_CURVE('',#735,#736,#315,.T.);
#900=EDGE_CURVE('',#737,#667,#316,.T.);
#901=EDGE_CURVE('',#666,#738,#317,.T.);
#902=EDGE_CURVE('',#737,#738,#318,.T.);
#903=EDGE_CURVE('',#739,#740,#319,.T.);
#904=EDGE_CURVE('',#739,#663,#320,.T.);
#905=EDGE_CURVE('',#714,#740,#321,.T.);
#906=EDGE_CURVE('',#740,#741,#322,.T.);
#907=EDGE_CURVE('',#713,#741,#323,.T.);
#908=EDGE_CURVE('',#742,#712,#324,.T.);
#909=EDGE_CURVE('',#741,#742,#325,.T.);
#910=EDGE_CURVE('',#715,#742,#326,.T.);
#911=EDGE_CURVE('',#743,#716,#327,.T.);
#912=EDGE_CURVE('',#709,#744,#27,.T.);
#913=EDGE_CURVE('',#744,#745,#328,.T.);
#914=EDGE_CURVE('',#745,#743,#329,.T.);
#915=EDGE_CURVE('',#746,#744,#330,.T.);
#916=EDGE_CURVE('',#708,#746,#28,.T.);
#917=EDGE_CURVE('',#747,#746,#331,.T.);
#918=EDGE_CURVE('',#717,#748,#332,.T.);
#919=EDGE_CURVE('',#748,#747,#333,.T.);
#920=EDGE_CURVE('',#749,#718,#334,.T.);
#921=EDGE_CURVE('',#705,#750,#29,.T.);
#922=EDGE_CURVE('',#750,#751,#335,.T.);
#923=EDGE_CURVE('',#751,#749,#336,.T.);
#924=EDGE_CURVE('',#752,#750,#337,.T.);
#925=EDGE_CURVE('',#704,#752,#30,.T.);
#926=EDGE_CURVE('',#753,#752,#338,.T.);
#927=EDGE_CURVE('',#719,#754,#339,.T.);
#928=EDGE_CURVE('',#754,#753,#340,.T.);
#929=EDGE_CURVE('',#755,#720,#341,.T.);
#930=EDGE_CURVE('',#701,#756,#31,.T.);
#931=EDGE_CURVE('',#756,#757,#342,.T.);
#932=EDGE_CURVE('',#757,#755,#343,.T.);
#933=EDGE_CURVE('',#758,#756,#344,.T.);
#934=EDGE_CURVE('',#700,#758,#32,.T.);
#935=EDGE_CURVE('',#759,#758,#345,.T.);
#936=EDGE_CURVE('',#721,#760,#346,.T.);
#937=EDGE_CURVE('',#760,#759,#347,.T.);
#938=EDGE_CURVE('',#761,#722,#348,.T.);
#939=EDGE_CURVE('',#697,#762,#33,.T.);
#940=EDGE_CURVE('',#762,#763,#349,.T.);
#941=EDGE_CURVE('',#763,#761,#350,.T.);
#942=EDGE_CURVE('',#764,#762,#351,.T.);
#943=EDGE_CURVE('',#696,#764,#34,.T.);
#944=EDGE_CURVE('',#765,#764,#352,.T.);
#945=EDGE_CURVE('',#723,#766,#353,.T.);
#946=EDGE_CURVE('',#766,#765,#354,.T.);
#947=EDGE_CURVE('',#767,#724,#355,.T.);
#948=EDGE_CURVE('',#693,#768,#35,.T.);
#949=EDGE_CURVE('',#768,#769,#356,.T.);
#950=EDGE_CURVE('',#769,#767,#357,.T.);
#951=EDGE_CURVE('',#770,#768,#358,.T.);
#952=EDGE_CURVE('',#692,#770,#36,.T.);
#953=EDGE_CURVE('',#771,#770,#359,.T.);
#954=EDGE_CURVE('',#725,#772,#360,.T.);
#955=EDGE_CURVE('',#772,#771,#361,.T.);
#956=EDGE_CURVE('',#773,#726,#362,.T.);
#957=EDGE_CURVE('',#689,#774,#37,.T.);
#958=EDGE_CURVE('',#774,#775,#363,.T.);
#959=EDGE_CURVE('',#775,#773,#364,.T.);
#960=EDGE_CURVE('',#776,#774,#365,.T.);
#961=EDGE_CURVE('',#688,#776,#38,.T.);
#962=EDGE_CURVE('',#777,#776,#366,.T.);
#963=EDGE_CURVE('',#727,#778,#367,.T.);
#964=EDGE_CURVE('',#778,#777,#368,.T.);
#965=EDGE_CURVE('',#779,#728,#369,.T.);
#966=EDGE_CURVE('',#685,#780,#39,.T.);
#967=EDGE_CURVE('',#780,#781,#370,.T.);
#968=EDGE_CURVE('',#781,#779,#371,.T.);
#969=EDGE_CURVE('',#782,#780,#372,.T.);
#970=EDGE_CURVE('',#684,#782,#40,.T.);
#971=EDGE_CURVE('',#783,#782,#373,.T.);
#972=EDGE_CURVE('',#729,#784,#374,.T.);
#973=EDGE_CURVE('',#784,#783,#375,.T.);
#974=EDGE_CURVE('',#785,#730,#376,.T.);
#975=EDGE_CURVE('',#681,#786,#41,.T.);
#976=EDGE_CURVE('',#786,#787,#377,.T.);
#977=EDGE_CURVE('',#787,#785,#378,.T.);
#978=EDGE_CURVE('',#788,#786,#379,.T.);
#979=EDGE_CURVE('',#680,#788,#42,.T.);
#980=EDGE_CURVE('',#789,#788,#380,.T.);
#981=EDGE_CURVE('',#731,#790,#381,.T.);
#982=EDGE_CURVE('',#790,#789,#382,.T.);
#983=EDGE_CURVE('',#791,#732,#383,.T.);
#984=EDGE_CURVE('',#677,#792,#43,.T.);
#985=EDGE_CURVE('',#792,#793,#384,.T.);
#986=EDGE_CURVE('',#793,#791,#385,.T.);
#987=EDGE_CURVE('',#794,#792,#386,.T.);
#988=EDGE_CURVE('',#676,#794,#44,.T.);
#989=EDGE_CURVE('',#795,#794,#387,.T.);
#990=EDGE_CURVE('',#733,#796,#388,.T.);
#991=EDGE_CURVE('',#796,#795,#389,.T.);
#992=EDGE_CURVE('',#797,#734,#390,.T.);
#993=EDGE_CURVE('',#673,#798,#45,.T.);
#994=EDGE_CURVE('',#798,#799,#391,.T.);
#995=EDGE_CURVE('',#799,#797,#392,.T.);
#996=EDGE_CURVE('',#800,#798,#393,.T.);
#997=EDGE_CURVE('',#672,#800,#46,.T.);
#998=EDGE_CURVE('',#801,#800,#394,.T.);
#999=EDGE_CURVE('',#735,#802,#395,.T.);
#1000=EDGE_CURVE('',#802,#801,#396,.T.);
#1001=EDGE_CURVE('',#803,#736,#397,.T.);
#1002=EDGE_CURVE('',#669,#804,#47,.T.);
#1003=EDGE_CURVE('',#804,#805,#398,.T.);
#1004=EDGE_CURVE('',#805,#803,#399,.T.);
#1005=EDGE_CURVE('',#806,#804,#400,.T.);
#1006=EDGE_CURVE('',#668,#806,#48,.T.);
#1007=EDGE_CURVE('',#807,#806,#401,.T.);
#1008=EDGE_CURVE('',#737,#808,#402,.T.);
#1009=EDGE_CURVE('',#808,#807,#403,.T.);
#1010=EDGE_CURVE('',#809,#738,#404,.T.);
#1011=EDGE_CURVE('',#665,#810,#49,.T.);
#1012=EDGE_CURVE('',#810,#811,#405,.T.);
#1013=EDGE_CURVE('',#811,#809,#406,.T.);
#1014=EDGE_CURVE('',#812,#810,#407,.T.);
#1015=EDGE_CURVE('',#664,#812,#50,.T.);
#1016=EDGE_CURVE('',#813,#812,#408,.T.);
#1017=EDGE_CURVE('',#739,#814,#409,.T.);
#1018=EDGE_CURVE('',#814,#813,#410,.T.);
#1019=EDGE_CURVE('',#738,#739,#411,.T.);
#1020=EDGE_CURVE('',#716,#717,#412,.T.);
#1021=EDGE_CURVE('',#718,#719,#413,.T.);
#1022=EDGE_CURVE('',#720,#721,#414,.T.);
#1023=EDGE_CURVE('',#722,#723,#415,.T.);
#1024=EDGE_CURVE('',#724,#725,#416,.T.);
#1025=EDGE_CURVE('',#726,#727,#417,.T.);
#1026=EDGE_CURVE('',#728,#729,#418,.T.);
#1027=EDGE_CURVE('',#730,#731,#419,.T.);
#1028=EDGE_CURVE('',#732,#733,#420,.T.);
#1029=EDGE_CURVE('',#734,#735,#421,.T.);
#1030=EDGE_CURVE('',#736,#737,#422,.T.);
#1031=EDGE_CURVE('',#748,#743,#423,.T.);
#1032=EDGE_CURVE('',#745,#747,#424,.T.);
#1033=EDGE_CURVE('',#754,#749,#425,.T.);
#1034=EDGE_CURVE('',#751,#753,#426,.T.);
#1035=EDGE_CURVE('',#760,#755,#427,.T.);
#1036=EDGE_CURVE('',#757,#759,#428,.T.);
#1037=EDGE_CURVE('',#766,#761,#429,.T.);
#1038=EDGE_CURVE('',#763,#765,#430,.T.);
#1039=EDGE_CURVE('',#772,#767,#431,.T.);
#1040=EDGE_CURVE('',#769,#771,#432,.T.);
#1041=EDGE_CURVE('',#778,#773,#433,.T.);
#1042=EDGE_CURVE('',#775,#777,#434,.T.);
#1043=EDGE_CURVE('',#784,#779,#435,.T.);
#1044=EDGE_CURVE('',#781,#783,#436,.T.);
#1045=EDGE_CURVE('',#790,#785,#437,.T.);
#1046=EDGE_CURVE('',#787,#789,#438,.T.);
#1047=EDGE_CURVE('',#796,#791,#439,.T.);
#1048=EDGE_CURVE('',#793,#795,#440,.T.);
#1049=EDGE_CURVE('',#802,#797,#441,.T.);
#1050=EDGE_CURVE('',#799,#801,#442,.T.);
#1051=EDGE_CURVE('',#808,#803,#443,.T.);
#1052=EDGE_CURVE('',#805,#807,#444,.T.);
#1053=EDGE_CURVE('',#814,#809,#445,.T.);
#1054=EDGE_CURVE('',#811,#813,#446,.T.);
#1055=ORIENTED_EDGE('',*,*,#815,.T.);
#1056=ORIENTED_EDGE('',*,*,#816,.T.);
#1057=ORIENTED_EDGE('',*,*,#817,.T.);
#1058=ORIENTED_EDGE('',*,*,#818,.T.);
#1059=ORIENTED_EDGE('',*,*,#819,.T.);
#1060=ORIENTED_EDGE('',*,*,#820,.T.);
#1061=ORIENTED_EDGE('',*,*,#821,.T.);
#1062=ORIENTED_EDGE('',*,*,#822,.T.);
#1063=ORIENTED_EDGE('',*,*,#823,.T.);
#1064=ORIENTED_EDGE('',*,*,#824,.T.);
#1065=ORIENTED_EDGE('',*,*,#825,.T.);
#1066=ORIENTED_EDGE('',*,*,#826,.T.);
#1067=ORIENTED_EDGE('',*,*,#827,.T.);
#1068=ORIENTED_EDGE('',*,*,#828,.T.);
#1069=ORIENTED_EDGE('',*,*,#829,.T.);
#1070=ORIENTED_EDGE('',*,*,#830,.T.);
#1071=ORIENTED_EDGE('',*,*,#831,.T.);
#1072=ORIENTED_EDGE('',*,*,#832,.T.);
#1073=ORIENTED_EDGE('',*,*,#833,.T.);
#1074=ORIENTED_EDGE('',*,*,#834,.T.);
#1075=ORIENTED_EDGE('',*,*,#835,.T.);
#1076=ORIENTED_EDGE('',*,*,#836,.T.);
#1077=ORIENTED_EDGE('',*,*,#837,.T.);
#1078=ORIENTED_EDGE('',*,*,#838,.T.);
#1079=ORIENTED_EDGE('',*,*,#839,.T.);
#1080=ORIENTED_EDGE('',*,*,#840,.T.);
#1081=ORIENTED_EDGE('',*,*,#841,.T.);
#1082=ORIENTED_EDGE('',*,*,#842,.T.);
#1083=ORIENTED_EDGE('',*,*,#843,.T.);
#1084=ORIENTED_EDGE('',*,*,#844,.T.);
#1085=ORIENTED_EDGE('',*,*,#845,.T.);
#1086=ORIENTED_EDGE('',*,*,#846,.T.);
#1087=ORIENTED_EDGE('',*,*,#847,.T.);
#1088=ORIENTED_EDGE('',*,*,#848,.T.);
#1089=ORIENTED_EDGE('',*,*,#849,.T.);
#1090=ORIENTED_EDGE('',*,*,#850,.T.);
#1091=ORIENTED_EDGE('',*,*,#851,.T.);
#1092=ORIENTED_EDGE('',*,*,#852,.T.);
#1093=ORIENTED_EDGE('',*,*,#853,.T.);
#1094=ORIENTED_EDGE('',*,*,#854,.T.);
#1095=ORIENTED_EDGE('',*,*,#855,.T.);
#1096=ORIENTED_EDGE('',*,*,#856,.T.);
#1097=ORIENTED_EDGE('',*,*,#857,.T.);
#1098=ORIENTED_EDGE('',*,*,#858,.T.);
#1099=ORIENTED_EDGE('',*,*,#859,.T.);
#1100=ORIENTED_EDGE('',*,*,#860,.T.);
#1101=ORIENTED_EDGE('',*,*,#861,.T.);
#1102=ORIENTED_EDGE('',*,*,#862,.T.);
#1103=ORIENTED_EDGE('',*,*,#863,.T.);
#1104=ORIENTED_EDGE('',*,*,#864,.T.);
#1105=ORIENTED_EDGE('',*,*,#865,.T.);
#1106=ORIENTED_EDGE('',*,*,#866,.T.);
#1107=ORIENTED_EDGE('',*,*,#867,.T.);
#1108=ORIENTED_EDGE('',*,*,#862,.F.);
#1109=ORIENTED_EDGE('',*,*,#868,.T.);
#1110=ORIENTED_EDGE('',*,*,#869,.F.);
#1111=ORIENTED_EDGE('',*,*,#870,.T.);
#1112=ORIENTED_EDGE('',*,*,#858,.F.);
#1113=ORIENTED_EDGE('',*,*,#871,.T.);
#1114=ORIENTED_EDGE('',*,*,#872,.F.);
#1115=ORIENTED_EDGE('',*,*,#873,.T.);
#1116=ORIENTED_EDGE('',*,*,#854,.F.);
#1117=ORIENTED_EDGE('',*,*,#874,.T.);
#1118=ORIENTED_EDGE('',*,*,#875,.F.);
#1119=ORIENTED_EDGE('',*,*,#876,.T.);
#1120=ORIENTED_EDGE('',*,*,#850,.F.);
#1121=ORIENTED_EDGE('',*,*,#877,.T.);
#1122=ORIENTED_EDGE('',*,*,#878,.F.);
#1123=ORIENTED_EDGE('',*,*,#879,.T.);
#1124=ORIENTED_EDGE('',*,*,#846,.F.);
#1125=ORIENTED_EDGE('',*,*,#880,.T.);
#1126=ORIENTED_EDGE('',*,*,#881,.F.);
#1127=ORIENTED_EDGE('',*,*,#882,.T.);
#1128=ORIENTED_EDGE('',*,*,#842,.F.);
#1129=ORIENTED_EDGE('',*,*,#883,.T.);
#1130=ORIENTED_EDGE('',*,*,#884,.F.);
#1131=ORIENTED_EDGE('',*,*,#885,.T.);
#1132=ORIENTED_EDGE('',*,*,#838,.F.);
#1133=ORIENTED_EDGE('',*,*,#886,.T.);
#1134=ORIENTED_EDGE('',*,*,#887,.F.);
#1135=ORIENTED_EDGE('',*,*,#888,.T.);
#1136=ORIENTED_EDGE('',*,*,#834,.F.);
#1137=ORIENTED_EDGE('',*,*,#889,.T.);
#1138=ORIENTED_EDGE('',*,*,#890,.F.);
#1139=ORIENTED_EDGE('',*,*,#891,.T.);
#1140=ORIENTED_EDGE('',*,*,#830,.F.);
#1141=ORIENTED_EDGE('',*,*,#892,.T.);
#1142=ORIENTED_EDGE('',*,*,#893,.F.);
#1143=ORIENTED_EDGE('',*,*,#894,.T.);
#1144=ORIENTED_EDGE('',*,*,#826,.F.);
#1145=ORIENTED_EDGE('',*,*,#895,.T.);
#1146=ORIENTED_EDGE('',*,*,#896,.F.);
#1147=ORIENTED_EDGE('',*,*,#897,.T.);
#1148=ORIENTED_EDGE('',*,*,#822,.F.);
#1149=ORIENTED_EDGE('',*,*,#898,.T.);
#1150=ORIENTED_EDGE('',*,*,#899,.F.);
#1151=ORIENTED_EDGE('',*,*,#900,.T.);
#1152=ORIENTED_EDGE('',*,*,#818,.F.);
#1153=ORIENTED_EDGE('',*,*,#901,.T.);
#1154=ORIENTED_EDGE('',*,*,#902,.F.);
#1155=ORIENTED_EDGE('',*,*,#903,.F.);
#1156=ORIENTED_EDGE('',*,*,#904,.T.);
#1157=ORIENTED_EDGE('',*,*,#866,.F.);
#1158=ORIENTED_EDGE('',*,*,#905,.T.);
#1159=ORIENTED_EDGE('',*,*,#906,.F.);
#1160=ORIENTED_EDGE('',*,*,#905,.F.);
#1161=ORIENTED_EDGE('',*,*,#865,.F.);
#1162=ORIENTED_EDGE('',*,*,#907,.T.);
#1163=ORIENTED_EDGE('',*,*,#864,.F.);
#1164=ORIENTED_EDGE('',*,*,#908,.F.);
#1165=ORIENTED_EDGE('',*,*,#909,.F.);
#1166=ORIENTED_EDGE('',*,*,#907,.F.);
#1167=ORIENTED_EDGE('',*,*,#863,.F.);
#1168=ORIENTED_EDGE('',*,*,#867,.F.);
#1169=ORIENTED_EDGE('',*,*,#910,.T.);
#1170=ORIENTED_EDGE('',*,*,#908,.T.);
#1171=ORIENTED_EDGE('',*,*,#911,.T.);
#1172=ORIENTED_EDGE('',*,*,#868,.F.);
#1173=ORIENTED_EDGE('',*,*,#861,.F.);
#1174=ORIENTED_EDGE('',*,*,#912,.T.);
#1175=ORIENTED_EDGE('',*,*,#913,.T.);
#1176=ORIENTED_EDGE('',*,*,#914,.T.);
#1177=ORIENTED_EDGE('',*,*,#915,.T.);
#1178=ORIENTED_EDGE('',*,*,#912,.F.);
#1179=ORIENTED_EDGE('',*,*,#860,.F.);
#1180=ORIENTED_EDGE('',*,*,#916,.T.);
#1181=ORIENTED_EDGE('',*,*,#917,.T.);
#1182=ORIENTED_EDGE('',*,*,#916,.F.);
#1183=ORIENTED_EDGE('',*,*,#859,.F.);
#1184=ORIENTED_EDGE('',*,*,#870,.F.);
#1185=ORIENTED_EDGE('',*,*,#918,.T.);
#1186=ORIENTED_EDGE('',*,*,#919,.T.);
#1187=ORIENTED_EDGE('',*,*,#920,.T.);
#1188=ORIENTED_EDGE('',*,*,#871,.F.);
#1189=ORIENTED_EDGE('',*,*,#857,.F.);
#1190=ORIENTED_EDGE('',*,*,#921,.T.);
#1191=ORIENTED_EDGE('',*,*,#922,.T.);
#1192=ORIENTED_EDGE('',*,*,#923,.T.);
#1193=ORIENTED_EDGE('',*,*,#924,.T.);
#1194=ORIENTED_EDGE('',*,*,#921,.F.);
#1195=ORIENTED_EDGE('',*,*,#856,.F.);
#1196=ORIENTED_EDGE('',*,*,#925,.T.);
#1197=ORIENTED_EDGE('',*,*,#926,.T.);
#1198=ORIENTED_EDGE('',*,*,#925,.F.);
#1199=ORIENTED_EDGE('',*,*,#855,.F.);
#1200=ORIENTED_EDGE('',*,*,#873,.F.);
#1201=ORIENTED_EDGE('',*,*,#927,.T.);
#1202=ORIENTED_EDGE('',*,*,#928,.T.);
#1203=ORIENTED_EDGE('',*,*,#929,.T.);
#1204=ORIENTED_EDGE('',*,*,#874,.F.);
#1205=ORIENTED_EDGE('',*,*,#853,.F.);
#1206=ORIENTED_EDGE('',*,*,#930,.T.);
#1207=ORIENTED_EDGE('',*,*,#931,.T.);
#1208=ORIENTED_EDGE('',*,*,#932,.T.);
#1209=ORIENTED_EDGE('',*,*,#933,.T.);
#1210=ORIENTED_EDGE('',*,*,#930,.F.);
#1211=ORIENTED_EDGE('',*,*,#852,.F.);
#1212=ORIENTED_EDGE('',*,*,#934,.T.);
#1213=ORIENTED_EDGE('',*,*,#935,.T.);
#1214=ORIENTED_EDGE('',*,*,#934,.F.);
#1215=ORIENTED_EDGE('',*,*,#851,.F.);
#1216=ORIENTED_EDGE('',*,*,#876,.F.);
#1217=ORIENTED_EDGE('',*,*,#936,.T.);
#1218=ORIENTED_EDGE('',*,*,#937,.T.);
#1219=ORIENTED_EDGE('',*,*,#938,.T.);
#1220=ORIENTED_EDGE('',*,*,#877,.F.);
#1221=ORIENTED_EDGE('',*,*,#849,.F.);
#1222=ORIENTED_EDGE('',*,*,#939,.T.);
#1223=ORIENTED_EDGE('',*,*,#940,.T.);
#1224=ORIENTED_EDGE('',*,*,#941,.T.);
#1225=ORIENTED_EDGE('',*,*,#942,.T.);
#1226=ORIENTED_EDGE('',*,*,#939,.F.);
#1227=ORIENTED_EDGE('',*,*,#848,.F.);
#1228=ORIENTED_EDGE('',*,*,#943,.T.);
#1229=ORIENTED_EDGE('',*,*,#944,.T.);
#1230=ORIENTED_EDGE('',*,*,#943,.F.);
#1231=ORIENTED_EDGE('',*,*,#847,.F.);
#1232=ORIENTED_EDGE('',*,*,#879,.F.);
#1233=ORIENTED_EDGE('',*,*,#945,.T.);
#1234=ORIENTED_EDGE('',*,*,#946,.T.);
#1235=ORIENTED_EDGE('',*,*,#947,.T.);
#1236=ORIENTED_EDGE('',*,*,#880,.F.);
#1237=ORIENTED_EDGE('',*,*,#845,.F.);
#1238=ORIENTED_EDGE('',*,*,#948,.T.);
#1239=ORIENTED_EDGE('',*,*,#949,.T.);
#1240=ORIENTED_EDGE('',*,*,#950,.T.);
#1241=ORIENTED_EDGE('',*,*,#951,.T.);
#1242=ORIENTED_EDGE('',*,*,#948,.F.);
#1243=ORIENTED_EDGE('',*,*,#844,.F.);
#1244=ORIENTED_EDGE('',*,*,#952,.T.);
#1245=ORIENTED_EDGE('',*,*,#953,.T.);
#1246=ORIENTED_EDGE('',*,*,#952,.F.);
#1247=ORIENTED_EDGE('',*,*,#843,.F.);
#1248=ORIENTED_EDGE('',*,*,#882,.F.);
#1249=ORIENTED_EDGE('',*,*,#954,.T.);
#1250=ORIENTED_EDGE('',*,*,#955,.T.);
#1251=ORIENTED_EDGE('',*,*,#956,.T.);
#1252=ORIENTED_EDGE('',*,*,#883,.F.);
#1253=ORIENTED_EDGE('',*,*,#841,.F.);
#1254=ORIENTED_EDGE('',*,*,#957,.T.);
#1255=ORIENTED_EDGE('',*,*,#958,.T.);
#1256=ORIENTED_EDGE('',*,*,#959,.T.);
#1257=ORIENTED_EDGE('',*,*,#960,.T.);
#1258=ORIENTED_EDGE('',*,*,#957,.F.);
#1259=ORIENTED_EDGE('',*,*,#840,.F.);
#1260=ORIENTED_EDGE('',*,*,#961,.T.);
#1261=ORIENTED_EDGE('',*,*,#962,.T.);
#1262=ORIENTED_EDGE('',*,*,#961,.F.);
#1263=ORIENTED_EDGE('',*,*,#839,.F.);
#1264=ORIENTED_EDGE('',*,*,#885,.F.);
#1265=ORIENTED_EDGE('',*,*,#963,.T.);
#1266=ORIENTED_EDGE('',*,*,#964,.T.);
#1267=ORIENTED_EDGE('',*,*,#965,.T.);
#1268=ORIENTED_EDGE('',*,*,#886,.F.);
#1269=ORIENTED_EDGE('',*,*,#837,.F.);
#1270=ORIENTED_EDGE('',*,*,#966,.T.);
#1271=ORIENTED_EDGE('',*,*,#967,.T.);
#1272=ORIENTED_EDGE('',*,*,#968,.T.);
#1273=ORIENTED_EDGE('',*,*,#969,.T.);
#1274=ORIENTED_EDGE('',*,*,#966,.F.);
#1275=ORIENTED_EDGE('',*,*,#836,.F.);
#1276=ORIENTED_EDGE('',*,*,#970,.T.);
#1277=ORIENTED_EDGE('',*,*,#971,.T.);
#1278=ORIENTED_EDGE('',*,*,#970,.F.);
#1279=ORIENTED_EDGE('',*,*,#835,.F.);
#1280=ORIENTED_EDGE('',*,*,#888,.F.);
#1281=ORIENTED_EDGE('',*,*,#972,.T.);
#1282=ORIENTED_EDGE('',*,*,#973,.T.);
#1283=ORIENTED_EDGE('',*,*,#974,.T.);
#1284=ORIENTED_EDGE('',*,*,#889,.F.);
#1285=ORIENTED_EDGE('',*,*,#833,.F.);
#1286=ORIENTED_EDGE('',*,*,#975,.T.);
#1287=ORIENTED_EDGE('',*,*,#976,.T.);
#1288=ORIENTED_EDGE('',*,*,#977,.T.);
#1289=ORIENTED_EDGE('',*,*,#978,.T.);
#1290=ORIENTED_EDGE('',*,*,#975,.F.);
#1291=ORIENTED_EDGE('',*,*,#832,.F.);
#1292=ORIENTED_EDGE('',*,*,#979,.T.);
#1293=ORIENTED_EDGE('',*,*,#980,.T.);
#1294=ORIENTED_EDGE('',*,*,#979,.F.);
#1295=ORIENTED_EDGE('',*,*,#831,.F.);
#1296=ORIENTED_EDGE('',*,*,#891,.F.);
#1297=ORIENTED_EDGE('',*,*,#981,.T.);
#1298=ORIENTED_EDGE('',*,*,#982,.T.);
#1299=ORIENTED_EDGE('',*,*,#983,.T.);
#1300=ORIENTED_EDGE('',*,*,#892,.F.);
#1301=ORIENTED_EDGE('',*,*,#829,.F.);
#1302=ORIENTED_EDGE('',*,*,#984,.T.);
#1303=ORIENTED_EDGE('',*,*,#985,.T.);
#1304=ORIENTED_EDGE('',*,*,#986,.T.);
#1305=ORIENTED_EDGE('',*,*,#987,.T.);
#1306=ORIENTED_EDGE('',*,*,#984,.F.);
#1307=ORIENTED_EDGE('',*,*,#828,.F.);
#1308=ORIENTED_EDGE('',*,*,#988,.T.);
#1309=ORIENTED_EDGE('',*,*,#989,.T.);
#1310=ORIENTED_EDGE('',*,*,#988,.F.);
#1311=ORIENTED_EDGE('',*,*,#827,.F.);
#1312=ORIENTED_EDGE('',*,*,#894,.F.);
#1313=ORIENTED_EDGE('',*,*,#990,.T.);
#1314=ORIENTED_EDGE('',*,*,#991,.T.);
#1315=ORIENTED_EDGE('',*,*,#992,.T.);
#1316=ORIENTED_EDGE('',*,*,#895,.F.);
#1317=ORIENTED_EDGE('',*,*,#825,.F.);
#1318=ORIENTED_EDGE('',*,*,#993,.T.);
#1319=ORIENTED_EDGE('',*,*,#994,.T.);
#1320=ORIENTED_EDGE('',*,*,#995,.T.);
#1321=ORIENTED_EDGE('',*,*,#996,.T.);
#1322=ORIENTED_EDGE('',*,*,#993,.F.);
#1323=ORIENTED_EDGE('',*,*,#824,.F.);
#1324=ORIENTED_EDGE('',*,*,#997,.T.);
#1325=ORIENTED_EDGE('',*,*,#998,.T.);
#1326=ORIENTED_EDGE('',*,*,#997,.F.);
#1327=ORIENTED_EDGE('',*,*,#823,.F.);
#1328=ORIENTED_EDGE('',*,*,#897,.F.);
#1329=ORIENTED_EDGE('',*,*,#999,.T.);
#1330=ORIENTED_EDGE('',*,*,#1000,.T.);
#1331=ORIENTED_EDGE('',*,*,#1001,.T.);
#1332=ORIENTED_EDGE('',*,*,#898,.F.);
#1333=ORIENTED_EDGE('',*,*,#821,.F.);
#1334=ORIENTED_EDGE('',*,*,#1002,.T.);
#1335=ORIENTED_EDGE('',*,*,#1003,.T.);
#1336=ORIENTED_EDGE('',*,*,#1004,.T.);
#1337=ORIENTED_EDGE('',*,*,#1005,.T.);
#1338=ORIENTED_EDGE('',*,*,#1002,.F.);
#1339=ORIENTED_EDGE('',*,*,#820,.F.);
#1340=ORIENTED_EDGE('',*,*,#1006,.T.);
#1341=ORIENTED_EDGE('',*,*,#1007,.T.);
#1342=ORIENTED_EDGE('',*,*,#1006,.F.);
#1343=ORIENTED_EDGE('',*,*,#819,.F.);
#1344=ORIENTED_EDGE('',*,*,#900,.F.);
#1345=ORIENTED_EDGE('',*,*,#1008,.T.);
#1346=ORIENTED_EDGE('',*,*,#1009,.T.);
#1347=ORIENTED_EDGE('',*,*,#1010,.T.);
#1348=ORIENTED_EDGE('',*,*,#901,.F.);
#1349=ORIENTED_EDGE('',*,*,#817,.F.);
#1350=ORIENTED_EDGE('',*,*,#1011,.T.);
#1351=ORIENTED_EDGE('',*,*,#1012,.T.);
#1352=ORIENTED_EDGE('',*,*,#1013,.T.);
#1353=ORIENTED_EDGE('',*,*,#1014,.T.);
#1354=ORIENTED_EDGE('',*,*,#1011,.F.);
#1355=ORIENTED_EDGE('',*,*,#816,.F.);
#1356=ORIENTED_EDGE('',*,*,#1015,.T.);
#1357=ORIENTED_EDGE('',*,*,#1016,.T.);
#1358=ORIENTED_EDGE('',*,*,#1015,.F.);
#1359=ORIENTED_EDGE('',*,*,#815,.F.);
#1360=ORIENTED_EDGE('',*,*,#904,.F.);
#1361=ORIENTED_EDGE('',*,*,#1017,.T.);
#1362=ORIENTED_EDGE('',*,*,#1018,.T.);
#1363=ORIENTED_EDGE('',*,*,#1019,.T.);
#1364=ORIENTED_EDGE('',*,*,#903,.T.);
#1365=ORIENTED_EDGE('',*,*,#906,.T.);
#1366=ORIENTED_EDGE('',*,*,#909,.T.);
#1367=ORIENTED_EDGE('',*,*,#910,.F.);
#1368=ORIENTED_EDGE('',*,*,#869,.T.);
#1369=ORIENTED_EDGE('',*,*,#1020,.T.);
#1370=ORIENTED_EDGE('',*,*,#872,.T.);
#1371=ORIENTED_EDGE('',*,*,#1021,.T.);
#1372=ORIENTED_EDGE('',*,*,#875,.T.);
#1373=ORIENTED_EDGE('',*,*,#1022,.T.);
#1374=ORIENTED_EDGE('',*,*,#878,.T.);
#1375=ORIENTED_EDGE('',*,*,#1023,.T.);
#1376=ORIENTED_EDGE('',*,*,#881,.T.);
#1377=ORIENTED_EDGE('',*,*,#1024,.T.);
#1378=ORIENTED_EDGE('',*,*,#884,.T.);
#1379=ORIENTED_EDGE('',*,*,#1025,.T.);
#1380=ORIENTED_EDGE('',*,*,#887,.T.);
#1381=ORIENTED_EDGE('',*,*,#1026,.T.);
#1382=ORIENTED_EDGE('',*,*,#890,.T.);
#1383=ORIENTED_EDGE('',*,*,#1027,.T.);
#1384=ORIENTED_EDGE('',*,*,#893,.T.);
#1385=ORIENTED_EDGE('',*,*,#1028,.T.);
#1386=ORIENTED_EDGE('',*,*,#896,.T.);
#1387=ORIENTED_EDGE('',*,*,#1029,.T.);
#1388=ORIENTED_EDGE('',*,*,#899,.T.);
#1389=ORIENTED_EDGE('',*,*,#1030,.T.);
#1390=ORIENTED_EDGE('',*,*,#902,.T.);
#1391=ORIENTED_EDGE('',*,*,#1031,.F.);
#1392=ORIENTED_EDGE('',*,*,#918,.F.);
#1393=ORIENTED_EDGE('',*,*,#1020,.F.);
#1394=ORIENTED_EDGE('',*,*,#911,.F.);
#1395=ORIENTED_EDGE('',*,*,#914,.F.);
#1396=ORIENTED_EDGE('',*,*,#1032,.T.);
#1397=ORIENTED_EDGE('',*,*,#919,.F.);
#1398=ORIENTED_EDGE('',*,*,#1031,.T.);
#1399=ORIENTED_EDGE('',*,*,#913,.F.);
#1400=ORIENTED_EDGE('',*,*,#915,.F.);
#1401=ORIENTED_EDGE('',*,*,#917,.F.);
#1402=ORIENTED_EDGE('',*,*,#1032,.F.);
#1403=ORIENTED_EDGE('',*,*,#920,.F.);
#1404=ORIENTED_EDGE('',*,*,#1033,.F.);
#1405=ORIENTED_EDGE('',*,*,#927,.F.);
#1406=ORIENTED_EDGE('',*,*,#1021,.F.);
#1407=ORIENTED_EDGE('',*,*,#923,.F.);
#1408=ORIENTED_EDGE('',*,*,#1034,.T.);
#1409=ORIENTED_EDGE('',*,*,#928,.F.);
#1410=ORIENTED_EDGE('',*,*,#1033,.T.);
#1411=ORIENTED_EDGE('',*,*,#924,.F.);
#1412=ORIENTED_EDGE('',*,*,#926,.F.);
#1413=ORIENTED_EDGE('',*,*,#1034,.F.);
#1414=ORIENTED_EDGE('',*,*,#922,.F.);
#1415=ORIENTED_EDGE('',*,*,#929,.F.);
#1416=ORIENTED_EDGE('',*,*,#1035,.F.);
#1417=ORIENTED_EDGE('',*,*,#936,.F.);
#1418=ORIENTED_EDGE('',*,*,#1022,.F.);
#1419=ORIENTED_EDGE('',*,*,#932,.F.);
#1420=ORIENTED_EDGE('',*,*,#1036,.T.);
#1421=ORIENTED_EDGE('',*,*,#937,.F.);
#1422=ORIENTED_EDGE('',*,*,#1035,.T.);
#1423=ORIENTED_EDGE('',*,*,#935,.F.);
#1424=ORIENTED_EDGE('',*,*,#1036,.F.);
#1425=ORIENTED_EDGE('',*,*,#931,.F.);
#1426=ORIENTED_EDGE('',*,*,#933,.F.);
#1427=ORIENTED_EDGE('',*,*,#938,.F.);
#1428=ORIENTED_EDGE('',*,*,#1037,.F.);
#1429=ORIENTED_EDGE('',*,*,#945,.F.);
#1430=ORIENTED_EDGE('',*,*,#1023,.F.);
#1431=ORIENTED_EDGE('',*,*,#941,.F.);
#1432=ORIENTED_EDGE('',*,*,#1038,.T.);
#1433=ORIENTED_EDGE('',*,*,#946,.F.);
#1434=ORIENTED_EDGE('',*,*,#1037,.T.);
#1435=ORIENTED_EDGE('',*,*,#944,.F.);
#1436=ORIENTED_EDGE('',*,*,#1038,.F.);
#1437=ORIENTED_EDGE('',*,*,#940,.F.);
#1438=ORIENTED_EDGE('',*,*,#942,.F.);
#1439=ORIENTED_EDGE('',*,*,#947,.F.);
#1440=ORIENTED_EDGE('',*,*,#1039,.F.);
#1441=ORIENTED_EDGE('',*,*,#954,.F.);
#1442=ORIENTED_EDGE('',*,*,#1024,.F.);
#1443=ORIENTED_EDGE('',*,*,#950,.F.);
#1444=ORIENTED_EDGE('',*,*,#1040,.T.);
#1445=ORIENTED_EDGE('',*,*,#955,.F.);
#1446=ORIENTED_EDGE('',*,*,#1039,.T.);
#1447=ORIENTED_EDGE('',*,*,#953,.F.);
#1448=ORIENTED_EDGE('',*,*,#1040,.F.);
#1449=ORIENTED_EDGE('',*,*,#949,.F.);
#1450=ORIENTED_EDGE('',*,*,#951,.F.);
#1451=ORIENTED_EDGE('',*,*,#956,.F.);
#1452=ORIENTED_EDGE('',*,*,#1041,.F.);
#1453=ORIENTED_EDGE('',*,*,#963,.F.);
#1454=ORIENTED_EDGE('',*,*,#1025,.F.);
#1455=ORIENTED_EDGE('',*,*,#959,.F.);
#1456=ORIENTED_EDGE('',*,*,#1042,.T.);
#1457=ORIENTED_EDGE('',*,*,#964,.F.);
#1458=ORIENTED_EDGE('',*,*,#1041,.T.);
#1459=ORIENTED_EDGE('',*,*,#962,.F.);
#1460=ORIENTED_EDGE('',*,*,#1042,.F.);
#1461=ORIENTED_EDGE('',*,*,#958,.F.);
#1462=ORIENTED_EDGE('',*,*,#960,.F.);
#1463=ORIENTED_EDGE('',*,*,#965,.F.);
#1464=ORIENTED_EDGE('',*,*,#1043,.F.);
#1465=ORIENTED_EDGE('',*,*,#972,.F.);
#1466=ORIENTED_EDGE('',*,*,#1026,.F.);
#1467=ORIENTED_EDGE('',*,*,#968,.F.);
#1468=ORIENTED_EDGE('',*,*,#1044,.T.);
#1469=ORIENTED_EDGE('',*,*,#973,.F.);
#1470=ORIENTED_EDGE('',*,*,#1043,.T.);
#1471=ORIENTED_EDGE('',*,*,#971,.F.);
#1472=ORIENTED_EDGE('',*,*,#1044,.F.);
#1473=ORIENTED_EDGE('',*,*,#967,.F.);
#1474=ORIENTED_EDGE('',*,*,#969,.F.);
#1475=ORIENTED_EDGE('',*,*,#974,.F.);
#1476=ORIENTED_EDGE('',*,*,#1045,.F.);
#1477=ORIENTED_EDGE('',*,*,#981,.F.);
#1478=ORIENTED_EDGE('',*,*,#1027,.F.);
#1479=ORIENTED_EDGE('',*,*,#977,.F.);
#1480=ORIENTED_EDGE('',*,*,#1046,.T.);
#1481=ORIENTED_EDGE('',*,*,#982,.F.);
#1482=ORIENTED_EDGE('',*,*,#1045,.T.);
#1483=ORIENTED_EDGE('',*,*,#980,.F.);
#1484=ORIENTED_EDGE('',*,*,#1046,.F.);
#1485=ORIENTED_EDGE('',*,*,#976,.F.);
#1486=ORIENTED_EDGE('',*,*,#978,.F.);
#1487=ORIENTED_EDGE('',*,*,#983,.F.);
#1488=ORIENTED_EDGE('',*,*,#1047,.F.);
#1489=ORIENTED_EDGE('',*,*,#990,.F.);
#1490=ORIENTED_EDGE('',*,*,#1028,.F.);
#1491=ORIENTED_EDGE('',*,*,#986,.F.);
#1492=ORIENTED_EDGE('',*,*,#1048,.T.);
#1493=ORIENTED_EDGE('',*,*,#991,.F.);
#1494=ORIENTED_EDGE('',*,*,#1047,.T.);
#1495=ORIENTED_EDGE('',*,*,#989,.F.);
#1496=ORIENTED_EDGE('',*,*,#1048,.F.);
#1497=ORIENTED_EDGE('',*,*,#985,.F.);
#1498=ORIENTED_EDGE('',*,*,#987,.F.);
#1499=ORIENTED_EDGE('',*,*,#992,.F.);
#1500=ORIENTED_EDGE('',*,*,#1049,.F.);
#1501=ORIENTED_EDGE('',*,*,#999,.F.);
#1502=ORIENTED_EDGE('',*,*,#1029,.F.);
#1503=ORIENTED_EDGE('',*,*,#995,.F.);
#1504=ORIENTED_EDGE('',*,*,#1050,.T.);
#1505=ORIENTED_EDGE('',*,*,#1000,.F.);
#1506=ORIENTED_EDGE('',*,*,#1049,.T.);
#1507=ORIENTED_EDGE('',*,*,#998,.F.);
#1508=ORIENTED_EDGE('',*,*,#1050,.F.);
#1509=ORIENTED_EDGE('',*,*,#994,.F.);
#1510=ORIENTED_EDGE('',*,*,#996,.F.);
#1511=ORIENTED_EDGE('',*,*,#1051,.F.);
#1512=ORIENTED_EDGE('',*,*,#1008,.F.);
#1513=ORIENTED_EDGE('',*,*,#1030,.F.);
#1514=ORIENTED_EDGE('',*,*,#1001,.F.);
#1515=ORIENTED_EDGE('',*,*,#1004,.F.);
#1516=ORIENTED_EDGE('',*,*,#1052,.T.);
#1517=ORIENTED_EDGE('',*,*,#1009,.F.);
#1518=ORIENTED_EDGE('',*,*,#1051,.T.);
#1519=ORIENTED_EDGE('',*,*,#1003,.F.);
#1520=ORIENTED_EDGE('',*,*,#1005,.F.);
#1521=ORIENTED_EDGE('',*,*,#1007,.F.);
#1522=ORIENTED_EDGE('',*,*,#1052,.F.);
#1523=ORIENTED_EDGE('',*,*,#1010,.F.);
#1524=ORIENTED_EDGE('',*,*,#1053,.F.);
#1525=ORIENTED_EDGE('',*,*,#1017,.F.);
#1526=ORIENTED_EDGE('',*,*,#1019,.F.);
#1527=ORIENTED_EDGE('',*,*,#1013,.F.);
#1528=ORIENTED_EDGE('',*,*,#1054,.T.);
#1529=ORIENTED_EDGE('',*,*,#1018,.F.);
#1530=ORIENTED_EDGE('',*,*,#1053,.T.);
#1531=ORIENTED_EDGE('',*,*,#1014,.F.);
#1532=ORIENTED_EDGE('',*,*,#1016,.F.);
#1533=ORIENTED_EDGE('',*,*,#1054,.F.);
#1534=ORIENTED_EDGE('',*,*,#1012,.F.);
#1535=PLANE('',#1717);
#1536=PLANE('',#1718);
#1537=PLANE('',#1719);
#1538=PLANE('',#1720);
#1539=PLANE('',#1721);
#1540=PLANE('',#1722);
#1541=PLANE('',#1723);
#1542=PLANE('',#1724);
#1543=PLANE('',#1725);
#1544=PLANE('',#1726);
#1545=PLANE('',#1727);
#1546=PLANE('',#1728);
#1547=PLANE('',#1729);
#1548=PLANE('',#1730);
#1549=PLANE('',#1731);
#1550=PLANE('',#1732);
#1551=PLANE('',#1733);
#1552=PLANE('',#1734);
#1553=PLANE('',#1738);
#1554=PLANE('',#1739);
#1555=PLANE('',#1743);
#1556=PLANE('',#1744);
#1557=PLANE('',#1748);
#1558=PLANE('',#1749);
#1559=PLANE('',#1753);
#1560=PLANE('',#1754);
#1561=PLANE('',#1758);
#1562=PLANE('',#1759);
#1563=PLANE('',#1763);
#1564=PLANE('',#1764);
#1565=PLANE('',#1768);
#1566=PLANE('',#1769);
#1567=PLANE('',#1773);
#1568=PLANE('',#1774);
#1569=PLANE('',#1778);
#1570=PLANE('',#1779);
#1571=PLANE('',#1783);
#1572=PLANE('',#1784);
#1573=PLANE('',#1788);
#1574=PLANE('',#1789);
#1575=PLANE('',#1793);
#1576=PLANE('',#1794);
#1577=PLANE('',#1795);
#1578=PLANE('',#1796);
#1579=PLANE('',#1797);
#1580=PLANE('',#1798);
#1581=PLANE('',#1799);
#1582=PLANE('',#1800);
#1583=PLANE('',#1801);
#1584=PLANE('',#1802);
#1585=PLANE('',#1803);
#1586=PLANE('',#1804);
#1587=PLANE('',#1805);
#1588=PLANE('',#1806);
#1589=PLANE('',#1807);
#1590=PLANE('',#1808);
#1591=PLANE('',#1809);
#1592=PLANE('',#1810);
#1593=PLANE('',#1811);
#1594=PLANE('',#1812);
#1595=PLANE('',#1813);
#1596=PLANE('',#1814);
#1597=PLANE('',#1815);
#1598=PLANE('',#1816);
#1599=PLANE('',#1817);
#1600=PLANE('',#1818);
#1601=PLANE('',#1819);
#1602=PLANE('',#1820);
#1603=PLANE('',#1821);
#1604=PLANE('',#1822);
#1605=PLANE('',#1823);
#1606=PLANE('',#1824);
#1607=PLANE('',#1825);
#1608=PLANE('',#1826);
#1609=PLANE('',#1827);
#1610=PLANE('',#1828);
#1611=PLANE('',#1829);
#1612=PLANE('',#1830);
#1613=ADVANCED_FACE('',(#51),#1535,.T.);
#1614=ADVANCED_FACE('',(#52),#1536,.T.);
#1615=ADVANCED_FACE('',(#53),#1537,.T.);
#1616=ADVANCED_FACE('',(#54),#1538,.T.);
#1617=ADVANCED_FACE('',(#55),#1539,.T.);
#1618=ADVANCED_FACE('',(#56),#1540,.T.);
#1619=ADVANCED_FACE('',(#57),#1541,.T.);
#1620=ADVANCED_FACE('',(#58),#1542,.T.);
#1621=ADVANCED_FACE('',(#59),#1543,.T.);
#1622=ADVANCED_FACE('',(#60),#1544,.T.);
#1623=ADVANCED_FACE('',(#61),#1545,.T.);
#1624=ADVANCED_FACE('',(#62),#1546,.T.);
#1625=ADVANCED_FACE('',(#63),#1547,.T.);
#1626=ADVANCED_FACE('',(#64),#1548,.T.);
#1627=ADVANCED_FACE('',(#65),#1549,.T.);
#1628=ADVANCED_FACE('',(#66),#1550,.F.);
#1629=ADVANCED_FACE('',(#67),#1551,.T.);
#1630=ADVANCED_FACE('',(#68),#1552,.T.);
#1631=ADVANCED_FACE('',(#69),#15,.T.);
#1632=ADVANCED_FACE('',(#70),#1553,.T.);
#1633=ADVANCED_FACE('',(#71),#1554,.T.);
#1634=ADVANCED_FACE('',(#72),#16,.T.);
#1635=ADVANCED_FACE('',(#73),#1555,.T.);
#1636=ADVANCED_FACE('',(#74),#1556,.T.);
#1637=ADVANCED_FACE('',(#75),#17,.T.);
#1638=ADVANCED_FACE('',(#76),#1557,.T.);
#1639=ADVANCED_FACE('',(#77),#1558,.T.);
#1640=ADVANCED_FACE('',(#78),#18,.T.);
#1641=ADVANCED_FACE('',(#79),#1559,.T.);
#1642=ADVANCED_FACE('',(#80),#1560,.T.);
#1643=ADVANCED_FACE('',(#81),#19,.T.);
#1644=ADVANCED_FACE('',(#82),#1561,.T.);
#1645=ADVANCED_FACE('',(#83),#1562,.T.);
#1646=ADVANCED_FACE('',(#84),#20,.T.);
#1647=ADVANCED_FACE('',(#85),#1563,.T.);
#1648=ADVANCED_FACE('',(#86),#1564,.T.);
#1649=ADVANCED_FACE('',(#87),#21,.T.);
#1650=ADVANCED_FACE('',(#88),#1565,.T.);
#1651=ADVANCED_FACE('',(#89),#1566,.T.);
#1652=ADVANCED_FACE('',(#90),#22,.T.);
#1653=ADVANCED_FACE('',(#91),#1567,.T.);
#1654=ADVANCED_FACE('',(#92),#1568,.T.);
#1655=ADVANCED_FACE('',(#93),#23,.T.);
#1656=ADVANCED_FACE('',(#94),#1569,.T.);
#1657=ADVANCED_FACE('',(#95),#1570,.T.);
#1658=ADVANCED_FACE('',(#96),#24,.T.);
#1659=ADVANCED_FACE('',(#97),#1571,.T.);
#1660=ADVANCED_FACE('',(#98),#1572,.T.);
#1661=ADVANCED_FACE('',(#99),#25,.T.);
#1662=ADVANCED_FACE('',(#100),#1573,.T.);
#1663=ADVANCED_FACE('',(#101),#1574,.T.);
#1664=ADVANCED_FACE('',(#102),#26,.T.);
#1665=ADVANCED_FACE('',(#103),#1575,.T.);
#1666=ADVANCED_FACE('',(#104),#1576,.T.);
#1667=ADVANCED_FACE('',(#105),#1577,.F.);
#1668=ADVANCED_FACE('',(#106),#1578,.T.);
#1669=ADVANCED_FACE('',(#107),#1579,.T.);
#1670=ADVANCED_FACE('',(#108),#1580,.F.);
#1671=ADVANCED_FACE('',(#109),#1581,.T.);
#1672=ADVANCED_FACE('',(#110),#1582,.T.);
#1673=ADVANCED_FACE('',(#111),#1583,.F.);
#1674=ADVANCED_FACE('',(#112),#1584,.T.);
#1675=ADVANCED_FACE('',(#113),#1585,.T.);
#1676=ADVANCED_FACE('',(#114),#1586,.F.);
#1677=ADVANCED_FACE('',(#115),#1587,.T.);
#1678=ADVANCED_FACE('',(#116),#1588,.T.);
#1679=ADVANCED_FACE('',(#117),#1589,.F.);
#1680=ADVANCED_FACE('',(#118),#1590,.T.);
#1681=ADVANCED_FACE('',(#119),#1591,.T.);
#1682=ADVANCED_FACE('',(#120),#1592,.F.);
#1683=ADVANCED_FACE('',(#121),#1593,.T.);
#1684=ADVANCED_FACE('',(#122),#1594,.T.);
#1685=ADVANCED_FACE('',(#123),#1595,.F.);
#1686=ADVANCED_FACE('',(#124),#1596,.T.);
#1687=ADVANCED_FACE('',(#125),#1597,.T.);
#1688=ADVANCED_FACE('',(#126),#1598,.F.);
#1689=ADVANCED_FACE('',(#127),#1599,.T.);
#1690=ADVANCED_FACE('',(#128),#1600,.T.);
#1691=ADVANCED_FACE('',(#129),#1601,.F.);
#1692=ADVANCED_FACE('',(#130),#1602,.T.);
#1693=ADVANCED_FACE('',(#131),#1603,.T.);
#1694=ADVANCED_FACE('',(#132),#1604,.F.);
#1695=ADVANCED_FACE('',(#133),#1605,.T.);
#1696=ADVANCED_FACE('',(#134),#1606,.T.);
#1697=ADVANCED_FACE('',(#135),#1607,.F.);
#1698=ADVANCED_FACE('',(#136),#1608,.T.);
#1699=ADVANCED_FACE('',(#137),#1609,.T.);
#1700=ADVANCED_FACE('',(#138),#1610,.F.);
#1701=ADVANCED_FACE('',(#139),#1611,.T.);
#1702=ADVANCED_FACE('',(#140),#1612,.T.);
#1703=CLOSED_SHELL('',(#1613,#1614,#1615,#1616,#1617,#1618,#1619,#1620,
#1621,#1622,#1623,#1624,#1625,#1626,#1627,#1628,#1629,#1630,#1631,#1632,
#1633,#1634,#1635,#1636,#1637,#1638,#1639,#1640,#1641,#1642,#1643,#1644,
#1645,#1646,#1647,#1648,#1649,#1650,#1651,#1652,#1653,#1654,#1655,#1656,
#1657,#1658,#1659,#1660,#1661,#1662,#1663,#1664,#1665,#1666,#1667,#1668,
#1669,#1670,#1671,#1672,#1673,#1674,#1675,#1676,#1677,#1678,#1679,#1680,
#1681,#1682,#1683,#1684,#1685,#1686,#1687,#1688,#1689,#1690,#1691,#1692,
#1693,#1694,#1695,#1696,#1697,#1698,#1699,#1700,#1701,#1702));
#1704=DERIVED_UNIT_ELEMENT(#1706,1.);
#1705=DERIVED_UNIT_ELEMENT(#2765,-3.);
#1706=(
MASS_UNIT()
NAMED_UNIT(*)
SI_UNIT(.KILO.,.GRAM.)
);
#1707=DERIVED_UNIT((#1704,#1705));
#1708=MEASURE_REPRESENTATION_ITEM('density measure',
POSITIVE_RATIO_MEASURE(7850.),#1707);
#1709=PROPERTY_DEFINITION_REPRESENTATION(#1714,#1711);
#1710=PROPERTY_DEFINITION_REPRESENTATION(#1715,#1712);
#1711=REPRESENTATION('material name',(#1713),#2762);
#1712=REPRESENTATION('density',(#1708),#2762);
#1713=DESCRIPTIVE_REPRESENTATION_ITEM('Acier','Acier');
#1714=PROPERTY_DEFINITION('material property','material name',#2772);
#1715=PROPERTY_DEFINITION('material property','density of part',#2772);
#1716=AXIS2_PLACEMENT_3D('',#2277,#1831,#1832);
#1717=AXIS2_PLACEMENT_3D('',#2278,#1833,#1834);
#1718=AXIS2_PLACEMENT_3D('',#2383,#1887,#1888);
#1719=AXIS2_PLACEMENT_3D('',#2389,#1892,#1893);
#1720=AXIS2_PLACEMENT_3D('',#2395,#1897,#1898);
#1721=AXIS2_PLACEMENT_3D('',#2401,#1902,#1903);
#1722=AXIS2_PLACEMENT_3D('',#2407,#1907,#1908);
#1723=AXIS2_PLACEMENT_3D('',#2413,#1912,#1913);
#1724=AXIS2_PLACEMENT_3D('',#2419,#1917,#1918);
#1725=AXIS2_PLACEMENT_3D('',#2425,#1922,#1923);
#1726=AXIS2_PLACEMENT_3D('',#2431,#1927,#1928);
#1727=AXIS2_PLACEMENT_3D('',#2437,#1932,#1933);
#1728=AXIS2_PLACEMENT_3D('',#2443,#1937,#1938);
#1729=AXIS2_PLACEMENT_3D('',#2449,#1942,#1943);
#1730=AXIS2_PLACEMENT_3D('',#2455,#1947,#1948);
#1731=AXIS2_PLACEMENT_3D('',#2461,#1952,#1953);
#1732=AXIS2_PLACEMENT_3D('',#2465,#1956,#1957);
#1733=AXIS2_PLACEMENT_3D('',#2469,#1960,#1961);
#1734=AXIS2_PLACEMENT_3D('',#2471,#1963,#1964);
#1735=AXIS2_PLACEMENT_3D('',#2475,#1966,#1967);
#1736=AXIS2_PLACEMENT_3D('',#2479,#1970,#1971);
#1737=AXIS2_PLACEMENT_3D('',#2482,#1973,#1974);
#1738=AXIS2_PLACEMENT_3D('',#2483,#1975,#1976);
#1739=AXIS2_PLACEMENT_3D('',#2489,#1980,#1981);
#1740=AXIS2_PLACEMENT_3D('',#2493,#1983,#1984);
#1741=AXIS2_PLACEMENT_3D('',#2497,#1987,#1988);
#1742=AXIS2_PLACEMENT_3D('',#2500,#1990,#1991);
#1743=AXIS2_PLACEMENT_3D('',#2501,#1992,#1993);
#1744=AXIS2_PLACEMENT_3D('',#2507,#1997,#1998);
#1745=AXIS2_PLACEMENT_3D('',#2511,#2000,#2001);
#1746=AXIS2_PLACEMENT_3D('',#2515,#2004,#2005);
#1747=AXIS2_PLACEMENT_3D('',#2518,#2007,#2008);
#1748=AXIS2_PLACEMENT_3D('',#2519,#2009,#2010);
#1749=AXIS2_PLACEMENT_3D('',#2525,#2014,#2015);
#1750=AXIS2_PLACEMENT_3D('',#2529,#2017,#2018);
#1751=AXIS2_PLACEMENT_3D('',#2533,#2021,#2022);
#1752=AXIS2_PLACEMENT_3D('',#2536,#2024,#2025);
#1753=AXIS2_PLACEMENT_3D('',#2537,#2026,#2027);
#1754=AXIS2_PLACEMENT_3D('',#2543,#2031,#2032);
#1755=AXIS2_PLACEMENT_3D('',#2547,#2034,#2035);
#1756=AXIS2_PLACEMENT_3D('',#2551,#2038,#2039);
#1757=AXIS2_PLACEMENT_3D('',#2554,#2041,#2042);
#1758=AXIS2_PLACEMENT_3D('',#2555,#2043,#2044);
#1759=AXIS2_PLACEMENT_3D('',#2561,#2048,#2049);
#1760=AXIS2_PLACEMENT_3D('',#2565,#2051,#2052);
#1761=AXIS2_PLACEMENT_3D('',#2569,#2055,#2056);
#1762=AXIS2_PLACEMENT_3D('',#2572,#2058,#2059);
#1763=AXIS2_PLACEMENT_3D('',#2573,#2060,#2061);
#1764=AXIS2_PLACEMENT_3D('',#2579,#2065,#2066);
#1765=AXIS2_PLACEMENT_3D('',#2583,#2068,#2069);
#1766=AXIS2_PLACEMENT_3D('',#2587,#2072,#2073);
#1767=AXIS2_PLACEMENT_3D('',#2590,#2075,#2076);
#1768=AXIS2_PLACEMENT_3D('',#2591,#2077,#2078);
#1769=AXIS2_PLACEMENT_3D('',#2597,#2082,#2083);
#1770=AXIS2_PLACEMENT_3D('',#2601,#2085,#2086);
#1771=AXIS2_PLACEMENT_3D('',#2605,#2089,#2090);
#1772=AXIS2_PLACEMENT_3D('',#2608,#2092,#2093);
#1773=AXIS2_PLACEMENT_3D('',#2609,#2094,#2095);
#1774=AXIS2_PLACEMENT_3D('',#2615,#2099,#2100);
#1775=AXIS2_PLACEMENT_3D('',#2619,#2102,#2103);
#1776=AXIS2_PLACEMENT_3D('',#2623,#2106,#2107);
#1777=AXIS2_PLACEMENT_3D('',#2626,#2109,#2110);
#1778=AXIS2_PLACEMENT_3D('',#2627,#2111,#2112);
#1779=AXIS2_PLACEMENT_3D('',#2633,#2116,#2117);
#1780=AXIS2_PLACEMENT_3D('',#2637,#2119,#2120);
#1781=AXIS2_PLACEMENT_3D('',#2641,#2123,#2124);
#1782=AXIS2_PLACEMENT_3D('',#2644,#2126,#2127);
#1783=AXIS2_PLACEMENT_3D('',#2645,#2128,#2129);
#1784=AXIS2_PLACEMENT_3D('',#2651,#2133,#2134);
#1785=AXIS2_PLACEMENT_3D('',#2655,#2136,#2137);
#1786=AXIS2_PLACEMENT_3D('',#2659,#2140,#2141);
#1787=AXIS2_PLACEMENT_3D('',#2662,#2143,#2144);
#1788=AXIS2_PLACEMENT_3D('',#2663,#2145,#2146);
#1789=AXIS2_PLACEMENT_3D('',#2669,#2150,#2151);
#1790=AXIS2_PLACEMENT_3D('',#2673,#2153,#2154);
#1791=AXIS2_PLACEMENT_3D('',#2677,#2157,#2158);
#1792=AXIS2_PLACEMENT_3D('',#2680,#2160,#2161);
#1793=AXIS2_PLACEMENT_3D('',#2681,#2162,#2163);
#1794=AXIS2_PLACEMENT_3D('',#2687,#2167,#2168);
#1795=AXIS2_PLACEMENT_3D('',#2700,#2181,#2182);
#1796=AXIS2_PLACEMENT_3D('',#2702,#2184,#2185);
#1797=AXIS2_PLACEMENT_3D('',#2704,#2187,#2188);
#1798=AXIS2_PLACEMENT_3D('',#2705,#2189,#2190);
#1799=AXIS2_PLACEMENT_3D('',#2707,#2192,#2193);
#1800=AXIS2_PLACEMENT_3D('',#2709,#2195,#2196);
#1801=AXIS2_PLACEMENT_3D('',#2710,#2197,#2198);
#1802=AXIS2_PLACEMENT_3D('',#2712,#2200,#2201);
#1803=AXIS2_PLACEMENT_3D('',#2714,#2203,#2204);
#1804=AXIS2_PLACEMENT_3D('',#2715,#2205,#2206);
#1805=AXIS2_PLACEMENT_3D('',#2717,#2208,#2209);
#1806=AXIS2_PLACEMENT_3D('',#2719,#2211,#2212);
#1807=AXIS2_PLACEMENT_3D('',#2720,#2213,#2214);
#1808=AXIS2_PLACEMENT_3D('',#2722,#2216,#2217);
#1809=AXIS2_PLACEMENT_3D('',#2724,#2219,#2220);
#1810=AXIS2_PLACEMENT_3D('',#2725,#2221,#2222);
#1811=AXIS2_PLACEMENT_3D('',#2727,#2224,#2225);
#1812=AXIS2_PLACEMENT_3D('',#2729,#2227,#2228);
#1813=AXIS2_PLACEMENT_3D('',#2730,#2229,#2230);
#1814=AXIS2_PLACEMENT_3D('',#2732,#2232,#2233);
#1815=AXIS2_PLACEMENT_3D('',#2734,#2235,#2236);
#1816=AXIS2_PLACEMENT_3D('',#2735,#2237,#2238);
#1817=AXIS2_PLACEMENT_3D('',#2737,#2240,#2241);
#1818=AXIS2_PLACEMENT_3D('',#2739,#2243,#2244);
#1819=AXIS2_PLACEMENT_3D('',#2740,#2245,#2246);
#1820=AXIS2_PLACEMENT_3D('',#2742,#2248,#2249);
#1821=AXIS2_PLACEMENT_3D('',#2744,#2251,#2252);
#1822=AXIS2_PLACEMENT_3D('',#2745,#2253,#2254);
#1823=AXIS2_PLACEMENT_3D('',#2747,#2256,#2257);
#1824=AXIS2_PLACEMENT_3D('',#2749,#2259,#2260);
#1825=AXIS2_PLACEMENT_3D('',#2750,#2261,#2262);
#1826=AXIS2_PLACEMENT_3D('',#2752,#2264,#2265);
#1827=AXIS2_PLACEMENT_3D('',#2754,#2267,#2268);
#1828=AXIS2_PLACEMENT_3D('',#2755,#2269,#2270);
#1829=AXIS2_PLACEMENT_3D('',#2757,#2272,#2273);
#1830=AXIS2_PLACEMENT_3D('',#2759,#2275,#2276);
#1831=DIRECTION('axis',(0.,0.,1.));
#1832=DIRECTION('refdir',(1.,0.,0.));
#1833=DIRECTION('center_axis',(0.,-1.,0.));
#1834=DIRECTION('ref_axis',(0.,0.,-1.));
#1835=DIRECTION('',(0.,0.,-1.));
#1836=DIRECTION('',(1.,0.,0.));
#1837=DIRECTION('',(0.,0.,1.));
#1838=DIRECTION('',(1.,0.,0.));
#1839=DIRECTION('',(0.,0.,-1.));
#1840=DIRECTION('',(1.,0.,0.));
#1841=DIRECTION('',(0.,0.,1.));
#1842=DIRECTION('',(1.,0.,0.));
#1843=DIRECTION('',(0.,0.,-1.));
#1844=DIRECTION('',(1.,0.,0.));
#1845=DIRECTION('',(0.,0.,1.));
#1846=DIRECTION('',(1.,0.,0.));
#1847=DIRECTION('',(0.,0.,-1.));
#1848=DIRECTION('',(1.,0.,0.));
#1849=DIRECTION('',(0.,0.,1.));
#1850=DIRECTION('',(1.,0.,0.));
#1851=DIRECTION('',(0.,0.,-1.));
#1852=DIRECTION('',(1.,0.,0.));
#1853=DIRECTION('',(0.,0.,1.));
#1854=DIRECTION('',(1.,0.,0.));
#1855=DIRECTION('',(0.,0.,-1.));
#1856=DIRECTION('',(1.,0.,0.));
#1857=DIRECTION('',(0.,0.,1.));
#1858=DIRECTION('',(1.,0.,0.));
#1859=DIRECTION('',(0.,0.,-1.));
#1860=DIRECTION('',(1.,0.,0.));
#1861=DIRECTION('',(0.,0.,1.));
#1862=DIRECTION('',(1.,0.,0.));
#1863=DIRECTION('',(0.,0.,-1.));
#1864=DIRECTION('',(1.,0.,0.));
#1865=DIRECTION('',(0.,0.,1.));
#1866=DIRECTION('',(1.,0.,0.));
#1867=DIRECTION('',(0.,0.,-1.));
#1868=DIRECTION('',(1.,0.,0.));
#1869=DIRECTION('',(0.,0.,1.));
#1870=DIRECTION('',(1.,0.,0.));
#1871=DIRECTION('',(0.,0.,-1.));
#1872=DIRECTION('',(1.,0.,0.));
#1873=DIRECTION('',(0.,0.,1.));
#1874=DIRECTION('',(1.,0.,0.));
#1875=DIRECTION('',(0.,0.,-1.));
#1876=DIRECTION('',(1.,0.,0.));
#1877=DIRECTION('',(0.,0.,1.));
#1878=DIRECTION('',(1.,0.,0.));
#1879=DIRECTION('',(0.,0.,-1.));
#1880=DIRECTION('',(1.,0.,0.));
#1881=DIRECTION('',(0.,0.,1.));
#1882=DIRECTION('',(1.,0.,0.));
#1883=DIRECTION('',(0.,0.,1.));
#1884=DIRECTION('',(-1.,0.,0.));
#1885=DIRECTION('',(0.,0.,-1.));
#1886=DIRECTION('',(1.,0.,0.));
#1887=DIRECTION('center_axis',(0.,0.,-1.));
#1888=DIRECTION('ref_axis',(-1.,0.,0.));
#1889=DIRECTION('',(0.,-1.,0.));
#1890=DIRECTION('',(0.,1.,0.));
#1891=DIRECTION('',(-1.,0.,0.));
#1892=DIRECTION('center_axis',(0.,0.,-1.));
#1893=DIRECTION('ref_axis',(-1.,0.,0.));
#1894=DIRECTION('',(0.,-1.,0.));
#1895=DIRECTION('',(0.,1.,0.));
#1896=DIRECTION('',(-1.,0.,0.));
#1897=DIRECTION('center_axis',(0.,0.,-1.));
#1898=DIRECTION('ref_axis',(-1.,0.,0.));
#1899=DIRECTION('',(0.,-1.,0.));
#1900=DIRECTION('',(0.,1.,0.));
#1901=DIRECTION('',(-1.,0.,0.));
#1902=DIRECTION('center_axis',(0.,0.,-1.));
#1903=DIRECTION('ref_axis',(-1.,0.,0.));
#1904=DIRECTION('',(0.,-1.,0.));
#1905=DIRECTION('',(0.,1.,0.));
#1906=DIRECTION('',(-1.,0.,0.));
#1907=DIRECTION('center_axis',(0.,0.,-1.));
#1908=DIRECTION('ref_axis',(-1.,0.,0.));
#1909=DIRECTION('',(0.,-1.,0.));
#1910=DIRECTION('',(0.,1.,0.));
#1911=DIRECTION('',(-1.,0.,0.));
#1912=DIRECTION('center_axis',(0.,0.,-1.));
#1913=DIRECTION('ref_axis',(-1.,0.,0.));
#1914=DIRECTION('',(0.,-1.,0.));
#1915=DIRECTION('',(0.,1.,0.));
#1916=DIRECTION('',(-1.,0.,0.));
#1917=DIRECTION('center_axis',(0.,0.,-1.));
#1918=DIRECTION('ref_axis',(-1.,0.,0.));
#1919=DIRECTION('',(0.,-1.,0.));
#1920=DIRECTION('',(0.,1.,0.));
#1921=DIRECTION('',(-1.,0.,0.));
#1922=DIRECTION('center_axis',(0.,0.,-1.));
#1923=DIRECTION('ref_axis',(-1.,0.,0.));
#1924=DIRECTION('',(0.,-1.,0.));
#1925=DIRECTION('',(0.,1.,0.));
#1926=DIRECTION('',(-1.,0.,0.));
#1927=DIRECTION('center_axis',(0.,0.,-1.));
#1928=DIRECTION('ref_axis',(-1.,0.,0.));
#1929=DIRECTION('',(0.,-1.,0.));
#1930=DIRECTION('',(0.,1.,0.));
#1931=DIRECTION('',(-1.,0.,0.));
#1932=DIRECTION('center_axis',(0.,0.,-1.));
#1933=DIRECTION('ref_axis',(-1.,0.,0.));
#1934=DIRECTION('',(0.,-1.,0.));
#1935=DIRECTION('',(0.,1.,0.));
#1936=DIRECTION('',(-1.,0.,0.));
#1937=DIRECTION('center_axis',(0.,0.,-1.));
#1938=DIRECTION('ref_axis',(-1.,0.,0.));
#1939=DIRECTION('',(0.,-1.,0.));
#1940=DIRECTION('',(0.,1.,0.));
#1941=DIRECTION('',(-1.,0.,0.));
#1942=DIRECTION('center_axis',(0.,0.,-1.));
#1943=DIRECTION('ref_axis',(-1.,0.,0.));
#1944=DIRECTION('',(0.,-1.,0.));
#1945=DIRECTION('',(0.,1.,0.));
#1946=DIRECTION('',(-1.,0.,0.));
#1947=DIRECTION('center_axis',(0.,0.,-1.));
#1948=DIRECTION('ref_axis',(-1.,0.,0.));
#1949=DIRECTION('',(-1.,0.,0.));
#1950=DIRECTION('',(0.,-1.,0.));
#1951=DIRECTION('',(0.,1.,0.));
#1952=DIRECTION('center_axis',(-1.,0.,0.));
#1953=DIRECTION('ref_axis',(0.,0.,1.));
#1954=DIRECTION('',(0.,0.,1.));
#1955=DIRECTION('',(0.,1.,0.));
#1956=DIRECTION('center_axis',(0.,0.,-1.));
#1957=DIRECTION('ref_axis',(-1.,0.,0.));
#1958=DIRECTION('',(0.,-1.,0.));
#1959=DIRECTION('',(1.,0.,0.));
#1960=DIRECTION('center_axis',(1.,0.,0.));
#1961=DIRECTION('ref_axis',(0.,0.,-1.));
#1962=DIRECTION('',(0.,0.,1.));
#1963=DIRECTION('center_axis',(1.,0.,0.));
#1964=DIRECTION('ref_axis',(0.,0.,-1.));
#1965=DIRECTION('',(0.,-1.,0.));
#1966=DIRECTION('center_axis',(1.,0.,0.));
#1967=DIRECTION('ref_axis',(0.,0.,1.));
#1968=DIRECTION('',(0.,1.,0.));
#1969=DIRECTION('',(0.,0.,1.));
#1970=DIRECTION('center_axis',(-1.,0.,0.));
#1971=DIRECTION('ref_axis',(0.,0.,1.));
#1972=DIRECTION('',(1.,0.,0.));
#1973=DIRECTION('center_axis',(1.,0.,0.));
#1974=DIRECTION('ref_axis',(0.,0.,1.));
#1975=DIRECTION('center_axis',(-1.,0.,0.));
#1976=DIRECTION('ref_axis',(0.,0.,1.));
#1977=DIRECTION('',(0.,-1.,0.));
#1978=DIRECTION('',(0.,1.,0.));
#1979=DIRECTION('',(0.,0.,-1.));
#1980=DIRECTION('center_axis',(1.,0.,0.));
#1981=DIRECTION('ref_axis',(0.,0.,-1.));
#1982=DIRECTION('',(0.,-1.,0.));
#1983=DIRECTION('center_axis',(1.,0.,0.));
#1984=DIRECTION('ref_axis',(0.,0.,1.));
#1985=DIRECTION('',(0.,1.,0.));
#1986=DIRECTION('',(0.,0.,1.));
#1987=DIRECTION('center_axis',(-1.,0.,0.));
#1988=DIRECTION('ref_axis',(0.,0.,1.));
#1989=DIRECTION('',(1.,0.,0.));
#1990=DIRECTION('center_axis',(1.,0.,0.));
#1991=DIRECTION('ref_axis',(0.,0.,1.));
#1992=DIRECTION('center_axis',(-1.,0.,0.));
#1993=DIRECTION('ref_axis',(0.,0.,1.));
#1994=DIRECTION('',(0.,-1.,0.));
#1995=DIRECTION('',(0.,1.,0.));
#1996=DIRECTION('',(0.,0.,-1.));
#1997=DIRECTION('center_axis',(1.,0.,0.));
#1998=DIRECTION('ref_axis',(0.,0.,-1.));
#1999=DIRECTION('',(0.,-1.,0.));
#2000=DIRECTION('center_axis',(1.,0.,0.));
#2001=DIRECTION('ref_axis',(0.,0.,1.));
#2002=DIRECTION('',(0.,1.,0.));
#2003=DIRECTION('',(0.,0.,1.));
#2004=DIRECTION('center_axis',(-1.,0.,0.));
#2005=DIRECTION('ref_axis',(0.,0.,1.));
#2006=DIRECTION('',(1.,0.,0.));
#2007=DIRECTION('center_axis',(1.,0.,0.));
#2008=DIRECTION('ref_axis',(0.,0.,1.));
#2009=DIRECTION('center_axis',(-1.,0.,0.));
#2010=DIRECTION('ref_axis',(0.,0.,1.));
#2011=DIRECTION('',(0.,-1.,0.));
#2012=DIRECTION('',(0.,1.,0.));
#2013=DIRECTION('',(0.,0.,-1.));
#2014=DIRECTION('center_axis',(1.,0.,0.));
#2015=DIRECTION('ref_axis',(0.,0.,-1.));
#2016=DIRECTION('',(0.,-1.,0.));
#2017=DIRECTION('center_axis',(1.,0.,0.));
#2018=DIRECTION('ref_axis',(0.,0.,1.));
#2019=DIRECTION('',(0.,1.,0.));
#2020=DIRECTION('',(0.,0.,1.));
#2021=DIRECTION('center_axis',(-1.,0.,0.));
#2022=DIRECTION('ref_axis',(0.,0.,1.));
#2023=DIRECTION('',(1.,0.,0.));
#2024=DIRECTION('center_axis',(1.,0.,0.));
#2025=DIRECTION('ref_axis',(0.,0.,1.));
#2026=DIRECTION('center_axis',(-1.,0.,0.));
#2027=DIRECTION('ref_axis',(0.,0.,1.));
#2028=DIRECTION('',(0.,-1.,0.));
#2029=DIRECTION('',(0.,1.,0.));
#2030=DIRECTION('',(0.,0.,-1.));
#2031=DIRECTION('center_axis',(1.,0.,0.));
#2032=DIRECTION('ref_axis',(0.,0.,-1.));
#2033=DIRECTION('',(0.,-1.,0.));
#2034=DIRECTION('center_axis',(1.,0.,0.));
#2035=DIRECTION('ref_axis',(0.,0.,1.));
#2036=DIRECTION('',(0.,1.,0.));
#2037=DIRECTION('',(0.,0.,1.));
#2038=DIRECTION('center_axis',(-1.,0.,0.));
#2039=DIRECTION('ref_axis',(0.,0.,1.));
#2040=DIRECTION('',(1.,0.,0.));
#2041=DIRECTION('center_axis',(1.,0.,0.));
#2042=DIRECTION('ref_axis',(0.,0.,1.));
#2043=DIRECTION('center_axis',(-1.,0.,0.));
#2044=DIRECTION('ref_axis',(0.,0.,1.));
#2045=DIRECTION('',(0.,-1.,0.));
#2046=DIRECTION('',(0.,1.,0.));
#2047=DIRECTION('',(0.,0.,-1.));
#2048=DIRECTION('center_axis',(1.,0.,0.));
#2049=DIRECTION('ref_axis',(0.,0.,-1.));
#2050=DIRECTION('',(0.,-1.,0.));
#2051=DIRECTION('center_axis',(1.,0.,0.));
#2052=DIRECTION('ref_axis',(0.,0.,1.));
#2053=DIRECTION('',(0.,1.,0.));
#2054=DIRECTION('',(0.,0.,1.));
#2055=DIRECTION('center_axis',(-1.,0.,0.));
#2056=DIRECTION('ref_axis',(0.,0.,1.));
#2057=DIRECTION('',(1.,0.,0.));
#2058=DIRECTION('center_axis',(1.,0.,0.));
#2059=DIRECTION('ref_axis',(0.,0.,1.));
#2060=DIRECTION('center_axis',(-1.,0.,0.));
#2061=DIRECTION('ref_axis',(0.,0.,1.));
#2062=DIRECTION('',(0.,-1.,0.));
#2063=DIRECTION('',(0.,1.,0.));
#2064=DIRECTION('',(0.,0.,-1.));
#2065=DIRECTION('center_axis',(1.,0.,0.));
#2066=DIRECTION('ref_axis',(0.,0.,-1.));
#2067=DIRECTION('',(0.,-1.,0.));
#2068=DIRECTION('center_axis',(1.,0.,0.));
#2069=DIRECTION('ref_axis',(0.,0.,1.));
#2070=DIRECTION('',(0.,1.,0.));
#2071=DIRECTION('',(0.,0.,1.));
#2072=DIRECTION('center_axis',(-1.,0.,0.));
#2073=DIRECTION('ref_axis',(0.,0.,1.));
#2074=DIRECTION('',(1.,0.,0.));
#2075=DIRECTION('center_axis',(1.,0.,0.));
#2076=DIRECTION('ref_axis',(0.,0.,1.));
#2077=DIRECTION('center_axis',(-1.,0.,0.));
#2078=DIRECTION('ref_axis',(0.,0.,1.));
#2079=DIRECTION('',(0.,-1.,0.));
#2080=DIRECTION('',(0.,1.,0.));
#2081=DIRECTION('',(0.,0.,-1.));
#2082=DIRECTION('center_axis',(1.,0.,0.));
#2083=DIRECTION('ref_axis',(0.,0.,-1.));
#2084=DIRECTION('',(0.,-1.,0.));
#2085=DIRECTION('center_axis',(1.,0.,0.));
#2086=DIRECTION('ref_axis',(0.,0.,1.));
#2087=DIRECTION('',(0.,1.,0.));
#2088=DIRECTION('',(0.,0.,1.));
#2089=DIRECTION('center_axis',(-1.,0.,0.));
#2090=DIRECTION('ref_axis',(0.,0.,1.));
#2091=DIRECTION('',(1.,0.,0.));
#2092=DIRECTION('center_axis',(1.,0.,0.));
#2093=DIRECTION('ref_axis',(0.,0.,1.));
#2094=DIRECTION('center_axis',(-1.,0.,0.));
#2095=DIRECTION('ref_axis',(0.,0.,1.));
#2096=DIRECTION('',(0.,-1.,0.));
#2097=DIRECTION('',(0.,1.,0.));
#2098=DIRECTION('',(0.,0.,-1.));
#2099=DIRECTION('center_axis',(1.,0.,0.));
#2100=DIRECTION('ref_axis',(0.,0.,-1.));
#2101=DIRECTION('',(0.,-1.,0.));
#2102=DIRECTION('center_axis',(1.,0.,0.));
#2103=DIRECTION('ref_axis',(0.,0.,1.));
#2104=DIRECTION('',(0.,1.,0.));
#2105=DIRECTION('',(0.,0.,1.));
#2106=DIRECTION('center_axis',(-1.,0.,0.));
#2107=DIRECTION('ref_axis',(0.,0.,1.));
#2108=DIRECTION('',(1.,0.,0.));
#2109=DIRECTION('center_axis',(1.,0.,0.));
#2110=DIRECTION('ref_axis',(0.,0.,1.));
#2111=DIRECTION('center_axis',(-1.,0.,0.));
#2112=DIRECTION('ref_axis',(0.,0.,1.));
#2113=DIRECTION('',(0.,-1.,0.));
#2114=DIRECTION('',(0.,1.,0.));
#2115=DIRECTION('',(0.,0.,-1.));
#2116=DIRECTION('center_axis',(1.,0.,0.));
#2117=DIRECTION('ref_axis',(0.,0.,-1.));
#2118=DIRECTION('',(0.,-1.,0.));
#2119=DIRECTION('center_axis',(1.,0.,0.));
#2120=DIRECTION('ref_axis',(0.,0.,1.));
#2121=DIRECTION('',(0.,1.,0.));
#2122=DIRECTION('',(0.,0.,1.));
#2123=DIRECTION('center_axis',(-1.,0.,0.));
#2124=DIRECTION('ref_axis',(0.,0.,1.));
#2125=DIRECTION('',(1.,0.,0.));
#2126=DIRECTION('center_axis',(1.,0.,0.));
#2127=DIRECTION('ref_axis',(0.,0.,1.));
#2128=DIRECTION('center_axis',(-1.,0.,0.));
#2129=DIRECTION('ref_axis',(0.,0.,1.));
#2130=DIRECTION('',(0.,-1.,0.));
#2131=DIRECTION('',(0.,1.,0.));
#2132=DIRECTION('',(0.,0.,-1.));
#2133=DIRECTION('center_axis',(1.,0.,0.));
#2134=DIRECTION('ref_axis',(0.,0.,-1.));
#2135=DIRECTION('',(0.,-1.,0.));
#2136=DIRECTION('center_axis',(1.,0.,0.));
#2137=DIRECTION('ref_axis',(0.,0.,1.));
#2138=DIRECTION('',(0.,1.,0.));
#2139=DIRECTION('',(0.,0.,1.));
#2140=DIRECTION('center_axis',(-1.,0.,0.));
#2141=DIRECTION('ref_axis',(0.,0.,1.));
#2142=DIRECTION('',(1.,0.,0.));
#2143=DIRECTION('center_axis',(1.,0.,0.));
#2144=DIRECTION('ref_axis',(0.,0.,1.));
#2145=DIRECTION('center_axis',(-1.,0.,0.));
#2146=DIRECTION('ref_axis',(0.,0.,1.));
#2147=DIRECTION('',(0.,-1.,0.));
#2148=DIRECTION('',(0.,1.,0.));
#2149=DIRECTION('',(0.,0.,-1.));
#2150=DIRECTION('center_axis',(1.,0.,0.));
#2151=DIRECTION('ref_axis',(0.,0.,-1.));
#2152=DIRECTION('',(0.,-1.,0.));
#2153=DIRECTION('center_axis',(1.,0.,0.));
#2154=DIRECTION('ref_axis',(0.,0.,1.));
#2155=DIRECTION('',(0.,1.,0.));
#2156=DIRECTION('',(0.,0.,1.));
#2157=DIRECTION('center_axis',(-1.,0.,0.));
#2158=DIRECTION('ref_axis',(0.,0.,1.));
#2159=DIRECTION('',(1.,0.,0.));
#2160=DIRECTION('center_axis',(1.,0.,0.));
#2161=DIRECTION('ref_axis',(0.,0.,1.));
#2162=DIRECTION('center_axis',(-1.,0.,0.));
#2163=DIRECTION('ref_axis',(0.,0.,1.));
#2164=DIRECTION('',(0.,-1.,0.));
#2165=DIRECTION('',(0.,1.,0.));
#2166=DIRECTION('',(0.,0.,-1.));
#2167=DIRECTION('center_axis',(0.,1.,0.));
#2168=DIRECTION('ref_axis',(0.,0.,1.));
#2169=DIRECTION('',(-1.,0.,0.));
#2170=DIRECTION('',(-1.,0.,0.));
#2171=DIRECTION('',(-1.,0.,0.));
#2172=DIRECTION('',(-1.,0.,0.));
#2173=DIRECTION('',(-1.,0.,0.));
#2174=DIRECTION('',(-1.,0.,0.));
#2175=DIRECTION('',(-1.,0.,0.));
#2176=DIRECTION('',(-1.,0.,0.));
#2177=DIRECTION('',(-1.,0.,0.));
#2178=DIRECTION('',(-1.,0.,0.));
#2179=DIRECTION('',(-1.,0.,0.));
#2180=DIRECTION('',(-1.,0.,0.));
#2181=DIRECTION('center_axis',(0.,0.,-1.));
#2182=DIRECTION('ref_axis',(-1.,0.,0.));
#2183=DIRECTION('',(1.,0.,0.));
#2184=DIRECTION('center_axis',(0.,1.,0.));
#2185=DIRECTION('ref_axis',(0.,0.,1.));
#2186=DIRECTION('',(-1.,0.,0.));
#2187=DIRECTION('center_axis',(0.,0.,-1.));
#2188=DIRECTION('ref_axis',(-1.,0.,0.));
#2189=DIRECTION('center_axis',(0.,0.,-1.));
#2190=DIRECTION('ref_axis',(-1.,0.,0.));
#2191=DIRECTION('',(1.,0.,0.));
#2192=DIRECTION('center_axis',(0.,1.,0.));
#2193=DIRECTION('ref_axis',(0.,0.,1.));
#2194=DIRECTION('',(-1.,0.,0.));
#2195=DIRECTION('center_axis',(0.,0.,-1.));
#2196=DIRECTION('ref_axis',(-1.,0.,0.));
#2197=DIRECTION('center_axis',(0.,0.,-1.));
#2198=DIRECTION('ref_axis',(-1.,0.,0.));
#2199=DIRECTION('',(1.,0.,0.));
#2200=DIRECTION('center_axis',(0.,1.,0.));
#2201=DIRECTION('ref_axis',(0.,0.,1.));
#2202=DIRECTION('',(-1.,0.,0.));
#2203=DIRECTION('center_axis',(0.,0.,-1.));
#2204=DIRECTION('ref_axis',(-1.,0.,0.));
#2205=DIRECTION('center_axis',(0.,0.,-1.));
#2206=DIRECTION('ref_axis',(-1.,0.,0.));
#2207=DIRECTION('',(1.,0.,0.));
#2208=DIRECTION('center_axis',(0.,1.,0.));
#2209=DIRECTION('ref_axis',(0.,0.,1.));
#2210=DIRECTION('',(-1.,0.,0.));
#2211=DIRECTION('center_axis',(0.,0.,-1.));
#2212=DIRECTION('ref_axis',(-1.,0.,0.));
#2213=DIRECTION('center_axis',(0.,0.,-1.));
#2214=DIRECTION('ref_axis',(-1.,0.,0.));
#2215=DIRECTION('',(1.,0.,0.));
#2216=DIRECTION('center_axis',(0.,1.,0.));
#2217=DIRECTION('ref_axis',(0.,0.,1.));
#2218=DIRECTION('',(-1.,0.,0.));
#2219=DIRECTION('center_axis',(0.,0.,-1.));
#2220=DIRECTION('ref_axis',(-1.,0.,0.));
#2221=DIRECTION('center_axis',(0.,0.,-1.));
#2222=DIRECTION('ref_axis',(-1.,0.,0.));
#2223=DIRECTION('',(1.,0.,0.));
#2224=DIRECTION('center_axis',(0.,1.,0.));
#2225=DIRECTION('ref_axis',(0.,0.,1.));
#2226=DIRECTION('',(-1.,0.,0.));
#2227=DIRECTION('center_axis',(0.,0.,-1.));
#2228=DIRECTION('ref_axis',(-1.,0.,0.));
#2229=DIRECTION('center_axis',(0.,0.,-1.));
#2230=DIRECTION('ref_axis',(-1.,0.,0.));
#2231=DIRECTION('',(1.,0.,0.));
#2232=DIRECTION('center_axis',(0.,1.,0.));
#2233=DIRECTION('ref_axis',(0.,0.,1.));
#2234=DIRECTION('',(-1.,0.,0.));
#2235=DIRECTION('center_axis',(0.,0.,-1.));
#2236=DIRECTION('ref_axis',(-1.,0.,0.));
#2237=DIRECTION('center_axis',(0.,0.,-1.));
#2238=DIRECTION('ref_axis',(-1.,0.,0.));
#2239=DIRECTION('',(1.,0.,0.));
#2240=DIRECTION('center_axis',(0.,1.,0.));
#2241=DIRECTION('ref_axis',(0.,0.,1.));
#2242=DIRECTION('',(-1.,0.,0.));
#2243=DIRECTION('center_axis',(0.,0.,-1.));
#2244=DIRECTION('ref_axis',(-1.,0.,0.));
#2245=DIRECTION('center_axis',(0.,0.,-1.));
#2246=DIRECTION('ref_axis',(-1.,0.,0.));
#2247=DIRECTION('',(1.,0.,0.));
#2248=DIRECTION('center_axis',(0.,1.,0.));
#2249=DIRECTION('ref_axis',(0.,0.,1.));
#2250=DIRECTION('',(-1.,0.,0.));
#2251=DIRECTION('center_axis',(0.,0.,-1.));
#2252=DIRECTION('ref_axis',(-1.,0.,0.));
#2253=DIRECTION('center_axis',(0.,0.,-1.));
#2254=DIRECTION('ref_axis',(-1.,0.,0.));
#2255=DIRECTION('',(1.,0.,0.));
#2256=DIRECTION('center_axis',(0.,1.,0.));
#2257=DIRECTION('ref_axis',(0.,0.,1.));
#2258=DIRECTION('',(-1.,0.,0.));
#2259=DIRECTION('center_axis',(0.,0.,-1.));
#2260=DIRECTION('ref_axis',(-1.,0.,0.));
#2261=DIRECTION('center_axis',(0.,0.,-1.));
#2262=DIRECTION('ref_axis',(-1.,0.,0.));
#2263=DIRECTION('',(1.,0.,0.));
#2264=DIRECTION('center_axis',(0.,1.,0.));
#2265=DIRECTION('ref_axis',(0.,0.,1.));
#2266=DIRECTION('',(-1.,0.,0.));
#2267=DIRECTION('center_axis',(0.,0.,-1.));
#2268=DIRECTION('ref_axis',(-1.,0.,0.));
#2269=DIRECTION('center_axis',(0.,0.,-1.));
#2270=DIRECTION('ref_axis',(-1.,0.,0.));
#2271=DIRECTION('',(1.,0.,0.));
#2272=DIRECTION('center_axis',(0.,1.,0.));
#2273=DIRECTION('ref_axis',(0.,0.,1.));
#2274=DIRECTION('',(-1.,0.,0.));
#2275=DIRECTION('center_axis',(0.,0.,-1.));
#2276=DIRECTION('ref_axis',(-1.,0.,0.));
#2277=CARTESIAN_POINT('',(0.,0.,0.));
#2278=CARTESIAN_POINT('Origin',(7.92,6.91,0.15));
#2279=CARTESIAN_POINT('',(1.03,6.91,0.15));
#2280=CARTESIAN_POINT('',(1.03,6.91,0.14));
#2281=CARTESIAN_POINT('',(1.03,6.91,-0.05));
#2282=CARTESIAN_POINT('',(1.43,6.91,0.14));
#2283=CARTESIAN_POINT('',(1.43,6.91,0.14));
#2284=CARTESIAN_POINT('',(1.43,6.91,0.15));
#2285=CARTESIAN_POINT('',(1.43,6.91,-0.05));
#2286=CARTESIAN_POINT('',(1.82,6.91,0.15));
#2287=CARTESIAN_POINT('',(7.92,6.91,0.15));
#2288=CARTESIAN_POINT('',(1.82,6.91,0.14));
#2289=CARTESIAN_POINT('',(1.82,6.91,-0.05));
#2290=CARTESIAN_POINT('',(2.22,6.91,0.14));
#2291=CARTESIAN_POINT('',(2.22,6.91,0.14));
#2292=CARTESIAN_POINT('',(2.22,6.91,0.15));
#2293=CARTESIAN_POINT('',(2.22,6.91,-0.05));
#2294=CARTESIAN_POINT('',(2.62,6.91,0.15));
#2295=CARTESIAN_POINT('',(7.92,6.91,0.15));
#2296=CARTESIAN_POINT('',(2.62,6.91,0.14));
#2297=CARTESIAN_POINT('',(2.62,6.91,-0.05));
#2298=CARTESIAN_POINT('',(2.82,6.91,0.14));
#2299=CARTESIAN_POINT('',(2.82,6.91,0.14));
#2300=CARTESIAN_POINT('',(2.82,6.91,0.15));
#2301=CARTESIAN_POINT('',(2.82,6.91,-0.05));
#2302=CARTESIAN_POINT('',(3.12,6.91,0.15));
#2303=CARTESIAN_POINT('',(7.92,6.91,0.15));
#2304=CARTESIAN_POINT('',(3.12,6.91,0.14));
#2305=CARTESIAN_POINT('',(3.12,6.91,-0.05));
#2306=CARTESIAN_POINT('',(3.32,6.91,0.14));
#2307=CARTESIAN_POINT('',(3.32,6.91,0.14));
#2308=CARTESIAN_POINT('',(3.32,6.91,0.15));
#2309=CARTESIAN_POINT('',(3.32,6.91,-0.05));
#2310=CARTESIAN_POINT('',(3.62,6.91,0.15));
#2311=CARTESIAN_POINT('',(7.92,6.91,0.15));
#2312=CARTESIAN_POINT('',(3.62,6.91,0.14));
#2313=CARTESIAN_POINT('',(3.62,6.91,-0.05));
#2314=CARTESIAN_POINT('',(3.82,6.91,0.14));
#2315=CARTESIAN_POINT('',(3.82,6.91,0.14));
#2316=CARTESIAN_POINT('',(3.82,6.91,0.15));
#2317=CARTESIAN_POINT('',(3.82,6.91,-0.05));
#2318=CARTESIAN_POINT('',(4.12,6.91,0.15));
#2319=CARTESIAN_POINT('',(7.92,6.91,0.15));
#2320=CARTESIAN_POINT('',(4.12,6.91,0.14));
#2321=CARTESIAN_POINT('',(4.12,6.91,-0.05));
#2322=CARTESIAN_POINT('',(4.32,6.91,0.14));
#2323=CARTESIAN_POINT('',(4.32,6.91,0.14));
#2324=CARTESIAN_POINT('',(4.32,6.91,0.15));
#2325=CARTESIAN_POINT('',(4.32,6.91,-0.05));
#2326=CARTESIAN_POINT('',(4.62,6.91,0.15));
#2327=CARTESIAN_POINT('',(7.92,6.91,0.15));
#2328=CARTESIAN_POINT('',(4.62,6.91,0.14));
#2329=CARTESIAN_POINT('',(4.62,6.91,-0.05));
#2330=CARTESIAN_POINT('',(4.82,6.91,0.14));
#2331=CARTESIAN_POINT('',(4.82,6.91,0.14));
#2332=CARTESIAN_POINT('',(4.82,6.91,0.15));
#2333=CARTESIAN_POINT('',(4.82,6.91,-0.05));
#2334=CARTESIAN_POINT('',(5.12,6.91,0.15));
#2335=CARTESIAN_POINT('',(7.92,6.91,0.15));
#2336=CARTESIAN_POINT('',(5.12,6.91,0.14));
#2337=CARTESIAN_POINT('',(5.12,6.91,-0.05));
#2338=CARTESIAN_POINT('',(5.32,6.91,0.14));
#2339=CARTESIAN_POINT('',(5.32,6.91,0.14));
#2340=CARTESIAN_POINT('',(5.32,6.91,0.15));
#2341=CARTESIAN_POINT('',(5.32,6.91,-0.05));
#2342=CARTESIAN_POINT('',(5.62,6.91,0.15));
#2343=CARTESIAN_POINT('',(7.92,6.91,0.15));
#2344=CARTESIAN_POINT('',(5.62,6.91,0.14));
#2345=CARTESIAN_POINT('',(5.62,6.91,-0.05));
#2346=CARTESIAN_POINT('',(5.82,6.91,0.14));
#2347=CARTESIAN_POINT('',(5.82,6.91,0.14));
#2348=CARTESIAN_POINT('',(5.82,6.91,0.15));
#2349=CARTESIAN_POINT('',(5.82,6.91,-0.05));
#2350=CARTESIAN_POINT('',(6.12,6.91,0.15));
#2351=CARTESIAN_POINT('',(7.92,6.91,0.15));
#2352=CARTESIAN_POINT('',(6.12,6.91,0.14));
#2353=CARTESIAN_POINT('',(6.12,6.91,-0.05));
#2354=CARTESIAN_POINT('',(6.32,6.91,0.14));
#2355=CARTESIAN_POINT('',(6.32,6.91,0.14));
#2356=CARTESIAN_POINT('',(6.32,6.91,0.15));
#2357=CARTESIAN_POINT('',(6.32,6.91,-0.05));
#2358=CARTESIAN_POINT('',(6.72,6.91,0.15));
#2359=CARTESIAN_POINT('',(7.92,6.91,0.15));
#2360=CARTESIAN_POINT('',(6.72,6.91,0.14));
#2361=CARTESIAN_POINT('',(6.72,6.91,-0.05));
#2362=CARTESIAN_POINT('',(7.12,6.91,0.14));
#2363=CARTESIAN_POINT('',(7.12,6.91,0.14));
#2364=CARTESIAN_POINT('',(7.12,6.91,0.15));
#2365=CARTESIAN_POINT('',(7.12,6.91,-0.05));
#2366=CARTESIAN_POINT('',(7.51,6.91,0.15));
#2367=CARTESIAN_POINT('',(7.92,6.91,0.15));
#2368=CARTESIAN_POINT('',(7.51,6.91,0.14));
#2369=CARTESIAN_POINT('',(7.51,6.91,-0.05));
#2370=CARTESIAN_POINT('',(7.91,6.91,0.14));
#2371=CARTESIAN_POINT('',(7.91,6.91,0.14));
#2372=CARTESIAN_POINT('',(7.91,6.91,0.15));
#2373=CARTESIAN_POINT('',(7.91,6.91,-0.05));
#2374=CARTESIAN_POINT('',(7.92,6.91,0.15));
#2375=CARTESIAN_POINT('',(7.92,6.91,0.15));
#2376=CARTESIAN_POINT('',(7.92,6.91,0.25));
#2377=CARTESIAN_POINT('',(7.92,6.91,0.15));
#2378=CARTESIAN_POINT('',(1.02,6.91,0.25));
#2379=CARTESIAN_POINT('',(7.92,6.91,0.25));
#2380=CARTESIAN_POINT('',(1.02,6.91,0.15));
#2381=CARTESIAN_POINT('',(1.02,6.91,0.15));
#2382=CARTESIAN_POINT('',(7.92,6.91,0.15));
#2383=CARTESIAN_POINT('Origin',(4.47,6.96,0.15));
#2384=CARTESIAN_POINT('',(7.92,7.01,0.15));
#2385=CARTESIAN_POINT('',(7.92,6.96,0.15));
#2386=CARTESIAN_POINT('',(7.91,7.01,0.15));
#2387=CARTESIAN_POINT('',(7.91,6.96,0.15));
#2388=CARTESIAN_POINT('',(1.02,7.01,0.15));
#2389=CARTESIAN_POINT('Origin',(4.47,6.96,0.15));
#2390=CARTESIAN_POINT('',(7.51,7.01,0.15));
#2391=CARTESIAN_POINT('',(7.51,6.96,0.15));
#2392=CARTESIAN_POINT('',(7.12,7.01,0.15));
#2393=CARTESIAN_POINT('',(7.12,6.96,0.15));
#2394=CARTESIAN_POINT('',(1.02,7.01,0.15));
#2395=CARTESIAN_POINT('Origin',(4.47,6.96,0.15));
#2396=CARTESIAN_POINT('',(6.72,7.01,0.15));
#2397=CARTESIAN_POINT('',(6.72,6.96,0.15));
#2398=CARTESIAN_POINT('',(6.32,7.01,0.15));
#2399=CARTESIAN_POINT('',(6.32,6.96,0.15));
#2400=CARTESIAN_POINT('',(1.02,7.01,0.15));
#2401=CARTESIAN_POINT('Origin',(4.47,6.96,0.15));
#2402=CARTESIAN_POINT('',(6.12,7.01,0.15));
#2403=CARTESIAN_POINT('',(6.12,6.96,0.15));
#2404=CARTESIAN_POINT('',(5.82,7.01,0.15));
#2405=CARTESIAN_POINT('',(5.82,6.96,0.15));
#2406=CARTESIAN_POINT('',(1.02,7.01,0.15));
#2407=CARTESIAN_POINT('Origin',(4.47,6.96,0.15));
#2408=CARTESIAN_POINT('',(5.62,7.01,0.15));
#2409=CARTESIAN_POINT('',(5.62,6.96,0.15));
#2410=CARTESIAN_POINT('',(5.32,7.01,0.15));
#2411=CARTESIAN_POINT('',(5.32,6.96,0.15));
#2412=CARTESIAN_POINT('',(1.02,7.01,0.15));
#2413=CARTESIAN_POINT('Origin',(4.47,6.96,0.15));
#2414=CARTESIAN_POINT('',(5.12,7.01,0.15));
#2415=CARTESIAN_POINT('',(5.12,6.96,0.15));
#2416=CARTESIAN_POINT('',(4.82,7.01,0.15));
#2417=CARTESIAN_POINT('',(4.82,6.96,0.15));
#2418=CARTESIAN_POINT('',(1.02,7.01,0.15));
#2419=CARTESIAN_POINT('Origin',(4.47,6.96,0.15));
#2420=CARTESIAN_POINT('',(4.62,7.01,0.15));
#2421=CARTESIAN_POINT('',(4.62,6.96,0.15));
#2422=CARTESIAN_POINT('',(4.32,7.01,0.15));
#2423=CARTESIAN_POINT('',(4.32,6.96,0.15));
#2424=CARTESIAN_POINT('',(1.02,7.01,0.15));
#2425=CARTESIAN_POINT('Origin',(4.47,6.96,0.15));
#2426=CARTESIAN_POINT('',(4.12,7.01,0.15));
#2427=CARTESIAN_POINT('',(4.12,6.96,0.15));
#2428=CARTESIAN_POINT('',(3.82,7.01,0.15));
#2429=CARTESIAN_POINT('',(3.82,6.96,0.15));
#2430=CARTESIAN_POINT('',(1.02,7.01,0.15));
#2431=CARTESIAN_POINT('Origin',(4.47,6.96,0.15));
#2432=CARTESIAN_POINT('',(3.62,7.01,0.15));
#2433=CARTESIAN_POINT('',(3.62,6.96,0.15));
#2434=CARTESIAN_POINT('',(3.32,7.01,0.15));
#2435=CARTESIAN_POINT('',(3.32,6.96,0.15));
#2436=CARTESIAN_POINT('',(1.02,7.01,0.15));
#2437=CARTESIAN_POINT('Origin',(4.47,6.96,0.15));
#2438=CARTESIAN_POINT('',(3.12,7.01,0.15));
#2439=CARTESIAN_POINT('',(3.12,6.96,0.15));
#2440=CARTESIAN_POINT('',(2.82,7.01,0.15));
#2441=CARTESIAN_POINT('',(2.82,6.96,0.15));
#2442=CARTESIAN_POINT('',(1.02,7.01,0.15));
#2443=CARTESIAN_POINT('Origin',(4.47,6.96,0.15));
#2444=CARTESIAN_POINT('',(2.62,7.01,0.15));
#2445=CARTESIAN_POINT('',(2.62,6.96,0.15));
#2446=CARTESIAN_POINT('',(2.22,7.01,0.15));
#2447=CARTESIAN_POINT('',(2.22,6.96,0.15));
#2448=CARTESIAN_POINT('',(1.02,7.01,0.15));
#2449=CARTESIAN_POINT('Origin',(4.47,6.96,0.15));
#2450=CARTESIAN_POINT('',(1.82,7.01,0.15));
#2451=CARTESIAN_POINT('',(1.82,6.96,0.15));
#2452=CARTESIAN_POINT('',(1.43,7.01,0.15));
#2453=CARTESIAN_POINT('',(1.43,6.96,0.15));
#2454=CARTESIAN_POINT('',(1.02,7.01,0.15));
#2455=CARTESIAN_POINT('Origin',(4.47,6.96,0.15));
#2456=CARTESIAN_POINT('',(1.03,7.01,0.15));
#2457=CARTESIAN_POINT('',(1.02,7.01,0.15));
#2458=CARTESIAN_POINT('',(1.02,7.01,0.15));
#2459=CARTESIAN_POINT('',(1.03,6.96,0.15));
#2460=CARTESIAN_POINT('',(1.02,6.96,0.15));
#2461=CARTESIAN_POINT('Origin',(1.02,6.91,0.15));
#2462=CARTESIAN_POINT('',(1.02,7.01,0.25));
#2463=CARTESIAN_POINT('',(1.02,7.01,0.15));
#2464=CARTESIAN_POINT('',(1.02,6.91,0.25));
#2465=CARTESIAN_POINT('Origin',(4.47,6.96,0.25));
#2466=CARTESIAN_POINT('',(7.92,7.01,0.25));
#2467=CARTESIAN_POINT('',(7.92,6.96,0.25));
#2468=CARTESIAN_POINT('',(4.47,7.01,0.25));
#2469=CARTESIAN_POINT('Origin',(7.92,7.01,0.15));
#2470=CARTESIAN_POINT('',(7.92,7.01,0.15));
#2471=CARTESIAN_POINT('Origin',(7.91,7.9,-0.05));
#2472=CARTESIAN_POINT('',(7.91,7.9,0.15));
#2473=CARTESIAN_POINT('',(7.91,7.9,0.15));
#2474=CARTESIAN_POINT('',(7.91,7.1,-0.05));
#2475=CARTESIAN_POINT('Origin',(7.91,7.1,0.14));
#2476=CARTESIAN_POINT('',(7.91,7.9,-0.05));
#2477=CARTESIAN_POINT('',(7.91,7.9,-0.05));
#2478=CARTESIAN_POINT('',(7.91,7.9,-0.05));
#2479=CARTESIAN_POINT('Origin',(7.91,7.1,0.14));
#2480=CARTESIAN_POINT('',(7.51,7.1,-0.05));
#2481=CARTESIAN_POINT('',(7.91,7.1,-0.05));
#2482=CARTESIAN_POINT('Origin',(7.51,7.1,0.14));
#2483=CARTESIAN_POINT('Origin',(7.51,6.91,-0.05));
#2484=CARTESIAN_POINT('',(7.51,7.9,-0.05));
#2485=CARTESIAN_POINT('',(7.51,6.91,-0.05));
#2486=CARTESIAN_POINT('',(7.51,7.9,0.15));
#2487=CARTESIAN_POINT('',(7.51,6.91,0.15));
#2488=CARTESIAN_POINT('',(7.51,7.9,-0.05));
#2489=CARTESIAN_POINT('Origin',(7.12,7.9,-0.05));
#2490=CARTESIAN_POINT('',(7.12,7.9,0.15));
#2491=CARTESIAN_POINT('',(7.12,7.9,0.15));
#2492=CARTESIAN_POINT('',(7.12,7.1,-0.05));
#2493=CARTESIAN_POINT('Origin',(7.12,7.1,0.14));
#2494=CARTESIAN_POINT('',(7.12,7.9,-0.05));
#2495=CARTESIAN_POINT('',(7.12,7.9,-0.05));
#2496=CARTESIAN_POINT('',(7.12,7.9,-0.05));
#2497=CARTESIAN_POINT('Origin',(7.12,7.1,0.14));
#2498=CARTESIAN_POINT('',(6.72,7.1,-0.05));
#2499=CARTESIAN_POINT('',(7.12,7.1,-0.05));
#2500=CARTESIAN_POINT('Origin',(6.72,7.1,0.14));
#2501=CARTESIAN_POINT('Origin',(6.72,6.91,-0.05));
#2502=CARTESIAN_POINT('',(6.72,7.9,-0.05));
#2503=CARTESIAN_POINT('',(6.72,6.91,-0.05));
#2504=CARTESIAN_POINT('',(6.72,7.9,0.15));
#2505=CARTESIAN_POINT('',(6.72,6.91,0.15));
#2506=CARTESIAN_POINT('',(6.72,7.9,-0.05));
#2507=CARTESIAN_POINT('Origin',(6.32,7.9,-0.05));
#2508=CARTESIAN_POINT('',(6.32,7.9,0.15));
#2509=CARTESIAN_POINT('',(6.32,7.9,0.15));
#2510=CARTESIAN_POINT('',(6.32,7.1,-0.05));
#2511=CARTESIAN_POINT('Origin',(6.32,7.1,0.14));
#2512=CARTESIAN_POINT('',(6.32,7.9,-0.05));
#2513=CARTESIAN_POINT('',(6.32,7.9,-0.05));
#2514=CARTESIAN_POINT('',(6.32,7.9,-0.05));
#2515=CARTESIAN_POINT('Origin',(6.32,7.1,0.14));
#2516=CARTESIAN_POINT('',(6.12,7.1,-0.05));
#2517=CARTESIAN_POINT('',(6.32,7.1,-0.05));
#2518=CARTESIAN_POINT('Origin',(6.12,7.1,0.14));
#2519=CARTESIAN_POINT('Origin',(6.12,6.91,-0.05));
#2520=CARTESIAN_POINT('',(6.12,7.9,-0.05));
#2521=CARTESIAN_POINT('',(6.12,6.91,-0.05));
#2522=CARTESIAN_POINT('',(6.12,7.9,0.15));
#2523=CARTESIAN_POINT('',(6.12,6.91,0.15));
#2524=CARTESIAN_POINT('',(6.12,7.9,-0.05));
#2525=CARTESIAN_POINT('Origin',(5.82,7.9,-0.05));
#2526=CARTESIAN_POINT('',(5.82,7.9,0.15));
#2527=CARTESIAN_POINT('',(5.82,7.9,0.15));
#2528=CARTESIAN_POINT('',(5.82,7.1,-0.05));
#2529=CARTESIAN_POINT('Origin',(5.82,7.1,0.14));
#2530=CARTESIAN_POINT('',(5.82,7.9,-0.05));
#2531=CARTESIAN_POINT('',(5.82,7.9,-0.05));
#2532=CARTESIAN_POINT('',(5.82,7.9,-0.05));
#2533=CARTESIAN_POINT('Origin',(5.82,7.1,0.14));
#2534=CARTESIAN_POINT('',(5.62,7.1,-0.05));
#2535=CARTESIAN_POINT('',(5.82,7.1,-0.05));
#2536=CARTESIAN_POINT('Origin',(5.62,7.1,0.14));
#2537=CARTESIAN_POINT('Origin',(5.62,6.91,-0.05));
#2538=CARTESIAN_POINT('',(5.62,7.9,-0.05));
#2539=CARTESIAN_POINT('',(5.62,6.91,-0.05));
#2540=CARTESIAN_POINT('',(5.62,7.9,0.15));
#2541=CARTESIAN_POINT('',(5.62,6.91,0.15));
#2542=CARTESIAN_POINT('',(5.62,7.9,-0.05));
#2543=CARTESIAN_POINT('Origin',(5.32,7.9,-0.05));
#2544=CARTESIAN_POINT('',(5.32,7.9,0.15));
#2545=CARTESIAN_POINT('',(5.32,7.9,0.15));
#2546=CARTESIAN_POINT('',(5.32,7.1,-0.05));
#2547=CARTESIAN_POINT('Origin',(5.32,7.1,0.14));
#2548=CARTESIAN_POINT('',(5.32,7.9,-0.05));
#2549=CARTESIAN_POINT('',(5.32,7.9,-0.05));
#2550=CARTESIAN_POINT('',(5.32,7.9,-0.05));
#2551=CARTESIAN_POINT('Origin',(5.32,7.1,0.14));
#2552=CARTESIAN_POINT('',(5.12,7.1,-0.05));
#2553=CARTESIAN_POINT('',(5.32,7.1,-0.05));
#2554=CARTESIAN_POINT('Origin',(5.12,7.1,0.14));
#2555=CARTESIAN_POINT('Origin',(5.12,6.91,-0.05));
#2556=CARTESIAN_POINT('',(5.12,7.9,-0.05));
#2557=CARTESIAN_POINT('',(5.12,6.91,-0.05));
#2558=CARTESIAN_POINT('',(5.12,7.9,0.15));
#2559=CARTESIAN_POINT('',(5.12,6.91,0.15));
#2560=CARTESIAN_POINT('',(5.12,7.9,-0.05));
#2561=CARTESIAN_POINT('Origin',(4.82,7.9,-0.05));
#2562=CARTESIAN_POINT('',(4.82,7.9,0.15));
#2563=CARTESIAN_POINT('',(4.82,7.9,0.15));
#2564=CARTESIAN_POINT('',(4.82,7.1,-0.05));
#2565=CARTESIAN_POINT('Origin',(4.82,7.1,0.14));
#2566=CARTESIAN_POINT('',(4.82,7.9,-0.05));
#2567=CARTESIAN_POINT('',(4.82,7.9,-0.05));
#2568=CARTESIAN_POINT('',(4.82,7.9,-0.05));
#2569=CARTESIAN_POINT('Origin',(4.82,7.1,0.14));
#2570=CARTESIAN_POINT('',(4.62,7.1,-0.05));
#2571=CARTESIAN_POINT('',(4.82,7.1,-0.05));
#2572=CARTESIAN_POINT('Origin',(4.62,7.1,0.14));
#2573=CARTESIAN_POINT('Origin',(4.62,6.91,-0.05));
#2574=CARTESIAN_POINT('',(4.62,7.9,-0.05));
#2575=CARTESIAN_POINT('',(4.62,6.91,-0.05));
#2576=CARTESIAN_POINT('',(4.62,7.9,0.15));
#2577=CARTESIAN_POINT('',(4.62,6.91,0.15));
#2578=CARTESIAN_POINT('',(4.62,7.9,-0.05));
#2579=CARTESIAN_POINT('Origin',(4.32,7.9,-0.05));
#2580=CARTESIAN_POINT('',(4.32,7.9,0.15));
#2581=CARTESIAN_POINT('',(4.32,7.9,0.15));
#2582=CARTESIAN_POINT('',(4.32,7.1,-0.05));
#2583=CARTESIAN_POINT('Origin',(4.32,7.1,0.14));
#2584=CARTESIAN_POINT('',(4.32,7.9,-0.05));
#2585=CARTESIAN_POINT('',(4.32,7.9,-0.05));
#2586=CARTESIAN_POINT('',(4.32,7.9,-0.05));
#2587=CARTESIAN_POINT('Origin',(4.32,7.1,0.14));
#2588=CARTESIAN_POINT('',(4.12,7.1,-0.05));
#2589=CARTESIAN_POINT('',(4.32,7.1,-0.05));
#2590=CARTESIAN_POINT('Origin',(4.12,7.1,0.14));
#2591=CARTESIAN_POINT('Origin',(4.12,6.91,-0.05));
#2592=CARTESIAN_POINT('',(4.12,7.9,-0.05));
#2593=CARTESIAN_POINT('',(4.12,6.91,-0.05));
#2594=CARTESIAN_POINT('',(4.12,7.9,0.15));
#2595=CARTESIAN_POINT('',(4.12,6.91,0.15));
#2596=CARTESIAN_POINT('',(4.12,7.9,-0.05));
#2597=CARTESIAN_POINT('Origin',(3.82,7.9,-0.05));
#2598=CARTESIAN_POINT('',(3.82,7.9,0.15));
#2599=CARTESIAN_POINT('',(3.82,7.9,0.15));
#2600=CARTESIAN_POINT('',(3.82,7.1,-0.05));
#2601=CARTESIAN_POINT('Origin',(3.82,7.1,0.14));
#2602=CARTESIAN_POINT('',(3.82,7.9,-0.05));
#2603=CARTESIAN_POINT('',(3.82,7.9,-0.05));
#2604=CARTESIAN_POINT('',(3.82,7.9,-0.05));
#2605=CARTESIAN_POINT('Origin',(3.82,7.1,0.14));
#2606=CARTESIAN_POINT('',(3.62,7.1,-0.05));
#2607=CARTESIAN_POINT('',(3.82,7.1,-0.05));
#2608=CARTESIAN_POINT('Origin',(3.62,7.1,0.14));
#2609=CARTESIAN_POINT('Origin',(3.62,6.91,-0.05));
#2610=CARTESIAN_POINT('',(3.62,7.9,-0.05));
#2611=CARTESIAN_POINT('',(3.62,6.91,-0.05));
#2612=CARTESIAN_POINT('',(3.62,7.9,0.15));
#2613=CARTESIAN_POINT('',(3.62,6.91,0.15));
#2614=CARTESIAN_POINT('',(3.62,7.9,-0.05));
#2615=CARTESIAN_POINT('Origin',(3.32,7.9,-0.05));
#2616=CARTESIAN_POINT('',(3.32,7.9,0.15));
#2617=CARTESIAN_POINT('',(3.32,7.9,0.15));
#2618=CARTESIAN_POINT('',(3.32,7.1,-0.05));
#2619=CARTESIAN_POINT('Origin',(3.32,7.1,0.14));
#2620=CARTESIAN_POINT('',(3.32,7.9,-0.05));
#2621=CARTESIAN_POINT('',(3.32,7.9,-0.05));
#2622=CARTESIAN_POINT('',(3.32,7.9,-0.05));
#2623=CARTESIAN_POINT('Origin',(3.32,7.1,0.14));
#2624=CARTESIAN_POINT('',(3.12,7.1,-0.05));
#2625=CARTESIAN_POINT('',(3.32,7.1,-0.05));
#2626=CARTESIAN_POINT('Origin',(3.12,7.1,0.14));
#2627=CARTESIAN_POINT('Origin',(3.12,6.91,-0.05));
#2628=CARTESIAN_POINT('',(3.12,7.9,-0.05));
#2629=CARTESIAN_POINT('',(3.12,6.91,-0.05));
#2630=CARTESIAN_POINT('',(3.12,7.9,0.15));
#2631=CARTESIAN_POINT('',(3.12,6.91,0.15));
#2632=CARTESIAN_POINT('',(3.12,7.9,-0.05));
#2633=CARTESIAN_POINT('Origin',(2.82,7.9,-0.05));
#2634=CARTESIAN_POINT('',(2.82,7.9,0.15));
#2635=CARTESIAN_POINT('',(2.82,7.9,0.15));
#2636=CARTESIAN_POINT('',(2.82,7.1,-0.05));
#2637=CARTESIAN_POINT('Origin',(2.82,7.1,0.14));
#2638=CARTESIAN_POINT('',(2.82,7.9,-0.05));
#2639=CARTESIAN_POINT('',(2.82,7.9,-0.05));
#2640=CARTESIAN_POINT('',(2.82,7.9,-0.05));
#2641=CARTESIAN_POINT('Origin',(2.82,7.1,0.14));
#2642=CARTESIAN_POINT('',(2.62,7.1,-0.05));
#2643=CARTESIAN_POINT('',(2.82,7.1,-0.05));
#2644=CARTESIAN_POINT('Origin',(2.62,7.1,0.14));
#2645=CARTESIAN_POINT('Origin',(2.62,6.91,-0.05));
#2646=CARTESIAN_POINT('',(2.62,7.9,-0.05));
#2647=CARTESIAN_POINT('',(2.62,6.91,-0.05));
#2648=CARTESIAN_POINT('',(2.62,7.9,0.15));
#2649=CARTESIAN_POINT('',(2.62,6.91,0.15));
#2650=CARTESIAN_POINT('',(2.62,7.9,-0.05));
#2651=CARTESIAN_POINT('Origin',(2.22,7.9,-0.05));
#2652=CARTESIAN_POINT('',(2.22,7.9,0.15));
#2653=CARTESIAN_POINT('',(2.22,7.9,0.15));
#2654=CARTESIAN_POINT('',(2.22,7.1,-0.05));
#2655=CARTESIAN_POINT('Origin',(2.22,7.1,0.14));
#2656=CARTESIAN_POINT('',(2.22,7.9,-0.05));
#2657=CARTESIAN_POINT('',(2.22,7.9,-0.05));
#2658=CARTESIAN_POINT('',(2.22,7.9,-0.05));
#2659=CARTESIAN_POINT('Origin',(2.22,7.1,0.14));
#2660=CARTESIAN_POINT('',(1.82,7.1,-0.05));
#2661=CARTESIAN_POINT('',(2.22,7.1,-0.05));
#2662=CARTESIAN_POINT('Origin',(1.82,7.1,0.14));
#2663=CARTESIAN_POINT('Origin',(1.82,6.91,-0.05));
#2664=CARTESIAN_POINT('',(1.82,7.9,-0.05));
#2665=CARTESIAN_POINT('',(1.82,6.91,-0.05));
#2666=CARTESIAN_POINT('',(1.82,7.9,0.15));
#2667=CARTESIAN_POINT('',(1.82,6.91,0.15));
#2668=CARTESIAN_POINT('',(1.82,7.9,-0.05));
#2669=CARTESIAN_POINT('Origin',(1.43,7.9,-0.05));
#2670=CARTESIAN_POINT('',(1.43,7.9,0.15));
#2671=CARTESIAN_POINT('',(1.43,7.9,0.15));
#2672=CARTESIAN_POINT('',(1.43,7.1,-0.05));
#2673=CARTESIAN_POINT('Origin',(1.43,7.1,0.14));
#2674=CARTESIAN_POINT('',(1.43,7.9,-0.05));
#2675=CARTESIAN_POINT('',(1.43,7.9,-0.05));
#2676=CARTESIAN_POINT('',(1.43,7.9,-0.05));
#2677=CARTESIAN_POINT('Origin',(1.43,7.1,0.14));
#2678=CARTESIAN_POINT('',(1.03,7.1,-0.05));
#2679=CARTESIAN_POINT('',(1.43,7.1,-0.05));
#2680=CARTESIAN_POINT('Origin',(1.03,7.1,0.14));
#2681=CARTESIAN_POINT('Origin',(1.03,6.91,-0.05));
#2682=CARTESIAN_POINT('',(1.03,7.9,-0.05));
#2683=CARTESIAN_POINT('',(1.03,6.91,-0.05));
#2684=CARTESIAN_POINT('',(1.03,7.9,0.15));
#2685=CARTESIAN_POINT('',(1.03,6.91,0.15));
#2686=CARTESIAN_POINT('',(1.03,7.9,-0.05));
#2687=CARTESIAN_POINT('Origin',(1.02,7.01,0.15));
#2688=CARTESIAN_POINT('',(1.02,7.01,0.15));
#2689=CARTESIAN_POINT('',(1.02,7.01,0.15));
#2690=CARTESIAN_POINT('',(1.02,7.01,0.15));
#2691=CARTESIAN_POINT('',(1.02,7.01,0.15));
#2692=CARTESIAN_POINT('',(1.02,7.01,0.15));
#2693=CARTESIAN_POINT('',(1.02,7.01,0.15));
#2694=CARTESIAN_POINT('',(1.02,7.01,0.15));
#2695=CARTESIAN_POINT('',(1.02,7.01,0.15));
#2696=CARTESIAN_POINT('',(1.02,7.01,0.15));
#2697=CARTESIAN_POINT('',(1.02,7.01,0.15));
#2698=CARTESIAN_POINT('',(1.02,7.01,0.15));
#2699=CARTESIAN_POINT('',(1.02,7.01,0.15));
#2700=CARTESIAN_POINT('Origin',(7.81,7.405,0.15));
#2701=CARTESIAN_POINT('',(7.81,7.9,0.15));
#2702=CARTESIAN_POINT('Origin',(7.71,7.9,-0.05));
#2703=CARTESIAN_POINT('',(7.71,7.9,-0.05));
#2704=CARTESIAN_POINT('Origin',(7.81,7.405,-0.05));
#2705=CARTESIAN_POINT('Origin',(7.02,7.405,0.15));
#2706=CARTESIAN_POINT('',(7.02,7.9,0.15));
#2707=CARTESIAN_POINT('Origin',(6.92,7.9,-0.05));
#2708=CARTESIAN_POINT('',(6.92,7.9,-0.05));
#2709=CARTESIAN_POINT('Origin',(7.02,7.405,-0.05));
#2710=CARTESIAN_POINT('Origin',(6.22,7.405,0.15));
#2711=CARTESIAN_POINT('',(6.22,7.9,0.15));
#2712=CARTESIAN_POINT('Origin',(6.12,7.9,-0.05));
#2713=CARTESIAN_POINT('',(6.12,7.9,-0.05));
#2714=CARTESIAN_POINT('Origin',(6.22,7.405,-0.05));
#2715=CARTESIAN_POINT('Origin',(5.72,7.405,0.15));
#2716=CARTESIAN_POINT('',(5.72,7.9,0.15));
#2717=CARTESIAN_POINT('Origin',(5.62,7.9,-0.05));
#2718=CARTESIAN_POINT('',(5.62,7.9,-0.05));
#2719=CARTESIAN_POINT('Origin',(5.72,7.405,-0.05));
#2720=CARTESIAN_POINT('Origin',(5.22,7.405,0.15));
#2721=CARTESIAN_POINT('',(5.22,7.9,0.15));
#2722=CARTESIAN_POINT('Origin',(5.12,7.9,-0.05));
#2723=CARTESIAN_POINT('',(5.12,7.9,-0.05));
#2724=CARTESIAN_POINT('Origin',(5.22,7.405,-0.05));
#2725=CARTESIAN_POINT('Origin',(4.72,7.405,0.15));
#2726=CARTESIAN_POINT('',(4.72,7.9,0.15));
#2727=CARTESIAN_POINT('Origin',(4.62,7.9,-0.05));
#2728=CARTESIAN_POINT('',(4.62,7.9,-0.05));
#2729=CARTESIAN_POINT('Origin',(4.72,7.405,-0.05));
#2730=CARTESIAN_POINT('Origin',(4.22,7.405,0.15));
#2731=CARTESIAN_POINT('',(4.22,7.9,0.15));
#2732=CARTESIAN_POINT('Origin',(4.12,7.9,-0.05));
#2733=CARTESIAN_POINT('',(4.12,7.9,-0.05));
#2734=CARTESIAN_POINT('Origin',(4.22,7.405,-0.05));
#2735=CARTESIAN_POINT('Origin',(3.72,7.405,0.15));
#2736=CARTESIAN_POINT('',(3.72,7.9,0.15));
#2737=CARTESIAN_POINT('Origin',(3.62,7.9,-0.05));
#2738=CARTESIAN_POINT('',(3.62,7.9,-0.05));
#2739=CARTESIAN_POINT('Origin',(3.72,7.405,-0.05));
#2740=CARTESIAN_POINT('Origin',(3.22,7.405,0.15));
#2741=CARTESIAN_POINT('',(3.22,7.9,0.15));
#2742=CARTESIAN_POINT('Origin',(3.12,7.9,-0.05));
#2743=CARTESIAN_POINT('',(3.12,7.9,-0.05));
#2744=CARTESIAN_POINT('Origin',(3.22,7.405,-0.05));
#2745=CARTESIAN_POINT('Origin',(2.72,7.405,0.15));
#2746=CARTESIAN_POINT('',(2.72,7.9,0.15));
#2747=CARTESIAN_POINT('Origin',(2.62,7.9,-0.05));
#2748=CARTESIAN_POINT('',(2.62,7.9,-0.05));
#2749=CARTESIAN_POINT('Origin',(2.72,7.405,-0.05));
#2750=CARTESIAN_POINT('Origin',(2.12,7.405,0.15));
#2751=CARTESIAN_POINT('',(2.12,7.9,0.15));
#2752=CARTESIAN_POINT('Origin',(2.02,7.9,-0.05));
#2753=CARTESIAN_POINT('',(2.02,7.9,-0.05));
#2754=CARTESIAN_POINT('Origin',(2.12,7.405,-0.05));
#2755=CARTESIAN_POINT('Origin',(1.33,7.405,0.15));
#2756=CARTESIAN_POINT('',(1.33,7.9,0.15));
#2757=CARTESIAN_POINT('Origin',(1.23,7.9,-0.05));
#2758=CARTESIAN_POINT('',(1.23,7.9,-0.05));
#2759=CARTESIAN_POINT('Origin',(1.33,7.405,-0.05));
#2760=UNCERTAINTY_MEASURE_WITH_UNIT(LENGTH_MEASURE(0.01),#2764,
'DISTANCE_ACCURACY_VALUE',
'Maximum model space distance between geometric entities at asserted c
onnectivities');
#2761=UNCERTAINTY_MEASURE_WITH_UNIT(LENGTH_MEASURE(0.01),#2764,
'DISTANCE_ACCURACY_VALUE',
'Maximum model space distance between geometric entities at asserted c
onnectivities');
#2762=(
GEOMETRIC_REPRESENTATION_CONTEXT(3)
GLOBAL_UNCERTAINTY_ASSIGNED_CONTEXT((#2760))
GLOBAL_UNIT_ASSIGNED_CONTEXT((#2764,#2766,#2767))
REPRESENTATION_CONTEXT('','3D')
);
#2763=(
GEOMETRIC_REPRESENTATION_CONTEXT(3)
GLOBAL_UNCERTAINTY_ASSIGNED_CONTEXT((#2761))
GLOBAL_UNIT_ASSIGNED_CONTEXT((#2764,#2766,#2767))
REPRESENTATION_CONTEXT('','3D')
);
#2764=(
LENGTH_UNIT()
NAMED_UNIT(*)
SI_UNIT(.MILLI.,.METRE.)
);
#2765=(
LENGTH_UNIT()
NAMED_UNIT(*)
SI_UNIT($,.METRE.)
);
#2766=(
NAMED_UNIT(*)
PLANE_ANGLE_UNIT()
SI_UNIT($,.RADIAN.)
);
#2767=(
NAMED_UNIT(*)
SI_UNIT($,.STERADIAN.)
SOLID_ANGLE_UNIT()
);
#2768=SHAPE_DEFINITION_REPRESENTATION(#2769,#2770);
#2769=PRODUCT_DEFINITION_SHAPE('',$,#2772);
#2770=SHAPE_REPRESENTATION('',(#1716),#2762);
#2771=PRODUCT_DEFINITION_CONTEXT('part definition',#2776,'design');
#2772=PRODUCT_DEFINITION('PcbPins','PcbPins',#2773,#2771);
#2773=PRODUCT_DEFINITION_FORMATION('',$,#2778);
#2774=PRODUCT_RELATED_PRODUCT_CATEGORY('PcbPins','PcbPins',(#2778));
#2775=APPLICATION_PROTOCOL_DEFINITION('international standard',
'automotive_design',2009,#2776);
#2776=APPLICATION_CONTEXT(
'Core Data for Automotive Mechanical Design Process');
#2777=PRODUCT_CONTEXT('part definition',#2776,'mechanical');
#2778=PRODUCT('PcbPins','PcbPins',$,(#2777));
#2779=PRESENTATION_STYLE_ASSIGNMENT((#2781));
#2780=PRESENTATION_STYLE_ASSIGNMENT((#2782));
#2781=SURFACE_STYLE_USAGE(.BOTH.,#2783);
#2782=SURFACE_STYLE_USAGE(.BOTH.,#2784);
#2783=SURFACE_SIDE_STYLE('',(#2785));
#2784=SURFACE_SIDE_STYLE('',(#2786));
#2785=SURFACE_STYLE_FILL_AREA(#2787);
#2786=SURFACE_STYLE_FILL_AREA(#2788);
#2787=FILL_AREA_STYLE('Acier - Satin\X\E9',(#2789));
#2788=FILL_AREA_STYLE('Opaque(208,194,125)',(#2790));
#2789=FILL_AREA_STYLE_COLOUR('Acier - Satin\X\E9',#2791);
#2790=FILL_AREA_STYLE_COLOUR('Opaque(208,194,125)',#2792);
#2791=COLOUR_RGB('Acier - Satin\X\E9',0.627450980392157,0.627450980392157,
0.627450980392157);
#2792=COLOUR_RGB('Opaque(208,194,125)',0.815686274509804,0.76078431372549,
0.490196078431373);
ENDSEC;
END-ISO-10303-21;
