ISO-10303-21;
HEADER;
/* Generated by software containing ST-Developer
 * from STEP Tools, Inc. (www.steptools.com) 
 */

FILE_DESCRIPTION(
/* description */ (''),
/* implementation_level */ '2;1');

FILE_NAME(
/* name */ 'SSOP-8_3.9x5.05mm_P1.27mm.step',
/* time_stamp */ '2026-02-08T19:08:51+01:00',
/* author */ (''),
/* organization */ (''),
/* preprocessor_version */ 'ST-DEVELOPER v20.1',
/* originating_system */ 'Autodesk Translation Framework v14.24.0.0',
/* authorisation */ '');

FILE_SCHEMA (('AUTOMOTIVE_DESIGN { 1 0 10303 214 3 1 1 }'));
ENDSEC;

DATA;
#10=MECHANICAL_DESIGN_GEOMETRIC_PRESENTATION_REPRESENTATION('',(#2400,#2401,
#2402,#2403,#2404,#2405,#2406,#2407,#2408,#2409,#2410,#2411,#2412,#2413,
#2414,#2415,#2416,#2417,#2418,#2419,#2420,#2421,#2422,#2423,#2424,#2425,
#2426,#2427,#2428,#2429,#2430,#2431,#2432,#2433,#2434,#2435,#2436,#2437),
#4215);
#11=SHAPE_REPRESENTATION_RELATIONSHIP('SRR','None',#4222,#12);
#12=ADVANCED_BREP_SHAPE_REPRESENTATION('',(#13),#4214);
#13=MANIFOLD_SOLID_BREP('Corps1',#2571);
#14=FACE_BOUND('',#284,.T.);
#15=FACE_BOUND('',#380,.T.);
#16=PLANE('',#2588);
#17=PLANE('',#2589);
#18=PLANE('',#2590);
#19=PLANE('',#2591);
#20=PLANE('',#2592);
#21=PLANE('',#2593);
#22=PLANE('',#2594);
#23=PLANE('',#2595);
#24=PLANE('',#2596);
#25=PLANE('',#2597);
#26=PLANE('',#2598);
#27=PLANE('',#2599);
#28=PLANE('',#2600);
#29=PLANE('',#2601);
#30=PLANE('',#2602);
#31=PLANE('',#2603);
#32=PLANE('',#2604);
#33=PLANE('',#2605);
#34=PLANE('',#2606);
#35=PLANE('',#2607);
#36=PLANE('',#2608);
#37=PLANE('',#2609);
#38=PLANE('',#2610);
#39=PLANE('',#2611);
#40=PLANE('',#2612);
#41=PLANE('',#2613);
#42=PLANE('',#2614);
#43=PLANE('',#2615);
#44=PLANE('',#2616);
#45=PLANE('',#2617);
#46=PLANE('',#2618);
#47=PLANE('',#2619);
#48=PLANE('',#2620);
#49=PLANE('',#2621);
#50=PLANE('',#2622);
#51=PLANE('',#2629);
#52=PLANE('',#2633);
#53=PLANE('',#2640);
#54=PLANE('',#2644);
#55=PLANE('',#2651);
#56=PLANE('',#2655);
#57=PLANE('',#2662);
#58=PLANE('',#2666);
#59=PLANE('',#2673);
#60=PLANE('',#2677);
#61=PLANE('',#2684);
#62=PLANE('',#2688);
#63=PLANE('',#2695);
#64=PLANE('',#2699);
#65=PLANE('',#2706);
#66=PLANE('',#2710);
#67=PLANE('',#2711);
#68=PLANE('',#2713);
#69=PLANE('',#2715);
#70=PLANE('',#2716);
#71=PLANE('',#2717);
#72=PLANE('',#2719);
#73=PLANE('',#2721);
#74=PLANE('',#2723);
#75=PLANE('',#2724);
#76=PLANE('',#2725);
#77=PLANE('',#2727);
#78=PLANE('',#2729);
#79=PLANE('',#2731);
#80=PLANE('',#2732);
#81=PLANE('',#2733);
#82=PLANE('',#2735);
#83=PLANE('',#2737);
#84=PLANE('',#2739);
#85=PLANE('',#2740);
#86=PLANE('',#2741);
#87=PLANE('',#2743);
#88=PLANE('',#2744);
#89=PLANE('',#2745);
#90=PLANE('',#2746);
#91=PLANE('',#2748);
#92=PLANE('',#2750);
#93=PLANE('',#2751);
#94=PLANE('',#2752);
#95=PLANE('',#2754);
#96=PLANE('',#2756);
#97=PLANE('',#2758);
#98=PLANE('',#2759);
#99=PLANE('',#2760);
#100=PLANE('',#2762);
#101=PLANE('',#2764);
#102=PLANE('',#2766);
#103=PLANE('',#2767);
#104=PLANE('',#2768);
#105=PLANE('',#2770);
#106=PLANE('',#2772);
#107=PLANE('',#2774);
#108=PLANE('',#2775);
#109=PLANE('',#2776);
#110=PLANE('',#2778);
#111=PLANE('',#2779);
#112=PLANE('',#2780);
#113=PLANE('',#2781);
#114=PLANE('',#2782);
#115=PLANE('',#2783);
#116=FACE_OUTER_BOUND('',#249,.T.);
#117=FACE_OUTER_BOUND('',#250,.T.);
#118=FACE_OUTER_BOUND('',#251,.T.);
#119=FACE_OUTER_BOUND('',#252,.T.);
#120=FACE_OUTER_BOUND('',#253,.T.);
#121=FACE_OUTER_BOUND('',#254,.T.);
#122=FACE_OUTER_BOUND('',#255,.T.);
#123=FACE_OUTER_BOUND('',#256,.T.);
#124=FACE_OUTER_BOUND('',#257,.T.);
#125=FACE_OUTER_BOUND('',#258,.T.);
#126=FACE_OUTER_BOUND('',#259,.T.);
#127=FACE_OUTER_BOUND('',#260,.T.);
#128=FACE_OUTER_BOUND('',#261,.T.);
#129=FACE_OUTER_BOUND('',#262,.T.);
#130=FACE_OUTER_BOUND('',#263,.T.);
#131=FACE_OUTER_BOUND('',#264,.T.);
#132=FACE_OUTER_BOUND('',#265,.T.);
#133=FACE_OUTER_BOUND('',#266,.T.);
#134=FACE_OUTER_BOUND('',#267,.T.);
#135=FACE_OUTER_BOUND('',#268,.T.);
#136=FACE_OUTER_BOUND('',#269,.T.);
#137=FACE_OUTER_BOUND('',#270,.T.);
#138=FACE_OUTER_BOUND('',#271,.T.);
#139=FACE_OUTER_BOUND('',#272,.T.);
#140=FACE_OUTER_BOUND('',#273,.T.);
#141=FACE_OUTER_BOUND('',#274,.T.);
#142=FACE_OUTER_BOUND('',#275,.T.);
#143=FACE_OUTER_BOUND('',#276,.T.);
#144=FACE_OUTER_BOUND('',#277,.T.);
#145=FACE_OUTER_BOUND('',#278,.T.);
#146=FACE_OUTER_BOUND('',#279,.T.);
#147=FACE_OUTER_BOUND('',#280,.T.);
#148=FACE_OUTER_BOUND('',#281,.T.);
#149=FACE_OUTER_BOUND('',#282,.T.);
#150=FACE_OUTER_BOUND('',#283,.T.);
#151=FACE_OUTER_BOUND('',#285,.T.);
#152=FACE_OUTER_BOUND('',#286,.T.);
#153=FACE_OUTER_BOUND('',#287,.T.);
#154=FACE_OUTER_BOUND('',#288,.T.);
#155=FACE_OUTER_BOUND('',#289,.T.);
#156=FACE_OUTER_BOUND('',#290,.T.);
#157=FACE_OUTER_BOUND('',#291,.T.);
#158=FACE_OUTER_BOUND('',#292,.T.);
#159=FACE_OUTER_BOUND('',#293,.T.);
#160=FACE_OUTER_BOUND('',#294,.T.);
#161=FACE_OUTER_BOUND('',#295,.T.);
#162=FACE_OUTER_BOUND('',#296,.T.);
#163=FACE_OUTER_BOUND('',#297,.T.);
#164=FACE_OUTER_BOUND('',#298,.T.);
#165=FACE_OUTER_BOUND('',#299,.T.);
#166=FACE_OUTER_BOUND('',#300,.T.);
#167=FACE_OUTER_BOUND('',#301,.T.);
#168=FACE_OUTER_BOUND('',#302,.T.);
#169=FACE_OUTER_BOUND('',#303,.T.);
#170=FACE_OUTER_BOUND('',#304,.T.);
#171=FACE_OUTER_BOUND('',#305,.T.);
#172=FACE_OUTER_BOUND('',#306,.T.);
#173=FACE_OUTER_BOUND('',#307,.T.);
#174=FACE_OUTER_BOUND('',#308,.T.);
#175=FACE_OUTER_BOUND('',#309,.T.);
#176=FACE_OUTER_BOUND('',#310,.T.);
#177=FACE_OUTER_BOUND('',#311,.T.);
#178=FACE_OUTER_BOUND('',#312,.T.);
#179=FACE_OUTER_BOUND('',#313,.T.);
#180=FACE_OUTER_BOUND('',#314,.T.);
#181=FACE_OUTER_BOUND('',#315,.T.);
#182=FACE_OUTER_BOUND('',#316,.T.);
#183=FACE_OUTER_BOUND('',#317,.T.);
#184=FACE_OUTER_BOUND('',#318,.T.);
#185=FACE_OUTER_BOUND('',#319,.T.);
#186=FACE_OUTER_BOUND('',#320,.T.);
#187=FACE_OUTER_BOUND('',#321,.T.);
#188=FACE_OUTER_BOUND('',#322,.T.);
#189=FACE_OUTER_BOUND('',#323,.T.);
#190=FACE_OUTER_BOUND('',#324,.T.);
#191=FACE_OUTER_BOUND('',#325,.T.);
#192=FACE_OUTER_BOUND('',#326,.T.);
#193=FACE_OUTER_BOUND('',#327,.T.);
#194=FACE_OUTER_BOUND('',#328,.T.);
#195=FACE_OUTER_BOUND('',#329,.T.);
#196=FACE_OUTER_BOUND('',#330,.T.);
#197=FACE_OUTER_BOUND('',#331,.T.);
#198=FACE_OUTER_BOUND('',#332,.T.);
#199=FACE_OUTER_BOUND('',#333,.T.);
#200=FACE_OUTER_BOUND('',#334,.T.);
#201=FACE_OUTER_BOUND('',#335,.T.);
#202=FACE_OUTER_BOUND('',#336,.T.);
#203=FACE_OUTER_BOUND('',#337,.T.);
#204=FACE_OUTER_BOUND('',#338,.T.);
#205=FACE_OUTER_BOUND('',#339,.T.);
#206=FACE_OUTER_BOUND('',#340,.T.);
#207=FACE_OUTER_BOUND('',#341,.T.);
#208=FACE_OUTER_BOUND('',#342,.T.);
#209=FACE_OUTER_BOUND('',#343,.T.);
#210=FACE_OUTER_BOUND('',#344,.T.);
#211=FACE_OUTER_BOUND('',#345,.T.);
#212=FACE_OUTER_BOUND('',#346,.T.);
#213=FACE_OUTER_BOUND('',#347,.T.);
#214=FACE_OUTER_BOUND('',#348,.T.);
#215=FACE_OUTER_BOUND('',#349,.T.);
#216=FACE_OUTER_BOUND('',#350,.T.);
#217=FACE_OUTER_BOUND('',#351,.T.);
#218=FACE_OUTER_BOUND('',#352,.T.);
#219=FACE_OUTER_BOUND('',#353,.T.);
#220=FACE_OUTER_BOUND('',#354,.T.);
#221=FACE_OUTER_BOUND('',#355,.T.);
#222=FACE_OUTER_BOUND('',#356,.T.);
#223=FACE_OUTER_BOUND('',#357,.T.);
#224=FACE_OUTER_BOUND('',#358,.T.);
#225=FACE_OUTER_BOUND('',#359,.T.);
#226=FACE_OUTER_BOUND('',#360,.T.);
#227=FACE_OUTER_BOUND('',#361,.T.);
#228=FACE_OUTER_BOUND('',#362,.T.);
#229=FACE_OUTER_BOUND('',#363,.T.);
#230=FACE_OUTER_BOUND('',#364,.T.);
#231=FACE_OUTER_BOUND('',#365,.T.);
#232=FACE_OUTER_BOUND('',#366,.T.);
#233=FACE_OUTER_BOUND('',#367,.T.);
#234=FACE_OUTER_BOUND('',#368,.T.);
#235=FACE_OUTER_BOUND('',#369,.T.);
#236=FACE_OUTER_BOUND('',#370,.T.);
#237=FACE_OUTER_BOUND('',#371,.T.);
#238=FACE_OUTER_BOUND('',#372,.T.);
#239=FACE_OUTER_BOUND('',#373,.T.);
#240=FACE_OUTER_BOUND('',#374,.T.);
#241=FACE_OUTER_BOUND('',#375,.T.);
#242=FACE_OUTER_BOUND('',#376,.T.);
#243=FACE_OUTER_BOUND('',#377,.T.);
#244=FACE_OUTER_BOUND('',#378,.T.);
#245=FACE_OUTER_BOUND('',#379,.T.);
#246=FACE_OUTER_BOUND('',#381,.T.);
#247=FACE_OUTER_BOUND('',#382,.T.);
#248=FACE_OUTER_BOUND('',#383,.T.);
#249=EDGE_LOOP('',(#1641,#1642,#1643,#1644));
#250=EDGE_LOOP('',(#1645,#1646,#1647,#1648,#1649,#1650,#1651,#1652));
#251=EDGE_LOOP('',(#1653,#1654,#1655,#1656));
#252=EDGE_LOOP('',(#1657,#1658,#1659,#1660));
#253=EDGE_LOOP('',(#1661,#1662,#1663,#1664,#1665,#1666,#1667,#1668,#1669,
#1670,#1671,#1672));
#254=EDGE_LOOP('',(#1673,#1674,#1675,#1676));
#255=EDGE_LOOP('',(#1677,#1678,#1679,#1680));
#256=EDGE_LOOP('',(#1681,#1682,#1683,#1684));
#257=EDGE_LOOP('',(#1685,#1686,#1687,#1688,#1689,#1690,#1691,#1692,#1693,
#1694,#1695,#1696));
#258=EDGE_LOOP('',(#1697,#1698,#1699,#1700));
#259=EDGE_LOOP('',(#1701,#1702,#1703,#1704));
#260=EDGE_LOOP('',(#1705,#1706,#1707,#1708));
#261=EDGE_LOOP('',(#1709,#1710,#1711,#1712));
#262=EDGE_LOOP('',(#1713,#1714,#1715,#1716));
#263=EDGE_LOOP('',(#1717,#1718,#1719,#1720));
#264=EDGE_LOOP('',(#1721,#1722,#1723,#1724));
#265=EDGE_LOOP('',(#1725,#1726,#1727,#1728));
#266=EDGE_LOOP('',(#1729,#1730,#1731,#1732));
#267=EDGE_LOOP('',(#1733,#1734,#1735,#1736));
#268=EDGE_LOOP('',(#1737,#1738,#1739,#1740));
#269=EDGE_LOOP('',(#1741,#1742,#1743,#1744));
#270=EDGE_LOOP('',(#1745,#1746,#1747,#1748));
#271=EDGE_LOOP('',(#1749,#1750,#1751,#1752));
#272=EDGE_LOOP('',(#1753,#1754,#1755,#1756));
#273=EDGE_LOOP('',(#1757,#1758,#1759,#1760));
#274=EDGE_LOOP('',(#1761,#1762,#1763,#1764));
#275=EDGE_LOOP('',(#1765,#1766,#1767,#1768));
#276=EDGE_LOOP('',(#1769,#1770,#1771,#1772));
#277=EDGE_LOOP('',(#1773,#1774,#1775,#1776));
#278=EDGE_LOOP('',(#1777,#1778,#1779,#1780));
#279=EDGE_LOOP('',(#1781,#1782,#1783,#1784));
#280=EDGE_LOOP('',(#1785,#1786,#1787,#1788));
#281=EDGE_LOOP('',(#1789,#1790,#1791,#1792));
#282=EDGE_LOOP('',(#1793,#1794,#1795,#1796));
#283=EDGE_LOOP('',(#1797,#1798,#1799,#1800,#1801,#1802,#1803,#1804,#1805,
#1806,#1807,#1808,#1809,#1810,#1811,#1812,#1813,#1814,#1815,#1816,#1817,
#1818,#1819,#1820,#1821,#1822,#1823,#1824,#1825,#1826,#1827,#1828,#1829,
#1830,#1831,#1832,#1833,#1834,#1835,#1836));
#284=EDGE_LOOP('',(#1837,#1838,#1839,#1840,#1841,#1842,#1843,#1844));
#285=EDGE_LOOP('',(#1845,#1846,#1847,#1848,#1849,#1850,#1851,#1852,#1853,
#1854,#1855,#1856));
#286=EDGE_LOOP('',(#1857,#1858,#1859,#1860));
#287=EDGE_LOOP('',(#1861,#1862,#1863,#1864,#1865,#1866,#1867,#1868,#1869,
#1870,#1871,#1872));
#288=EDGE_LOOP('',(#1873,#1874,#1875,#1876,#1877,#1878,#1879,#1880,#1881,
#1882,#1883,#1884));
#289=EDGE_LOOP('',(#1885,#1886,#1887,#1888));
#290=EDGE_LOOP('',(#1889,#1890,#1891,#1892,#1893,#1894,#1895,#1896,#1897,
#1898,#1899,#1900));
#291=EDGE_LOOP('',(#1901,#1902,#1903,#1904,#1905,#1906,#1907,#1908,#1909,
#1910,#1911,#1912));
#292=EDGE_LOOP('',(#1913,#1914,#1915,#1916));
#293=EDGE_LOOP('',(#1917,#1918,#1919,#1920,#1921,#1922,#1923,#1924,#1925,
#1926,#1927,#1928));
#294=EDGE_LOOP('',(#1929,#1930,#1931,#1932,#1933,#1934,#1935,#1936,#1937,
#1938,#1939,#1940));
#295=EDGE_LOOP('',(#1941,#1942,#1943,#1944));
#296=EDGE_LOOP('',(#1945,#1946,#1947,#1948,#1949,#1950,#1951,#1952,#1953,
#1954,#1955,#1956));
#297=EDGE_LOOP('',(#1957,#1958,#1959,#1960,#1961,#1962,#1963,#1964,#1965,
#1966,#1967,#1968));
#298=EDGE_LOOP('',(#1969,#1970,#1971,#1972));
#299=EDGE_LOOP('',(#1973,#1974,#1975,#1976,#1977,#1978,#1979,#1980,#1981,
#1982,#1983,#1984));
#300=EDGE_LOOP('',(#1985,#1986,#1987,#1988,#1989,#1990,#1991,#1992,#1993,
#1994,#1995,#1996));
#301=EDGE_LOOP('',(#1997,#1998,#1999,#2000));
#302=EDGE_LOOP('',(#2001,#2002,#2003,#2004,#2005,#2006,#2007,#2008,#2009,
#2010,#2011,#2012));
#303=EDGE_LOOP('',(#2013,#2014,#2015,#2016,#2017,#2018,#2019,#2020,#2021,
#2022,#2023,#2024));
#304=EDGE_LOOP('',(#2025,#2026,#2027,#2028));
#305=EDGE_LOOP('',(#2029,#2030,#2031,#2032,#2033,#2034,#2035,#2036,#2037,
#2038,#2039,#2040));
#306=EDGE_LOOP('',(#2041,#2042,#2043,#2044,#2045,#2046,#2047,#2048,#2049,
#2050,#2051,#2052));
#307=EDGE_LOOP('',(#2053,#2054,#2055,#2056));
#308=EDGE_LOOP('',(#2057,#2058,#2059,#2060,#2061,#2062,#2063,#2064,#2065,
#2066,#2067,#2068));
#309=EDGE_LOOP('',(#2069,#2070,#2071,#2072));
#310=EDGE_LOOP('',(#2073,#2074,#2075,#2076));
#311=EDGE_LOOP('',(#2077,#2078,#2079,#2080));
#312=EDGE_LOOP('',(#2081,#2082,#2083,#2084));
#313=EDGE_LOOP('',(#2085,#2086,#2087,#2088));
#314=EDGE_LOOP('',(#2089,#2090,#2091,#2092));
#315=EDGE_LOOP('',(#2093,#2094,#2095,#2096));
#316=EDGE_LOOP('',(#2097,#2098,#2099,#2100));
#317=EDGE_LOOP('',(#2101,#2102,#2103,#2104));
#318=EDGE_LOOP('',(#2105,#2106,#2107,#2108));
#319=EDGE_LOOP('',(#2109,#2110,#2111,#2112));
#320=EDGE_LOOP('',(#2113,#2114,#2115,#2116));
#321=EDGE_LOOP('',(#2117,#2118,#2119,#2120));
#322=EDGE_LOOP('',(#2121,#2122,#2123,#2124));
#323=EDGE_LOOP('',(#2125,#2126,#2127,#2128));
#324=EDGE_LOOP('',(#2129,#2130,#2131,#2132));
#325=EDGE_LOOP('',(#2133,#2134,#2135,#2136));
#326=EDGE_LOOP('',(#2137,#2138,#2139,#2140));
#327=EDGE_LOOP('',(#2141,#2142,#2143,#2144));
#328=EDGE_LOOP('',(#2145,#2146,#2147,#2148));
#329=EDGE_LOOP('',(#2149,#2150,#2151,#2152));
#330=EDGE_LOOP('',(#2153,#2154,#2155,#2156));
#331=EDGE_LOOP('',(#2157,#2158,#2159,#2160));
#332=EDGE_LOOP('',(#2161,#2162,#2163,#2164));
#333=EDGE_LOOP('',(#2165,#2166,#2167,#2168));
#334=EDGE_LOOP('',(#2169,#2170,#2171,#2172));
#335=EDGE_LOOP('',(#2173,#2174,#2175,#2176));
#336=EDGE_LOOP('',(#2177,#2178,#2179,#2180));
#337=EDGE_LOOP('',(#2181,#2182,#2183,#2184));
#338=EDGE_LOOP('',(#2185,#2186,#2187,#2188));
#339=EDGE_LOOP('',(#2189,#2190,#2191,#2192));
#340=EDGE_LOOP('',(#2193,#2194,#2195,#2196));
#341=EDGE_LOOP('',(#2197,#2198,#2199,#2200));
#342=EDGE_LOOP('',(#2201,#2202,#2203,#2204));
#343=EDGE_LOOP('',(#2205,#2206,#2207,#2208));
#344=EDGE_LOOP('',(#2209,#2210,#2211,#2212));
#345=EDGE_LOOP('',(#2213,#2214,#2215,#2216));
#346=EDGE_LOOP('',(#2217,#2218,#2219,#2220));
#347=EDGE_LOOP('',(#2221,#2222,#2223,#2224));
#348=EDGE_LOOP('',(#2225,#2226,#2227,#2228));
#349=EDGE_LOOP('',(#2229,#2230,#2231,#2232));
#350=EDGE_LOOP('',(#2233,#2234,#2235,#2236));
#351=EDGE_LOOP('',(#2237,#2238,#2239,#2240));
#352=EDGE_LOOP('',(#2241,#2242,#2243,#2244));
#353=EDGE_LOOP('',(#2245,#2246,#2247,#2248));
#354=EDGE_LOOP('',(#2249,#2250,#2251,#2252));
#355=EDGE_LOOP('',(#2253,#2254,#2255,#2256));
#356=EDGE_LOOP('',(#2257,#2258,#2259,#2260));
#357=EDGE_LOOP('',(#2261,#2262,#2263,#2264));
#358=EDGE_LOOP('',(#2265,#2266,#2267,#2268));
#359=EDGE_LOOP('',(#2269,#2270,#2271,#2272));
#360=EDGE_LOOP('',(#2273,#2274,#2275,#2276));
#361=EDGE_LOOP('',(#2277,#2278,#2279,#2280));
#362=EDGE_LOOP('',(#2281,#2282,#2283,#2284));
#363=EDGE_LOOP('',(#2285,#2286,#2287,#2288));
#364=EDGE_LOOP('',(#2289,#2290,#2291,#2292));
#365=EDGE_LOOP('',(#2293,#2294,#2295,#2296));
#366=EDGE_LOOP('',(#2297,#2298,#2299,#2300));
#367=EDGE_LOOP('',(#2301,#2302,#2303,#2304));
#368=EDGE_LOOP('',(#2305,#2306,#2307,#2308));
#369=EDGE_LOOP('',(#2309,#2310,#2311,#2312));
#370=EDGE_LOOP('',(#2313,#2314,#2315,#2316));
#371=EDGE_LOOP('',(#2317,#2318,#2319,#2320));
#372=EDGE_LOOP('',(#2321,#2322,#2323,#2324));
#373=EDGE_LOOP('',(#2325,#2326,#2327,#2328));
#374=EDGE_LOOP('',(#2329,#2330,#2331,#2332));
#375=EDGE_LOOP('',(#2333,#2334,#2335,#2336));
#376=EDGE_LOOP('',(#2337,#2338,#2339,#2340));
#377=EDGE_LOOP('',(#2341,#2342,#2343,#2344));
#378=EDGE_LOOP('',(#2345,#2346,#2347,#2348));
#379=EDGE_LOOP('',(#2349,#2350,#2351,#2352,#2353,#2354,#2355,#2356));
#380=EDGE_LOOP('',(#2357));
#381=EDGE_LOOP('',(#2358,#2359,#2360,#2361));
#382=EDGE_LOOP('',(#2362,#2363,#2364,#2365));
#383=EDGE_LOOP('',(#2366));
#384=LINE('',#3486,#681);
#385=LINE('',#3491,#682);
#386=LINE('',#3493,#683);
#387=LINE('',#3495,#684);
#388=LINE('',#3497,#685);
#389=LINE('',#3499,#686);
#390=LINE('',#3501,#687);
#391=LINE('',#3503,#688);
#392=LINE('',#3504,#689);
#393=LINE('',#3508,#690);
#394=LINE('',#3509,#691);
#395=LINE('',#3510,#692);
#396=LINE('',#3513,#693);
#397=LINE('',#3514,#694);
#398=LINE('',#3517,#695);
#399=LINE('',#3519,#696);
#400=LINE('',#3521,#697);
#401=LINE('',#3523,#698);
#402=LINE('',#3525,#699);
#403=LINE('',#3527,#700);
#404=LINE('',#3529,#701);
#405=LINE('',#3531,#702);
#406=LINE('',#3533,#703);
#407=LINE('',#3534,#704);
#408=LINE('',#3537,#705);
#409=LINE('',#3538,#706);
#410=LINE('',#3541,#707);
#411=LINE('',#3542,#708);
#412=LINE('',#3545,#709);
#413=LINE('',#3546,#710);
#414=LINE('',#3549,#711);
#415=LINE('',#3551,#712);
#416=LINE('',#3553,#713);
#417=LINE('',#3555,#714);
#418=LINE('',#3557,#715);
#419=LINE('',#3559,#716);
#420=LINE('',#3561,#717);
#421=LINE('',#3563,#718);
#422=LINE('',#3565,#719);
#423=LINE('',#3566,#720);
#424=LINE('',#3568,#721);
#425=LINE('',#3572,#722);
#426=LINE('',#3573,#723);
#427=LINE('',#3574,#724);
#428=LINE('',#3577,#725);
#429=LINE('',#3578,#726);
#430=LINE('',#3581,#727);
#431=LINE('',#3582,#728);
#432=LINE('',#3585,#729);
#433=LINE('',#3587,#730);
#434=LINE('',#3588,#731);
#435=LINE('',#3591,#732);
#436=LINE('',#3593,#733);
#437=LINE('',#3594,#734);
#438=LINE('',#3597,#735);
#439=LINE('',#3599,#736);
#440=LINE('',#3600,#737);
#441=LINE('',#3603,#738);
#442=LINE('',#3605,#739);
#443=LINE('',#3606,#740);
#444=LINE('',#3609,#741);
#445=LINE('',#3611,#742);
#446=LINE('',#3612,#743);
#447=LINE('',#3615,#744);
#448=LINE('',#3617,#745);
#449=LINE('',#3618,#746);
#450=LINE('',#3621,#747);
#451=LINE('',#3623,#748);
#452=LINE('',#3624,#749);
#453=LINE('',#3627,#750);
#454=LINE('',#3629,#751);
#455=LINE('',#3630,#752);
#456=LINE('',#3633,#753);
#457=LINE('',#3634,#754);
#458=LINE('',#3637,#755);
#459=LINE('',#3638,#756);
#460=LINE('',#3641,#757);
#461=LINE('',#3642,#758);
#462=LINE('',#3645,#759);
#463=LINE('',#3646,#760);
#464=LINE('',#3649,#761);
#465=LINE('',#3651,#762);
#466=LINE('',#3652,#763);
#467=LINE('',#3655,#764);
#468=LINE('',#3657,#765);
#469=LINE('',#3658,#766);
#470=LINE('',#3661,#767);
#471=LINE('',#3663,#768);
#472=LINE('',#3664,#769);
#473=LINE('',#3667,#770);
#474=LINE('',#3669,#771);
#475=LINE('',#3670,#772);
#476=LINE('',#3673,#773);
#477=LINE('',#3675,#774);
#478=LINE('',#3676,#775);
#479=LINE('',#3679,#776);
#480=LINE('',#3681,#777);
#481=LINE('',#3682,#778);
#482=LINE('',#3685,#779);
#483=LINE('',#3687,#780);
#484=LINE('',#3688,#781);
#485=LINE('',#3691,#782);
#486=LINE('',#3693,#783);
#487=LINE('',#3694,#784);
#488=LINE('',#3696,#785);
#489=LINE('',#3699,#786);
#490=LINE('',#3701,#787);
#491=LINE('',#3702,#788);
#492=LINE('',#3704,#789);
#493=LINE('',#3706,#790);
#494=LINE('',#3707,#791);
#495=LINE('',#3709,#792);
#496=LINE('',#3711,#793);
#497=LINE('',#3712,#794);
#498=LINE('',#3714,#795);
#499=LINE('',#3716,#796);
#500=LINE('',#3717,#797);
#501=LINE('',#3719,#798);
#502=LINE('',#3721,#799);
#503=LINE('',#3722,#800);
#504=LINE('',#3724,#801);
#505=LINE('',#3726,#802);
#506=LINE('',#3727,#803);
#507=LINE('',#3729,#804);
#508=LINE('',#3731,#805);
#509=LINE('',#3732,#806);
#510=LINE('',#3734,#807);
#511=LINE('',#3736,#808);
#512=LINE('',#3737,#809);
#513=LINE('',#3740,#810);
#514=LINE('',#3742,#811);
#515=LINE('',#3744,#812);
#516=LINE('',#3746,#813);
#517=LINE('',#3748,#814);
#518=LINE('',#3750,#815);
#519=LINE('',#3752,#816);
#520=LINE('',#3753,#817);
#521=LINE('',#3758,#818);
#522=LINE('',#3762,#819);
#523=LINE('',#3764,#820);
#524=LINE('',#3766,#821);
#525=LINE('',#3770,#822);
#526=LINE('',#3774,#823);
#527=LINE('',#3780,#824);
#528=LINE('',#3784,#825);
#529=LINE('',#3786,#826);
#530=LINE('',#3788,#827);
#531=LINE('',#3791,#828);
#532=LINE('',#3796,#829);
#533=LINE('',#3800,#830);
#534=LINE('',#3802,#831);
#535=LINE('',#3804,#832);
#536=LINE('',#3808,#833);
#537=LINE('',#3812,#834);
#538=LINE('',#3818,#835);
#539=LINE('',#3822,#836);
#540=LINE('',#3824,#837);
#541=LINE('',#3826,#838);
#542=LINE('',#3829,#839);
#543=LINE('',#3834,#840);
#544=LINE('',#3838,#841);
#545=LINE('',#3840,#842);
#546=LINE('',#3842,#843);
#547=LINE('',#3846,#844);
#548=LINE('',#3850,#845);
#549=LINE('',#3856,#846);
#550=LINE('',#3860,#847);
#551=LINE('',#3862,#848);
#552=LINE('',#3864,#849);
#553=LINE('',#3867,#850);
#554=LINE('',#3872,#851);
#555=LINE('',#3876,#852);
#556=LINE('',#3878,#853);
#557=LINE('',#3880,#854);
#558=LINE('',#3884,#855);
#559=LINE('',#3888,#856);
#560=LINE('',#3894,#857);
#561=LINE('',#3898,#858);
#562=LINE('',#3900,#859);
#563=LINE('',#3902,#860);
#564=LINE('',#3905,#861);
#565=LINE('',#3910,#862);
#566=LINE('',#3914,#863);
#567=LINE('',#3916,#864);
#568=LINE('',#3918,#865);
#569=LINE('',#3922,#866);
#570=LINE('',#3926,#867);
#571=LINE('',#3932,#868);
#572=LINE('',#3936,#869);
#573=LINE('',#3938,#870);
#574=LINE('',#3940,#871);
#575=LINE('',#3943,#872);
#576=LINE('',#3948,#873);
#577=LINE('',#3952,#874);
#578=LINE('',#3954,#875);
#579=LINE('',#3956,#876);
#580=LINE('',#3960,#877);
#581=LINE('',#3964,#878);
#582=LINE('',#3970,#879);
#583=LINE('',#3974,#880);
#584=LINE('',#3976,#881);
#585=LINE('',#3978,#882);
#586=LINE('',#3981,#883);
#587=LINE('',#3986,#884);
#588=LINE('',#3990,#885);
#589=LINE('',#3992,#886);
#590=LINE('',#3994,#887);
#591=LINE('',#3998,#888);
#592=LINE('',#4002,#889);
#593=LINE('',#4008,#890);
#594=LINE('',#4012,#891);
#595=LINE('',#4014,#892);
#596=LINE('',#4016,#893);
#597=LINE('',#4019,#894);
#598=LINE('',#4024,#895);
#599=LINE('',#4028,#896);
#600=LINE('',#4030,#897);
#601=LINE('',#4032,#898);
#602=LINE('',#4036,#899);
#603=LINE('',#4040,#900);
#604=LINE('',#4046,#901);
#605=LINE('',#4050,#902);
#606=LINE('',#4052,#903);
#607=LINE('',#4054,#904);
#608=LINE('',#4057,#905);
#609=LINE('',#4061,#906);
#610=LINE('',#4062,#907);
#611=LINE('',#4063,#908);
#612=LINE('',#4066,#909);
#613=LINE('',#4067,#910);
#614=LINE('',#4069,#911);
#615=LINE('',#4071,#912);
#616=LINE('',#4073,#913);
#617=LINE('',#4075,#914);
#618=LINE('',#4077,#915);
#619=LINE('',#4079,#916);
#620=LINE('',#4081,#917);
#621=LINE('',#4084,#918);
#622=LINE('',#4086,#919);
#623=LINE('',#4088,#920);
#624=LINE('',#4090,#921);
#625=LINE('',#4092,#922);
#626=LINE('',#4094,#923);
#627=LINE('',#4096,#924);
#628=LINE('',#4099,#925);
#629=LINE('',#4101,#926);
#630=LINE('',#4103,#927);
#631=LINE('',#4105,#928);
#632=LINE('',#4107,#929);
#633=LINE('',#4109,#930);
#634=LINE('',#4111,#931);
#635=LINE('',#4114,#932);
#636=LINE('',#4116,#933);
#637=LINE('',#4118,#934);
#638=LINE('',#4120,#935);
#639=LINE('',#4122,#936);
#640=LINE('',#4124,#937);
#641=LINE('',#4126,#938);
#642=LINE('',#4131,#939);
#643=LINE('',#4132,#940);
#644=LINE('',#4133,#941);
#645=LINE('',#4136,#942);
#646=LINE('',#4137,#943);
#647=LINE('',#4140,#944);
#648=LINE('',#4141,#945);
#649=LINE('',#4143,#946);
#650=LINE('',#4145,#947);
#651=LINE('',#4147,#948);
#652=LINE('',#4149,#949);
#653=LINE('',#4151,#950);
#654=LINE('',#4153,#951);
#655=LINE('',#4155,#952);
#656=LINE('',#4158,#953);
#657=LINE('',#4160,#954);
#658=LINE('',#4162,#955);
#659=LINE('',#4164,#956);
#660=LINE('',#4166,#957);
#661=LINE('',#4168,#958);
#662=LINE('',#4170,#959);
#663=LINE('',#4173,#960);
#664=LINE('',#4175,#961);
#665=LINE('',#4177,#962);
#666=LINE('',#4179,#963);
#667=LINE('',#4181,#964);
#668=LINE('',#4183,#965);
#669=LINE('',#4185,#966);
#670=LINE('',#4188,#967);
#671=LINE('',#4190,#968);
#672=LINE('',#4192,#969);
#673=LINE('',#4194,#970);
#674=LINE('',#4196,#971);
#675=LINE('',#4198,#972);
#676=LINE('',#4200,#973);
#677=LINE('',#4204,#974);
#678=LINE('',#4205,#975);
#679=LINE('',#4207,#976);
#680=LINE('',#4208,#977);
#681=VECTOR('',#2790,0.1);
#682=VECTOR('',#2795,1000.);
#683=VECTOR('',#2796,1000.);
#684=VECTOR('',#2797,1000.);
#685=VECTOR('',#2798,1000.);
#686=VECTOR('',#2799,1000.);
#687=VECTOR('',#2800,1000.);
#688=VECTOR('',#2801,1000.);
#689=VECTOR('',#2802,1000.);
#690=VECTOR('',#2805,1000.);
#691=VECTOR('',#2806,1000.);
#692=VECTOR('',#2807,1000.);
#693=VECTOR('',#2810,1000.);
#694=VECTOR('',#2811,1000.);
#695=VECTOR('',#2814,1000.);
#696=VECTOR('',#2815,1000.);
#697=VECTOR('',#2816,1000.);
#698=VECTOR('',#2817,1000.);
#699=VECTOR('',#2818,1000.);
#700=VECTOR('',#2819,1000.);
#701=VECTOR('',#2820,1000.);
#702=VECTOR('',#2821,1000.);
#703=VECTOR('',#2822,1000.);
#704=VECTOR('',#2823,1000.);
#705=VECTOR('',#2826,1000.);
#706=VECTOR('',#2827,1000.);
#707=VECTOR('',#2830,1000.);
#708=VECTOR('',#2831,1000.);
#709=VECTOR('',#2834,1000.);
#710=VECTOR('',#2835,1000.);
#711=VECTOR('',#2838,1000.);
#712=VECTOR('',#2839,1000.);
#713=VECTOR('',#2840,1000.);
#714=VECTOR('',#2841,1000.);
#715=VECTOR('',#2842,1000.);
#716=VECTOR('',#2843,1000.);
#717=VECTOR('',#2844,1000.);
#718=VECTOR('',#2845,1000.);
#719=VECTOR('',#2846,1000.);
#720=VECTOR('',#2847,1000.);
#721=VECTOR('',#2850,1000.);
#722=VECTOR('',#2853,1000.);
#723=VECTOR('',#2854,1000.);
#724=VECTOR('',#2855,1000.);
#725=VECTOR('',#2858,1000.);
#726=VECTOR('',#2859,1000.);
#727=VECTOR('',#2862,1000.);
#728=VECTOR('',#2863,1000.);
#729=VECTOR('',#2866,1000.);
#730=VECTOR('',#2867,1000.);
#731=VECTOR('',#2868,1000.);
#732=VECTOR('',#2871,1000.);
#733=VECTOR('',#2872,1000.);
#734=VECTOR('',#2873,1000.);
#735=VECTOR('',#2876,1000.);
#736=VECTOR('',#2877,1000.);
#737=VECTOR('',#2878,1000.);
#738=VECTOR('',#2881,1000.);
#739=VECTOR('',#2882,1000.);
#740=VECTOR('',#2883,1000.);
#741=VECTOR('',#2886,1000.);
#742=VECTOR('',#2887,1000.);
#743=VECTOR('',#2888,1000.);
#744=VECTOR('',#2891,1000.);
#745=VECTOR('',#2892,1000.);
#746=VECTOR('',#2893,1000.);
#747=VECTOR('',#2896,1000.);
#748=VECTOR('',#2897,1000.);
#749=VECTOR('',#2898,1000.);
#750=VECTOR('',#2901,1000.);
#751=VECTOR('',#2902,1000.);
#752=VECTOR('',#2903,1000.);
#753=VECTOR('',#2906,1000.);
#754=VECTOR('',#2907,1000.);
#755=VECTOR('',#2910,1000.);
#756=VECTOR('',#2911,1000.);
#757=VECTOR('',#2914,1000.);
#758=VECTOR('',#2915,1000.);
#759=VECTOR('',#2918,1000.);
#760=VECTOR('',#2919,1000.);
#761=VECTOR('',#2922,1000.);
#762=VECTOR('',#2923,1000.);
#763=VECTOR('',#2924,1000.);
#764=VECTOR('',#2927,1000.);
#765=VECTOR('',#2928,1000.);
#766=VECTOR('',#2929,1000.);
#767=VECTOR('',#2932,1000.);
#768=VECTOR('',#2933,1000.);
#769=VECTOR('',#2934,1000.);
#770=VECTOR('',#2937,1000.);
#771=VECTOR('',#2938,1000.);
#772=VECTOR('',#2939,1000.);
#773=VECTOR('',#2942,1000.);
#774=VECTOR('',#2943,1000.);
#775=VECTOR('',#2944,1000.);
#776=VECTOR('',#2947,1000.);
#777=VECTOR('',#2948,1000.);
#778=VECTOR('',#2949,1000.);
#779=VECTOR('',#2952,1000.);
#780=VECTOR('',#2953,1000.);
#781=VECTOR('',#2954,1000.);
#782=VECTOR('',#2957,1000.);
#783=VECTOR('',#2958,1000.);
#784=VECTOR('',#2959,1000.);
#785=VECTOR('',#2962,1000.);
#786=VECTOR('',#2965,1000.);
#787=VECTOR('',#2966,1000.);
#788=VECTOR('',#2967,1000.);
#789=VECTOR('',#2968,1000.);
#790=VECTOR('',#2969,1000.);
#791=VECTOR('',#2970,1000.);
#792=VECTOR('',#2971,1000.);
#793=VECTOR('',#2972,1000.);
#794=VECTOR('',#2973,1000.);
#795=VECTOR('',#2974,1000.);
#796=VECTOR('',#2975,1000.);
#797=VECTOR('',#2976,1000.);
#798=VECTOR('',#2977,1000.);
#799=VECTOR('',#2978,1000.);
#800=VECTOR('',#2979,1000.);
#801=VECTOR('',#2980,1000.);
#802=VECTOR('',#2981,1000.);
#803=VECTOR('',#2982,1000.);
#804=VECTOR('',#2983,1000.);
#805=VECTOR('',#2984,1000.);
#806=VECTOR('',#2985,1000.);
#807=VECTOR('',#2986,1000.);
#808=VECTOR('',#2987,1000.);
#809=VECTOR('',#2988,1000.);
#810=VECTOR('',#2989,1000.);
#811=VECTOR('',#2990,1000.);
#812=VECTOR('',#2991,1000.);
#813=VECTOR('',#2992,1000.);
#814=VECTOR('',#2993,1000.);
#815=VECTOR('',#2994,1000.);
#816=VECTOR('',#2995,1000.);
#817=VECTOR('',#2996,1000.);
#818=VECTOR('',#3001,1000.);
#819=VECTOR('',#3004,1000.);
#820=VECTOR('',#3005,1000.);
#821=VECTOR('',#3006,1000.);
#822=VECTOR('',#3009,1000.);
#823=VECTOR('',#3014,1000.);
#824=VECTOR('',#3021,1000.);
#825=VECTOR('',#3024,1000.);
#826=VECTOR('',#3025,1000.);
#827=VECTOR('',#3026,1000.);
#828=VECTOR('',#3029,1000.);
#829=VECTOR('',#3034,1000.);
#830=VECTOR('',#3037,1000.);
#831=VECTOR('',#3038,1000.);
#832=VECTOR('',#3039,1000.);
#833=VECTOR('',#3042,1000.);
#834=VECTOR('',#3047,1000.);
#835=VECTOR('',#3054,1000.);
#836=VECTOR('',#3057,1000.);
#837=VECTOR('',#3058,1000.);
#838=VECTOR('',#3059,1000.);
#839=VECTOR('',#3062,1000.);
#840=VECTOR('',#3067,1000.);
#841=VECTOR('',#3070,1000.);
#842=VECTOR('',#3071,1000.);
#843=VECTOR('',#3072,1000.);
#844=VECTOR('',#3075,1000.);
#845=VECTOR('',#3080,1000.);
#846=VECTOR('',#3087,1000.);
#847=VECTOR('',#3090,1000.);
#848=VECTOR('',#3091,1000.);
#849=VECTOR('',#3092,1000.);
#850=VECTOR('',#3095,1000.);
#851=VECTOR('',#3100,1000.);
#852=VECTOR('',#3103,1000.);
#853=VECTOR('',#3104,1000.);
#854=VECTOR('',#3105,1000.);
#855=VECTOR('',#3108,1000.);
#856=VECTOR('',#3113,1000.);
#857=VECTOR('',#3120,1000.);
#858=VECTOR('',#3123,1000.);
#859=VECTOR('',#3124,1000.);
#860=VECTOR('',#3125,1000.);
#861=VECTOR('',#3128,1000.);
#862=VECTOR('',#3133,1000.);
#863=VECTOR('',#3136,1000.);
#864=VECTOR('',#3137,1000.);
#865=VECTOR('',#3138,1000.);
#866=VECTOR('',#3141,1000.);
#867=VECTOR('',#3146,1000.);
#868=VECTOR('',#3153,1000.);
#869=VECTOR('',#3156,1000.);
#870=VECTOR('',#3157,1000.);
#871=VECTOR('',#3158,1000.);
#872=VECTOR('',#3161,1000.);
#873=VECTOR('',#3166,1000.);
#874=VECTOR('',#3169,1000.);
#875=VECTOR('',#3170,1000.);
#876=VECTOR('',#3171,1000.);
#877=VECTOR('',#3174,1000.);
#878=VECTOR('',#3179,1000.);
#879=VECTOR('',#3186,1000.);
#880=VECTOR('',#3189,1000.);
#881=VECTOR('',#3190,1000.);
#882=VECTOR('',#3191,1000.);
#883=VECTOR('',#3194,1000.);
#884=VECTOR('',#3199,1000.);
#885=VECTOR('',#3202,1000.);
#886=VECTOR('',#3203,1000.);
#887=VECTOR('',#3204,1000.);
#888=VECTOR('',#3207,1000.);
#889=VECTOR('',#3212,1000.);
#890=VECTOR('',#3219,1000.);
#891=VECTOR('',#3222,1000.);
#892=VECTOR('',#3223,1000.);
#893=VECTOR('',#3224,1000.);
#894=VECTOR('',#3227,1000.);
#895=VECTOR('',#3232,1000.);
#896=VECTOR('',#3235,1000.);
#897=VECTOR('',#3236,1000.);
#898=VECTOR('',#3237,1000.);
#899=VECTOR('',#3240,1000.);
#900=VECTOR('',#3245,1000.);
#901=VECTOR('',#3252,1000.);
#902=VECTOR('',#3255,1000.);
#903=VECTOR('',#3256,1000.);
#904=VECTOR('',#3257,1000.);
#905=VECTOR('',#3260,1000.);
#906=VECTOR('',#3263,1000.);
#907=VECTOR('',#3264,1000.);
#908=VECTOR('',#3265,1000.);
#909=VECTOR('',#3268,1000.);
#910=VECTOR('',#3269,1000.);
#911=VECTOR('',#3272,1000.);
#912=VECTOR('',#3275,1000.);
#913=VECTOR('',#3278,1000.);
#914=VECTOR('',#3281,1000.);
#915=VECTOR('',#3284,1000.);
#916=VECTOR('',#3287,1000.);
#917=VECTOR('',#3290,1000.);
#918=VECTOR('',#3295,1000.);
#919=VECTOR('',#3298,1000.);
#920=VECTOR('',#3301,1000.);
#921=VECTOR('',#3304,1000.);
#922=VECTOR('',#3307,1000.);
#923=VECTOR('',#3310,1000.);
#924=VECTOR('',#3313,1000.);
#925=VECTOR('',#3318,1000.);
#926=VECTOR('',#3321,1000.);
#927=VECTOR('',#3324,1000.);
#928=VECTOR('',#3327,1000.);
#929=VECTOR('',#3330,1000.);
#930=VECTOR('',#3333,1000.);
#931=VECTOR('',#3336,1000.);
#932=VECTOR('',#3341,1000.);
#933=VECTOR('',#3344,1000.);
#934=VECTOR('',#3347,1000.);
#935=VECTOR('',#3350,1000.);
#936=VECTOR('',#3353,1000.);
#937=VECTOR('',#3356,1000.);
#938=VECTOR('',#3359,1000.);
#939=VECTOR('',#3364,1000.);
#940=VECTOR('',#3365,1000.);
#941=VECTOR('',#3366,1000.);
#942=VECTOR('',#3369,1000.);
#943=VECTOR('',#3370,1000.);
#944=VECTOR('',#3373,1000.);
#945=VECTOR('',#3374,1000.);
#946=VECTOR('',#3377,1000.);
#947=VECTOR('',#3380,1000.);
#948=VECTOR('',#3383,1000.);
#949=VECTOR('',#3386,1000.);
#950=VECTOR('',#3389,1000.);
#951=VECTOR('',#3392,1000.);
#952=VECTOR('',#3395,1000.);
#953=VECTOR('',#3400,1000.);
#954=VECTOR('',#3403,1000.);
#955=VECTOR('',#3406,1000.);
#956=VECTOR('',#3409,1000.);
#957=VECTOR('',#3412,1000.);
#958=VECTOR('',#3415,1000.);
#959=VECTOR('',#3418,1000.);
#960=VECTOR('',#3423,1000.);
#961=VECTOR('',#3426,1000.);
#962=VECTOR('',#3429,1000.);
#963=VECTOR('',#3432,1000.);
#964=VECTOR('',#3435,1000.);
#965=VECTOR('',#3438,1000.);
#966=VECTOR('',#3441,1000.);
#967=VECTOR('',#3446,1000.);
#968=VECTOR('',#3449,1000.);
#969=VECTOR('',#3452,1000.);
#970=VECTOR('',#3455,1000.);
#971=VECTOR('',#3458,1000.);
#972=VECTOR('',#3461,1000.);
#973=VECTOR('',#3464,1000.);
#974=VECTOR('',#3469,1000.);
#975=VECTOR('',#3470,1000.);
#976=VECTOR('',#3473,1000.);
#977=VECTOR('',#3474,1000.);
#978=CIRCLE('',#2586,0.1);
#979=CIRCLE('',#2587,0.1);
#980=CIRCLE('',#2623,0.2);
#981=CIRCLE('',#2624,0.0999999999999998);
#982=CIRCLE('',#2625,0.2);
#983=CIRCLE('',#2626,0.1);
#984=CIRCLE('',#2628,0.1);
#985=CIRCLE('',#2630,0.2);
#986=CIRCLE('',#2631,0.2);
#987=CIRCLE('',#2632,0.0999999999999998);
#988=CIRCLE('',#2634,0.2);
#989=CIRCLE('',#2635,0.0999999999999998);
#990=CIRCLE('',#2636,0.2);
#991=CIRCLE('',#2637,0.1);
#992=CIRCLE('',#2639,0.1);
#993=CIRCLE('',#2641,0.2);
#994=CIRCLE('',#2642,0.2);
#995=CIRCLE('',#2643,0.0999999999999998);
#996=CIRCLE('',#2645,0.2);
#997=CIRCLE('',#2646,0.0999999999999998);
#998=CIRCLE('',#2647,0.2);
#999=CIRCLE('',#2648,0.1);
#1000=CIRCLE('',#2650,0.1);
#1001=CIRCLE('',#2652,0.2);
#1002=CIRCLE('',#2653,0.2);
#1003=CIRCLE('',#2654,0.0999999999999998);
#1004=CIRCLE('',#2656,0.2);
#1005=CIRCLE('',#2657,0.0999999999999998);
#1006=CIRCLE('',#2658,0.2);
#1007=CIRCLE('',#2659,0.1);
#1008=CIRCLE('',#2661,0.1);
#1009=CIRCLE('',#2663,0.2);
#1010=CIRCLE('',#2664,0.2);
#1011=CIRCLE('',#2665,0.0999999999999998);
#1012=CIRCLE('',#2667,0.2);
#1013=CIRCLE('',#2668,0.0999999999999998);
#1014=CIRCLE('',#2669,0.2);
#1015=CIRCLE('',#2670,0.1);
#1016=CIRCLE('',#2672,0.1);
#1017=CIRCLE('',#2674,0.2);
#1018=CIRCLE('',#2675,0.2);
#1019=CIRCLE('',#2676,0.0999999999999998);
#1020=CIRCLE('',#2678,0.2);
#1021=CIRCLE('',#2679,0.0999999999999998);
#1022=CIRCLE('',#2680,0.2);
#1023=CIRCLE('',#2681,0.1);
#1024=CIRCLE('',#2683,0.1);
#1025=CIRCLE('',#2685,0.2);
#1026=CIRCLE('',#2686,0.2);
#1027=CIRCLE('',#2687,0.0999999999999998);
#1028=CIRCLE('',#2689,0.2);
#1029=CIRCLE('',#2690,0.0999999999999998);
#1030=CIRCLE('',#2691,0.2);
#1031=CIRCLE('',#2692,0.1);
#1032=CIRCLE('',#2694,0.1);
#1033=CIRCLE('',#2696,0.2);
#1034=CIRCLE('',#2697,0.2);
#1035=CIRCLE('',#2698,0.0999999999999998);
#1036=CIRCLE('',#2700,0.2);
#1037=CIRCLE('',#2701,0.0999999999999998);
#1038=CIRCLE('',#2702,0.2);
#1039=CIRCLE('',#2703,0.1);
#1040=CIRCLE('',#2705,0.1);
#1041=CIRCLE('',#2707,0.2);
#1042=CIRCLE('',#2708,0.2);
#1043=CIRCLE('',#2709,0.0999999999999998);
#1044=VERTEX_POINT('',#3483);
#1045=VERTEX_POINT('',#3485);
#1046=VERTEX_POINT('',#3489);
#1047=VERTEX_POINT('',#3490);
#1048=VERTEX_POINT('',#3492);
#1049=VERTEX_POINT('',#3494);
#1050=VERTEX_POINT('',#3496);
#1051=VERTEX_POINT('',#3498);
#1052=VERTEX_POINT('',#3500);
#1053=VERTEX_POINT('',#3502);
#1054=VERTEX_POINT('',#3506);
#1055=VERTEX_POINT('',#3507);
#1056=VERTEX_POINT('',#3512);
#1057=VERTEX_POINT('',#3516);
#1058=VERTEX_POINT('',#3518);
#1059=VERTEX_POINT('',#3520);
#1060=VERTEX_POINT('',#3522);
#1061=VERTEX_POINT('',#3524);
#1062=VERTEX_POINT('',#3526);
#1063=VERTEX_POINT('',#3528);
#1064=VERTEX_POINT('',#3530);
#1065=VERTEX_POINT('',#3532);
#1066=VERTEX_POINT('',#3536);
#1067=VERTEX_POINT('',#3540);
#1068=VERTEX_POINT('',#3544);
#1069=VERTEX_POINT('',#3548);
#1070=VERTEX_POINT('',#3550);
#1071=VERTEX_POINT('',#3552);
#1072=VERTEX_POINT('',#3554);
#1073=VERTEX_POINT('',#3556);
#1074=VERTEX_POINT('',#3558);
#1075=VERTEX_POINT('',#3560);
#1076=VERTEX_POINT('',#3562);
#1077=VERTEX_POINT('',#3564);
#1078=VERTEX_POINT('',#3570);
#1079=VERTEX_POINT('',#3571);
#1080=VERTEX_POINT('',#3576);
#1081=VERTEX_POINT('',#3580);
#1082=VERTEX_POINT('',#3584);
#1083=VERTEX_POINT('',#3586);
#1084=VERTEX_POINT('',#3590);
#1085=VERTEX_POINT('',#3592);
#1086=VERTEX_POINT('',#3596);
#1087=VERTEX_POINT('',#3598);
#1088=VERTEX_POINT('',#3602);
#1089=VERTEX_POINT('',#3604);
#1090=VERTEX_POINT('',#3608);
#1091=VERTEX_POINT('',#3610);
#1092=VERTEX_POINT('',#3614);
#1093=VERTEX_POINT('',#3616);
#1094=VERTEX_POINT('',#3620);
#1095=VERTEX_POINT('',#3622);
#1096=VERTEX_POINT('',#3626);
#1097=VERTEX_POINT('',#3628);
#1098=VERTEX_POINT('',#3632);
#1099=VERTEX_POINT('',#3636);
#1100=VERTEX_POINT('',#3640);
#1101=VERTEX_POINT('',#3644);
#1102=VERTEX_POINT('',#3648);
#1103=VERTEX_POINT('',#3650);
#1104=VERTEX_POINT('',#3654);
#1105=VERTEX_POINT('',#3656);
#1106=VERTEX_POINT('',#3660);
#1107=VERTEX_POINT('',#3662);
#1108=VERTEX_POINT('',#3666);
#1109=VERTEX_POINT('',#3668);
#1110=VERTEX_POINT('',#3672);
#1111=VERTEX_POINT('',#3674);
#1112=VERTEX_POINT('',#3678);
#1113=VERTEX_POINT('',#3680);
#1114=VERTEX_POINT('',#3684);
#1115=VERTEX_POINT('',#3686);
#1116=VERTEX_POINT('',#3690);
#1117=VERTEX_POINT('',#3692);
#1118=VERTEX_POINT('',#3698);
#1119=VERTEX_POINT('',#3700);
#1120=VERTEX_POINT('',#3703);
#1121=VERTEX_POINT('',#3705);
#1122=VERTEX_POINT('',#3708);
#1123=VERTEX_POINT('',#3710);
#1124=VERTEX_POINT('',#3713);
#1125=VERTEX_POINT('',#3715);
#1126=VERTEX_POINT('',#3718);
#1127=VERTEX_POINT('',#3720);
#1128=VERTEX_POINT('',#3723);
#1129=VERTEX_POINT('',#3725);
#1130=VERTEX_POINT('',#3728);
#1131=VERTEX_POINT('',#3730);
#1132=VERTEX_POINT('',#3733);
#1133=VERTEX_POINT('',#3735);
#1134=VERTEX_POINT('',#3738);
#1135=VERTEX_POINT('',#3739);
#1136=VERTEX_POINT('',#3741);
#1137=VERTEX_POINT('',#3743);
#1138=VERTEX_POINT('',#3745);
#1139=VERTEX_POINT('',#3747);
#1140=VERTEX_POINT('',#3749);
#1141=VERTEX_POINT('',#3751);
#1142=VERTEX_POINT('',#3755);
#1143=VERTEX_POINT('',#3757);
#1144=VERTEX_POINT('',#3759);
#1145=VERTEX_POINT('',#3761);
#1146=VERTEX_POINT('',#3763);
#1147=VERTEX_POINT('',#3765);
#1148=VERTEX_POINT('',#3767);
#1149=VERTEX_POINT('',#3769);
#1150=VERTEX_POINT('',#3773);
#1151=VERTEX_POINT('',#3777);
#1152=VERTEX_POINT('',#3779);
#1153=VERTEX_POINT('',#3781);
#1154=VERTEX_POINT('',#3783);
#1155=VERTEX_POINT('',#3785);
#1156=VERTEX_POINT('',#3787);
#1157=VERTEX_POINT('',#3789);
#1158=VERTEX_POINT('',#3793);
#1159=VERTEX_POINT('',#3795);
#1160=VERTEX_POINT('',#3797);
#1161=VERTEX_POINT('',#3799);
#1162=VERTEX_POINT('',#3801);
#1163=VERTEX_POINT('',#3803);
#1164=VERTEX_POINT('',#3805);
#1165=VERTEX_POINT('',#3807);
#1166=VERTEX_POINT('',#3811);
#1167=VERTEX_POINT('',#3815);
#1168=VERTEX_POINT('',#3817);
#1169=VERTEX_POINT('',#3819);
#1170=VERTEX_POINT('',#3821);
#1171=VERTEX_POINT('',#3823);
#1172=VERTEX_POINT('',#3825);
#1173=VERTEX_POINT('',#3827);
#1174=VERTEX_POINT('',#3831);
#1175=VERTEX_POINT('',#3833);
#1176=VERTEX_POINT('',#3835);
#1177=VERTEX_POINT('',#3837);
#1178=VERTEX_POINT('',#3839);
#1179=VERTEX_POINT('',#3841);
#1180=VERTEX_POINT('',#3843);
#1181=VERTEX_POINT('',#3845);
#1182=VERTEX_POINT('',#3849);
#1183=VERTEX_POINT('',#3853);
#1184=VERTEX_POINT('',#3855);
#1185=VERTEX_POINT('',#3857);
#1186=VERTEX_POINT('',#3859);
#1187=VERTEX_POINT('',#3861);
#1188=VERTEX_POINT('',#3863);
#1189=VERTEX_POINT('',#3865);
#1190=VERTEX_POINT('',#3869);
#1191=VERTEX_POINT('',#3871);
#1192=VERTEX_POINT('',#3873);
#1193=VERTEX_POINT('',#3875);
#1194=VERTEX_POINT('',#3877);
#1195=VERTEX_POINT('',#3879);
#1196=VERTEX_POINT('',#3881);
#1197=VERTEX_POINT('',#3883);
#1198=VERTEX_POINT('',#3887);
#1199=VERTEX_POINT('',#3891);
#1200=VERTEX_POINT('',#3893);
#1201=VERTEX_POINT('',#3895);
#1202=VERTEX_POINT('',#3897);
#1203=VERTEX_POINT('',#3899);
#1204=VERTEX_POINT('',#3901);
#1205=VERTEX_POINT('',#3903);
#1206=VERTEX_POINT('',#3907);
#1207=VERTEX_POINT('',#3909);
#1208=VERTEX_POINT('',#3911);
#1209=VERTEX_POINT('',#3913);
#1210=VERTEX_POINT('',#3915);
#1211=VERTEX_POINT('',#3917);
#1212=VERTEX_POINT('',#3919);
#1213=VERTEX_POINT('',#3921);
#1214=VERTEX_POINT('',#3925);
#1215=VERTEX_POINT('',#3929);
#1216=VERTEX_POINT('',#3931);
#1217=VERTEX_POINT('',#3933);
#1218=VERTEX_POINT('',#3935);
#1219=VERTEX_POINT('',#3937);
#1220=VERTEX_POINT('',#3939);
#1221=VERTEX_POINT('',#3941);
#1222=VERTEX_POINT('',#3945);
#1223=VERTEX_POINT('',#3947);
#1224=VERTEX_POINT('',#3949);
#1225=VERTEX_POINT('',#3951);
#1226=VERTEX_POINT('',#3953);
#1227=VERTEX_POINT('',#3955);
#1228=VERTEX_POINT('',#3957);
#1229=VERTEX_POINT('',#3959);
#1230=VERTEX_POINT('',#3963);
#1231=VERTEX_POINT('',#3967);
#1232=VERTEX_POINT('',#3969);
#1233=VERTEX_POINT('',#3971);
#1234=VERTEX_POINT('',#3973);
#1235=VERTEX_POINT('',#3975);
#1236=VERTEX_POINT('',#3977);
#1237=VERTEX_POINT('',#3979);
#1238=VERTEX_POINT('',#3983);
#1239=VERTEX_POINT('',#3985);
#1240=VERTEX_POINT('',#3987);
#1241=VERTEX_POINT('',#3989);
#1242=VERTEX_POINT('',#3991);
#1243=VERTEX_POINT('',#3993);
#1244=VERTEX_POINT('',#3995);
#1245=VERTEX_POINT('',#3997);
#1246=VERTEX_POINT('',#4001);
#1247=VERTEX_POINT('',#4005);
#1248=VERTEX_POINT('',#4007);
#1249=VERTEX_POINT('',#4009);
#1250=VERTEX_POINT('',#4011);
#1251=VERTEX_POINT('',#4013);
#1252=VERTEX_POINT('',#4015);
#1253=VERTEX_POINT('',#4017);
#1254=VERTEX_POINT('',#4021);
#1255=VERTEX_POINT('',#4023);
#1256=VERTEX_POINT('',#4025);
#1257=VERTEX_POINT('',#4027);
#1258=VERTEX_POINT('',#4029);
#1259=VERTEX_POINT('',#4031);
#1260=VERTEX_POINT('',#4033);
#1261=VERTEX_POINT('',#4035);
#1262=VERTEX_POINT('',#4039);
#1263=VERTEX_POINT('',#4043);
#1264=VERTEX_POINT('',#4045);
#1265=VERTEX_POINT('',#4047);
#1266=VERTEX_POINT('',#4049);
#1267=VERTEX_POINT('',#4051);
#1268=VERTEX_POINT('',#4053);
#1269=VERTEX_POINT('',#4055);
#1270=VERTEX_POINT('',#4059);
#1271=VERTEX_POINT('',#4060);
#1272=VERTEX_POINT('',#4065);
#1273=VERTEX_POINT('',#4129);
#1274=VERTEX_POINT('',#4130);
#1275=VERTEX_POINT('',#4135);
#1276=VERTEX_POINT('',#4139);
#1277=VERTEX_POINT('',#4203);
#1278=EDGE_CURVE('',#1044,#1044,#978,.T.);
#1279=EDGE_CURVE('',#1044,#1045,#384,.T.);
#1280=EDGE_CURVE('',#1045,#1045,#979,.T.);
#1281=EDGE_CURVE('',#1046,#1047,#385,.T.);
#1282=EDGE_CURVE('',#1048,#1046,#386,.T.);
#1283=EDGE_CURVE('',#1049,#1048,#387,.T.);
#1284=EDGE_CURVE('',#1050,#1049,#388,.T.);
#1285=EDGE_CURVE('',#1051,#1050,#389,.T.);
#1286=EDGE_CURVE('',#1052,#1051,#390,.T.);
#1287=EDGE_CURVE('',#1053,#1052,#391,.T.);
#1288=EDGE_CURVE('',#1047,#1053,#392,.T.);
#1289=EDGE_CURVE('',#1054,#1055,#393,.T.);
#1290=EDGE_CURVE('',#1047,#1054,#394,.T.);
#1291=EDGE_CURVE('',#1055,#1053,#395,.T.);
#1292=EDGE_CURVE('',#1056,#1054,#396,.T.);
#1293=EDGE_CURVE('',#1046,#1056,#397,.T.);
#1294=EDGE_CURVE('',#1057,#1056,#398,.T.);
#1295=EDGE_CURVE('',#1058,#1057,#399,.T.);
#1296=EDGE_CURVE('',#1059,#1058,#400,.T.);
#1297=EDGE_CURVE('',#1060,#1059,#401,.T.);
#1298=EDGE_CURVE('',#1061,#1060,#402,.T.);
#1299=EDGE_CURVE('',#1062,#1061,#403,.T.);
#1300=EDGE_CURVE('',#1063,#1062,#404,.T.);
#1301=EDGE_CURVE('',#1064,#1063,#405,.T.);
#1302=EDGE_CURVE('',#1065,#1064,#406,.T.);
#1303=EDGE_CURVE('',#1048,#1065,#407,.T.);
#1304=EDGE_CURVE('',#1066,#1065,#408,.T.);
#1305=EDGE_CURVE('',#1049,#1066,#409,.T.);
#1306=EDGE_CURVE('',#1067,#1066,#410,.T.);
#1307=EDGE_CURVE('',#1050,#1067,#411,.T.);
#1308=EDGE_CURVE('',#1068,#1067,#412,.T.);
#1309=EDGE_CURVE('',#1051,#1068,#413,.T.);
#1310=EDGE_CURVE('',#1069,#1068,#414,.T.);
#1311=EDGE_CURVE('',#1070,#1069,#415,.T.);
#1312=EDGE_CURVE('',#1071,#1070,#416,.T.);
#1313=EDGE_CURVE('',#1072,#1071,#417,.T.);
#1314=EDGE_CURVE('',#1073,#1072,#418,.T.);
#1315=EDGE_CURVE('',#1074,#1073,#419,.T.);
#1316=EDGE_CURVE('',#1075,#1074,#420,.T.);
#1317=EDGE_CURVE('',#1076,#1075,#421,.T.);
#1318=EDGE_CURVE('',#1077,#1076,#422,.T.);
#1319=EDGE_CURVE('',#1052,#1077,#423,.T.);
#1320=EDGE_CURVE('',#1055,#1077,#424,.T.);
#1321=EDGE_CURVE('',#1078,#1079,#425,.T.);
#1322=EDGE_CURVE('',#1054,#1078,#426,.T.);
#1323=EDGE_CURVE('',#1079,#1055,#427,.T.);
#1324=EDGE_CURVE('',#1080,#1078,#428,.T.);
#1325=EDGE_CURVE('',#1056,#1080,#429,.T.);
#1326=EDGE_CURVE('',#1057,#1081,#430,.T.);
#1327=EDGE_CURVE('',#1081,#1080,#431,.T.);
#1328=EDGE_CURVE('',#1058,#1082,#432,.T.);
#1329=EDGE_CURVE('',#1083,#1057,#433,.T.);
#1330=EDGE_CURVE('',#1082,#1083,#434,.T.);
#1331=EDGE_CURVE('',#1059,#1084,#435,.T.);
#1332=EDGE_CURVE('',#1085,#1058,#436,.T.);
#1333=EDGE_CURVE('',#1084,#1085,#437,.T.);
#1334=EDGE_CURVE('',#1060,#1086,#438,.T.);
#1335=EDGE_CURVE('',#1087,#1059,#439,.T.);
#1336=EDGE_CURVE('',#1086,#1087,#440,.T.);
#1337=EDGE_CURVE('',#1061,#1088,#441,.T.);
#1338=EDGE_CURVE('',#1089,#1060,#442,.T.);
#1339=EDGE_CURVE('',#1088,#1089,#443,.T.);
#1340=EDGE_CURVE('',#1062,#1090,#444,.T.);
#1341=EDGE_CURVE('',#1091,#1061,#445,.T.);
#1342=EDGE_CURVE('',#1090,#1091,#446,.T.);
#1343=EDGE_CURVE('',#1063,#1092,#447,.T.);
#1344=EDGE_CURVE('',#1093,#1062,#448,.T.);
#1345=EDGE_CURVE('',#1092,#1093,#449,.T.);
#1346=EDGE_CURVE('',#1064,#1094,#450,.T.);
#1347=EDGE_CURVE('',#1095,#1063,#451,.T.);
#1348=EDGE_CURVE('',#1094,#1095,#452,.T.);
#1349=EDGE_CURVE('',#1065,#1096,#453,.T.);
#1350=EDGE_CURVE('',#1097,#1064,#454,.T.);
#1351=EDGE_CURVE('',#1096,#1097,#455,.T.);
#1352=EDGE_CURVE('',#1098,#1096,#456,.T.);
#1353=EDGE_CURVE('',#1066,#1098,#457,.T.);
#1354=EDGE_CURVE('',#1099,#1098,#458,.T.);
#1355=EDGE_CURVE('',#1067,#1099,#459,.T.);
#1356=EDGE_CURVE('',#1100,#1099,#460,.T.);
#1357=EDGE_CURVE('',#1068,#1100,#461,.T.);
#1358=EDGE_CURVE('',#1069,#1101,#462,.T.);
#1359=EDGE_CURVE('',#1101,#1100,#463,.T.);
#1360=EDGE_CURVE('',#1070,#1102,#464,.T.);
#1361=EDGE_CURVE('',#1103,#1069,#465,.T.);
#1362=EDGE_CURVE('',#1102,#1103,#466,.T.);
#1363=EDGE_CURVE('',#1071,#1104,#467,.T.);
#1364=EDGE_CURVE('',#1105,#1070,#468,.T.);
#1365=EDGE_CURVE('',#1104,#1105,#469,.T.);
#1366=EDGE_CURVE('',#1072,#1106,#470,.T.);
#1367=EDGE_CURVE('',#1107,#1071,#471,.T.);
#1368=EDGE_CURVE('',#1106,#1107,#472,.T.);
#1369=EDGE_CURVE('',#1073,#1108,#473,.T.);
#1370=EDGE_CURVE('',#1109,#1072,#474,.T.);
#1371=EDGE_CURVE('',#1108,#1109,#475,.T.);
#1372=EDGE_CURVE('',#1074,#1110,#476,.T.);
#1373=EDGE_CURVE('',#1111,#1073,#477,.T.);
#1374=EDGE_CURVE('',#1110,#1111,#478,.T.);
#1375=EDGE_CURVE('',#1075,#1112,#479,.T.);
#1376=EDGE_CURVE('',#1113,#1074,#480,.T.);
#1377=EDGE_CURVE('',#1112,#1113,#481,.T.);
#1378=EDGE_CURVE('',#1076,#1114,#482,.T.);
#1379=EDGE_CURVE('',#1115,#1075,#483,.T.);
#1380=EDGE_CURVE('',#1114,#1115,#484,.T.);
#1381=EDGE_CURVE('',#1077,#1116,#485,.T.);
#1382=EDGE_CURVE('',#1117,#1076,#486,.T.);
#1383=EDGE_CURVE('',#1116,#1117,#487,.T.);
#1384=EDGE_CURVE('',#1079,#1116,#488,.T.);
#1385=EDGE_CURVE('',#1118,#1117,#489,.T.);
#1386=EDGE_CURVE('',#1119,#1118,#490,.T.);
#1387=EDGE_CURVE('',#1119,#1112,#491,.T.);
#1388=EDGE_CURVE('',#1120,#1113,#492,.T.);
#1389=EDGE_CURVE('',#1121,#1120,#493,.T.);
#1390=EDGE_CURVE('',#1121,#1108,#494,.T.);
#1391=EDGE_CURVE('',#1122,#1109,#495,.T.);
#1392=EDGE_CURVE('',#1123,#1122,#496,.T.);
#1393=EDGE_CURVE('',#1123,#1104,#497,.T.);
#1394=EDGE_CURVE('',#1124,#1105,#498,.T.);
#1395=EDGE_CURVE('',#1125,#1124,#499,.T.);
#1396=EDGE_CURVE('',#1125,#1101,#500,.T.);
#1397=EDGE_CURVE('',#1126,#1097,#501,.T.);
#1398=EDGE_CURVE('',#1127,#1126,#502,.T.);
#1399=EDGE_CURVE('',#1127,#1092,#503,.T.);
#1400=EDGE_CURVE('',#1128,#1093,#504,.T.);
#1401=EDGE_CURVE('',#1129,#1128,#505,.T.);
#1402=EDGE_CURVE('',#1129,#1088,#506,.T.);
#1403=EDGE_CURVE('',#1130,#1089,#507,.T.);
#1404=EDGE_CURVE('',#1131,#1130,#508,.T.);
#1405=EDGE_CURVE('',#1131,#1084,#509,.T.);
#1406=EDGE_CURVE('',#1132,#1085,#510,.T.);
#1407=EDGE_CURVE('',#1133,#1132,#511,.T.);
#1408=EDGE_CURVE('',#1133,#1081,#512,.T.);
#1409=EDGE_CURVE('',#1134,#1135,#513,.T.);
#1410=EDGE_CURVE('',#1136,#1134,#514,.T.);
#1411=EDGE_CURVE('',#1136,#1137,#515,.T.);
#1412=EDGE_CURVE('',#1138,#1137,#516,.T.);
#1413=EDGE_CURVE('',#1139,#1138,#517,.T.);
#1414=EDGE_CURVE('',#1140,#1139,#518,.T.);
#1415=EDGE_CURVE('',#1140,#1141,#519,.T.);
#1416=EDGE_CURVE('',#1135,#1141,#520,.T.);
#1417=EDGE_CURVE('',#1142,#1133,#980,.T.);
#1418=EDGE_CURVE('',#1143,#1142,#521,.T.);
#1419=EDGE_CURVE('',#1144,#1143,#981,.T.);
#1420=EDGE_CURVE('',#1145,#1144,#522,.T.);
#1421=EDGE_CURVE('',#1146,#1145,#523,.T.);
#1422=EDGE_CURVE('',#1147,#1146,#524,.T.);
#1423=EDGE_CURVE('',#1148,#1147,#982,.T.);
#1424=EDGE_CURVE('',#1149,#1148,#525,.T.);
#1425=EDGE_CURVE('',#1083,#1149,#983,.T.);
#1426=EDGE_CURVE('',#1150,#1149,#526,.T.);
#1427=EDGE_CURVE('',#1082,#1150,#984,.T.);
#1428=EDGE_CURVE('',#1151,#1132,#985,.T.);
#1429=EDGE_CURVE('',#1150,#1152,#527,.T.);
#1430=EDGE_CURVE('',#1152,#1153,#986,.T.);
#1431=EDGE_CURVE('',#1153,#1154,#528,.T.);
#1432=EDGE_CURVE('',#1154,#1155,#529,.T.);
#1433=EDGE_CURVE('',#1155,#1156,#530,.T.);
#1434=EDGE_CURVE('',#1156,#1157,#987,.T.);
#1435=EDGE_CURVE('',#1157,#1151,#531,.T.);
#1436=EDGE_CURVE('',#1158,#1131,#988,.T.);
#1437=EDGE_CURVE('',#1159,#1158,#532,.T.);
#1438=EDGE_CURVE('',#1160,#1159,#989,.T.);
#1439=EDGE_CURVE('',#1161,#1160,#533,.T.);
#1440=EDGE_CURVE('',#1162,#1161,#534,.T.);
#1441=EDGE_CURVE('',#1163,#1162,#535,.T.);
#1442=EDGE_CURVE('',#1164,#1163,#990,.T.);
#1443=EDGE_CURVE('',#1165,#1164,#536,.T.);
#1444=EDGE_CURVE('',#1087,#1165,#991,.T.);
#1445=EDGE_CURVE('',#1166,#1165,#537,.T.);
#1446=EDGE_CURVE('',#1086,#1166,#992,.T.);
#1447=EDGE_CURVE('',#1167,#1130,#993,.T.);
#1448=EDGE_CURVE('',#1166,#1168,#538,.T.);
#1449=EDGE_CURVE('',#1168,#1169,#994,.T.);
#1450=EDGE_CURVE('',#1169,#1170,#539,.T.);
#1451=EDGE_CURVE('',#1170,#1171,#540,.T.);
#1452=EDGE_CURVE('',#1171,#1172,#541,.T.);
#1453=EDGE_CURVE('',#1172,#1173,#995,.T.);
#1454=EDGE_CURVE('',#1173,#1167,#542,.T.);
#1455=EDGE_CURVE('',#1174,#1129,#996,.T.);
#1456=EDGE_CURVE('',#1175,#1174,#543,.T.);
#1457=EDGE_CURVE('',#1176,#1175,#997,.T.);
#1458=EDGE_CURVE('',#1177,#1176,#544,.T.);
#1459=EDGE_CURVE('',#1178,#1177,#545,.T.);
#1460=EDGE_CURVE('',#1179,#1178,#546,.T.);
#1461=EDGE_CURVE('',#1180,#1179,#998,.T.);
#1462=EDGE_CURVE('',#1181,#1180,#547,.T.);
#1463=EDGE_CURVE('',#1091,#1181,#999,.T.);
#1464=EDGE_CURVE('',#1182,#1181,#548,.T.);
#1465=EDGE_CURVE('',#1090,#1182,#1000,.T.);
#1466=EDGE_CURVE('',#1183,#1128,#1001,.T.);
#1467=EDGE_CURVE('',#1182,#1184,#549,.T.);
#1468=EDGE_CURVE('',#1184,#1185,#1002,.T.);
#1469=EDGE_CURVE('',#1185,#1186,#550,.T.);
#1470=EDGE_CURVE('',#1186,#1187,#551,.T.);
#1471=EDGE_CURVE('',#1187,#1188,#552,.T.);
#1472=EDGE_CURVE('',#1188,#1189,#1003,.T.);
#1473=EDGE_CURVE('',#1189,#1183,#553,.T.);
#1474=EDGE_CURVE('',#1190,#1127,#1004,.T.);
#1475=EDGE_CURVE('',#1191,#1190,#554,.T.);
#1476=EDGE_CURVE('',#1192,#1191,#1005,.T.);
#1477=EDGE_CURVE('',#1193,#1192,#555,.T.);
#1478=EDGE_CURVE('',#1194,#1193,#556,.T.);
#1479=EDGE_CURVE('',#1195,#1194,#557,.T.);
#1480=EDGE_CURVE('',#1196,#1195,#1006,.T.);
#1481=EDGE_CURVE('',#1197,#1196,#558,.T.);
#1482=EDGE_CURVE('',#1095,#1197,#1007,.T.);
#1483=EDGE_CURVE('',#1198,#1197,#559,.T.);
#1484=EDGE_CURVE('',#1094,#1198,#1008,.T.);
#1485=EDGE_CURVE('',#1199,#1126,#1009,.T.);
#1486=EDGE_CURVE('',#1198,#1200,#560,.T.);
#1487=EDGE_CURVE('',#1200,#1201,#1010,.T.);
#1488=EDGE_CURVE('',#1201,#1202,#561,.T.);
#1489=EDGE_CURVE('',#1202,#1203,#562,.T.);
#1490=EDGE_CURVE('',#1203,#1204,#563,.T.);
#1491=EDGE_CURVE('',#1204,#1205,#1011,.T.);
#1492=EDGE_CURVE('',#1205,#1199,#564,.T.);
#1493=EDGE_CURVE('',#1206,#1125,#1012,.T.);
#1494=EDGE_CURVE('',#1207,#1206,#565,.T.);
#1495=EDGE_CURVE('',#1208,#1207,#1013,.T.);
#1496=EDGE_CURVE('',#1209,#1208,#566,.T.);
#1497=EDGE_CURVE('',#1210,#1209,#567,.T.);
#1498=EDGE_CURVE('',#1211,#1210,#568,.T.);
#1499=EDGE_CURVE('',#1212,#1211,#1014,.T.);
#1500=EDGE_CURVE('',#1213,#1212,#569,.T.);
#1501=EDGE_CURVE('',#1103,#1213,#1015,.T.);
#1502=EDGE_CURVE('',#1214,#1213,#570,.T.);
#1503=EDGE_CURVE('',#1102,#1214,#1016,.T.);
#1504=EDGE_CURVE('',#1215,#1124,#1017,.T.);
#1505=EDGE_CURVE('',#1214,#1216,#571,.T.);
#1506=EDGE_CURVE('',#1216,#1217,#1018,.T.);
#1507=EDGE_CURVE('',#1217,#1218,#572,.T.);
#1508=EDGE_CURVE('',#1218,#1219,#573,.T.);
#1509=EDGE_CURVE('',#1219,#1220,#574,.T.);
#1510=EDGE_CURVE('',#1220,#1221,#1019,.T.);
#1511=EDGE_CURVE('',#1221,#1215,#575,.T.);
#1512=EDGE_CURVE('',#1222,#1123,#1020,.T.);
#1513=EDGE_CURVE('',#1223,#1222,#576,.T.);
#1514=EDGE_CURVE('',#1224,#1223,#1021,.T.);
#1515=EDGE_CURVE('',#1225,#1224,#577,.T.);
#1516=EDGE_CURVE('',#1226,#1225,#578,.T.);
#1517=EDGE_CURVE('',#1227,#1226,#579,.T.);
#1518=EDGE_CURVE('',#1228,#1227,#1022,.T.);
#1519=EDGE_CURVE('',#1229,#1228,#580,.T.);
#1520=EDGE_CURVE('',#1107,#1229,#1023,.T.);
#1521=EDGE_CURVE('',#1230,#1229,#581,.T.);
#1522=EDGE_CURVE('',#1106,#1230,#1024,.T.);
#1523=EDGE_CURVE('',#1231,#1122,#1025,.T.);
#1524=EDGE_CURVE('',#1230,#1232,#582,.T.);
#1525=EDGE_CURVE('',#1232,#1233,#1026,.T.);
#1526=EDGE_CURVE('',#1233,#1234,#583,.T.);
#1527=EDGE_CURVE('',#1234,#1235,#584,.T.);
#1528=EDGE_CURVE('',#1235,#1236,#585,.T.);
#1529=EDGE_CURVE('',#1236,#1237,#1027,.T.);
#1530=EDGE_CURVE('',#1237,#1231,#586,.T.);
#1531=EDGE_CURVE('',#1238,#1121,#1028,.T.);
#1532=EDGE_CURVE('',#1239,#1238,#587,.T.);
#1533=EDGE_CURVE('',#1240,#1239,#1029,.T.);
#1534=EDGE_CURVE('',#1241,#1240,#588,.T.);
#1535=EDGE_CURVE('',#1242,#1241,#589,.T.);
#1536=EDGE_CURVE('',#1243,#1242,#590,.T.);
#1537=EDGE_CURVE('',#1244,#1243,#1030,.T.);
#1538=EDGE_CURVE('',#1245,#1244,#591,.T.);
#1539=EDGE_CURVE('',#1111,#1245,#1031,.T.);
#1540=EDGE_CURVE('',#1246,#1245,#592,.T.);
#1541=EDGE_CURVE('',#1110,#1246,#1032,.T.);
#1542=EDGE_CURVE('',#1247,#1120,#1033,.T.);
#1543=EDGE_CURVE('',#1246,#1248,#593,.T.);
#1544=EDGE_CURVE('',#1248,#1249,#1034,.T.);
#1545=EDGE_CURVE('',#1249,#1250,#594,.T.);
#1546=EDGE_CURVE('',#1250,#1251,#595,.T.);
#1547=EDGE_CURVE('',#1251,#1252,#596,.T.);
#1548=EDGE_CURVE('',#1252,#1253,#1035,.T.);
#1549=EDGE_CURVE('',#1253,#1247,#597,.T.);
#1550=EDGE_CURVE('',#1254,#1119,#1036,.T.);
#1551=EDGE_CURVE('',#1255,#1254,#598,.T.);
#1552=EDGE_CURVE('',#1256,#1255,#1037,.T.);
#1553=EDGE_CURVE('',#1257,#1256,#599,.T.);
#1554=EDGE_CURVE('',#1258,#1257,#600,.T.);
#1555=EDGE_CURVE('',#1259,#1258,#601,.T.);
#1556=EDGE_CURVE('',#1260,#1259,#1038,.T.);
#1557=EDGE_CURVE('',#1261,#1260,#602,.T.);
#1558=EDGE_CURVE('',#1115,#1261,#1039,.T.);
#1559=EDGE_CURVE('',#1262,#1261,#603,.T.);
#1560=EDGE_CURVE('',#1114,#1262,#1040,.T.);
#1561=EDGE_CURVE('',#1263,#1118,#1041,.T.);
#1562=EDGE_CURVE('',#1262,#1264,#604,.T.);
#1563=EDGE_CURVE('',#1264,#1265,#1042,.T.);
#1564=EDGE_CURVE('',#1265,#1266,#605,.T.);
#1565=EDGE_CURVE('',#1266,#1267,#606,.T.);
#1566=EDGE_CURVE('',#1267,#1268,#607,.T.);
#1567=EDGE_CURVE('',#1268,#1269,#1043,.T.);
#1568=EDGE_CURVE('',#1269,#1263,#608,.T.);
#1569=EDGE_CURVE('',#1270,#1271,#609,.T.);
#1570=EDGE_CURVE('',#1134,#1270,#610,.T.);
#1571=EDGE_CURVE('',#1271,#1135,#611,.T.);
#1572=EDGE_CURVE('',#1272,#1270,#612,.T.);
#1573=EDGE_CURVE('',#1272,#1136,#613,.T.);
#1574=EDGE_CURVE('',#1151,#1142,#614,.T.);
#1575=EDGE_CURVE('',#1143,#1157,#615,.T.);
#1576=EDGE_CURVE('',#1144,#1156,#616,.T.);
#1577=EDGE_CURVE('',#1145,#1155,#617,.T.);
#1578=EDGE_CURVE('',#1146,#1154,#618,.T.);
#1579=EDGE_CURVE('',#1147,#1153,#619,.T.);
#1580=EDGE_CURVE('',#1152,#1148,#620,.T.);
#1581=EDGE_CURVE('',#1167,#1158,#621,.T.);
#1582=EDGE_CURVE('',#1159,#1173,#622,.T.);
#1583=EDGE_CURVE('',#1160,#1172,#623,.T.);
#1584=EDGE_CURVE('',#1161,#1171,#624,.T.);
#1585=EDGE_CURVE('',#1162,#1170,#625,.T.);
#1586=EDGE_CURVE('',#1163,#1169,#626,.T.);
#1587=EDGE_CURVE('',#1168,#1164,#627,.T.);
#1588=EDGE_CURVE('',#1183,#1174,#628,.T.);
#1589=EDGE_CURVE('',#1175,#1189,#629,.T.);
#1590=EDGE_CURVE('',#1176,#1188,#630,.T.);
#1591=EDGE_CURVE('',#1177,#1187,#631,.T.);
#1592=EDGE_CURVE('',#1178,#1186,#632,.T.);
#1593=EDGE_CURVE('',#1179,#1185,#633,.T.);
#1594=EDGE_CURVE('',#1184,#1180,#634,.T.);
#1595=EDGE_CURVE('',#1199,#1190,#635,.T.);
#1596=EDGE_CURVE('',#1191,#1205,#636,.T.);
#1597=EDGE_CURVE('',#1192,#1204,#637,.T.);
#1598=EDGE_CURVE('',#1193,#1203,#638,.T.);
#1599=EDGE_CURVE('',#1194,#1202,#639,.T.);
#1600=EDGE_CURVE('',#1195,#1201,#640,.T.);
#1601=EDGE_CURVE('',#1200,#1196,#641,.T.);
#1602=EDGE_CURVE('',#1273,#1274,#642,.T.);
#1603=EDGE_CURVE('',#1138,#1273,#643,.T.);
#1604=EDGE_CURVE('',#1137,#1274,#644,.T.);
#1605=EDGE_CURVE('',#1275,#1273,#645,.T.);
#1606=EDGE_CURVE('',#1139,#1275,#646,.T.);
#1607=EDGE_CURVE('',#1276,#1275,#647,.T.);
#1608=EDGE_CURVE('',#1276,#1140,#648,.T.);
#1609=EDGE_CURVE('',#1215,#1206,#649,.T.);
#1610=EDGE_CURVE('',#1207,#1221,#650,.T.);
#1611=EDGE_CURVE('',#1208,#1220,#651,.T.);
#1612=EDGE_CURVE('',#1209,#1219,#652,.T.);
#1613=EDGE_CURVE('',#1210,#1218,#653,.T.);
#1614=EDGE_CURVE('',#1211,#1217,#654,.T.);
#1615=EDGE_CURVE('',#1216,#1212,#655,.T.);
#1616=EDGE_CURVE('',#1231,#1222,#656,.T.);
#1617=EDGE_CURVE('',#1223,#1237,#657,.T.);
#1618=EDGE_CURVE('',#1224,#1236,#658,.T.);
#1619=EDGE_CURVE('',#1225,#1235,#659,.T.);
#1620=EDGE_CURVE('',#1226,#1234,#660,.T.);
#1621=EDGE_CURVE('',#1227,#1233,#661,.T.);
#1622=EDGE_CURVE('',#1232,#1228,#662,.T.);
#1623=EDGE_CURVE('',#1247,#1238,#663,.T.);
#1624=EDGE_CURVE('',#1239,#1253,#664,.T.);
#1625=EDGE_CURVE('',#1240,#1252,#665,.T.);
#1626=EDGE_CURVE('',#1241,#1251,#666,.T.);
#1627=EDGE_CURVE('',#1242,#1250,#667,.T.);
#1628=EDGE_CURVE('',#1243,#1249,#668,.T.);
#1629=EDGE_CURVE('',#1248,#1244,#669,.T.);
#1630=EDGE_CURVE('',#1263,#1254,#670,.T.);
#1631=EDGE_CURVE('',#1255,#1269,#671,.T.);
#1632=EDGE_CURVE('',#1256,#1268,#672,.T.);
#1633=EDGE_CURVE('',#1257,#1267,#673,.T.);
#1634=EDGE_CURVE('',#1258,#1266,#674,.T.);
#1635=EDGE_CURVE('',#1259,#1265,#675,.T.);
#1636=EDGE_CURVE('',#1264,#1260,#676,.T.);
#1637=EDGE_CURVE('',#1271,#1277,#677,.T.);
#1638=EDGE_CURVE('',#1141,#1277,#678,.T.);
#1639=EDGE_CURVE('',#1274,#1272,#679,.T.);
#1640=EDGE_CURVE('',#1277,#1276,#680,.T.);
#1641=ORIENTED_EDGE('',*,*,#1278,.F.);
#1642=ORIENTED_EDGE('',*,*,#1279,.T.);
#1643=ORIENTED_EDGE('',*,*,#1280,.F.);
#1644=ORIENTED_EDGE('',*,*,#1279,.F.);
#1645=ORIENTED_EDGE('',*,*,#1281,.F.);
#1646=ORIENTED_EDGE('',*,*,#1282,.F.);
#1647=ORIENTED_EDGE('',*,*,#1283,.F.);
#1648=ORIENTED_EDGE('',*,*,#1284,.F.);
#1649=ORIENTED_EDGE('',*,*,#1285,.F.);
#1650=ORIENTED_EDGE('',*,*,#1286,.F.);
#1651=ORIENTED_EDGE('',*,*,#1287,.F.);
#1652=ORIENTED_EDGE('',*,*,#1288,.F.);
#1653=ORIENTED_EDGE('',*,*,#1289,.F.);
#1654=ORIENTED_EDGE('',*,*,#1290,.F.);
#1655=ORIENTED_EDGE('',*,*,#1288,.T.);
#1656=ORIENTED_EDGE('',*,*,#1291,.F.);
#1657=ORIENTED_EDGE('',*,*,#1292,.F.);
#1658=ORIENTED_EDGE('',*,*,#1293,.F.);
#1659=ORIENTED_EDGE('',*,*,#1281,.T.);
#1660=ORIENTED_EDGE('',*,*,#1290,.T.);
#1661=ORIENTED_EDGE('',*,*,#1294,.F.);
#1662=ORIENTED_EDGE('',*,*,#1295,.F.);
#1663=ORIENTED_EDGE('',*,*,#1296,.F.);
#1664=ORIENTED_EDGE('',*,*,#1297,.F.);
#1665=ORIENTED_EDGE('',*,*,#1298,.F.);
#1666=ORIENTED_EDGE('',*,*,#1299,.F.);
#1667=ORIENTED_EDGE('',*,*,#1300,.F.);
#1668=ORIENTED_EDGE('',*,*,#1301,.F.);
#1669=ORIENTED_EDGE('',*,*,#1302,.F.);
#1670=ORIENTED_EDGE('',*,*,#1303,.F.);
#1671=ORIENTED_EDGE('',*,*,#1282,.T.);
#1672=ORIENTED_EDGE('',*,*,#1293,.T.);
#1673=ORIENTED_EDGE('',*,*,#1304,.F.);
#1674=ORIENTED_EDGE('',*,*,#1305,.F.);
#1675=ORIENTED_EDGE('',*,*,#1283,.T.);
#1676=ORIENTED_EDGE('',*,*,#1303,.T.);
#1677=ORIENTED_EDGE('',*,*,#1306,.F.);
#1678=ORIENTED_EDGE('',*,*,#1307,.F.);
#1679=ORIENTED_EDGE('',*,*,#1284,.T.);
#1680=ORIENTED_EDGE('',*,*,#1305,.T.);
#1681=ORIENTED_EDGE('',*,*,#1308,.F.);
#1682=ORIENTED_EDGE('',*,*,#1309,.F.);
#1683=ORIENTED_EDGE('',*,*,#1285,.T.);
#1684=ORIENTED_EDGE('',*,*,#1307,.T.);
#1685=ORIENTED_EDGE('',*,*,#1310,.F.);
#1686=ORIENTED_EDGE('',*,*,#1311,.F.);
#1687=ORIENTED_EDGE('',*,*,#1312,.F.);
#1688=ORIENTED_EDGE('',*,*,#1313,.F.);
#1689=ORIENTED_EDGE('',*,*,#1314,.F.);
#1690=ORIENTED_EDGE('',*,*,#1315,.F.);
#1691=ORIENTED_EDGE('',*,*,#1316,.F.);
#1692=ORIENTED_EDGE('',*,*,#1317,.F.);
#1693=ORIENTED_EDGE('',*,*,#1318,.F.);
#1694=ORIENTED_EDGE('',*,*,#1319,.F.);
#1695=ORIENTED_EDGE('',*,*,#1286,.T.);
#1696=ORIENTED_EDGE('',*,*,#1309,.T.);
#1697=ORIENTED_EDGE('',*,*,#1320,.F.);
#1698=ORIENTED_EDGE('',*,*,#1291,.T.);
#1699=ORIENTED_EDGE('',*,*,#1287,.T.);
#1700=ORIENTED_EDGE('',*,*,#1319,.T.);
#1701=ORIENTED_EDGE('',*,*,#1321,.F.);
#1702=ORIENTED_EDGE('',*,*,#1322,.F.);
#1703=ORIENTED_EDGE('',*,*,#1289,.T.);
#1704=ORIENTED_EDGE('',*,*,#1323,.F.);
#1705=ORIENTED_EDGE('',*,*,#1324,.F.);
#1706=ORIENTED_EDGE('',*,*,#1325,.F.);
#1707=ORIENTED_EDGE('',*,*,#1292,.T.);
#1708=ORIENTED_EDGE('',*,*,#1322,.T.);
#1709=ORIENTED_EDGE('',*,*,#1326,.F.);
#1710=ORIENTED_EDGE('',*,*,#1294,.T.);
#1711=ORIENTED_EDGE('',*,*,#1325,.T.);
#1712=ORIENTED_EDGE('',*,*,#1327,.F.);
#1713=ORIENTED_EDGE('',*,*,#1328,.F.);
#1714=ORIENTED_EDGE('',*,*,#1295,.T.);
#1715=ORIENTED_EDGE('',*,*,#1329,.F.);
#1716=ORIENTED_EDGE('',*,*,#1330,.F.);
#1717=ORIENTED_EDGE('',*,*,#1331,.F.);
#1718=ORIENTED_EDGE('',*,*,#1296,.T.);
#1719=ORIENTED_EDGE('',*,*,#1332,.F.);
#1720=ORIENTED_EDGE('',*,*,#1333,.F.);
#1721=ORIENTED_EDGE('',*,*,#1334,.F.);
#1722=ORIENTED_EDGE('',*,*,#1297,.T.);
#1723=ORIENTED_EDGE('',*,*,#1335,.F.);
#1724=ORIENTED_EDGE('',*,*,#1336,.F.);
#1725=ORIENTED_EDGE('',*,*,#1337,.F.);
#1726=ORIENTED_EDGE('',*,*,#1298,.T.);
#1727=ORIENTED_EDGE('',*,*,#1338,.F.);
#1728=ORIENTED_EDGE('',*,*,#1339,.F.);
#1729=ORIENTED_EDGE('',*,*,#1340,.F.);
#1730=ORIENTED_EDGE('',*,*,#1299,.T.);
#1731=ORIENTED_EDGE('',*,*,#1341,.F.);
#1732=ORIENTED_EDGE('',*,*,#1342,.F.);
#1733=ORIENTED_EDGE('',*,*,#1343,.F.);
#1734=ORIENTED_EDGE('',*,*,#1300,.T.);
#1735=ORIENTED_EDGE('',*,*,#1344,.F.);
#1736=ORIENTED_EDGE('',*,*,#1345,.F.);
#1737=ORIENTED_EDGE('',*,*,#1346,.F.);
#1738=ORIENTED_EDGE('',*,*,#1301,.T.);
#1739=ORIENTED_EDGE('',*,*,#1347,.F.);
#1740=ORIENTED_EDGE('',*,*,#1348,.F.);
#1741=ORIENTED_EDGE('',*,*,#1349,.F.);
#1742=ORIENTED_EDGE('',*,*,#1302,.T.);
#1743=ORIENTED_EDGE('',*,*,#1350,.F.);
#1744=ORIENTED_EDGE('',*,*,#1351,.F.);
#1745=ORIENTED_EDGE('',*,*,#1352,.F.);
#1746=ORIENTED_EDGE('',*,*,#1353,.F.);
#1747=ORIENTED_EDGE('',*,*,#1304,.T.);
#1748=ORIENTED_EDGE('',*,*,#1349,.T.);
#1749=ORIENTED_EDGE('',*,*,#1354,.F.);
#1750=ORIENTED_EDGE('',*,*,#1355,.F.);
#1751=ORIENTED_EDGE('',*,*,#1306,.T.);
#1752=ORIENTED_EDGE('',*,*,#1353,.T.);
#1753=ORIENTED_EDGE('',*,*,#1356,.F.);
#1754=ORIENTED_EDGE('',*,*,#1357,.F.);
#1755=ORIENTED_EDGE('',*,*,#1308,.T.);
#1756=ORIENTED_EDGE('',*,*,#1355,.T.);
#1757=ORIENTED_EDGE('',*,*,#1358,.F.);
#1758=ORIENTED_EDGE('',*,*,#1310,.T.);
#1759=ORIENTED_EDGE('',*,*,#1357,.T.);
#1760=ORIENTED_EDGE('',*,*,#1359,.F.);
#1761=ORIENTED_EDGE('',*,*,#1360,.F.);
#1762=ORIENTED_EDGE('',*,*,#1311,.T.);
#1763=ORIENTED_EDGE('',*,*,#1361,.F.);
#1764=ORIENTED_EDGE('',*,*,#1362,.F.);
#1765=ORIENTED_EDGE('',*,*,#1363,.F.);
#1766=ORIENTED_EDGE('',*,*,#1312,.T.);
#1767=ORIENTED_EDGE('',*,*,#1364,.F.);
#1768=ORIENTED_EDGE('',*,*,#1365,.F.);
#1769=ORIENTED_EDGE('',*,*,#1366,.F.);
#1770=ORIENTED_EDGE('',*,*,#1313,.T.);
#1771=ORIENTED_EDGE('',*,*,#1367,.F.);
#1772=ORIENTED_EDGE('',*,*,#1368,.F.);
#1773=ORIENTED_EDGE('',*,*,#1369,.F.);
#1774=ORIENTED_EDGE('',*,*,#1314,.T.);
#1775=ORIENTED_EDGE('',*,*,#1370,.F.);
#1776=ORIENTED_EDGE('',*,*,#1371,.F.);
#1777=ORIENTED_EDGE('',*,*,#1372,.F.);
#1778=ORIENTED_EDGE('',*,*,#1315,.T.);
#1779=ORIENTED_EDGE('',*,*,#1373,.F.);
#1780=ORIENTED_EDGE('',*,*,#1374,.F.);
#1781=ORIENTED_EDGE('',*,*,#1375,.F.);
#1782=ORIENTED_EDGE('',*,*,#1316,.T.);
#1783=ORIENTED_EDGE('',*,*,#1376,.F.);
#1784=ORIENTED_EDGE('',*,*,#1377,.F.);
#1785=ORIENTED_EDGE('',*,*,#1378,.F.);
#1786=ORIENTED_EDGE('',*,*,#1317,.T.);
#1787=ORIENTED_EDGE('',*,*,#1379,.F.);
#1788=ORIENTED_EDGE('',*,*,#1380,.F.);
#1789=ORIENTED_EDGE('',*,*,#1381,.F.);
#1790=ORIENTED_EDGE('',*,*,#1318,.T.);
#1791=ORIENTED_EDGE('',*,*,#1382,.F.);
#1792=ORIENTED_EDGE('',*,*,#1383,.F.);
#1793=ORIENTED_EDGE('',*,*,#1384,.F.);
#1794=ORIENTED_EDGE('',*,*,#1323,.T.);
#1795=ORIENTED_EDGE('',*,*,#1320,.T.);
#1796=ORIENTED_EDGE('',*,*,#1381,.T.);
#1797=ORIENTED_EDGE('',*,*,#1383,.T.);
#1798=ORIENTED_EDGE('',*,*,#1385,.F.);
#1799=ORIENTED_EDGE('',*,*,#1386,.F.);
#1800=ORIENTED_EDGE('',*,*,#1387,.T.);
#1801=ORIENTED_EDGE('',*,*,#1377,.T.);
#1802=ORIENTED_EDGE('',*,*,#1388,.F.);
#1803=ORIENTED_EDGE('',*,*,#1389,.F.);
#1804=ORIENTED_EDGE('',*,*,#1390,.T.);
#1805=ORIENTED_EDGE('',*,*,#1371,.T.);
#1806=ORIENTED_EDGE('',*,*,#1391,.F.);
#1807=ORIENTED_EDGE('',*,*,#1392,.F.);
#1808=ORIENTED_EDGE('',*,*,#1393,.T.);
#1809=ORIENTED_EDGE('',*,*,#1365,.T.);
#1810=ORIENTED_EDGE('',*,*,#1394,.F.);
#1811=ORIENTED_EDGE('',*,*,#1395,.F.);
#1812=ORIENTED_EDGE('',*,*,#1396,.T.);
#1813=ORIENTED_EDGE('',*,*,#1359,.T.);
#1814=ORIENTED_EDGE('',*,*,#1356,.T.);
#1815=ORIENTED_EDGE('',*,*,#1354,.T.);
#1816=ORIENTED_EDGE('',*,*,#1352,.T.);
#1817=ORIENTED_EDGE('',*,*,#1351,.T.);
#1818=ORIENTED_EDGE('',*,*,#1397,.F.);
#1819=ORIENTED_EDGE('',*,*,#1398,.F.);
#1820=ORIENTED_EDGE('',*,*,#1399,.T.);
#1821=ORIENTED_EDGE('',*,*,#1345,.T.);
#1822=ORIENTED_EDGE('',*,*,#1400,.F.);
#1823=ORIENTED_EDGE('',*,*,#1401,.F.);
#1824=ORIENTED_EDGE('',*,*,#1402,.T.);
#1825=ORIENTED_EDGE('',*,*,#1339,.T.);
#1826=ORIENTED_EDGE('',*,*,#1403,.F.);
#1827=ORIENTED_EDGE('',*,*,#1404,.F.);
#1828=ORIENTED_EDGE('',*,*,#1405,.T.);
#1829=ORIENTED_EDGE('',*,*,#1333,.T.);
#1830=ORIENTED_EDGE('',*,*,#1406,.F.);
#1831=ORIENTED_EDGE('',*,*,#1407,.F.);
#1832=ORIENTED_EDGE('',*,*,#1408,.T.);
#1833=ORIENTED_EDGE('',*,*,#1327,.T.);
#1834=ORIENTED_EDGE('',*,*,#1324,.T.);
#1835=ORIENTED_EDGE('',*,*,#1321,.T.);
#1836=ORIENTED_EDGE('',*,*,#1384,.T.);
#1837=ORIENTED_EDGE('',*,*,#1409,.F.);
#1838=ORIENTED_EDGE('',*,*,#1410,.F.);
#1839=ORIENTED_EDGE('',*,*,#1411,.T.);
#1840=ORIENTED_EDGE('',*,*,#1412,.F.);
#1841=ORIENTED_EDGE('',*,*,#1413,.F.);
#1842=ORIENTED_EDGE('',*,*,#1414,.F.);
#1843=ORIENTED_EDGE('',*,*,#1415,.T.);
#1844=ORIENTED_EDGE('',*,*,#1416,.F.);
#1845=ORIENTED_EDGE('',*,*,#1417,.F.);
#1846=ORIENTED_EDGE('',*,*,#1418,.F.);
#1847=ORIENTED_EDGE('',*,*,#1419,.F.);
#1848=ORIENTED_EDGE('',*,*,#1420,.F.);
#1849=ORIENTED_EDGE('',*,*,#1421,.F.);
#1850=ORIENTED_EDGE('',*,*,#1422,.F.);
#1851=ORIENTED_EDGE('',*,*,#1423,.F.);
#1852=ORIENTED_EDGE('',*,*,#1424,.F.);
#1853=ORIENTED_EDGE('',*,*,#1425,.F.);
#1854=ORIENTED_EDGE('',*,*,#1329,.T.);
#1855=ORIENTED_EDGE('',*,*,#1326,.T.);
#1856=ORIENTED_EDGE('',*,*,#1408,.F.);
#1857=ORIENTED_EDGE('',*,*,#1426,.F.);
#1858=ORIENTED_EDGE('',*,*,#1427,.F.);
#1859=ORIENTED_EDGE('',*,*,#1330,.T.);
#1860=ORIENTED_EDGE('',*,*,#1425,.T.);
#1861=ORIENTED_EDGE('',*,*,#1428,.T.);
#1862=ORIENTED_EDGE('',*,*,#1406,.T.);
#1863=ORIENTED_EDGE('',*,*,#1332,.T.);
#1864=ORIENTED_EDGE('',*,*,#1328,.T.);
#1865=ORIENTED_EDGE('',*,*,#1427,.T.);
#1866=ORIENTED_EDGE('',*,*,#1429,.T.);
#1867=ORIENTED_EDGE('',*,*,#1430,.T.);
#1868=ORIENTED_EDGE('',*,*,#1431,.T.);
#1869=ORIENTED_EDGE('',*,*,#1432,.T.);
#1870=ORIENTED_EDGE('',*,*,#1433,.T.);
#1871=ORIENTED_EDGE('',*,*,#1434,.T.);
#1872=ORIENTED_EDGE('',*,*,#1435,.T.);
#1873=ORIENTED_EDGE('',*,*,#1436,.F.);
#1874=ORIENTED_EDGE('',*,*,#1437,.F.);
#1875=ORIENTED_EDGE('',*,*,#1438,.F.);
#1876=ORIENTED_EDGE('',*,*,#1439,.F.);
#1877=ORIENTED_EDGE('',*,*,#1440,.F.);
#1878=ORIENTED_EDGE('',*,*,#1441,.F.);
#1879=ORIENTED_EDGE('',*,*,#1442,.F.);
#1880=ORIENTED_EDGE('',*,*,#1443,.F.);
#1881=ORIENTED_EDGE('',*,*,#1444,.F.);
#1882=ORIENTED_EDGE('',*,*,#1335,.T.);
#1883=ORIENTED_EDGE('',*,*,#1331,.T.);
#1884=ORIENTED_EDGE('',*,*,#1405,.F.);
#1885=ORIENTED_EDGE('',*,*,#1445,.F.);
#1886=ORIENTED_EDGE('',*,*,#1446,.F.);
#1887=ORIENTED_EDGE('',*,*,#1336,.T.);
#1888=ORIENTED_EDGE('',*,*,#1444,.T.);
#1889=ORIENTED_EDGE('',*,*,#1447,.T.);
#1890=ORIENTED_EDGE('',*,*,#1403,.T.);
#1891=ORIENTED_EDGE('',*,*,#1338,.T.);
#1892=ORIENTED_EDGE('',*,*,#1334,.T.);
#1893=ORIENTED_EDGE('',*,*,#1446,.T.);
#1894=ORIENTED_EDGE('',*,*,#1448,.T.);
#1895=ORIENTED_EDGE('',*,*,#1449,.T.);
#1896=ORIENTED_EDGE('',*,*,#1450,.T.);
#1897=ORIENTED_EDGE('',*,*,#1451,.T.);
#1898=ORIENTED_EDGE('',*,*,#1452,.T.);
#1899=ORIENTED_EDGE('',*,*,#1453,.T.);
#1900=ORIENTED_EDGE('',*,*,#1454,.T.);
#1901=ORIENTED_EDGE('',*,*,#1455,.F.);
#1902=ORIENTED_EDGE('',*,*,#1456,.F.);
#1903=ORIENTED_EDGE('',*,*,#1457,.F.);
#1904=ORIENTED_EDGE('',*,*,#1458,.F.);
#1905=ORIENTED_EDGE('',*,*,#1459,.F.);
#1906=ORIENTED_EDGE('',*,*,#1460,.F.);
#1907=ORIENTED_EDGE('',*,*,#1461,.F.);
#1908=ORIENTED_EDGE('',*,*,#1462,.F.);
#1909=ORIENTED_EDGE('',*,*,#1463,.F.);
#1910=ORIENTED_EDGE('',*,*,#1341,.T.);
#1911=ORIENTED_EDGE('',*,*,#1337,.T.);
#1912=ORIENTED_EDGE('',*,*,#1402,.F.);
#1913=ORIENTED_EDGE('',*,*,#1464,.F.);
#1914=ORIENTED_EDGE('',*,*,#1465,.F.);
#1915=ORIENTED_EDGE('',*,*,#1342,.T.);
#1916=ORIENTED_EDGE('',*,*,#1463,.T.);
#1917=ORIENTED_EDGE('',*,*,#1466,.T.);
#1918=ORIENTED_EDGE('',*,*,#1400,.T.);
#1919=ORIENTED_EDGE('',*,*,#1344,.T.);
#1920=ORIENTED_EDGE('',*,*,#1340,.T.);
#1921=ORIENTED_EDGE('',*,*,#1465,.T.);
#1922=ORIENTED_EDGE('',*,*,#1467,.T.);
#1923=ORIENTED_EDGE('',*,*,#1468,.T.);
#1924=ORIENTED_EDGE('',*,*,#1469,.T.);
#1925=ORIENTED_EDGE('',*,*,#1470,.T.);
#1926=ORIENTED_EDGE('',*,*,#1471,.T.);
#1927=ORIENTED_EDGE('',*,*,#1472,.T.);
#1928=ORIENTED_EDGE('',*,*,#1473,.T.);
#1929=ORIENTED_EDGE('',*,*,#1474,.F.);
#1930=ORIENTED_EDGE('',*,*,#1475,.F.);
#1931=ORIENTED_EDGE('',*,*,#1476,.F.);
#1932=ORIENTED_EDGE('',*,*,#1477,.F.);
#1933=ORIENTED_EDGE('',*,*,#1478,.F.);
#1934=ORIENTED_EDGE('',*,*,#1479,.F.);
#1935=ORIENTED_EDGE('',*,*,#1480,.F.);
#1936=ORIENTED_EDGE('',*,*,#1481,.F.);
#1937=ORIENTED_EDGE('',*,*,#1482,.F.);
#1938=ORIENTED_EDGE('',*,*,#1347,.T.);
#1939=ORIENTED_EDGE('',*,*,#1343,.T.);
#1940=ORIENTED_EDGE('',*,*,#1399,.F.);
#1941=ORIENTED_EDGE('',*,*,#1483,.F.);
#1942=ORIENTED_EDGE('',*,*,#1484,.F.);
#1943=ORIENTED_EDGE('',*,*,#1348,.T.);
#1944=ORIENTED_EDGE('',*,*,#1482,.T.);
#1945=ORIENTED_EDGE('',*,*,#1485,.T.);
#1946=ORIENTED_EDGE('',*,*,#1397,.T.);
#1947=ORIENTED_EDGE('',*,*,#1350,.T.);
#1948=ORIENTED_EDGE('',*,*,#1346,.T.);
#1949=ORIENTED_EDGE('',*,*,#1484,.T.);
#1950=ORIENTED_EDGE('',*,*,#1486,.T.);
#1951=ORIENTED_EDGE('',*,*,#1487,.T.);
#1952=ORIENTED_EDGE('',*,*,#1488,.T.);
#1953=ORIENTED_EDGE('',*,*,#1489,.T.);
#1954=ORIENTED_EDGE('',*,*,#1490,.T.);
#1955=ORIENTED_EDGE('',*,*,#1491,.T.);
#1956=ORIENTED_EDGE('',*,*,#1492,.T.);
#1957=ORIENTED_EDGE('',*,*,#1493,.F.);
#1958=ORIENTED_EDGE('',*,*,#1494,.F.);
#1959=ORIENTED_EDGE('',*,*,#1495,.F.);
#1960=ORIENTED_EDGE('',*,*,#1496,.F.);
#1961=ORIENTED_EDGE('',*,*,#1497,.F.);
#1962=ORIENTED_EDGE('',*,*,#1498,.F.);
#1963=ORIENTED_EDGE('',*,*,#1499,.F.);
#1964=ORIENTED_EDGE('',*,*,#1500,.F.);
#1965=ORIENTED_EDGE('',*,*,#1501,.F.);
#1966=ORIENTED_EDGE('',*,*,#1361,.T.);
#1967=ORIENTED_EDGE('',*,*,#1358,.T.);
#1968=ORIENTED_EDGE('',*,*,#1396,.F.);
#1969=ORIENTED_EDGE('',*,*,#1502,.F.);
#1970=ORIENTED_EDGE('',*,*,#1503,.F.);
#1971=ORIENTED_EDGE('',*,*,#1362,.T.);
#1972=ORIENTED_EDGE('',*,*,#1501,.T.);
#1973=ORIENTED_EDGE('',*,*,#1504,.T.);
#1974=ORIENTED_EDGE('',*,*,#1394,.T.);
#1975=ORIENTED_EDGE('',*,*,#1364,.T.);
#1976=ORIENTED_EDGE('',*,*,#1360,.T.);
#1977=ORIENTED_EDGE('',*,*,#1503,.T.);
#1978=ORIENTED_EDGE('',*,*,#1505,.T.);
#1979=ORIENTED_EDGE('',*,*,#1506,.T.);
#1980=ORIENTED_EDGE('',*,*,#1507,.T.);
#1981=ORIENTED_EDGE('',*,*,#1508,.T.);
#1982=ORIENTED_EDGE('',*,*,#1509,.T.);
#1983=ORIENTED_EDGE('',*,*,#1510,.T.);
#1984=ORIENTED_EDGE('',*,*,#1511,.T.);
#1985=ORIENTED_EDGE('',*,*,#1512,.F.);
#1986=ORIENTED_EDGE('',*,*,#1513,.F.);
#1987=ORIENTED_EDGE('',*,*,#1514,.F.);
#1988=ORIENTED_EDGE('',*,*,#1515,.F.);
#1989=ORIENTED_EDGE('',*,*,#1516,.F.);
#1990=ORIENTED_EDGE('',*,*,#1517,.F.);
#1991=ORIENTED_EDGE('',*,*,#1518,.F.);
#1992=ORIENTED_EDGE('',*,*,#1519,.F.);
#1993=ORIENTED_EDGE('',*,*,#1520,.F.);
#1994=ORIENTED_EDGE('',*,*,#1367,.T.);
#1995=ORIENTED_EDGE('',*,*,#1363,.T.);
#1996=ORIENTED_EDGE('',*,*,#1393,.F.);
#1997=ORIENTED_EDGE('',*,*,#1521,.F.);
#1998=ORIENTED_EDGE('',*,*,#1522,.F.);
#1999=ORIENTED_EDGE('',*,*,#1368,.T.);
#2000=ORIENTED_EDGE('',*,*,#1520,.T.);
#2001=ORIENTED_EDGE('',*,*,#1523,.T.);
#2002=ORIENTED_EDGE('',*,*,#1391,.T.);
#2003=ORIENTED_EDGE('',*,*,#1370,.T.);
#2004=ORIENTED_EDGE('',*,*,#1366,.T.);
#2005=ORIENTED_EDGE('',*,*,#1522,.T.);
#2006=ORIENTED_EDGE('',*,*,#1524,.T.);
#2007=ORIENTED_EDGE('',*,*,#1525,.T.);
#2008=ORIENTED_EDGE('',*,*,#1526,.T.);
#2009=ORIENTED_EDGE('',*,*,#1527,.T.);
#2010=ORIENTED_EDGE('',*,*,#1528,.T.);
#2011=ORIENTED_EDGE('',*,*,#1529,.T.);
#2012=ORIENTED_EDGE('',*,*,#1530,.T.);
#2013=ORIENTED_EDGE('',*,*,#1531,.F.);
#2014=ORIENTED_EDGE('',*,*,#1532,.F.);
#2015=ORIENTED_EDGE('',*,*,#1533,.F.);
#2016=ORIENTED_EDGE('',*,*,#1534,.F.);
#2017=ORIENTED_EDGE('',*,*,#1535,.F.);
#2018=ORIENTED_EDGE('',*,*,#1536,.F.);
#2019=ORIENTED_EDGE('',*,*,#1537,.F.);
#2020=ORIENTED_EDGE('',*,*,#1538,.F.);
#2021=ORIENTED_EDGE('',*,*,#1539,.F.);
#2022=ORIENTED_EDGE('',*,*,#1373,.T.);
#2023=ORIENTED_EDGE('',*,*,#1369,.T.);
#2024=ORIENTED_EDGE('',*,*,#1390,.F.);
#2025=ORIENTED_EDGE('',*,*,#1540,.F.);
#2026=ORIENTED_EDGE('',*,*,#1541,.F.);
#2027=ORIENTED_EDGE('',*,*,#1374,.T.);
#2028=ORIENTED_EDGE('',*,*,#1539,.T.);
#2029=ORIENTED_EDGE('',*,*,#1542,.T.);
#2030=ORIENTED_EDGE('',*,*,#1388,.T.);
#2031=ORIENTED_EDGE('',*,*,#1376,.T.);
#2032=ORIENTED_EDGE('',*,*,#1372,.T.);
#2033=ORIENTED_EDGE('',*,*,#1541,.T.);
#2034=ORIENTED_EDGE('',*,*,#1543,.T.);
#2035=ORIENTED_EDGE('',*,*,#1544,.T.);
#2036=ORIENTED_EDGE('',*,*,#1545,.T.);
#2037=ORIENTED_EDGE('',*,*,#1546,.T.);
#2038=ORIENTED_EDGE('',*,*,#1547,.T.);
#2039=ORIENTED_EDGE('',*,*,#1548,.T.);
#2040=ORIENTED_EDGE('',*,*,#1549,.T.);
#2041=ORIENTED_EDGE('',*,*,#1550,.F.);
#2042=ORIENTED_EDGE('',*,*,#1551,.F.);
#2043=ORIENTED_EDGE('',*,*,#1552,.F.);
#2044=ORIENTED_EDGE('',*,*,#1553,.F.);
#2045=ORIENTED_EDGE('',*,*,#1554,.F.);
#2046=ORIENTED_EDGE('',*,*,#1555,.F.);
#2047=ORIENTED_EDGE('',*,*,#1556,.F.);
#2048=ORIENTED_EDGE('',*,*,#1557,.F.);
#2049=ORIENTED_EDGE('',*,*,#1558,.F.);
#2050=ORIENTED_EDGE('',*,*,#1379,.T.);
#2051=ORIENTED_EDGE('',*,*,#1375,.T.);
#2052=ORIENTED_EDGE('',*,*,#1387,.F.);
#2053=ORIENTED_EDGE('',*,*,#1559,.F.);
#2054=ORIENTED_EDGE('',*,*,#1560,.F.);
#2055=ORIENTED_EDGE('',*,*,#1380,.T.);
#2056=ORIENTED_EDGE('',*,*,#1558,.T.);
#2057=ORIENTED_EDGE('',*,*,#1561,.T.);
#2058=ORIENTED_EDGE('',*,*,#1385,.T.);
#2059=ORIENTED_EDGE('',*,*,#1382,.T.);
#2060=ORIENTED_EDGE('',*,*,#1378,.T.);
#2061=ORIENTED_EDGE('',*,*,#1560,.T.);
#2062=ORIENTED_EDGE('',*,*,#1562,.T.);
#2063=ORIENTED_EDGE('',*,*,#1563,.T.);
#2064=ORIENTED_EDGE('',*,*,#1564,.T.);
#2065=ORIENTED_EDGE('',*,*,#1565,.T.);
#2066=ORIENTED_EDGE('',*,*,#1566,.T.);
#2067=ORIENTED_EDGE('',*,*,#1567,.T.);
#2068=ORIENTED_EDGE('',*,*,#1568,.T.);
#2069=ORIENTED_EDGE('',*,*,#1569,.F.);
#2070=ORIENTED_EDGE('',*,*,#1570,.F.);
#2071=ORIENTED_EDGE('',*,*,#1409,.T.);
#2072=ORIENTED_EDGE('',*,*,#1571,.F.);
#2073=ORIENTED_EDGE('',*,*,#1572,.F.);
#2074=ORIENTED_EDGE('',*,*,#1573,.T.);
#2075=ORIENTED_EDGE('',*,*,#1410,.T.);
#2076=ORIENTED_EDGE('',*,*,#1570,.T.);
#2077=ORIENTED_EDGE('',*,*,#1428,.F.);
#2078=ORIENTED_EDGE('',*,*,#1574,.T.);
#2079=ORIENTED_EDGE('',*,*,#1417,.T.);
#2080=ORIENTED_EDGE('',*,*,#1407,.T.);
#2081=ORIENTED_EDGE('',*,*,#1574,.F.);
#2082=ORIENTED_EDGE('',*,*,#1435,.F.);
#2083=ORIENTED_EDGE('',*,*,#1575,.F.);
#2084=ORIENTED_EDGE('',*,*,#1418,.T.);
#2085=ORIENTED_EDGE('',*,*,#1575,.T.);
#2086=ORIENTED_EDGE('',*,*,#1434,.F.);
#2087=ORIENTED_EDGE('',*,*,#1576,.F.);
#2088=ORIENTED_EDGE('',*,*,#1419,.T.);
#2089=ORIENTED_EDGE('',*,*,#1576,.T.);
#2090=ORIENTED_EDGE('',*,*,#1433,.F.);
#2091=ORIENTED_EDGE('',*,*,#1577,.F.);
#2092=ORIENTED_EDGE('',*,*,#1420,.T.);
#2093=ORIENTED_EDGE('',*,*,#1577,.T.);
#2094=ORIENTED_EDGE('',*,*,#1432,.F.);
#2095=ORIENTED_EDGE('',*,*,#1578,.F.);
#2096=ORIENTED_EDGE('',*,*,#1421,.T.);
#2097=ORIENTED_EDGE('',*,*,#1578,.T.);
#2098=ORIENTED_EDGE('',*,*,#1431,.F.);
#2099=ORIENTED_EDGE('',*,*,#1579,.F.);
#2100=ORIENTED_EDGE('',*,*,#1422,.T.);
#2101=ORIENTED_EDGE('',*,*,#1430,.F.);
#2102=ORIENTED_EDGE('',*,*,#1580,.T.);
#2103=ORIENTED_EDGE('',*,*,#1423,.T.);
#2104=ORIENTED_EDGE('',*,*,#1579,.T.);
#2105=ORIENTED_EDGE('',*,*,#1580,.F.);
#2106=ORIENTED_EDGE('',*,*,#1429,.F.);
#2107=ORIENTED_EDGE('',*,*,#1426,.T.);
#2108=ORIENTED_EDGE('',*,*,#1424,.T.);
#2109=ORIENTED_EDGE('',*,*,#1447,.F.);
#2110=ORIENTED_EDGE('',*,*,#1581,.T.);
#2111=ORIENTED_EDGE('',*,*,#1436,.T.);
#2112=ORIENTED_EDGE('',*,*,#1404,.T.);
#2113=ORIENTED_EDGE('',*,*,#1581,.F.);
#2114=ORIENTED_EDGE('',*,*,#1454,.F.);
#2115=ORIENTED_EDGE('',*,*,#1582,.F.);
#2116=ORIENTED_EDGE('',*,*,#1437,.T.);
#2117=ORIENTED_EDGE('',*,*,#1582,.T.);
#2118=ORIENTED_EDGE('',*,*,#1453,.F.);
#2119=ORIENTED_EDGE('',*,*,#1583,.F.);
#2120=ORIENTED_EDGE('',*,*,#1438,.T.);
#2121=ORIENTED_EDGE('',*,*,#1583,.T.);
#2122=ORIENTED_EDGE('',*,*,#1452,.F.);
#2123=ORIENTED_EDGE('',*,*,#1584,.F.);
#2124=ORIENTED_EDGE('',*,*,#1439,.T.);
#2125=ORIENTED_EDGE('',*,*,#1584,.T.);
#2126=ORIENTED_EDGE('',*,*,#1451,.F.);
#2127=ORIENTED_EDGE('',*,*,#1585,.F.);
#2128=ORIENTED_EDGE('',*,*,#1440,.T.);
#2129=ORIENTED_EDGE('',*,*,#1585,.T.);
#2130=ORIENTED_EDGE('',*,*,#1450,.F.);
#2131=ORIENTED_EDGE('',*,*,#1586,.F.);
#2132=ORIENTED_EDGE('',*,*,#1441,.T.);
#2133=ORIENTED_EDGE('',*,*,#1449,.F.);
#2134=ORIENTED_EDGE('',*,*,#1587,.T.);
#2135=ORIENTED_EDGE('',*,*,#1442,.T.);
#2136=ORIENTED_EDGE('',*,*,#1586,.T.);
#2137=ORIENTED_EDGE('',*,*,#1587,.F.);
#2138=ORIENTED_EDGE('',*,*,#1448,.F.);
#2139=ORIENTED_EDGE('',*,*,#1445,.T.);
#2140=ORIENTED_EDGE('',*,*,#1443,.T.);
#2141=ORIENTED_EDGE('',*,*,#1466,.F.);
#2142=ORIENTED_EDGE('',*,*,#1588,.T.);
#2143=ORIENTED_EDGE('',*,*,#1455,.T.);
#2144=ORIENTED_EDGE('',*,*,#1401,.T.);
#2145=ORIENTED_EDGE('',*,*,#1588,.F.);
#2146=ORIENTED_EDGE('',*,*,#1473,.F.);
#2147=ORIENTED_EDGE('',*,*,#1589,.F.);
#2148=ORIENTED_EDGE('',*,*,#1456,.T.);
#2149=ORIENTED_EDGE('',*,*,#1589,.T.);
#2150=ORIENTED_EDGE('',*,*,#1472,.F.);
#2151=ORIENTED_EDGE('',*,*,#1590,.F.);
#2152=ORIENTED_EDGE('',*,*,#1457,.T.);
#2153=ORIENTED_EDGE('',*,*,#1590,.T.);
#2154=ORIENTED_EDGE('',*,*,#1471,.F.);
#2155=ORIENTED_EDGE('',*,*,#1591,.F.);
#2156=ORIENTED_EDGE('',*,*,#1458,.T.);
#2157=ORIENTED_EDGE('',*,*,#1591,.T.);
#2158=ORIENTED_EDGE('',*,*,#1470,.F.);
#2159=ORIENTED_EDGE('',*,*,#1592,.F.);
#2160=ORIENTED_EDGE('',*,*,#1459,.T.);
#2161=ORIENTED_EDGE('',*,*,#1592,.T.);
#2162=ORIENTED_EDGE('',*,*,#1469,.F.);
#2163=ORIENTED_EDGE('',*,*,#1593,.F.);
#2164=ORIENTED_EDGE('',*,*,#1460,.T.);
#2165=ORIENTED_EDGE('',*,*,#1468,.F.);
#2166=ORIENTED_EDGE('',*,*,#1594,.T.);
#2167=ORIENTED_EDGE('',*,*,#1461,.T.);
#2168=ORIENTED_EDGE('',*,*,#1593,.T.);
#2169=ORIENTED_EDGE('',*,*,#1594,.F.);
#2170=ORIENTED_EDGE('',*,*,#1467,.F.);
#2171=ORIENTED_EDGE('',*,*,#1464,.T.);
#2172=ORIENTED_EDGE('',*,*,#1462,.T.);
#2173=ORIENTED_EDGE('',*,*,#1485,.F.);
#2174=ORIENTED_EDGE('',*,*,#1595,.T.);
#2175=ORIENTED_EDGE('',*,*,#1474,.T.);
#2176=ORIENTED_EDGE('',*,*,#1398,.T.);
#2177=ORIENTED_EDGE('',*,*,#1595,.F.);
#2178=ORIENTED_EDGE('',*,*,#1492,.F.);
#2179=ORIENTED_EDGE('',*,*,#1596,.F.);
#2180=ORIENTED_EDGE('',*,*,#1475,.T.);
#2181=ORIENTED_EDGE('',*,*,#1596,.T.);
#2182=ORIENTED_EDGE('',*,*,#1491,.F.);
#2183=ORIENTED_EDGE('',*,*,#1597,.F.);
#2184=ORIENTED_EDGE('',*,*,#1476,.T.);
#2185=ORIENTED_EDGE('',*,*,#1597,.T.);
#2186=ORIENTED_EDGE('',*,*,#1490,.F.);
#2187=ORIENTED_EDGE('',*,*,#1598,.F.);
#2188=ORIENTED_EDGE('',*,*,#1477,.T.);
#2189=ORIENTED_EDGE('',*,*,#1598,.T.);
#2190=ORIENTED_EDGE('',*,*,#1489,.F.);
#2191=ORIENTED_EDGE('',*,*,#1599,.F.);
#2192=ORIENTED_EDGE('',*,*,#1478,.T.);
#2193=ORIENTED_EDGE('',*,*,#1599,.T.);
#2194=ORIENTED_EDGE('',*,*,#1488,.F.);
#2195=ORIENTED_EDGE('',*,*,#1600,.F.);
#2196=ORIENTED_EDGE('',*,*,#1479,.T.);
#2197=ORIENTED_EDGE('',*,*,#1487,.F.);
#2198=ORIENTED_EDGE('',*,*,#1601,.T.);
#2199=ORIENTED_EDGE('',*,*,#1480,.T.);
#2200=ORIENTED_EDGE('',*,*,#1600,.T.);
#2201=ORIENTED_EDGE('',*,*,#1601,.F.);
#2202=ORIENTED_EDGE('',*,*,#1486,.F.);
#2203=ORIENTED_EDGE('',*,*,#1483,.T.);
#2204=ORIENTED_EDGE('',*,*,#1481,.T.);
#2205=ORIENTED_EDGE('',*,*,#1602,.F.);
#2206=ORIENTED_EDGE('',*,*,#1603,.F.);
#2207=ORIENTED_EDGE('',*,*,#1412,.T.);
#2208=ORIENTED_EDGE('',*,*,#1604,.T.);
#2209=ORIENTED_EDGE('',*,*,#1605,.F.);
#2210=ORIENTED_EDGE('',*,*,#1606,.F.);
#2211=ORIENTED_EDGE('',*,*,#1413,.T.);
#2212=ORIENTED_EDGE('',*,*,#1603,.T.);
#2213=ORIENTED_EDGE('',*,*,#1607,.F.);
#2214=ORIENTED_EDGE('',*,*,#1608,.T.);
#2215=ORIENTED_EDGE('',*,*,#1414,.T.);
#2216=ORIENTED_EDGE('',*,*,#1606,.T.);
#2217=ORIENTED_EDGE('',*,*,#1504,.F.);
#2218=ORIENTED_EDGE('',*,*,#1609,.T.);
#2219=ORIENTED_EDGE('',*,*,#1493,.T.);
#2220=ORIENTED_EDGE('',*,*,#1395,.T.);
#2221=ORIENTED_EDGE('',*,*,#1609,.F.);
#2222=ORIENTED_EDGE('',*,*,#1511,.F.);
#2223=ORIENTED_EDGE('',*,*,#1610,.F.);
#2224=ORIENTED_EDGE('',*,*,#1494,.T.);
#2225=ORIENTED_EDGE('',*,*,#1610,.T.);
#2226=ORIENTED_EDGE('',*,*,#1510,.F.);
#2227=ORIENTED_EDGE('',*,*,#1611,.F.);
#2228=ORIENTED_EDGE('',*,*,#1495,.T.);
#2229=ORIENTED_EDGE('',*,*,#1611,.T.);
#2230=ORIENTED_EDGE('',*,*,#1509,.F.);
#2231=ORIENTED_EDGE('',*,*,#1612,.F.);
#2232=ORIENTED_EDGE('',*,*,#1496,.T.);
#2233=ORIENTED_EDGE('',*,*,#1612,.T.);
#2234=ORIENTED_EDGE('',*,*,#1508,.F.);
#2235=ORIENTED_EDGE('',*,*,#1613,.F.);
#2236=ORIENTED_EDGE('',*,*,#1497,.T.);
#2237=ORIENTED_EDGE('',*,*,#1613,.T.);
#2238=ORIENTED_EDGE('',*,*,#1507,.F.);
#2239=ORIENTED_EDGE('',*,*,#1614,.F.);
#2240=ORIENTED_EDGE('',*,*,#1498,.T.);
#2241=ORIENTED_EDGE('',*,*,#1506,.F.);
#2242=ORIENTED_EDGE('',*,*,#1615,.T.);
#2243=ORIENTED_EDGE('',*,*,#1499,.T.);
#2244=ORIENTED_EDGE('',*,*,#1614,.T.);
#2245=ORIENTED_EDGE('',*,*,#1615,.F.);
#2246=ORIENTED_EDGE('',*,*,#1505,.F.);
#2247=ORIENTED_EDGE('',*,*,#1502,.T.);
#2248=ORIENTED_EDGE('',*,*,#1500,.T.);
#2249=ORIENTED_EDGE('',*,*,#1523,.F.);
#2250=ORIENTED_EDGE('',*,*,#1616,.T.);
#2251=ORIENTED_EDGE('',*,*,#1512,.T.);
#2252=ORIENTED_EDGE('',*,*,#1392,.T.);
#2253=ORIENTED_EDGE('',*,*,#1616,.F.);
#2254=ORIENTED_EDGE('',*,*,#1530,.F.);
#2255=ORIENTED_EDGE('',*,*,#1617,.F.);
#2256=ORIENTED_EDGE('',*,*,#1513,.T.);
#2257=ORIENTED_EDGE('',*,*,#1617,.T.);
#2258=ORIENTED_EDGE('',*,*,#1529,.F.);
#2259=ORIENTED_EDGE('',*,*,#1618,.F.);
#2260=ORIENTED_EDGE('',*,*,#1514,.T.);
#2261=ORIENTED_EDGE('',*,*,#1618,.T.);
#2262=ORIENTED_EDGE('',*,*,#1528,.F.);
#2263=ORIENTED_EDGE('',*,*,#1619,.F.);
#2264=ORIENTED_EDGE('',*,*,#1515,.T.);
#2265=ORIENTED_EDGE('',*,*,#1619,.T.);
#2266=ORIENTED_EDGE('',*,*,#1527,.F.);
#2267=ORIENTED_EDGE('',*,*,#1620,.F.);
#2268=ORIENTED_EDGE('',*,*,#1516,.T.);
#2269=ORIENTED_EDGE('',*,*,#1620,.T.);
#2270=ORIENTED_EDGE('',*,*,#1526,.F.);
#2271=ORIENTED_EDGE('',*,*,#1621,.F.);
#2272=ORIENTED_EDGE('',*,*,#1517,.T.);
#2273=ORIENTED_EDGE('',*,*,#1525,.F.);
#2274=ORIENTED_EDGE('',*,*,#1622,.T.);
#2275=ORIENTED_EDGE('',*,*,#1518,.T.);
#2276=ORIENTED_EDGE('',*,*,#1621,.T.);
#2277=ORIENTED_EDGE('',*,*,#1622,.F.);
#2278=ORIENTED_EDGE('',*,*,#1524,.F.);
#2279=ORIENTED_EDGE('',*,*,#1521,.T.);
#2280=ORIENTED_EDGE('',*,*,#1519,.T.);
#2281=ORIENTED_EDGE('',*,*,#1542,.F.);
#2282=ORIENTED_EDGE('',*,*,#1623,.T.);
#2283=ORIENTED_EDGE('',*,*,#1531,.T.);
#2284=ORIENTED_EDGE('',*,*,#1389,.T.);
#2285=ORIENTED_EDGE('',*,*,#1623,.F.);
#2286=ORIENTED_EDGE('',*,*,#1549,.F.);
#2287=ORIENTED_EDGE('',*,*,#1624,.F.);
#2288=ORIENTED_EDGE('',*,*,#1532,.T.);
#2289=ORIENTED_EDGE('',*,*,#1624,.T.);
#2290=ORIENTED_EDGE('',*,*,#1548,.F.);
#2291=ORIENTED_EDGE('',*,*,#1625,.F.);
#2292=ORIENTED_EDGE('',*,*,#1533,.T.);
#2293=ORIENTED_EDGE('',*,*,#1625,.T.);
#2294=ORIENTED_EDGE('',*,*,#1547,.F.);
#2295=ORIENTED_EDGE('',*,*,#1626,.F.);
#2296=ORIENTED_EDGE('',*,*,#1534,.T.);
#2297=ORIENTED_EDGE('',*,*,#1626,.T.);
#2298=ORIENTED_EDGE('',*,*,#1546,.F.);
#2299=ORIENTED_EDGE('',*,*,#1627,.F.);
#2300=ORIENTED_EDGE('',*,*,#1535,.T.);
#2301=ORIENTED_EDGE('',*,*,#1627,.T.);
#2302=ORIENTED_EDGE('',*,*,#1545,.F.);
#2303=ORIENTED_EDGE('',*,*,#1628,.F.);
#2304=ORIENTED_EDGE('',*,*,#1536,.T.);
#2305=ORIENTED_EDGE('',*,*,#1544,.F.);
#2306=ORIENTED_EDGE('',*,*,#1629,.T.);
#2307=ORIENTED_EDGE('',*,*,#1537,.T.);
#2308=ORIENTED_EDGE('',*,*,#1628,.T.);
#2309=ORIENTED_EDGE('',*,*,#1629,.F.);
#2310=ORIENTED_EDGE('',*,*,#1543,.F.);
#2311=ORIENTED_EDGE('',*,*,#1540,.T.);
#2312=ORIENTED_EDGE('',*,*,#1538,.T.);
#2313=ORIENTED_EDGE('',*,*,#1561,.F.);
#2314=ORIENTED_EDGE('',*,*,#1630,.T.);
#2315=ORIENTED_EDGE('',*,*,#1550,.T.);
#2316=ORIENTED_EDGE('',*,*,#1386,.T.);
#2317=ORIENTED_EDGE('',*,*,#1630,.F.);
#2318=ORIENTED_EDGE('',*,*,#1568,.F.);
#2319=ORIENTED_EDGE('',*,*,#1631,.F.);
#2320=ORIENTED_EDGE('',*,*,#1551,.T.);
#2321=ORIENTED_EDGE('',*,*,#1631,.T.);
#2322=ORIENTED_EDGE('',*,*,#1567,.F.);
#2323=ORIENTED_EDGE('',*,*,#1632,.F.);
#2324=ORIENTED_EDGE('',*,*,#1552,.T.);
#2325=ORIENTED_EDGE('',*,*,#1632,.T.);
#2326=ORIENTED_EDGE('',*,*,#1566,.F.);
#2327=ORIENTED_EDGE('',*,*,#1633,.F.);
#2328=ORIENTED_EDGE('',*,*,#1553,.T.);
#2329=ORIENTED_EDGE('',*,*,#1633,.T.);
#2330=ORIENTED_EDGE('',*,*,#1565,.F.);
#2331=ORIENTED_EDGE('',*,*,#1634,.F.);
#2332=ORIENTED_EDGE('',*,*,#1554,.T.);
#2333=ORIENTED_EDGE('',*,*,#1634,.T.);
#2334=ORIENTED_EDGE('',*,*,#1564,.F.);
#2335=ORIENTED_EDGE('',*,*,#1635,.F.);
#2336=ORIENTED_EDGE('',*,*,#1555,.T.);
#2337=ORIENTED_EDGE('',*,*,#1563,.F.);
#2338=ORIENTED_EDGE('',*,*,#1636,.T.);
#2339=ORIENTED_EDGE('',*,*,#1556,.T.);
#2340=ORIENTED_EDGE('',*,*,#1635,.T.);
#2341=ORIENTED_EDGE('',*,*,#1636,.F.);
#2342=ORIENTED_EDGE('',*,*,#1562,.F.);
#2343=ORIENTED_EDGE('',*,*,#1559,.T.);
#2344=ORIENTED_EDGE('',*,*,#1557,.T.);
#2345=ORIENTED_EDGE('',*,*,#1637,.F.);
#2346=ORIENTED_EDGE('',*,*,#1571,.T.);
#2347=ORIENTED_EDGE('',*,*,#1416,.T.);
#2348=ORIENTED_EDGE('',*,*,#1638,.T.);
#2349=ORIENTED_EDGE('',*,*,#1639,.T.);
#2350=ORIENTED_EDGE('',*,*,#1572,.T.);
#2351=ORIENTED_EDGE('',*,*,#1569,.T.);
#2352=ORIENTED_EDGE('',*,*,#1637,.T.);
#2353=ORIENTED_EDGE('',*,*,#1640,.T.);
#2354=ORIENTED_EDGE('',*,*,#1607,.T.);
#2355=ORIENTED_EDGE('',*,*,#1605,.T.);
#2356=ORIENTED_EDGE('',*,*,#1602,.T.);
#2357=ORIENTED_EDGE('',*,*,#1278,.T.);
#2358=ORIENTED_EDGE('',*,*,#1639,.F.);
#2359=ORIENTED_EDGE('',*,*,#1604,.F.);
#2360=ORIENTED_EDGE('',*,*,#1411,.F.);
#2361=ORIENTED_EDGE('',*,*,#1573,.F.);
#2362=ORIENTED_EDGE('',*,*,#1640,.F.);
#2363=ORIENTED_EDGE('',*,*,#1638,.F.);
#2364=ORIENTED_EDGE('',*,*,#1415,.F.);
#2365=ORIENTED_EDGE('',*,*,#1608,.F.);
#2366=ORIENTED_EDGE('',*,*,#1280,.T.);
#2367=CYLINDRICAL_SURFACE('',#2585,0.1);
#2368=CYLINDRICAL_SURFACE('',#2627,0.1);
#2369=CYLINDRICAL_SURFACE('',#2638,0.1);
#2370=CYLINDRICAL_SURFACE('',#2649,0.1);
#2371=CYLINDRICAL_SURFACE('',#2660,0.1);
#2372=CYLINDRICAL_SURFACE('',#2671,0.1);
#2373=CYLINDRICAL_SURFACE('',#2682,0.1);
#2374=CYLINDRICAL_SURFACE('',#2693,0.1);
#2375=CYLINDRICAL_SURFACE('',#2704,0.1);
#2376=CYLINDRICAL_SURFACE('',#2712,0.2);
#2377=CYLINDRICAL_SURFACE('',#2714,0.0999999999999998);
#2378=CYLINDRICAL_SURFACE('',#2718,0.2);
#2379=CYLINDRICAL_SURFACE('',#2720,0.2);
#2380=CYLINDRICAL_SURFACE('',#2722,0.0999999999999998);
#2381=CYLINDRICAL_SURFACE('',#2726,0.2);
#2382=CYLINDRICAL_SURFACE('',#2728,0.2);
#2383=CYLINDRICAL_SURFACE('',#2730,0.0999999999999998);
#2384=CYLINDRICAL_SURFACE('',#2734,0.2);
#2385=CYLINDRICAL_SURFACE('',#2736,0.2);
#2386=CYLINDRICAL_SURFACE('',#2738,0.0999999999999998);
#2387=CYLINDRICAL_SURFACE('',#2742,0.2);
#2388=CYLINDRICAL_SURFACE('',#2747,0.2);
#2389=CYLINDRICAL_SURFACE('',#2749,0.0999999999999998);
#2390=CYLINDRICAL_SURFACE('',#2753,0.2);
#2391=CYLINDRICAL_SURFACE('',#2755,0.2);
#2392=CYLINDRICAL_SURFACE('',#2757,0.0999999999999998);
#2393=CYLINDRICAL_SURFACE('',#2761,0.2);
#2394=CYLINDRICAL_SURFACE('',#2763,0.2);
#2395=CYLINDRICAL_SURFACE('',#2765,0.0999999999999998);
#2396=CYLINDRICAL_SURFACE('',#2769,0.2);
#2397=CYLINDRICAL_SURFACE('',#2771,0.2);
#2398=CYLINDRICAL_SURFACE('',#2773,0.0999999999999998);
#2399=CYLINDRICAL_SURFACE('',#2777,0.2);
#2400=STYLED_ITEM('',(#4233),#2438);
#2401=STYLED_ITEM('',(#4234),#2439);
#2402=STYLED_ITEM('',(#4234),#2440);
#2403=STYLED_ITEM('',(#4234),#2441);
#2404=STYLED_ITEM('',(#4234),#2442);
#2405=STYLED_ITEM('',(#4234),#2443);
#2406=STYLED_ITEM('',(#4234),#2444);
#2407=STYLED_ITEM('',(#4234),#2445);
#2408=STYLED_ITEM('',(#4234),#2446);
#2409=STYLED_ITEM('',(#4234),#2447);
#2410=STYLED_ITEM('',(#4234),#2448);
#2411=STYLED_ITEM('',(#4234),#2449);
#2412=STYLED_ITEM('',(#4234),#2450);
#2413=STYLED_ITEM('',(#4234),#2452);
#2414=STYLED_ITEM('',(#4234),#2454);
#2415=STYLED_ITEM('',(#4234),#2456);
#2416=STYLED_ITEM('',(#4234),#2458);
#2417=STYLED_ITEM('',(#4234),#2459);
#2418=STYLED_ITEM('',(#4234),#2460);
#2419=STYLED_ITEM('',(#4234),#2461);
#2420=STYLED_ITEM('',(#4234),#2462);
#2421=STYLED_ITEM('',(#4234),#2464);
#2422=STYLED_ITEM('',(#4234),#2466);
#2423=STYLED_ITEM('',(#4234),#2468);
#2424=STYLED_ITEM('',(#4234),#2470);
#2425=STYLED_ITEM('',(#4234),#2471);
#2426=STYLED_ITEM('',(#4234),#2472);
#2427=STYLED_ITEM('',(#4234),#2497);
#2428=STYLED_ITEM('',(#4234),#2498);
#2429=STYLED_ITEM('',(#4234),#2531);
#2430=STYLED_ITEM('',(#4234),#2532);
#2431=STYLED_ITEM('',(#4234),#2533);
#2432=STYLED_ITEM('',(#4234),#2566);
#2433=STYLED_ITEM('',(#4234),#2567);
#2434=STYLED_ITEM('',(#4234),#2568);
#2435=STYLED_ITEM('',(#4234),#2569);
#2436=STYLED_ITEM('',(#4233),#2570);
#2437=STYLED_ITEM('',(#4232),#13);
#2438=ADVANCED_FACE('',(#116),#2367,.F.);
#2439=ADVANCED_FACE('',(#117),#16,.F.);
#2440=ADVANCED_FACE('',(#118),#17,.F.);
#2441=ADVANCED_FACE('',(#119),#18,.F.);
#2442=ADVANCED_FACE('',(#120),#19,.F.);
#2443=ADVANCED_FACE('',(#121),#20,.F.);
#2444=ADVANCED_FACE('',(#122),#21,.F.);
#2445=ADVANCED_FACE('',(#123),#22,.F.);
#2446=ADVANCED_FACE('',(#124),#23,.F.);
#2447=ADVANCED_FACE('',(#125),#24,.F.);
#2448=ADVANCED_FACE('',(#126),#25,.F.);
#2449=ADVANCED_FACE('',(#127),#26,.F.);
#2450=ADVANCED_FACE('',(#128),#27,.F.);
#2451=ADVANCED_FACE('',(#129),#28,.F.);
#2452=ADVANCED_FACE('',(#130),#29,.F.);
#2453=ADVANCED_FACE('',(#131),#30,.F.);
#2454=ADVANCED_FACE('',(#132),#31,.F.);
#2455=ADVANCED_FACE('',(#133),#32,.F.);
#2456=ADVANCED_FACE('',(#134),#33,.F.);
#2457=ADVANCED_FACE('',(#135),#34,.F.);
#2458=ADVANCED_FACE('',(#136),#35,.F.);
#2459=ADVANCED_FACE('',(#137),#36,.F.);
#2460=ADVANCED_FACE('',(#138),#37,.F.);
#2461=ADVANCED_FACE('',(#139),#38,.F.);
#2462=ADVANCED_FACE('',(#140),#39,.F.);
#2463=ADVANCED_FACE('',(#141),#40,.F.);
#2464=ADVANCED_FACE('',(#142),#41,.F.);
#2465=ADVANCED_FACE('',(#143),#42,.F.);
#2466=ADVANCED_FACE('',(#144),#43,.F.);
#2467=ADVANCED_FACE('',(#145),#44,.F.);
#2468=ADVANCED_FACE('',(#146),#45,.F.);
#2469=ADVANCED_FACE('',(#147),#46,.F.);
#2470=ADVANCED_FACE('',(#148),#47,.F.);
#2471=ADVANCED_FACE('',(#149),#48,.F.);
#2472=ADVANCED_FACE('',(#150,#14),#49,.F.);
#2473=ADVANCED_FACE('',(#151),#50,.F.);
#2474=ADVANCED_FACE('',(#152),#2368,.F.);
#2475=ADVANCED_FACE('',(#153),#51,.T.);
#2476=ADVANCED_FACE('',(#154),#52,.F.);
#2477=ADVANCED_FACE('',(#155),#2369,.F.);
#2478=ADVANCED_FACE('',(#156),#53,.T.);
#2479=ADVANCED_FACE('',(#157),#54,.F.);
#2480=ADVANCED_FACE('',(#158),#2370,.F.);
#2481=ADVANCED_FACE('',(#159),#55,.T.);
#2482=ADVANCED_FACE('',(#160),#56,.F.);
#2483=ADVANCED_FACE('',(#161),#2371,.F.);
#2484=ADVANCED_FACE('',(#162),#57,.T.);
#2485=ADVANCED_FACE('',(#163),#58,.F.);
#2486=ADVANCED_FACE('',(#164),#2372,.F.);
#2487=ADVANCED_FACE('',(#165),#59,.T.);
#2488=ADVANCED_FACE('',(#166),#60,.F.);
#2489=ADVANCED_FACE('',(#167),#2373,.F.);
#2490=ADVANCED_FACE('',(#168),#61,.T.);
#2491=ADVANCED_FACE('',(#169),#62,.F.);
#2492=ADVANCED_FACE('',(#170),#2374,.F.);
#2493=ADVANCED_FACE('',(#171),#63,.T.);
#2494=ADVANCED_FACE('',(#172),#64,.F.);
#2495=ADVANCED_FACE('',(#173),#2375,.F.);
#2496=ADVANCED_FACE('',(#174),#65,.T.);
#2497=ADVANCED_FACE('',(#175),#66,.F.);
#2498=ADVANCED_FACE('',(#176),#67,.F.);
#2499=ADVANCED_FACE('',(#177),#2376,.T.);
#2500=ADVANCED_FACE('',(#178),#68,.F.);
#2501=ADVANCED_FACE('',(#179),#2377,.F.);
#2502=ADVANCED_FACE('',(#180),#69,.F.);
#2503=ADVANCED_FACE('',(#181),#70,.F.);
#2504=ADVANCED_FACE('',(#182),#71,.F.);
#2505=ADVANCED_FACE('',(#183),#2378,.T.);
#2506=ADVANCED_FACE('',(#184),#72,.F.);
#2507=ADVANCED_FACE('',(#185),#2379,.T.);
#2508=ADVANCED_FACE('',(#186),#73,.F.);
#2509=ADVANCED_FACE('',(#187),#2380,.F.);
#2510=ADVANCED_FACE('',(#188),#74,.F.);
#2511=ADVANCED_FACE('',(#189),#75,.F.);
#2512=ADVANCED_FACE('',(#190),#76,.F.);
#2513=ADVANCED_FACE('',(#191),#2381,.T.);
#2514=ADVANCED_FACE('',(#192),#77,.F.);
#2515=ADVANCED_FACE('',(#193),#2382,.T.);
#2516=ADVANCED_FACE('',(#194),#78,.F.);
#2517=ADVANCED_FACE('',(#195),#2383,.F.);
#2518=ADVANCED_FACE('',(#196),#79,.F.);
#2519=ADVANCED_FACE('',(#197),#80,.F.);
#2520=ADVANCED_FACE('',(#198),#81,.F.);
#2521=ADVANCED_FACE('',(#199),#2384,.T.);
#2522=ADVANCED_FACE('',(#200),#82,.F.);
#2523=ADVANCED_FACE('',(#201),#2385,.T.);
#2524=ADVANCED_FACE('',(#202),#83,.F.);
#2525=ADVANCED_FACE('',(#203),#2386,.F.);
#2526=ADVANCED_FACE('',(#204),#84,.F.);
#2527=ADVANCED_FACE('',(#205),#85,.F.);
#2528=ADVANCED_FACE('',(#206),#86,.F.);
#2529=ADVANCED_FACE('',(#207),#2387,.T.);
#2530=ADVANCED_FACE('',(#208),#87,.F.);
#2531=ADVANCED_FACE('',(#209),#88,.F.);
#2532=ADVANCED_FACE('',(#210),#89,.F.);
#2533=ADVANCED_FACE('',(#211),#90,.F.);
#2534=ADVANCED_FACE('',(#212),#2388,.T.);
#2535=ADVANCED_FACE('',(#213),#91,.F.);
#2536=ADVANCED_FACE('',(#214),#2389,.F.);
#2537=ADVANCED_FACE('',(#215),#92,.F.);
#2538=ADVANCED_FACE('',(#216),#93,.F.);
#2539=ADVANCED_FACE('',(#217),#94,.F.);
#2540=ADVANCED_FACE('',(#218),#2390,.T.);
#2541=ADVANCED_FACE('',(#219),#95,.F.);
#2542=ADVANCED_FACE('',(#220),#2391,.T.);
#2543=ADVANCED_FACE('',(#221),#96,.F.);
#2544=ADVANCED_FACE('',(#222),#2392,.F.);
#2545=ADVANCED_FACE('',(#223),#97,.F.);
#2546=ADVANCED_FACE('',(#224),#98,.F.);
#2547=ADVANCED_FACE('',(#225),#99,.F.);
#2548=ADVANCED_FACE('',(#226),#2393,.T.);
#2549=ADVANCED_FACE('',(#227),#100,.F.);
#2550=ADVANCED_FACE('',(#228),#2394,.T.);
#2551=ADVANCED_FACE('',(#229),#101,.F.);
#2552=ADVANCED_FACE('',(#230),#2395,.F.);
#2553=ADVANCED_FACE('',(#231),#102,.F.);
#2554=ADVANCED_FACE('',(#232),#103,.F.);
#2555=ADVANCED_FACE('',(#233),#104,.F.);
#2556=ADVANCED_FACE('',(#234),#2396,.T.);
#2557=ADVANCED_FACE('',(#235),#105,.F.);
#2558=ADVANCED_FACE('',(#236),#2397,.T.);
#2559=ADVANCED_FACE('',(#237),#106,.F.);
#2560=ADVANCED_FACE('',(#238),#2398,.F.);
#2561=ADVANCED_FACE('',(#239),#107,.F.);
#2562=ADVANCED_FACE('',(#240),#108,.F.);
#2563=ADVANCED_FACE('',(#241),#109,.F.);
#2564=ADVANCED_FACE('',(#242),#2399,.T.);
#2565=ADVANCED_FACE('',(#243),#110,.F.);
#2566=ADVANCED_FACE('',(#244),#111,.F.);
#2567=ADVANCED_FACE('',(#245,#15),#112,.T.);
#2568=ADVANCED_FACE('',(#246),#113,.F.);
#2569=ADVANCED_FACE('',(#247),#114,.F.);
#2570=ADVANCED_FACE('',(#248),#115,.T.);
#2571=CLOSED_SHELL('',(#2438,#2439,#2440,#2441,#2442,#2443,#2444,#2445,
#2446,#2447,#2448,#2449,#2450,#2451,#2452,#2453,#2454,#2455,#2456,#2457,
#2458,#2459,#2460,#2461,#2462,#2463,#2464,#2465,#2466,#2467,#2468,#2469,
#2470,#2471,#2472,#2473,#2474,#2475,#2476,#2477,#2478,#2479,#2480,#2481,
#2482,#2483,#2484,#2485,#2486,#2487,#2488,#2489,#2490,#2491,#2492,#2493,
#2494,#2495,#2496,#2497,#2498,#2499,#2500,#2501,#2502,#2503,#2504,#2505,
#2506,#2507,#2508,#2509,#2510,#2511,#2512,#2513,#2514,#2515,#2516,#2517,
#2518,#2519,#2520,#2521,#2522,#2523,#2524,#2525,#2526,#2527,#2528,#2529,
#2530,#2531,#2532,#2533,#2534,#2535,#2536,#2537,#2538,#2539,#2540,#2541,
#2542,#2543,#2544,#2545,#2546,#2547,#2548,#2549,#2550,#2551,#2552,#2553,
#2554,#2555,#2556,#2557,#2558,#2559,#2560,#2561,#2562,#2563,#2564,#2565,
#2566,#2567,#2568,#2569,#2570));
#2572=DERIVED_UNIT_ELEMENT(#2574,1.);
#2573=DERIVED_UNIT_ELEMENT(#4217,-3.);
#2574=(
MASS_UNIT()
NAMED_UNIT(*)
SI_UNIT(.KILO.,.GRAM.)
);
#2575=DERIVED_UNIT((#2572,#2573));
#2576=MEASURE_REPRESENTATION_ITEM('density measure',
POSITIVE_RATIO_MEASURE(7850.),#2575);
#2577=PROPERTY_DEFINITION_REPRESENTATION(#2582,#2579);
#2578=PROPERTY_DEFINITION_REPRESENTATION(#2583,#2580);
#2579=REPRESENTATION('material name',(#2581),#4214);
#2580=REPRESENTATION('density',(#2576),#4214);
#2581=DESCRIPTIVE_REPRESENTATION_ITEM('Acier','Acier');
#2582=PROPERTY_DEFINITION('material property','material name',#4224);
#2583=PROPERTY_DEFINITION('material property','density of part',#4224);
#2584=AXIS2_PLACEMENT_3D('',#3481,#2784,#2785);
#2585=AXIS2_PLACEMENT_3D('',#3482,#2786,#2787);
#2586=AXIS2_PLACEMENT_3D('',#3484,#2788,#2789);
#2587=AXIS2_PLACEMENT_3D('',#3487,#2791,#2792);
#2588=AXIS2_PLACEMENT_3D('',#3488,#2793,#2794);
#2589=AXIS2_PLACEMENT_3D('',#3505,#2803,#2804);
#2590=AXIS2_PLACEMENT_3D('',#3511,#2808,#2809);
#2591=AXIS2_PLACEMENT_3D('',#3515,#2812,#2813);
#2592=AXIS2_PLACEMENT_3D('',#3535,#2824,#2825);
#2593=AXIS2_PLACEMENT_3D('',#3539,#2828,#2829);
#2594=AXIS2_PLACEMENT_3D('',#3543,#2832,#2833);
#2595=AXIS2_PLACEMENT_3D('',#3547,#2836,#2837);
#2596=AXIS2_PLACEMENT_3D('',#3567,#2848,#2849);
#2597=AXIS2_PLACEMENT_3D('',#3569,#2851,#2852);
#2598=AXIS2_PLACEMENT_3D('',#3575,#2856,#2857);
#2599=AXIS2_PLACEMENT_3D('',#3579,#2860,#2861);
#2600=AXIS2_PLACEMENT_3D('',#3583,#2864,#2865);
#2601=AXIS2_PLACEMENT_3D('',#3589,#2869,#2870);
#2602=AXIS2_PLACEMENT_3D('',#3595,#2874,#2875);
#2603=AXIS2_PLACEMENT_3D('',#3601,#2879,#2880);
#2604=AXIS2_PLACEMENT_3D('',#3607,#2884,#2885);
#2605=AXIS2_PLACEMENT_3D('',#3613,#2889,#2890);
#2606=AXIS2_PLACEMENT_3D('',#3619,#2894,#2895);
#2607=AXIS2_PLACEMENT_3D('',#3625,#2899,#2900);
#2608=AXIS2_PLACEMENT_3D('',#3631,#2904,#2905);
#2609=AXIS2_PLACEMENT_3D('',#3635,#2908,#2909);
#2610=AXIS2_PLACEMENT_3D('',#3639,#2912,#2913);
#2611=AXIS2_PLACEMENT_3D('',#3643,#2916,#2917);
#2612=AXIS2_PLACEMENT_3D('',#3647,#2920,#2921);
#2613=AXIS2_PLACEMENT_3D('',#3653,#2925,#2926);
#2614=AXIS2_PLACEMENT_3D('',#3659,#2930,#2931);
#2615=AXIS2_PLACEMENT_3D('',#3665,#2935,#2936);
#2616=AXIS2_PLACEMENT_3D('',#3671,#2940,#2941);
#2617=AXIS2_PLACEMENT_3D('',#3677,#2945,#2946);
#2618=AXIS2_PLACEMENT_3D('',#3683,#2950,#2951);
#2619=AXIS2_PLACEMENT_3D('',#3689,#2955,#2956);
#2620=AXIS2_PLACEMENT_3D('',#3695,#2960,#2961);
#2621=AXIS2_PLACEMENT_3D('',#3697,#2963,#2964);
#2622=AXIS2_PLACEMENT_3D('',#3754,#2997,#2998);
#2623=AXIS2_PLACEMENT_3D('',#3756,#2999,#3000);
#2624=AXIS2_PLACEMENT_3D('',#3760,#3002,#3003);
#2625=AXIS2_PLACEMENT_3D('',#3768,#3007,#3008);
#2626=AXIS2_PLACEMENT_3D('',#3771,#3010,#3011);
#2627=AXIS2_PLACEMENT_3D('',#3772,#3012,#3013);
#2628=AXIS2_PLACEMENT_3D('',#3775,#3015,#3016);
#2629=AXIS2_PLACEMENT_3D('',#3776,#3017,#3018);
#2630=AXIS2_PLACEMENT_3D('',#3778,#3019,#3020);
#2631=AXIS2_PLACEMENT_3D('',#3782,#3022,#3023);
#2632=AXIS2_PLACEMENT_3D('',#3790,#3027,#3028);
#2633=AXIS2_PLACEMENT_3D('',#3792,#3030,#3031);
#2634=AXIS2_PLACEMENT_3D('',#3794,#3032,#3033);
#2635=AXIS2_PLACEMENT_3D('',#3798,#3035,#3036);
#2636=AXIS2_PLACEMENT_3D('',#3806,#3040,#3041);
#2637=AXIS2_PLACEMENT_3D('',#3809,#3043,#3044);
#2638=AXIS2_PLACEMENT_3D('',#3810,#3045,#3046);
#2639=AXIS2_PLACEMENT_3D('',#3813,#3048,#3049);
#2640=AXIS2_PLACEMENT_3D('',#3814,#3050,#3051);
#2641=AXIS2_PLACEMENT_3D('',#3816,#3052,#3053);
#2642=AXIS2_PLACEMENT_3D('',#3820,#3055,#3056);
#2643=AXIS2_PLACEMENT_3D('',#3828,#3060,#3061);
#2644=AXIS2_PLACEMENT_3D('',#3830,#3063,#3064);
#2645=AXIS2_PLACEMENT_3D('',#3832,#3065,#3066);
#2646=AXIS2_PLACEMENT_3D('',#3836,#3068,#3069);
#2647=AXIS2_PLACEMENT_3D('',#3844,#3073,#3074);
#2648=AXIS2_PLACEMENT_3D('',#3847,#3076,#3077);
#2649=AXIS2_PLACEMENT_3D('',#3848,#3078,#3079);
#2650=AXIS2_PLACEMENT_3D('',#3851,#3081,#3082);
#2651=AXIS2_PLACEMENT_3D('',#3852,#3083,#3084);
#2652=AXIS2_PLACEMENT_3D('',#3854,#3085,#3086);
#2653=AXIS2_PLACEMENT_3D('',#3858,#3088,#3089);
#2654=AXIS2_PLACEMENT_3D('',#3866,#3093,#3094);
#2655=AXIS2_PLACEMENT_3D('',#3868,#3096,#3097);
#2656=AXIS2_PLACEMENT_3D('',#3870,#3098,#3099);
#2657=AXIS2_PLACEMENT_3D('',#3874,#3101,#3102);
#2658=AXIS2_PLACEMENT_3D('',#3882,#3106,#3107);
#2659=AXIS2_PLACEMENT_3D('',#3885,#3109,#3110);
#2660=AXIS2_PLACEMENT_3D('',#3886,#3111,#3112);
#2661=AXIS2_PLACEMENT_3D('',#3889,#3114,#3115);
#2662=AXIS2_PLACEMENT_3D('',#3890,#3116,#3117);
#2663=AXIS2_PLACEMENT_3D('',#3892,#3118,#3119);
#2664=AXIS2_PLACEMENT_3D('',#3896,#3121,#3122);
#2665=AXIS2_PLACEMENT_3D('',#3904,#3126,#3127);
#2666=AXIS2_PLACEMENT_3D('',#3906,#3129,#3130);
#2667=AXIS2_PLACEMENT_3D('',#3908,#3131,#3132);
#2668=AXIS2_PLACEMENT_3D('',#3912,#3134,#3135);
#2669=AXIS2_PLACEMENT_3D('',#3920,#3139,#3140);
#2670=AXIS2_PLACEMENT_3D('',#3923,#3142,#3143);
#2671=AXIS2_PLACEMENT_3D('',#3924,#3144,#3145);
#2672=AXIS2_PLACEMENT_3D('',#3927,#3147,#3148);
#2673=AXIS2_PLACEMENT_3D('',#3928,#3149,#3150);
#2674=AXIS2_PLACEMENT_3D('',#3930,#3151,#3152);
#2675=AXIS2_PLACEMENT_3D('',#3934,#3154,#3155);
#2676=AXIS2_PLACEMENT_3D('',#3942,#3159,#3160);
#2677=AXIS2_PLACEMENT_3D('',#3944,#3162,#3163);
#2678=AXIS2_PLACEMENT_3D('',#3946,#3164,#3165);
#2679=AXIS2_PLACEMENT_3D('',#3950,#3167,#3168);
#2680=AXIS2_PLACEMENT_3D('',#3958,#3172,#3173);
#2681=AXIS2_PLACEMENT_3D('',#3961,#3175,#3176);
#2682=AXIS2_PLACEMENT_3D('',#3962,#3177,#3178);
#2683=AXIS2_PLACEMENT_3D('',#3965,#3180,#3181);
#2684=AXIS2_PLACEMENT_3D('',#3966,#3182,#3183);
#2685=AXIS2_PLACEMENT_3D('',#3968,#3184,#3185);
#2686=AXIS2_PLACEMENT_3D('',#3972,#3187,#3188);
#2687=AXIS2_PLACEMENT_3D('',#3980,#3192,#3193);
#2688=AXIS2_PLACEMENT_3D('',#3982,#3195,#3196);
#2689=AXIS2_PLACEMENT_3D('',#3984,#3197,#3198);
#2690=AXIS2_PLACEMENT_3D('',#3988,#3200,#3201);
#2691=AXIS2_PLACEMENT_3D('',#3996,#3205,#3206);
#2692=AXIS2_PLACEMENT_3D('',#3999,#3208,#3209);
#2693=AXIS2_PLACEMENT_3D('',#4000,#3210,#3211);
#2694=AXIS2_PLACEMENT_3D('',#4003,#3213,#3214);
#2695=AXIS2_PLACEMENT_3D('',#4004,#3215,#3216);
#2696=AXIS2_PLACEMENT_3D('',#4006,#3217,#3218);
#2697=AXIS2_PLACEMENT_3D('',#4010,#3220,#3221);
#2698=AXIS2_PLACEMENT_3D('',#4018,#3225,#3226);
#2699=AXIS2_PLACEMENT_3D('',#4020,#3228,#3229);
#2700=AXIS2_PLACEMENT_3D('',#4022,#3230,#3231);
#2701=AXIS2_PLACEMENT_3D('',#4026,#3233,#3234);
#2702=AXIS2_PLACEMENT_3D('',#4034,#3238,#3239);
#2703=AXIS2_PLACEMENT_3D('',#4037,#3241,#3242);
#2704=AXIS2_PLACEMENT_3D('',#4038,#3243,#3244);
#2705=AXIS2_PLACEMENT_3D('',#4041,#3246,#3247);
#2706=AXIS2_PLACEMENT_3D('',#4042,#3248,#3249);
#2707=AXIS2_PLACEMENT_3D('',#4044,#3250,#3251);
#2708=AXIS2_PLACEMENT_3D('',#4048,#3253,#3254);
#2709=AXIS2_PLACEMENT_3D('',#4056,#3258,#3259);
#2710=AXIS2_PLACEMENT_3D('',#4058,#3261,#3262);
#2711=AXIS2_PLACEMENT_3D('',#4064,#3266,#3267);
#2712=AXIS2_PLACEMENT_3D('',#4068,#3270,#3271);
#2713=AXIS2_PLACEMENT_3D('',#4070,#3273,#3274);
#2714=AXIS2_PLACEMENT_3D('',#4072,#3276,#3277);
#2715=AXIS2_PLACEMENT_3D('',#4074,#3279,#3280);
#2716=AXIS2_PLACEMENT_3D('',#4076,#3282,#3283);
#2717=AXIS2_PLACEMENT_3D('',#4078,#3285,#3286);
#2718=AXIS2_PLACEMENT_3D('',#4080,#3288,#3289);
#2719=AXIS2_PLACEMENT_3D('',#4082,#3291,#3292);
#2720=AXIS2_PLACEMENT_3D('',#4083,#3293,#3294);
#2721=AXIS2_PLACEMENT_3D('',#4085,#3296,#3297);
#2722=AXIS2_PLACEMENT_3D('',#4087,#3299,#3300);
#2723=AXIS2_PLACEMENT_3D('',#4089,#3302,#3303);
#2724=AXIS2_PLACEMENT_3D('',#4091,#3305,#3306);
#2725=AXIS2_PLACEMENT_3D('',#4093,#3308,#3309);
#2726=AXIS2_PLACEMENT_3D('',#4095,#3311,#3312);
#2727=AXIS2_PLACEMENT_3D('',#4097,#3314,#3315);
#2728=AXIS2_PLACEMENT_3D('',#4098,#3316,#3317);
#2729=AXIS2_PLACEMENT_3D('',#4100,#3319,#3320);
#2730=AXIS2_PLACEMENT_3D('',#4102,#3322,#3323);
#2731=AXIS2_PLACEMENT_3D('',#4104,#3325,#3326);
#2732=AXIS2_PLACEMENT_3D('',#4106,#3328,#3329);
#2733=AXIS2_PLACEMENT_3D('',#4108,#3331,#3332);
#2734=AXIS2_PLACEMENT_3D('',#4110,#3334,#3335);
#2735=AXIS2_PLACEMENT_3D('',#4112,#3337,#3338);
#2736=AXIS2_PLACEMENT_3D('',#4113,#3339,#3340);
#2737=AXIS2_PLACEMENT_3D('',#4115,#3342,#3343);
#2738=AXIS2_PLACEMENT_3D('',#4117,#3345,#3346);
#2739=AXIS2_PLACEMENT_3D('',#4119,#3348,#3349);
#2740=AXIS2_PLACEMENT_3D('',#4121,#3351,#3352);
#2741=AXIS2_PLACEMENT_3D('',#4123,#3354,#3355);
#2742=AXIS2_PLACEMENT_3D('',#4125,#3357,#3358);
#2743=AXIS2_PLACEMENT_3D('',#4127,#3360,#3361);
#2744=AXIS2_PLACEMENT_3D('',#4128,#3362,#3363);
#2745=AXIS2_PLACEMENT_3D('',#4134,#3367,#3368);
#2746=AXIS2_PLACEMENT_3D('',#4138,#3371,#3372);
#2747=AXIS2_PLACEMENT_3D('',#4142,#3375,#3376);
#2748=AXIS2_PLACEMENT_3D('',#4144,#3378,#3379);
#2749=AXIS2_PLACEMENT_3D('',#4146,#3381,#3382);
#2750=AXIS2_PLACEMENT_3D('',#4148,#3384,#3385);
#2751=AXIS2_PLACEMENT_3D('',#4150,#3387,#3388);
#2752=AXIS2_PLACEMENT_3D('',#4152,#3390,#3391);
#2753=AXIS2_PLACEMENT_3D('',#4154,#3393,#3394);
#2754=AXIS2_PLACEMENT_3D('',#4156,#3396,#3397);
#2755=AXIS2_PLACEMENT_3D('',#4157,#3398,#3399);
#2756=AXIS2_PLACEMENT_3D('',#4159,#3401,#3402);
#2757=AXIS2_PLACEMENT_3D('',#4161,#3404,#3405);
#2758=AXIS2_PLACEMENT_3D('',#4163,#3407,#3408);
#2759=AXIS2_PLACEMENT_3D('',#4165,#3410,#3411);
#2760=AXIS2_PLACEMENT_3D('',#4167,#3413,#3414);
#2761=AXIS2_PLACEMENT_3D('',#4169,#3416,#3417);
#2762=AXIS2_PLACEMENT_3D('',#4171,#3419,#3420);
#2763=AXIS2_PLACEMENT_3D('',#4172,#3421,#3422);
#2764=AXIS2_PLACEMENT_3D('',#4174,#3424,#3425);
#2765=AXIS2_PLACEMENT_3D('',#4176,#3427,#3428);
#2766=AXIS2_PLACEMENT_3D('',#4178,#3430,#3431);
#2767=AXIS2_PLACEMENT_3D('',#4180,#3433,#3434);
#2768=AXIS2_PLACEMENT_3D('',#4182,#3436,#3437);
#2769=AXIS2_PLACEMENT_3D('',#4184,#3439,#3440);
#2770=AXIS2_PLACEMENT_3D('',#4186,#3442,#3443);
#2771=AXIS2_PLACEMENT_3D('',#4187,#3444,#3445);
#2772=AXIS2_PLACEMENT_3D('',#4189,#3447,#3448);
#2773=AXIS2_PLACEMENT_3D('',#4191,#3450,#3451);
#2774=AXIS2_PLACEMENT_3D('',#4193,#3453,#3454);
#2775=AXIS2_PLACEMENT_3D('',#4195,#3456,#3457);
#2776=AXIS2_PLACEMENT_3D('',#4197,#3459,#3460);
#2777=AXIS2_PLACEMENT_3D('',#4199,#3462,#3463);
#2778=AXIS2_PLACEMENT_3D('',#4201,#3465,#3466);
#2779=AXIS2_PLACEMENT_3D('',#4202,#3467,#3468);
#2780=AXIS2_PLACEMENT_3D('',#4206,#3471,#3472);
#2781=AXIS2_PLACEMENT_3D('',#4209,#3475,#3476);
#2782=AXIS2_PLACEMENT_3D('',#4210,#3477,#3478);
#2783=AXIS2_PLACEMENT_3D('',#4211,#3479,#3480);
#2784=DIRECTION('axis',(0.,0.,1.));
#2785=DIRECTION('refdir',(1.,0.,0.));
#2786=DIRECTION('center_axis',(0.,0.,-1.));
#2787=DIRECTION('ref_axis',(-1.,0.,0.));
#2788=DIRECTION('center_axis',(0.,0.,-1.));
#2789=DIRECTION('ref_axis',(-1.,0.,0.));
#2790=DIRECTION('',(0.,0.,-1.));
#2791=DIRECTION('center_axis',(0.,0.,1.));
#2792=DIRECTION('ref_axis',(-1.,0.,0.));
#2793=DIRECTION('center_axis',(0.,0.,1.));
#2794=DIRECTION('ref_axis',(1.,0.,0.));
#2795=DIRECTION('',(-0.707106781186549,0.707106781186546,0.));
#2796=DIRECTION('',(0.,1.,0.));
#2797=DIRECTION('',(0.707106781186549,0.707106781186546,0.));
#2798=DIRECTION('',(1.,0.,0.));
#2799=DIRECTION('',(0.707106781186549,-0.707106781186546,0.));
#2800=DIRECTION('',(0.,-1.,0.));
#2801=DIRECTION('',(-0.707106781186549,-0.707106781186546,0.));
#2802=DIRECTION('',(-1.,0.,0.));
#2803=DIRECTION('center_axis',(0.,-0.987688340595152,0.156434465040143));
#2804=DIRECTION('ref_axis',(1.,0.,0.));
#2805=DIRECTION('',(-1.,0.,0.));
#2806=DIRECTION('',(0.0779790608136255,0.155958121627252,0.984680826650506));
#2807=DIRECTION('',(0.0779790608136255,-0.155958121627252,-0.984680826650506));
#2808=DIRECTION('center_axis',(-0.697335374529811,-0.697335374529814,0.165670609520012));
#2809=DIRECTION('ref_axis',(0.707106781186549,-0.707106781186546,1.38777878078145E-17));
#2810=DIRECTION('',(-0.707106781186548,0.707106781186547,0.));
#2811=DIRECTION('',(0.155958121627251,0.0779790608136255,0.984680826650506));
#2812=DIRECTION('center_axis',(-0.987688340595152,0.,0.156434465040142));
#2813=DIRECTION('ref_axis',(0.,-1.,0.));
#2814=DIRECTION('',(0.,1.,0.));
#2815=DIRECTION('',(0.,1.,0.));
#2816=DIRECTION('',(0.,1.,0.));
#2817=DIRECTION('',(0.,1.,0.));
#2818=DIRECTION('',(0.,1.,0.));
#2819=DIRECTION('',(0.,1.,0.));
#2820=DIRECTION('',(0.,1.,0.));
#2821=DIRECTION('',(0.,1.,0.));
#2822=DIRECTION('',(0.,1.,0.));
#2823=DIRECTION('',(0.155958121627251,-0.0779790608136255,0.984680826650506));
#2824=DIRECTION('center_axis',(-0.697335374529811,0.697335374529814,0.165670609520011));
#2825=DIRECTION('ref_axis',(-0.707106781186549,-0.707106781186546,0.));
#2826=DIRECTION('',(0.707106781186548,0.707106781186547,0.));
#2827=DIRECTION('',(0.0779790608136255,-0.155958121627252,0.984680826650506));
#2828=DIRECTION('center_axis',(0.,0.987688340595152,0.156434465040143));
#2829=DIRECTION('ref_axis',(-1.,0.,0.));
#2830=DIRECTION('',(1.,0.,0.));
#2831=DIRECTION('',(-0.0779790608136255,-0.155958121627252,0.984680826650506));
#2832=DIRECTION('center_axis',(0.697335374529811,0.697335374529814,0.165670609520012));
#2833=DIRECTION('ref_axis',(-0.707106781186549,0.707106781186546,1.38777878078145E-17));
#2834=DIRECTION('',(0.707106781186548,-0.707106781186547,0.));
#2835=DIRECTION('',(-0.155958121627251,-0.0779790608136255,0.984680826650506));
#2836=DIRECTION('center_axis',(0.987688340595152,0.,0.156434465040142));
#2837=DIRECTION('ref_axis',(0.,1.,0.));
#2838=DIRECTION('',(0.,-1.,0.));
#2839=DIRECTION('',(0.,-1.,0.));
#2840=DIRECTION('',(0.,-1.,0.));
#2841=DIRECTION('',(0.,-1.,0.));
#2842=DIRECTION('',(0.,-1.,0.));
#2843=DIRECTION('',(0.,-1.,0.));
#2844=DIRECTION('',(0.,-1.,0.));
#2845=DIRECTION('',(0.,-1.,0.));
#2846=DIRECTION('',(0.,-1.,0.));
#2847=DIRECTION('',(-0.155958121627251,0.0779790608136255,0.984680826650506));
#2848=DIRECTION('center_axis',(0.697335374529811,-0.697335374529814,0.165670609520011));
#2849=DIRECTION('ref_axis',(0.707106781186549,0.707106781186546,0.));
#2850=DIRECTION('',(-0.707106781186548,-0.707106781186547,0.));
#2851=DIRECTION('center_axis',(-2.22044604925E-16,-1.,0.));
#2852=DIRECTION('ref_axis',(1.,-2.22044604925E-16,0.));
#2853=DIRECTION('',(-1.,2.22044604925E-16,0.));
#2854=DIRECTION('',(0.,0.,1.));
#2855=DIRECTION('',(0.,0.,-1.));
#2856=DIRECTION('center_axis',(-0.707106781186548,-0.707106781186548,0.));
#2857=DIRECTION('ref_axis',(0.707106781186548,-0.707106781186548,0.));
#2858=DIRECTION('',(-0.707106781186547,0.707106781186547,0.));
#2859=DIRECTION('',(0.,0.,1.));
#2860=DIRECTION('center_axis',(-1.,2.22044604925E-16,0.));
#2861=DIRECTION('ref_axis',(-2.22044604925E-16,-1.,0.));
#2862=DIRECTION('',(0.,0.,1.));
#2863=DIRECTION('',(2.22044604925E-16,1.,0.));
#2864=DIRECTION('center_axis',(0.,0.,1.));
#2865=DIRECTION('ref_axis',(1.,0.,0.));
#2866=DIRECTION('',(1.,0.,0.));
#2867=DIRECTION('',(-1.,0.,0.));
#2868=DIRECTION('',(0.,1.,0.));
#2869=DIRECTION('center_axis',(-1.,2.22044604925E-16,0.));
#2870=DIRECTION('ref_axis',(-2.22044604925E-16,-1.,0.));
#2871=DIRECTION('',(0.,0.,1.));
#2872=DIRECTION('',(0.,0.,-1.));
#2873=DIRECTION('',(2.22044604925E-16,1.,0.));
#2874=DIRECTION('center_axis',(0.,0.,1.));
#2875=DIRECTION('ref_axis',(1.,0.,0.));
#2876=DIRECTION('',(1.,0.,0.));
#2877=DIRECTION('',(-1.,0.,0.));
#2878=DIRECTION('',(0.,1.,0.));
#2879=DIRECTION('center_axis',(-1.,2.22044604925E-16,0.));
#2880=DIRECTION('ref_axis',(-2.22044604925E-16,-1.,0.));
#2881=DIRECTION('',(0.,0.,1.));
#2882=DIRECTION('',(0.,0.,-1.));
#2883=DIRECTION('',(2.22044604925E-16,1.,0.));
#2884=DIRECTION('center_axis',(0.,0.,1.));
#2885=DIRECTION('ref_axis',(1.,0.,0.));
#2886=DIRECTION('',(1.,0.,0.));
#2887=DIRECTION('',(-1.,0.,0.));
#2888=DIRECTION('',(0.,1.,0.));
#2889=DIRECTION('center_axis',(-1.,2.22044604925E-16,0.));
#2890=DIRECTION('ref_axis',(-2.22044604925E-16,-1.,0.));
#2891=DIRECTION('',(0.,0.,1.));
#2892=DIRECTION('',(0.,0.,-1.));
#2893=DIRECTION('',(2.22044604925E-16,1.,0.));
#2894=DIRECTION('center_axis',(0.,0.,1.));
#2895=DIRECTION('ref_axis',(1.,0.,0.));
#2896=DIRECTION('',(1.,0.,0.));
#2897=DIRECTION('',(-1.,0.,0.));
#2898=DIRECTION('',(0.,1.,0.));
#2899=DIRECTION('center_axis',(-1.,2.22044604925E-16,0.));
#2900=DIRECTION('ref_axis',(-2.22044604925E-16,-1.,0.));
#2901=DIRECTION('',(0.,0.,1.));
#2902=DIRECTION('',(0.,0.,-1.));
#2903=DIRECTION('',(2.22044604925E-16,1.,0.));
#2904=DIRECTION('center_axis',(-0.707106781186548,0.707106781186548,0.));
#2905=DIRECTION('ref_axis',(-0.707106781186548,-0.707106781186548,0.));
#2906=DIRECTION('',(0.707106781186547,0.707106781186547,0.));
#2907=DIRECTION('',(0.,0.,1.));
#2908=DIRECTION('center_axis',(2.22044604925E-16,1.,0.));
#2909=DIRECTION('ref_axis',(-1.,2.22044604925E-16,0.));
#2910=DIRECTION('',(1.,-2.22044604925E-16,0.));
#2911=DIRECTION('',(0.,0.,1.));
#2912=DIRECTION('center_axis',(0.707106781186548,0.707106781186548,0.));
#2913=DIRECTION('ref_axis',(-0.707106781186548,0.707106781186548,0.));
#2914=DIRECTION('',(0.707106781186547,-0.707106781186547,0.));
#2915=DIRECTION('',(0.,0.,1.));
#2916=DIRECTION('center_axis',(1.,-2.22044604925E-16,0.));
#2917=DIRECTION('ref_axis',(2.22044604925E-16,1.,0.));
#2918=DIRECTION('',(0.,0.,1.));
#2919=DIRECTION('',(-2.22044604925E-16,-1.,0.));
#2920=DIRECTION('center_axis',(0.,0.,1.));
#2921=DIRECTION('ref_axis',(1.,0.,0.));
#2922=DIRECTION('',(-1.,0.,0.));
#2923=DIRECTION('',(1.,0.,0.));
#2924=DIRECTION('',(0.,-1.,0.));
#2925=DIRECTION('center_axis',(1.,-2.22044604925E-16,0.));
#2926=DIRECTION('ref_axis',(2.22044604925E-16,1.,0.));
#2927=DIRECTION('',(0.,0.,1.));
#2928=DIRECTION('',(0.,0.,-1.));
#2929=DIRECTION('',(-2.22044604925E-16,-1.,0.));
#2930=DIRECTION('center_axis',(0.,0.,1.));
#2931=DIRECTION('ref_axis',(1.,0.,0.));
#2932=DIRECTION('',(-1.,0.,0.));
#2933=DIRECTION('',(1.,0.,0.));
#2934=DIRECTION('',(0.,-1.,0.));
#2935=DIRECTION('center_axis',(1.,-2.22044604925E-16,0.));
#2936=DIRECTION('ref_axis',(2.22044604925E-16,1.,0.));
#2937=DIRECTION('',(0.,0.,1.));
#2938=DIRECTION('',(0.,0.,-1.));
#2939=DIRECTION('',(-2.22044604925E-16,-1.,0.));
#2940=DIRECTION('center_axis',(0.,0.,1.));
#2941=DIRECTION('ref_axis',(1.,0.,0.));
#2942=DIRECTION('',(-1.,0.,0.));
#2943=DIRECTION('',(1.,0.,0.));
#2944=DIRECTION('',(0.,-1.,0.));
#2945=DIRECTION('center_axis',(1.,-2.22044604925E-16,0.));
#2946=DIRECTION('ref_axis',(2.22044604925E-16,1.,0.));
#2947=DIRECTION('',(0.,0.,1.));
#2948=DIRECTION('',(0.,0.,-1.));
#2949=DIRECTION('',(-2.22044604925E-16,-1.,0.));
#2950=DIRECTION('center_axis',(0.,0.,1.));
#2951=DIRECTION('ref_axis',(1.,0.,0.));
#2952=DIRECTION('',(-1.,0.,0.));
#2953=DIRECTION('',(1.,0.,0.));
#2954=DIRECTION('',(0.,-1.,0.));
#2955=DIRECTION('center_axis',(1.,-2.22044604925E-16,0.));
#2956=DIRECTION('ref_axis',(2.22044604925E-16,1.,0.));
#2957=DIRECTION('',(0.,0.,1.));
#2958=DIRECTION('',(0.,0.,-1.));
#2959=DIRECTION('',(-2.22044604925E-16,-1.,0.));
#2960=DIRECTION('center_axis',(0.707106781186548,-0.707106781186548,0.));
#2961=DIRECTION('ref_axis',(0.707106781186548,0.707106781186548,0.));
#2962=DIRECTION('',(-0.707106781186547,-0.707106781186547,0.));
#2963=DIRECTION('center_axis',(0.,0.,-1.));
#2964=DIRECTION('ref_axis',(1.,0.,0.));
#2965=DIRECTION('',(1.,-3.445092848398E-16,0.));
#2966=DIRECTION('',(0.,1.,0.));
#2967=DIRECTION('',(1.,-3.445092848398E-16,0.));
#2968=DIRECTION('',(1.,-3.445092848398E-16,0.));
#2969=DIRECTION('',(0.,1.,0.));
#2970=DIRECTION('',(1.,-3.445092848398E-16,0.));
#2971=DIRECTION('',(1.,-3.445092848398E-16,0.));
#2972=DIRECTION('',(0.,1.,0.));
#2973=DIRECTION('',(1.,-3.445092848398E-16,0.));
#2974=DIRECTION('',(1.,-3.445092848398E-16,0.));
#2975=DIRECTION('',(0.,1.,0.));
#2976=DIRECTION('',(1.,-3.445092848398E-16,0.));
#2977=DIRECTION('',(-1.,2.22044604925E-16,0.));
#2978=DIRECTION('',(0.,-1.,0.));
#2979=DIRECTION('',(-1.,2.22044604925E-16,0.));
#2980=DIRECTION('',(-1.,2.22044604925E-16,0.));
#2981=DIRECTION('',(0.,-1.,0.));
#2982=DIRECTION('',(-1.,2.22044604925E-16,0.));
#2983=DIRECTION('',(-1.,2.22044604925E-16,0.));
#2984=DIRECTION('',(0.,-1.,0.));
#2985=DIRECTION('',(-1.,2.22044604925E-16,0.));
#2986=DIRECTION('',(-1.,2.22044604925E-16,0.));
#2987=DIRECTION('',(0.,-1.,0.));
#2988=DIRECTION('',(-1.,2.22044604925E-16,0.));
#2989=DIRECTION('',(-1.,0.,0.));
#2990=DIRECTION('',(-0.707106781186546,0.707106781186549,0.));
#2991=DIRECTION('',(0.,-1.,0.));
#2992=DIRECTION('',(0.707106781186546,0.707106781186549,0.));
#2993=DIRECTION('',(1.,0.,0.));
#2994=DIRECTION('',(0.707106781186546,-0.707106781186549,0.));
#2995=DIRECTION('',(0.,1.,0.));
#2996=DIRECTION('',(-0.707106781186546,-0.707106781186549,0.));
#2997=DIRECTION('center_axis',(-2.22044604925E-16,-1.,0.));
#2998=DIRECTION('ref_axis',(1.,-2.22044604925E-16,0.));
#2999=DIRECTION('center_axis',(-2.22044604925E-16,-1.,0.));
#3000=DIRECTION('ref_axis',(-1.,2.22044604925E-16,0.));
#3001=DIRECTION('',(0.,0.,1.));
#3002=DIRECTION('center_axis',(2.22044604925E-16,1.,0.));
#3003=DIRECTION('ref_axis',(-1.,2.22044604925E-16,0.));
#3004=DIRECTION('',(-1.,2.22044604925E-16,0.));
#3005=DIRECTION('',(0.,0.,1.));
#3006=DIRECTION('',(1.,-2.22044604925E-16,0.));
#3007=DIRECTION('center_axis',(-2.22044604925E-16,-1.,0.));
#3008=DIRECTION('ref_axis',(-1.,2.22044604925E-16,0.));
#3009=DIRECTION('',(0.,0.,-1.));
#3010=DIRECTION('center_axis',(2.22044604925E-16,1.,0.));
#3011=DIRECTION('ref_axis',(-1.,2.22044604925E-16,0.));
#3012=DIRECTION('center_axis',(2.22044604925E-16,1.,0.));
#3013=DIRECTION('ref_axis',(-1.,2.22044604925E-16,0.));
#3014=DIRECTION('',(2.22044604925E-16,1.,0.));
#3015=DIRECTION('center_axis',(2.22044604925E-16,1.,0.));
#3016=DIRECTION('ref_axis',(-1.,2.22044604925E-16,0.));
#3017=DIRECTION('center_axis',(-2.22044604925E-16,-1.,0.));
#3018=DIRECTION('ref_axis',(1.,-2.22044604925E-16,0.));
#3019=DIRECTION('center_axis',(-2.22044604925E-16,-1.,0.));
#3020=DIRECTION('ref_axis',(-1.,2.22044604925E-16,0.));
#3021=DIRECTION('',(0.,0.,-1.));
#3022=DIRECTION('center_axis',(-2.22044604925E-16,-1.,0.));
#3023=DIRECTION('ref_axis',(-1.,2.22044604925E-16,0.));
#3024=DIRECTION('',(1.,-2.22044604925E-16,0.));
#3025=DIRECTION('',(0.,0.,1.));
#3026=DIRECTION('',(-1.,2.22044604925E-16,0.));
#3027=DIRECTION('center_axis',(2.22044604925E-16,1.,0.));
#3028=DIRECTION('ref_axis',(-1.,2.22044604925E-16,0.));
#3029=DIRECTION('',(0.,0.,1.));
#3030=DIRECTION('center_axis',(-2.22044604925E-16,-1.,0.));
#3031=DIRECTION('ref_axis',(1.,-2.22044604925E-16,0.));
#3032=DIRECTION('center_axis',(-2.22044604925E-16,-1.,0.));
#3033=DIRECTION('ref_axis',(-1.,2.22044604925E-16,0.));
#3034=DIRECTION('',(0.,0.,1.));
#3035=DIRECTION('center_axis',(2.22044604925E-16,1.,0.));
#3036=DIRECTION('ref_axis',(-1.,2.22044604925E-16,0.));
#3037=DIRECTION('',(-1.,2.22044604925E-16,0.));
#3038=DIRECTION('',(0.,0.,1.));
#3039=DIRECTION('',(1.,-2.22044604925E-16,0.));
#3040=DIRECTION('center_axis',(-2.22044604925E-16,-1.,0.));
#3041=DIRECTION('ref_axis',(-1.,2.22044604925E-16,0.));
#3042=DIRECTION('',(0.,0.,-1.));
#3043=DIRECTION('center_axis',(2.22044604925E-16,1.,0.));
#3044=DIRECTION('ref_axis',(-1.,2.22044604925E-16,0.));
#3045=DIRECTION('center_axis',(2.22044604925E-16,1.,0.));
#3046=DIRECTION('ref_axis',(-1.,2.22044604925E-16,0.));
#3047=DIRECTION('',(2.22044604925E-16,1.,0.));
#3048=DIRECTION('center_axis',(2.22044604925E-16,1.,0.));
#3049=DIRECTION('ref_axis',(-1.,2.22044604925E-16,0.));
#3050=DIRECTION('center_axis',(-2.22044604925E-16,-1.,0.));
#3051=DIRECTION('ref_axis',(1.,-2.22044604925E-16,0.));
#3052=DIRECTION('center_axis',(-2.22044604925E-16,-1.,0.));
#3053=DIRECTION('ref_axis',(-1.,2.22044604925E-16,0.));
#3054=DIRECTION('',(0.,0.,-1.));
#3055=DIRECTION('center_axis',(-2.22044604925E-16,-1.,0.));
#3056=DIRECTION('ref_axis',(-1.,2.22044604925E-16,0.));
#3057=DIRECTION('',(1.,-2.22044604925E-16,0.));
#3058=DIRECTION('',(0.,0.,1.));
#3059=DIRECTION('',(-1.,2.22044604925E-16,0.));
#3060=DIRECTION('center_axis',(2.22044604925E-16,1.,0.));
#3061=DIRECTION('ref_axis',(-1.,2.22044604925E-16,0.));
#3062=DIRECTION('',(0.,0.,1.));
#3063=DIRECTION('center_axis',(-2.22044604925E-16,-1.,0.));
#3064=DIRECTION('ref_axis',(1.,-2.22044604925E-16,0.));
#3065=DIRECTION('center_axis',(-2.22044604925E-16,-1.,0.));
#3066=DIRECTION('ref_axis',(-1.,2.22044604925E-16,0.));
#3067=DIRECTION('',(0.,0.,1.));
#3068=DIRECTION('center_axis',(2.22044604925E-16,1.,0.));
#3069=DIRECTION('ref_axis',(-1.,2.22044604925E-16,0.));
#3070=DIRECTION('',(-1.,2.22044604925E-16,0.));
#3071=DIRECTION('',(0.,0.,1.));
#3072=DIRECTION('',(1.,-2.22044604925E-16,0.));
#3073=DIRECTION('center_axis',(-2.22044604925E-16,-1.,0.));
#3074=DIRECTION('ref_axis',(-1.,2.22044604925E-16,0.));
#3075=DIRECTION('',(0.,0.,-1.));
#3076=DIRECTION('center_axis',(2.22044604925E-16,1.,0.));
#3077=DIRECTION('ref_axis',(-1.,2.22044604925E-16,0.));
#3078=DIRECTION('center_axis',(2.22044604925E-16,1.,0.));
#3079=DIRECTION('ref_axis',(-1.,2.22044604925E-16,0.));
#3080=DIRECTION('',(2.22044604925E-16,1.,0.));
#3081=DIRECTION('center_axis',(2.22044604925E-16,1.,0.));
#3082=DIRECTION('ref_axis',(-1.,2.22044604925E-16,0.));
#3083=DIRECTION('center_axis',(-2.22044604925E-16,-1.,0.));
#3084=DIRECTION('ref_axis',(1.,-2.22044604925E-16,0.));
#3085=DIRECTION('center_axis',(-2.22044604925E-16,-1.,0.));
#3086=DIRECTION('ref_axis',(-1.,2.22044604925E-16,0.));
#3087=DIRECTION('',(0.,0.,-1.));
#3088=DIRECTION('center_axis',(-2.22044604925E-16,-1.,0.));
#3089=DIRECTION('ref_axis',(-1.,2.22044604925E-16,0.));
#3090=DIRECTION('',(1.,-2.22044604925E-16,0.));
#3091=DIRECTION('',(0.,0.,1.));
#3092=DIRECTION('',(-1.,2.22044604925E-16,0.));
#3093=DIRECTION('center_axis',(2.22044604925E-16,1.,0.));
#3094=DIRECTION('ref_axis',(-1.,2.22044604925E-16,0.));
#3095=DIRECTION('',(0.,0.,1.));
#3096=DIRECTION('center_axis',(-2.22044604925E-16,-1.,0.));
#3097=DIRECTION('ref_axis',(1.,-2.22044604925E-16,0.));
#3098=DIRECTION('center_axis',(-2.22044604925E-16,-1.,0.));
#3099=DIRECTION('ref_axis',(-1.,2.22044604925E-16,0.));
#3100=DIRECTION('',(0.,0.,1.));
#3101=DIRECTION('center_axis',(2.22044604925E-16,1.,0.));
#3102=DIRECTION('ref_axis',(-1.,2.22044604925E-16,0.));
#3103=DIRECTION('',(-1.,2.22044604925E-16,0.));
#3104=DIRECTION('',(0.,0.,1.));
#3105=DIRECTION('',(1.,-2.22044604925E-16,0.));
#3106=DIRECTION('center_axis',(-2.22044604925E-16,-1.,0.));
#3107=DIRECTION('ref_axis',(-1.,2.22044604925E-16,0.));
#3108=DIRECTION('',(0.,0.,-1.));
#3109=DIRECTION('center_axis',(2.22044604925E-16,1.,0.));
#3110=DIRECTION('ref_axis',(-1.,2.22044604925E-16,0.));
#3111=DIRECTION('center_axis',(2.22044604925E-16,1.,0.));
#3112=DIRECTION('ref_axis',(-1.,2.22044604925E-16,0.));
#3113=DIRECTION('',(2.22044604925E-16,1.,0.));
#3114=DIRECTION('center_axis',(2.22044604925E-16,1.,0.));
#3115=DIRECTION('ref_axis',(-1.,2.22044604925E-16,0.));
#3116=DIRECTION('center_axis',(-2.22044604925E-16,-1.,0.));
#3117=DIRECTION('ref_axis',(1.,-2.22044604925E-16,0.));
#3118=DIRECTION('center_axis',(-2.22044604925E-16,-1.,0.));
#3119=DIRECTION('ref_axis',(-1.,2.22044604925E-16,0.));
#3120=DIRECTION('',(0.,0.,-1.));
#3121=DIRECTION('center_axis',(-2.22044604925E-16,-1.,0.));
#3122=DIRECTION('ref_axis',(-1.,2.22044604925E-16,0.));
#3123=DIRECTION('',(1.,-2.22044604925E-16,0.));
#3124=DIRECTION('',(0.,0.,1.));
#3125=DIRECTION('',(-1.,2.22044604925E-16,0.));
#3126=DIRECTION('center_axis',(2.22044604925E-16,1.,0.));
#3127=DIRECTION('ref_axis',(-1.,2.22044604925E-16,0.));
#3128=DIRECTION('',(0.,0.,1.));
#3129=DIRECTION('center_axis',(3.445092848398E-16,1.,0.));
#3130=DIRECTION('ref_axis',(-1.,3.445092848398E-16,0.));
#3131=DIRECTION('center_axis',(3.445092848398E-16,1.,0.));
#3132=DIRECTION('ref_axis',(1.,-3.445092848398E-16,0.));
#3133=DIRECTION('',(0.,0.,1.));
#3134=DIRECTION('center_axis',(-3.445092848398E-16,-1.,0.));
#3135=DIRECTION('ref_axis',(1.,-3.445092848398E-16,0.));
#3136=DIRECTION('',(1.,-3.445092848398E-16,0.));
#3137=DIRECTION('',(0.,0.,1.));
#3138=DIRECTION('',(-1.,3.445092848398E-16,0.));
#3139=DIRECTION('center_axis',(3.445092848398E-16,1.,0.));
#3140=DIRECTION('ref_axis',(1.,-3.445092848398E-16,0.));
#3141=DIRECTION('',(0.,0.,-1.));
#3142=DIRECTION('center_axis',(-3.445092848398E-16,-1.,0.));
#3143=DIRECTION('ref_axis',(1.,-3.445092848398E-16,0.));
#3144=DIRECTION('center_axis',(-3.445092848398E-16,-1.,0.));
#3145=DIRECTION('ref_axis',(1.,-3.445092848398E-16,0.));
#3146=DIRECTION('',(-3.445092848398E-16,-1.,0.));
#3147=DIRECTION('center_axis',(-3.445092848398E-16,-1.,0.));
#3148=DIRECTION('ref_axis',(1.,-3.445092848398E-16,0.));
#3149=DIRECTION('center_axis',(3.445092848398E-16,1.,0.));
#3150=DIRECTION('ref_axis',(-1.,3.445092848398E-16,0.));
#3151=DIRECTION('center_axis',(3.445092848398E-16,1.,0.));
#3152=DIRECTION('ref_axis',(1.,-3.445092848398E-16,0.));
#3153=DIRECTION('',(0.,0.,-1.));
#3154=DIRECTION('center_axis',(3.445092848398E-16,1.,0.));
#3155=DIRECTION('ref_axis',(1.,-3.445092848398E-16,0.));
#3156=DIRECTION('',(-1.,3.445092848398E-16,0.));
#3157=DIRECTION('',(0.,0.,1.));
#3158=DIRECTION('',(1.,-3.445092848398E-16,0.));
#3159=DIRECTION('center_axis',(-3.445092848398E-16,-1.,0.));
#3160=DIRECTION('ref_axis',(1.,-3.445092848398E-16,0.));
#3161=DIRECTION('',(0.,0.,1.));
#3162=DIRECTION('center_axis',(3.445092848398E-16,1.,0.));
#3163=DIRECTION('ref_axis',(-1.,3.445092848398E-16,0.));
#3164=DIRECTION('center_axis',(3.445092848398E-16,1.,0.));
#3165=DIRECTION('ref_axis',(1.,-3.445092848398E-16,0.));
#3166=DIRECTION('',(0.,0.,1.));
#3167=DIRECTION('center_axis',(-3.445092848398E-16,-1.,0.));
#3168=DIRECTION('ref_axis',(1.,-3.445092848398E-16,0.));
#3169=DIRECTION('',(1.,-3.445092848398E-16,0.));
#3170=DIRECTION('',(0.,0.,1.));
#3171=DIRECTION('',(-1.,3.445092848398E-16,0.));
#3172=DIRECTION('center_axis',(3.445092848398E-16,1.,0.));
#3173=DIRECTION('ref_axis',(1.,-3.445092848398E-16,0.));
#3174=DIRECTION('',(0.,0.,-1.));
#3175=DIRECTION('center_axis',(-3.445092848398E-16,-1.,0.));
#3176=DIRECTION('ref_axis',(1.,-3.445092848398E-16,0.));
#3177=DIRECTION('center_axis',(-3.445092848398E-16,-1.,0.));
#3178=DIRECTION('ref_axis',(1.,-3.445092848398E-16,0.));
#3179=DIRECTION('',(-3.445092848398E-16,-1.,0.));
#3180=DIRECTION('center_axis',(-3.445092848398E-16,-1.,0.));
#3181=DIRECTION('ref_axis',(1.,-3.445092848398E-16,0.));
#3182=DIRECTION('center_axis',(3.445092848398E-16,1.,0.));
#3183=DIRECTION('ref_axis',(-1.,3.445092848398E-16,0.));
#3184=DIRECTION('center_axis',(3.445092848398E-16,1.,0.));
#3185=DIRECTION('ref_axis',(1.,-3.445092848398E-16,0.));
#3186=DIRECTION('',(0.,0.,-1.));
#3187=DIRECTION('center_axis',(3.445092848398E-16,1.,0.));
#3188=DIRECTION('ref_axis',(1.,-3.445092848398E-16,0.));
#3189=DIRECTION('',(-1.,3.445092848398E-16,0.));
#3190=DIRECTION('',(0.,0.,1.));
#3191=DIRECTION('',(1.,-3.445092848398E-16,0.));
#3192=DIRECTION('center_axis',(-3.445092848398E-16,-1.,0.));
#3193=DIRECTION('ref_axis',(1.,-3.445092848398E-16,0.));
#3194=DIRECTION('',(0.,0.,1.));
#3195=DIRECTION('center_axis',(3.445092848398E-16,1.,0.));
#3196=DIRECTION('ref_axis',(-1.,3.445092848398E-16,0.));
#3197=DIRECTION('center_axis',(3.445092848398E-16,1.,0.));
#3198=DIRECTION('ref_axis',(1.,-3.445092848398E-16,0.));
#3199=DIRECTION('',(0.,0.,1.));
#3200=DIRECTION('center_axis',(-3.445092848398E-16,-1.,0.));
#3201=DIRECTION('ref_axis',(1.,-3.445092848398E-16,0.));
#3202=DIRECTION('',(1.,-3.445092848398E-16,0.));
#3203=DIRECTION('',(0.,0.,1.));
#3204=DIRECTION('',(-1.,3.445092848398E-16,0.));
#3205=DIRECTION('center_axis',(3.445092848398E-16,1.,0.));
#3206=DIRECTION('ref_axis',(1.,-3.445092848398E-16,0.));
#3207=DIRECTION('',(0.,0.,-1.));
#3208=DIRECTION('center_axis',(-3.445092848398E-16,-1.,0.));
#3209=DIRECTION('ref_axis',(1.,-3.445092848398E-16,0.));
#3210=DIRECTION('center_axis',(-3.445092848398E-16,-1.,0.));
#3211=DIRECTION('ref_axis',(1.,-3.445092848398E-16,0.));
#3212=DIRECTION('',(-3.445092848398E-16,-1.,0.));
#3213=DIRECTION('center_axis',(-3.445092848398E-16,-1.,0.));
#3214=DIRECTION('ref_axis',(1.,-3.445092848398E-16,0.));
#3215=DIRECTION('center_axis',(3.445092848398E-16,1.,0.));
#3216=DIRECTION('ref_axis',(-1.,3.445092848398E-16,0.));
#3217=DIRECTION('center_axis',(3.445092848398E-16,1.,0.));
#3218=DIRECTION('ref_axis',(1.,-3.445092848398E-16,0.));
#3219=DIRECTION('',(0.,0.,-1.));
#3220=DIRECTION('center_axis',(3.445092848398E-16,1.,0.));
#3221=DIRECTION('ref_axis',(1.,-3.445092848398E-16,0.));
#3222=DIRECTION('',(-1.,3.445092848398E-16,0.));
#3223=DIRECTION('',(0.,0.,1.));
#3224=DIRECTION('',(1.,-3.445092848398E-16,0.));
#3225=DIRECTION('center_axis',(-3.445092848398E-16,-1.,0.));
#3226=DIRECTION('ref_axis',(1.,-3.445092848398E-16,0.));
#3227=DIRECTION('',(0.,0.,1.));
#3228=DIRECTION('center_axis',(3.445092848398E-16,1.,0.));
#3229=DIRECTION('ref_axis',(-1.,3.445092848398E-16,0.));
#3230=DIRECTION('center_axis',(3.445092848398E-16,1.,0.));
#3231=DIRECTION('ref_axis',(1.,-3.445092848398E-16,0.));
#3232=DIRECTION('',(0.,0.,1.));
#3233=DIRECTION('center_axis',(-3.445092848398E-16,-1.,0.));
#3234=DIRECTION('ref_axis',(1.,-3.445092848398E-16,0.));
#3235=DIRECTION('',(1.,-3.445092848398E-16,0.));
#3236=DIRECTION('',(0.,0.,1.));
#3237=DIRECTION('',(-1.,3.445092848398E-16,0.));
#3238=DIRECTION('center_axis',(3.445092848398E-16,1.,0.));
#3239=DIRECTION('ref_axis',(1.,-3.445092848398E-16,0.));
#3240=DIRECTION('',(0.,0.,-1.));
#3241=DIRECTION('center_axis',(-3.445092848398E-16,-1.,0.));
#3242=DIRECTION('ref_axis',(1.,-3.445092848398E-16,0.));
#3243=DIRECTION('center_axis',(-3.445092848398E-16,-1.,0.));
#3244=DIRECTION('ref_axis',(1.,-3.445092848398E-16,0.));
#3245=DIRECTION('',(-3.445092848398E-16,-1.,0.));
#3246=DIRECTION('center_axis',(-3.445092848398E-16,-1.,0.));
#3247=DIRECTION('ref_axis',(1.,-3.445092848398E-16,0.));
#3248=DIRECTION('center_axis',(3.445092848398E-16,1.,0.));
#3249=DIRECTION('ref_axis',(-1.,3.445092848398E-16,0.));
#3250=DIRECTION('center_axis',(3.445092848398E-16,1.,0.));
#3251=DIRECTION('ref_axis',(1.,-3.445092848398E-16,0.));
#3252=DIRECTION('',(0.,0.,-1.));
#3253=DIRECTION('center_axis',(3.445092848398E-16,1.,0.));
#3254=DIRECTION('ref_axis',(1.,-3.445092848398E-16,0.));
#3255=DIRECTION('',(-1.,3.445092848398E-16,0.));
#3256=DIRECTION('',(0.,0.,1.));
#3257=DIRECTION('',(1.,-3.445092848398E-16,0.));
#3258=DIRECTION('center_axis',(-3.445092848398E-16,-1.,0.));
#3259=DIRECTION('ref_axis',(1.,-3.445092848398E-16,0.));
#3260=DIRECTION('',(0.,0.,1.));
#3261=DIRECTION('center_axis',(0.,-0.987688340595152,-0.156434465040143));
#3262=DIRECTION('ref_axis',(1.,0.,0.));
#3263=DIRECTION('',(-1.,0.,0.));
#3264=DIRECTION('',(-0.077979060813626,-0.155958121627252,0.984680826650506));
#3265=DIRECTION('',(-0.077979060813626,0.155958121627252,-0.984680826650506));
#3266=DIRECTION('center_axis',(-0.697335374529814,-0.697335374529811,-0.165670609520012));
#3267=DIRECTION('ref_axis',(0.707106781186546,-0.707106781186549,1.38777878078145E-17));
#3268=DIRECTION('',(-0.707106781186547,0.707106781186548,0.));
#3269=DIRECTION('',(0.155958121627252,0.0779790608136255,-0.984680826650506));
#3270=DIRECTION('center_axis',(2.22044604925E-16,1.,0.));
#3271=DIRECTION('ref_axis',(-1.,2.22044604925E-16,0.));
#3272=DIRECTION('',(2.22044604925E-16,1.,0.));
#3273=DIRECTION('center_axis',(-1.,2.22044604925E-16,0.));
#3274=DIRECTION('ref_axis',(-2.22044604925E-16,-1.,0.));
#3275=DIRECTION('',(-2.22044604925E-16,-1.,0.));
#3276=DIRECTION('center_axis',(2.22044604925E-16,1.,0.));
#3277=DIRECTION('ref_axis',(-1.,2.22044604925E-16,0.));
#3278=DIRECTION('',(-2.22044604925E-16,-1.,0.));
#3279=DIRECTION('center_axis',(0.,0.,-1.));
#3280=DIRECTION('ref_axis',(-1.,0.,0.));
#3281=DIRECTION('',(0.,-1.,0.));
#3282=DIRECTION('center_axis',(-1.,2.22044604925E-16,4.440892098501E-15));
#3283=DIRECTION('ref_axis',(4.440892098501E-15,0.,1.));
#3284=DIRECTION('',(-2.22044604925E-16,-1.,9.86076131526209E-31));
#3285=DIRECTION('center_axis',(0.,0.,1.));
#3286=DIRECTION('ref_axis',(1.,0.,0.));
#3287=DIRECTION('',(0.,-1.,0.));
#3288=DIRECTION('center_axis',(2.22044604925E-16,1.,0.));
#3289=DIRECTION('ref_axis',(-1.,2.22044604925E-16,0.));
#3290=DIRECTION('',(2.22044604925E-16,1.,0.));
#3291=DIRECTION('center_axis',(1.,-2.22044604925E-16,1.7763568394E-15));
#3292=DIRECTION('ref_axis',(1.7763568394E-15,0.,-1.));
#3293=DIRECTION('center_axis',(2.22044604925E-16,1.,0.));
#3294=DIRECTION('ref_axis',(-1.,2.22044604925E-16,0.));
#3295=DIRECTION('',(2.22044604925E-16,1.,0.));
#3296=DIRECTION('center_axis',(-1.,2.22044604925E-16,0.));
#3297=DIRECTION('ref_axis',(-2.22044604925E-16,-1.,0.));
#3298=DIRECTION('',(-2.22044604925E-16,-1.,0.));
#3299=DIRECTION('center_axis',(2.22044604925E-16,1.,0.));
#3300=DIRECTION('ref_axis',(-1.,2.22044604925E-16,0.));
#3301=DIRECTION('',(-2.22044604925E-16,-1.,0.));
#3302=DIRECTION('center_axis',(0.,0.,-1.));
#3303=DIRECTION('ref_axis',(-1.,0.,0.));
#3304=DIRECTION('',(0.,-1.,0.));
#3305=DIRECTION('center_axis',(-1.,2.22044604925E-16,4.440892098501E-15));
#3306=DIRECTION('ref_axis',(4.440892098501E-15,0.,1.));
#3307=DIRECTION('',(-2.22044604925E-16,-1.,9.86076131526209E-31));
#3308=DIRECTION('center_axis',(0.,0.,1.));
#3309=DIRECTION('ref_axis',(1.,0.,0.));
#3310=DIRECTION('',(0.,-1.,0.));
#3311=DIRECTION('center_axis',(2.22044604925E-16,1.,0.));
#3312=DIRECTION('ref_axis',(-1.,2.22044604925E-16,0.));
#3313=DIRECTION('',(2.22044604925E-16,1.,0.));
#3314=DIRECTION('center_axis',(1.,-2.22044604925E-16,1.7763568394E-15));
#3315=DIRECTION('ref_axis',(1.7763568394E-15,0.,-1.));
#3316=DIRECTION('center_axis',(2.22044604925E-16,1.,0.));
#3317=DIRECTION('ref_axis',(-1.,2.22044604925E-16,0.));
#3318=DIRECTION('',(2.22044604925E-16,1.,0.));
#3319=DIRECTION('center_axis',(-1.,2.22044604925E-16,0.));
#3320=DIRECTION('ref_axis',(-2.22044604925E-16,-1.,0.));
#3321=DIRECTION('',(-2.22044604925E-16,-1.,0.));
#3322=DIRECTION('center_axis',(2.22044604925E-16,1.,0.));
#3323=DIRECTION('ref_axis',(-1.,2.22044604925E-16,0.));
#3324=DIRECTION('',(-2.22044604925E-16,-1.,0.));
#3325=DIRECTION('center_axis',(0.,0.,-1.));
#3326=DIRECTION('ref_axis',(-1.,0.,0.));
#3327=DIRECTION('',(0.,-1.,0.));
#3328=DIRECTION('center_axis',(-1.,2.22044604925E-16,4.440892098501E-15));
#3329=DIRECTION('ref_axis',(4.440892098501E-15,0.,1.));
#3330=DIRECTION('',(-2.22044604925E-16,-1.,9.86076131526209E-31));
#3331=DIRECTION('center_axis',(0.,0.,1.));
#3332=DIRECTION('ref_axis',(1.,0.,0.));
#3333=DIRECTION('',(0.,-1.,0.));
#3334=DIRECTION('center_axis',(2.22044604925E-16,1.,0.));
#3335=DIRECTION('ref_axis',(-1.,2.22044604925E-16,0.));
#3336=DIRECTION('',(2.22044604925E-16,1.,0.));
#3337=DIRECTION('center_axis',(1.,-2.22044604925E-16,1.7763568394E-15));
#3338=DIRECTION('ref_axis',(1.7763568394E-15,0.,-1.));
#3339=DIRECTION('center_axis',(2.22044604925E-16,1.,0.));
#3340=DIRECTION('ref_axis',(-1.,2.22044604925E-16,0.));
#3341=DIRECTION('',(2.22044604925E-16,1.,0.));
#3342=DIRECTION('center_axis',(-1.,2.22044604925E-16,0.));
#3343=DIRECTION('ref_axis',(-2.22044604925E-16,-1.,0.));
#3344=DIRECTION('',(-2.22044604925E-16,-1.,0.));
#3345=DIRECTION('center_axis',(2.22044604925E-16,1.,0.));
#3346=DIRECTION('ref_axis',(-1.,2.22044604925E-16,0.));
#3347=DIRECTION('',(-2.22044604925E-16,-1.,0.));
#3348=DIRECTION('center_axis',(0.,0.,-1.));
#3349=DIRECTION('ref_axis',(-1.,0.,0.));
#3350=DIRECTION('',(0.,-1.,0.));
#3351=DIRECTION('center_axis',(-1.,2.22044604925E-16,4.440892098501E-15));
#3352=DIRECTION('ref_axis',(4.440892098501E-15,0.,1.));
#3353=DIRECTION('',(-2.22044604925E-16,-1.,9.86076131526209E-31));
#3354=DIRECTION('center_axis',(0.,0.,1.));
#3355=DIRECTION('ref_axis',(1.,0.,0.));
#3356=DIRECTION('',(0.,-1.,0.));
#3357=DIRECTION('center_axis',(2.22044604925E-16,1.,0.));
#3358=DIRECTION('ref_axis',(-1.,2.22044604925E-16,0.));
#3359=DIRECTION('',(2.22044604925E-16,1.,0.));
#3360=DIRECTION('center_axis',(1.,-2.22044604925E-16,1.7763568394E-15));
#3361=DIRECTION('ref_axis',(1.7763568394E-15,0.,-1.));
#3362=DIRECTION('center_axis',(-0.697335374529814,0.697335374529811,-0.165670609520012));
#3363=DIRECTION('ref_axis',(-0.707106781186546,-0.707106781186549,0.));
#3364=DIRECTION('',(0.707106781186547,0.707106781186548,0.));
#3365=DIRECTION('',(-0.077979060813626,0.155958121627252,0.984680826650506));
#3366=DIRECTION('',(-0.155958121627252,0.0779790608136255,0.984680826650506));
#3367=DIRECTION('center_axis',(0.,0.987688340595152,-0.156434465040143));
#3368=DIRECTION('ref_axis',(-1.,0.,0.));
#3369=DIRECTION('',(1.,0.,0.));
#3370=DIRECTION('',(0.077979060813626,0.155958121627252,0.984680826650506));
#3371=DIRECTION('center_axis',(0.697335374529814,0.697335374529811,-0.165670609520012));
#3372=DIRECTION('ref_axis',(-0.707106781186546,0.707106781186549,1.38777878078145E-17));
#3373=DIRECTION('',(0.707106781186547,-0.707106781186548,0.));
#3374=DIRECTION('',(-0.155958121627252,-0.0779790608136255,-0.984680826650506));
#3375=DIRECTION('center_axis',(-3.445092848398E-16,-1.,0.));
#3376=DIRECTION('ref_axis',(1.,-3.445092848398E-16,0.));
#3377=DIRECTION('',(-3.445092848398E-16,-1.,0.));
#3378=DIRECTION('center_axis',(1.,-3.445092848398E-16,0.));
#3379=DIRECTION('ref_axis',(3.445092848398E-16,1.,0.));
#3380=DIRECTION('',(3.445092848398E-16,1.,0.));
#3381=DIRECTION('center_axis',(-3.445092848398E-16,-1.,0.));
#3382=DIRECTION('ref_axis',(1.,-3.445092848398E-16,0.));
#3383=DIRECTION('',(3.445092848398E-16,1.,0.));
#3384=DIRECTION('center_axis',(0.,0.,-1.));
#3385=DIRECTION('ref_axis',(-1.,0.,0.));
#3386=DIRECTION('',(0.,1.,0.));
#3387=DIRECTION('center_axis',(1.,-3.445092848398E-16,4.440892098501E-15));
#3388=DIRECTION('ref_axis',(4.440892098501E-15,0.,-1.));
#3389=DIRECTION('',(3.445092848398E-16,1.,1.5299285609053E-30));
#3390=DIRECTION('center_axis',(0.,0.,1.));
#3391=DIRECTION('ref_axis',(1.,0.,0.));
#3392=DIRECTION('',(0.,1.,0.));
#3393=DIRECTION('center_axis',(-3.445092848398E-16,-1.,0.));
#3394=DIRECTION('ref_axis',(1.,-3.445092848398E-16,0.));
#3395=DIRECTION('',(-3.445092848398E-16,-1.,0.));
#3396=DIRECTION('center_axis',(-1.,3.445092848398E-16,1.7763568394E-15));
#3397=DIRECTION('ref_axis',(1.7763568394E-15,0.,1.));
#3398=DIRECTION('center_axis',(-3.445092848398E-16,-1.,0.));
#3399=DIRECTION('ref_axis',(1.,-3.445092848398E-16,0.));
#3400=DIRECTION('',(-3.445092848398E-16,-1.,0.));
#3401=DIRECTION('center_axis',(1.,-3.445092848398E-16,0.));
#3402=DIRECTION('ref_axis',(3.445092848398E-16,1.,0.));
#3403=DIRECTION('',(3.445092848398E-16,1.,0.));
#3404=DIRECTION('center_axis',(-3.445092848398E-16,-1.,0.));
#3405=DIRECTION('ref_axis',(1.,-3.445092848398E-16,0.));
#3406=DIRECTION('',(3.445092848398E-16,1.,0.));
#3407=DIRECTION('center_axis',(0.,0.,-1.));
#3408=DIRECTION('ref_axis',(-1.,0.,0.));
#3409=DIRECTION('',(0.,1.,0.));
#3410=DIRECTION('center_axis',(1.,-3.445092848398E-16,4.440892098501E-15));
#3411=DIRECTION('ref_axis',(4.440892098501E-15,0.,-1.));
#3412=DIRECTION('',(3.445092848398E-16,1.,1.5299285609053E-30));
#3413=DIRECTION('center_axis',(0.,0.,1.));
#3414=DIRECTION('ref_axis',(1.,0.,0.));
#3415=DIRECTION('',(0.,1.,0.));
#3416=DIRECTION('center_axis',(-3.445092848398E-16,-1.,0.));
#3417=DIRECTION('ref_axis',(1.,-3.445092848398E-16,0.));
#3418=DIRECTION('',(-3.445092848398E-16,-1.,0.));
#3419=DIRECTION('center_axis',(-1.,3.445092848398E-16,1.7763568394E-15));
#3420=DIRECTION('ref_axis',(1.7763568394E-15,0.,1.));
#3421=DIRECTION('center_axis',(-3.445092848398E-16,-1.,0.));
#3422=DIRECTION('ref_axis',(1.,-3.445092848398E-16,0.));
#3423=DIRECTION('',(-3.445092848398E-16,-1.,0.));
#3424=DIRECTION('center_axis',(1.,-3.445092848398E-16,0.));
#3425=DIRECTION('ref_axis',(3.445092848398E-16,1.,0.));
#3426=DIRECTION('',(3.445092848398E-16,1.,0.));
#3427=DIRECTION('center_axis',(-3.445092848398E-16,-1.,0.));
#3428=DIRECTION('ref_axis',(1.,-3.445092848398E-16,0.));
#3429=DIRECTION('',(3.445092848398E-16,1.,0.));
#3430=DIRECTION('center_axis',(0.,0.,-1.));
#3431=DIRECTION('ref_axis',(-1.,0.,0.));
#3432=DIRECTION('',(0.,1.,0.));
#3433=DIRECTION('center_axis',(1.,-3.445092848398E-16,4.440892098501E-15));
#3434=DIRECTION('ref_axis',(4.440892098501E-15,0.,-1.));
#3435=DIRECTION('',(3.445092848398E-16,1.,1.5299285609053E-30));
#3436=DIRECTION('center_axis',(0.,0.,1.));
#3437=DIRECTION('ref_axis',(1.,0.,0.));
#3438=DIRECTION('',(0.,1.,0.));
#3439=DIRECTION('center_axis',(-3.445092848398E-16,-1.,0.));
#3440=DIRECTION('ref_axis',(1.,-3.445092848398E-16,0.));
#3441=DIRECTION('',(-3.445092848398E-16,-1.,0.));
#3442=DIRECTION('center_axis',(-1.,3.445092848398E-16,1.7763568394E-15));
#3443=DIRECTION('ref_axis',(1.7763568394E-15,0.,1.));
#3444=DIRECTION('center_axis',(-3.445092848398E-16,-1.,0.));
#3445=DIRECTION('ref_axis',(1.,-3.445092848398E-16,0.));
#3446=DIRECTION('',(-3.445092848398E-16,-1.,0.));
#3447=DIRECTION('center_axis',(1.,-3.445092848398E-16,0.));
#3448=DIRECTION('ref_axis',(3.445092848398E-16,1.,0.));
#3449=DIRECTION('',(3.445092848398E-16,1.,0.));
#3450=DIRECTION('center_axis',(-3.445092848398E-16,-1.,0.));
#3451=DIRECTION('ref_axis',(1.,-3.445092848398E-16,0.));
#3452=DIRECTION('',(3.445092848398E-16,1.,0.));
#3453=DIRECTION('center_axis',(0.,0.,-1.));
#3454=DIRECTION('ref_axis',(-1.,0.,0.));
#3455=DIRECTION('',(0.,1.,0.));
#3456=DIRECTION('center_axis',(1.,-3.445092848398E-16,4.440892098501E-15));
#3457=DIRECTION('ref_axis',(4.440892098501E-15,0.,-1.));
#3458=DIRECTION('',(3.445092848398E-16,1.,1.5299285609053E-30));
#3459=DIRECTION('center_axis',(0.,0.,1.));
#3460=DIRECTION('ref_axis',(1.,0.,0.));
#3461=DIRECTION('',(0.,1.,0.));
#3462=DIRECTION('center_axis',(-3.445092848398E-16,-1.,0.));
#3463=DIRECTION('ref_axis',(1.,-3.445092848398E-16,0.));
#3464=DIRECTION('',(-3.445092848398E-16,-1.,0.));
#3465=DIRECTION('center_axis',(-1.,3.445092848398E-16,1.7763568394E-15));
#3466=DIRECTION('ref_axis',(1.7763568394E-15,0.,1.));
#3467=DIRECTION('center_axis',(0.697335374529814,-0.697335374529811,-0.165670609520012));
#3468=DIRECTION('ref_axis',(0.707106781186546,0.707106781186549,0.));
#3469=DIRECTION('',(-0.707106781186547,-0.707106781186548,0.));
#3470=DIRECTION('',(0.155958121627252,-0.0779790608136255,0.984680826650506));
#3471=DIRECTION('center_axis',(0.,0.,1.));
#3472=DIRECTION('ref_axis',(1.,0.,0.));
#3473=DIRECTION('',(0.,1.,0.));
#3474=DIRECTION('',(0.,-1.,0.));
#3475=DIRECTION('center_axis',(-0.987688340595152,0.,-0.156434465040142));
#3476=DIRECTION('ref_axis',(0.,-1.,0.));
#3477=DIRECTION('center_axis',(0.987688340595152,0.,-0.156434465040142));
#3478=DIRECTION('ref_axis',(0.,1.,0.));
#3479=DIRECTION('center_axis',(0.,0.,1.));
#3480=DIRECTION('ref_axis',(1.,0.,0.));
#3481=CARTESIAN_POINT('',(0.,0.,0.));
#3482=CARTESIAN_POINT('Origin',(-1.303727001854,1.878727001854,1.1));
#3483=CARTESIAN_POINT('',(-1.203727001854,1.878727001854,1.1));
#3484=CARTESIAN_POINT('Origin',(-1.303727001854,1.878727001854,1.1));
#3485=CARTESIAN_POINT('',(-1.203727001854,1.878727001854,1.05));
#3486=CARTESIAN_POINT('',(-1.203727001854,1.878727001854,1.1));
#3487=CARTESIAN_POINT('Origin',(-1.303727001854,1.878727001854,1.05));
#3488=CARTESIAN_POINT('Origin',(-1.739363500927,2.453727001854,0.1));
#3489=CARTESIAN_POINT('',(1.878727001854,2.314363500927,0.1));
#3490=CARTESIAN_POINT('',(1.739363500927,2.453727001854,0.1));
#3491=CARTESIAN_POINT('',(1.878727001854,2.314363500927,0.1));
#3492=CARTESIAN_POINT('',(1.878727001854,-2.314363500927,0.1));
#3493=CARTESIAN_POINT('',(1.878727001854,2.453727001854,0.1));
#3494=CARTESIAN_POINT('',(1.739363500927,-2.453727001854,0.1));
#3495=CARTESIAN_POINT('',(1.739363500927,-2.453727001854,0.1));
#3496=CARTESIAN_POINT('',(-1.739363500927,-2.453727001854,0.1));
#3497=CARTESIAN_POINT('',(-1.739363500927,-2.453727001854,0.1));
#3498=CARTESIAN_POINT('',(-1.878727001854,-2.314363500927,0.1));
#3499=CARTESIAN_POINT('',(-1.878727001854,-2.314363500927,0.1));
#3500=CARTESIAN_POINT('',(-1.878727001854,2.314363500927,0.1));
#3501=CARTESIAN_POINT('',(-1.878727001854,2.453727001854,0.1));
#3502=CARTESIAN_POINT('',(-1.739363500927,2.453727001854,0.1));
#3503=CARTESIAN_POINT('',(-1.739363500927,2.453727001854,0.1));
#3504=CARTESIAN_POINT('',(-1.739363500927,2.453727001854,0.1));
#3505=CARTESIAN_POINT('Origin',(-1.739363500927,2.453727001854,0.1));
#3506=CARTESIAN_POINT('',(1.775,2.525,0.55));
#3507=CARTESIAN_POINT('',(-1.775,2.525,0.55));
#3508=CARTESIAN_POINT('',(0.,2.525,0.55));
#3509=CARTESIAN_POINT('',(1.7571817504635,2.489363500927,0.325));
#3510=CARTESIAN_POINT('',(-1.7571817504635,2.489363500927,0.325));
#3511=CARTESIAN_POINT('Origin',(1.739363500927,2.453727001854,0.1));
#3512=CARTESIAN_POINT('',(1.95,2.35,0.55));
#3513=CARTESIAN_POINT('',(1.8625,2.4375,0.55));
#3514=CARTESIAN_POINT('',(1.914363500927,2.3321817504635,0.325));
#3515=CARTESIAN_POINT('Origin',(1.878727001854,2.314363500927,0.1));
#3516=CARTESIAN_POINT('',(1.95,2.115,0.55));
#3517=CARTESIAN_POINT('',(1.95,0.,0.55));
#3518=CARTESIAN_POINT('',(1.95,1.695,0.55));
#3519=CARTESIAN_POINT('',(1.95,0.,0.55));
#3520=CARTESIAN_POINT('',(1.95,0.845,0.55));
#3521=CARTESIAN_POINT('',(1.95,0.,0.55));
#3522=CARTESIAN_POINT('',(1.95,0.425,0.55));
#3523=CARTESIAN_POINT('',(1.95,0.,0.55));
#3524=CARTESIAN_POINT('',(1.95,-0.425,0.55));
#3525=CARTESIAN_POINT('',(1.95,0.,0.55));
#3526=CARTESIAN_POINT('',(1.95,-0.845,0.55));
#3527=CARTESIAN_POINT('',(1.95,0.,0.55));
#3528=CARTESIAN_POINT('',(1.95,-1.695,0.55));
#3529=CARTESIAN_POINT('',(1.95,0.,0.55));
#3530=CARTESIAN_POINT('',(1.95,-2.115,0.55));
#3531=CARTESIAN_POINT('',(1.95,0.,0.55));
#3532=CARTESIAN_POINT('',(1.95,-2.35,0.55));
#3533=CARTESIAN_POINT('',(1.95,0.,0.55));
#3534=CARTESIAN_POINT('',(1.914363500927,-2.3321817504635,0.325));
#3535=CARTESIAN_POINT('Origin',(1.878727001854,-2.314363500927,0.1));
#3536=CARTESIAN_POINT('',(1.775,-2.525,0.55));
#3537=CARTESIAN_POINT('',(1.8625,-2.4375,0.55));
#3538=CARTESIAN_POINT('',(1.7571817504635,-2.489363500927,0.325));
#3539=CARTESIAN_POINT('Origin',(1.739363500927,-2.453727001854,0.1));
#3540=CARTESIAN_POINT('',(-1.775,-2.525,0.55));
#3541=CARTESIAN_POINT('',(0.,-2.525,0.55));
#3542=CARTESIAN_POINT('',(-1.7571817504635,-2.489363500927,0.325));
#3543=CARTESIAN_POINT('Origin',(-1.739363500927,-2.453727001854,0.1));
#3544=CARTESIAN_POINT('',(-1.95,-2.35,0.55));
#3545=CARTESIAN_POINT('',(-1.8625,-2.4375,0.55));
#3546=CARTESIAN_POINT('',(-1.914363500927,-2.3321817504635,0.325));
#3547=CARTESIAN_POINT('Origin',(-1.878727001854,-2.314363500927,0.1));
#3548=CARTESIAN_POINT('',(-1.95,-2.115,0.55));
#3549=CARTESIAN_POINT('',(-1.95,0.,0.55));
#3550=CARTESIAN_POINT('',(-1.95,-1.695,0.55));
#3551=CARTESIAN_POINT('',(-1.95,0.,0.55));
#3552=CARTESIAN_POINT('',(-1.95,-0.845,0.55));
#3553=CARTESIAN_POINT('',(-1.95,0.,0.55));
#3554=CARTESIAN_POINT('',(-1.95,-0.425,0.55));
#3555=CARTESIAN_POINT('',(-1.95,0.,0.55));
#3556=CARTESIAN_POINT('',(-1.95,0.425,0.55));
#3557=CARTESIAN_POINT('',(-1.95,0.,0.55));
#3558=CARTESIAN_POINT('',(-1.95,0.845,0.55));
#3559=CARTESIAN_POINT('',(-1.95,0.,0.55));
#3560=CARTESIAN_POINT('',(-1.95,1.695,0.55));
#3561=CARTESIAN_POINT('',(-1.95,0.,0.55));
#3562=CARTESIAN_POINT('',(-1.95,2.115,0.55));
#3563=CARTESIAN_POINT('',(-1.95,0.,0.55));
#3564=CARTESIAN_POINT('',(-1.95,2.35,0.55));
#3565=CARTESIAN_POINT('',(-1.95,0.,0.55));
#3566=CARTESIAN_POINT('',(-1.914363500927,2.3321817504635,0.325));
#3567=CARTESIAN_POINT('Origin',(-1.878727001854,2.314363500927,0.1));
#3568=CARTESIAN_POINT('',(-1.8625,2.4375,0.55));
#3569=CARTESIAN_POINT('Origin',(-1.775,2.525,0.65));
#3570=CARTESIAN_POINT('',(1.775,2.525,0.65));
#3571=CARTESIAN_POINT('',(-1.775,2.525,0.65));
#3572=CARTESIAN_POINT('',(-1.775,2.525,0.65));
#3573=CARTESIAN_POINT('',(1.775,2.525,0.65));
#3574=CARTESIAN_POINT('',(-1.775,2.525,0.65));
#3575=CARTESIAN_POINT('Origin',(1.775,2.525,0.65));
#3576=CARTESIAN_POINT('',(1.95,2.35,0.65));
#3577=CARTESIAN_POINT('',(1.775,2.525,0.65));
#3578=CARTESIAN_POINT('',(1.95,2.35,0.65));
#3579=CARTESIAN_POINT('Origin',(1.95,2.35,0.65));
#3580=CARTESIAN_POINT('',(1.95,2.115,0.65));
#3581=CARTESIAN_POINT('',(1.95,2.115,0.65));
#3582=CARTESIAN_POINT('',(1.95,2.35,0.65));
#3583=CARTESIAN_POINT('Origin',(1.8,2.115,0.55));
#3584=CARTESIAN_POINT('',(2.05,1.695,0.55));
#3585=CARTESIAN_POINT('',(1.8,1.695,0.55));
#3586=CARTESIAN_POINT('',(2.05,2.115,0.55));
#3587=CARTESIAN_POINT('',(1.8,2.115,0.55));
#3588=CARTESIAN_POINT('',(2.05,2.115,0.55));
#3589=CARTESIAN_POINT('Origin',(1.95,2.35,0.65));
#3590=CARTESIAN_POINT('',(1.95,0.845,0.65));
#3591=CARTESIAN_POINT('',(1.95,0.845,0.65));
#3592=CARTESIAN_POINT('',(1.95,1.695,0.65));
#3593=CARTESIAN_POINT('',(1.95,1.695,0.65));
#3594=CARTESIAN_POINT('',(1.95,2.35,0.65));
#3595=CARTESIAN_POINT('Origin',(1.8,0.845,0.55));
#3596=CARTESIAN_POINT('',(2.05,0.425,0.55));
#3597=CARTESIAN_POINT('',(1.8,0.425,0.55));
#3598=CARTESIAN_POINT('',(2.05,0.845,0.55));
#3599=CARTESIAN_POINT('',(1.8,0.845,0.55));
#3600=CARTESIAN_POINT('',(2.05,0.845,0.55));
#3601=CARTESIAN_POINT('Origin',(1.95,2.35,0.65));
#3602=CARTESIAN_POINT('',(1.95,-0.425,0.65));
#3603=CARTESIAN_POINT('',(1.95,-0.425,0.65));
#3604=CARTESIAN_POINT('',(1.95,0.425,0.65));
#3605=CARTESIAN_POINT('',(1.95,0.425,0.65));
#3606=CARTESIAN_POINT('',(1.95,2.35,0.65));
#3607=CARTESIAN_POINT('Origin',(1.8,-0.425,0.55));
#3608=CARTESIAN_POINT('',(2.05,-0.845,0.55));
#3609=CARTESIAN_POINT('',(1.8,-0.845,0.55));
#3610=CARTESIAN_POINT('',(2.05,-0.425,0.55));
#3611=CARTESIAN_POINT('',(1.8,-0.425,0.55));
#3612=CARTESIAN_POINT('',(2.05,-0.425,0.55));
#3613=CARTESIAN_POINT('Origin',(1.95,2.35,0.65));
#3614=CARTESIAN_POINT('',(1.95,-1.695,0.65));
#3615=CARTESIAN_POINT('',(1.95,-1.695,0.65));
#3616=CARTESIAN_POINT('',(1.95,-0.845,0.65));
#3617=CARTESIAN_POINT('',(1.95,-0.845,0.65));
#3618=CARTESIAN_POINT('',(1.95,2.35,0.65));
#3619=CARTESIAN_POINT('Origin',(1.8,-1.695,0.55));
#3620=CARTESIAN_POINT('',(2.05,-2.115,0.55));
#3621=CARTESIAN_POINT('',(1.8,-2.115,0.55));
#3622=CARTESIAN_POINT('',(2.05,-1.695,0.55));
#3623=CARTESIAN_POINT('',(1.8,-1.695,0.55));
#3624=CARTESIAN_POINT('',(2.05,-1.695,0.55));
#3625=CARTESIAN_POINT('Origin',(1.95,2.35,0.65));
#3626=CARTESIAN_POINT('',(1.95,-2.35,0.65));
#3627=CARTESIAN_POINT('',(1.95,-2.35,0.65));
#3628=CARTESIAN_POINT('',(1.95,-2.115,0.65));
#3629=CARTESIAN_POINT('',(1.95,-2.115,0.65));
#3630=CARTESIAN_POINT('',(1.95,2.35,0.65));
#3631=CARTESIAN_POINT('Origin',(1.95,-2.35,0.65));
#3632=CARTESIAN_POINT('',(1.775,-2.525,0.65));
#3633=CARTESIAN_POINT('',(1.95,-2.35,0.65));
#3634=CARTESIAN_POINT('',(1.775,-2.525,0.65));
#3635=CARTESIAN_POINT('Origin',(1.775,-2.525,0.65));
#3636=CARTESIAN_POINT('',(-1.775,-2.525,0.65));
#3637=CARTESIAN_POINT('',(1.775,-2.525,0.65));
#3638=CARTESIAN_POINT('',(-1.775,-2.525,0.65));
#3639=CARTESIAN_POINT('Origin',(-1.775,-2.525,0.65));
#3640=CARTESIAN_POINT('',(-1.95,-2.35,0.65));
#3641=CARTESIAN_POINT('',(-1.775,-2.525,0.65));
#3642=CARTESIAN_POINT('',(-1.95,-2.35,0.65));
#3643=CARTESIAN_POINT('Origin',(-1.95,-2.35,0.65));
#3644=CARTESIAN_POINT('',(-1.95,-2.115,0.65));
#3645=CARTESIAN_POINT('',(-1.95,-2.115,0.65));
#3646=CARTESIAN_POINT('',(-1.95,-2.35,0.65));
#3647=CARTESIAN_POINT('Origin',(-1.8,-2.115,0.55));
#3648=CARTESIAN_POINT('',(-2.05,-1.695,0.55));
#3649=CARTESIAN_POINT('',(-1.8,-1.695,0.55));
#3650=CARTESIAN_POINT('',(-2.05,-2.115,0.55));
#3651=CARTESIAN_POINT('',(-1.8,-2.115,0.55));
#3652=CARTESIAN_POINT('',(-2.05,-2.115,0.55));
#3653=CARTESIAN_POINT('Origin',(-1.95,-2.35,0.65));
#3654=CARTESIAN_POINT('',(-1.95,-0.845,0.65));
#3655=CARTESIAN_POINT('',(-1.95,-0.845,0.65));
#3656=CARTESIAN_POINT('',(-1.95,-1.695,0.65));
#3657=CARTESIAN_POINT('',(-1.95,-1.695,0.65));
#3658=CARTESIAN_POINT('',(-1.95,-2.35,0.65));
#3659=CARTESIAN_POINT('Origin',(-1.8,-0.845,0.55));
#3660=CARTESIAN_POINT('',(-2.05,-0.425,0.55));
#3661=CARTESIAN_POINT('',(-1.8,-0.425,0.55));
#3662=CARTESIAN_POINT('',(-2.05,-0.845,0.55));
#3663=CARTESIAN_POINT('',(-1.8,-0.845,0.55));
#3664=CARTESIAN_POINT('',(-2.05,-0.845,0.55));
#3665=CARTESIAN_POINT('Origin',(-1.95,-2.35,0.65));
#3666=CARTESIAN_POINT('',(-1.95,0.425,0.65));
#3667=CARTESIAN_POINT('',(-1.95,0.425,0.65));
#3668=CARTESIAN_POINT('',(-1.95,-0.425,0.65));
#3669=CARTESIAN_POINT('',(-1.95,-0.425,0.65));
#3670=CARTESIAN_POINT('',(-1.95,-2.35,0.65));
#3671=CARTESIAN_POINT('Origin',(-1.8,0.425,0.55));
#3672=CARTESIAN_POINT('',(-2.05,0.845,0.55));
#3673=CARTESIAN_POINT('',(-1.8,0.845,0.55));
#3674=CARTESIAN_POINT('',(-2.05,0.425,0.55));
#3675=CARTESIAN_POINT('',(-1.8,0.425,0.55));
#3676=CARTESIAN_POINT('',(-2.05,0.425,0.55));
#3677=CARTESIAN_POINT('Origin',(-1.95,-2.35,0.65));
#3678=CARTESIAN_POINT('',(-1.95,1.695,0.65));
#3679=CARTESIAN_POINT('',(-1.95,1.695,0.65));
#3680=CARTESIAN_POINT('',(-1.95,0.845,0.65));
#3681=CARTESIAN_POINT('',(-1.95,0.845,0.65));
#3682=CARTESIAN_POINT('',(-1.95,-2.35,0.65));
#3683=CARTESIAN_POINT('Origin',(-1.8,1.695,0.55));
#3684=CARTESIAN_POINT('',(-2.05,2.115,0.55));
#3685=CARTESIAN_POINT('',(-1.8,2.115,0.55));
#3686=CARTESIAN_POINT('',(-2.05,1.695,0.55));
#3687=CARTESIAN_POINT('',(-1.8,1.695,0.55));
#3688=CARTESIAN_POINT('',(-2.05,1.695,0.55));
#3689=CARTESIAN_POINT('Origin',(-1.95,-2.35,0.65));
#3690=CARTESIAN_POINT('',(-1.95,2.35,0.65));
#3691=CARTESIAN_POINT('',(-1.95,2.35,0.65));
#3692=CARTESIAN_POINT('',(-1.95,2.115,0.65));
#3693=CARTESIAN_POINT('',(-1.95,2.115,0.65));
#3694=CARTESIAN_POINT('',(-1.95,-2.35,0.65));
#3695=CARTESIAN_POINT('Origin',(-1.95,2.35,0.65));
#3696=CARTESIAN_POINT('',(-1.95,2.35,0.65));
#3697=CARTESIAN_POINT('Origin',(-1.775,2.525,0.65));
#3698=CARTESIAN_POINT('',(-2.05,2.115,0.65));
#3699=CARTESIAN_POINT('',(-2.424267950662,2.115,0.65));
#3700=CARTESIAN_POINT('',(-2.05,1.695,0.65));
#3701=CARTESIAN_POINT('',(-2.05,1.695,0.65));
#3702=CARTESIAN_POINT('',(-2.424267950662,1.695,0.65));
#3703=CARTESIAN_POINT('',(-2.05,0.845,0.65));
#3704=CARTESIAN_POINT('',(-2.424267950662,0.845,0.65));
#3705=CARTESIAN_POINT('',(-2.05,0.425,0.65));
#3706=CARTESIAN_POINT('',(-2.05,0.425,0.65));
#3707=CARTESIAN_POINT('',(-2.424267950662,0.425,0.65));
#3708=CARTESIAN_POINT('',(-2.05,-0.425,0.65));
#3709=CARTESIAN_POINT('',(-2.424267950662,-0.425,0.65));
#3710=CARTESIAN_POINT('',(-2.05,-0.845,0.65));
#3711=CARTESIAN_POINT('',(-2.05,-0.845,0.65));
#3712=CARTESIAN_POINT('',(-2.424267950662,-0.845,0.65));
#3713=CARTESIAN_POINT('',(-2.05,-1.695,0.65));
#3714=CARTESIAN_POINT('',(-2.424267950662,-1.695,0.65));
#3715=CARTESIAN_POINT('',(-2.05,-2.115,0.65));
#3716=CARTESIAN_POINT('',(-2.05,-2.115,0.65));
#3717=CARTESIAN_POINT('',(-2.424267950662,-2.115,0.65));
#3718=CARTESIAN_POINT('',(2.05,-2.115,0.65));
#3719=CARTESIAN_POINT('',(2.424267950662,-2.115,0.65));
#3720=CARTESIAN_POINT('',(2.05,-1.695,0.65));
#3721=CARTESIAN_POINT('',(2.05,-1.695,0.65));
#3722=CARTESIAN_POINT('',(2.424267950662,-1.695,0.65));
#3723=CARTESIAN_POINT('',(2.05,-0.845,0.65));
#3724=CARTESIAN_POINT('',(2.424267950662,-0.845,0.65));
#3725=CARTESIAN_POINT('',(2.05,-0.425,0.65));
#3726=CARTESIAN_POINT('',(2.05,-0.425,0.65));
#3727=CARTESIAN_POINT('',(2.424267950662,-0.425,0.65));
#3728=CARTESIAN_POINT('',(2.05,0.425,0.65));
#3729=CARTESIAN_POINT('',(2.424267950662,0.425,0.65));
#3730=CARTESIAN_POINT('',(2.05,0.845,0.65));
#3731=CARTESIAN_POINT('',(2.05,0.845,0.65));
#3732=CARTESIAN_POINT('',(2.424267950662,0.845,0.65));
#3733=CARTESIAN_POINT('',(2.05,1.695,0.65));
#3734=CARTESIAN_POINT('',(2.424267950662,1.695,0.65));
#3735=CARTESIAN_POINT('',(2.05,2.115,0.65));
#3736=CARTESIAN_POINT('',(2.05,2.115,0.65));
#3737=CARTESIAN_POINT('',(2.424267950662,2.115,0.65));
#3738=CARTESIAN_POINT('',(1.7375,2.45,0.65));
#3739=CARTESIAN_POINT('',(-1.7375,2.45,0.65));
#3740=CARTESIAN_POINT('',(0.,2.45,0.65));
#3741=CARTESIAN_POINT('',(1.875,2.3125,0.65));
#3742=CARTESIAN_POINT('',(1.80625,2.38125,0.65));
#3743=CARTESIAN_POINT('',(1.875,-2.3125,0.65));
#3744=CARTESIAN_POINT('',(1.875,0.,0.65));
#3745=CARTESIAN_POINT('',(1.7375,-2.45,0.65));
#3746=CARTESIAN_POINT('',(1.80625,-2.38125,0.65));
#3747=CARTESIAN_POINT('',(-1.7375,-2.45,0.65));
#3748=CARTESIAN_POINT('',(0.,-2.45,0.65));
#3749=CARTESIAN_POINT('',(-1.875,-2.3125,0.65));
#3750=CARTESIAN_POINT('',(-1.80625,-2.38125,0.65));
#3751=CARTESIAN_POINT('',(-1.875,2.3125,0.65));
#3752=CARTESIAN_POINT('',(-1.875,0.,0.65));
#3753=CARTESIAN_POINT('',(-1.80625,2.38125,0.65));
#3754=CARTESIAN_POINT('Origin',(2.424267950662,2.115,0.241374662465));
#3755=CARTESIAN_POINT('',(2.25,2.115,0.45));
#3756=CARTESIAN_POINT('Origin',(2.05,2.115,0.45));
#3757=CARTESIAN_POINT('',(2.25,2.115,0.2));
#3758=CARTESIAN_POINT('',(2.25,2.115,0.241374662465));
#3759=CARTESIAN_POINT('',(2.35,2.115,0.1));
#3760=CARTESIAN_POINT('Origin',(2.35,2.115,0.2));
#3761=CARTESIAN_POINT('',(3.175,2.115,0.1));
#3762=CARTESIAN_POINT('',(2.424267950662,2.115,0.1));
#3763=CARTESIAN_POINT('',(3.175,2.115,-5.46437894932701E-17));
#3764=CARTESIAN_POINT('',(3.175,2.115,0.241374662465));
#3765=CARTESIAN_POINT('',(2.35,2.115,-5.45353692760214E-17));
#3766=CARTESIAN_POINT('',(2.424267950662,2.115,-5.42101086242752E-17));
#3767=CARTESIAN_POINT('',(2.15,2.115,0.2));
#3768=CARTESIAN_POINT('Origin',(2.35,2.115,0.2));
#3769=CARTESIAN_POINT('',(2.15,2.115,0.45));
#3770=CARTESIAN_POINT('',(2.15,2.115,0.241374662465));
#3771=CARTESIAN_POINT('Origin',(2.05,2.115,0.45));
#3772=CARTESIAN_POINT('Origin',(2.05,2.115,0.45));
#3773=CARTESIAN_POINT('',(2.15,1.695,0.45));
#3774=CARTESIAN_POINT('',(2.15,2.115,0.45));
#3775=CARTESIAN_POINT('Origin',(2.05,1.695,0.45));
#3776=CARTESIAN_POINT('Origin',(2.424267950662,1.695,0.241374662465));
#3777=CARTESIAN_POINT('',(2.25,1.695,0.45));
#3778=CARTESIAN_POINT('Origin',(2.05,1.695,0.45));
#3779=CARTESIAN_POINT('',(2.15,1.695,0.2));
#3780=CARTESIAN_POINT('',(2.15,1.695,0.241374662465));
#3781=CARTESIAN_POINT('',(2.35,1.695,-5.45353692760214E-17));
#3782=CARTESIAN_POINT('Origin',(2.35,1.695,0.2));
#3783=CARTESIAN_POINT('',(3.175,1.695,-5.464378949327E-17));
#3784=CARTESIAN_POINT('',(2.424267950662,1.695,-5.42101086242752E-17));
#3785=CARTESIAN_POINT('',(3.175,1.695,0.1));
#3786=CARTESIAN_POINT('',(3.175,1.695,0.241374662465));
#3787=CARTESIAN_POINT('',(2.35,1.695,0.1));
#3788=CARTESIAN_POINT('',(2.424267950662,1.695,0.1));
#3789=CARTESIAN_POINT('',(2.25,1.695,0.2));
#3790=CARTESIAN_POINT('Origin',(2.35,1.695,0.2));
#3791=CARTESIAN_POINT('',(2.25,1.695,0.241374662465));
#3792=CARTESIAN_POINT('Origin',(2.424267950662,0.845,0.241374662465));
#3793=CARTESIAN_POINT('',(2.25,0.845,0.45));
#3794=CARTESIAN_POINT('Origin',(2.05,0.845,0.45));
#3795=CARTESIAN_POINT('',(2.25,0.845,0.2));
#3796=CARTESIAN_POINT('',(2.25,0.845,0.241374662465));
#3797=CARTESIAN_POINT('',(2.35,0.845,0.1));
#3798=CARTESIAN_POINT('Origin',(2.35,0.845,0.2));
#3799=CARTESIAN_POINT('',(3.175,0.845,0.1));
#3800=CARTESIAN_POINT('',(2.424267950662,0.845,0.1));
#3801=CARTESIAN_POINT('',(3.175,0.845,-5.46437894932701E-17));
#3802=CARTESIAN_POINT('',(3.175,0.845,0.241374662465));
#3803=CARTESIAN_POINT('',(2.35,0.845,-5.45353692760214E-17));
#3804=CARTESIAN_POINT('',(2.424267950662,0.845,-5.42101086242752E-17));
#3805=CARTESIAN_POINT('',(2.15,0.845,0.2));
#3806=CARTESIAN_POINT('Origin',(2.35,0.845,0.2));
#3807=CARTESIAN_POINT('',(2.15,0.845,0.45));
#3808=CARTESIAN_POINT('',(2.15,0.845,0.241374662465));
#3809=CARTESIAN_POINT('Origin',(2.05,0.845,0.45));
#3810=CARTESIAN_POINT('Origin',(2.05,0.845,0.45));
#3811=CARTESIAN_POINT('',(2.15,0.425,0.45));
#3812=CARTESIAN_POINT('',(2.15,0.845,0.45));
#3813=CARTESIAN_POINT('Origin',(2.05,0.425,0.45));
#3814=CARTESIAN_POINT('Origin',(2.424267950662,0.425,0.241374662465));
#3815=CARTESIAN_POINT('',(2.25,0.425,0.45));
#3816=CARTESIAN_POINT('Origin',(2.05,0.425,0.45));
#3817=CARTESIAN_POINT('',(2.15,0.425,0.2));
#3818=CARTESIAN_POINT('',(2.15,0.425,0.241374662465));
#3819=CARTESIAN_POINT('',(2.35,0.425,-5.45353692760214E-17));
#3820=CARTESIAN_POINT('Origin',(2.35,0.425,0.2));
#3821=CARTESIAN_POINT('',(3.175,0.425,-5.464378949327E-17));
#3822=CARTESIAN_POINT('',(2.424267950662,0.425,-5.42101086242752E-17));
#3823=CARTESIAN_POINT('',(3.175,0.425,0.1));
#3824=CARTESIAN_POINT('',(3.175,0.425,0.241374662465));
#3825=CARTESIAN_POINT('',(2.35,0.425,0.1));
#3826=CARTESIAN_POINT('',(2.424267950662,0.425,0.1));
#3827=CARTESIAN_POINT('',(2.25,0.425,0.2));
#3828=CARTESIAN_POINT('Origin',(2.35,0.425,0.2));
#3829=CARTESIAN_POINT('',(2.25,0.425,0.241374662465));
#3830=CARTESIAN_POINT('Origin',(2.424267950662,-0.425,0.241374662465));
#3831=CARTESIAN_POINT('',(2.25,-0.425,0.45));
#3832=CARTESIAN_POINT('Origin',(2.05,-0.425,0.45));
#3833=CARTESIAN_POINT('',(2.25,-0.425,0.2));
#3834=CARTESIAN_POINT('',(2.25,-0.425,0.241374662465));
#3835=CARTESIAN_POINT('',(2.35,-0.425,0.1));
#3836=CARTESIAN_POINT('Origin',(2.35,-0.425,0.2));
#3837=CARTESIAN_POINT('',(3.175,-0.425,0.1));
#3838=CARTESIAN_POINT('',(2.424267950662,-0.425,0.1));
#3839=CARTESIAN_POINT('',(3.175,-0.425,-5.46437894932701E-17));
#3840=CARTESIAN_POINT('',(3.175,-0.425,0.241374662465));
#3841=CARTESIAN_POINT('',(2.35,-0.425,-5.45353692760214E-17));
#3842=CARTESIAN_POINT('',(2.424267950662,-0.425,-5.42101086242752E-17));
#3843=CARTESIAN_POINT('',(2.15,-0.425,0.2));
#3844=CARTESIAN_POINT('Origin',(2.35,-0.425,0.2));
#3845=CARTESIAN_POINT('',(2.15,-0.425,0.45));
#3846=CARTESIAN_POINT('',(2.15,-0.425,0.241374662465));
#3847=CARTESIAN_POINT('Origin',(2.05,-0.425,0.45));
#3848=CARTESIAN_POINT('Origin',(2.05,-0.425,0.45));
#3849=CARTESIAN_POINT('',(2.15,-0.845,0.45));
#3850=CARTESIAN_POINT('',(2.15,-0.425,0.45));
#3851=CARTESIAN_POINT('Origin',(2.05,-0.845,0.45));
#3852=CARTESIAN_POINT('Origin',(2.424267950662,-0.845,0.241374662465));
#3853=CARTESIAN_POINT('',(2.25,-0.845,0.45));
#3854=CARTESIAN_POINT('Origin',(2.05,-0.845,0.45));
#3855=CARTESIAN_POINT('',(2.15,-0.845,0.2));
#3856=CARTESIAN_POINT('',(2.15,-0.845,0.241374662465));
#3857=CARTESIAN_POINT('',(2.35,-0.845,-5.45353692760214E-17));
#3858=CARTESIAN_POINT('Origin',(2.35,-0.845,0.2));
#3859=CARTESIAN_POINT('',(3.175,-0.845,-5.464378949327E-17));
#3860=CARTESIAN_POINT('',(2.424267950662,-0.845,-5.42101086242752E-17));
#3861=CARTESIAN_POINT('',(3.175,-0.845,0.1));
#3862=CARTESIAN_POINT('',(3.175,-0.845,0.241374662465));
#3863=CARTESIAN_POINT('',(2.35,-0.845,0.1));
#3864=CARTESIAN_POINT('',(2.424267950662,-0.845,0.1));
#3865=CARTESIAN_POINT('',(2.25,-0.845,0.2));
#3866=CARTESIAN_POINT('Origin',(2.35,-0.845,0.2));
#3867=CARTESIAN_POINT('',(2.25,-0.845,0.241374662465));
#3868=CARTESIAN_POINT('Origin',(2.424267950662,-1.695,0.241374662465));
#3869=CARTESIAN_POINT('',(2.25,-1.695,0.45));
#3870=CARTESIAN_POINT('Origin',(2.05,-1.695,0.45));
#3871=CARTESIAN_POINT('',(2.25,-1.695,0.2));
#3872=CARTESIAN_POINT('',(2.25,-1.695,0.241374662465));
#3873=CARTESIAN_POINT('',(2.35,-1.695,0.1));
#3874=CARTESIAN_POINT('Origin',(2.35,-1.695,0.2));
#3875=CARTESIAN_POINT('',(3.175,-1.695,0.1));
#3876=CARTESIAN_POINT('',(2.424267950662,-1.695,0.1));
#3877=CARTESIAN_POINT('',(3.175,-1.695,-5.46437894932701E-17));
#3878=CARTESIAN_POINT('',(3.175,-1.695,0.241374662465));
#3879=CARTESIAN_POINT('',(2.35,-1.695,-5.45353692760214E-17));
#3880=CARTESIAN_POINT('',(2.424267950662,-1.695,-5.42101086242752E-17));
#3881=CARTESIAN_POINT('',(2.15,-1.695,0.2));
#3882=CARTESIAN_POINT('Origin',(2.35,-1.695,0.2));
#3883=CARTESIAN_POINT('',(2.15,-1.695,0.45));
#3884=CARTESIAN_POINT('',(2.15,-1.695,0.241374662465));
#3885=CARTESIAN_POINT('Origin',(2.05,-1.695,0.45));
#3886=CARTESIAN_POINT('Origin',(2.05,-1.695,0.45));
#3887=CARTESIAN_POINT('',(2.15,-2.115,0.45));
#3888=CARTESIAN_POINT('',(2.15,-1.695,0.45));
#3889=CARTESIAN_POINT('Origin',(2.05,-2.115,0.45));
#3890=CARTESIAN_POINT('Origin',(2.424267950662,-2.115,0.241374662465));
#3891=CARTESIAN_POINT('',(2.25,-2.115,0.45));
#3892=CARTESIAN_POINT('Origin',(2.05,-2.115,0.45));
#3893=CARTESIAN_POINT('',(2.15,-2.115,0.2));
#3894=CARTESIAN_POINT('',(2.15,-2.115,0.241374662465));
#3895=CARTESIAN_POINT('',(2.35,-2.115,-5.45353692760214E-17));
#3896=CARTESIAN_POINT('Origin',(2.35,-2.115,0.2));
#3897=CARTESIAN_POINT('',(3.175,-2.115,-5.464378949327E-17));
#3898=CARTESIAN_POINT('',(2.424267950662,-2.115,-5.42101086242752E-17));
#3899=CARTESIAN_POINT('',(3.175,-2.115,0.1));
#3900=CARTESIAN_POINT('',(3.175,-2.115,0.241374662465));
#3901=CARTESIAN_POINT('',(2.35,-2.115,0.1));
#3902=CARTESIAN_POINT('',(2.424267950662,-2.115,0.1));
#3903=CARTESIAN_POINT('',(2.25,-2.115,0.2));
#3904=CARTESIAN_POINT('Origin',(2.35,-2.115,0.2));
#3905=CARTESIAN_POINT('',(2.25,-2.115,0.241374662465));
#3906=CARTESIAN_POINT('Origin',(-2.424267950662,-2.115,0.241374662465));
#3907=CARTESIAN_POINT('',(-2.25,-2.115,0.45));
#3908=CARTESIAN_POINT('Origin',(-2.05,-2.115,0.45));
#3909=CARTESIAN_POINT('',(-2.25,-2.115,0.2));
#3910=CARTESIAN_POINT('',(-2.25,-2.115,0.241374662465));
#3911=CARTESIAN_POINT('',(-2.35,-2.115,0.1));
#3912=CARTESIAN_POINT('Origin',(-2.35,-2.115,0.2));
#3913=CARTESIAN_POINT('',(-3.175,-2.115,0.1));
#3914=CARTESIAN_POINT('',(-2.424267950662,-2.115,0.1));
#3915=CARTESIAN_POINT('',(-3.175,-2.115,-5.46437894932701E-17));
#3916=CARTESIAN_POINT('',(-3.175,-2.115,0.241374662465));
#3917=CARTESIAN_POINT('',(-2.35,-2.115,-5.45353692760214E-17));
#3918=CARTESIAN_POINT('',(-2.424267950662,-2.115,-5.42101086242752E-17));
#3919=CARTESIAN_POINT('',(-2.15,-2.115,0.2));
#3920=CARTESIAN_POINT('Origin',(-2.35,-2.115,0.2));
#3921=CARTESIAN_POINT('',(-2.15,-2.115,0.45));
#3922=CARTESIAN_POINT('',(-2.15,-2.115,0.241374662465));
#3923=CARTESIAN_POINT('Origin',(-2.05,-2.115,0.45));
#3924=CARTESIAN_POINT('Origin',(-2.05,-2.115,0.45));
#3925=CARTESIAN_POINT('',(-2.15,-1.695,0.45));
#3926=CARTESIAN_POINT('',(-2.15,-2.115,0.45));
#3927=CARTESIAN_POINT('Origin',(-2.05,-1.695,0.45));
#3928=CARTESIAN_POINT('Origin',(-2.424267950662,-1.695,0.241374662465));
#3929=CARTESIAN_POINT('',(-2.25,-1.695,0.45));
#3930=CARTESIAN_POINT('Origin',(-2.05,-1.695,0.45));
#3931=CARTESIAN_POINT('',(-2.15,-1.695,0.2));
#3932=CARTESIAN_POINT('',(-2.15,-1.695,0.241374662465));
#3933=CARTESIAN_POINT('',(-2.35,-1.695,-5.45353692760214E-17));
#3934=CARTESIAN_POINT('Origin',(-2.35,-1.695,0.2));
#3935=CARTESIAN_POINT('',(-3.175,-1.695,-5.46437894932699E-17));
#3936=CARTESIAN_POINT('',(-2.424267950662,-1.695,-5.42101086242752E-17));
#3937=CARTESIAN_POINT('',(-3.175,-1.695,0.1));
#3938=CARTESIAN_POINT('',(-3.175,-1.695,0.241374662465));
#3939=CARTESIAN_POINT('',(-2.35,-1.695,0.1));
#3940=CARTESIAN_POINT('',(-2.424267950662,-1.695,0.1));
#3941=CARTESIAN_POINT('',(-2.25,-1.695,0.2));
#3942=CARTESIAN_POINT('Origin',(-2.35,-1.695,0.2));
#3943=CARTESIAN_POINT('',(-2.25,-1.695,0.241374662465));
#3944=CARTESIAN_POINT('Origin',(-2.424267950662,-0.845,0.241374662465));
#3945=CARTESIAN_POINT('',(-2.25,-0.845,0.45));
#3946=CARTESIAN_POINT('Origin',(-2.05,-0.845,0.45));
#3947=CARTESIAN_POINT('',(-2.25,-0.845,0.2));
#3948=CARTESIAN_POINT('',(-2.25,-0.845,0.241374662465));
#3949=CARTESIAN_POINT('',(-2.35,-0.845,0.1));
#3950=CARTESIAN_POINT('Origin',(-2.35,-0.845,0.2));
#3951=CARTESIAN_POINT('',(-3.175,-0.845,0.1));
#3952=CARTESIAN_POINT('',(-2.424267950662,-0.845,0.1));
#3953=CARTESIAN_POINT('',(-3.175,-0.845,-5.46437894932701E-17));
#3954=CARTESIAN_POINT('',(-3.175,-0.845,0.241374662465));
#3955=CARTESIAN_POINT('',(-2.35,-0.845,-5.45353692760214E-17));
#3956=CARTESIAN_POINT('',(-2.424267950662,-0.845,-5.42101086242752E-17));
#3957=CARTESIAN_POINT('',(-2.15,-0.845,0.2));
#3958=CARTESIAN_POINT('Origin',(-2.35,-0.845,0.2));
#3959=CARTESIAN_POINT('',(-2.15,-0.845,0.45));
#3960=CARTESIAN_POINT('',(-2.15,-0.845,0.241374662465));
#3961=CARTESIAN_POINT('Origin',(-2.05,-0.845,0.45));
#3962=CARTESIAN_POINT('Origin',(-2.05,-0.845,0.45));
#3963=CARTESIAN_POINT('',(-2.15,-0.425,0.45));
#3964=CARTESIAN_POINT('',(-2.15,-0.845,0.45));
#3965=CARTESIAN_POINT('Origin',(-2.05,-0.425,0.45));
#3966=CARTESIAN_POINT('Origin',(-2.424267950662,-0.425,0.241374662465));
#3967=CARTESIAN_POINT('',(-2.25,-0.425,0.45));
#3968=CARTESIAN_POINT('Origin',(-2.05,-0.425,0.45));
#3969=CARTESIAN_POINT('',(-2.15,-0.425,0.2));
#3970=CARTESIAN_POINT('',(-2.15,-0.425,0.241374662465));
#3971=CARTESIAN_POINT('',(-2.35,-0.425,-5.45353692760214E-17));
#3972=CARTESIAN_POINT('Origin',(-2.35,-0.425,0.2));
#3973=CARTESIAN_POINT('',(-3.175,-0.425,-5.46437894932699E-17));
#3974=CARTESIAN_POINT('',(-2.424267950662,-0.425,-5.42101086242752E-17));
#3975=CARTESIAN_POINT('',(-3.175,-0.425,0.1));
#3976=CARTESIAN_POINT('',(-3.175,-0.425,0.241374662465));
#3977=CARTESIAN_POINT('',(-2.35,-0.425,0.1));
#3978=CARTESIAN_POINT('',(-2.424267950662,-0.425,0.1));
#3979=CARTESIAN_POINT('',(-2.25,-0.425,0.2));
#3980=CARTESIAN_POINT('Origin',(-2.35,-0.425,0.2));
#3981=CARTESIAN_POINT('',(-2.25,-0.425,0.241374662465));
#3982=CARTESIAN_POINT('Origin',(-2.424267950662,0.425,0.241374662465));
#3983=CARTESIAN_POINT('',(-2.25,0.425,0.45));
#3984=CARTESIAN_POINT('Origin',(-2.05,0.425,0.45));
#3985=CARTESIAN_POINT('',(-2.25,0.425,0.2));
#3986=CARTESIAN_POINT('',(-2.25,0.425,0.241374662465));
#3987=CARTESIAN_POINT('',(-2.35,0.425,0.1));
#3988=CARTESIAN_POINT('Origin',(-2.35,0.425,0.2));
#3989=CARTESIAN_POINT('',(-3.175,0.425,0.1));
#3990=CARTESIAN_POINT('',(-2.424267950662,0.425,0.1));
#3991=CARTESIAN_POINT('',(-3.175,0.425,-5.46437894932701E-17));
#3992=CARTESIAN_POINT('',(-3.175,0.425,0.241374662465));
#3993=CARTESIAN_POINT('',(-2.35,0.425,-5.45353692760214E-17));
#3994=CARTESIAN_POINT('',(-2.424267950662,0.425,-5.42101086242752E-17));
#3995=CARTESIAN_POINT('',(-2.15,0.425,0.2));
#3996=CARTESIAN_POINT('Origin',(-2.35,0.425,0.2));
#3997=CARTESIAN_POINT('',(-2.15,0.425,0.45));
#3998=CARTESIAN_POINT('',(-2.15,0.425,0.241374662465));
#3999=CARTESIAN_POINT('Origin',(-2.05,0.425,0.45));
#4000=CARTESIAN_POINT('Origin',(-2.05,0.425,0.45));
#4001=CARTESIAN_POINT('',(-2.15,0.845,0.45));
#4002=CARTESIAN_POINT('',(-2.15,0.425,0.45));
#4003=CARTESIAN_POINT('Origin',(-2.05,0.845,0.45));
#4004=CARTESIAN_POINT('Origin',(-2.424267950662,0.845,0.241374662465));
#4005=CARTESIAN_POINT('',(-2.25,0.845,0.45));
#4006=CARTESIAN_POINT('Origin',(-2.05,0.845,0.45));
#4007=CARTESIAN_POINT('',(-2.15,0.845,0.2));
#4008=CARTESIAN_POINT('',(-2.15,0.845,0.241374662465));
#4009=CARTESIAN_POINT('',(-2.35,0.845,-5.45353692760214E-17));
#4010=CARTESIAN_POINT('Origin',(-2.35,0.845,0.2));
#4011=CARTESIAN_POINT('',(-3.175,0.845,-5.46437894932699E-17));
#4012=CARTESIAN_POINT('',(-2.424267950662,0.845,-5.42101086242752E-17));
#4013=CARTESIAN_POINT('',(-3.175,0.845,0.1));
#4014=CARTESIAN_POINT('',(-3.175,0.845,0.241374662465));
#4015=CARTESIAN_POINT('',(-2.35,0.845,0.1));
#4016=CARTESIAN_POINT('',(-2.424267950662,0.845,0.1));
#4017=CARTESIAN_POINT('',(-2.25,0.845,0.2));
#4018=CARTESIAN_POINT('Origin',(-2.35,0.845,0.2));
#4019=CARTESIAN_POINT('',(-2.25,0.845,0.241374662465));
#4020=CARTESIAN_POINT('Origin',(-2.424267950662,1.695,0.241374662465));
#4021=CARTESIAN_POINT('',(-2.25,1.695,0.45));
#4022=CARTESIAN_POINT('Origin',(-2.05,1.695,0.45));
#4023=CARTESIAN_POINT('',(-2.25,1.695,0.2));
#4024=CARTESIAN_POINT('',(-2.25,1.695,0.241374662465));
#4025=CARTESIAN_POINT('',(-2.35,1.695,0.1));
#4026=CARTESIAN_POINT('Origin',(-2.35,1.695,0.2));
#4027=CARTESIAN_POINT('',(-3.175,1.695,0.1));
#4028=CARTESIAN_POINT('',(-2.424267950662,1.695,0.1));
#4029=CARTESIAN_POINT('',(-3.175,1.695,-5.46437894932701E-17));
#4030=CARTESIAN_POINT('',(-3.175,1.695,0.241374662465));
#4031=CARTESIAN_POINT('',(-2.35,1.695,-5.45353692760214E-17));
#4032=CARTESIAN_POINT('',(-2.424267950662,1.695,-5.42101086242752E-17));
#4033=CARTESIAN_POINT('',(-2.15,1.695,0.2));
#4034=CARTESIAN_POINT('Origin',(-2.35,1.695,0.2));
#4035=CARTESIAN_POINT('',(-2.15,1.695,0.45));
#4036=CARTESIAN_POINT('',(-2.15,1.695,0.241374662465));
#4037=CARTESIAN_POINT('Origin',(-2.05,1.695,0.45));
#4038=CARTESIAN_POINT('Origin',(-2.05,1.695,0.45));
#4039=CARTESIAN_POINT('',(-2.15,2.115,0.45));
#4040=CARTESIAN_POINT('',(-2.15,1.695,0.45));
#4041=CARTESIAN_POINT('Origin',(-2.05,2.115,0.45));
#4042=CARTESIAN_POINT('Origin',(-2.424267950662,2.115,0.241374662465));
#4043=CARTESIAN_POINT('',(-2.25,2.115,0.45));
#4044=CARTESIAN_POINT('Origin',(-2.05,2.115,0.45));
#4045=CARTESIAN_POINT('',(-2.15,2.115,0.2));
#4046=CARTESIAN_POINT('',(-2.15,2.115,0.241374662465));
#4047=CARTESIAN_POINT('',(-2.35,2.115,-5.45353692760214E-17));
#4048=CARTESIAN_POINT('Origin',(-2.35,2.115,0.2));
#4049=CARTESIAN_POINT('',(-3.175,2.115,-5.46437894932699E-17));
#4050=CARTESIAN_POINT('',(-2.424267950662,2.115,-5.42101086242752E-17));
#4051=CARTESIAN_POINT('',(-3.175,2.115,0.1));
#4052=CARTESIAN_POINT('',(-3.175,2.115,0.241374662465));
#4053=CARTESIAN_POINT('',(-2.35,2.115,0.1));
#4054=CARTESIAN_POINT('',(-2.424267950662,2.115,0.1));
#4055=CARTESIAN_POINT('',(-2.25,2.115,0.2));
#4056=CARTESIAN_POINT('Origin',(-2.35,2.115,0.2));
#4057=CARTESIAN_POINT('',(-2.25,2.115,0.241374662465));
#4058=CARTESIAN_POINT('Origin',(-1.7375,2.45,0.65));
#4059=CARTESIAN_POINT('',(1.701863500927,2.378727001854,1.1));
#4060=CARTESIAN_POINT('',(-1.701863500927,2.378727001854,1.1));
#4061=CARTESIAN_POINT('',(0.,2.378727001854,1.1));
#4062=CARTESIAN_POINT('',(1.7196817504635,2.414363500927,0.875));
#4063=CARTESIAN_POINT('',(-1.7196817504635,2.414363500927,0.875));
#4064=CARTESIAN_POINT('Origin',(1.7375,2.45,0.65));
#4065=CARTESIAN_POINT('',(1.803727001854,2.276863500927,1.1));
#4066=CARTESIAN_POINT('',(1.7527952513905,2.3277952513905,1.1));
#4067=CARTESIAN_POINT('',(1.839363500927,2.2946817504635,0.875));
#4068=CARTESIAN_POINT('Origin',(2.05,2.115,0.45));
#4069=CARTESIAN_POINT('',(2.25,2.115,0.45));
#4070=CARTESIAN_POINT('Origin',(2.25,2.115,0.2));
#4071=CARTESIAN_POINT('',(2.25,2.115,0.2));
#4072=CARTESIAN_POINT('Origin',(2.35,2.115,0.2));
#4073=CARTESIAN_POINT('',(2.35,2.115,0.1));
#4074=CARTESIAN_POINT('Origin',(3.175,2.115,0.1));
#4075=CARTESIAN_POINT('',(3.175,2.115,0.1));
#4076=CARTESIAN_POINT('Origin',(3.175,2.115,-5.551115123126E-17));
#4077=CARTESIAN_POINT('',(3.175,2.115,-5.551115123126E-17));
#4078=CARTESIAN_POINT('Origin',(2.35,2.115,-5.551115123126E-17));
#4079=CARTESIAN_POINT('',(2.35,2.115,-5.551115123126E-17));
#4080=CARTESIAN_POINT('Origin',(2.35,2.115,0.2));
#4081=CARTESIAN_POINT('',(2.15,2.115,0.2));
#4082=CARTESIAN_POINT('Origin',(2.15,2.115,0.45));
#4083=CARTESIAN_POINT('Origin',(2.05,0.845,0.45));
#4084=CARTESIAN_POINT('',(2.25,0.845,0.45));
#4085=CARTESIAN_POINT('Origin',(2.25,0.845,0.2));
#4086=CARTESIAN_POINT('',(2.25,0.845,0.2));
#4087=CARTESIAN_POINT('Origin',(2.35,0.845,0.2));
#4088=CARTESIAN_POINT('',(2.35,0.845,0.1));
#4089=CARTESIAN_POINT('Origin',(3.175,0.845,0.1));
#4090=CARTESIAN_POINT('',(3.175,0.845,0.1));
#4091=CARTESIAN_POINT('Origin',(3.175,0.845,-5.551115123126E-17));
#4092=CARTESIAN_POINT('',(3.175,0.845,-5.551115123126E-17));
#4093=CARTESIAN_POINT('Origin',(2.35,0.845,-5.551115123126E-17));
#4094=CARTESIAN_POINT('',(2.35,0.845,-5.551115123126E-17));
#4095=CARTESIAN_POINT('Origin',(2.35,0.845,0.2));
#4096=CARTESIAN_POINT('',(2.15,0.845,0.2));
#4097=CARTESIAN_POINT('Origin',(2.15,0.845,0.45));
#4098=CARTESIAN_POINT('Origin',(2.05,-0.425,0.45));
#4099=CARTESIAN_POINT('',(2.25,-0.425,0.45));
#4100=CARTESIAN_POINT('Origin',(2.25,-0.425,0.2));
#4101=CARTESIAN_POINT('',(2.25,-0.425,0.2));
#4102=CARTESIAN_POINT('Origin',(2.35,-0.425,0.2));
#4103=CARTESIAN_POINT('',(2.35,-0.425,0.1));
#4104=CARTESIAN_POINT('Origin',(3.175,-0.425,0.1));
#4105=CARTESIAN_POINT('',(3.175,-0.425,0.1));
#4106=CARTESIAN_POINT('Origin',(3.175,-0.425,-5.551115123126E-17));
#4107=CARTESIAN_POINT('',(3.175,-0.425,-5.551115123126E-17));
#4108=CARTESIAN_POINT('Origin',(2.35,-0.425,-5.551115123126E-17));
#4109=CARTESIAN_POINT('',(2.35,-0.425,-5.551115123126E-17));
#4110=CARTESIAN_POINT('Origin',(2.35,-0.425,0.2));
#4111=CARTESIAN_POINT('',(2.15,-0.425,0.2));
#4112=CARTESIAN_POINT('Origin',(2.15,-0.425,0.45));
#4113=CARTESIAN_POINT('Origin',(2.05,-1.695,0.45));
#4114=CARTESIAN_POINT('',(2.25,-1.695,0.45));
#4115=CARTESIAN_POINT('Origin',(2.25,-1.695,0.2));
#4116=CARTESIAN_POINT('',(2.25,-1.695,0.2));
#4117=CARTESIAN_POINT('Origin',(2.35,-1.695,0.2));
#4118=CARTESIAN_POINT('',(2.35,-1.695,0.1));
#4119=CARTESIAN_POINT('Origin',(3.175,-1.695,0.1));
#4120=CARTESIAN_POINT('',(3.175,-1.695,0.1));
#4121=CARTESIAN_POINT('Origin',(3.175,-1.695,-5.551115123126E-17));
#4122=CARTESIAN_POINT('',(3.175,-1.695,-5.551115123126E-17));
#4123=CARTESIAN_POINT('Origin',(2.35,-1.695,-5.551115123126E-17));
#4124=CARTESIAN_POINT('',(2.35,-1.695,-5.551115123126E-17));
#4125=CARTESIAN_POINT('Origin',(2.35,-1.695,0.2));
#4126=CARTESIAN_POINT('',(2.15,-1.695,0.2));
#4127=CARTESIAN_POINT('Origin',(2.15,-1.695,0.45));
#4128=CARTESIAN_POINT('Origin',(1.875,-2.3125,0.65));
#4129=CARTESIAN_POINT('',(1.701863500927,-2.378727001854,1.1));
#4130=CARTESIAN_POINT('',(1.803727001854,-2.276863500927,1.1));
#4131=CARTESIAN_POINT('',(1.7527952513905,-2.3277952513905,1.1));
#4132=CARTESIAN_POINT('',(1.7196817504635,-2.414363500927,0.875));
#4133=CARTESIAN_POINT('',(1.839363500927,-2.2946817504635,0.875));
#4134=CARTESIAN_POINT('Origin',(1.7375,-2.45,0.65));
#4135=CARTESIAN_POINT('',(-1.701863500927,-2.378727001854,1.1));
#4136=CARTESIAN_POINT('',(0.,-2.378727001854,1.1));
#4137=CARTESIAN_POINT('',(-1.7196817504635,-2.414363500927,0.875));
#4138=CARTESIAN_POINT('Origin',(-1.7375,-2.45,0.65));
#4139=CARTESIAN_POINT('',(-1.803727001854,-2.276863500927,1.1));
#4140=CARTESIAN_POINT('',(-1.7527952513905,-2.3277952513905,1.1));
#4141=CARTESIAN_POINT('',(-1.839363500927,-2.2946817504635,0.875));
#4142=CARTESIAN_POINT('Origin',(-2.05,-2.115,0.45));
#4143=CARTESIAN_POINT('',(-2.25,-2.115,0.45));
#4144=CARTESIAN_POINT('Origin',(-2.25,-2.115,0.2));
#4145=CARTESIAN_POINT('',(-2.25,-2.115,0.2));
#4146=CARTESIAN_POINT('Origin',(-2.35,-2.115,0.2));
#4147=CARTESIAN_POINT('',(-2.35,-2.115,0.1));
#4148=CARTESIAN_POINT('Origin',(-3.175,-2.115,0.1));
#4149=CARTESIAN_POINT('',(-3.175,-2.115,0.1));
#4150=CARTESIAN_POINT('Origin',(-3.175,-2.115,-5.551115123126E-17));
#4151=CARTESIAN_POINT('',(-3.175,-2.115,-5.551115123126E-17));
#4152=CARTESIAN_POINT('Origin',(-2.35,-2.115,-5.551115123126E-17));
#4153=CARTESIAN_POINT('',(-2.35,-2.115,-5.551115123126E-17));
#4154=CARTESIAN_POINT('Origin',(-2.35,-2.115,0.2));
#4155=CARTESIAN_POINT('',(-2.15,-2.115,0.2));
#4156=CARTESIAN_POINT('Origin',(-2.15,-2.115,0.45));
#4157=CARTESIAN_POINT('Origin',(-2.05,-0.845,0.45));
#4158=CARTESIAN_POINT('',(-2.25,-0.845,0.45));
#4159=CARTESIAN_POINT('Origin',(-2.25,-0.845,0.2));
#4160=CARTESIAN_POINT('',(-2.25,-0.845,0.2));
#4161=CARTESIAN_POINT('Origin',(-2.35,-0.845,0.2));
#4162=CARTESIAN_POINT('',(-2.35,-0.845,0.1));
#4163=CARTESIAN_POINT('Origin',(-3.175,-0.845,0.1));
#4164=CARTESIAN_POINT('',(-3.175,-0.845,0.1));
#4165=CARTESIAN_POINT('Origin',(-3.175,-0.845,-5.551115123126E-17));
#4166=CARTESIAN_POINT('',(-3.175,-0.845,-5.551115123126E-17));
#4167=CARTESIAN_POINT('Origin',(-2.35,-0.845,-5.551115123126E-17));
#4168=CARTESIAN_POINT('',(-2.35,-0.845,-5.551115123126E-17));
#4169=CARTESIAN_POINT('Origin',(-2.35,-0.845,0.2));
#4170=CARTESIAN_POINT('',(-2.15,-0.845,0.2));
#4171=CARTESIAN_POINT('Origin',(-2.15,-0.845,0.45));
#4172=CARTESIAN_POINT('Origin',(-2.05,0.425,0.45));
#4173=CARTESIAN_POINT('',(-2.25,0.425,0.45));
#4174=CARTESIAN_POINT('Origin',(-2.25,0.425,0.2));
#4175=CARTESIAN_POINT('',(-2.25,0.425,0.2));
#4176=CARTESIAN_POINT('Origin',(-2.35,0.425,0.2));
#4177=CARTESIAN_POINT('',(-2.35,0.425,0.1));
#4178=CARTESIAN_POINT('Origin',(-3.175,0.425,0.1));
#4179=CARTESIAN_POINT('',(-3.175,0.425,0.1));
#4180=CARTESIAN_POINT('Origin',(-3.175,0.425,-5.551115123126E-17));
#4181=CARTESIAN_POINT('',(-3.175,0.425,-5.551115123126E-17));
#4182=CARTESIAN_POINT('Origin',(-2.35,0.425,-5.551115123126E-17));
#4183=CARTESIAN_POINT('',(-2.35,0.425,-5.551115123126E-17));
#4184=CARTESIAN_POINT('Origin',(-2.35,0.425,0.2));
#4185=CARTESIAN_POINT('',(-2.15,0.425,0.2));
#4186=CARTESIAN_POINT('Origin',(-2.15,0.425,0.45));
#4187=CARTESIAN_POINT('Origin',(-2.05,1.695,0.45));
#4188=CARTESIAN_POINT('',(-2.25,1.695,0.45));
#4189=CARTESIAN_POINT('Origin',(-2.25,1.695,0.2));
#4190=CARTESIAN_POINT('',(-2.25,1.695,0.2));
#4191=CARTESIAN_POINT('Origin',(-2.35,1.695,0.2));
#4192=CARTESIAN_POINT('',(-2.35,1.695,0.1));
#4193=CARTESIAN_POINT('Origin',(-3.175,1.695,0.1));
#4194=CARTESIAN_POINT('',(-3.175,1.695,0.1));
#4195=CARTESIAN_POINT('Origin',(-3.175,1.695,-5.551115123126E-17));
#4196=CARTESIAN_POINT('',(-3.175,1.695,-5.551115123126E-17));
#4197=CARTESIAN_POINT('Origin',(-2.35,1.695,-5.551115123126E-17));
#4198=CARTESIAN_POINT('',(-2.35,1.695,-5.551115123126E-17));
#4199=CARTESIAN_POINT('Origin',(-2.35,1.695,0.2));
#4200=CARTESIAN_POINT('',(-2.15,1.695,0.2));
#4201=CARTESIAN_POINT('Origin',(-2.15,1.695,0.45));
#4202=CARTESIAN_POINT('Origin',(-1.875,2.3125,0.65));
#4203=CARTESIAN_POINT('',(-1.803727001854,2.276863500927,1.1));
#4204=CARTESIAN_POINT('',(-1.7527952513905,2.3277952513905,1.1));
#4205=CARTESIAN_POINT('',(-1.839363500927,2.2946817504635,0.875));
#4206=CARTESIAN_POINT('Origin',(-1.701863500927,2.378727001854,1.1));
#4207=CARTESIAN_POINT('',(1.803727001854,2.378727001854,1.1));
#4208=CARTESIAN_POINT('',(-1.803727001854,2.378727001854,1.1));
#4209=CARTESIAN_POINT('Origin',(1.875,2.3125,0.65));
#4210=CARTESIAN_POINT('Origin',(-1.875,-2.3125,0.65));
#4211=CARTESIAN_POINT('Origin',(-1.303727001854,1.878727001854,1.05));
#4212=UNCERTAINTY_MEASURE_WITH_UNIT(LENGTH_MEASURE(0.01),#4216,
'DISTANCE_ACCURACY_VALUE',
'Maximum model space distance between geometric entities at asserted c
onnectivities');
#4213=UNCERTAINTY_MEASURE_WITH_UNIT(LENGTH_MEASURE(0.01),#4216,
'DISTANCE_ACCURACY_VALUE',
'Maximum model space distance between geometric entities at asserted c
onnectivities');
#4214=(
GEOMETRIC_REPRESENTATION_CONTEXT(3)
GLOBAL_UNCERTAINTY_ASSIGNED_CONTEXT((#4212))
GLOBAL_UNIT_ASSIGNED_CONTEXT((#4216,#4218,#4219))
REPRESENTATION_CONTEXT('','3D')
);
#4215=(
GEOMETRIC_REPRESENTATION_CONTEXT(3)
GLOBAL_UNCERTAINTY_ASSIGNED_CONTEXT((#4213))
GLOBAL_UNIT_ASSIGNED_CONTEXT((#4216,#4218,#4219))
REPRESENTATION_CONTEXT('','3D')
);
#4216=(
LENGTH_UNIT()
NAMED_UNIT(*)
SI_UNIT(.MILLI.,.METRE.)
);
#4217=(
LENGTH_UNIT()
NAMED_UNIT(*)
SI_UNIT($,.METRE.)
);
#4218=(
NAMED_UNIT(*)
PLANE_ANGLE_UNIT()
SI_UNIT($,.RADIAN.)
);
#4219=(
NAMED_UNIT(*)
SI_UNIT($,.STERADIAN.)
SOLID_ANGLE_UNIT()
);
#4220=SHAPE_DEFINITION_REPRESENTATION(#4221,#4222);
#4221=PRODUCT_DEFINITION_SHAPE('',$,#4224);
#4222=SHAPE_REPRESENTATION('',(#2584),#4214);
#4223=PRODUCT_DEFINITION_CONTEXT('part definition',#4228,'design');
#4224=PRODUCT_DEFINITION('SSOP-8_3.9x5.05mm_P1.27mm',
'SSOP-8_3.9x5.05mm_P1.27mm',#4225,#4223);
#4225=PRODUCT_DEFINITION_FORMATION('',$,#4230);
#4226=PRODUCT_RELATED_PRODUCT_CATEGORY('SSOP-8_3.9x5.05mm_P1.27mm',
'SSOP-8_3.9x5.05mm_P1.27mm',(#4230));
#4227=APPLICATION_PROTOCOL_DEFINITION('international standard',
'automotive_design',2009,#4228);
#4228=APPLICATION_CONTEXT(
'Core Data for Automotive Mechanical Design Process');
#4229=PRODUCT_CONTEXT('part definition',#4228,'mechanical');
#4230=PRODUCT('SSOP-8_3.9x5.05mm_P1.27mm','SSOP-8_3.9x5.05mm_P1.27mm',$,
(#4229));
#4231=PRESENTATION_STYLE_ASSIGNMENT((#4235));
#4232=PRESENTATION_STYLE_ASSIGNMENT((#4236));
#4233=PRESENTATION_STYLE_ASSIGNMENT((#4237));
#4234=PRESENTATION_STYLE_ASSIGNMENT((#4238));
#4235=SURFACE_STYLE_USAGE(.BOTH.,#4239);
#4236=SURFACE_STYLE_USAGE(.BOTH.,#4240);
#4237=SURFACE_STYLE_USAGE(.BOTH.,#4241);
#4238=SURFACE_STYLE_USAGE(.BOTH.,#4242);
#4239=SURFACE_SIDE_STYLE('',(#4243));
#4240=SURFACE_SIDE_STYLE('',(#4244));
#4241=SURFACE_SIDE_STYLE('',(#4245));
#4242=SURFACE_SIDE_STYLE('',(#4246));
#4243=SURFACE_STYLE_FILL_AREA(#4247);
#4244=SURFACE_STYLE_FILL_AREA(#4248);
#4245=SURFACE_STYLE_FILL_AREA(#4249);
#4246=SURFACE_STYLE_FILL_AREA(#4250);
#4247=FILL_AREA_STYLE('Acier - Satin\X\E9',(#4251));
#4248=FILL_AREA_STYLE('Opaque(210,209,199)',(#4252));
#4249=FILL_AREA_STYLE('Opaque(176,169,152)',(#4253));
#4250=FILL_AREA_STYLE('Opaque(37,36,36)',(#4254));
#4251=FILL_AREA_STYLE_COLOUR('Acier - Satin\X\E9',#4255);
#4252=FILL_AREA_STYLE_COLOUR('Opaque(210,209,199)',#4256);
#4253=FILL_AREA_STYLE_COLOUR('Opaque(176,169,152)',#4257);
#4254=FILL_AREA_STYLE_COLOUR('Opaque(37,36,36)',#4258);
#4255=COLOUR_RGB('Acier - Satin\X\E9',0.627450980392157,0.627450980392157,
0.627450980392157);
#4256=COLOUR_RGB('Opaque(210,209,199)',0.823529411764706,0.819607843137255,
0.780392156862745);
#4257=COLOUR_RGB('Opaque(176,169,152)',0.690196078431373,0.662745098039216,
0.596078431372549);
#4258=COLOUR_RGB('Opaque(37,36,36)',0.145098039215686,0.141176470588235,
0.141176470588235);
ENDSEC;
END-ISO-10303-21;
