ISO-10303-21;
HEADER;
/* Generated by software containing ST-Developer
 * from STEP Tools, Inc. (www.steptools.com) 
 */

FILE_DESCRIPTION(
/* description */ (''),
/* implementation_level */ '2;1');

FILE_NAME(
/* name */ 'SRP1038A-LF.step',
/* time_stamp */ '2026-02-08T19:09:35+01:00',
/* author */ (''),
/* organization */ (''),
/* preprocessor_version */ 'ST-DEVELOPER v20.1',
/* originating_system */ 'Autodesk Translation Framework v14.24.0.0',
/* authorisation */ '');

FILE_SCHEMA (('AUTOMOTIVE_DESIGN { 1 0 10303 214 3 1 1 }'));
ENDSEC;

DATA;
#10=MECHANICAL_DESIGN_GEOMETRIC_PRESENTATION_REPRESENTATION('',(#26,#27,
#28),#2679);
#11=SHAPE_REPRESENTATION_RELATIONSHIP('SRR','None',#2686,#12);
#12=ADVANCED_BREP_SHAPE_REPRESENTATION('',(#29,#30,#31),#2678);
#13=(
BOUNDED_SURFACE()
B_SPLINE_SURFACE(2,2,((#2489,#2490,#2491),(#2492,#2493,#2494),(#2495,#2496,
#2497)),.UNSPECIFIED.,.F.,.F.,.F.)
B_SPLINE_SURFACE_WITH_KNOTS((3,3),(3,3),(0.872664625968137,1.5707963267949),
(0.,1.5707963267949),.UNSPECIFIED.)
GEOMETRIC_REPRESENTATION_ITEM()
RATIONAL_B_SPLINE_SURFACE(((1.,0.707106781186548,1.),(0.939692620780956,
0.664463024385173,0.939692620780956),(1.,0.707106781186548,1.)))
REPRESENTATION_ITEM('')
SURFACE()
);
#14=(
BOUNDED_SURFACE()
B_SPLINE_SURFACE(2,2,((#2507,#2508,#2509),(#2510,#2511,#2512),(#2513,#2514,
#2515)),.UNSPECIFIED.,.F.,.F.,.F.)
B_SPLINE_SURFACE_WITH_KNOTS((3,3),(3,3),(0.872664625867034,1.5707963267949),
(0.,1.5707963267949),.UNSPECIFIED.)
GEOMETRIC_REPRESENTATION_ITEM()
RATIONAL_B_SPLINE_SURFACE(((1.,0.707106781186547,1.),(0.939692620763653,
0.664463024372938,0.939692620763653),(1.,0.707106781186547,1.)))
REPRESENTATION_ITEM('')
SURFACE()
);
#15=(
BOUNDED_SURFACE()
B_SPLINE_SURFACE(2,2,((#2523,#2524,#2525),(#2526,#2527,#2528),(#2529,#2530,
#2531)),.UNSPECIFIED.,.F.,.F.,.F.)
B_SPLINE_SURFACE_WITH_KNOTS((3,3),(3,3),(0.872664626008186,1.5707963267949),
(-4.18768590969212E-14,1.57079632679484),.UNSPECIFIED.)
GEOMETRIC_REPRESENTATION_ITEM()
RATIONAL_B_SPLINE_SURFACE(((1.,0.707106781186554,1.),(0.939692620787791,
0.664463024390012,0.939692620787791),(1.,0.707106781186554,1.)))
REPRESENTATION_ITEM('')
SURFACE()
);
#16=(
BOUNDED_SURFACE()
B_SPLINE_SURFACE(2,2,((#2539,#2540,#2541),(#2542,#2543,#2544),(#2545,#2546,
#2547)),.UNSPECIFIED.,.F.,.F.,.F.)
B_SPLINE_SURFACE_WITH_KNOTS((3,3),(3,3),(0.872664625954125,1.5707963267949),
(-7.95015870925312E-15,1.57079632679493),.UNSPECIFIED.)
GEOMETRIC_REPRESENTATION_ITEM()
RATIONAL_B_SPLINE_SURFACE(((1.,0.707106781186534,1.),(0.939692620778545,
0.664463024383455,0.939692620778545),(1.,0.707106781186534,1.)))
REPRESENTATION_ITEM('')
SURFACE()
);
#17=CONICAL_SURFACE('',#1669,0.422118262272943,0.872664626289398);
#18=CONICAL_SURFACE('',#1672,0.422118262443473,0.872664626289398);
#19=CONICAL_SURFACE('',#1675,0.422118262329786,0.872664625895508);
#20=CONICAL_SURFACE('',#1678,0.42211826238663,0.872664626289398);
#21=TOROIDAL_SURFACE('',#1649,0.486397023426655,0.0999999999999884);
#22=TOROIDAL_SURFACE('',#1655,0.486397023426637,0.100000000000003);
#23=TOROIDAL_SURFACE('',#1660,0.486397023426644,0.0999999999999907);
#24=TOROIDAL_SURFACE('',#1665,0.486397023426544,0.100000000000012);
#25=FACE_BOUND('',#244,.T.);
#26=STYLED_ITEM('',(#2696),#29);
#27=STYLED_ITEM('',(#2697),#30);
#28=STYLED_ITEM('',(#2696),#31);
#29=MANIFOLD_SOLID_BREP('Corps1',#1569);
#30=MANIFOLD_SOLID_BREP('Corps2',#1570);
#31=MANIFOLD_SOLID_BREP('Corps3',#1571);
#32=CYLINDRICAL_SURFACE('',#1592,0.2);
#33=CYLINDRICAL_SURFACE('',#1601,0.2);
#34=CYLINDRICAL_SURFACE('',#1603,0.4);
#35=CYLINDRICAL_SURFACE('',#1609,0.2);
#36=CYLINDRICAL_SURFACE('',#1611,0.4);
#37=CYLINDRICAL_SURFACE('',#1614,0.4);
#38=CYLINDRICAL_SURFACE('',#1635,0.7);
#39=CYLINDRICAL_SURFACE('',#1637,0.7);
#40=CYLINDRICAL_SURFACE('',#1646,0.7);
#41=CYLINDRICAL_SURFACE('',#1648,0.7);
#42=CYLINDRICAL_SURFACE('',#1653,0.1);
#43=CYLINDRICAL_SURFACE('',#1658,0.1);
#44=CYLINDRICAL_SURFACE('',#1663,0.1);
#45=CYLINDRICAL_SURFACE('',#1668,0.1);
#46=CYLINDRICAL_SURFACE('',#1684,0.5);
#47=CYLINDRICAL_SURFACE('',#1688,0.5);
#48=CYLINDRICAL_SURFACE('',#1692,0.5);
#49=CYLINDRICAL_SURFACE('',#1696,0.5);
#50=CYLINDRICAL_SURFACE('',#1699,0.2);
#51=CYLINDRICAL_SURFACE('',#1712,0.2);
#52=CYLINDRICAL_SURFACE('',#1717,0.4);
#53=CYLINDRICAL_SURFACE('',#1720,0.2);
#54=CYLINDRICAL_SURFACE('',#1725,0.4);
#55=CYLINDRICAL_SURFACE('',#1730,0.4);
#56=CIRCLE('',#1588,0.4);
#57=CIRCLE('',#1589,0.4);
#58=CIRCLE('',#1590,0.2);
#59=CIRCLE('',#1591,0.2);
#60=CIRCLE('',#1593,0.2);
#61=CIRCLE('',#1595,0.2);
#62=CIRCLE('',#1596,0.4);
#63=CIRCLE('',#1597,0.4);
#64=CIRCLE('',#1602,0.2);
#65=CIRCLE('',#1604,0.4);
#66=CIRCLE('',#1610,0.2);
#67=CIRCLE('',#1612,0.4);
#68=CIRCLE('',#1620,0.7);
#69=CIRCLE('',#1621,0.7);
#70=CIRCLE('',#1622,0.7);
#71=CIRCLE('',#1623,0.7);
#72=CIRCLE('',#1636,0.7);
#73=CIRCLE('',#1638,0.7);
#74=CIRCLE('',#1640,0.7);
#75=CIRCLE('',#1641,0.7);
#76=CIRCLE('',#1642,0.486397023426625);
#77=CIRCLE('',#1643,0.486397023426623);
#78=CIRCLE('',#1644,0.486397023426619);
#79=CIRCLE('',#1645,0.486397023426619);
#80=CIRCLE('',#1650,0.1);
#81=CIRCLE('',#1651,0.422118262457969);
#82=CIRCLE('',#1652,0.1);
#83=CIRCLE('',#1654,0.1);
#84=CIRCLE('',#1656,0.422118262457969);
#85=CIRCLE('',#1657,0.1);
#86=CIRCLE('',#1659,0.1);
#87=CIRCLE('',#1661,0.42211826245797);
#88=CIRCLE('',#1662,0.1);
#89=CIRCLE('',#1664,0.1);
#90=CIRCLE('',#1666,0.42211826245797);
#91=CIRCLE('',#1667,0.1);
#92=CIRCLE('',#1670,0.351057969149406);
#93=CIRCLE('',#1673,0.351057969263093);
#94=CIRCLE('',#1676,0.351057969149406);
#95=CIRCLE('',#1679,0.351057969206249);
#96=CIRCLE('',#1681,0.5);
#97=CIRCLE('',#1682,0.0296641643480504);
#98=CIRCLE('',#1683,0.5);
#99=CIRCLE('',#1685,0.5);
#100=CIRCLE('',#1686,0.0296641643480599);
#101=CIRCLE('',#1687,0.5);
#102=CIRCLE('',#1689,0.5);
#103=CIRCLE('',#1690,0.0296641643480599);
#104=CIRCLE('',#1691,0.5);
#105=CIRCLE('',#1693,0.5);
#106=CIRCLE('',#1694,0.0296641643480599);
#107=CIRCLE('',#1695,0.5);
#108=CIRCLE('',#1700,0.2);
#109=CIRCLE('',#1701,0.2);
#110=CIRCLE('',#1703,0.4);
#111=CIRCLE('',#1704,0.4);
#112=CIRCLE('',#1705,0.2);
#113=CIRCLE('',#1708,0.2);
#114=CIRCLE('',#1709,0.4);
#115=CIRCLE('',#1710,0.4);
#116=CIRCLE('',#1713,0.2);
#117=CIRCLE('',#1718,0.4);
#118=CIRCLE('',#1721,0.2);
#119=CIRCLE('',#1726,0.4);
#120=FACE_OUTER_BOUND('',#207,.T.);
#121=FACE_OUTER_BOUND('',#208,.T.);
#122=FACE_OUTER_BOUND('',#209,.T.);
#123=FACE_OUTER_BOUND('',#210,.T.);
#124=FACE_OUTER_BOUND('',#211,.T.);
#125=FACE_OUTER_BOUND('',#212,.T.);
#126=FACE_OUTER_BOUND('',#213,.T.);
#127=FACE_OUTER_BOUND('',#214,.T.);
#128=FACE_OUTER_BOUND('',#215,.T.);
#129=FACE_OUTER_BOUND('',#216,.T.);
#130=FACE_OUTER_BOUND('',#217,.T.);
#131=FACE_OUTER_BOUND('',#218,.T.);
#132=FACE_OUTER_BOUND('',#219,.T.);
#133=FACE_OUTER_BOUND('',#220,.T.);
#134=FACE_OUTER_BOUND('',#221,.T.);
#135=FACE_OUTER_BOUND('',#222,.T.);
#136=FACE_OUTER_BOUND('',#223,.T.);
#137=FACE_OUTER_BOUND('',#224,.T.);
#138=FACE_OUTER_BOUND('',#225,.T.);
#139=FACE_OUTER_BOUND('',#226,.T.);
#140=FACE_OUTER_BOUND('',#227,.T.);
#141=FACE_OUTER_BOUND('',#228,.T.);
#142=FACE_OUTER_BOUND('',#229,.T.);
#143=FACE_OUTER_BOUND('',#230,.T.);
#144=FACE_OUTER_BOUND('',#231,.T.);
#145=FACE_OUTER_BOUND('',#232,.T.);
#146=FACE_OUTER_BOUND('',#233,.T.);
#147=FACE_OUTER_BOUND('',#234,.T.);
#148=FACE_OUTER_BOUND('',#235,.T.);
#149=FACE_OUTER_BOUND('',#236,.T.);
#150=FACE_OUTER_BOUND('',#237,.T.);
#151=FACE_OUTER_BOUND('',#238,.T.);
#152=FACE_OUTER_BOUND('',#239,.T.);
#153=FACE_OUTER_BOUND('',#240,.T.);
#154=FACE_OUTER_BOUND('',#241,.T.);
#155=FACE_OUTER_BOUND('',#242,.T.);
#156=FACE_OUTER_BOUND('',#243,.T.);
#157=FACE_OUTER_BOUND('',#245,.T.);
#158=FACE_OUTER_BOUND('',#246,.T.);
#159=FACE_OUTER_BOUND('',#247,.T.);
#160=FACE_OUTER_BOUND('',#248,.T.);
#161=FACE_OUTER_BOUND('',#249,.T.);
#162=FACE_OUTER_BOUND('',#250,.T.);
#163=FACE_OUTER_BOUND('',#251,.T.);
#164=FACE_OUTER_BOUND('',#252,.T.);
#165=FACE_OUTER_BOUND('',#253,.T.);
#166=FACE_OUTER_BOUND('',#254,.T.);
#167=FACE_OUTER_BOUND('',#255,.T.);
#168=FACE_OUTER_BOUND('',#256,.T.);
#169=FACE_OUTER_BOUND('',#257,.T.);
#170=FACE_OUTER_BOUND('',#258,.T.);
#171=FACE_OUTER_BOUND('',#259,.T.);
#172=FACE_OUTER_BOUND('',#260,.T.);
#173=FACE_OUTER_BOUND('',#261,.T.);
#174=FACE_OUTER_BOUND('',#262,.T.);
#175=FACE_OUTER_BOUND('',#263,.T.);
#176=FACE_OUTER_BOUND('',#264,.T.);
#177=FACE_OUTER_BOUND('',#265,.T.);
#178=FACE_OUTER_BOUND('',#266,.T.);
#179=FACE_OUTER_BOUND('',#267,.T.);
#180=FACE_OUTER_BOUND('',#268,.T.);
#181=FACE_OUTER_BOUND('',#269,.T.);
#182=FACE_OUTER_BOUND('',#270,.T.);
#183=FACE_OUTER_BOUND('',#271,.T.);
#184=FACE_OUTER_BOUND('',#272,.T.);
#185=FACE_OUTER_BOUND('',#273,.T.);
#186=FACE_OUTER_BOUND('',#274,.T.);
#187=FACE_OUTER_BOUND('',#275,.T.);
#188=FACE_OUTER_BOUND('',#276,.T.);
#189=FACE_OUTER_BOUND('',#277,.T.);
#190=FACE_OUTER_BOUND('',#278,.T.);
#191=FACE_OUTER_BOUND('',#279,.T.);
#192=FACE_OUTER_BOUND('',#280,.T.);
#193=FACE_OUTER_BOUND('',#281,.T.);
#194=FACE_OUTER_BOUND('',#282,.T.);
#195=FACE_OUTER_BOUND('',#283,.T.);
#196=FACE_OUTER_BOUND('',#284,.T.);
#197=FACE_OUTER_BOUND('',#285,.T.);
#198=FACE_OUTER_BOUND('',#286,.T.);
#199=FACE_OUTER_BOUND('',#287,.T.);
#200=FACE_OUTER_BOUND('',#288,.T.);
#201=FACE_OUTER_BOUND('',#289,.T.);
#202=FACE_OUTER_BOUND('',#290,.T.);
#203=FACE_OUTER_BOUND('',#291,.T.);
#204=FACE_OUTER_BOUND('',#292,.T.);
#205=FACE_OUTER_BOUND('',#293,.T.);
#206=FACE_OUTER_BOUND('',#294,.T.);
#207=EDGE_LOOP('',(#983,#984,#985,#986));
#208=EDGE_LOOP('',(#987,#988,#989,#990));
#209=EDGE_LOOP('',(#991,#992,#993,#994,#995,#996,#997,#998,#999,#1000,#1001,
#1002));
#210=EDGE_LOOP('',(#1003,#1004,#1005,#1006));
#211=EDGE_LOOP('',(#1007,#1008,#1009,#1010,#1011,#1012,#1013,#1014,#1015,
#1016,#1017,#1018));
#212=EDGE_LOOP('',(#1019,#1020,#1021,#1022));
#213=EDGE_LOOP('',(#1023,#1024,#1025,#1026));
#214=EDGE_LOOP('',(#1027,#1028,#1029,#1030));
#215=EDGE_LOOP('',(#1031,#1032,#1033,#1034));
#216=EDGE_LOOP('',(#1035,#1036,#1037,#1038));
#217=EDGE_LOOP('',(#1039,#1040,#1041,#1042));
#218=EDGE_LOOP('',(#1043,#1044,#1045,#1046,#1047,#1048,#1049,#1050));
#219=EDGE_LOOP('',(#1051,#1052,#1053,#1054));
#220=EDGE_LOOP('',(#1055,#1056,#1057,#1058));
#221=EDGE_LOOP('',(#1059,#1060,#1061,#1062));
#222=EDGE_LOOP('',(#1063,#1064,#1065,#1066));
#223=EDGE_LOOP('',(#1067,#1068,#1069,#1070));
#224=EDGE_LOOP('',(#1071,#1072,#1073,#1074));
#225=EDGE_LOOP('',(#1075,#1076,#1077,#1078,#1079,#1080,#1081,#1082));
#226=EDGE_LOOP('',(#1083,#1084,#1085,#1086));
#227=EDGE_LOOP('',(#1087,#1088,#1089,#1090,#1091,#1092,#1093,#1094));
#228=EDGE_LOOP('',(#1095,#1096,#1097,#1098,#1099,#1100,#1101,#1102));
#229=EDGE_LOOP('',(#1103,#1104,#1105,#1106,#1107,#1108,#1109,#1110,#1111,
#1112,#1113,#1114,#1115,#1116,#1117,#1118));
#230=EDGE_LOOP('',(#1119,#1120,#1121,#1122));
#231=EDGE_LOOP('',(#1123,#1124,#1125,#1126));
#232=EDGE_LOOP('',(#1127,#1128,#1129,#1130));
#233=EDGE_LOOP('',(#1131,#1132,#1133,#1134,#1135,#1136,#1137,#1138));
#234=EDGE_LOOP('',(#1139,#1140,#1141,#1142));
#235=EDGE_LOOP('',(#1143,#1144,#1145,#1146,#1147,#1148,#1149,#1150));
#236=EDGE_LOOP('',(#1151,#1152,#1153,#1154));
#237=EDGE_LOOP('',(#1155,#1156,#1157,#1158));
#238=EDGE_LOOP('',(#1159,#1160,#1161,#1162));
#239=EDGE_LOOP('',(#1163,#1164,#1165,#1166));
#240=EDGE_LOOP('',(#1167,#1168,#1169,#1170));
#241=EDGE_LOOP('',(#1171,#1172,#1173,#1174));
#242=EDGE_LOOP('',(#1175,#1176,#1177,#1178));
#243=EDGE_LOOP('',(#1179,#1180,#1181,#1182,#1183,#1184,#1185,#1186));
#244=EDGE_LOOP('',(#1187,#1188,#1189,#1190,#1191,#1192,#1193,#1194));
#245=EDGE_LOOP('',(#1195,#1196,#1197,#1198));
#246=EDGE_LOOP('',(#1199,#1200,#1201,#1202));
#247=EDGE_LOOP('',(#1203,#1204,#1205,#1206));
#248=EDGE_LOOP('',(#1207,#1208,#1209,#1210));
#249=EDGE_LOOP('',(#1211,#1212,#1213,#1214));
#250=EDGE_LOOP('',(#1215,#1216,#1217,#1218));
#251=EDGE_LOOP('',(#1219,#1220,#1221,#1222));
#252=EDGE_LOOP('',(#1223,#1224,#1225,#1226));
#253=EDGE_LOOP('',(#1227,#1228,#1229,#1230));
#254=EDGE_LOOP('',(#1231,#1232,#1233,#1234));
#255=EDGE_LOOP('',(#1235,#1236,#1237,#1238));
#256=EDGE_LOOP('',(#1239,#1240,#1241,#1242));
#257=EDGE_LOOP('',(#1243,#1244,#1245,#1246));
#258=EDGE_LOOP('',(#1247,#1248,#1249,#1250));
#259=EDGE_LOOP('',(#1251,#1252,#1253,#1254));
#260=EDGE_LOOP('',(#1255,#1256,#1257,#1258));
#261=EDGE_LOOP('',(#1259,#1260,#1261,#1262));
#262=EDGE_LOOP('',(#1263,#1264,#1265,#1266));
#263=EDGE_LOOP('',(#1267,#1268,#1269,#1270));
#264=EDGE_LOOP('',(#1271,#1272,#1273,#1274));
#265=EDGE_LOOP('',(#1275,#1276,#1277,#1278));
#266=EDGE_LOOP('',(#1279,#1280,#1281,#1282));
#267=EDGE_LOOP('',(#1283,#1284,#1285,#1286));
#268=EDGE_LOOP('',(#1287,#1288,#1289,#1290));
#269=EDGE_LOOP('',(#1291,#1292,#1293,#1294));
#270=EDGE_LOOP('',(#1295,#1296,#1297,#1298));
#271=EDGE_LOOP('',(#1299,#1300,#1301,#1302));
#272=EDGE_LOOP('',(#1303,#1304,#1305,#1306,#1307,#1308,#1309,#1310));
#273=EDGE_LOOP('',(#1311,#1312,#1313,#1314));
#274=EDGE_LOOP('',(#1315,#1316,#1317,#1318));
#275=EDGE_LOOP('',(#1319,#1320,#1321,#1322,#1323,#1324,#1325,#1326,#1327,
#1328,#1329,#1330));
#276=EDGE_LOOP('',(#1331,#1332,#1333,#1334));
#277=EDGE_LOOP('',(#1335,#1336,#1337,#1338,#1339,#1340,#1341,#1342,#1343,
#1344,#1345,#1346));
#278=EDGE_LOOP('',(#1347,#1348,#1349,#1350,#1351,#1352,#1353,#1354));
#279=EDGE_LOOP('',(#1355,#1356,#1357,#1358));
#280=EDGE_LOOP('',(#1359,#1360,#1361,#1362));
#281=EDGE_LOOP('',(#1363,#1364,#1365,#1366));
#282=EDGE_LOOP('',(#1367,#1368,#1369,#1370));
#283=EDGE_LOOP('',(#1371,#1372,#1373,#1374));
#284=EDGE_LOOP('',(#1375,#1376,#1377,#1378));
#285=EDGE_LOOP('',(#1379,#1380,#1381,#1382));
#286=EDGE_LOOP('',(#1383,#1384,#1385,#1386));
#287=EDGE_LOOP('',(#1387,#1388,#1389,#1390));
#288=EDGE_LOOP('',(#1391,#1392,#1393,#1394));
#289=EDGE_LOOP('',(#1395,#1396,#1397,#1398));
#290=EDGE_LOOP('',(#1399,#1400,#1401,#1402));
#291=EDGE_LOOP('',(#1403,#1404,#1405,#1406,#1407,#1408,#1409,#1410));
#292=EDGE_LOOP('',(#1411,#1412,#1413,#1414,#1415,#1416,#1417,#1418));
#293=EDGE_LOOP('',(#1419,#1420,#1421,#1422));
#294=EDGE_LOOP('',(#1423,#1424,#1425,#1426,#1427,#1428,#1429,#1430));
#295=LINE('',#2192,#455);
#296=LINE('',#2194,#456);
#297=LINE('',#2196,#457);
#298=LINE('',#2197,#458);
#299=LINE('',#2200,#459);
#300=LINE('',#2202,#460);
#301=LINE('',#2203,#461);
#302=LINE('',#2207,#462);
#303=LINE('',#2209,#463);
#304=LINE('',#2211,#464);
#305=LINE('',#2215,#465);
#306=LINE('',#2218,#466);
#307=LINE('',#2222,#467);
#308=LINE('',#2226,#468);
#309=LINE('',#2231,#469);
#310=LINE('',#2234,#470);
#311=LINE('',#2236,#471);
#312=LINE('',#2240,#472);
#313=LINE('',#2244,#473);
#314=LINE('',#2245,#474);
#315=LINE('',#2247,#475);
#316=LINE('',#2250,#476);
#317=LINE('',#2252,#477);
#318=LINE('',#2253,#478);
#319=LINE('',#2256,#479);
#320=LINE('',#2257,#480);
#321=LINE('',#2260,#481);
#322=LINE('',#2264,#482);
#323=LINE('',#2267,#483);
#324=LINE('',#2269,#484);
#325=LINE('',#2272,#485);
#326=LINE('',#2274,#486);
#327=LINE('',#2276,#487);
#328=LINE('',#2277,#488);
#329=LINE('',#2280,#489);
#330=LINE('',#2282,#490);
#331=LINE('',#2283,#491);
#332=LINE('',#2286,#492);
#333=LINE('',#2287,#493);
#334=LINE('',#2292,#494);
#335=LINE('',#2295,#495);
#336=LINE('',#2297,#496);
#337=LINE('',#2299,#497);
#338=LINE('',#2302,#498);
#339=LINE('',#2303,#499);
#340=LINE('',#2306,#500);
#341=LINE('',#2307,#501);
#342=LINE('',#2309,#502);
#343=LINE('',#2314,#503);
#344=LINE('',#2316,#504);
#345=LINE('',#2318,#505);
#346=LINE('',#2322,#506);
#347=LINE('',#2326,#507);
#348=LINE('',#2328,#508);
#349=LINE('',#2330,#509);
#350=LINE('',#2332,#510);
#351=LINE('',#2334,#511);
#352=LINE('',#2338,#512);
#353=LINE('',#2342,#513);
#354=LINE('',#2343,#514);
#355=LINE('',#2347,#515);
#356=LINE('',#2348,#516);
#357=LINE('',#2349,#517);
#358=LINE('',#2352,#518);
#359=LINE('',#2353,#519);
#360=LINE('',#2356,#520);
#361=LINE('',#2357,#521);
#362=LINE('',#2360,#522);
#363=LINE('',#2362,#523);
#364=LINE('',#2363,#524);
#365=LINE('',#2364,#525);
#366=LINE('',#2367,#526);
#367=LINE('',#2369,#527);
#368=LINE('',#2370,#528);
#369=LINE('',#2373,#529);
#370=LINE('',#2375,#530);
#371=LINE('',#2376,#531);
#372=LINE('',#2378,#532);
#373=LINE('',#2380,#533);
#374=LINE('',#2381,#534);
#375=LINE('',#2384,#535);
#376=LINE('',#2385,#536);
#377=LINE('',#2388,#537);
#378=LINE('',#2389,#538);
#379=LINE('',#2391,#539);
#380=LINE('',#2394,#540);
#381=LINE('',#2396,#541);
#382=LINE('',#2397,#542);
#383=LINE('',#2408,#543);
#384=LINE('',#2412,#544);
#385=LINE('',#2416,#545);
#386=LINE('',#2420,#546);
#387=LINE('',#2433,#547);
#388=LINE('',#2441,#548);
#389=LINE('',#2449,#549);
#390=LINE('',#2456,#550);
#391=LINE('',#2461,#551);
#392=LINE('',#2462,#552);
#393=LINE('',#2465,#553);
#394=LINE('',#2466,#554);
#395=LINE('',#2470,#555);
#396=LINE('',#2473,#556);
#397=LINE('',#2474,#557);
#398=LINE('',#2478,#558);
#399=LINE('',#2481,#559);
#400=LINE('',#2482,#560);
#401=LINE('',#2486,#561);
#402=LINE('',#2488,#562);
#403=LINE('',#2505,#563);
#404=LINE('',#2521,#564);
#405=LINE('',#2537,#565);
#406=LINE('',#2552,#566);
#407=LINE('',#2557,#567);
#408=LINE('',#2559,#568);
#409=LINE('',#2561,#569);
#410=LINE('',#2562,#570);
#411=LINE('',#2567,#571);
#412=LINE('',#2571,#572);
#413=LINE('',#2573,#573);
#414=LINE('',#2577,#574);
#415=LINE('',#2581,#575);
#416=LINE('',#2583,#576);
#417=LINE('',#2585,#577);
#418=LINE('',#2588,#578);
#419=LINE('',#2591,#579);
#420=LINE('',#2592,#580);
#421=LINE('',#2595,#581);
#422=LINE('',#2599,#582);
#423=LINE('',#2601,#583);
#424=LINE('',#2603,#584);
#425=LINE('',#2607,#585);
#426=LINE('',#2610,#586);
#427=LINE('',#2614,#587);
#428=LINE('',#2616,#588);
#429=LINE('',#2618,#589);
#430=LINE('',#2619,#590);
#431=LINE('',#2620,#591);
#432=LINE('',#2623,#592);
#433=LINE('',#2627,#593);
#434=LINE('',#2628,#594);
#435=LINE('',#2631,#595);
#436=LINE('',#2632,#596);
#437=LINE('',#2635,#597);
#438=LINE('',#2636,#598);
#439=LINE('',#2639,#599);
#440=LINE('',#2642,#600);
#441=LINE('',#2645,#601);
#442=LINE('',#2649,#602);
#443=LINE('',#2650,#603);
#444=LINE('',#2653,#604);
#445=LINE('',#2654,#605);
#446=LINE('',#2657,#606);
#447=LINE('',#2658,#607);
#448=LINE('',#2662,#608);
#449=LINE('',#2665,#609);
#450=LINE('',#2667,#610);
#451=LINE('',#2668,#611);
#452=LINE('',#2670,#612);
#453=LINE('',#2672,#613);
#454=LINE('',#2674,#614);
#455=VECTOR('',#1736,1000.);
#456=VECTOR('',#1737,1000.);
#457=VECTOR('',#1738,1000.);
#458=VECTOR('',#1739,1000.);
#459=VECTOR('',#1742,1000.);
#460=VECTOR('',#1743,1000.);
#461=VECTOR('',#1744,1000.);
#462=VECTOR('',#1747,1000.);
#463=VECTOR('',#1748,1000.);
#464=VECTOR('',#1749,1000.);
#465=VECTOR('',#1752,1000.);
#466=VECTOR('',#1755,1000.);
#467=VECTOR('',#1758,1000.);
#468=VECTOR('',#1763,1000.);
#469=VECTOR('',#1768,1000.);
#470=VECTOR('',#1771,1000.);
#471=VECTOR('',#1772,1000.);
#472=VECTOR('',#1775,1000.);
#473=VECTOR('',#1778,1000.);
#474=VECTOR('',#1779,1000.);
#475=VECTOR('',#1782,1000.);
#476=VECTOR('',#1785,1000.);
#477=VECTOR('',#1786,1000.);
#478=VECTOR('',#1787,1000.);
#479=VECTOR('',#1790,1000.);
#480=VECTOR('',#1791,1000.);
#481=VECTOR('',#1794,1000.);
#482=VECTOR('',#1799,1000.);
#483=VECTOR('',#1802,1000.);
#484=VECTOR('',#1805,1000.);
#485=VECTOR('',#1808,1000.);
#486=VECTOR('',#1809,1000.);
#487=VECTOR('',#1810,1000.);
#488=VECTOR('',#1811,1000.);
#489=VECTOR('',#1814,1000.);
#490=VECTOR('',#1815,1000.);
#491=VECTOR('',#1816,1000.);
#492=VECTOR('',#1819,1000.);
#493=VECTOR('',#1820,1000.);
#494=VECTOR('',#1827,1000.);
#495=VECTOR('',#1830,1000.);
#496=VECTOR('',#1833,1000.);
#497=VECTOR('',#1836,1000.);
#498=VECTOR('',#1839,1000.);
#499=VECTOR('',#1840,1000.);
#500=VECTOR('',#1843,1000.);
#501=VECTOR('',#1844,1000.);
#502=VECTOR('',#1847,1000.);
#503=VECTOR('',#1852,1000.);
#504=VECTOR('',#1853,1000.);
#505=VECTOR('',#1854,1000.);
#506=VECTOR('',#1857,1000.);
#507=VECTOR('',#1860,1000.);
#508=VECTOR('',#1861,1000.);
#509=VECTOR('',#1862,1000.);
#510=VECTOR('',#1863,1000.);
#511=VECTOR('',#1864,1000.);
#512=VECTOR('',#1867,1000.);
#513=VECTOR('',#1870,1000.);
#514=VECTOR('',#1871,1000.);
#515=VECTOR('',#1874,1000.);
#516=VECTOR('',#1875,1000.);
#517=VECTOR('',#1876,1000.);
#518=VECTOR('',#1879,1000.);
#519=VECTOR('',#1880,1000.);
#520=VECTOR('',#1883,1000.);
#521=VECTOR('',#1884,1000.);
#522=VECTOR('',#1887,1000.);
#523=VECTOR('',#1888,1000.);
#524=VECTOR('',#1889,1000.);
#525=VECTOR('',#1890,1000.);
#526=VECTOR('',#1893,1000.);
#527=VECTOR('',#1894,1000.);
#528=VECTOR('',#1895,1000.);
#529=VECTOR('',#1898,1000.);
#530=VECTOR('',#1899,1000.);
#531=VECTOR('',#1900,1000.);
#532=VECTOR('',#1901,1000.);
#533=VECTOR('',#1902,1000.);
#534=VECTOR('',#1903,1000.);
#535=VECTOR('',#1906,1000.);
#536=VECTOR('',#1907,1000.);
#537=VECTOR('',#1910,1000.);
#538=VECTOR('',#1911,1000.);
#539=VECTOR('',#1914,1000.);
#540=VECTOR('',#1917,1000.);
#541=VECTOR('',#1918,1000.);
#542=VECTOR('',#1919,1000.);
#543=VECTOR('',#1936,1000.);
#544=VECTOR('',#1939,1000.);
#545=VECTOR('',#1942,1000.);
#546=VECTOR('',#1945,1000.);
#547=VECTOR('',#1964,1000.);
#548=VECTOR('',#1975,1000.);
#549=VECTOR('',#1986,1000.);
#550=VECTOR('',#1997,1000.);
#551=VECTOR('',#2002,1000.);
#552=VECTOR('',#2003,1000.);
#553=VECTOR('',#2006,1000.);
#554=VECTOR('',#2007,1000.);
#555=VECTOR('',#2012,1000.);
#556=VECTOR('',#2015,1000.);
#557=VECTOR('',#2016,1000.);
#558=VECTOR('',#2021,1000.);
#559=VECTOR('',#2024,1000.);
#560=VECTOR('',#2025,1000.);
#561=VECTOR('',#2030,1000.);
#562=VECTOR('',#2033,1000.);
#563=VECTOR('',#2042,1000.);
#564=VECTOR('',#2051,1000.);
#565=VECTOR('',#2060,1000.);
#566=VECTOR('',#2069,1000.);
#567=VECTOR('',#2074,1000.);
#568=VECTOR('',#2075,1000.);
#569=VECTOR('',#2076,1000.);
#570=VECTOR('',#2077,1000.);
#571=VECTOR('',#2082,1000.);
#572=VECTOR('',#2087,1000.);
#573=VECTOR('',#2088,1000.);
#574=VECTOR('',#2091,1000.);
#575=VECTOR('',#2094,1000.);
#576=VECTOR('',#2095,1000.);
#577=VECTOR('',#2096,1000.);
#578=VECTOR('',#2099,1000.);
#579=VECTOR('',#2102,1000.);
#580=VECTOR('',#2103,1000.);
#581=VECTOR('',#2106,1000.);
#582=VECTOR('',#2109,1000.);
#583=VECTOR('',#2110,1000.);
#584=VECTOR('',#2111,1000.);
#585=VECTOR('',#2114,1000.);
#586=VECTOR('',#2117,1000.);
#587=VECTOR('',#2120,1000.);
#588=VECTOR('',#2121,1000.);
#589=VECTOR('',#2122,1000.);
#590=VECTOR('',#2123,1000.);
#591=VECTOR('',#2124,1000.);
#592=VECTOR('',#2127,1000.);
#593=VECTOR('',#2132,1000.);
#594=VECTOR('',#2133,1000.);
#595=VECTOR('',#2136,1000.);
#596=VECTOR('',#2137,1000.);
#597=VECTOR('',#2140,1000.);
#598=VECTOR('',#2141,1000.);
#599=VECTOR('',#2144,1000.);
#600=VECTOR('',#2149,1000.);
#601=VECTOR('',#2152,1000.);
#602=VECTOR('',#2157,1000.);
#603=VECTOR('',#2158,1000.);
#604=VECTOR('',#2161,1000.);
#605=VECTOR('',#2162,1000.);
#606=VECTOR('',#2165,1000.);
#607=VECTOR('',#2166,1000.);
#608=VECTOR('',#2171,1000.);
#609=VECTOR('',#2174,1000.);
#610=VECTOR('',#2175,1000.);
#611=VECTOR('',#2176,1000.);
#612=VECTOR('',#2179,1000.);
#613=VECTOR('',#2182,1000.);
#614=VECTOR('',#2185,1000.);
#615=VERTEX_POINT('',#2190);
#616=VERTEX_POINT('',#2191);
#617=VERTEX_POINT('',#2193);
#618=VERTEX_POINT('',#2195);
#619=VERTEX_POINT('',#2199);
#620=VERTEX_POINT('',#2201);
#621=VERTEX_POINT('',#2205);
#622=VERTEX_POINT('',#2206);
#623=VERTEX_POINT('',#2208);
#624=VERTEX_POINT('',#2210);
#625=VERTEX_POINT('',#2212);
#626=VERTEX_POINT('',#2214);
#627=VERTEX_POINT('',#2216);
#628=VERTEX_POINT('',#2219);
#629=VERTEX_POINT('',#2221);
#630=VERTEX_POINT('',#2225);
#631=VERTEX_POINT('',#2229);
#632=VERTEX_POINT('',#2230);
#633=VERTEX_POINT('',#2232);
#634=VERTEX_POINT('',#2235);
#635=VERTEX_POINT('',#2237);
#636=VERTEX_POINT('',#2239);
#637=VERTEX_POINT('',#2241);
#638=VERTEX_POINT('',#2243);
#639=VERTEX_POINT('',#2249);
#640=VERTEX_POINT('',#2251);
#641=VERTEX_POINT('',#2255);
#642=VERTEX_POINT('',#2259);
#643=VERTEX_POINT('',#2263);
#644=VERTEX_POINT('',#2265);
#645=VERTEX_POINT('',#2271);
#646=VERTEX_POINT('',#2273);
#647=VERTEX_POINT('',#2275);
#648=VERTEX_POINT('',#2279);
#649=VERTEX_POINT('',#2281);
#650=VERTEX_POINT('',#2285);
#651=VERTEX_POINT('',#2291);
#652=VERTEX_POINT('',#2293);
#653=VERTEX_POINT('',#2301);
#654=VERTEX_POINT('',#2305);
#655=VERTEX_POINT('',#2312);
#656=VERTEX_POINT('',#2313);
#657=VERTEX_POINT('',#2315);
#658=VERTEX_POINT('',#2317);
#659=VERTEX_POINT('',#2319);
#660=VERTEX_POINT('',#2321);
#661=VERTEX_POINT('',#2323);
#662=VERTEX_POINT('',#2325);
#663=VERTEX_POINT('',#2327);
#664=VERTEX_POINT('',#2329);
#665=VERTEX_POINT('',#2331);
#666=VERTEX_POINT('',#2333);
#667=VERTEX_POINT('',#2335);
#668=VERTEX_POINT('',#2337);
#669=VERTEX_POINT('',#2339);
#670=VERTEX_POINT('',#2341);
#671=VERTEX_POINT('',#2345);
#672=VERTEX_POINT('',#2346);
#673=VERTEX_POINT('',#2351);
#674=VERTEX_POINT('',#2355);
#675=VERTEX_POINT('',#2359);
#676=VERTEX_POINT('',#2361);
#677=VERTEX_POINT('',#2366);
#678=VERTEX_POINT('',#2368);
#679=VERTEX_POINT('',#2372);
#680=VERTEX_POINT('',#2374);
#681=VERTEX_POINT('',#2377);
#682=VERTEX_POINT('',#2379);
#683=VERTEX_POINT('',#2383);
#684=VERTEX_POINT('',#2387);
#685=VERTEX_POINT('',#2393);
#686=VERTEX_POINT('',#2395);
#687=VERTEX_POINT('',#2406);
#688=VERTEX_POINT('',#2407);
#689=VERTEX_POINT('',#2409);
#690=VERTEX_POINT('',#2411);
#691=VERTEX_POINT('',#2413);
#692=VERTEX_POINT('',#2415);
#693=VERTEX_POINT('',#2417);
#694=VERTEX_POINT('',#2419);
#695=VERTEX_POINT('',#2426);
#696=VERTEX_POINT('',#2428);
#697=VERTEX_POINT('',#2432);
#698=VERTEX_POINT('',#2436);
#699=VERTEX_POINT('',#2440);
#700=VERTEX_POINT('',#2444);
#701=VERTEX_POINT('',#2448);
#702=VERTEX_POINT('',#2452);
#703=VERTEX_POINT('',#2458);
#704=VERTEX_POINT('',#2459);
#705=VERTEX_POINT('',#2464);
#706=VERTEX_POINT('',#2468);
#707=VERTEX_POINT('',#2472);
#708=VERTEX_POINT('',#2476);
#709=VERTEX_POINT('',#2480);
#710=VERTEX_POINT('',#2484);
#711=VERTEX_POINT('',#2498);
#712=VERTEX_POINT('',#2500);
#713=VERTEX_POINT('',#2504);
#714=VERTEX_POINT('',#2516);
#715=VERTEX_POINT('',#2520);
#716=VERTEX_POINT('',#2532);
#717=VERTEX_POINT('',#2536);
#718=VERTEX_POINT('',#2548);
#719=VERTEX_POINT('',#2555);
#720=VERTEX_POINT('',#2556);
#721=VERTEX_POINT('',#2558);
#722=VERTEX_POINT('',#2560);
#723=VERTEX_POINT('',#2564);
#724=VERTEX_POINT('',#2566);
#725=VERTEX_POINT('',#2570);
#726=VERTEX_POINT('',#2572);
#727=VERTEX_POINT('',#2574);
#728=VERTEX_POINT('',#2576);
#729=VERTEX_POINT('',#2578);
#730=VERTEX_POINT('',#2580);
#731=VERTEX_POINT('',#2582);
#732=VERTEX_POINT('',#2584);
#733=VERTEX_POINT('',#2586);
#734=VERTEX_POINT('',#2590);
#735=VERTEX_POINT('',#2594);
#736=VERTEX_POINT('',#2596);
#737=VERTEX_POINT('',#2598);
#738=VERTEX_POINT('',#2600);
#739=VERTEX_POINT('',#2602);
#740=VERTEX_POINT('',#2604);
#741=VERTEX_POINT('',#2606);
#742=VERTEX_POINT('',#2608);
#743=VERTEX_POINT('',#2612);
#744=VERTEX_POINT('',#2613);
#745=VERTEX_POINT('',#2615);
#746=VERTEX_POINT('',#2617);
#747=VERTEX_POINT('',#2622);
#748=VERTEX_POINT('',#2626);
#749=VERTEX_POINT('',#2630);
#750=VERTEX_POINT('',#2634);
#751=VERTEX_POINT('',#2638);
#752=VERTEX_POINT('',#2644);
#753=VERTEX_POINT('',#2648);
#754=VERTEX_POINT('',#2652);
#755=VERTEX_POINT('',#2656);
#756=VERTEX_POINT('',#2660);
#757=VERTEX_POINT('',#2664);
#758=VERTEX_POINT('',#2666);
#759=EDGE_CURVE('',#615,#616,#295,.T.);
#760=EDGE_CURVE('',#616,#617,#296,.T.);
#761=EDGE_CURVE('',#617,#618,#297,.T.);
#762=EDGE_CURVE('',#618,#615,#298,.T.);
#763=EDGE_CURVE('',#616,#619,#299,.T.);
#764=EDGE_CURVE('',#619,#620,#300,.T.);
#765=EDGE_CURVE('',#620,#617,#301,.T.);
#766=EDGE_CURVE('',#621,#622,#302,.T.);
#767=EDGE_CURVE('',#622,#623,#303,.T.);
#768=EDGE_CURVE('',#623,#624,#304,.T.);
#769=EDGE_CURVE('',#624,#625,#56,.T.);
#770=EDGE_CURVE('',#626,#625,#305,.T.);
#771=EDGE_CURVE('',#627,#626,#57,.T.);
#772=EDGE_CURVE('',#627,#619,#306,.T.);
#773=EDGE_CURVE('',#615,#628,#58,.T.);
#774=EDGE_CURVE('',#629,#628,#307,.T.);
#775=EDGE_CURVE('',#629,#621,#59,.T.);
#776=EDGE_CURVE('',#628,#630,#308,.T.);
#777=EDGE_CURVE('',#630,#618,#60,.T.);
#778=EDGE_CURVE('',#631,#632,#309,.T.);
#779=EDGE_CURVE('',#633,#631,#61,.T.);
#780=EDGE_CURVE('',#630,#633,#310,.T.);
#781=EDGE_CURVE('',#634,#620,#311,.T.);
#782=EDGE_CURVE('',#635,#634,#62,.T.);
#783=EDGE_CURVE('',#636,#635,#312,.T.);
#784=EDGE_CURVE('',#637,#636,#63,.T.);
#785=EDGE_CURVE('',#638,#637,#313,.T.);
#786=EDGE_CURVE('',#632,#638,#314,.T.);
#787=EDGE_CURVE('',#627,#634,#315,.T.);
#788=EDGE_CURVE('',#622,#639,#316,.T.);
#789=EDGE_CURVE('',#639,#640,#317,.T.);
#790=EDGE_CURVE('',#640,#623,#318,.T.);
#791=EDGE_CURVE('',#621,#641,#319,.T.);
#792=EDGE_CURVE('',#641,#639,#320,.T.);
#793=EDGE_CURVE('',#642,#629,#321,.T.);
#794=EDGE_CURVE('',#641,#642,#64,.T.);
#795=EDGE_CURVE('',#624,#643,#322,.T.);
#796=EDGE_CURVE('',#643,#644,#65,.T.);
#797=EDGE_CURVE('',#625,#644,#323,.T.);
#798=EDGE_CURVE('',#640,#643,#324,.T.);
#799=EDGE_CURVE('',#633,#645,#325,.T.);
#800=EDGE_CURVE('',#645,#646,#326,.T.);
#801=EDGE_CURVE('',#646,#647,#327,.T.);
#802=EDGE_CURVE('',#647,#642,#328,.T.);
#803=EDGE_CURVE('',#638,#648,#329,.T.);
#804=EDGE_CURVE('',#648,#649,#330,.T.);
#805=EDGE_CURVE('',#649,#632,#331,.T.);
#806=EDGE_CURVE('',#649,#650,#332,.T.);
#807=EDGE_CURVE('',#650,#631,#333,.T.);
#808=EDGE_CURVE('',#645,#650,#66,.T.);
#809=EDGE_CURVE('',#651,#636,#334,.T.);
#810=EDGE_CURVE('',#651,#652,#67,.T.);
#811=EDGE_CURVE('',#652,#637,#335,.T.);
#812=EDGE_CURVE('',#652,#648,#336,.T.);
#813=EDGE_CURVE('',#626,#635,#337,.T.);
#814=EDGE_CURVE('',#653,#647,#338,.T.);
#815=EDGE_CURVE('',#644,#653,#339,.T.);
#816=EDGE_CURVE('',#654,#646,#340,.T.);
#817=EDGE_CURVE('',#653,#654,#341,.T.);
#818=EDGE_CURVE('',#654,#651,#342,.T.);
#819=EDGE_CURVE('',#655,#656,#343,.T.);
#820=EDGE_CURVE('',#657,#655,#344,.T.);
#821=EDGE_CURVE('',#658,#657,#345,.T.);
#822=EDGE_CURVE('',#659,#658,#68,.T.);
#823=EDGE_CURVE('',#660,#659,#346,.T.);
#824=EDGE_CURVE('',#661,#660,#69,.T.);
#825=EDGE_CURVE('',#662,#661,#347,.T.);
#826=EDGE_CURVE('',#663,#662,#348,.T.);
#827=EDGE_CURVE('',#664,#663,#349,.T.);
#828=EDGE_CURVE('',#665,#664,#350,.T.);
#829=EDGE_CURVE('',#666,#665,#351,.T.);
#830=EDGE_CURVE('',#667,#666,#70,.T.);
#831=EDGE_CURVE('',#668,#667,#352,.T.);
#832=EDGE_CURVE('',#669,#668,#71,.T.);
#833=EDGE_CURVE('',#670,#669,#353,.T.);
#834=EDGE_CURVE('',#656,#670,#354,.T.);
#835=EDGE_CURVE('',#671,#672,#355,.T.);
#836=EDGE_CURVE('',#656,#671,#356,.T.);
#837=EDGE_CURVE('',#672,#670,#357,.T.);
#838=EDGE_CURVE('',#673,#671,#358,.T.);
#839=EDGE_CURVE('',#655,#673,#359,.T.);
#840=EDGE_CURVE('',#674,#673,#360,.T.);
#841=EDGE_CURVE('',#657,#674,#361,.T.);
#842=EDGE_CURVE('',#669,#675,#362,.T.);
#843=EDGE_CURVE('',#675,#676,#363,.T.);
#844=EDGE_CURVE('',#676,#658,#364,.T.);
#845=EDGE_CURVE('',#674,#672,#365,.T.);
#846=EDGE_CURVE('',#659,#677,#366,.T.);
#847=EDGE_CURVE('',#677,#678,#367,.T.);
#848=EDGE_CURVE('',#678,#660,#368,.T.);
#849=EDGE_CURVE('',#661,#679,#369,.T.);
#850=EDGE_CURVE('',#679,#680,#370,.T.);
#851=EDGE_CURVE('',#680,#666,#371,.T.);
#852=EDGE_CURVE('',#665,#681,#372,.T.);
#853=EDGE_CURVE('',#681,#682,#373,.T.);
#854=EDGE_CURVE('',#682,#662,#374,.T.);
#855=EDGE_CURVE('',#683,#682,#375,.T.);
#856=EDGE_CURVE('',#663,#683,#376,.T.);
#857=EDGE_CURVE('',#684,#683,#377,.T.);
#858=EDGE_CURVE('',#664,#684,#378,.T.);
#859=EDGE_CURVE('',#681,#684,#379,.T.);
#860=EDGE_CURVE('',#667,#685,#380,.T.);
#861=EDGE_CURVE('',#685,#686,#381,.T.);
#862=EDGE_CURVE('',#686,#668,#382,.T.);
#863=EDGE_CURVE('',#686,#675,#72,.T.);
#864=EDGE_CURVE('',#676,#677,#73,.T.);
#865=EDGE_CURVE('',#678,#679,#74,.T.);
#866=EDGE_CURVE('',#680,#685,#75,.T.);
#867=EDGE_CURVE('',#687,#688,#383,.T.);
#868=EDGE_CURVE('',#689,#687,#76,.T.);
#869=EDGE_CURVE('',#690,#689,#384,.T.);
#870=EDGE_CURVE('',#691,#690,#77,.T.);
#871=EDGE_CURVE('',#692,#691,#385,.T.);
#872=EDGE_CURVE('',#693,#692,#78,.T.);
#873=EDGE_CURVE('',#694,#693,#386,.T.);
#874=EDGE_CURVE('',#688,#694,#79,.T.);
#875=EDGE_CURVE('',#695,#694,#80,.T.);
#876=EDGE_CURVE('',#696,#695,#81,.T.);
#877=EDGE_CURVE('',#688,#696,#82,.T.);
#878=EDGE_CURVE('',#697,#696,#387,.T.);
#879=EDGE_CURVE('',#687,#697,#83,.T.);
#880=EDGE_CURVE('',#698,#697,#84,.T.);
#881=EDGE_CURVE('',#689,#698,#85,.T.);
#882=EDGE_CURVE('',#699,#698,#388,.T.);
#883=EDGE_CURVE('',#690,#699,#86,.T.);
#884=EDGE_CURVE('',#700,#699,#87,.T.);
#885=EDGE_CURVE('',#691,#700,#88,.T.);
#886=EDGE_CURVE('',#701,#700,#389,.T.);
#887=EDGE_CURVE('',#692,#701,#89,.T.);
#888=EDGE_CURVE('',#702,#701,#90,.T.);
#889=EDGE_CURVE('',#693,#702,#91,.T.);
#890=EDGE_CURVE('',#695,#702,#390,.T.);
#891=EDGE_CURVE('',#703,#704,#92,.T.);
#892=EDGE_CURVE('',#704,#696,#391,.T.);
#893=EDGE_CURVE('',#695,#703,#392,.T.);
#894=EDGE_CURVE('',#705,#704,#393,.T.);
#895=EDGE_CURVE('',#697,#705,#394,.T.);
#896=EDGE_CURVE('',#705,#706,#93,.T.);
#897=EDGE_CURVE('',#706,#698,#395,.T.);
#898=EDGE_CURVE('',#707,#706,#396,.T.);
#899=EDGE_CURVE('',#699,#707,#397,.T.);
#900=EDGE_CURVE('',#707,#708,#94,.T.);
#901=EDGE_CURVE('',#708,#700,#398,.T.);
#902=EDGE_CURVE('',#709,#708,#399,.T.);
#903=EDGE_CURVE('',#701,#709,#400,.T.);
#904=EDGE_CURVE('',#709,#710,#95,.T.);
#905=EDGE_CURVE('',#710,#702,#401,.T.);
#906=EDGE_CURVE('',#703,#710,#402,.T.);
#907=EDGE_CURVE('',#703,#711,#96,.T.);
#908=EDGE_CURVE('',#712,#711,#97,.T.);
#909=EDGE_CURVE('',#712,#704,#98,.T.);
#910=EDGE_CURVE('',#712,#713,#403,.T.);
#911=EDGE_CURVE('',#713,#705,#99,.T.);
#912=EDGE_CURVE('',#713,#714,#100,.T.);
#913=EDGE_CURVE('',#714,#706,#101,.T.);
#914=EDGE_CURVE('',#714,#715,#404,.T.);
#915=EDGE_CURVE('',#715,#707,#102,.T.);
#916=EDGE_CURVE('',#715,#716,#103,.T.);
#917=EDGE_CURVE('',#716,#708,#104,.T.);
#918=EDGE_CURVE('',#716,#717,#405,.T.);
#919=EDGE_CURVE('',#717,#709,#105,.T.);
#920=EDGE_CURVE('',#717,#718,#106,.T.);
#921=EDGE_CURVE('',#718,#710,#107,.T.);
#922=EDGE_CURVE('',#718,#711,#406,.T.);
#923=EDGE_CURVE('',#719,#720,#407,.T.);
#924=EDGE_CURVE('',#720,#721,#408,.T.);
#925=EDGE_CURVE('',#721,#722,#409,.T.);
#926=EDGE_CURVE('',#722,#719,#410,.T.);
#927=EDGE_CURVE('',#723,#720,#108,.T.);
#928=EDGE_CURVE('',#724,#723,#411,.T.);
#929=EDGE_CURVE('',#721,#724,#109,.T.);
#930=EDGE_CURVE('',#719,#725,#412,.T.);
#931=EDGE_CURVE('',#725,#726,#413,.T.);
#932=EDGE_CURVE('',#727,#726,#110,.T.);
#933=EDGE_CURVE('',#728,#727,#414,.T.);
#934=EDGE_CURVE('',#728,#729,#111,.T.);
#935=EDGE_CURVE('',#729,#730,#415,.T.);
#936=EDGE_CURVE('',#730,#731,#416,.T.);
#937=EDGE_CURVE('',#731,#732,#417,.T.);
#938=EDGE_CURVE('',#732,#733,#112,.T.);
#939=EDGE_CURVE('',#733,#723,#418,.T.);
#940=EDGE_CURVE('',#722,#734,#419,.T.);
#941=EDGE_CURVE('',#734,#725,#420,.T.);
#942=EDGE_CURVE('',#735,#724,#421,.T.);
#943=EDGE_CURVE('',#736,#735,#113,.T.);
#944=EDGE_CURVE('',#737,#736,#422,.T.);
#945=EDGE_CURVE('',#738,#737,#423,.T.);
#946=EDGE_CURVE('',#739,#738,#424,.T.);
#947=EDGE_CURVE('',#740,#739,#114,.T.);
#948=EDGE_CURVE('',#741,#740,#425,.T.);
#949=EDGE_CURVE('',#742,#741,#115,.T.);
#950=EDGE_CURVE('',#734,#742,#426,.T.);
#951=EDGE_CURVE('',#743,#744,#427,.T.);
#952=EDGE_CURVE('',#744,#745,#428,.T.);
#953=EDGE_CURVE('',#745,#746,#429,.T.);
#954=EDGE_CURVE('',#746,#735,#430,.T.);
#955=EDGE_CURVE('',#733,#743,#431,.T.);
#956=EDGE_CURVE('',#747,#732,#432,.T.);
#957=EDGE_CURVE('',#743,#747,#116,.T.);
#958=EDGE_CURVE('',#731,#748,#433,.T.);
#959=EDGE_CURVE('',#748,#747,#434,.T.);
#960=EDGE_CURVE('',#730,#749,#435,.T.);
#961=EDGE_CURVE('',#749,#748,#436,.T.);
#962=EDGE_CURVE('',#729,#750,#437,.T.);
#963=EDGE_CURVE('',#750,#749,#438,.T.);
#964=EDGE_CURVE('',#751,#728,#439,.T.);
#965=EDGE_CURVE('',#751,#750,#117,.T.);
#966=EDGE_CURVE('',#742,#726,#440,.T.);
#967=EDGE_CURVE('',#736,#752,#441,.T.);
#968=EDGE_CURVE('',#752,#746,#118,.T.);
#969=EDGE_CURVE('',#752,#753,#442,.T.);
#970=EDGE_CURVE('',#753,#737,#443,.T.);
#971=EDGE_CURVE('',#753,#754,#444,.T.);
#972=EDGE_CURVE('',#754,#738,#445,.T.);
#973=EDGE_CURVE('',#754,#755,#446,.T.);
#974=EDGE_CURVE('',#755,#739,#447,.T.);
#975=EDGE_CURVE('',#755,#756,#119,.T.);
#976=EDGE_CURVE('',#740,#756,#448,.T.);
#977=EDGE_CURVE('',#745,#757,#449,.T.);
#978=EDGE_CURVE('',#758,#744,#450,.T.);
#979=EDGE_CURVE('',#757,#758,#451,.T.);
#980=EDGE_CURVE('',#758,#751,#452,.T.);
#981=EDGE_CURVE('',#756,#757,#453,.T.);
#982=EDGE_CURVE('',#741,#727,#454,.T.);
#983=ORIENTED_EDGE('',*,*,#759,.T.);
#984=ORIENTED_EDGE('',*,*,#760,.T.);
#985=ORIENTED_EDGE('',*,*,#761,.T.);
#986=ORIENTED_EDGE('',*,*,#762,.T.);
#987=ORIENTED_EDGE('',*,*,#763,.T.);
#988=ORIENTED_EDGE('',*,*,#764,.T.);
#989=ORIENTED_EDGE('',*,*,#765,.T.);
#990=ORIENTED_EDGE('',*,*,#760,.F.);
#991=ORIENTED_EDGE('',*,*,#766,.T.);
#992=ORIENTED_EDGE('',*,*,#767,.T.);
#993=ORIENTED_EDGE('',*,*,#768,.T.);
#994=ORIENTED_EDGE('',*,*,#769,.T.);
#995=ORIENTED_EDGE('',*,*,#770,.F.);
#996=ORIENTED_EDGE('',*,*,#771,.F.);
#997=ORIENTED_EDGE('',*,*,#772,.T.);
#998=ORIENTED_EDGE('',*,*,#763,.F.);
#999=ORIENTED_EDGE('',*,*,#759,.F.);
#1000=ORIENTED_EDGE('',*,*,#773,.T.);
#1001=ORIENTED_EDGE('',*,*,#774,.F.);
#1002=ORIENTED_EDGE('',*,*,#775,.T.);
#1003=ORIENTED_EDGE('',*,*,#776,.F.);
#1004=ORIENTED_EDGE('',*,*,#773,.F.);
#1005=ORIENTED_EDGE('',*,*,#762,.F.);
#1006=ORIENTED_EDGE('',*,*,#777,.F.);
#1007=ORIENTED_EDGE('',*,*,#778,.F.);
#1008=ORIENTED_EDGE('',*,*,#779,.F.);
#1009=ORIENTED_EDGE('',*,*,#780,.F.);
#1010=ORIENTED_EDGE('',*,*,#777,.T.);
#1011=ORIENTED_EDGE('',*,*,#761,.F.);
#1012=ORIENTED_EDGE('',*,*,#765,.F.);
#1013=ORIENTED_EDGE('',*,*,#781,.F.);
#1014=ORIENTED_EDGE('',*,*,#782,.F.);
#1015=ORIENTED_EDGE('',*,*,#783,.F.);
#1016=ORIENTED_EDGE('',*,*,#784,.F.);
#1017=ORIENTED_EDGE('',*,*,#785,.F.);
#1018=ORIENTED_EDGE('',*,*,#786,.F.);
#1019=ORIENTED_EDGE('',*,*,#772,.F.);
#1020=ORIENTED_EDGE('',*,*,#787,.T.);
#1021=ORIENTED_EDGE('',*,*,#781,.T.);
#1022=ORIENTED_EDGE('',*,*,#764,.F.);
#1023=ORIENTED_EDGE('',*,*,#767,.F.);
#1024=ORIENTED_EDGE('',*,*,#788,.T.);
#1025=ORIENTED_EDGE('',*,*,#789,.T.);
#1026=ORIENTED_EDGE('',*,*,#790,.T.);
#1027=ORIENTED_EDGE('',*,*,#766,.F.);
#1028=ORIENTED_EDGE('',*,*,#791,.T.);
#1029=ORIENTED_EDGE('',*,*,#792,.T.);
#1030=ORIENTED_EDGE('',*,*,#788,.F.);
#1031=ORIENTED_EDGE('',*,*,#791,.F.);
#1032=ORIENTED_EDGE('',*,*,#775,.F.);
#1033=ORIENTED_EDGE('',*,*,#793,.F.);
#1034=ORIENTED_EDGE('',*,*,#794,.F.);
#1035=ORIENTED_EDGE('',*,*,#769,.F.);
#1036=ORIENTED_EDGE('',*,*,#795,.T.);
#1037=ORIENTED_EDGE('',*,*,#796,.T.);
#1038=ORIENTED_EDGE('',*,*,#797,.F.);
#1039=ORIENTED_EDGE('',*,*,#768,.F.);
#1040=ORIENTED_EDGE('',*,*,#790,.F.);
#1041=ORIENTED_EDGE('',*,*,#798,.T.);
#1042=ORIENTED_EDGE('',*,*,#795,.F.);
#1043=ORIENTED_EDGE('',*,*,#780,.T.);
#1044=ORIENTED_EDGE('',*,*,#799,.T.);
#1045=ORIENTED_EDGE('',*,*,#800,.T.);
#1046=ORIENTED_EDGE('',*,*,#801,.T.);
#1047=ORIENTED_EDGE('',*,*,#802,.T.);
#1048=ORIENTED_EDGE('',*,*,#793,.T.);
#1049=ORIENTED_EDGE('',*,*,#774,.T.);
#1050=ORIENTED_EDGE('',*,*,#776,.T.);
#1051=ORIENTED_EDGE('',*,*,#786,.T.);
#1052=ORIENTED_EDGE('',*,*,#803,.T.);
#1053=ORIENTED_EDGE('',*,*,#804,.T.);
#1054=ORIENTED_EDGE('',*,*,#805,.T.);
#1055=ORIENTED_EDGE('',*,*,#778,.T.);
#1056=ORIENTED_EDGE('',*,*,#805,.F.);
#1057=ORIENTED_EDGE('',*,*,#806,.T.);
#1058=ORIENTED_EDGE('',*,*,#807,.T.);
#1059=ORIENTED_EDGE('',*,*,#799,.F.);
#1060=ORIENTED_EDGE('',*,*,#779,.T.);
#1061=ORIENTED_EDGE('',*,*,#807,.F.);
#1062=ORIENTED_EDGE('',*,*,#808,.F.);
#1063=ORIENTED_EDGE('',*,*,#784,.T.);
#1064=ORIENTED_EDGE('',*,*,#809,.F.);
#1065=ORIENTED_EDGE('',*,*,#810,.T.);
#1066=ORIENTED_EDGE('',*,*,#811,.T.);
#1067=ORIENTED_EDGE('',*,*,#785,.T.);
#1068=ORIENTED_EDGE('',*,*,#811,.F.);
#1069=ORIENTED_EDGE('',*,*,#812,.T.);
#1070=ORIENTED_EDGE('',*,*,#803,.F.);
#1071=ORIENTED_EDGE('',*,*,#771,.T.);
#1072=ORIENTED_EDGE('',*,*,#813,.T.);
#1073=ORIENTED_EDGE('',*,*,#782,.T.);
#1074=ORIENTED_EDGE('',*,*,#787,.F.);
#1075=ORIENTED_EDGE('',*,*,#789,.F.);
#1076=ORIENTED_EDGE('',*,*,#792,.F.);
#1077=ORIENTED_EDGE('',*,*,#794,.T.);
#1078=ORIENTED_EDGE('',*,*,#802,.F.);
#1079=ORIENTED_EDGE('',*,*,#814,.F.);
#1080=ORIENTED_EDGE('',*,*,#815,.F.);
#1081=ORIENTED_EDGE('',*,*,#796,.F.);
#1082=ORIENTED_EDGE('',*,*,#798,.F.);
#1083=ORIENTED_EDGE('',*,*,#814,.T.);
#1084=ORIENTED_EDGE('',*,*,#801,.F.);
#1085=ORIENTED_EDGE('',*,*,#816,.F.);
#1086=ORIENTED_EDGE('',*,*,#817,.F.);
#1087=ORIENTED_EDGE('',*,*,#810,.F.);
#1088=ORIENTED_EDGE('',*,*,#818,.F.);
#1089=ORIENTED_EDGE('',*,*,#816,.T.);
#1090=ORIENTED_EDGE('',*,*,#800,.F.);
#1091=ORIENTED_EDGE('',*,*,#808,.T.);
#1092=ORIENTED_EDGE('',*,*,#806,.F.);
#1093=ORIENTED_EDGE('',*,*,#804,.F.);
#1094=ORIENTED_EDGE('',*,*,#812,.F.);
#1095=ORIENTED_EDGE('',*,*,#815,.T.);
#1096=ORIENTED_EDGE('',*,*,#817,.T.);
#1097=ORIENTED_EDGE('',*,*,#818,.T.);
#1098=ORIENTED_EDGE('',*,*,#809,.T.);
#1099=ORIENTED_EDGE('',*,*,#783,.T.);
#1100=ORIENTED_EDGE('',*,*,#813,.F.);
#1101=ORIENTED_EDGE('',*,*,#770,.T.);
#1102=ORIENTED_EDGE('',*,*,#797,.T.);
#1103=ORIENTED_EDGE('',*,*,#819,.F.);
#1104=ORIENTED_EDGE('',*,*,#820,.F.);
#1105=ORIENTED_EDGE('',*,*,#821,.F.);
#1106=ORIENTED_EDGE('',*,*,#822,.F.);
#1107=ORIENTED_EDGE('',*,*,#823,.F.);
#1108=ORIENTED_EDGE('',*,*,#824,.F.);
#1109=ORIENTED_EDGE('',*,*,#825,.F.);
#1110=ORIENTED_EDGE('',*,*,#826,.F.);
#1111=ORIENTED_EDGE('',*,*,#827,.F.);
#1112=ORIENTED_EDGE('',*,*,#828,.F.);
#1113=ORIENTED_EDGE('',*,*,#829,.F.);
#1114=ORIENTED_EDGE('',*,*,#830,.F.);
#1115=ORIENTED_EDGE('',*,*,#831,.F.);
#1116=ORIENTED_EDGE('',*,*,#832,.F.);
#1117=ORIENTED_EDGE('',*,*,#833,.F.);
#1118=ORIENTED_EDGE('',*,*,#834,.F.);
#1119=ORIENTED_EDGE('',*,*,#835,.F.);
#1120=ORIENTED_EDGE('',*,*,#836,.F.);
#1121=ORIENTED_EDGE('',*,*,#834,.T.);
#1122=ORIENTED_EDGE('',*,*,#837,.F.);
#1123=ORIENTED_EDGE('',*,*,#836,.T.);
#1124=ORIENTED_EDGE('',*,*,#838,.F.);
#1125=ORIENTED_EDGE('',*,*,#839,.F.);
#1126=ORIENTED_EDGE('',*,*,#819,.T.);
#1127=ORIENTED_EDGE('',*,*,#820,.T.);
#1128=ORIENTED_EDGE('',*,*,#839,.T.);
#1129=ORIENTED_EDGE('',*,*,#840,.F.);
#1130=ORIENTED_EDGE('',*,*,#841,.F.);
#1131=ORIENTED_EDGE('',*,*,#833,.T.);
#1132=ORIENTED_EDGE('',*,*,#842,.T.);
#1133=ORIENTED_EDGE('',*,*,#843,.T.);
#1134=ORIENTED_EDGE('',*,*,#844,.T.);
#1135=ORIENTED_EDGE('',*,*,#821,.T.);
#1136=ORIENTED_EDGE('',*,*,#841,.T.);
#1137=ORIENTED_EDGE('',*,*,#845,.T.);
#1138=ORIENTED_EDGE('',*,*,#837,.T.);
#1139=ORIENTED_EDGE('',*,*,#823,.T.);
#1140=ORIENTED_EDGE('',*,*,#846,.T.);
#1141=ORIENTED_EDGE('',*,*,#847,.T.);
#1142=ORIENTED_EDGE('',*,*,#848,.T.);
#1143=ORIENTED_EDGE('',*,*,#825,.T.);
#1144=ORIENTED_EDGE('',*,*,#849,.T.);
#1145=ORIENTED_EDGE('',*,*,#850,.T.);
#1146=ORIENTED_EDGE('',*,*,#851,.T.);
#1147=ORIENTED_EDGE('',*,*,#829,.T.);
#1148=ORIENTED_EDGE('',*,*,#852,.T.);
#1149=ORIENTED_EDGE('',*,*,#853,.T.);
#1150=ORIENTED_EDGE('',*,*,#854,.T.);
#1151=ORIENTED_EDGE('',*,*,#855,.F.);
#1152=ORIENTED_EDGE('',*,*,#856,.F.);
#1153=ORIENTED_EDGE('',*,*,#826,.T.);
#1154=ORIENTED_EDGE('',*,*,#854,.F.);
#1155=ORIENTED_EDGE('',*,*,#856,.T.);
#1156=ORIENTED_EDGE('',*,*,#857,.F.);
#1157=ORIENTED_EDGE('',*,*,#858,.F.);
#1158=ORIENTED_EDGE('',*,*,#827,.T.);
#1159=ORIENTED_EDGE('',*,*,#828,.T.);
#1160=ORIENTED_EDGE('',*,*,#858,.T.);
#1161=ORIENTED_EDGE('',*,*,#859,.F.);
#1162=ORIENTED_EDGE('',*,*,#852,.F.);
#1163=ORIENTED_EDGE('',*,*,#831,.T.);
#1164=ORIENTED_EDGE('',*,*,#860,.T.);
#1165=ORIENTED_EDGE('',*,*,#861,.T.);
#1166=ORIENTED_EDGE('',*,*,#862,.T.);
#1167=ORIENTED_EDGE('',*,*,#838,.T.);
#1168=ORIENTED_EDGE('',*,*,#835,.T.);
#1169=ORIENTED_EDGE('',*,*,#845,.F.);
#1170=ORIENTED_EDGE('',*,*,#840,.T.);
#1171=ORIENTED_EDGE('',*,*,#832,.T.);
#1172=ORIENTED_EDGE('',*,*,#862,.F.);
#1173=ORIENTED_EDGE('',*,*,#863,.T.);
#1174=ORIENTED_EDGE('',*,*,#842,.F.);
#1175=ORIENTED_EDGE('',*,*,#822,.T.);
#1176=ORIENTED_EDGE('',*,*,#844,.F.);
#1177=ORIENTED_EDGE('',*,*,#864,.T.);
#1178=ORIENTED_EDGE('',*,*,#846,.F.);
#1179=ORIENTED_EDGE('',*,*,#865,.F.);
#1180=ORIENTED_EDGE('',*,*,#847,.F.);
#1181=ORIENTED_EDGE('',*,*,#864,.F.);
#1182=ORIENTED_EDGE('',*,*,#843,.F.);
#1183=ORIENTED_EDGE('',*,*,#863,.F.);
#1184=ORIENTED_EDGE('',*,*,#861,.F.);
#1185=ORIENTED_EDGE('',*,*,#866,.F.);
#1186=ORIENTED_EDGE('',*,*,#850,.F.);
#1187=ORIENTED_EDGE('',*,*,#867,.F.);
#1188=ORIENTED_EDGE('',*,*,#868,.F.);
#1189=ORIENTED_EDGE('',*,*,#869,.F.);
#1190=ORIENTED_EDGE('',*,*,#870,.F.);
#1191=ORIENTED_EDGE('',*,*,#871,.F.);
#1192=ORIENTED_EDGE('',*,*,#872,.F.);
#1193=ORIENTED_EDGE('',*,*,#873,.F.);
#1194=ORIENTED_EDGE('',*,*,#874,.F.);
#1195=ORIENTED_EDGE('',*,*,#824,.T.);
#1196=ORIENTED_EDGE('',*,*,#848,.F.);
#1197=ORIENTED_EDGE('',*,*,#865,.T.);
#1198=ORIENTED_EDGE('',*,*,#849,.F.);
#1199=ORIENTED_EDGE('',*,*,#857,.T.);
#1200=ORIENTED_EDGE('',*,*,#855,.T.);
#1201=ORIENTED_EDGE('',*,*,#853,.F.);
#1202=ORIENTED_EDGE('',*,*,#859,.T.);
#1203=ORIENTED_EDGE('',*,*,#830,.T.);
#1204=ORIENTED_EDGE('',*,*,#851,.F.);
#1205=ORIENTED_EDGE('',*,*,#866,.T.);
#1206=ORIENTED_EDGE('',*,*,#860,.F.);
#1207=ORIENTED_EDGE('',*,*,#875,.F.);
#1208=ORIENTED_EDGE('',*,*,#876,.F.);
#1209=ORIENTED_EDGE('',*,*,#877,.F.);
#1210=ORIENTED_EDGE('',*,*,#874,.T.);
#1211=ORIENTED_EDGE('',*,*,#877,.T.);
#1212=ORIENTED_EDGE('',*,*,#878,.F.);
#1213=ORIENTED_EDGE('',*,*,#879,.F.);
#1214=ORIENTED_EDGE('',*,*,#867,.T.);
#1215=ORIENTED_EDGE('',*,*,#879,.T.);
#1216=ORIENTED_EDGE('',*,*,#880,.F.);
#1217=ORIENTED_EDGE('',*,*,#881,.F.);
#1218=ORIENTED_EDGE('',*,*,#868,.T.);
#1219=ORIENTED_EDGE('',*,*,#881,.T.);
#1220=ORIENTED_EDGE('',*,*,#882,.F.);
#1221=ORIENTED_EDGE('',*,*,#883,.F.);
#1222=ORIENTED_EDGE('',*,*,#869,.T.);
#1223=ORIENTED_EDGE('',*,*,#883,.T.);
#1224=ORIENTED_EDGE('',*,*,#884,.F.);
#1225=ORIENTED_EDGE('',*,*,#885,.F.);
#1226=ORIENTED_EDGE('',*,*,#870,.T.);
#1227=ORIENTED_EDGE('',*,*,#885,.T.);
#1228=ORIENTED_EDGE('',*,*,#886,.F.);
#1229=ORIENTED_EDGE('',*,*,#887,.F.);
#1230=ORIENTED_EDGE('',*,*,#871,.T.);
#1231=ORIENTED_EDGE('',*,*,#887,.T.);
#1232=ORIENTED_EDGE('',*,*,#888,.F.);
#1233=ORIENTED_EDGE('',*,*,#889,.F.);
#1234=ORIENTED_EDGE('',*,*,#872,.T.);
#1235=ORIENTED_EDGE('',*,*,#889,.T.);
#1236=ORIENTED_EDGE('',*,*,#890,.F.);
#1237=ORIENTED_EDGE('',*,*,#875,.T.);
#1238=ORIENTED_EDGE('',*,*,#873,.T.);
#1239=ORIENTED_EDGE('',*,*,#891,.T.);
#1240=ORIENTED_EDGE('',*,*,#892,.T.);
#1241=ORIENTED_EDGE('',*,*,#876,.T.);
#1242=ORIENTED_EDGE('',*,*,#893,.T.);
#1243=ORIENTED_EDGE('',*,*,#892,.F.);
#1244=ORIENTED_EDGE('',*,*,#894,.F.);
#1245=ORIENTED_EDGE('',*,*,#895,.F.);
#1246=ORIENTED_EDGE('',*,*,#878,.T.);
#1247=ORIENTED_EDGE('',*,*,#896,.T.);
#1248=ORIENTED_EDGE('',*,*,#897,.T.);
#1249=ORIENTED_EDGE('',*,*,#880,.T.);
#1250=ORIENTED_EDGE('',*,*,#895,.T.);
#1251=ORIENTED_EDGE('',*,*,#897,.F.);
#1252=ORIENTED_EDGE('',*,*,#898,.F.);
#1253=ORIENTED_EDGE('',*,*,#899,.F.);
#1254=ORIENTED_EDGE('',*,*,#882,.T.);
#1255=ORIENTED_EDGE('',*,*,#900,.T.);
#1256=ORIENTED_EDGE('',*,*,#901,.T.);
#1257=ORIENTED_EDGE('',*,*,#884,.T.);
#1258=ORIENTED_EDGE('',*,*,#899,.T.);
#1259=ORIENTED_EDGE('',*,*,#901,.F.);
#1260=ORIENTED_EDGE('',*,*,#902,.F.);
#1261=ORIENTED_EDGE('',*,*,#903,.F.);
#1262=ORIENTED_EDGE('',*,*,#886,.T.);
#1263=ORIENTED_EDGE('',*,*,#904,.T.);
#1264=ORIENTED_EDGE('',*,*,#905,.T.);
#1265=ORIENTED_EDGE('',*,*,#888,.T.);
#1266=ORIENTED_EDGE('',*,*,#903,.T.);
#1267=ORIENTED_EDGE('',*,*,#905,.F.);
#1268=ORIENTED_EDGE('',*,*,#906,.F.);
#1269=ORIENTED_EDGE('',*,*,#893,.F.);
#1270=ORIENTED_EDGE('',*,*,#890,.T.);
#1271=ORIENTED_EDGE('',*,*,#891,.F.);
#1272=ORIENTED_EDGE('',*,*,#907,.T.);
#1273=ORIENTED_EDGE('',*,*,#908,.F.);
#1274=ORIENTED_EDGE('',*,*,#909,.T.);
#1275=ORIENTED_EDGE('',*,*,#894,.T.);
#1276=ORIENTED_EDGE('',*,*,#909,.F.);
#1277=ORIENTED_EDGE('',*,*,#910,.T.);
#1278=ORIENTED_EDGE('',*,*,#911,.T.);
#1279=ORIENTED_EDGE('',*,*,#896,.F.);
#1280=ORIENTED_EDGE('',*,*,#911,.F.);
#1281=ORIENTED_EDGE('',*,*,#912,.T.);
#1282=ORIENTED_EDGE('',*,*,#913,.T.);
#1283=ORIENTED_EDGE('',*,*,#898,.T.);
#1284=ORIENTED_EDGE('',*,*,#913,.F.);
#1285=ORIENTED_EDGE('',*,*,#914,.T.);
#1286=ORIENTED_EDGE('',*,*,#915,.T.);
#1287=ORIENTED_EDGE('',*,*,#900,.F.);
#1288=ORIENTED_EDGE('',*,*,#915,.F.);
#1289=ORIENTED_EDGE('',*,*,#916,.T.);
#1290=ORIENTED_EDGE('',*,*,#917,.T.);
#1291=ORIENTED_EDGE('',*,*,#902,.T.);
#1292=ORIENTED_EDGE('',*,*,#917,.F.);
#1293=ORIENTED_EDGE('',*,*,#918,.T.);
#1294=ORIENTED_EDGE('',*,*,#919,.T.);
#1295=ORIENTED_EDGE('',*,*,#904,.F.);
#1296=ORIENTED_EDGE('',*,*,#919,.F.);
#1297=ORIENTED_EDGE('',*,*,#920,.T.);
#1298=ORIENTED_EDGE('',*,*,#921,.T.);
#1299=ORIENTED_EDGE('',*,*,#906,.T.);
#1300=ORIENTED_EDGE('',*,*,#921,.F.);
#1301=ORIENTED_EDGE('',*,*,#922,.T.);
#1302=ORIENTED_EDGE('',*,*,#907,.F.);
#1303=ORIENTED_EDGE('',*,*,#910,.F.);
#1304=ORIENTED_EDGE('',*,*,#908,.T.);
#1305=ORIENTED_EDGE('',*,*,#922,.F.);
#1306=ORIENTED_EDGE('',*,*,#920,.F.);
#1307=ORIENTED_EDGE('',*,*,#918,.F.);
#1308=ORIENTED_EDGE('',*,*,#916,.F.);
#1309=ORIENTED_EDGE('',*,*,#914,.F.);
#1310=ORIENTED_EDGE('',*,*,#912,.F.);
#1311=ORIENTED_EDGE('',*,*,#923,.T.);
#1312=ORIENTED_EDGE('',*,*,#924,.T.);
#1313=ORIENTED_EDGE('',*,*,#925,.T.);
#1314=ORIENTED_EDGE('',*,*,#926,.T.);
#1315=ORIENTED_EDGE('',*,*,#924,.F.);
#1316=ORIENTED_EDGE('',*,*,#927,.F.);
#1317=ORIENTED_EDGE('',*,*,#928,.F.);
#1318=ORIENTED_EDGE('',*,*,#929,.F.);
#1319=ORIENTED_EDGE('',*,*,#923,.F.);
#1320=ORIENTED_EDGE('',*,*,#930,.T.);
#1321=ORIENTED_EDGE('',*,*,#931,.T.);
#1322=ORIENTED_EDGE('',*,*,#932,.F.);
#1323=ORIENTED_EDGE('',*,*,#933,.F.);
#1324=ORIENTED_EDGE('',*,*,#934,.T.);
#1325=ORIENTED_EDGE('',*,*,#935,.T.);
#1326=ORIENTED_EDGE('',*,*,#936,.T.);
#1327=ORIENTED_EDGE('',*,*,#937,.T.);
#1328=ORIENTED_EDGE('',*,*,#938,.T.);
#1329=ORIENTED_EDGE('',*,*,#939,.T.);
#1330=ORIENTED_EDGE('',*,*,#927,.T.);
#1331=ORIENTED_EDGE('',*,*,#930,.F.);
#1332=ORIENTED_EDGE('',*,*,#926,.F.);
#1333=ORIENTED_EDGE('',*,*,#940,.T.);
#1334=ORIENTED_EDGE('',*,*,#941,.T.);
#1335=ORIENTED_EDGE('',*,*,#925,.F.);
#1336=ORIENTED_EDGE('',*,*,#929,.T.);
#1337=ORIENTED_EDGE('',*,*,#942,.F.);
#1338=ORIENTED_EDGE('',*,*,#943,.F.);
#1339=ORIENTED_EDGE('',*,*,#944,.F.);
#1340=ORIENTED_EDGE('',*,*,#945,.F.);
#1341=ORIENTED_EDGE('',*,*,#946,.F.);
#1342=ORIENTED_EDGE('',*,*,#947,.F.);
#1343=ORIENTED_EDGE('',*,*,#948,.F.);
#1344=ORIENTED_EDGE('',*,*,#949,.F.);
#1345=ORIENTED_EDGE('',*,*,#950,.F.);
#1346=ORIENTED_EDGE('',*,*,#940,.F.);
#1347=ORIENTED_EDGE('',*,*,#951,.T.);
#1348=ORIENTED_EDGE('',*,*,#952,.T.);
#1349=ORIENTED_EDGE('',*,*,#953,.T.);
#1350=ORIENTED_EDGE('',*,*,#954,.T.);
#1351=ORIENTED_EDGE('',*,*,#942,.T.);
#1352=ORIENTED_EDGE('',*,*,#928,.T.);
#1353=ORIENTED_EDGE('',*,*,#939,.F.);
#1354=ORIENTED_EDGE('',*,*,#955,.T.);
#1355=ORIENTED_EDGE('',*,*,#955,.F.);
#1356=ORIENTED_EDGE('',*,*,#938,.F.);
#1357=ORIENTED_EDGE('',*,*,#956,.F.);
#1358=ORIENTED_EDGE('',*,*,#957,.F.);
#1359=ORIENTED_EDGE('',*,*,#937,.F.);
#1360=ORIENTED_EDGE('',*,*,#958,.T.);
#1361=ORIENTED_EDGE('',*,*,#959,.T.);
#1362=ORIENTED_EDGE('',*,*,#956,.T.);
#1363=ORIENTED_EDGE('',*,*,#936,.F.);
#1364=ORIENTED_EDGE('',*,*,#960,.T.);
#1365=ORIENTED_EDGE('',*,*,#961,.T.);
#1366=ORIENTED_EDGE('',*,*,#958,.F.);
#1367=ORIENTED_EDGE('',*,*,#935,.F.);
#1368=ORIENTED_EDGE('',*,*,#962,.T.);
#1369=ORIENTED_EDGE('',*,*,#963,.T.);
#1370=ORIENTED_EDGE('',*,*,#960,.F.);
#1371=ORIENTED_EDGE('',*,*,#934,.F.);
#1372=ORIENTED_EDGE('',*,*,#964,.F.);
#1373=ORIENTED_EDGE('',*,*,#965,.T.);
#1374=ORIENTED_EDGE('',*,*,#962,.F.);
#1375=ORIENTED_EDGE('',*,*,#931,.F.);
#1376=ORIENTED_EDGE('',*,*,#941,.F.);
#1377=ORIENTED_EDGE('',*,*,#950,.T.);
#1378=ORIENTED_EDGE('',*,*,#966,.T.);
#1379=ORIENTED_EDGE('',*,*,#967,.F.);
#1380=ORIENTED_EDGE('',*,*,#943,.T.);
#1381=ORIENTED_EDGE('',*,*,#954,.F.);
#1382=ORIENTED_EDGE('',*,*,#968,.F.);
#1383=ORIENTED_EDGE('',*,*,#944,.T.);
#1384=ORIENTED_EDGE('',*,*,#967,.T.);
#1385=ORIENTED_EDGE('',*,*,#969,.T.);
#1386=ORIENTED_EDGE('',*,*,#970,.T.);
#1387=ORIENTED_EDGE('',*,*,#945,.T.);
#1388=ORIENTED_EDGE('',*,*,#970,.F.);
#1389=ORIENTED_EDGE('',*,*,#971,.T.);
#1390=ORIENTED_EDGE('',*,*,#972,.T.);
#1391=ORIENTED_EDGE('',*,*,#946,.T.);
#1392=ORIENTED_EDGE('',*,*,#972,.F.);
#1393=ORIENTED_EDGE('',*,*,#973,.T.);
#1394=ORIENTED_EDGE('',*,*,#974,.T.);
#1395=ORIENTED_EDGE('',*,*,#947,.T.);
#1396=ORIENTED_EDGE('',*,*,#974,.F.);
#1397=ORIENTED_EDGE('',*,*,#975,.T.);
#1398=ORIENTED_EDGE('',*,*,#976,.F.);
#1399=ORIENTED_EDGE('',*,*,#977,.F.);
#1400=ORIENTED_EDGE('',*,*,#952,.F.);
#1401=ORIENTED_EDGE('',*,*,#978,.F.);
#1402=ORIENTED_EDGE('',*,*,#979,.F.);
#1403=ORIENTED_EDGE('',*,*,#978,.T.);
#1404=ORIENTED_EDGE('',*,*,#951,.F.);
#1405=ORIENTED_EDGE('',*,*,#957,.T.);
#1406=ORIENTED_EDGE('',*,*,#959,.F.);
#1407=ORIENTED_EDGE('',*,*,#961,.F.);
#1408=ORIENTED_EDGE('',*,*,#963,.F.);
#1409=ORIENTED_EDGE('',*,*,#965,.F.);
#1410=ORIENTED_EDGE('',*,*,#980,.F.);
#1411=ORIENTED_EDGE('',*,*,#975,.F.);
#1412=ORIENTED_EDGE('',*,*,#973,.F.);
#1413=ORIENTED_EDGE('',*,*,#971,.F.);
#1414=ORIENTED_EDGE('',*,*,#969,.F.);
#1415=ORIENTED_EDGE('',*,*,#968,.T.);
#1416=ORIENTED_EDGE('',*,*,#953,.F.);
#1417=ORIENTED_EDGE('',*,*,#977,.T.);
#1418=ORIENTED_EDGE('',*,*,#981,.F.);
#1419=ORIENTED_EDGE('',*,*,#932,.T.);
#1420=ORIENTED_EDGE('',*,*,#966,.F.);
#1421=ORIENTED_EDGE('',*,*,#949,.T.);
#1422=ORIENTED_EDGE('',*,*,#982,.T.);
#1423=ORIENTED_EDGE('',*,*,#948,.T.);
#1424=ORIENTED_EDGE('',*,*,#976,.T.);
#1425=ORIENTED_EDGE('',*,*,#981,.T.);
#1426=ORIENTED_EDGE('',*,*,#979,.T.);
#1427=ORIENTED_EDGE('',*,*,#980,.T.);
#1428=ORIENTED_EDGE('',*,*,#964,.T.);
#1429=ORIENTED_EDGE('',*,*,#933,.T.);
#1430=ORIENTED_EDGE('',*,*,#982,.F.);
#1431=PLANE('',#1585);
#1432=PLANE('',#1586);
#1433=PLANE('',#1587);
#1434=PLANE('',#1594);
#1435=PLANE('',#1598);
#1436=PLANE('',#1599);
#1437=PLANE('',#1600);
#1438=PLANE('',#1605);
#1439=PLANE('',#1606);
#1440=PLANE('',#1607);
#1441=PLANE('',#1608);
#1442=PLANE('',#1613);
#1443=PLANE('',#1615);
#1444=PLANE('',#1616);
#1445=PLANE('',#1617);
#1446=PLANE('',#1618);
#1447=PLANE('',#1619);
#1448=PLANE('',#1624);
#1449=PLANE('',#1625);
#1450=PLANE('',#1626);
#1451=PLANE('',#1627);
#1452=PLANE('',#1628);
#1453=PLANE('',#1629);
#1454=PLANE('',#1630);
#1455=PLANE('',#1631);
#1456=PLANE('',#1632);
#1457=PLANE('',#1633);
#1458=PLANE('',#1634);
#1459=PLANE('',#1639);
#1460=PLANE('',#1647);
#1461=PLANE('',#1671);
#1462=PLANE('',#1674);
#1463=PLANE('',#1677);
#1464=PLANE('',#1680);
#1465=PLANE('',#1697);
#1466=PLANE('',#1698);
#1467=PLANE('',#1702);
#1468=PLANE('',#1706);
#1469=PLANE('',#1707);
#1470=PLANE('',#1711);
#1471=PLANE('',#1714);
#1472=PLANE('',#1715);
#1473=PLANE('',#1716);
#1474=PLANE('',#1719);
#1475=PLANE('',#1722);
#1476=PLANE('',#1723);
#1477=PLANE('',#1724);
#1478=PLANE('',#1727);
#1479=PLANE('',#1728);
#1480=PLANE('',#1729);
#1481=PLANE('',#1731);
#1482=ADVANCED_FACE('',(#120),#1431,.T.);
#1483=ADVANCED_FACE('',(#121),#1432,.T.);
#1484=ADVANCED_FACE('',(#122),#1433,.T.);
#1485=ADVANCED_FACE('',(#123),#32,.F.);
#1486=ADVANCED_FACE('',(#124),#1434,.F.);
#1487=ADVANCED_FACE('',(#125),#1435,.T.);
#1488=ADVANCED_FACE('',(#126),#1436,.T.);
#1489=ADVANCED_FACE('',(#127),#1437,.T.);
#1490=ADVANCED_FACE('',(#128),#33,.F.);
#1491=ADVANCED_FACE('',(#129),#34,.T.);
#1492=ADVANCED_FACE('',(#130),#1438,.T.);
#1493=ADVANCED_FACE('',(#131),#1439,.T.);
#1494=ADVANCED_FACE('',(#132),#1440,.T.);
#1495=ADVANCED_FACE('',(#133),#1441,.T.);
#1496=ADVANCED_FACE('',(#134),#35,.F.);
#1497=ADVANCED_FACE('',(#135),#36,.T.);
#1498=ADVANCED_FACE('',(#136),#1442,.T.);
#1499=ADVANCED_FACE('',(#137),#37,.T.);
#1500=ADVANCED_FACE('',(#138),#1443,.F.);
#1501=ADVANCED_FACE('',(#139),#1444,.F.);
#1502=ADVANCED_FACE('',(#140),#1445,.F.);
#1503=ADVANCED_FACE('',(#141),#1446,.T.);
#1504=ADVANCED_FACE('',(#142),#1447,.F.);
#1505=ADVANCED_FACE('',(#143),#1448,.F.);
#1506=ADVANCED_FACE('',(#144),#1449,.F.);
#1507=ADVANCED_FACE('',(#145),#1450,.F.);
#1508=ADVANCED_FACE('',(#146),#1451,.T.);
#1509=ADVANCED_FACE('',(#147),#1452,.T.);
#1510=ADVANCED_FACE('',(#148),#1453,.T.);
#1511=ADVANCED_FACE('',(#149),#1454,.F.);
#1512=ADVANCED_FACE('',(#150),#1455,.F.);
#1513=ADVANCED_FACE('',(#151),#1456,.F.);
#1514=ADVANCED_FACE('',(#152),#1457,.T.);
#1515=ADVANCED_FACE('',(#153),#1458,.T.);
#1516=ADVANCED_FACE('',(#154),#38,.T.);
#1517=ADVANCED_FACE('',(#155),#39,.T.);
#1518=ADVANCED_FACE('',(#156,#25),#1459,.F.);
#1519=ADVANCED_FACE('',(#157),#40,.T.);
#1520=ADVANCED_FACE('',(#158),#1460,.T.);
#1521=ADVANCED_FACE('',(#159),#41,.T.);
#1522=ADVANCED_FACE('',(#160),#21,.F.);
#1523=ADVANCED_FACE('',(#161),#42,.F.);
#1524=ADVANCED_FACE('',(#162),#22,.F.);
#1525=ADVANCED_FACE('',(#163),#43,.F.);
#1526=ADVANCED_FACE('',(#164),#23,.F.);
#1527=ADVANCED_FACE('',(#165),#44,.F.);
#1528=ADVANCED_FACE('',(#166),#24,.F.);
#1529=ADVANCED_FACE('',(#167),#45,.F.);
#1530=ADVANCED_FACE('',(#168),#17,.T.);
#1531=ADVANCED_FACE('',(#169),#1461,.F.);
#1532=ADVANCED_FACE('',(#170),#18,.T.);
#1533=ADVANCED_FACE('',(#171),#1462,.F.);
#1534=ADVANCED_FACE('',(#172),#19,.T.);
#1535=ADVANCED_FACE('',(#173),#1463,.F.);
#1536=ADVANCED_FACE('',(#174),#20,.T.);
#1537=ADVANCED_FACE('',(#175),#1464,.F.);
#1538=ADVANCED_FACE('',(#176),#13,.F.);
#1539=ADVANCED_FACE('',(#177),#46,.T.);
#1540=ADVANCED_FACE('',(#178),#14,.F.);
#1541=ADVANCED_FACE('',(#179),#47,.T.);
#1542=ADVANCED_FACE('',(#180),#15,.F.);
#1543=ADVANCED_FACE('',(#181),#48,.T.);
#1544=ADVANCED_FACE('',(#182),#16,.F.);
#1545=ADVANCED_FACE('',(#183),#49,.T.);
#1546=ADVANCED_FACE('',(#184),#1465,.T.);
#1547=ADVANCED_FACE('',(#185),#1466,.T.);
#1548=ADVANCED_FACE('',(#186),#50,.F.);
#1549=ADVANCED_FACE('',(#187),#1467,.T.);
#1550=ADVANCED_FACE('',(#188),#1468,.T.);
#1551=ADVANCED_FACE('',(#189),#1469,.F.);
#1552=ADVANCED_FACE('',(#190),#1470,.T.);
#1553=ADVANCED_FACE('',(#191),#51,.F.);
#1554=ADVANCED_FACE('',(#192),#1471,.T.);
#1555=ADVANCED_FACE('',(#193),#1472,.T.);
#1556=ADVANCED_FACE('',(#194),#1473,.T.);
#1557=ADVANCED_FACE('',(#195),#52,.T.);
#1558=ADVANCED_FACE('',(#196),#1474,.T.);
#1559=ADVANCED_FACE('',(#197),#53,.F.);
#1560=ADVANCED_FACE('',(#198),#1475,.T.);
#1561=ADVANCED_FACE('',(#199),#1476,.T.);
#1562=ADVANCED_FACE('',(#200),#1477,.T.);
#1563=ADVANCED_FACE('',(#201),#54,.T.);
#1564=ADVANCED_FACE('',(#202),#1478,.F.);
#1565=ADVANCED_FACE('',(#203),#1479,.F.);
#1566=ADVANCED_FACE('',(#204),#1480,.F.);
#1567=ADVANCED_FACE('',(#205),#55,.T.);
#1568=ADVANCED_FACE('',(#206),#1481,.T.);
#1569=CLOSED_SHELL('',(#1482,#1483,#1484,#1485,#1486,#1487,#1488,#1489,
#1490,#1491,#1492,#1493,#1494,#1495,#1496,#1497,#1498,#1499,#1500,#1501,
#1502,#1503));
#1570=CLOSED_SHELL('',(#1504,#1505,#1506,#1507,#1508,#1509,#1510,#1511,
#1512,#1513,#1514,#1515,#1516,#1517,#1518,#1519,#1520,#1521,#1522,#1523,
#1524,#1525,#1526,#1527,#1528,#1529,#1530,#1531,#1532,#1533,#1534,#1535,
#1536,#1537,#1538,#1539,#1540,#1541,#1542,#1543,#1544,#1545,#1546));
#1571=CLOSED_SHELL('',(#1547,#1548,#1549,#1550,#1551,#1552,#1553,#1554,
#1555,#1556,#1557,#1558,#1559,#1560,#1561,#1562,#1563,#1564,#1565,#1566,
#1567,#1568));
#1572=DERIVED_UNIT_ELEMENT(#1574,1.);
#1573=DERIVED_UNIT_ELEMENT(#2681,-3.);
#1574=(
MASS_UNIT()
NAMED_UNIT(*)
SI_UNIT(.KILO.,.GRAM.)
);
#1575=DERIVED_UNIT((#1572,#1573));
#1576=MEASURE_REPRESENTATION_ITEM('density measure',
POSITIVE_RATIO_MEASURE(7850.),#1575);
#1577=PROPERTY_DEFINITION_REPRESENTATION(#1582,#1579);
#1578=PROPERTY_DEFINITION_REPRESENTATION(#1583,#1580);
#1579=REPRESENTATION('material name',(#1581),#2678);
#1580=REPRESENTATION('density',(#1576),#2678);
#1581=DESCRIPTIVE_REPRESENTATION_ITEM('Acier','Acier');
#1582=PROPERTY_DEFINITION('material property','material name',#2688);
#1583=PROPERTY_DEFINITION('material property','density of part',#2688);
#1584=AXIS2_PLACEMENT_3D('',#2188,#1732,#1733);
#1585=AXIS2_PLACEMENT_3D('',#2189,#1734,#1735);
#1586=AXIS2_PLACEMENT_3D('',#2198,#1740,#1741);
#1587=AXIS2_PLACEMENT_3D('',#2204,#1745,#1746);
#1588=AXIS2_PLACEMENT_3D('',#2213,#1750,#1751);
#1589=AXIS2_PLACEMENT_3D('',#2217,#1753,#1754);
#1590=AXIS2_PLACEMENT_3D('',#2220,#1756,#1757);
#1591=AXIS2_PLACEMENT_3D('',#2223,#1759,#1760);
#1592=AXIS2_PLACEMENT_3D('',#2224,#1761,#1762);
#1593=AXIS2_PLACEMENT_3D('',#2227,#1764,#1765);
#1594=AXIS2_PLACEMENT_3D('',#2228,#1766,#1767);
#1595=AXIS2_PLACEMENT_3D('',#2233,#1769,#1770);
#1596=AXIS2_PLACEMENT_3D('',#2238,#1773,#1774);
#1597=AXIS2_PLACEMENT_3D('',#2242,#1776,#1777);
#1598=AXIS2_PLACEMENT_3D('',#2246,#1780,#1781);
#1599=AXIS2_PLACEMENT_3D('',#2248,#1783,#1784);
#1600=AXIS2_PLACEMENT_3D('',#2254,#1788,#1789);
#1601=AXIS2_PLACEMENT_3D('',#2258,#1792,#1793);
#1602=AXIS2_PLACEMENT_3D('',#2261,#1795,#1796);
#1603=AXIS2_PLACEMENT_3D('',#2262,#1797,#1798);
#1604=AXIS2_PLACEMENT_3D('',#2266,#1800,#1801);
#1605=AXIS2_PLACEMENT_3D('',#2268,#1803,#1804);
#1606=AXIS2_PLACEMENT_3D('',#2270,#1806,#1807);
#1607=AXIS2_PLACEMENT_3D('',#2278,#1812,#1813);
#1608=AXIS2_PLACEMENT_3D('',#2284,#1817,#1818);
#1609=AXIS2_PLACEMENT_3D('',#2288,#1821,#1822);
#1610=AXIS2_PLACEMENT_3D('',#2289,#1823,#1824);
#1611=AXIS2_PLACEMENT_3D('',#2290,#1825,#1826);
#1612=AXIS2_PLACEMENT_3D('',#2294,#1828,#1829);
#1613=AXIS2_PLACEMENT_3D('',#2296,#1831,#1832);
#1614=AXIS2_PLACEMENT_3D('',#2298,#1834,#1835);
#1615=AXIS2_PLACEMENT_3D('',#2300,#1837,#1838);
#1616=AXIS2_PLACEMENT_3D('',#2304,#1841,#1842);
#1617=AXIS2_PLACEMENT_3D('',#2308,#1845,#1846);
#1618=AXIS2_PLACEMENT_3D('',#2310,#1848,#1849);
#1619=AXIS2_PLACEMENT_3D('',#2311,#1850,#1851);
#1620=AXIS2_PLACEMENT_3D('',#2320,#1855,#1856);
#1621=AXIS2_PLACEMENT_3D('',#2324,#1858,#1859);
#1622=AXIS2_PLACEMENT_3D('',#2336,#1865,#1866);
#1623=AXIS2_PLACEMENT_3D('',#2340,#1868,#1869);
#1624=AXIS2_PLACEMENT_3D('',#2344,#1872,#1873);
#1625=AXIS2_PLACEMENT_3D('',#2350,#1877,#1878);
#1626=AXIS2_PLACEMENT_3D('',#2354,#1881,#1882);
#1627=AXIS2_PLACEMENT_3D('',#2358,#1885,#1886);
#1628=AXIS2_PLACEMENT_3D('',#2365,#1891,#1892);
#1629=AXIS2_PLACEMENT_3D('',#2371,#1896,#1897);
#1630=AXIS2_PLACEMENT_3D('',#2382,#1904,#1905);
#1631=AXIS2_PLACEMENT_3D('',#2386,#1908,#1909);
#1632=AXIS2_PLACEMENT_3D('',#2390,#1912,#1913);
#1633=AXIS2_PLACEMENT_3D('',#2392,#1915,#1916);
#1634=AXIS2_PLACEMENT_3D('',#2398,#1920,#1921);
#1635=AXIS2_PLACEMENT_3D('',#2399,#1922,#1923);
#1636=AXIS2_PLACEMENT_3D('',#2400,#1924,#1925);
#1637=AXIS2_PLACEMENT_3D('',#2401,#1926,#1927);
#1638=AXIS2_PLACEMENT_3D('',#2402,#1928,#1929);
#1639=AXIS2_PLACEMENT_3D('',#2403,#1930,#1931);
#1640=AXIS2_PLACEMENT_3D('',#2404,#1932,#1933);
#1641=AXIS2_PLACEMENT_3D('',#2405,#1934,#1935);
#1642=AXIS2_PLACEMENT_3D('',#2410,#1937,#1938);
#1643=AXIS2_PLACEMENT_3D('',#2414,#1940,#1941);
#1644=AXIS2_PLACEMENT_3D('',#2418,#1943,#1944);
#1645=AXIS2_PLACEMENT_3D('',#2421,#1946,#1947);
#1646=AXIS2_PLACEMENT_3D('',#2422,#1948,#1949);
#1647=AXIS2_PLACEMENT_3D('',#2423,#1950,#1951);
#1648=AXIS2_PLACEMENT_3D('',#2424,#1952,#1953);
#1649=AXIS2_PLACEMENT_3D('',#2425,#1954,#1955);
#1650=AXIS2_PLACEMENT_3D('',#2427,#1956,#1957);
#1651=AXIS2_PLACEMENT_3D('',#2429,#1958,#1959);
#1652=AXIS2_PLACEMENT_3D('',#2430,#1960,#1961);
#1653=AXIS2_PLACEMENT_3D('',#2431,#1962,#1963);
#1654=AXIS2_PLACEMENT_3D('',#2434,#1965,#1966);
#1655=AXIS2_PLACEMENT_3D('',#2435,#1967,#1968);
#1656=AXIS2_PLACEMENT_3D('',#2437,#1969,#1970);
#1657=AXIS2_PLACEMENT_3D('',#2438,#1971,#1972);
#1658=AXIS2_PLACEMENT_3D('',#2439,#1973,#1974);
#1659=AXIS2_PLACEMENT_3D('',#2442,#1976,#1977);
#1660=AXIS2_PLACEMENT_3D('',#2443,#1978,#1979);
#1661=AXIS2_PLACEMENT_3D('',#2445,#1980,#1981);
#1662=AXIS2_PLACEMENT_3D('',#2446,#1982,#1983);
#1663=AXIS2_PLACEMENT_3D('',#2447,#1984,#1985);
#1664=AXIS2_PLACEMENT_3D('',#2450,#1987,#1988);
#1665=AXIS2_PLACEMENT_3D('',#2451,#1989,#1990);
#1666=AXIS2_PLACEMENT_3D('',#2453,#1991,#1992);
#1667=AXIS2_PLACEMENT_3D('',#2454,#1993,#1994);
#1668=AXIS2_PLACEMENT_3D('',#2455,#1995,#1996);
#1669=AXIS2_PLACEMENT_3D('',#2457,#1998,#1999);
#1670=AXIS2_PLACEMENT_3D('',#2460,#2000,#2001);
#1671=AXIS2_PLACEMENT_3D('',#2463,#2004,#2005);
#1672=AXIS2_PLACEMENT_3D('',#2467,#2008,#2009);
#1673=AXIS2_PLACEMENT_3D('',#2469,#2010,#2011);
#1674=AXIS2_PLACEMENT_3D('',#2471,#2013,#2014);
#1675=AXIS2_PLACEMENT_3D('',#2475,#2017,#2018);
#1676=AXIS2_PLACEMENT_3D('',#2477,#2019,#2020);
#1677=AXIS2_PLACEMENT_3D('',#2479,#2022,#2023);
#1678=AXIS2_PLACEMENT_3D('',#2483,#2026,#2027);
#1679=AXIS2_PLACEMENT_3D('',#2485,#2028,#2029);
#1680=AXIS2_PLACEMENT_3D('',#2487,#2031,#2032);
#1681=AXIS2_PLACEMENT_3D('',#2499,#2034,#2035);
#1682=AXIS2_PLACEMENT_3D('',#2501,#2036,#2037);
#1683=AXIS2_PLACEMENT_3D('',#2502,#2038,#2039);
#1684=AXIS2_PLACEMENT_3D('',#2503,#2040,#2041);
#1685=AXIS2_PLACEMENT_3D('',#2506,#2043,#2044);
#1686=AXIS2_PLACEMENT_3D('',#2517,#2045,#2046);
#1687=AXIS2_PLACEMENT_3D('',#2518,#2047,#2048);
#1688=AXIS2_PLACEMENT_3D('',#2519,#2049,#2050);
#1689=AXIS2_PLACEMENT_3D('',#2522,#2052,#2053);
#1690=AXIS2_PLACEMENT_3D('',#2533,#2054,#2055);
#1691=AXIS2_PLACEMENT_3D('',#2534,#2056,#2057);
#1692=AXIS2_PLACEMENT_3D('',#2535,#2058,#2059);
#1693=AXIS2_PLACEMENT_3D('',#2538,#2061,#2062);
#1694=AXIS2_PLACEMENT_3D('',#2549,#2063,#2064);
#1695=AXIS2_PLACEMENT_3D('',#2550,#2065,#2066);
#1696=AXIS2_PLACEMENT_3D('',#2551,#2067,#2068);
#1697=AXIS2_PLACEMENT_3D('',#2553,#2070,#2071);
#1698=AXIS2_PLACEMENT_3D('',#2554,#2072,#2073);
#1699=AXIS2_PLACEMENT_3D('',#2563,#2078,#2079);
#1700=AXIS2_PLACEMENT_3D('',#2565,#2080,#2081);
#1701=AXIS2_PLACEMENT_3D('',#2568,#2083,#2084);
#1702=AXIS2_PLACEMENT_3D('',#2569,#2085,#2086);
#1703=AXIS2_PLACEMENT_3D('',#2575,#2089,#2090);
#1704=AXIS2_PLACEMENT_3D('',#2579,#2092,#2093);
#1705=AXIS2_PLACEMENT_3D('',#2587,#2097,#2098);
#1706=AXIS2_PLACEMENT_3D('',#2589,#2100,#2101);
#1707=AXIS2_PLACEMENT_3D('',#2593,#2104,#2105);
#1708=AXIS2_PLACEMENT_3D('',#2597,#2107,#2108);
#1709=AXIS2_PLACEMENT_3D('',#2605,#2112,#2113);
#1710=AXIS2_PLACEMENT_3D('',#2609,#2115,#2116);
#1711=AXIS2_PLACEMENT_3D('',#2611,#2118,#2119);
#1712=AXIS2_PLACEMENT_3D('',#2621,#2125,#2126);
#1713=AXIS2_PLACEMENT_3D('',#2624,#2128,#2129);
#1714=AXIS2_PLACEMENT_3D('',#2625,#2130,#2131);
#1715=AXIS2_PLACEMENT_3D('',#2629,#2134,#2135);
#1716=AXIS2_PLACEMENT_3D('',#2633,#2138,#2139);
#1717=AXIS2_PLACEMENT_3D('',#2637,#2142,#2143);
#1718=AXIS2_PLACEMENT_3D('',#2640,#2145,#2146);
#1719=AXIS2_PLACEMENT_3D('',#2641,#2147,#2148);
#1720=AXIS2_PLACEMENT_3D('',#2643,#2150,#2151);
#1721=AXIS2_PLACEMENT_3D('',#2646,#2153,#2154);
#1722=AXIS2_PLACEMENT_3D('',#2647,#2155,#2156);
#1723=AXIS2_PLACEMENT_3D('',#2651,#2159,#2160);
#1724=AXIS2_PLACEMENT_3D('',#2655,#2163,#2164);
#1725=AXIS2_PLACEMENT_3D('',#2659,#2167,#2168);
#1726=AXIS2_PLACEMENT_3D('',#2661,#2169,#2170);
#1727=AXIS2_PLACEMENT_3D('',#2663,#2172,#2173);
#1728=AXIS2_PLACEMENT_3D('',#2669,#2177,#2178);
#1729=AXIS2_PLACEMENT_3D('',#2671,#2180,#2181);
#1730=AXIS2_PLACEMENT_3D('',#2673,#2183,#2184);
#1731=AXIS2_PLACEMENT_3D('',#2675,#2186,#2187);
#1732=DIRECTION('axis',(0.,0.,1.));
#1733=DIRECTION('refdir',(1.,0.,0.));
#1734=DIRECTION('center_axis',(0.,0.,1.));
#1735=DIRECTION('ref_axis',(1.,0.,0.));
#1736=DIRECTION('',(-1.,0.,0.));
#1737=DIRECTION('',(0.,-1.,0.));
#1738=DIRECTION('',(1.,0.,0.));
#1739=DIRECTION('',(0.,1.,0.));
#1740=DIRECTION('center_axis',(-1.,0.,0.));
#1741=DIRECTION('ref_axis',(0.,0.,1.));
#1742=DIRECTION('',(0.,0.,-1.));
#1743=DIRECTION('',(0.,-1.,0.));
#1744=DIRECTION('',(0.,0.,1.));
#1745=DIRECTION('center_axis',(0.,1.,0.));
#1746=DIRECTION('ref_axis',(0.,0.,1.));
#1747=DIRECTION('',(-1.,0.,0.));
#1748=DIRECTION('',(0.,0.,1.));
#1749=DIRECTION('',(1.,0.,0.));
#1750=DIRECTION('center_axis',(0.,1.,0.));
#1751=DIRECTION('ref_axis',(0.,0.,1.));
#1752=DIRECTION('',(0.,0.,1.));
#1753=DIRECTION('center_axis',(0.,-1.,0.));
#1754=DIRECTION('ref_axis',(0.,0.,1.));
#1755=DIRECTION('',(-1.,0.,0.));
#1756=DIRECTION('center_axis',(0.,-1.,0.));
#1757=DIRECTION('ref_axis',(0.,0.,-1.));
#1758=DIRECTION('',(0.,0.,-1.));
#1759=DIRECTION('center_axis',(0.,-1.,0.));
#1760=DIRECTION('ref_axis',(0.,0.,-1.));
#1761=DIRECTION('center_axis',(0.,-1.,0.));
#1762=DIRECTION('ref_axis',(0.,0.,-1.));
#1763=DIRECTION('',(0.,-1.,0.));
#1764=DIRECTION('center_axis',(0.,1.,0.));
#1765=DIRECTION('ref_axis',(0.,0.,-1.));
#1766=DIRECTION('center_axis',(0.,1.,0.));
#1767=DIRECTION('ref_axis',(0.,0.,1.));
#1768=DIRECTION('',(-1.,0.,0.));
#1769=DIRECTION('center_axis',(0.,-1.,0.));
#1770=DIRECTION('ref_axis',(0.,0.,-1.));
#1771=DIRECTION('',(0.,0.,1.));
#1772=DIRECTION('',(-1.,0.,0.));
#1773=DIRECTION('center_axis',(0.,1.,0.));
#1774=DIRECTION('ref_axis',(0.,0.,1.));
#1775=DIRECTION('',(0.,0.,-1.));
#1776=DIRECTION('center_axis',(0.,1.,0.));
#1777=DIRECTION('ref_axis',(0.,0.,1.));
#1778=DIRECTION('',(1.,0.,0.));
#1779=DIRECTION('',(0.,0.,1.));
#1780=DIRECTION('center_axis',(-8.69312887466248E-20,0.,-1.));
#1781=DIRECTION('ref_axis',(-1.,0.,8.69312887466248E-20));
#1782=DIRECTION('',(0.,-1.,0.));
#1783=DIRECTION('center_axis',(-1.,0.,0.));
#1784=DIRECTION('ref_axis',(0.,0.,1.));
#1785=DIRECTION('',(0.,-1.,0.));
#1786=DIRECTION('',(0.,0.,1.));
#1787=DIRECTION('',(0.,1.,0.));
#1788=DIRECTION('center_axis',(9.86864910777919E-16,0.,-1.));
#1789=DIRECTION('ref_axis',(-1.,0.,-9.86864910777919E-16));
#1790=DIRECTION('',(0.,-1.,0.));
#1791=DIRECTION('',(-1.,0.,-9.86864910777919E-16));
#1792=DIRECTION('center_axis',(0.,-1.,0.));
#1793=DIRECTION('ref_axis',(0.,0.,-1.));
#1794=DIRECTION('',(0.,1.,0.));
#1795=DIRECTION('center_axis',(0.,1.,0.));
#1796=DIRECTION('ref_axis',(0.,0.,-1.));
#1797=DIRECTION('center_axis',(0.,1.,0.));
#1798=DIRECTION('ref_axis',(0.,0.,1.));
#1799=DIRECTION('',(0.,-1.,0.));
#1800=DIRECTION('center_axis',(0.,1.,0.));
#1801=DIRECTION('ref_axis',(0.,0.,1.));
#1802=DIRECTION('',(0.,-1.,0.));
#1803=DIRECTION('center_axis',(-9.86864910777919E-16,0.,1.));
#1804=DIRECTION('ref_axis',(1.,0.,9.86864910777919E-16));
#1805=DIRECTION('',(1.,0.,9.86864910777919E-16));
#1806=DIRECTION('center_axis',(-1.,0.,0.));
#1807=DIRECTION('ref_axis',(0.,0.,1.));
#1808=DIRECTION('',(0.,1.,0.));
#1809=DIRECTION('',(0.,0.,-1.));
#1810=DIRECTION('',(0.,1.,0.));
#1811=DIRECTION('',(0.,0.,1.));
#1812=DIRECTION('center_axis',(-1.,0.,0.));
#1813=DIRECTION('ref_axis',(0.,0.,1.));
#1814=DIRECTION('',(0.,1.,0.));
#1815=DIRECTION('',(0.,0.,-1.));
#1816=DIRECTION('',(0.,-1.,0.));
#1817=DIRECTION('center_axis',(9.86864910777919E-16,0.,-1.));
#1818=DIRECTION('ref_axis',(-1.,0.,-9.86864910777919E-16));
#1819=DIRECTION('',(1.,0.,9.86864910777919E-16));
#1820=DIRECTION('',(0.,-1.,0.));
#1821=DIRECTION('center_axis',(0.,-1.,0.));
#1822=DIRECTION('ref_axis',(0.,0.,-1.));
#1823=DIRECTION('center_axis',(0.,-1.,0.));
#1824=DIRECTION('ref_axis',(0.,0.,-1.));
#1825=DIRECTION('center_axis',(0.,1.,0.));
#1826=DIRECTION('ref_axis',(0.,0.,1.));
#1827=DIRECTION('',(0.,-1.,0.));
#1828=DIRECTION('center_axis',(0.,-1.,0.));
#1829=DIRECTION('ref_axis',(0.,0.,1.));
#1830=DIRECTION('',(0.,-1.,0.));
#1831=DIRECTION('center_axis',(-9.86864910777919E-16,0.,1.));
#1832=DIRECTION('ref_axis',(1.,0.,9.86864910777919E-16));
#1833=DIRECTION('',(-1.,0.,-9.86864910777919E-16));
#1834=DIRECTION('center_axis',(0.,1.,0.));
#1835=DIRECTION('ref_axis',(0.,0.,1.));
#1836=DIRECTION('',(0.,-1.,0.));
#1837=DIRECTION('center_axis',(0.,1.,0.));
#1838=DIRECTION('ref_axis',(0.,0.,1.));
#1839=DIRECTION('',(-1.,0.,0.));
#1840=DIRECTION('',(0.,0.,-1.));
#1841=DIRECTION('center_axis',(0.,0.,-1.));
#1842=DIRECTION('ref_axis',(-1.,0.,0.));
#1843=DIRECTION('',(-1.,0.,0.));
#1844=DIRECTION('',(0.,-1.,0.));
#1845=DIRECTION('center_axis',(0.,-1.,0.));
#1846=DIRECTION('ref_axis',(0.,0.,-1.));
#1847=DIRECTION('',(0.,0.,1.));
#1848=DIRECTION('center_axis',(1.,0.,0.));
#1849=DIRECTION('ref_axis',(0.,0.,-1.));
#1850=DIRECTION('center_axis',(0.,0.,1.));
#1851=DIRECTION('ref_axis',(1.,0.,0.));
#1852=DIRECTION('',(0.,1.,0.));
#1853=DIRECTION('',(-1.,0.,0.));
#1854=DIRECTION('',(0.,1.,0.));
#1855=DIRECTION('center_axis',(0.,0.,1.));
#1856=DIRECTION('ref_axis',(1.,0.,0.));
#1857=DIRECTION('',(1.,0.,0.));
#1858=DIRECTION('center_axis',(0.,0.,1.));
#1859=DIRECTION('ref_axis',(1.,0.,0.));
#1860=DIRECTION('',(0.,-1.,0.));
#1861=DIRECTION('',(-1.,0.,0.));
#1862=DIRECTION('',(0.,-1.,0.));
#1863=DIRECTION('',(1.,0.,0.));
#1864=DIRECTION('',(0.,-1.,0.));
#1865=DIRECTION('center_axis',(0.,0.,1.));
#1866=DIRECTION('ref_axis',(1.,0.,0.));
#1867=DIRECTION('',(-1.,0.,0.));
#1868=DIRECTION('center_axis',(0.,0.,1.));
#1869=DIRECTION('ref_axis',(1.,0.,0.));
#1870=DIRECTION('',(0.,1.,0.));
#1871=DIRECTION('',(1.,0.,0.));
#1872=DIRECTION('center_axis',(5.86562843055448E-15,0.707106781186548,0.707106781186547));
#1873=DIRECTION('ref_axis',(0.,-0.707106781186547,0.707106781186548));
#1874=DIRECTION('',(1.,-4.14762563916568E-15,-4.14762563916568E-15));
#1875=DIRECTION('',(0.577350269189626,-0.577350269189627,0.577350269189624));
#1876=DIRECTION('',(0.,0.707106781186547,-0.707106781186548));
#1877=DIRECTION('center_axis',(-0.707106781186548,-8.97195690676443E-17,
0.707106781186547));
#1878=DIRECTION('ref_axis',(0.707106781186547,0.,0.707106781186548));
#1879=DIRECTION('',(-6.34413156928661E-17,1.,6.3441315692866E-17));
#1880=DIRECTION('',(0.577350269189626,0.577350269189626,0.577350269189626));
#1881=DIRECTION('center_axis',(-5.74713088650288E-15,-0.707106781186548,
0.707106781186547));
#1882=DIRECTION('ref_axis',(0.,-0.707106781186547,-0.707106781186548));
#1883=DIRECTION('',(-1.,4.06383522221284E-15,-4.06383522221284E-15));
#1884=DIRECTION('',(0.,0.707106781186547,0.707106781186548));
#1885=DIRECTION('center_axis',(1.,9.97953280561939E-17,0.));
#1886=DIRECTION('ref_axis',(-9.97953280561939E-17,1.,0.));
#1887=DIRECTION('',(0.,0.,1.));
#1888=DIRECTION('',(9.97953280561939E-17,-1.,0.));
#1889=DIRECTION('',(0.,0.,-1.));
#1890=DIRECTION('',(-9.97953280561939E-17,1.,0.));
#1891=DIRECTION('center_axis',(1.99590656112388E-16,-1.,0.));
#1892=DIRECTION('ref_axis',(1.,1.99590656112388E-16,0.));
#1893=DIRECTION('',(0.,0.,1.));
#1894=DIRECTION('',(-1.,-1.99590656112388E-16,0.));
#1895=DIRECTION('',(0.,0.,-1.));
#1896=DIRECTION('center_axis',(-1.,-1.99590656112388E-16,0.));
#1897=DIRECTION('ref_axis',(1.99590656112388E-16,-1.,0.));
#1898=DIRECTION('',(0.,0.,1.));
#1899=DIRECTION('',(-1.99590656112388E-16,1.,0.));
#1900=DIRECTION('',(0.,0.,-1.));
#1901=DIRECTION('',(0.,-0.707106781186547,0.707106781186548));
#1902=DIRECTION('',(1.99590656112388E-16,-1.,0.));
#1903=DIRECTION('',(0.,-0.707106781186547,-0.707106781186548));
#1904=DIRECTION('center_axis',(-2.36995088103211E-16,-0.707106781186548,
0.707106781186547));
#1905=DIRECTION('ref_axis',(0.,-0.707106781186547,-0.707106781186548));
#1906=DIRECTION('',(-1.,1.67580833905684E-16,-1.67580833905684E-16));
#1907=DIRECTION('',(-0.577350269189626,0.577350269189626,0.577350269189626));
#1908=DIRECTION('center_axis',(0.707106781186547,8.97195690676442E-17,0.707106781186548));
#1909=DIRECTION('ref_axis',(0.707106781186548,-6.16297582203915E-33,-0.707106781186547));
#1910=DIRECTION('',(6.3441315692866E-17,-1.,6.34413156928661E-17));
#1911=DIRECTION('',(-0.577350269189626,-0.577350269189627,0.577350269189625));
#1912=DIRECTION('center_axis',(2.96243860129014E-16,0.707106781186548,0.707106781186547));
#1913=DIRECTION('ref_axis',(0.,-0.707106781186547,0.707106781186548));
#1914=DIRECTION('',(1.,-2.09476042382105E-16,-2.09476042382105E-16));
#1915=DIRECTION('center_axis',(-1.99590656112388E-16,1.,0.));
#1916=DIRECTION('ref_axis',(-1.,-1.99590656112388E-16,0.));
#1917=DIRECTION('',(0.,0.,1.));
#1918=DIRECTION('',(1.,1.99590656112388E-16,0.));
#1919=DIRECTION('',(0.,0.,-1.));
#1920=DIRECTION('center_axis',(0.,0.,-1.));
#1921=DIRECTION('ref_axis',(-1.,0.,0.));
#1922=DIRECTION('center_axis',(0.,0.,1.));
#1923=DIRECTION('ref_axis',(1.,0.,0.));
#1924=DIRECTION('center_axis',(0.,0.,-1.));
#1925=DIRECTION('ref_axis',(1.,0.,0.));
#1926=DIRECTION('center_axis',(0.,0.,1.));
#1927=DIRECTION('ref_axis',(1.,0.,0.));
#1928=DIRECTION('center_axis',(0.,0.,-1.));
#1929=DIRECTION('ref_axis',(1.,0.,0.));
#1930=DIRECTION('center_axis',(0.,0.,-1.));
#1931=DIRECTION('ref_axis',(-1.,0.,0.));
#1932=DIRECTION('center_axis',(0.,0.,-1.));
#1933=DIRECTION('ref_axis',(1.,0.,0.));
#1934=DIRECTION('center_axis',(0.,0.,-1.));
#1935=DIRECTION('ref_axis',(1.,0.,0.));
#1936=DIRECTION('',(0.,-1.,0.));
#1937=DIRECTION('center_axis',(-2.7552753760975E-15,2.75527537609751E-15,
1.));
#1938=DIRECTION('ref_axis',(-1.,1.25539967173741E-14,-2.28254485770438E-15));
#1939=DIRECTION('',(-1.,0.,0.));
#1940=DIRECTION('center_axis',(2.75527537609748E-15,2.75527537609749E-15,
1.));
#1941=DIRECTION('ref_axis',(3.42381728655657E-15,1.,-2.28254485770438E-15));
#1942=DIRECTION('',(0.,1.,0.));
#1943=DIRECTION('center_axis',(0.,0.,1.));
#1944=DIRECTION('ref_axis',(1.,3.4238172865566E-15,0.));
#1945=DIRECTION('',(1.,0.,0.));
#1946=DIRECTION('center_axis',(0.,0.,1.));
#1947=DIRECTION('ref_axis',(3.4238172865566E-15,-1.,0.));
#1948=DIRECTION('center_axis',(0.,0.,1.));
#1949=DIRECTION('ref_axis',(1.,0.,0.));
#1950=DIRECTION('center_axis',(0.,0.,-1.));
#1951=DIRECTION('ref_axis',(-1.,0.,0.));
#1952=DIRECTION('center_axis',(0.,0.,1.));
#1953=DIRECTION('ref_axis',(1.,0.,0.));
#1954=DIRECTION('center_axis',(4.636628569334E-15,1.04571411337379E-15,
1.));
#1955=DIRECTION('ref_axis',(1.,0.,-4.54390993243795E-15));
#1956=DIRECTION('center_axis',(-1.,6.12323399573677E-17,0.));
#1957=DIRECTION('ref_axis',(-6.12323399573677E-17,-1.,0.));
#1958=DIRECTION('center_axis',(0.,0.,1.));
#1959=DIRECTION('ref_axis',(-1.,0.,0.));
#1960=DIRECTION('center_axis',(0.,-1.,0.));
#1961=DIRECTION('ref_axis',(-1.,0.,0.));
#1962=DIRECTION('center_axis',(2.99385984168582E-16,-1.,0.));
#1963=DIRECTION('ref_axis',(1.,2.99385984168582E-16,0.));
#1964=DIRECTION('',(2.99385984168582E-16,-1.,0.));
#1965=DIRECTION('center_axis',(2.99385984168582E-16,-1.,0.));
#1966=DIRECTION('ref_axis',(1.,2.99385984168582E-16,0.));
#1967=DIRECTION('center_axis',(1.56857117006052E-15,-6.95494285400076E-15,
1.));
#1968=DIRECTION('ref_axis',(1.,0.,-1.51463664414599E-15));
#1969=DIRECTION('center_axis',(0.,0.,1.));
#1970=DIRECTION('ref_axis',(-2.05478373036459E-15,1.,0.));
#1971=DIRECTION('center_axis',(-1.,-1.82603588616352E-15,0.));
#1972=DIRECTION('ref_axis',(-1.82603588616352E-15,1.,0.));
#1973=DIRECTION('center_axis',(-1.,-2.99385984168581E-16,0.));
#1974=DIRECTION('ref_axis',(2.99385984168581E-16,-1.,0.));
#1975=DIRECTION('',(-1.,-2.99385984168581E-16,0.));
#1976=DIRECTION('center_axis',(-1.,-2.99385984168581E-16,0.));
#1977=DIRECTION('ref_axis',(2.99385984168581E-16,-1.,0.));
#1978=DIRECTION('center_axis',(-2.31831428466696E-15,-5.22857056686874E-16,
1.));
#1979=DIRECTION('ref_axis',(1.,0.,3.02927328829201E-15));
#1980=DIRECTION('center_axis',(0.,0.,1.));
#1981=DIRECTION('ref_axis',(1.,4.10956746072916E-15,0.));
#1982=DIRECTION('center_axis',(-5.47810765849053E-15,1.,0.));
#1983=DIRECTION('ref_axis',(1.,5.47810765849053E-15,0.));
#1984=DIRECTION('center_axis',(-9.97953280561939E-17,1.,0.));
#1985=DIRECTION('ref_axis',(-1.,-9.97953280561939E-17,0.));
#1986=DIRECTION('',(-9.97953280561939E-17,1.,0.));
#1987=DIRECTION('center_axis',(-9.97953280561939E-17,1.,0.));
#1988=DIRECTION('ref_axis',(-1.,-9.97953280561939E-17,0.));
#1989=DIRECTION('center_axis',(2.04532373694405E-14,-2.27153989095495E-14,
1.));
#1990=DIRECTION('ref_axis',(1.,0.,-2.04475946959738E-14));
#1991=DIRECTION('center_axis',(0.,0.,1.));
#1992=DIRECTION('ref_axis',(0.,-1.,0.));
#1993=DIRECTION('center_axis',(1.,0.,0.));
#1994=DIRECTION('ref_axis',(0.,-1.,0.));
#1995=DIRECTION('center_axis',(1.,2.99385984168581E-16,0.));
#1996=DIRECTION('ref_axis',(-2.99385984168581E-16,1.,0.));
#1997=DIRECTION('',(1.,2.99385984168581E-16,0.));
#1998=DIRECTION('center_axis',(0.,0.,-1.));
#1999=DIRECTION('ref_axis',(-1.,0.,0.));
#2000=DIRECTION('center_axis',(0.,0.,-1.));
#2001=DIRECTION('ref_axis',(1.,0.,0.));
#2002=DIRECTION('',(-0.766044443118986,-9.38133875270282E-17,-0.64278760968653));
#2003=DIRECTION('',(-4.69066937635141E-17,0.766044443118986,0.64278760968653));
#2004=DIRECTION('center_axis',(0.64278760968653,1.92441601137372E-16,-0.766044443118986));
#2005=DIRECTION('ref_axis',(-0.766044443118986,0.,-0.64278760968653));
#2006=DIRECTION('',(1.2369907679934E-16,-1.,-1.47418819176204E-16));
#2007=DIRECTION('',(0.766044443118986,0.,0.64278760968653));
#2008=DIRECTION('center_axis',(0.,0.,-1.));
#2009=DIRECTION('ref_axis',(-1.,0.,0.));
#2010=DIRECTION('center_axis',(0.,0.,-1.));
#2011=DIRECTION('ref_axis',(2.47070801386189E-15,-1.,0.));
#2012=DIRECTION('',(-1.11575392276043E-16,0.766044443118986,-0.64278760968653));
#2013=DIRECTION('center_axis',(1.92441601137372E-16,-0.64278760968653,-0.766044443118986));
#2014=DIRECTION('ref_axis',(0.,0.766044443118986,-0.64278760968653));
#2015=DIRECTION('',(-1.,-1.2369907679934E-16,-1.47418819176204E-16));
#2016=DIRECTION('',(0.,-0.766044443118986,0.64278760968653));
#2017=DIRECTION('center_axis',(0.,0.,-1.));
#2018=DIRECTION('ref_axis',(-1.,0.,0.));
#2019=DIRECTION('center_axis',(0.,0.,-1.));
#2020=DIRECTION('ref_axis',(-1.,-7.41212404398601E-15,0.));
#2021=DIRECTION('',(0.766044443118986,4.30113004050715E-14,-0.64278760968653));
#2022=DIRECTION('center_axis',(-0.64278760968653,-6.41472003791239E-17,
-0.766044443118986));
#2023=DIRECTION('ref_axis',(-0.766044443118986,0.,0.64278760968653));
#2024=DIRECTION('',(-4.12330255997799E-17,1.,-4.9139606392068E-17));
#2025=DIRECTION('',(-0.766044443118986,0.,0.64278760968653));
#2026=DIRECTION('center_axis',(0.,0.,-1.));
#2027=DIRECTION('ref_axis',(-1.,0.,0.));
#2028=DIRECTION('center_axis',(0.,0.,-1.));
#2029=DIRECTION('ref_axis',(0.,1.,0.));
#2030=DIRECTION('',(-2.06579029712122E-14,-0.766044443118986,-0.64278760968653));
#2031=DIRECTION('center_axis',(-1.92441601137372E-16,0.64278760968653,-0.766044443118986));
#2032=DIRECTION('ref_axis',(0.,0.766044443118986,0.64278760968653));
#2033=DIRECTION('',(1.,1.2369907679934E-16,-1.47418819176204E-16));
#2034=DIRECTION('center_axis',(-1.,6.12323399573677E-17,0.));
#2035=DIRECTION('ref_axis',(-6.12323399573677E-17,-1.,0.));
#2036=DIRECTION('center_axis',(0.,0.,1.));
#2037=DIRECTION('ref_axis',(1.,0.,0.));
#2038=DIRECTION('center_axis',(0.,-1.,0.));
#2039=DIRECTION('ref_axis',(0.,0.,1.));
#2040=DIRECTION('center_axis',(-2.99385984168582E-16,1.,0.));
#2041=DIRECTION('ref_axis',(-1.,-2.99385984168582E-16,0.));
#2042=DIRECTION('',(-2.99385984168582E-16,1.,0.));
#2043=DIRECTION('center_axis',(2.99385984168582E-16,-1.,0.));
#2044=DIRECTION('ref_axis',(-1.,-2.99385984168582E-16,1.73472347597681E-15));
#2045=DIRECTION('center_axis',(0.,0.,-1.));
#2046=DIRECTION('ref_axis',(1.,0.,0.));
#2047=DIRECTION('center_axis',(-1.,0.,0.));
#2048=DIRECTION('ref_axis',(0.,0.,-1.));
#2049=DIRECTION('center_axis',(1.,2.99385984168581E-16,0.));
#2050=DIRECTION('ref_axis',(-2.99385984168581E-16,1.,0.));
#2051=DIRECTION('',(1.,2.99385984168581E-16,0.));
#2052=DIRECTION('center_axis',(-1.,-2.99385984168581E-16,0.));
#2053=DIRECTION('ref_axis',(-2.99385984168581E-16,1.,1.73472347597681E-15));
#2054=DIRECTION('center_axis',(0.,0.,-1.));
#2055=DIRECTION('ref_axis',(1.,0.,0.));
#2056=DIRECTION('center_axis',(-5.98822477706721E-14,1.,0.));
#2057=DIRECTION('ref_axis',(1.,5.98822477706721E-14,8.67361737988404E-16));
#2058=DIRECTION('center_axis',(9.97953280561939E-17,-1.,0.));
#2059=DIRECTION('ref_axis',(1.,9.97953280561939E-17,0.));
#2060=DIRECTION('',(9.97953280561939E-17,-1.,0.));
#2061=DIRECTION('center_axis',(-9.97953280561939E-17,1.,0.));
#2062=DIRECTION('ref_axis',(1.,9.97953280561939E-17,1.73472347597681E-15));
#2063=DIRECTION('center_axis',(0.,0.,-1.));
#2064=DIRECTION('ref_axis',(1.,0.,0.));
#2065=DIRECTION('center_axis',(1.,-2.99411238853369E-14,0.));
#2066=DIRECTION('ref_axis',(-2.99411238853369E-14,-1.,0.));
#2067=DIRECTION('center_axis',(-1.,-2.99385984168581E-16,0.));
#2068=DIRECTION('ref_axis',(2.99385984168581E-16,-1.,0.));
#2069=DIRECTION('',(-1.,-2.99385984168581E-16,0.));
#2070=DIRECTION('center_axis',(0.,0.,1.));
#2071=DIRECTION('ref_axis',(1.,0.,0.));
#2072=DIRECTION('center_axis',(0.,0.,1.));
#2073=DIRECTION('ref_axis',(1.,0.,0.));
#2074=DIRECTION('',(-1.,0.,0.));
#2075=DIRECTION('',(0.,-1.,0.));
#2076=DIRECTION('',(1.,0.,0.));
#2077=DIRECTION('',(0.,1.,0.));
#2078=DIRECTION('center_axis',(0.,-1.,0.));
#2079=DIRECTION('ref_axis',(0.,0.,-1.));
#2080=DIRECTION('center_axis',(0.,-1.,0.));
#2081=DIRECTION('ref_axis',(0.,0.,-1.));
#2082=DIRECTION('',(0.,1.,0.));
#2083=DIRECTION('center_axis',(0.,1.,0.));
#2084=DIRECTION('ref_axis',(0.,0.,-1.));
#2085=DIRECTION('center_axis',(0.,1.,0.));
#2086=DIRECTION('ref_axis',(0.,0.,1.));
#2087=DIRECTION('',(0.,0.,-1.));
#2088=DIRECTION('',(-1.,0.,0.));
#2089=DIRECTION('center_axis',(0.,-1.,0.));
#2090=DIRECTION('ref_axis',(0.,0.,1.));
#2091=DIRECTION('',(0.,0.,-1.));
#2092=DIRECTION('center_axis',(0.,1.,0.));
#2093=DIRECTION('ref_axis',(0.,0.,1.));
#2094=DIRECTION('',(1.,0.,0.));
#2095=DIRECTION('',(0.,0.,-1.));
#2096=DIRECTION('',(-1.,0.,0.));
#2097=DIRECTION('center_axis',(0.,-1.,0.));
#2098=DIRECTION('ref_axis',(0.,0.,-1.));
#2099=DIRECTION('',(0.,0.,-1.));
#2100=DIRECTION('center_axis',(1.,0.,0.));
#2101=DIRECTION('ref_axis',(0.,0.,-1.));
#2102=DIRECTION('',(0.,0.,-1.));
#2103=DIRECTION('',(0.,1.,0.));
#2104=DIRECTION('center_axis',(0.,1.,0.));
#2105=DIRECTION('ref_axis',(0.,0.,1.));
#2106=DIRECTION('',(0.,0.,-1.));
#2107=DIRECTION('center_axis',(0.,-1.,0.));
#2108=DIRECTION('ref_axis',(0.,0.,-1.));
#2109=DIRECTION('',(-1.,0.,0.));
#2110=DIRECTION('',(0.,0.,-1.));
#2111=DIRECTION('',(1.,0.,0.));
#2112=DIRECTION('center_axis',(0.,1.,0.));
#2113=DIRECTION('ref_axis',(0.,0.,1.));
#2114=DIRECTION('',(0.,0.,1.));
#2115=DIRECTION('center_axis',(0.,1.,0.));
#2116=DIRECTION('ref_axis',(0.,0.,1.));
#2117=DIRECTION('',(-1.,0.,0.));
#2118=DIRECTION('center_axis',(1.,0.,0.));
#2119=DIRECTION('ref_axis',(0.,0.,-1.));
#2120=DIRECTION('',(0.,0.,-1.));
#2121=DIRECTION('',(0.,-1.,0.));
#2122=DIRECTION('',(0.,0.,1.));
#2123=DIRECTION('',(0.,-1.,0.));
#2124=DIRECTION('',(0.,-1.,0.));
#2125=DIRECTION('center_axis',(0.,-1.,0.));
#2126=DIRECTION('ref_axis',(0.,0.,-1.));
#2127=DIRECTION('',(0.,1.,0.));
#2128=DIRECTION('center_axis',(0.,1.,0.));
#2129=DIRECTION('ref_axis',(0.,0.,-1.));
#2130=DIRECTION('center_axis',(0.,0.,-1.));
#2131=DIRECTION('ref_axis',(-1.,0.,0.));
#2132=DIRECTION('',(0.,-1.,0.));
#2133=DIRECTION('',(-1.,0.,0.));
#2134=DIRECTION('center_axis',(1.,0.,0.));
#2135=DIRECTION('ref_axis',(0.,0.,-1.));
#2136=DIRECTION('',(0.,-1.,0.));
#2137=DIRECTION('',(0.,0.,-1.));
#2138=DIRECTION('center_axis',(0.,0.,1.));
#2139=DIRECTION('ref_axis',(1.,0.,0.));
#2140=DIRECTION('',(0.,-1.,0.));
#2141=DIRECTION('',(1.,0.,0.));
#2142=DIRECTION('center_axis',(0.,1.,0.));
#2143=DIRECTION('ref_axis',(0.,0.,1.));
#2144=DIRECTION('',(0.,1.,0.));
#2145=DIRECTION('center_axis',(0.,1.,0.));
#2146=DIRECTION('ref_axis',(0.,0.,1.));
#2147=DIRECTION('center_axis',(-1.47345741488666E-19,0.,-1.));
#2148=DIRECTION('ref_axis',(-1.,0.,1.47345741488666E-19));
#2149=DIRECTION('',(0.,1.,0.));
#2150=DIRECTION('center_axis',(0.,-1.,0.));
#2151=DIRECTION('ref_axis',(0.,0.,-1.));
#2152=DIRECTION('',(0.,1.,0.));
#2153=DIRECTION('center_axis',(0.,-1.,0.));
#2154=DIRECTION('ref_axis',(0.,0.,-1.));
#2155=DIRECTION('center_axis',(0.,0.,-1.));
#2156=DIRECTION('ref_axis',(-1.,0.,0.));
#2157=DIRECTION('',(1.,0.,0.));
#2158=DIRECTION('',(0.,-1.,0.));
#2159=DIRECTION('center_axis',(1.,0.,0.));
#2160=DIRECTION('ref_axis',(0.,0.,-1.));
#2161=DIRECTION('',(0.,0.,1.));
#2162=DIRECTION('',(0.,-1.,0.));
#2163=DIRECTION('center_axis',(0.,0.,1.));
#2164=DIRECTION('ref_axis',(1.,0.,0.));
#2165=DIRECTION('',(-1.,0.,0.));
#2166=DIRECTION('',(0.,-1.,0.));
#2167=DIRECTION('center_axis',(0.,1.,0.));
#2168=DIRECTION('ref_axis',(0.,0.,1.));
#2169=DIRECTION('center_axis',(0.,-1.,0.));
#2170=DIRECTION('ref_axis',(0.,0.,1.));
#2171=DIRECTION('',(0.,1.,0.));
#2172=DIRECTION('center_axis',(0.,0.,-1.));
#2173=DIRECTION('ref_axis',(-1.,0.,0.));
#2174=DIRECTION('',(-1.,0.,0.));
#2175=DIRECTION('',(1.,0.,0.));
#2176=DIRECTION('',(0.,1.,0.));
#2177=DIRECTION('center_axis',(0.,1.,0.));
#2178=DIRECTION('ref_axis',(0.,0.,1.));
#2179=DIRECTION('',(0.,0.,1.));
#2180=DIRECTION('center_axis',(0.,-1.,0.));
#2181=DIRECTION('ref_axis',(0.,0.,-1.));
#2182=DIRECTION('',(0.,0.,-1.));
#2183=DIRECTION('center_axis',(0.,1.,0.));
#2184=DIRECTION('ref_axis',(0.,0.,1.));
#2185=DIRECTION('',(0.,1.,0.));
#2186=DIRECTION('center_axis',(-1.,0.,0.));
#2187=DIRECTION('ref_axis',(0.,0.,1.));
#2188=CARTESIAN_POINT('',(0.,0.,0.));
#2189=CARTESIAN_POINT('Origin',(2.7,-1.65,0.2));
#2190=CARTESIAN_POINT('',(5.35,1.65,0.2));
#2191=CARTESIAN_POINT('',(2.7,1.65,0.2));
#2192=CARTESIAN_POINT('',(2.7,1.65,0.2));
#2193=CARTESIAN_POINT('',(2.7,-1.65,0.2));
#2194=CARTESIAN_POINT('',(2.7,-1.65,0.2));
#2195=CARTESIAN_POINT('',(5.35,-1.65,0.2));
#2196=CARTESIAN_POINT('',(2.7,-1.65,0.2));
#2197=CARTESIAN_POINT('',(5.35,-1.65,0.2));
#2198=CARTESIAN_POINT('Origin',(2.7,-1.65,-2.23181356404148E-21));
#2199=CARTESIAN_POINT('',(2.7,1.65,-7.902111862356E-20));
#2200=CARTESIAN_POINT('',(2.7,1.65,-2.23181356404148E-21));
#2201=CARTESIAN_POINT('',(2.7,-1.65,-7.902111862356E-20));
#2202=CARTESIAN_POINT('',(2.7,-1.65,-2.23181356404148E-21));
#2203=CARTESIAN_POINT('',(2.7,-1.65,-2.23181356404148E-21));
#2204=CARTESIAN_POINT('Origin',(0.,1.65,0.));
#2205=CARTESIAN_POINT('',(5.35,1.65,1.85));
#2206=CARTESIAN_POINT('',(4.9,1.65,1.85));
#2207=CARTESIAN_POINT('',(0.,1.65,1.85));
#2208=CARTESIAN_POINT('',(4.9,1.65,2.05));
#2209=CARTESIAN_POINT('',(4.9,1.65,0.));
#2210=CARTESIAN_POINT('',(5.35,1.65,2.05));
#2211=CARTESIAN_POINT('',(0.,1.65,2.05));
#2212=CARTESIAN_POINT('',(5.75,1.65,1.65));
#2213=CARTESIAN_POINT('Origin',(5.35,1.65,1.65));
#2214=CARTESIAN_POINT('',(5.75,1.65,0.4));
#2215=CARTESIAN_POINT('',(5.75,1.65,1.65));
#2216=CARTESIAN_POINT('',(5.35,1.65,-1.16299864371299E-19));
#2217=CARTESIAN_POINT('Origin',(5.35,1.65,0.4));
#2218=CARTESIAN_POINT('',(0.,1.65,-2.32599728742597E-19));
#2219=CARTESIAN_POINT('',(5.55,1.65,0.4));
#2220=CARTESIAN_POINT('Origin',(5.35,1.65,0.4));
#2221=CARTESIAN_POINT('',(5.55,1.65,1.65));
#2222=CARTESIAN_POINT('',(5.55,1.65,0.4));
#2223=CARTESIAN_POINT('Origin',(5.35,1.65,1.65));
#2224=CARTESIAN_POINT('Origin',(5.35,-1.65,0.4));
#2225=CARTESIAN_POINT('',(5.55,-1.65,0.4));
#2226=CARTESIAN_POINT('',(5.55,-1.65,0.4));
#2227=CARTESIAN_POINT('Origin',(5.35,-1.65,0.4));
#2228=CARTESIAN_POINT('Origin',(0.,-1.65,0.));
#2229=CARTESIAN_POINT('',(5.35,-1.65,1.85));
#2230=CARTESIAN_POINT('',(4.9,-1.65,1.85));
#2231=CARTESIAN_POINT('',(0.,-1.65,1.85));
#2232=CARTESIAN_POINT('',(5.55,-1.65,1.65));
#2233=CARTESIAN_POINT('Origin',(5.35,-1.65,1.65));
#2234=CARTESIAN_POINT('',(5.55,-1.65,0.));
#2235=CARTESIAN_POINT('',(5.35,-1.65,-1.16299864371299E-19));
#2236=CARTESIAN_POINT('',(0.,-1.65,-2.32599728742597E-19));
#2237=CARTESIAN_POINT('',(5.75,-1.65,0.4));
#2238=CARTESIAN_POINT('Origin',(5.35,-1.65,0.4));
#2239=CARTESIAN_POINT('',(5.75,-1.65,1.65));
#2240=CARTESIAN_POINT('',(5.75,-1.65,1.65));
#2241=CARTESIAN_POINT('',(5.35,-1.65,2.05));
#2242=CARTESIAN_POINT('Origin',(5.35,-1.65,1.65));
#2243=CARTESIAN_POINT('',(4.9,-1.65,2.05));
#2244=CARTESIAN_POINT('',(0.,-1.65,2.05));
#2245=CARTESIAN_POINT('',(4.9,-1.65,0.));
#2246=CARTESIAN_POINT('Origin',(5.35,-1.65,-2.32599728742597E-19));
#2247=CARTESIAN_POINT('',(5.35,-1.65,-2.32599728742597E-19));
#2248=CARTESIAN_POINT('Origin',(4.9,-1.65,1.85));
#2249=CARTESIAN_POINT('',(4.9,0.5,1.85));
#2250=CARTESIAN_POINT('',(4.9,-1.65,1.85));
#2251=CARTESIAN_POINT('',(4.9,0.5,2.05));
#2252=CARTESIAN_POINT('',(4.9,0.5,1.85));
#2253=CARTESIAN_POINT('',(4.9,-1.65,2.05));
#2254=CARTESIAN_POINT('Origin',(5.35,-1.65,1.85));
#2255=CARTESIAN_POINT('',(5.35,0.5,1.85));
#2256=CARTESIAN_POINT('',(5.35,-1.65,1.85));
#2257=CARTESIAN_POINT('',(5.35,0.5,1.85));
#2258=CARTESIAN_POINT('Origin',(5.35,-1.65,1.65));
#2259=CARTESIAN_POINT('',(5.55,0.5,1.65));
#2260=CARTESIAN_POINT('',(5.55,-1.65,1.65));
#2261=CARTESIAN_POINT('Origin',(5.35,0.5,1.65));
#2262=CARTESIAN_POINT('Origin',(5.35,-1.65,1.65));
#2263=CARTESIAN_POINT('',(5.35,0.5,2.05));
#2264=CARTESIAN_POINT('',(5.35,-1.65,2.05));
#2265=CARTESIAN_POINT('',(5.75,0.5,1.65));
#2266=CARTESIAN_POINT('Origin',(5.35,0.5,1.65));
#2267=CARTESIAN_POINT('',(5.75,-1.65,1.65));
#2268=CARTESIAN_POINT('Origin',(4.9,-1.65,2.05));
#2269=CARTESIAN_POINT('',(4.9,0.5,2.05));
#2270=CARTESIAN_POINT('Origin',(5.55,-1.65,0.4));
#2271=CARTESIAN_POINT('',(5.55,-0.5,1.65));
#2272=CARTESIAN_POINT('',(5.55,-1.65,1.65));
#2273=CARTESIAN_POINT('',(5.55,-0.5,1.4));
#2274=CARTESIAN_POINT('',(5.55,-0.5,0.4));
#2275=CARTESIAN_POINT('',(5.55,0.5,1.4));
#2276=CARTESIAN_POINT('',(5.55,-1.65,1.4));
#2277=CARTESIAN_POINT('',(5.55,0.5,0.4));
#2278=CARTESIAN_POINT('Origin',(4.9,-1.65,1.85));
#2279=CARTESIAN_POINT('',(4.9,-0.5,2.05));
#2280=CARTESIAN_POINT('',(4.9,-1.65,2.05));
#2281=CARTESIAN_POINT('',(4.9,-0.5,1.85));
#2282=CARTESIAN_POINT('',(4.9,-0.5,1.85));
#2283=CARTESIAN_POINT('',(4.9,-1.65,1.85));
#2284=CARTESIAN_POINT('Origin',(5.35,-1.65,1.85));
#2285=CARTESIAN_POINT('',(5.35,-0.5,1.85));
#2286=CARTESIAN_POINT('',(5.35,-0.5,1.85));
#2287=CARTESIAN_POINT('',(5.35,-1.65,1.85));
#2288=CARTESIAN_POINT('Origin',(5.35,-1.65,1.65));
#2289=CARTESIAN_POINT('Origin',(5.35,-0.5,1.65));
#2290=CARTESIAN_POINT('Origin',(5.35,-1.65,1.65));
#2291=CARTESIAN_POINT('',(5.75,-0.5,1.65));
#2292=CARTESIAN_POINT('',(5.75,-1.65,1.65));
#2293=CARTESIAN_POINT('',(5.35,-0.5,2.05));
#2294=CARTESIAN_POINT('Origin',(5.35,-0.5,1.65));
#2295=CARTESIAN_POINT('',(5.35,-1.65,2.05));
#2296=CARTESIAN_POINT('Origin',(4.9,-1.65,2.05));
#2297=CARTESIAN_POINT('',(4.9,-0.5,2.05));
#2298=CARTESIAN_POINT('Origin',(5.35,-1.65,0.4));
#2299=CARTESIAN_POINT('',(5.75,-1.65,0.4));
#2300=CARTESIAN_POINT('Origin',(5.75,0.5,2.05));
#2301=CARTESIAN_POINT('',(5.75,0.5,1.4));
#2302=CARTESIAN_POINT('',(5.75,0.5,1.4));
#2303=CARTESIAN_POINT('',(5.75,0.5,2.05));
#2304=CARTESIAN_POINT('Origin',(5.75,0.5,1.4));
#2305=CARTESIAN_POINT('',(5.75,-0.5,1.4));
#2306=CARTESIAN_POINT('',(5.75,-0.5,1.4));
#2307=CARTESIAN_POINT('',(5.75,0.5,1.4));
#2308=CARTESIAN_POINT('Origin',(5.75,-0.5,1.4));
#2309=CARTESIAN_POINT('',(5.75,-0.5,1.4));
#2310=CARTESIAN_POINT('Origin',(5.75,-1.65,1.65));
#2311=CARTESIAN_POINT('Origin',(0.,0.,0.1));
#2312=CARTESIAN_POINT('',(2.47,-1.88000000000026,0.0999999999999995));
#2313=CARTESIAN_POINT('',(2.47,1.87999999999975,0.100000000000001));
#2314=CARTESIAN_POINT('',(2.47,0.,0.1));
#2315=CARTESIAN_POINT('',(5.15,-1.88000000000027,0.0999999999999998));
#2316=CARTESIAN_POINT('',(0.,-1.88000000000027,0.1));
#2317=CARTESIAN_POINT('',(5.15,-4.45,0.1));
#2318=CARTESIAN_POINT('',(5.15,0.,0.1));
#2319=CARTESIAN_POINT('',(4.45,-5.15,0.1));
#2320=CARTESIAN_POINT('Origin',(4.45,-4.45,0.1));
#2321=CARTESIAN_POINT('',(-4.45,-5.15,0.1));
#2322=CARTESIAN_POINT('',(0.,-5.15,0.1));
#2323=CARTESIAN_POINT('',(-5.15,-4.45,0.1));
#2324=CARTESIAN_POINT('Origin',(-4.45,-4.45,0.1));
#2325=CARTESIAN_POINT('',(-5.15,-1.87999999999999,0.1));
#2326=CARTESIAN_POINT('',(-5.15,0.,0.1));
#2327=CARTESIAN_POINT('',(-2.47,-1.87999999999999,0.1));
#2328=CARTESIAN_POINT('',(0.,-1.87999999999999,0.1));
#2329=CARTESIAN_POINT('',(-2.47,1.88000000000001,0.1));
#2330=CARTESIAN_POINT('',(-2.47,0.,0.1));
#2331=CARTESIAN_POINT('',(-5.15,1.88000000000001,0.1));
#2332=CARTESIAN_POINT('',(0.,1.88000000000001,0.1));
#2333=CARTESIAN_POINT('',(-5.15,4.45,0.1));
#2334=CARTESIAN_POINT('',(-5.15,0.,0.1));
#2335=CARTESIAN_POINT('',(-4.45,5.15,0.1));
#2336=CARTESIAN_POINT('Origin',(-4.45,4.45,0.1));
#2337=CARTESIAN_POINT('',(4.45,5.15,0.1));
#2338=CARTESIAN_POINT('',(0.,5.15,0.1));
#2339=CARTESIAN_POINT('',(5.15,4.45,0.1));
#2340=CARTESIAN_POINT('Origin',(4.45,4.45,0.1));
#2341=CARTESIAN_POINT('',(5.15,1.87999999999975,0.0999999999999964));
#2342=CARTESIAN_POINT('',(5.15,0.,0.1));
#2343=CARTESIAN_POINT('',(0.,1.87999999999975,0.1));
#2344=CARTESIAN_POINT('Origin',(2.6,1.74999999999975,0.23));
#2345=CARTESIAN_POINT('',(2.6,1.74999999999975,0.23));
#2346=CARTESIAN_POINT('',(5.15,1.74999999999974,0.229999999999993));
#2347=CARTESIAN_POINT('',(2.6,1.74999999999975,0.23));
#2348=CARTESIAN_POINT('',(2.47,1.87999999999975,0.1));
#2349=CARTESIAN_POINT('',(5.15,1.74999999999974,0.229999999999989));
#2350=CARTESIAN_POINT('Origin',(2.6,-1.75000000000025,0.23));
#2351=CARTESIAN_POINT('',(2.6,-1.75000000000025,0.229999999999996));
#2352=CARTESIAN_POINT('',(2.6,-1.75000000000025,0.23));
#2353=CARTESIAN_POINT('',(2.47,-1.88000000000025,0.0999999999999999));
#2354=CARTESIAN_POINT('Origin',(5.25,-1.75000000000027,0.23));
#2355=CARTESIAN_POINT('',(5.15,-1.75000000000027,0.23));
#2356=CARTESIAN_POINT('',(5.25,-1.75000000000027,0.23));
#2357=CARTESIAN_POINT('',(5.15,-1.75000000000027,0.23));
#2358=CARTESIAN_POINT('Origin',(5.15,-4.45,0.1));
#2359=CARTESIAN_POINT('',(5.15,4.45,3.8));
#2360=CARTESIAN_POINT('',(5.15,4.45,0.1));
#2361=CARTESIAN_POINT('',(5.15,-4.45,3.8));
#2362=CARTESIAN_POINT('',(5.15,-4.45,3.8));
#2363=CARTESIAN_POINT('',(5.15,-4.45,0.1));
#2364=CARTESIAN_POINT('',(5.15,-4.45,0.23));
#2365=CARTESIAN_POINT('Origin',(-4.45,-5.15,0.1));
#2366=CARTESIAN_POINT('',(4.45,-5.15,3.8));
#2367=CARTESIAN_POINT('',(4.45,-5.15,0.1));
#2368=CARTESIAN_POINT('',(-4.45,-5.15,3.8));
#2369=CARTESIAN_POINT('',(-4.45,-5.15,3.8));
#2370=CARTESIAN_POINT('',(-4.45,-5.15,0.1));
#2371=CARTESIAN_POINT('Origin',(-5.15,4.45,0.1));
#2372=CARTESIAN_POINT('',(-5.15,-4.45,3.8));
#2373=CARTESIAN_POINT('',(-5.15,-4.45,0.1));
#2374=CARTESIAN_POINT('',(-5.15,4.45,3.8));
#2375=CARTESIAN_POINT('',(-5.15,4.45,3.8));
#2376=CARTESIAN_POINT('',(-5.15,4.45,0.1));
#2377=CARTESIAN_POINT('',(-5.15,1.75000000000001,0.23));
#2378=CARTESIAN_POINT('',(-5.15,1.88000000000001,0.1));
#2379=CARTESIAN_POINT('',(-5.15,-1.74999999999999,0.23));
#2380=CARTESIAN_POINT('',(-5.15,4.45,0.23));
#2381=CARTESIAN_POINT('',(-5.15,-1.74999999999999,0.23));
#2382=CARTESIAN_POINT('Origin',(-2.6,-1.74999999999999,0.23));
#2383=CARTESIAN_POINT('',(-2.6,-1.74999999999999,0.23));
#2384=CARTESIAN_POINT('',(-2.6,-1.74999999999999,0.23));
#2385=CARTESIAN_POINT('',(-2.47,-1.87999999999999,0.1));
#2386=CARTESIAN_POINT('Origin',(-2.6,1.75000000000001,0.23));
#2387=CARTESIAN_POINT('',(-2.6,1.75000000000001,0.23));
#2388=CARTESIAN_POINT('',(-2.6,1.75000000000001,0.23));
#2389=CARTESIAN_POINT('',(-2.47,1.88000000000001,0.1));
#2390=CARTESIAN_POINT('Origin',(-5.25,1.75000000000001,0.23));
#2391=CARTESIAN_POINT('',(-5.25,1.75000000000001,0.23));
#2392=CARTESIAN_POINT('Origin',(4.45,5.15,0.1));
#2393=CARTESIAN_POINT('',(-4.45,5.15,3.8));
#2394=CARTESIAN_POINT('',(-4.45,5.15,0.1));
#2395=CARTESIAN_POINT('',(4.45,5.15,3.8));
#2396=CARTESIAN_POINT('',(4.45,5.15,3.8));
#2397=CARTESIAN_POINT('',(4.45,5.15,0.1));
#2398=CARTESIAN_POINT('Origin',(0.,0.,0.23));
#2399=CARTESIAN_POINT('Origin',(4.45,4.45,0.1));
#2400=CARTESIAN_POINT('Origin',(4.45,4.45,3.8));
#2401=CARTESIAN_POINT('Origin',(4.45,-4.45,0.1));
#2402=CARTESIAN_POINT('Origin',(4.45,-4.45,3.8));
#2403=CARTESIAN_POINT('Origin',(-4.45,-5.15,3.8));
#2404=CARTESIAN_POINT('Origin',(-4.45,-4.45,3.8));
#2405=CARTESIAN_POINT('Origin',(-4.45,4.45,3.8));
#2406=CARTESIAN_POINT('',(-4.93639702342662,4.45,3.8));
#2407=CARTESIAN_POINT('',(-4.93639702342662,-4.45,3.8));
#2408=CARTESIAN_POINT('',(-4.93639702342662,-5.15,3.8));
#2409=CARTESIAN_POINT('',(-4.45,4.93639702342662,3.8));
#2410=CARTESIAN_POINT('Origin',(-4.45,4.44999999999999,3.8));
#2411=CARTESIAN_POINT('',(4.45,4.93639702342662,3.8));
#2412=CARTESIAN_POINT('',(-4.45,4.93639702342662,3.8));
#2413=CARTESIAN_POINT('',(4.93639702342662,4.45,3.8));
#2414=CARTESIAN_POINT('Origin',(4.45,4.45,3.8));
#2415=CARTESIAN_POINT('',(4.93639702342662,-4.45,3.8));
#2416=CARTESIAN_POINT('',(4.93639702342662,-5.15,3.8));
#2417=CARTESIAN_POINT('',(4.45,-4.93639702342662,3.8));
#2418=CARTESIAN_POINT('Origin',(4.45,-4.45,3.8));
#2419=CARTESIAN_POINT('',(-4.45,-4.93639702342662,3.8));
#2420=CARTESIAN_POINT('',(-4.45,-4.93639702342662,3.8));
#2421=CARTESIAN_POINT('Origin',(-4.45,-4.45,3.8));
#2422=CARTESIAN_POINT('Origin',(-4.45,-4.45,0.1));
#2423=CARTESIAN_POINT('Origin',(0.,0.,0.23));
#2424=CARTESIAN_POINT('Origin',(-4.45,4.45,0.1));
#2425=CARTESIAN_POINT('Origin',(-4.44999999999997,-4.44999999999997,3.89999999999999));
#2426=CARTESIAN_POINT('',(-4.45,-4.87211826240742,3.82339555570148));
#2427=CARTESIAN_POINT('Origin',(-4.45,-4.93639702342662,3.9));
#2428=CARTESIAN_POINT('',(-4.87211826240742,-4.45,3.82339555570148));
#2429=CARTESIAN_POINT('Origin',(-4.45,-4.45,3.8233955556881));
#2430=CARTESIAN_POINT('Origin',(-4.93639702342662,-4.45,3.9));
#2431=CARTESIAN_POINT('Origin',(-4.93639702342662,4.45,3.9));
#2432=CARTESIAN_POINT('',(-4.87211826245797,4.45,3.8233955556881));
#2433=CARTESIAN_POINT('',(-4.87211826245797,4.45,3.8233955556881));
#2434=CARTESIAN_POINT('Origin',(-4.93639702342662,4.45,3.9));
#2435=CARTESIAN_POINT('Origin',(-4.44999999999999,4.44999999999999,3.9));
#2436=CARTESIAN_POINT('',(-4.45,4.87211826245005,3.82339555570148));
#2437=CARTESIAN_POINT('Origin',(-4.45,4.45,3.8233955556881));
#2438=CARTESIAN_POINT('Origin',(-4.45,4.93639702342662,3.9));
#2439=CARTESIAN_POINT('Origin',(4.45,4.93639702342662,3.9));
#2440=CARTESIAN_POINT('',(4.45,4.87211826245797,3.8233955556881));
#2441=CARTESIAN_POINT('',(4.45,4.87211826245797,3.8233955556881));
#2442=CARTESIAN_POINT('Origin',(4.45,4.93639702342662,3.9));
#2443=CARTESIAN_POINT('Origin',(4.44999999999998,4.44999999999998,3.89999999999999));
#2444=CARTESIAN_POINT('',(4.87211826242163,4.45000000000001,3.82339555570148));
#2445=CARTESIAN_POINT('Origin',(4.45,4.45,3.8233955556881));
#2446=CARTESIAN_POINT('Origin',(4.93639702342662,4.45,3.9));
#2447=CARTESIAN_POINT('Origin',(4.93639702342662,-4.45,3.9));
#2448=CARTESIAN_POINT('',(4.87211826245797,-4.45,3.8233955556881));
#2449=CARTESIAN_POINT('',(4.87211826245797,-4.45,3.8233955556881));
#2450=CARTESIAN_POINT('Origin',(4.93639702342662,-4.45,3.9));
#2451=CARTESIAN_POINT('Origin',(4.45000000000006,-4.45000000000007,3.90000000000003));
#2452=CARTESIAN_POINT('',(4.45,-4.87211826243584,3.82339555570148));
#2453=CARTESIAN_POINT('Origin',(4.45,-4.45,3.8233955556881));
#2454=CARTESIAN_POINT('Origin',(4.45,-4.93639702342662,3.9));
#2455=CARTESIAN_POINT('Origin',(-4.45,-4.93639702342662,3.9));
#2456=CARTESIAN_POINT('',(-4.45,-4.87211826245797,3.8233955556881));
#2457=CARTESIAN_POINT('Origin',(-4.45,-4.45,3.82339555574163));
#2458=CARTESIAN_POINT('',(-4.45,-4.80105796910545,3.88302222156674));
#2459=CARTESIAN_POINT('',(-4.80105796912343,-4.45,3.88302222155164));
#2460=CARTESIAN_POINT('Origin',(-4.45,-4.45,3.88302222148695));
#2461=CARTESIAN_POINT('',(-4.80105796912343,-4.45,3.88302222155164));
#2462=CARTESIAN_POINT('',(-4.45,-4.87211826240742,3.82339555570148));
#2463=CARTESIAN_POINT('Origin',(-4.87211826245797,4.45,3.8233955556881));
#2464=CARTESIAN_POINT('',(-4.80105796920926,4.45,3.88302222155557));
#2465=CARTESIAN_POINT('',(-4.80105796919132,4.45,3.88302222155949));
#2466=CARTESIAN_POINT('',(-4.87211826245797,4.45,3.8233955556881));
#2467=CARTESIAN_POINT('Origin',(-4.45,4.45,3.82339555574163));
#2468=CARTESIAN_POINT('',(-4.45,4.80105796919449,3.88302222156585));
#2469=CARTESIAN_POINT('Origin',(-4.45,4.45,3.8830222215438));
#2470=CARTESIAN_POINT('',(-4.45,4.80105796919449,3.88302222156585));
#2471=CARTESIAN_POINT('Origin',(4.45,4.87211826245797,3.8233955556881));
#2472=CARTESIAN_POINT('',(4.45,4.80105796918084,3.88302222155557));
#2473=CARTESIAN_POINT('',(4.45,4.80105796919132,3.88302222155949));
#2474=CARTESIAN_POINT('',(4.45,4.87211826245797,3.8233955556881));
#2475=CARTESIAN_POINT('Origin',(4.45,4.45,3.82339555574163));
#2476=CARTESIAN_POINT('',(4.80105796915185,4.45000000000002,3.88302222156586));
#2477=CARTESIAN_POINT('Origin',(4.45,4.45,3.8830222215438));
#2478=CARTESIAN_POINT('',(4.80105796915185,4.45000000000002,3.88302222156586));
#2479=CARTESIAN_POINT('Origin',(4.87211826245797,-4.45,3.8233955556881));
#2480=CARTESIAN_POINT('',(4.80105796919505,-4.45,3.88302222155557));
#2481=CARTESIAN_POINT('',(4.80105796919132,-4.45,3.88302222155949));
#2482=CARTESIAN_POINT('',(4.87211826245797,-4.45,3.8233955556881));
#2483=CARTESIAN_POINT('Origin',(4.45,-4.45,3.82339555574163));
#2484=CARTESIAN_POINT('',(4.44999999999999,-4.80105796916607,3.88302222156585));
#2485=CARTESIAN_POINT('Origin',(4.45,-4.45,3.8830222215438));
#2486=CARTESIAN_POINT('',(4.44999999999999,-4.80105796916607,3.88302222156585));
#2487=CARTESIAN_POINT('Origin',(-4.45,-4.87211826245797,3.8233955556881));
#2488=CARTESIAN_POINT('',(-4.45,-4.80105796919132,3.88302222155949));
#2489=CARTESIAN_POINT('Ctrl Pts',(-4.80105796920244,-4.45,3.88302222155016));
#2490=CARTESIAN_POINT('Ctrl Pts',(-4.80105796920244,-4.80105796920244,3.88302222155016));
#2491=CARTESIAN_POINT('Ctrl Pts',(-4.45,-4.80105796920244,3.88302222155016));
#2492=CARTESIAN_POINT('Ctrl Pts',(-4.66164928148937,-4.45,4.));
#2493=CARTESIAN_POINT('Ctrl Pts',(-4.66164928148937,-4.66164928148937,4.));
#2494=CARTESIAN_POINT('Ctrl Pts',(-4.45,-4.66164928148937,4.));
#2495=CARTESIAN_POINT('Ctrl Pts',(-4.47966416434805,-4.45,4.));
#2496=CARTESIAN_POINT('Ctrl Pts',(-4.47966416434805,-4.47966416434805,4.));
#2497=CARTESIAN_POINT('Ctrl Pts',(-4.45,-4.47966416434805,4.));
#2498=CARTESIAN_POINT('',(-4.45,-4.47966416434805,4.));
#2499=CARTESIAN_POINT('Origin',(-4.45,-4.47966416434805,3.5));
#2500=CARTESIAN_POINT('',(-4.47966416434805,-4.45,4.));
#2501=CARTESIAN_POINT('Origin',(-4.45,-4.45,4.));
#2502=CARTESIAN_POINT('Origin',(-4.47966416434805,-4.45,3.5));
#2503=CARTESIAN_POINT('Origin',(-4.47966416434806,4.45,3.5));
#2504=CARTESIAN_POINT('',(-4.47966416434806,4.45,4.));
#2505=CARTESIAN_POINT('',(-4.47966416434805,4.45,4.));
#2506=CARTESIAN_POINT('Origin',(-4.47966416434806,4.45,3.5));
#2507=CARTESIAN_POINT('Ctrl Pts',(-4.45,4.80105796924117,3.88302222151767));
#2508=CARTESIAN_POINT('Ctrl Pts',(-4.80105796924117,4.80105796924117,3.88302222151767));
#2509=CARTESIAN_POINT('Ctrl Pts',(-4.80105796924117,4.45,3.88302222151767));
#2510=CARTESIAN_POINT('Ctrl Pts',(-4.45,4.661649281518,4.));
#2511=CARTESIAN_POINT('Ctrl Pts',(-4.661649281518,4.661649281518,4.));
#2512=CARTESIAN_POINT('Ctrl Pts',(-4.661649281518,4.45,4.));
#2513=CARTESIAN_POINT('Ctrl Pts',(-4.45,4.47966416434805,4.));
#2514=CARTESIAN_POINT('Ctrl Pts',(-4.47966416434805,4.47966416434805,4.));
#2515=CARTESIAN_POINT('Ctrl Pts',(-4.47966416434805,4.45,4.));
#2516=CARTESIAN_POINT('',(-4.45,4.47966416434805,4.));
#2517=CARTESIAN_POINT('Origin',(-4.45,4.45,4.));
#2518=CARTESIAN_POINT('Origin',(-4.45,4.47966416434805,3.5));
#2519=CARTESIAN_POINT('Origin',(4.45,4.47966416434806,3.5));
#2520=CARTESIAN_POINT('',(4.45,4.47966416434806,4.));
#2521=CARTESIAN_POINT('',(4.45,4.47966416434805,4.));
#2522=CARTESIAN_POINT('Origin',(4.45,4.47966416434806,3.5));
#2523=CARTESIAN_POINT('Ctrl Pts',(4.8010579691871,4.45000000000002,3.88302222156303));
#2524=CARTESIAN_POINT('Ctrl Pts',(4.80105796918708,4.80105796918712,3.88302222156303));
#2525=CARTESIAN_POINT('Ctrl Pts',(4.44999999999998,4.8010579691871,3.88302222156303));
#2526=CARTESIAN_POINT('Ctrl Pts',(4.66164928147804,4.45000000000001,4.));
#2527=CARTESIAN_POINT('Ctrl Pts',(4.66164928147802,4.66164928147805,4.));
#2528=CARTESIAN_POINT('Ctrl Pts',(4.44999999999999,4.66164928147804,4.));
#2529=CARTESIAN_POINT('Ctrl Pts',(4.47966416434806,4.45,4.));
#2530=CARTESIAN_POINT('Ctrl Pts',(4.47966416434805,4.47966416434806,4.));
#2531=CARTESIAN_POINT('Ctrl Pts',(4.45,4.47966416434806,4.));
#2532=CARTESIAN_POINT('',(4.47966416434806,4.45,4.));
#2533=CARTESIAN_POINT('Origin',(4.45,4.45,4.));
#2534=CARTESIAN_POINT('Origin',(4.47966416434806,4.45,3.5));
#2535=CARTESIAN_POINT('Origin',(4.47966416434806,-4.45,3.5));
#2536=CARTESIAN_POINT('',(4.47966416434806,-4.45,4.));
#2537=CARTESIAN_POINT('',(4.47966416434806,-4.45,4.));
#2538=CARTESIAN_POINT('Origin',(4.47966416434806,-4.45,3.5));
#2539=CARTESIAN_POINT('Ctrl Pts',(4.44999999999999,-4.80105796920781,3.88302222154566));
#2540=CARTESIAN_POINT('Ctrl Pts',(4.80105796920781,-4.80105796920783,3.88302222154566));
#2541=CARTESIAN_POINT('Ctrl Pts',(4.80105796920781,-4.45000000000001,3.88302222154566));
#2542=CARTESIAN_POINT('Ctrl Pts',(4.44999999999999,-4.66164928149334,4.));
#2543=CARTESIAN_POINT('Ctrl Pts',(4.66164928149334,-4.66164928149335,4.));
#2544=CARTESIAN_POINT('Ctrl Pts',(4.66164928149334,-4.45000000000001,4.));
#2545=CARTESIAN_POINT('Ctrl Pts',(4.45,-4.47966416434805,4.));
#2546=CARTESIAN_POINT('Ctrl Pts',(4.47966416434805,-4.47966416434806,4.));
#2547=CARTESIAN_POINT('Ctrl Pts',(4.47966416434805,-4.45,4.));
#2548=CARTESIAN_POINT('',(4.45,-4.47966416434805,4.));
#2549=CARTESIAN_POINT('Origin',(4.45,-4.45,4.));
#2550=CARTESIAN_POINT('Origin',(4.45,-4.47966416434806,3.5));
#2551=CARTESIAN_POINT('Origin',(-4.45,-4.47966416434805,3.5));
#2552=CARTESIAN_POINT('',(-4.45,-4.47966416434805,4.));
#2553=CARTESIAN_POINT('Origin',(0.,0.,4.));
#2554=CARTESIAN_POINT('Origin',(-5.35,-1.65,0.2));
#2555=CARTESIAN_POINT('',(-2.7,1.65,0.2));
#2556=CARTESIAN_POINT('',(-5.35,1.65,0.2));
#2557=CARTESIAN_POINT('',(-5.35,1.65,0.2));
#2558=CARTESIAN_POINT('',(-5.35,-1.65,0.2));
#2559=CARTESIAN_POINT('',(-5.35,-1.65,0.2));
#2560=CARTESIAN_POINT('',(-2.7,-1.65,0.2));
#2561=CARTESIAN_POINT('',(-5.35,-1.65,0.2));
#2562=CARTESIAN_POINT('',(-2.7,-1.65,0.2));
#2563=CARTESIAN_POINT('Origin',(-5.35,-1.65,0.4));
#2564=CARTESIAN_POINT('',(-5.55,1.65,0.4));
#2565=CARTESIAN_POINT('Origin',(-5.35,1.65,0.4));
#2566=CARTESIAN_POINT('',(-5.55,-1.65,0.4));
#2567=CARTESIAN_POINT('',(-5.55,-1.65,0.4));
#2568=CARTESIAN_POINT('Origin',(-5.35,-1.65,0.4));
#2569=CARTESIAN_POINT('Origin',(0.,1.65,0.));
#2570=CARTESIAN_POINT('',(-2.7,1.65,1.64346021921044E-32));
#2571=CARTESIAN_POINT('',(-2.7,1.65,0.));
#2572=CARTESIAN_POINT('',(-5.35,1.65,9.76165537362535E-20));
#2573=CARTESIAN_POINT('',(0.,1.65,2.46519032881566E-32));
#2574=CARTESIAN_POINT('',(-5.75,1.65,0.4));
#2575=CARTESIAN_POINT('Origin',(-5.35,1.65,0.4));
#2576=CARTESIAN_POINT('',(-5.75,1.65,1.65));
#2577=CARTESIAN_POINT('',(-5.75,1.65,0.4));
#2578=CARTESIAN_POINT('',(-5.35,1.65,2.05));
#2579=CARTESIAN_POINT('Origin',(-5.35,1.65,1.65));
#2580=CARTESIAN_POINT('',(-4.9,1.65,2.05));
#2581=CARTESIAN_POINT('',(0.,1.65,2.05));
#2582=CARTESIAN_POINT('',(-4.9,1.65,1.85));
#2583=CARTESIAN_POINT('',(-4.9,1.65,0.));
#2584=CARTESIAN_POINT('',(-5.35,1.65,1.85));
#2585=CARTESIAN_POINT('',(0.,1.65,1.85));
#2586=CARTESIAN_POINT('',(-5.55,1.65,1.65));
#2587=CARTESIAN_POINT('Origin',(-5.35,1.65,1.65));
#2588=CARTESIAN_POINT('',(-5.55,1.65,0.));
#2589=CARTESIAN_POINT('Origin',(-2.7,-1.65,0.2));
#2590=CARTESIAN_POINT('',(-2.7,-1.65,8.2173010960522E-33));
#2591=CARTESIAN_POINT('',(-2.7,-1.65,0.2));
#2592=CARTESIAN_POINT('',(-2.7,-1.65,0.));
#2593=CARTESIAN_POINT('Origin',(0.,-1.65,0.));
#2594=CARTESIAN_POINT('',(-5.55,-1.65,1.65));
#2595=CARTESIAN_POINT('',(-5.55,-1.65,0.));
#2596=CARTESIAN_POINT('',(-5.35,-1.65,1.85));
#2597=CARTESIAN_POINT('Origin',(-5.35,-1.65,1.65));
#2598=CARTESIAN_POINT('',(-4.9,-1.65,1.85));
#2599=CARTESIAN_POINT('',(0.,-1.65,1.85));
#2600=CARTESIAN_POINT('',(-4.9,-1.65,2.05));
#2601=CARTESIAN_POINT('',(-4.9,-1.65,0.));
#2602=CARTESIAN_POINT('',(-5.35,-1.65,2.05));
#2603=CARTESIAN_POINT('',(0.,-1.65,2.05));
#2604=CARTESIAN_POINT('',(-5.75,-1.65,1.65));
#2605=CARTESIAN_POINT('Origin',(-5.35,-1.65,1.65));
#2606=CARTESIAN_POINT('',(-5.75,-1.65,0.4));
#2607=CARTESIAN_POINT('',(-5.75,-1.65,0.4));
#2608=CARTESIAN_POINT('',(-5.35,-1.65,9.76165537362535E-20));
#2609=CARTESIAN_POINT('Origin',(-5.35,-1.65,0.4));
#2610=CARTESIAN_POINT('',(0.,-1.65,2.46519032881566E-32));
#2611=CARTESIAN_POINT('Origin',(-5.55,-1.65,1.65));
#2612=CARTESIAN_POINT('',(-5.55,0.5,1.65));
#2613=CARTESIAN_POINT('',(-5.55,0.5,1.4));
#2614=CARTESIAN_POINT('',(-5.55,0.5,1.65));
#2615=CARTESIAN_POINT('',(-5.55,-0.5,1.4));
#2616=CARTESIAN_POINT('',(-5.55,-1.65,1.4));
#2617=CARTESIAN_POINT('',(-5.55,-0.5,1.65));
#2618=CARTESIAN_POINT('',(-5.55,-0.5,1.65));
#2619=CARTESIAN_POINT('',(-5.55,-1.65,1.65));
#2620=CARTESIAN_POINT('',(-5.55,-1.65,1.65));
#2621=CARTESIAN_POINT('Origin',(-5.35,-1.65,1.65));
#2622=CARTESIAN_POINT('',(-5.35,0.5,1.85));
#2623=CARTESIAN_POINT('',(-5.35,-1.65,1.85));
#2624=CARTESIAN_POINT('Origin',(-5.35,0.5,1.65));
#2625=CARTESIAN_POINT('Origin',(-4.9,-1.65,1.85));
#2626=CARTESIAN_POINT('',(-4.9,0.5,1.85));
#2627=CARTESIAN_POINT('',(-4.9,-1.65,1.85));
#2628=CARTESIAN_POINT('',(-4.9,0.5,1.85));
#2629=CARTESIAN_POINT('Origin',(-4.9,-1.65,2.05));
#2630=CARTESIAN_POINT('',(-4.9,0.5,2.05));
#2631=CARTESIAN_POINT('',(-4.9,-1.65,2.05));
#2632=CARTESIAN_POINT('',(-4.9,0.5,2.05));
#2633=CARTESIAN_POINT('Origin',(-5.35,-1.65,2.05));
#2634=CARTESIAN_POINT('',(-5.35,0.5,2.05));
#2635=CARTESIAN_POINT('',(-5.35,-1.65,2.05));
#2636=CARTESIAN_POINT('',(-5.35,0.5,2.05));
#2637=CARTESIAN_POINT('Origin',(-5.35,-1.65,1.65));
#2638=CARTESIAN_POINT('',(-5.75,0.5,1.65));
#2639=CARTESIAN_POINT('',(-5.75,-1.65,1.65));
#2640=CARTESIAN_POINT('Origin',(-5.35,0.5,1.65));
#2641=CARTESIAN_POINT('Origin',(-2.7,-1.65,2.46519032881566E-32));
#2642=CARTESIAN_POINT('',(-5.35,-1.65,3.9046621494499E-19));
#2643=CARTESIAN_POINT('Origin',(-5.35,-1.65,1.65));
#2644=CARTESIAN_POINT('',(-5.35,-0.5,1.85));
#2645=CARTESIAN_POINT('',(-5.35,-1.65,1.85));
#2646=CARTESIAN_POINT('Origin',(-5.35,-0.5,1.65));
#2647=CARTESIAN_POINT('Origin',(-4.9,-1.65,1.85));
#2648=CARTESIAN_POINT('',(-4.9,-0.5,1.85));
#2649=CARTESIAN_POINT('',(-4.9,-0.5,1.85));
#2650=CARTESIAN_POINT('',(-4.9,-1.65,1.85));
#2651=CARTESIAN_POINT('Origin',(-4.9,-1.65,2.05));
#2652=CARTESIAN_POINT('',(-4.9,-0.5,2.05));
#2653=CARTESIAN_POINT('',(-4.9,-0.5,2.05));
#2654=CARTESIAN_POINT('',(-4.9,-1.65,2.05));
#2655=CARTESIAN_POINT('Origin',(-5.35,-1.65,2.05));
#2656=CARTESIAN_POINT('',(-5.35,-0.5,2.05));
#2657=CARTESIAN_POINT('',(-5.35,-0.5,2.05));
#2658=CARTESIAN_POINT('',(-5.35,-1.65,2.05));
#2659=CARTESIAN_POINT('Origin',(-5.35,-1.65,1.65));
#2660=CARTESIAN_POINT('',(-5.75,-0.5,1.65));
#2661=CARTESIAN_POINT('Origin',(-5.35,-0.5,1.65));
#2662=CARTESIAN_POINT('',(-5.75,-1.65,1.65));
#2663=CARTESIAN_POINT('Origin',(5.75,0.5,1.4));
#2664=CARTESIAN_POINT('',(-5.75,-0.5,1.4));
#2665=CARTESIAN_POINT('',(5.75,-0.5,1.4));
#2666=CARTESIAN_POINT('',(-5.75,0.5,1.4));
#2667=CARTESIAN_POINT('',(5.75,0.5,1.4));
#2668=CARTESIAN_POINT('',(-5.75,-1.65,1.4));
#2669=CARTESIAN_POINT('Origin',(5.75,0.5,2.05));
#2670=CARTESIAN_POINT('',(-5.75,0.5,0.4));
#2671=CARTESIAN_POINT('Origin',(5.75,-0.5,1.4));
#2672=CARTESIAN_POINT('',(-5.75,-0.5,0.4));
#2673=CARTESIAN_POINT('Origin',(-5.35,-1.65,0.4));
#2674=CARTESIAN_POINT('',(-5.75,-1.65,0.4));
#2675=CARTESIAN_POINT('Origin',(-5.75,-1.65,0.4));
#2676=UNCERTAINTY_MEASURE_WITH_UNIT(LENGTH_MEASURE(0.01),#2680,
'DISTANCE_ACCURACY_VALUE',
'Maximum model space distance between geometric entities at asserted c
onnectivities');
#2677=UNCERTAINTY_MEASURE_WITH_UNIT(LENGTH_MEASURE(0.01),#2680,
'DISTANCE_ACCURACY_VALUE',
'Maximum model space distance between geometric entities at asserted c
onnectivities');
#2678=(
GEOMETRIC_REPRESENTATION_CONTEXT(3)
GLOBAL_UNCERTAINTY_ASSIGNED_CONTEXT((#2676))
GLOBAL_UNIT_ASSIGNED_CONTEXT((#2680,#2682,#2683))
REPRESENTATION_CONTEXT('','3D')
);
#2679=(
GEOMETRIC_REPRESENTATION_CONTEXT(3)
GLOBAL_UNCERTAINTY_ASSIGNED_CONTEXT((#2677))
GLOBAL_UNIT_ASSIGNED_CONTEXT((#2680,#2682,#2683))
REPRESENTATION_CONTEXT('','3D')
);
#2680=(
LENGTH_UNIT()
NAMED_UNIT(*)
SI_UNIT(.MILLI.,.METRE.)
);
#2681=(
LENGTH_UNIT()
NAMED_UNIT(*)
SI_UNIT($,.METRE.)
);
#2682=(
NAMED_UNIT(*)
PLANE_ANGLE_UNIT()
SI_UNIT($,.RADIAN.)
);
#2683=(
NAMED_UNIT(*)
SI_UNIT($,.STERADIAN.)
SOLID_ANGLE_UNIT()
);
#2684=SHAPE_DEFINITION_REPRESENTATION(#2685,#2686);
#2685=PRODUCT_DEFINITION_SHAPE('',$,#2688);
#2686=SHAPE_REPRESENTATION('',(#1584),#2678);
#2687=PRODUCT_DEFINITION_CONTEXT('part definition',#2692,'design');
#2688=PRODUCT_DEFINITION('SRP1038A-LF','SRP1038A-LF',#2689,#2687);
#2689=PRODUCT_DEFINITION_FORMATION('',$,#2694);
#2690=PRODUCT_RELATED_PRODUCT_CATEGORY('SRP1038A-LF','SRP1038A-LF',(#2694));
#2691=APPLICATION_PROTOCOL_DEFINITION('international standard',
'automotive_design',2009,#2692);
#2692=APPLICATION_CONTEXT(
'Core Data for Automotive Mechanical Design Process');
#2693=PRODUCT_CONTEXT('part definition',#2692,'mechanical');
#2694=PRODUCT('SRP1038A-LF','SRP1038A-LF',$,(#2693));
#2695=PRESENTATION_STYLE_ASSIGNMENT((#2698));
#2696=PRESENTATION_STYLE_ASSIGNMENT((#2699));
#2697=PRESENTATION_STYLE_ASSIGNMENT((#2700));
#2698=SURFACE_STYLE_USAGE(.BOTH.,#2701);
#2699=SURFACE_STYLE_USAGE(.BOTH.,#2702);
#2700=SURFACE_STYLE_USAGE(.BOTH.,#2703);
#2701=SURFACE_SIDE_STYLE('',(#2704));
#2702=SURFACE_SIDE_STYLE('',(#2705));
#2703=SURFACE_SIDE_STYLE('',(#2706));
#2704=SURFACE_STYLE_FILL_AREA(#2707);
#2705=SURFACE_STYLE_FILL_AREA(#2708);
#2706=SURFACE_STYLE_FILL_AREA(#2709);
#2707=FILL_AREA_STYLE('Acier - Satin\X\E9',(#2710));
#2708=FILL_AREA_STYLE('Opaque(211,212,213)',(#2711));
#2709=FILL_AREA_STYLE('Opaque(128,133,147)',(#2712));
#2710=FILL_AREA_STYLE_COLOUR('Acier - Satin\X\E9',#2713);
#2711=FILL_AREA_STYLE_COLOUR('Opaque(211,212,213)',#2714);
#2712=FILL_AREA_STYLE_COLOUR('Opaque(128,133,147)',#2715);
#2713=COLOUR_RGB('Acier - Satin\X\E9',0.627450980392157,0.627450980392157,
0.627450980392157);
#2714=COLOUR_RGB('Opaque(211,212,213)',0.827450980392157,0.831372549019608,
0.835294117647059);
#2715=COLOUR_RGB('Opaque(128,133,147)',0.501960784313725,0.52156862745098,
0.576470588235294);
ENDSEC;
END-ISO-10303-21;
