ISO-10303-21;
HEADER;
/* Generated by software containing ST-Developer
 * from STEP Tools, Inc. (www.steptools.com) 
 */

FILE_DESCRIPTION(
/* description */ (''),
/* implementation_level */ '2;1');

FILE_NAME(
/* name */ 'BB02-HP-INS-16CONT-WP_without peg.step',
/* time_stamp */ '2026-02-08T19:01:33+01:00',
/* author */ (''),
/* organization */ (''),
/* preprocessor_version */ 'ST-DEVELOPER v20.1',
/* originating_system */ 'Autodesk Translation Framework v14.24.0.0',
/* authorisation */ '');

FILE_SCHEMA (('AUTOMOTIVE_DESIGN { 1 0 10303 214 3 1 1 }'));
ENDSEC;

DATA;
#10=MECHANICAL_DESIGN_GEOMETRIC_PRESENTATION_REPRESENTATION('',(#13),#2887);
#11=SHAPE_REPRESENTATION_RELATIONSHIP('SRR','None',#2894,#12);
#12=ADVANCED_BREP_SHAPE_REPRESENTATION('',(#14),#2886);
#13=STYLED_ITEM('',(#2904),#14);
#14=MANIFOLD_SOLID_BREP('Corps1',#1851);
#15=FACE_BOUND('',#134,.T.);
#16=FACE_BOUND('',#135,.T.);
#17=FACE_BOUND('',#136,.T.);
#18=FACE_BOUND('',#137,.T.);
#19=FACE_BOUND('',#138,.T.);
#20=FACE_BOUND('',#139,.T.);
#21=FACE_BOUND('',#140,.T.);
#22=FACE_BOUND('',#141,.T.);
#23=FACE_BOUND('',#142,.T.);
#24=FACE_BOUND('',#143,.T.);
#25=FACE_BOUND('',#144,.T.);
#26=FACE_BOUND('',#145,.T.);
#27=FACE_BOUND('',#146,.T.);
#28=FACE_BOUND('',#147,.T.);
#29=FACE_BOUND('',#148,.T.);
#30=FACE_BOUND('',#149,.T.);
#31=FACE_BOUND('',#175,.T.);
#32=FACE_BOUND('',#176,.T.);
#33=FACE_BOUND('',#177,.T.);
#34=FACE_BOUND('',#178,.T.);
#35=FACE_BOUND('',#179,.T.);
#36=FACE_BOUND('',#180,.T.);
#37=FACE_BOUND('',#181,.T.);
#38=FACE_BOUND('',#182,.T.);
#39=FACE_BOUND('',#183,.T.);
#40=FACE_BOUND('',#184,.T.);
#41=FACE_BOUND('',#185,.T.);
#42=FACE_BOUND('',#186,.T.);
#43=FACE_BOUND('',#187,.T.);
#44=FACE_BOUND('',#188,.T.);
#45=FACE_BOUND('',#189,.T.);
#46=FACE_BOUND('',#190,.T.);
#47=FACE_OUTER_BOUND('',#133,.T.);
#48=FACE_OUTER_BOUND('',#150,.T.);
#49=FACE_OUTER_BOUND('',#151,.T.);
#50=FACE_OUTER_BOUND('',#152,.T.);
#51=FACE_OUTER_BOUND('',#153,.T.);
#52=FACE_OUTER_BOUND('',#154,.T.);
#53=FACE_OUTER_BOUND('',#155,.T.);
#54=FACE_OUTER_BOUND('',#156,.T.);
#55=FACE_OUTER_BOUND('',#157,.T.);
#56=FACE_OUTER_BOUND('',#158,.T.);
#57=FACE_OUTER_BOUND('',#159,.T.);
#58=FACE_OUTER_BOUND('',#160,.T.);
#59=FACE_OUTER_BOUND('',#161,.T.);
#60=FACE_OUTER_BOUND('',#162,.T.);
#61=FACE_OUTER_BOUND('',#163,.T.);
#62=FACE_OUTER_BOUND('',#164,.T.);
#63=FACE_OUTER_BOUND('',#165,.T.);
#64=FACE_OUTER_BOUND('',#166,.T.);
#65=FACE_OUTER_BOUND('',#167,.T.);
#66=FACE_OUTER_BOUND('',#168,.T.);
#67=FACE_OUTER_BOUND('',#169,.T.);
#68=FACE_OUTER_BOUND('',#170,.T.);
#69=FACE_OUTER_BOUND('',#171,.T.);
#70=FACE_OUTER_BOUND('',#172,.T.);
#71=FACE_OUTER_BOUND('',#173,.T.);
#72=FACE_OUTER_BOUND('',#174,.T.);
#73=FACE_OUTER_BOUND('',#191,.T.);
#74=FACE_OUTER_BOUND('',#192,.T.);
#75=FACE_OUTER_BOUND('',#193,.T.);
#76=FACE_OUTER_BOUND('',#194,.T.);
#77=FACE_OUTER_BOUND('',#195,.T.);
#78=FACE_OUTER_BOUND('',#196,.T.);
#79=FACE_OUTER_BOUND('',#197,.T.);
#80=FACE_OUTER_BOUND('',#198,.T.);
#81=FACE_OUTER_BOUND('',#199,.T.);
#82=FACE_OUTER_BOUND('',#200,.T.);
#83=FACE_OUTER_BOUND('',#201,.T.);
#84=FACE_OUTER_BOUND('',#202,.T.);
#85=FACE_OUTER_BOUND('',#203,.T.);
#86=FACE_OUTER_BOUND('',#204,.T.);
#87=FACE_OUTER_BOUND('',#205,.T.);
#88=FACE_OUTER_BOUND('',#206,.T.);
#89=FACE_OUTER_BOUND('',#207,.T.);
#90=FACE_OUTER_BOUND('',#208,.T.);
#91=FACE_OUTER_BOUND('',#209,.T.);
#92=FACE_OUTER_BOUND('',#210,.T.);
#93=FACE_OUTER_BOUND('',#211,.T.);
#94=FACE_OUTER_BOUND('',#212,.T.);
#95=FACE_OUTER_BOUND('',#213,.T.);
#96=FACE_OUTER_BOUND('',#214,.T.);
#97=FACE_OUTER_BOUND('',#215,.T.);
#98=FACE_OUTER_BOUND('',#216,.T.);
#99=FACE_OUTER_BOUND('',#217,.T.);
#100=FACE_OUTER_BOUND('',#218,.T.);
#101=FACE_OUTER_BOUND('',#219,.T.);
#102=FACE_OUTER_BOUND('',#220,.T.);
#103=FACE_OUTER_BOUND('',#221,.T.);
#104=FACE_OUTER_BOUND('',#222,.T.);
#105=FACE_OUTER_BOUND('',#223,.T.);
#106=FACE_OUTER_BOUND('',#224,.T.);
#107=FACE_OUTER_BOUND('',#225,.T.);
#108=FACE_OUTER_BOUND('',#226,.T.);
#109=FACE_OUTER_BOUND('',#227,.T.);
#110=FACE_OUTER_BOUND('',#228,.T.);
#111=FACE_OUTER_BOUND('',#229,.T.);
#112=FACE_OUTER_BOUND('',#230,.T.);
#113=FACE_OUTER_BOUND('',#231,.T.);
#114=FACE_OUTER_BOUND('',#232,.T.);
#115=FACE_OUTER_BOUND('',#233,.T.);
#116=FACE_OUTER_BOUND('',#234,.T.);
#117=FACE_OUTER_BOUND('',#235,.T.);
#118=FACE_OUTER_BOUND('',#236,.T.);
#119=FACE_OUTER_BOUND('',#237,.T.);
#120=FACE_OUTER_BOUND('',#238,.T.);
#121=FACE_OUTER_BOUND('',#239,.T.);
#122=FACE_OUTER_BOUND('',#240,.T.);
#123=FACE_OUTER_BOUND('',#241,.T.);
#124=FACE_OUTER_BOUND('',#242,.T.);
#125=FACE_OUTER_BOUND('',#243,.T.);
#126=FACE_OUTER_BOUND('',#244,.T.);
#127=FACE_OUTER_BOUND('',#245,.T.);
#128=FACE_OUTER_BOUND('',#246,.T.);
#129=FACE_OUTER_BOUND('',#247,.T.);
#130=FACE_OUTER_BOUND('',#248,.T.);
#131=FACE_OUTER_BOUND('',#249,.T.);
#132=FACE_OUTER_BOUND('',#250,.T.);
#133=EDGE_LOOP('',(#1175,#1176,#1177,#1178,#1179,#1180,#1181,#1182,#1183,
#1184,#1185,#1186,#1187,#1188,#1189,#1190));
#134=EDGE_LOOP('',(#1191,#1192,#1193,#1194));
#135=EDGE_LOOP('',(#1195,#1196,#1197,#1198));
#136=EDGE_LOOP('',(#1199,#1200,#1201,#1202));
#137=EDGE_LOOP('',(#1203,#1204,#1205,#1206));
#138=EDGE_LOOP('',(#1207,#1208,#1209,#1210));
#139=EDGE_LOOP('',(#1211,#1212,#1213,#1214));
#140=EDGE_LOOP('',(#1215,#1216,#1217,#1218));
#141=EDGE_LOOP('',(#1219,#1220,#1221,#1222));
#142=EDGE_LOOP('',(#1223,#1224,#1225,#1226));
#143=EDGE_LOOP('',(#1227,#1228,#1229,#1230));
#144=EDGE_LOOP('',(#1231,#1232,#1233,#1234));
#145=EDGE_LOOP('',(#1235,#1236,#1237,#1238));
#146=EDGE_LOOP('',(#1239,#1240,#1241,#1242));
#147=EDGE_LOOP('',(#1243,#1244,#1245,#1246));
#148=EDGE_LOOP('',(#1247,#1248,#1249,#1250));
#149=EDGE_LOOP('',(#1251,#1252,#1253,#1254));
#150=EDGE_LOOP('',(#1255,#1256,#1257,#1258));
#151=EDGE_LOOP('',(#1259,#1260,#1261,#1262));
#152=EDGE_LOOP('',(#1263,#1264,#1265,#1266));
#153=EDGE_LOOP('',(#1267,#1268,#1269,#1270));
#154=EDGE_LOOP('',(#1271,#1272,#1273,#1274));
#155=EDGE_LOOP('',(#1275,#1276,#1277,#1278));
#156=EDGE_LOOP('',(#1279,#1280,#1281,#1282));
#157=EDGE_LOOP('',(#1283,#1284,#1285,#1286));
#158=EDGE_LOOP('',(#1287,#1288,#1289,#1290));
#159=EDGE_LOOP('',(#1291,#1292,#1293,#1294));
#160=EDGE_LOOP('',(#1295,#1296,#1297,#1298));
#161=EDGE_LOOP('',(#1299,#1300,#1301,#1302));
#162=EDGE_LOOP('',(#1303,#1304,#1305,#1306,#1307,#1308));
#163=EDGE_LOOP('',(#1309,#1310,#1311,#1312));
#164=EDGE_LOOP('',(#1313,#1314,#1315,#1316,#1317,#1318));
#165=EDGE_LOOP('',(#1319,#1320,#1321,#1322,#1323,#1324));
#166=EDGE_LOOP('',(#1325,#1326,#1327,#1328));
#167=EDGE_LOOP('',(#1329,#1330,#1331,#1332,#1333,#1334));
#168=EDGE_LOOP('',(#1335,#1336,#1337,#1338));
#169=EDGE_LOOP('',(#1339,#1340,#1341,#1342));
#170=EDGE_LOOP('',(#1343,#1344,#1345,#1346));
#171=EDGE_LOOP('',(#1347,#1348,#1349,#1350));
#172=EDGE_LOOP('',(#1351,#1352,#1353,#1354));
#173=EDGE_LOOP('',(#1355,#1356,#1357,#1358));
#174=EDGE_LOOP('',(#1359,#1360,#1361,#1362,#1363,#1364,#1365,#1366,#1367,
#1368,#1369,#1370,#1371,#1372,#1373,#1374));
#175=EDGE_LOOP('',(#1375,#1376,#1377,#1378));
#176=EDGE_LOOP('',(#1379,#1380,#1381,#1382));
#177=EDGE_LOOP('',(#1383,#1384,#1385,#1386));
#178=EDGE_LOOP('',(#1387,#1388,#1389,#1390));
#179=EDGE_LOOP('',(#1391,#1392,#1393,#1394));
#180=EDGE_LOOP('',(#1395,#1396,#1397,#1398));
#181=EDGE_LOOP('',(#1399,#1400,#1401,#1402));
#182=EDGE_LOOP('',(#1403,#1404,#1405,#1406));
#183=EDGE_LOOP('',(#1407,#1408,#1409,#1410));
#184=EDGE_LOOP('',(#1411,#1412,#1413,#1414));
#185=EDGE_LOOP('',(#1415,#1416,#1417,#1418));
#186=EDGE_LOOP('',(#1419,#1420,#1421,#1422));
#187=EDGE_LOOP('',(#1423,#1424,#1425,#1426));
#188=EDGE_LOOP('',(#1427,#1428,#1429,#1430));
#189=EDGE_LOOP('',(#1431,#1432,#1433,#1434));
#190=EDGE_LOOP('',(#1435,#1436,#1437,#1438));
#191=EDGE_LOOP('',(#1439,#1440,#1441,#1442));
#192=EDGE_LOOP('',(#1443,#1444,#1445,#1446));
#193=EDGE_LOOP('',(#1447,#1448,#1449,#1450));
#194=EDGE_LOOP('',(#1451,#1452,#1453,#1454));
#195=EDGE_LOOP('',(#1455,#1456,#1457,#1458));
#196=EDGE_LOOP('',(#1459,#1460,#1461,#1462));
#197=EDGE_LOOP('',(#1463,#1464,#1465,#1466));
#198=EDGE_LOOP('',(#1467,#1468,#1469,#1470));
#199=EDGE_LOOP('',(#1471,#1472,#1473,#1474));
#200=EDGE_LOOP('',(#1475,#1476,#1477,#1478));
#201=EDGE_LOOP('',(#1479,#1480,#1481,#1482));
#202=EDGE_LOOP('',(#1483,#1484,#1485,#1486));
#203=EDGE_LOOP('',(#1487,#1488,#1489,#1490));
#204=EDGE_LOOP('',(#1491,#1492,#1493,#1494));
#205=EDGE_LOOP('',(#1495,#1496,#1497,#1498));
#206=EDGE_LOOP('',(#1499,#1500,#1501,#1502));
#207=EDGE_LOOP('',(#1503,#1504,#1505,#1506));
#208=EDGE_LOOP('',(#1507,#1508,#1509,#1510));
#209=EDGE_LOOP('',(#1511,#1512,#1513,#1514));
#210=EDGE_LOOP('',(#1515,#1516,#1517,#1518));
#211=EDGE_LOOP('',(#1519,#1520,#1521,#1522));
#212=EDGE_LOOP('',(#1523,#1524,#1525,#1526));
#213=EDGE_LOOP('',(#1527,#1528,#1529,#1530));
#214=EDGE_LOOP('',(#1531,#1532,#1533,#1534));
#215=EDGE_LOOP('',(#1535,#1536,#1537,#1538));
#216=EDGE_LOOP('',(#1539,#1540,#1541,#1542));
#217=EDGE_LOOP('',(#1543,#1544,#1545,#1546));
#218=EDGE_LOOP('',(#1547,#1548,#1549,#1550));
#219=EDGE_LOOP('',(#1551,#1552,#1553,#1554));
#220=EDGE_LOOP('',(#1555,#1556,#1557,#1558));
#221=EDGE_LOOP('',(#1559,#1560,#1561,#1562));
#222=EDGE_LOOP('',(#1563,#1564,#1565,#1566));
#223=EDGE_LOOP('',(#1567,#1568,#1569,#1570));
#224=EDGE_LOOP('',(#1571,#1572,#1573,#1574));
#225=EDGE_LOOP('',(#1575,#1576,#1577,#1578));
#226=EDGE_LOOP('',(#1579,#1580,#1581,#1582));
#227=EDGE_LOOP('',(#1583,#1584,#1585,#1586));
#228=EDGE_LOOP('',(#1587,#1588,#1589,#1590));
#229=EDGE_LOOP('',(#1591,#1592,#1593,#1594));
#230=EDGE_LOOP('',(#1595,#1596,#1597,#1598));
#231=EDGE_LOOP('',(#1599,#1600,#1601,#1602));
#232=EDGE_LOOP('',(#1603,#1604,#1605,#1606));
#233=EDGE_LOOP('',(#1607,#1608,#1609,#1610));
#234=EDGE_LOOP('',(#1611,#1612,#1613,#1614));
#235=EDGE_LOOP('',(#1615,#1616,#1617,#1618));
#236=EDGE_LOOP('',(#1619,#1620,#1621,#1622));
#237=EDGE_LOOP('',(#1623,#1624,#1625,#1626));
#238=EDGE_LOOP('',(#1627,#1628,#1629,#1630));
#239=EDGE_LOOP('',(#1631,#1632,#1633,#1634));
#240=EDGE_LOOP('',(#1635,#1636,#1637,#1638));
#241=EDGE_LOOP('',(#1639,#1640,#1641,#1642));
#242=EDGE_LOOP('',(#1643,#1644,#1645,#1646));
#243=EDGE_LOOP('',(#1647,#1648,#1649,#1650));
#244=EDGE_LOOP('',(#1651,#1652,#1653,#1654));
#245=EDGE_LOOP('',(#1655,#1656,#1657,#1658));
#246=EDGE_LOOP('',(#1659,#1660,#1661,#1662));
#247=EDGE_LOOP('',(#1663,#1664,#1665,#1666));
#248=EDGE_LOOP('',(#1667,#1668,#1669,#1670));
#249=EDGE_LOOP('',(#1671,#1672,#1673,#1674));
#250=EDGE_LOOP('',(#1675,#1676,#1677,#1678));
#251=LINE('',#2381,#503);
#252=LINE('',#2383,#504);
#253=LINE('',#2385,#505);
#254=LINE('',#2387,#506);
#255=LINE('',#2389,#507);
#256=LINE('',#2391,#508);
#257=LINE('',#2393,#509);
#258=LINE('',#2395,#510);
#259=LINE('',#2397,#511);
#260=LINE('',#2399,#512);
#261=LINE('',#2401,#513);
#262=LINE('',#2403,#514);
#263=LINE('',#2405,#515);
#264=LINE('',#2407,#516);
#265=LINE('',#2409,#517);
#266=LINE('',#2410,#518);
#267=LINE('',#2413,#519);
#268=LINE('',#2415,#520);
#269=LINE('',#2417,#521);
#270=LINE('',#2418,#522);
#271=LINE('',#2421,#523);
#272=LINE('',#2423,#524);
#273=LINE('',#2425,#525);
#274=LINE('',#2426,#526);
#275=LINE('',#2429,#527);
#276=LINE('',#2431,#528);
#277=LINE('',#2433,#529);
#278=LINE('',#2434,#530);
#279=LINE('',#2437,#531);
#280=LINE('',#2439,#532);
#281=LINE('',#2441,#533);
#282=LINE('',#2442,#534);
#283=LINE('',#2445,#535);
#284=LINE('',#2447,#536);
#285=LINE('',#2449,#537);
#286=LINE('',#2450,#538);
#287=LINE('',#2453,#539);
#288=LINE('',#2455,#540);
#289=LINE('',#2457,#541);
#290=LINE('',#2458,#542);
#291=LINE('',#2461,#543);
#292=LINE('',#2463,#544);
#293=LINE('',#2465,#545);
#294=LINE('',#2466,#546);
#295=LINE('',#2469,#547);
#296=LINE('',#2471,#548);
#297=LINE('',#2473,#549);
#298=LINE('',#2474,#550);
#299=LINE('',#2477,#551);
#300=LINE('',#2479,#552);
#301=LINE('',#2481,#553);
#302=LINE('',#2482,#554);
#303=LINE('',#2485,#555);
#304=LINE('',#2487,#556);
#305=LINE('',#2489,#557);
#306=LINE('',#2490,#558);
#307=LINE('',#2493,#559);
#308=LINE('',#2495,#560);
#309=LINE('',#2497,#561);
#310=LINE('',#2498,#562);
#311=LINE('',#2501,#563);
#312=LINE('',#2503,#564);
#313=LINE('',#2505,#565);
#314=LINE('',#2506,#566);
#315=LINE('',#2509,#567);
#316=LINE('',#2511,#568);
#317=LINE('',#2513,#569);
#318=LINE('',#2514,#570);
#319=LINE('',#2517,#571);
#320=LINE('',#2519,#572);
#321=LINE('',#2521,#573);
#322=LINE('',#2522,#574);
#323=LINE('',#2525,#575);
#324=LINE('',#2527,#576);
#325=LINE('',#2529,#577);
#326=LINE('',#2530,#578);
#327=LINE('',#2533,#579);
#328=LINE('',#2535,#580);
#329=LINE('',#2537,#581);
#330=LINE('',#2538,#582);
#331=LINE('',#2541,#583);
#332=LINE('',#2543,#584);
#333=LINE('',#2544,#585);
#334=LINE('',#2547,#586);
#335=LINE('',#2549,#587);
#336=LINE('',#2550,#588);
#337=LINE('',#2553,#589);
#338=LINE('',#2555,#590);
#339=LINE('',#2556,#591);
#340=LINE('',#2559,#592);
#341=LINE('',#2561,#593);
#342=LINE('',#2562,#594);
#343=LINE('',#2565,#595);
#344=LINE('',#2567,#596);
#345=LINE('',#2568,#597);
#346=LINE('',#2571,#598);
#347=LINE('',#2573,#599);
#348=LINE('',#2574,#600);
#349=LINE('',#2577,#601);
#350=LINE('',#2579,#602);
#351=LINE('',#2580,#603);
#352=LINE('',#2583,#604);
#353=LINE('',#2585,#605);
#354=LINE('',#2586,#606);
#355=LINE('',#2589,#607);
#356=LINE('',#2591,#608);
#357=LINE('',#2592,#609);
#358=LINE('',#2595,#610);
#359=LINE('',#2597,#611);
#360=LINE('',#2598,#612);
#361=LINE('',#2601,#613);
#362=LINE('',#2603,#614);
#363=LINE('',#2604,#615);
#364=LINE('',#2607,#616);
#365=LINE('',#2609,#617);
#366=LINE('',#2610,#618);
#367=LINE('',#2613,#619);
#368=LINE('',#2615,#620);
#369=LINE('',#2617,#621);
#370=LINE('',#2619,#622);
#371=LINE('',#2620,#623);
#372=LINE('',#2623,#624);
#373=LINE('',#2624,#625);
#374=LINE('',#2627,#626);
#375=LINE('',#2629,#627);
#376=LINE('',#2631,#628);
#377=LINE('',#2632,#629);
#378=LINE('',#2635,#630);
#379=LINE('',#2637,#631);
#380=LINE('',#2639,#632);
#381=LINE('',#2641,#633);
#382=LINE('',#2642,#634);
#383=LINE('',#2645,#635);
#384=LINE('',#2646,#636);
#385=LINE('',#2649,#637);
#386=LINE('',#2651,#638);
#387=LINE('',#2653,#639);
#388=LINE('',#2654,#640);
#389=LINE('',#2657,#641);
#390=LINE('',#2659,#642);
#391=LINE('',#2660,#643);
#392=LINE('',#2663,#644);
#393=LINE('',#2665,#645);
#394=LINE('',#2666,#646);
#395=LINE('',#2669,#647);
#396=LINE('',#2671,#648);
#397=LINE('',#2672,#649);
#398=LINE('',#2675,#650);
#399=LINE('',#2677,#651);
#400=LINE('',#2678,#652);
#401=LINE('',#2681,#653);
#402=LINE('',#2682,#654);
#403=LINE('',#2685,#655);
#404=LINE('',#2686,#656);
#405=LINE('',#2689,#657);
#406=LINE('',#2691,#658);
#407=LINE('',#2693,#659);
#408=LINE('',#2695,#660);
#409=LINE('',#2696,#661);
#410=LINE('',#2697,#662);
#411=LINE('',#2699,#663);
#412=LINE('',#2701,#664);
#413=LINE('',#2703,#665);
#414=LINE('',#2705,#666);
#415=LINE('',#2706,#667);
#416=LINE('',#2707,#668);
#417=LINE('',#2709,#669);
#418=LINE('',#2711,#670);
#419=LINE('',#2712,#671);
#420=LINE('',#2714,#672);
#421=LINE('',#2716,#673);
#422=LINE('',#2717,#674);
#423=LINE('',#2719,#675);
#424=LINE('',#2721,#676);
#425=LINE('',#2722,#677);
#426=LINE('',#2724,#678);
#427=LINE('',#2726,#679);
#428=LINE('',#2727,#680);
#429=LINE('',#2728,#681);
#430=LINE('',#2730,#682);
#431=LINE('',#2732,#683);
#432=LINE('',#2733,#684);
#433=LINE('',#2735,#685);
#434=LINE('',#2737,#686);
#435=LINE('',#2738,#687);
#436=LINE('',#2740,#688);
#437=LINE('',#2742,#689);
#438=LINE('',#2743,#690);
#439=LINE('',#2745,#691);
#440=LINE('',#2747,#692);
#441=LINE('',#2748,#693);
#442=LINE('',#2750,#694);
#443=LINE('',#2752,#695);
#444=LINE('',#2753,#696);
#445=LINE('',#2755,#697);
#446=LINE('',#2757,#698);
#447=LINE('',#2758,#699);
#448=LINE('',#2760,#700);
#449=LINE('',#2762,#701);
#450=LINE('',#2763,#702);
#451=LINE('',#2765,#703);
#452=LINE('',#2767,#704);
#453=LINE('',#2768,#705);
#454=LINE('',#2770,#706);
#455=LINE('',#2772,#707);
#456=LINE('',#2773,#708);
#457=LINE('',#2775,#709);
#458=LINE('',#2777,#710);
#459=LINE('',#2778,#711);
#460=LINE('',#2780,#712);
#461=LINE('',#2782,#713);
#462=LINE('',#2783,#714);
#463=LINE('',#2785,#715);
#464=LINE('',#2787,#716);
#465=LINE('',#2789,#717);
#466=LINE('',#2791,#718);
#467=LINE('',#2793,#719);
#468=LINE('',#2795,#720);
#469=LINE('',#2797,#721);
#470=LINE('',#2799,#722);
#471=LINE('',#2801,#723);
#472=LINE('',#2803,#724);
#473=LINE('',#2805,#725);
#474=LINE('',#2807,#726);
#475=LINE('',#2809,#727);
#476=LINE('',#2811,#728);
#477=LINE('',#2813,#729);
#478=LINE('',#2815,#730);
#479=LINE('',#2817,#731);
#480=LINE('',#2819,#732);
#481=LINE('',#2821,#733);
#482=LINE('',#2823,#734);
#483=LINE('',#2825,#735);
#484=LINE('',#2827,#736);
#485=LINE('',#2829,#737);
#486=LINE('',#2831,#738);
#487=LINE('',#2833,#739);
#488=LINE('',#2835,#740);
#489=LINE('',#2837,#741);
#490=LINE('',#2839,#742);
#491=LINE('',#2841,#743);
#492=LINE('',#2843,#744);
#493=LINE('',#2845,#745);
#494=LINE('',#2847,#746);
#495=LINE('',#2849,#747);
#496=LINE('',#2851,#748);
#497=LINE('',#2853,#749);
#498=LINE('',#2855,#750);
#499=LINE('',#2871,#751);
#500=LINE('',#2873,#752);
#501=LINE('',#2875,#753);
#502=LINE('',#2877,#754);
#503=VECTOR('',#1955,1000.);
#504=VECTOR('',#1956,1000.);
#505=VECTOR('',#1957,1000.);
#506=VECTOR('',#1958,1000.);
#507=VECTOR('',#1959,1000.);
#508=VECTOR('',#1960,1000.);
#509=VECTOR('',#1961,1000.);
#510=VECTOR('',#1962,1000.);
#511=VECTOR('',#1963,1000.);
#512=VECTOR('',#1964,1000.);
#513=VECTOR('',#1965,1000.);
#514=VECTOR('',#1966,1000.);
#515=VECTOR('',#1967,1000.);
#516=VECTOR('',#1968,1000.);
#517=VECTOR('',#1969,1000.);
#518=VECTOR('',#1970,1000.);
#519=VECTOR('',#1971,1000.);
#520=VECTOR('',#1972,1000.);
#521=VECTOR('',#1973,1000.);
#522=VECTOR('',#1974,1000.);
#523=VECTOR('',#1975,1000.);
#524=VECTOR('',#1976,1000.);
#525=VECTOR('',#1977,1000.);
#526=VECTOR('',#1978,1000.);
#527=VECTOR('',#1979,1000.);
#528=VECTOR('',#1980,1000.);
#529=VECTOR('',#1981,1000.);
#530=VECTOR('',#1982,1000.);
#531=VECTOR('',#1983,1000.);
#532=VECTOR('',#1984,1000.);
#533=VECTOR('',#1985,1000.);
#534=VECTOR('',#1986,1000.);
#535=VECTOR('',#1987,1000.);
#536=VECTOR('',#1988,1000.);
#537=VECTOR('',#1989,1000.);
#538=VECTOR('',#1990,1000.);
#539=VECTOR('',#1991,1000.);
#540=VECTOR('',#1992,1000.);
#541=VECTOR('',#1993,1000.);
#542=VECTOR('',#1994,1000.);
#543=VECTOR('',#1995,1000.);
#544=VECTOR('',#1996,1000.);
#545=VECTOR('',#1997,1000.);
#546=VECTOR('',#1998,1000.);
#547=VECTOR('',#1999,1000.);
#548=VECTOR('',#2000,1000.);
#549=VECTOR('',#2001,1000.);
#550=VECTOR('',#2002,1000.);
#551=VECTOR('',#2003,1000.);
#552=VECTOR('',#2004,1000.);
#553=VECTOR('',#2005,1000.);
#554=VECTOR('',#2006,1000.);
#555=VECTOR('',#2007,1000.);
#556=VECTOR('',#2008,1000.);
#557=VECTOR('',#2009,1000.);
#558=VECTOR('',#2010,1000.);
#559=VECTOR('',#2011,1000.);
#560=VECTOR('',#2012,1000.);
#561=VECTOR('',#2013,1000.);
#562=VECTOR('',#2014,1000.);
#563=VECTOR('',#2015,1000.);
#564=VECTOR('',#2016,1000.);
#565=VECTOR('',#2017,1000.);
#566=VECTOR('',#2018,1000.);
#567=VECTOR('',#2019,1000.);
#568=VECTOR('',#2020,1000.);
#569=VECTOR('',#2021,1000.);
#570=VECTOR('',#2022,1000.);
#571=VECTOR('',#2023,1000.);
#572=VECTOR('',#2024,1000.);
#573=VECTOR('',#2025,1000.);
#574=VECTOR('',#2026,1000.);
#575=VECTOR('',#2027,1000.);
#576=VECTOR('',#2028,1000.);
#577=VECTOR('',#2029,1000.);
#578=VECTOR('',#2030,1000.);
#579=VECTOR('',#2031,1000.);
#580=VECTOR('',#2032,1000.);
#581=VECTOR('',#2033,1000.);
#582=VECTOR('',#2034,1000.);
#583=VECTOR('',#2037,1000.);
#584=VECTOR('',#2038,1000.);
#585=VECTOR('',#2039,1000.);
#586=VECTOR('',#2042,1000.);
#587=VECTOR('',#2043,1000.);
#588=VECTOR('',#2044,1000.);
#589=VECTOR('',#2047,1000.);
#590=VECTOR('',#2048,1000.);
#591=VECTOR('',#2049,1000.);
#592=VECTOR('',#2052,1000.);
#593=VECTOR('',#2053,1000.);
#594=VECTOR('',#2054,1000.);
#595=VECTOR('',#2057,1000.);
#596=VECTOR('',#2058,1000.);
#597=VECTOR('',#2059,1000.);
#598=VECTOR('',#2062,1000.);
#599=VECTOR('',#2063,1000.);
#600=VECTOR('',#2064,1000.);
#601=VECTOR('',#2067,1000.);
#602=VECTOR('',#2068,1000.);
#603=VECTOR('',#2069,1000.);
#604=VECTOR('',#2072,1000.);
#605=VECTOR('',#2073,1000.);
#606=VECTOR('',#2074,1000.);
#607=VECTOR('',#2077,1000.);
#608=VECTOR('',#2078,1000.);
#609=VECTOR('',#2079,1000.);
#610=VECTOR('',#2082,1000.);
#611=VECTOR('',#2083,1000.);
#612=VECTOR('',#2084,1000.);
#613=VECTOR('',#2087,1000.);
#614=VECTOR('',#2088,1000.);
#615=VECTOR('',#2089,1000.);
#616=VECTOR('',#2092,1000.);
#617=VECTOR('',#2093,1000.);
#618=VECTOR('',#2094,1000.);
#619=VECTOR('',#2097,1000.);
#620=VECTOR('',#2098,1000.);
#621=VECTOR('',#2099,1000.);
#622=VECTOR('',#2100,1000.);
#623=VECTOR('',#2101,1000.);
#624=VECTOR('',#2104,1000.);
#625=VECTOR('',#2105,1000.);
#626=VECTOR('',#2108,1000.);
#627=VECTOR('',#2109,1000.);
#628=VECTOR('',#2110,1000.);
#629=VECTOR('',#2111,1000.);
#630=VECTOR('',#2114,1000.);
#631=VECTOR('',#2115,1000.);
#632=VECTOR('',#2116,1000.);
#633=VECTOR('',#2117,1000.);
#634=VECTOR('',#2118,1000.);
#635=VECTOR('',#2121,1000.);
#636=VECTOR('',#2122,1000.);
#637=VECTOR('',#2125,1000.);
#638=VECTOR('',#2126,1000.);
#639=VECTOR('',#2127,1000.);
#640=VECTOR('',#2128,1000.);
#641=VECTOR('',#2131,1000.);
#642=VECTOR('',#2132,1000.);
#643=VECTOR('',#2133,1000.);
#644=VECTOR('',#2136,1000.);
#645=VECTOR('',#2137,1000.);
#646=VECTOR('',#2138,1000.);
#647=VECTOR('',#2141,1000.);
#648=VECTOR('',#2142,1000.);
#649=VECTOR('',#2143,1000.);
#650=VECTOR('',#2146,1000.);
#651=VECTOR('',#2147,1000.);
#652=VECTOR('',#2148,1000.);
#653=VECTOR('',#2151,1000.);
#654=VECTOR('',#2152,1000.);
#655=VECTOR('',#2155,1000.);
#656=VECTOR('',#2156,1000.);
#657=VECTOR('',#2159,1000.);
#658=VECTOR('',#2160,1000.);
#659=VECTOR('',#2161,1000.);
#660=VECTOR('',#2162,1000.);
#661=VECTOR('',#2163,1000.);
#662=VECTOR('',#2164,1000.);
#663=VECTOR('',#2165,1000.);
#664=VECTOR('',#2166,1000.);
#665=VECTOR('',#2167,1000.);
#666=VECTOR('',#2168,1000.);
#667=VECTOR('',#2169,1000.);
#668=VECTOR('',#2170,1000.);
#669=VECTOR('',#2171,1000.);
#670=VECTOR('',#2172,1000.);
#671=VECTOR('',#2173,1000.);
#672=VECTOR('',#2174,1000.);
#673=VECTOR('',#2175,1000.);
#674=VECTOR('',#2176,1000.);
#675=VECTOR('',#2177,1000.);
#676=VECTOR('',#2178,1000.);
#677=VECTOR('',#2179,1000.);
#678=VECTOR('',#2180,1000.);
#679=VECTOR('',#2181,1000.);
#680=VECTOR('',#2182,1000.);
#681=VECTOR('',#2183,1000.);
#682=VECTOR('',#2184,1000.);
#683=VECTOR('',#2185,1000.);
#684=VECTOR('',#2186,1000.);
#685=VECTOR('',#2187,1000.);
#686=VECTOR('',#2188,1000.);
#687=VECTOR('',#2189,1000.);
#688=VECTOR('',#2190,1000.);
#689=VECTOR('',#2191,1000.);
#690=VECTOR('',#2192,1000.);
#691=VECTOR('',#2193,1000.);
#692=VECTOR('',#2194,1000.);
#693=VECTOR('',#2195,1000.);
#694=VECTOR('',#2196,1000.);
#695=VECTOR('',#2197,1000.);
#696=VECTOR('',#2198,1000.);
#697=VECTOR('',#2199,1000.);
#698=VECTOR('',#2200,1000.);
#699=VECTOR('',#2201,1000.);
#700=VECTOR('',#2202,1000.);
#701=VECTOR('',#2203,1000.);
#702=VECTOR('',#2204,1000.);
#703=VECTOR('',#2205,1000.);
#704=VECTOR('',#2206,1000.);
#705=VECTOR('',#2207,1000.);
#706=VECTOR('',#2208,1000.);
#707=VECTOR('',#2209,1000.);
#708=VECTOR('',#2210,1000.);
#709=VECTOR('',#2211,1000.);
#710=VECTOR('',#2212,1000.);
#711=VECTOR('',#2213,1000.);
#712=VECTOR('',#2214,1000.);
#713=VECTOR('',#2215,1000.);
#714=VECTOR('',#2216,1000.);
#715=VECTOR('',#2219,1000.);
#716=VECTOR('',#2222,1000.);
#717=VECTOR('',#2225,1000.);
#718=VECTOR('',#2228,1000.);
#719=VECTOR('',#2231,1000.);
#720=VECTOR('',#2234,1000.);
#721=VECTOR('',#2237,1000.);
#722=VECTOR('',#2240,1000.);
#723=VECTOR('',#2243,1000.);
#724=VECTOR('',#2246,1000.);
#725=VECTOR('',#2249,1000.);
#726=VECTOR('',#2252,1000.);
#727=VECTOR('',#2255,1000.);
#728=VECTOR('',#2258,1000.);
#729=VECTOR('',#2261,1000.);
#730=VECTOR('',#2264,1000.);
#731=VECTOR('',#2267,1000.);
#732=VECTOR('',#2270,1000.);
#733=VECTOR('',#2273,1000.);
#734=VECTOR('',#2276,1000.);
#735=VECTOR('',#2279,1000.);
#736=VECTOR('',#2282,1000.);
#737=VECTOR('',#2285,1000.);
#738=VECTOR('',#2288,1000.);
#739=VECTOR('',#2291,1000.);
#740=VECTOR('',#2294,1000.);
#741=VECTOR('',#2297,1000.);
#742=VECTOR('',#2300,1000.);
#743=VECTOR('',#2303,1000.);
#744=VECTOR('',#2306,1000.);
#745=VECTOR('',#2309,1000.);
#746=VECTOR('',#2312,1000.);
#747=VECTOR('',#2315,1000.);
#748=VECTOR('',#2318,1000.);
#749=VECTOR('',#2321,1000.);
#750=VECTOR('',#2324,1000.);
#751=VECTOR('',#2355,1000.);
#752=VECTOR('',#2358,1000.);
#753=VECTOR('',#2361,1000.);
#754=VECTOR('',#2364,1000.);
#755=VERTEX_POINT('',#2379);
#756=VERTEX_POINT('',#2380);
#757=VERTEX_POINT('',#2382);
#758=VERTEX_POINT('',#2384);
#759=VERTEX_POINT('',#2386);
#760=VERTEX_POINT('',#2388);
#761=VERTEX_POINT('',#2390);
#762=VERTEX_POINT('',#2392);
#763=VERTEX_POINT('',#2394);
#764=VERTEX_POINT('',#2396);
#765=VERTEX_POINT('',#2398);
#766=VERTEX_POINT('',#2400);
#767=VERTEX_POINT('',#2402);
#768=VERTEX_POINT('',#2404);
#769=VERTEX_POINT('',#2406);
#770=VERTEX_POINT('',#2408);
#771=VERTEX_POINT('',#2411);
#772=VERTEX_POINT('',#2412);
#773=VERTEX_POINT('',#2414);
#774=VERTEX_POINT('',#2416);
#775=VERTEX_POINT('',#2419);
#776=VERTEX_POINT('',#2420);
#777=VERTEX_POINT('',#2422);
#778=VERTEX_POINT('',#2424);
#779=VERTEX_POINT('',#2427);
#780=VERTEX_POINT('',#2428);
#781=VERTEX_POINT('',#2430);
#782=VERTEX_POINT('',#2432);
#783=VERTEX_POINT('',#2435);
#784=VERTEX_POINT('',#2436);
#785=VERTEX_POINT('',#2438);
#786=VERTEX_POINT('',#2440);
#787=VERTEX_POINT('',#2443);
#788=VERTEX_POINT('',#2444);
#789=VERTEX_POINT('',#2446);
#790=VERTEX_POINT('',#2448);
#791=VERTEX_POINT('',#2451);
#792=VERTEX_POINT('',#2452);
#793=VERTEX_POINT('',#2454);
#794=VERTEX_POINT('',#2456);
#795=VERTEX_POINT('',#2459);
#796=VERTEX_POINT('',#2460);
#797=VERTEX_POINT('',#2462);
#798=VERTEX_POINT('',#2464);
#799=VERTEX_POINT('',#2467);
#800=VERTEX_POINT('',#2468);
#801=VERTEX_POINT('',#2470);
#802=VERTEX_POINT('',#2472);
#803=VERTEX_POINT('',#2475);
#804=VERTEX_POINT('',#2476);
#805=VERTEX_POINT('',#2478);
#806=VERTEX_POINT('',#2480);
#807=VERTEX_POINT('',#2483);
#808=VERTEX_POINT('',#2484);
#809=VERTEX_POINT('',#2486);
#810=VERTEX_POINT('',#2488);
#811=VERTEX_POINT('',#2491);
#812=VERTEX_POINT('',#2492);
#813=VERTEX_POINT('',#2494);
#814=VERTEX_POINT('',#2496);
#815=VERTEX_POINT('',#2499);
#816=VERTEX_POINT('',#2500);
#817=VERTEX_POINT('',#2502);
#818=VERTEX_POINT('',#2504);
#819=VERTEX_POINT('',#2507);
#820=VERTEX_POINT('',#2508);
#821=VERTEX_POINT('',#2510);
#822=VERTEX_POINT('',#2512);
#823=VERTEX_POINT('',#2515);
#824=VERTEX_POINT('',#2516);
#825=VERTEX_POINT('',#2518);
#826=VERTEX_POINT('',#2520);
#827=VERTEX_POINT('',#2523);
#828=VERTEX_POINT('',#2524);
#829=VERTEX_POINT('',#2526);
#830=VERTEX_POINT('',#2528);
#831=VERTEX_POINT('',#2531);
#832=VERTEX_POINT('',#2532);
#833=VERTEX_POINT('',#2534);
#834=VERTEX_POINT('',#2536);
#835=VERTEX_POINT('',#2540);
#836=VERTEX_POINT('',#2542);
#837=VERTEX_POINT('',#2546);
#838=VERTEX_POINT('',#2548);
#839=VERTEX_POINT('',#2552);
#840=VERTEX_POINT('',#2554);
#841=VERTEX_POINT('',#2558);
#842=VERTEX_POINT('',#2560);
#843=VERTEX_POINT('',#2564);
#844=VERTEX_POINT('',#2566);
#845=VERTEX_POINT('',#2570);
#846=VERTEX_POINT('',#2572);
#847=VERTEX_POINT('',#2576);
#848=VERTEX_POINT('',#2578);
#849=VERTEX_POINT('',#2582);
#850=VERTEX_POINT('',#2584);
#851=VERTEX_POINT('',#2588);
#852=VERTEX_POINT('',#2590);
#853=VERTEX_POINT('',#2594);
#854=VERTEX_POINT('',#2596);
#855=VERTEX_POINT('',#2600);
#856=VERTEX_POINT('',#2602);
#857=VERTEX_POINT('',#2606);
#858=VERTEX_POINT('',#2608);
#859=VERTEX_POINT('',#2612);
#860=VERTEX_POINT('',#2614);
#861=VERTEX_POINT('',#2616);
#862=VERTEX_POINT('',#2618);
#863=VERTEX_POINT('',#2622);
#864=VERTEX_POINT('',#2626);
#865=VERTEX_POINT('',#2628);
#866=VERTEX_POINT('',#2630);
#867=VERTEX_POINT('',#2634);
#868=VERTEX_POINT('',#2636);
#869=VERTEX_POINT('',#2638);
#870=VERTEX_POINT('',#2640);
#871=VERTEX_POINT('',#2644);
#872=VERTEX_POINT('',#2648);
#873=VERTEX_POINT('',#2650);
#874=VERTEX_POINT('',#2652);
#875=VERTEX_POINT('',#2656);
#876=VERTEX_POINT('',#2658);
#877=VERTEX_POINT('',#2662);
#878=VERTEX_POINT('',#2664);
#879=VERTEX_POINT('',#2668);
#880=VERTEX_POINT('',#2670);
#881=VERTEX_POINT('',#2674);
#882=VERTEX_POINT('',#2676);
#883=VERTEX_POINT('',#2680);
#884=VERTEX_POINT('',#2684);
#885=VERTEX_POINT('',#2688);
#886=VERTEX_POINT('',#2690);
#887=VERTEX_POINT('',#2692);
#888=VERTEX_POINT('',#2694);
#889=VERTEX_POINT('',#2698);
#890=VERTEX_POINT('',#2700);
#891=VERTEX_POINT('',#2702);
#892=VERTEX_POINT('',#2704);
#893=VERTEX_POINT('',#2708);
#894=VERTEX_POINT('',#2710);
#895=VERTEX_POINT('',#2713);
#896=VERTEX_POINT('',#2715);
#897=VERTEX_POINT('',#2718);
#898=VERTEX_POINT('',#2720);
#899=VERTEX_POINT('',#2723);
#900=VERTEX_POINT('',#2725);
#901=VERTEX_POINT('',#2729);
#902=VERTEX_POINT('',#2731);
#903=VERTEX_POINT('',#2734);
#904=VERTEX_POINT('',#2736);
#905=VERTEX_POINT('',#2739);
#906=VERTEX_POINT('',#2741);
#907=VERTEX_POINT('',#2744);
#908=VERTEX_POINT('',#2746);
#909=VERTEX_POINT('',#2749);
#910=VERTEX_POINT('',#2751);
#911=VERTEX_POINT('',#2754);
#912=VERTEX_POINT('',#2756);
#913=VERTEX_POINT('',#2759);
#914=VERTEX_POINT('',#2761);
#915=VERTEX_POINT('',#2764);
#916=VERTEX_POINT('',#2766);
#917=VERTEX_POINT('',#2769);
#918=VERTEX_POINT('',#2771);
#919=VERTEX_POINT('',#2774);
#920=VERTEX_POINT('',#2776);
#921=VERTEX_POINT('',#2779);
#922=VERTEX_POINT('',#2781);
#923=EDGE_CURVE('',#755,#756,#251,.T.);
#924=EDGE_CURVE('',#757,#755,#252,.T.);
#925=EDGE_CURVE('',#758,#757,#253,.T.);
#926=EDGE_CURVE('',#759,#758,#254,.T.);
#927=EDGE_CURVE('',#759,#760,#255,.T.);
#928=EDGE_CURVE('',#760,#761,#256,.T.);
#929=EDGE_CURVE('',#761,#762,#257,.T.);
#930=EDGE_CURVE('',#762,#763,#258,.T.);
#931=EDGE_CURVE('',#763,#764,#259,.T.);
#932=EDGE_CURVE('',#765,#764,#260,.T.);
#933=EDGE_CURVE('',#765,#766,#261,.T.);
#934=EDGE_CURVE('',#766,#767,#262,.T.);
#935=EDGE_CURVE('',#767,#768,#263,.T.);
#936=EDGE_CURVE('',#768,#769,#264,.T.);
#937=EDGE_CURVE('',#769,#770,#265,.T.);
#938=EDGE_CURVE('',#756,#770,#266,.T.);
#939=EDGE_CURVE('',#771,#772,#267,.T.);
#940=EDGE_CURVE('',#772,#773,#268,.T.);
#941=EDGE_CURVE('',#773,#774,#269,.T.);
#942=EDGE_CURVE('',#774,#771,#270,.T.);
#943=EDGE_CURVE('',#775,#776,#271,.T.);
#944=EDGE_CURVE('',#776,#777,#272,.T.);
#945=EDGE_CURVE('',#777,#778,#273,.T.);
#946=EDGE_CURVE('',#778,#775,#274,.T.);
#947=EDGE_CURVE('',#779,#780,#275,.T.);
#948=EDGE_CURVE('',#780,#781,#276,.T.);
#949=EDGE_CURVE('',#781,#782,#277,.T.);
#950=EDGE_CURVE('',#782,#779,#278,.T.);
#951=EDGE_CURVE('',#783,#784,#279,.T.);
#952=EDGE_CURVE('',#784,#785,#280,.T.);
#953=EDGE_CURVE('',#785,#786,#281,.T.);
#954=EDGE_CURVE('',#786,#783,#282,.T.);
#955=EDGE_CURVE('',#787,#788,#283,.T.);
#956=EDGE_CURVE('',#788,#789,#284,.T.);
#957=EDGE_CURVE('',#789,#790,#285,.T.);
#958=EDGE_CURVE('',#790,#787,#286,.T.);
#959=EDGE_CURVE('',#791,#792,#287,.T.);
#960=EDGE_CURVE('',#792,#793,#288,.T.);
#961=EDGE_CURVE('',#793,#794,#289,.T.);
#962=EDGE_CURVE('',#794,#791,#290,.T.);
#963=EDGE_CURVE('',#795,#796,#291,.T.);
#964=EDGE_CURVE('',#796,#797,#292,.T.);
#965=EDGE_CURVE('',#797,#798,#293,.T.);
#966=EDGE_CURVE('',#798,#795,#294,.T.);
#967=EDGE_CURVE('',#799,#800,#295,.T.);
#968=EDGE_CURVE('',#800,#801,#296,.T.);
#969=EDGE_CURVE('',#801,#802,#297,.T.);
#970=EDGE_CURVE('',#802,#799,#298,.T.);
#971=EDGE_CURVE('',#803,#804,#299,.T.);
#972=EDGE_CURVE('',#804,#805,#300,.T.);
#973=EDGE_CURVE('',#805,#806,#301,.T.);
#974=EDGE_CURVE('',#806,#803,#302,.T.);
#975=EDGE_CURVE('',#807,#808,#303,.T.);
#976=EDGE_CURVE('',#808,#809,#304,.T.);
#977=EDGE_CURVE('',#809,#810,#305,.T.);
#978=EDGE_CURVE('',#810,#807,#306,.T.);
#979=EDGE_CURVE('',#811,#812,#307,.T.);
#980=EDGE_CURVE('',#812,#813,#308,.T.);
#981=EDGE_CURVE('',#813,#814,#309,.T.);
#982=EDGE_CURVE('',#814,#811,#310,.T.);
#983=EDGE_CURVE('',#815,#816,#311,.T.);
#984=EDGE_CURVE('',#816,#817,#312,.T.);
#985=EDGE_CURVE('',#817,#818,#313,.T.);
#986=EDGE_CURVE('',#818,#815,#314,.T.);
#987=EDGE_CURVE('',#819,#820,#315,.T.);
#988=EDGE_CURVE('',#820,#821,#316,.T.);
#989=EDGE_CURVE('',#821,#822,#317,.T.);
#990=EDGE_CURVE('',#822,#819,#318,.T.);
#991=EDGE_CURVE('',#823,#824,#319,.T.);
#992=EDGE_CURVE('',#824,#825,#320,.T.);
#993=EDGE_CURVE('',#825,#826,#321,.T.);
#994=EDGE_CURVE('',#826,#823,#322,.T.);
#995=EDGE_CURVE('',#827,#828,#323,.T.);
#996=EDGE_CURVE('',#828,#829,#324,.T.);
#997=EDGE_CURVE('',#829,#830,#325,.T.);
#998=EDGE_CURVE('',#830,#827,#326,.T.);
#999=EDGE_CURVE('',#831,#832,#327,.T.);
#1000=EDGE_CURVE('',#832,#833,#328,.T.);
#1001=EDGE_CURVE('',#833,#834,#329,.T.);
#1002=EDGE_CURVE('',#834,#831,#330,.T.);
#1003=EDGE_CURVE('',#835,#788,#331,.T.);
#1004=EDGE_CURVE('',#836,#835,#332,.T.);
#1005=EDGE_CURVE('',#789,#836,#333,.T.);
#1006=EDGE_CURVE('',#837,#792,#334,.T.);
#1007=EDGE_CURVE('',#838,#837,#335,.T.);
#1008=EDGE_CURVE('',#793,#838,#336,.T.);
#1009=EDGE_CURVE('',#839,#796,#337,.T.);
#1010=EDGE_CURVE('',#840,#839,#338,.T.);
#1011=EDGE_CURVE('',#797,#840,#339,.T.);
#1012=EDGE_CURVE('',#841,#800,#340,.T.);
#1013=EDGE_CURVE('',#842,#841,#341,.T.);
#1014=EDGE_CURVE('',#801,#842,#342,.T.);
#1015=EDGE_CURVE('',#843,#804,#343,.T.);
#1016=EDGE_CURVE('',#844,#843,#344,.T.);
#1017=EDGE_CURVE('',#805,#844,#345,.T.);
#1018=EDGE_CURVE('',#845,#808,#346,.T.);
#1019=EDGE_CURVE('',#846,#845,#347,.T.);
#1020=EDGE_CURVE('',#809,#846,#348,.T.);
#1021=EDGE_CURVE('',#847,#812,#349,.T.);
#1022=EDGE_CURVE('',#848,#847,#350,.T.);
#1023=EDGE_CURVE('',#813,#848,#351,.T.);
#1024=EDGE_CURVE('',#849,#816,#352,.T.);
#1025=EDGE_CURVE('',#850,#849,#353,.T.);
#1026=EDGE_CURVE('',#817,#850,#354,.T.);
#1027=EDGE_CURVE('',#851,#820,#355,.T.);
#1028=EDGE_CURVE('',#852,#851,#356,.T.);
#1029=EDGE_CURVE('',#821,#852,#357,.T.);
#1030=EDGE_CURVE('',#853,#824,#358,.T.);
#1031=EDGE_CURVE('',#854,#853,#359,.T.);
#1032=EDGE_CURVE('',#825,#854,#360,.T.);
#1033=EDGE_CURVE('',#855,#828,#361,.T.);
#1034=EDGE_CURVE('',#856,#855,#362,.T.);
#1035=EDGE_CURVE('',#829,#856,#363,.T.);
#1036=EDGE_CURVE('',#857,#832,#364,.T.);
#1037=EDGE_CURVE('',#858,#857,#365,.T.);
#1038=EDGE_CURVE('',#833,#858,#366,.T.);
#1039=EDGE_CURVE('',#770,#859,#367,.T.);
#1040=EDGE_CURVE('',#860,#769,#368,.T.);
#1041=EDGE_CURVE('',#860,#861,#369,.T.);
#1042=EDGE_CURVE('',#861,#862,#370,.T.);
#1043=EDGE_CURVE('',#859,#862,#371,.T.);
#1044=EDGE_CURVE('',#863,#768,#372,.T.);
#1045=EDGE_CURVE('',#860,#863,#373,.T.);
#1046=EDGE_CURVE('',#864,#767,#374,.T.);
#1047=EDGE_CURVE('',#865,#864,#375,.T.);
#1048=EDGE_CURVE('',#865,#866,#376,.T.);
#1049=EDGE_CURVE('',#863,#866,#377,.T.);
#1050=EDGE_CURVE('',#762,#867,#378,.T.);
#1051=EDGE_CURVE('',#868,#761,#379,.T.);
#1052=EDGE_CURVE('',#868,#869,#380,.T.);
#1053=EDGE_CURVE('',#869,#870,#381,.T.);
#1054=EDGE_CURVE('',#867,#870,#382,.T.);
#1055=EDGE_CURVE('',#871,#760,#383,.T.);
#1056=EDGE_CURVE('',#868,#871,#384,.T.);
#1057=EDGE_CURVE('',#872,#759,#385,.T.);
#1058=EDGE_CURVE('',#873,#872,#386,.T.);
#1059=EDGE_CURVE('',#873,#874,#387,.T.);
#1060=EDGE_CURVE('',#871,#874,#388,.T.);
#1061=EDGE_CURVE('',#875,#772,#389,.T.);
#1062=EDGE_CURVE('',#876,#875,#390,.T.);
#1063=EDGE_CURVE('',#773,#876,#391,.T.);
#1064=EDGE_CURVE('',#877,#776,#392,.T.);
#1065=EDGE_CURVE('',#878,#877,#393,.T.);
#1066=EDGE_CURVE('',#777,#878,#394,.T.);
#1067=EDGE_CURVE('',#879,#780,#395,.T.);
#1068=EDGE_CURVE('',#880,#879,#396,.T.);
#1069=EDGE_CURVE('',#781,#880,#397,.T.);
#1070=EDGE_CURVE('',#881,#784,#398,.T.);
#1071=EDGE_CURVE('',#882,#881,#399,.T.);
#1072=EDGE_CURVE('',#785,#882,#400,.T.);
#1073=EDGE_CURVE('',#883,#836,#401,.T.);
#1074=EDGE_CURVE('',#790,#883,#402,.T.);
#1075=EDGE_CURVE('',#884,#787,#403,.T.);
#1076=EDGE_CURVE('',#835,#884,#404,.T.);
#1077=EDGE_CURVE('',#885,#872,#405,.T.);
#1078=EDGE_CURVE('',#886,#885,#406,.T.);
#1079=EDGE_CURVE('',#887,#886,#407,.T.);
#1080=EDGE_CURVE('',#888,#887,#408,.T.);
#1081=EDGE_CURVE('',#859,#888,#409,.T.);
#1082=EDGE_CURVE('',#865,#862,#410,.T.);
#1083=EDGE_CURVE('',#889,#864,#411,.T.);
#1084=EDGE_CURVE('',#889,#890,#412,.T.);
#1085=EDGE_CURVE('',#891,#890,#413,.T.);
#1086=EDGE_CURVE('',#891,#892,#414,.T.);
#1087=EDGE_CURVE('',#867,#892,#415,.T.);
#1088=EDGE_CURVE('',#873,#870,#416,.T.);
#1089=EDGE_CURVE('',#876,#893,#417,.T.);
#1090=EDGE_CURVE('',#894,#875,#418,.T.);
#1091=EDGE_CURVE('',#894,#893,#419,.T.);
#1092=EDGE_CURVE('',#878,#895,#420,.T.);
#1093=EDGE_CURVE('',#896,#877,#421,.T.);
#1094=EDGE_CURVE('',#896,#895,#422,.T.);
#1095=EDGE_CURVE('',#880,#897,#423,.T.);
#1096=EDGE_CURVE('',#898,#879,#424,.T.);
#1097=EDGE_CURVE('',#898,#897,#425,.T.);
#1098=EDGE_CURVE('',#882,#899,#426,.T.);
#1099=EDGE_CURVE('',#900,#881,#427,.T.);
#1100=EDGE_CURVE('',#900,#899,#428,.T.);
#1101=EDGE_CURVE('',#883,#884,#429,.T.);
#1102=EDGE_CURVE('',#901,#837,#430,.T.);
#1103=EDGE_CURVE('',#901,#902,#431,.T.);
#1104=EDGE_CURVE('',#838,#902,#432,.T.);
#1105=EDGE_CURVE('',#903,#839,#433,.T.);
#1106=EDGE_CURVE('',#903,#904,#434,.T.);
#1107=EDGE_CURVE('',#840,#904,#435,.T.);
#1108=EDGE_CURVE('',#905,#841,#436,.T.);
#1109=EDGE_CURVE('',#905,#906,#437,.T.);
#1110=EDGE_CURVE('',#842,#906,#438,.T.);
#1111=EDGE_CURVE('',#907,#843,#439,.T.);
#1112=EDGE_CURVE('',#907,#908,#440,.T.);
#1113=EDGE_CURVE('',#844,#908,#441,.T.);
#1114=EDGE_CURVE('',#909,#845,#442,.T.);
#1115=EDGE_CURVE('',#909,#910,#443,.T.);
#1116=EDGE_CURVE('',#846,#910,#444,.T.);
#1117=EDGE_CURVE('',#911,#847,#445,.T.);
#1118=EDGE_CURVE('',#911,#912,#446,.T.);
#1119=EDGE_CURVE('',#848,#912,#447,.T.);
#1120=EDGE_CURVE('',#913,#849,#448,.T.);
#1121=EDGE_CURVE('',#913,#914,#449,.T.);
#1122=EDGE_CURVE('',#850,#914,#450,.T.);
#1123=EDGE_CURVE('',#915,#851,#451,.T.);
#1124=EDGE_CURVE('',#915,#916,#452,.T.);
#1125=EDGE_CURVE('',#852,#916,#453,.T.);
#1126=EDGE_CURVE('',#917,#853,#454,.T.);
#1127=EDGE_CURVE('',#917,#918,#455,.T.);
#1128=EDGE_CURVE('',#854,#918,#456,.T.);
#1129=EDGE_CURVE('',#919,#855,#457,.T.);
#1130=EDGE_CURVE('',#919,#920,#458,.T.);
#1131=EDGE_CURVE('',#856,#920,#459,.T.);
#1132=EDGE_CURVE('',#921,#857,#460,.T.);
#1133=EDGE_CURVE('',#921,#922,#461,.T.);
#1134=EDGE_CURVE('',#858,#922,#462,.T.);
#1135=EDGE_CURVE('',#794,#902,#463,.T.);
#1136=EDGE_CURVE('',#901,#791,#464,.T.);
#1137=EDGE_CURVE('',#798,#904,#465,.T.);
#1138=EDGE_CURVE('',#903,#795,#466,.T.);
#1139=EDGE_CURVE('',#802,#906,#467,.T.);
#1140=EDGE_CURVE('',#905,#799,#468,.T.);
#1141=EDGE_CURVE('',#806,#908,#469,.T.);
#1142=EDGE_CURVE('',#907,#803,#470,.T.);
#1143=EDGE_CURVE('',#810,#910,#471,.T.);
#1144=EDGE_CURVE('',#909,#807,#472,.T.);
#1145=EDGE_CURVE('',#814,#912,#473,.T.);
#1146=EDGE_CURVE('',#911,#811,#474,.T.);
#1147=EDGE_CURVE('',#818,#914,#475,.T.);
#1148=EDGE_CURVE('',#913,#815,#476,.T.);
#1149=EDGE_CURVE('',#822,#916,#477,.T.);
#1150=EDGE_CURVE('',#915,#819,#478,.T.);
#1151=EDGE_CURVE('',#826,#918,#479,.T.);
#1152=EDGE_CURVE('',#917,#823,#480,.T.);
#1153=EDGE_CURVE('',#830,#920,#481,.T.);
#1154=EDGE_CURVE('',#919,#827,#482,.T.);
#1155=EDGE_CURVE('',#834,#922,#483,.T.);
#1156=EDGE_CURVE('',#921,#831,#484,.T.);
#1157=EDGE_CURVE('',#888,#756,#485,.T.);
#1158=EDGE_CURVE('',#861,#866,#486,.T.);
#1159=EDGE_CURVE('',#889,#766,#487,.T.);
#1160=EDGE_CURVE('',#763,#892,#488,.T.);
#1161=EDGE_CURVE('',#869,#874,#489,.T.);
#1162=EDGE_CURVE('',#758,#885,#490,.T.);
#1163=EDGE_CURVE('',#774,#893,#491,.T.);
#1164=EDGE_CURVE('',#894,#771,#492,.T.);
#1165=EDGE_CURVE('',#778,#895,#493,.T.);
#1166=EDGE_CURVE('',#896,#775,#494,.T.);
#1167=EDGE_CURVE('',#782,#897,#495,.T.);
#1168=EDGE_CURVE('',#898,#779,#496,.T.);
#1169=EDGE_CURVE('',#786,#899,#497,.T.);
#1170=EDGE_CURVE('',#900,#783,#498,.T.);
#1171=EDGE_CURVE('',#887,#755,#499,.T.);
#1172=EDGE_CURVE('',#890,#765,#500,.T.);
#1173=EDGE_CURVE('',#764,#891,#501,.T.);
#1174=EDGE_CURVE('',#757,#886,#502,.T.);
#1175=ORIENTED_EDGE('',*,*,#923,.F.);
#1176=ORIENTED_EDGE('',*,*,#924,.F.);
#1177=ORIENTED_EDGE('',*,*,#925,.F.);
#1178=ORIENTED_EDGE('',*,*,#926,.F.);
#1179=ORIENTED_EDGE('',*,*,#927,.T.);
#1180=ORIENTED_EDGE('',*,*,#928,.T.);
#1181=ORIENTED_EDGE('',*,*,#929,.T.);
#1182=ORIENTED_EDGE('',*,*,#930,.T.);
#1183=ORIENTED_EDGE('',*,*,#931,.T.);
#1184=ORIENTED_EDGE('',*,*,#932,.F.);
#1185=ORIENTED_EDGE('',*,*,#933,.T.);
#1186=ORIENTED_EDGE('',*,*,#934,.T.);
#1187=ORIENTED_EDGE('',*,*,#935,.T.);
#1188=ORIENTED_EDGE('',*,*,#936,.T.);
#1189=ORIENTED_EDGE('',*,*,#937,.T.);
#1190=ORIENTED_EDGE('',*,*,#938,.F.);
#1191=ORIENTED_EDGE('',*,*,#939,.T.);
#1192=ORIENTED_EDGE('',*,*,#940,.T.);
#1193=ORIENTED_EDGE('',*,*,#941,.T.);
#1194=ORIENTED_EDGE('',*,*,#942,.T.);
#1195=ORIENTED_EDGE('',*,*,#943,.T.);
#1196=ORIENTED_EDGE('',*,*,#944,.T.);
#1197=ORIENTED_EDGE('',*,*,#945,.T.);
#1198=ORIENTED_EDGE('',*,*,#946,.T.);
#1199=ORIENTED_EDGE('',*,*,#947,.T.);
#1200=ORIENTED_EDGE('',*,*,#948,.T.);
#1201=ORIENTED_EDGE('',*,*,#949,.T.);
#1202=ORIENTED_EDGE('',*,*,#950,.T.);
#1203=ORIENTED_EDGE('',*,*,#951,.T.);
#1204=ORIENTED_EDGE('',*,*,#952,.T.);
#1205=ORIENTED_EDGE('',*,*,#953,.T.);
#1206=ORIENTED_EDGE('',*,*,#954,.T.);
#1207=ORIENTED_EDGE('',*,*,#955,.T.);
#1208=ORIENTED_EDGE('',*,*,#956,.T.);
#1209=ORIENTED_EDGE('',*,*,#957,.T.);
#1210=ORIENTED_EDGE('',*,*,#958,.T.);
#1211=ORIENTED_EDGE('',*,*,#959,.T.);
#1212=ORIENTED_EDGE('',*,*,#960,.T.);
#1213=ORIENTED_EDGE('',*,*,#961,.T.);
#1214=ORIENTED_EDGE('',*,*,#962,.T.);
#1215=ORIENTED_EDGE('',*,*,#963,.T.);
#1216=ORIENTED_EDGE('',*,*,#964,.T.);
#1217=ORIENTED_EDGE('',*,*,#965,.T.);
#1218=ORIENTED_EDGE('',*,*,#966,.T.);
#1219=ORIENTED_EDGE('',*,*,#967,.T.);
#1220=ORIENTED_EDGE('',*,*,#968,.T.);
#1221=ORIENTED_EDGE('',*,*,#969,.T.);
#1222=ORIENTED_EDGE('',*,*,#970,.T.);
#1223=ORIENTED_EDGE('',*,*,#971,.T.);
#1224=ORIENTED_EDGE('',*,*,#972,.T.);
#1225=ORIENTED_EDGE('',*,*,#973,.T.);
#1226=ORIENTED_EDGE('',*,*,#974,.T.);
#1227=ORIENTED_EDGE('',*,*,#975,.T.);
#1228=ORIENTED_EDGE('',*,*,#976,.T.);
#1229=ORIENTED_EDGE('',*,*,#977,.T.);
#1230=ORIENTED_EDGE('',*,*,#978,.T.);
#1231=ORIENTED_EDGE('',*,*,#979,.T.);
#1232=ORIENTED_EDGE('',*,*,#980,.T.);
#1233=ORIENTED_EDGE('',*,*,#981,.T.);
#1234=ORIENTED_EDGE('',*,*,#982,.T.);
#1235=ORIENTED_EDGE('',*,*,#983,.T.);
#1236=ORIENTED_EDGE('',*,*,#984,.T.);
#1237=ORIENTED_EDGE('',*,*,#985,.T.);
#1238=ORIENTED_EDGE('',*,*,#986,.T.);
#1239=ORIENTED_EDGE('',*,*,#987,.T.);
#1240=ORIENTED_EDGE('',*,*,#988,.T.);
#1241=ORIENTED_EDGE('',*,*,#989,.T.);
#1242=ORIENTED_EDGE('',*,*,#990,.T.);
#1243=ORIENTED_EDGE('',*,*,#991,.T.);
#1244=ORIENTED_EDGE('',*,*,#992,.T.);
#1245=ORIENTED_EDGE('',*,*,#993,.T.);
#1246=ORIENTED_EDGE('',*,*,#994,.T.);
#1247=ORIENTED_EDGE('',*,*,#995,.T.);
#1248=ORIENTED_EDGE('',*,*,#996,.T.);
#1249=ORIENTED_EDGE('',*,*,#997,.T.);
#1250=ORIENTED_EDGE('',*,*,#998,.T.);
#1251=ORIENTED_EDGE('',*,*,#999,.T.);
#1252=ORIENTED_EDGE('',*,*,#1000,.T.);
#1253=ORIENTED_EDGE('',*,*,#1001,.T.);
#1254=ORIENTED_EDGE('',*,*,#1002,.T.);
#1255=ORIENTED_EDGE('',*,*,#956,.F.);
#1256=ORIENTED_EDGE('',*,*,#1003,.F.);
#1257=ORIENTED_EDGE('',*,*,#1004,.F.);
#1258=ORIENTED_EDGE('',*,*,#1005,.F.);
#1259=ORIENTED_EDGE('',*,*,#960,.F.);
#1260=ORIENTED_EDGE('',*,*,#1006,.F.);
#1261=ORIENTED_EDGE('',*,*,#1007,.F.);
#1262=ORIENTED_EDGE('',*,*,#1008,.F.);
#1263=ORIENTED_EDGE('',*,*,#964,.F.);
#1264=ORIENTED_EDGE('',*,*,#1009,.F.);
#1265=ORIENTED_EDGE('',*,*,#1010,.F.);
#1266=ORIENTED_EDGE('',*,*,#1011,.F.);
#1267=ORIENTED_EDGE('',*,*,#968,.F.);
#1268=ORIENTED_EDGE('',*,*,#1012,.F.);
#1269=ORIENTED_EDGE('',*,*,#1013,.F.);
#1270=ORIENTED_EDGE('',*,*,#1014,.F.);
#1271=ORIENTED_EDGE('',*,*,#972,.F.);
#1272=ORIENTED_EDGE('',*,*,#1015,.F.);
#1273=ORIENTED_EDGE('',*,*,#1016,.F.);
#1274=ORIENTED_EDGE('',*,*,#1017,.F.);
#1275=ORIENTED_EDGE('',*,*,#976,.F.);
#1276=ORIENTED_EDGE('',*,*,#1018,.F.);
#1277=ORIENTED_EDGE('',*,*,#1019,.F.);
#1278=ORIENTED_EDGE('',*,*,#1020,.F.);
#1279=ORIENTED_EDGE('',*,*,#980,.F.);
#1280=ORIENTED_EDGE('',*,*,#1021,.F.);
#1281=ORIENTED_EDGE('',*,*,#1022,.F.);
#1282=ORIENTED_EDGE('',*,*,#1023,.F.);
#1283=ORIENTED_EDGE('',*,*,#984,.F.);
#1284=ORIENTED_EDGE('',*,*,#1024,.F.);
#1285=ORIENTED_EDGE('',*,*,#1025,.F.);
#1286=ORIENTED_EDGE('',*,*,#1026,.F.);
#1287=ORIENTED_EDGE('',*,*,#988,.F.);
#1288=ORIENTED_EDGE('',*,*,#1027,.F.);
#1289=ORIENTED_EDGE('',*,*,#1028,.F.);
#1290=ORIENTED_EDGE('',*,*,#1029,.F.);
#1291=ORIENTED_EDGE('',*,*,#992,.F.);
#1292=ORIENTED_EDGE('',*,*,#1030,.F.);
#1293=ORIENTED_EDGE('',*,*,#1031,.F.);
#1294=ORIENTED_EDGE('',*,*,#1032,.F.);
#1295=ORIENTED_EDGE('',*,*,#996,.F.);
#1296=ORIENTED_EDGE('',*,*,#1033,.F.);
#1297=ORIENTED_EDGE('',*,*,#1034,.F.);
#1298=ORIENTED_EDGE('',*,*,#1035,.F.);
#1299=ORIENTED_EDGE('',*,*,#1000,.F.);
#1300=ORIENTED_EDGE('',*,*,#1036,.F.);
#1301=ORIENTED_EDGE('',*,*,#1037,.F.);
#1302=ORIENTED_EDGE('',*,*,#1038,.F.);
#1303=ORIENTED_EDGE('',*,*,#1039,.F.);
#1304=ORIENTED_EDGE('',*,*,#937,.F.);
#1305=ORIENTED_EDGE('',*,*,#1040,.F.);
#1306=ORIENTED_EDGE('',*,*,#1041,.T.);
#1307=ORIENTED_EDGE('',*,*,#1042,.T.);
#1308=ORIENTED_EDGE('',*,*,#1043,.F.);
#1309=ORIENTED_EDGE('',*,*,#1040,.T.);
#1310=ORIENTED_EDGE('',*,*,#936,.F.);
#1311=ORIENTED_EDGE('',*,*,#1044,.F.);
#1312=ORIENTED_EDGE('',*,*,#1045,.F.);
#1313=ORIENTED_EDGE('',*,*,#1046,.F.);
#1314=ORIENTED_EDGE('',*,*,#1047,.F.);
#1315=ORIENTED_EDGE('',*,*,#1048,.T.);
#1316=ORIENTED_EDGE('',*,*,#1049,.F.);
#1317=ORIENTED_EDGE('',*,*,#1044,.T.);
#1318=ORIENTED_EDGE('',*,*,#935,.F.);
#1319=ORIENTED_EDGE('',*,*,#1050,.F.);
#1320=ORIENTED_EDGE('',*,*,#929,.F.);
#1321=ORIENTED_EDGE('',*,*,#1051,.F.);
#1322=ORIENTED_EDGE('',*,*,#1052,.T.);
#1323=ORIENTED_EDGE('',*,*,#1053,.T.);
#1324=ORIENTED_EDGE('',*,*,#1054,.F.);
#1325=ORIENTED_EDGE('',*,*,#1051,.T.);
#1326=ORIENTED_EDGE('',*,*,#928,.F.);
#1327=ORIENTED_EDGE('',*,*,#1055,.F.);
#1328=ORIENTED_EDGE('',*,*,#1056,.F.);
#1329=ORIENTED_EDGE('',*,*,#1057,.F.);
#1330=ORIENTED_EDGE('',*,*,#1058,.F.);
#1331=ORIENTED_EDGE('',*,*,#1059,.T.);
#1332=ORIENTED_EDGE('',*,*,#1060,.F.);
#1333=ORIENTED_EDGE('',*,*,#1055,.T.);
#1334=ORIENTED_EDGE('',*,*,#927,.F.);
#1335=ORIENTED_EDGE('',*,*,#940,.F.);
#1336=ORIENTED_EDGE('',*,*,#1061,.F.);
#1337=ORIENTED_EDGE('',*,*,#1062,.F.);
#1338=ORIENTED_EDGE('',*,*,#1063,.F.);
#1339=ORIENTED_EDGE('',*,*,#944,.F.);
#1340=ORIENTED_EDGE('',*,*,#1064,.F.);
#1341=ORIENTED_EDGE('',*,*,#1065,.F.);
#1342=ORIENTED_EDGE('',*,*,#1066,.F.);
#1343=ORIENTED_EDGE('',*,*,#948,.F.);
#1344=ORIENTED_EDGE('',*,*,#1067,.F.);
#1345=ORIENTED_EDGE('',*,*,#1068,.F.);
#1346=ORIENTED_EDGE('',*,*,#1069,.F.);
#1347=ORIENTED_EDGE('',*,*,#952,.F.);
#1348=ORIENTED_EDGE('',*,*,#1070,.F.);
#1349=ORIENTED_EDGE('',*,*,#1071,.F.);
#1350=ORIENTED_EDGE('',*,*,#1072,.F.);
#1351=ORIENTED_EDGE('',*,*,#957,.F.);
#1352=ORIENTED_EDGE('',*,*,#1005,.T.);
#1353=ORIENTED_EDGE('',*,*,#1073,.F.);
#1354=ORIENTED_EDGE('',*,*,#1074,.F.);
#1355=ORIENTED_EDGE('',*,*,#955,.F.);
#1356=ORIENTED_EDGE('',*,*,#1075,.F.);
#1357=ORIENTED_EDGE('',*,*,#1076,.F.);
#1358=ORIENTED_EDGE('',*,*,#1003,.T.);
#1359=ORIENTED_EDGE('',*,*,#1077,.F.);
#1360=ORIENTED_EDGE('',*,*,#1078,.F.);
#1361=ORIENTED_EDGE('',*,*,#1079,.F.);
#1362=ORIENTED_EDGE('',*,*,#1080,.F.);
#1363=ORIENTED_EDGE('',*,*,#1081,.F.);
#1364=ORIENTED_EDGE('',*,*,#1043,.T.);
#1365=ORIENTED_EDGE('',*,*,#1082,.F.);
#1366=ORIENTED_EDGE('',*,*,#1047,.T.);
#1367=ORIENTED_EDGE('',*,*,#1083,.F.);
#1368=ORIENTED_EDGE('',*,*,#1084,.T.);
#1369=ORIENTED_EDGE('',*,*,#1085,.F.);
#1370=ORIENTED_EDGE('',*,*,#1086,.T.);
#1371=ORIENTED_EDGE('',*,*,#1087,.F.);
#1372=ORIENTED_EDGE('',*,*,#1054,.T.);
#1373=ORIENTED_EDGE('',*,*,#1088,.F.);
#1374=ORIENTED_EDGE('',*,*,#1058,.T.);
#1375=ORIENTED_EDGE('',*,*,#1089,.F.);
#1376=ORIENTED_EDGE('',*,*,#1062,.T.);
#1377=ORIENTED_EDGE('',*,*,#1090,.F.);
#1378=ORIENTED_EDGE('',*,*,#1091,.T.);
#1379=ORIENTED_EDGE('',*,*,#1092,.F.);
#1380=ORIENTED_EDGE('',*,*,#1065,.T.);
#1381=ORIENTED_EDGE('',*,*,#1093,.F.);
#1382=ORIENTED_EDGE('',*,*,#1094,.T.);
#1383=ORIENTED_EDGE('',*,*,#1095,.F.);
#1384=ORIENTED_EDGE('',*,*,#1068,.T.);
#1385=ORIENTED_EDGE('',*,*,#1096,.F.);
#1386=ORIENTED_EDGE('',*,*,#1097,.T.);
#1387=ORIENTED_EDGE('',*,*,#1098,.F.);
#1388=ORIENTED_EDGE('',*,*,#1071,.T.);
#1389=ORIENTED_EDGE('',*,*,#1099,.F.);
#1390=ORIENTED_EDGE('',*,*,#1100,.T.);
#1391=ORIENTED_EDGE('',*,*,#1004,.T.);
#1392=ORIENTED_EDGE('',*,*,#1076,.T.);
#1393=ORIENTED_EDGE('',*,*,#1101,.F.);
#1394=ORIENTED_EDGE('',*,*,#1073,.T.);
#1395=ORIENTED_EDGE('',*,*,#1007,.T.);
#1396=ORIENTED_EDGE('',*,*,#1102,.F.);
#1397=ORIENTED_EDGE('',*,*,#1103,.T.);
#1398=ORIENTED_EDGE('',*,*,#1104,.F.);
#1399=ORIENTED_EDGE('',*,*,#1010,.T.);
#1400=ORIENTED_EDGE('',*,*,#1105,.F.);
#1401=ORIENTED_EDGE('',*,*,#1106,.T.);
#1402=ORIENTED_EDGE('',*,*,#1107,.F.);
#1403=ORIENTED_EDGE('',*,*,#1013,.T.);
#1404=ORIENTED_EDGE('',*,*,#1108,.F.);
#1405=ORIENTED_EDGE('',*,*,#1109,.T.);
#1406=ORIENTED_EDGE('',*,*,#1110,.F.);
#1407=ORIENTED_EDGE('',*,*,#1016,.T.);
#1408=ORIENTED_EDGE('',*,*,#1111,.F.);
#1409=ORIENTED_EDGE('',*,*,#1112,.T.);
#1410=ORIENTED_EDGE('',*,*,#1113,.F.);
#1411=ORIENTED_EDGE('',*,*,#1019,.T.);
#1412=ORIENTED_EDGE('',*,*,#1114,.F.);
#1413=ORIENTED_EDGE('',*,*,#1115,.T.);
#1414=ORIENTED_EDGE('',*,*,#1116,.F.);
#1415=ORIENTED_EDGE('',*,*,#1022,.T.);
#1416=ORIENTED_EDGE('',*,*,#1117,.F.);
#1417=ORIENTED_EDGE('',*,*,#1118,.T.);
#1418=ORIENTED_EDGE('',*,*,#1119,.F.);
#1419=ORIENTED_EDGE('',*,*,#1025,.T.);
#1420=ORIENTED_EDGE('',*,*,#1120,.F.);
#1421=ORIENTED_EDGE('',*,*,#1121,.T.);
#1422=ORIENTED_EDGE('',*,*,#1122,.F.);
#1423=ORIENTED_EDGE('',*,*,#1028,.T.);
#1424=ORIENTED_EDGE('',*,*,#1123,.F.);
#1425=ORIENTED_EDGE('',*,*,#1124,.T.);
#1426=ORIENTED_EDGE('',*,*,#1125,.F.);
#1427=ORIENTED_EDGE('',*,*,#1031,.T.);
#1428=ORIENTED_EDGE('',*,*,#1126,.F.);
#1429=ORIENTED_EDGE('',*,*,#1127,.T.);
#1430=ORIENTED_EDGE('',*,*,#1128,.F.);
#1431=ORIENTED_EDGE('',*,*,#1034,.T.);
#1432=ORIENTED_EDGE('',*,*,#1129,.F.);
#1433=ORIENTED_EDGE('',*,*,#1130,.T.);
#1434=ORIENTED_EDGE('',*,*,#1131,.F.);
#1435=ORIENTED_EDGE('',*,*,#1037,.T.);
#1436=ORIENTED_EDGE('',*,*,#1132,.F.);
#1437=ORIENTED_EDGE('',*,*,#1133,.T.);
#1438=ORIENTED_EDGE('',*,*,#1134,.F.);
#1439=ORIENTED_EDGE('',*,*,#961,.F.);
#1440=ORIENTED_EDGE('',*,*,#1008,.T.);
#1441=ORIENTED_EDGE('',*,*,#1104,.T.);
#1442=ORIENTED_EDGE('',*,*,#1135,.F.);
#1443=ORIENTED_EDGE('',*,*,#959,.F.);
#1444=ORIENTED_EDGE('',*,*,#1136,.F.);
#1445=ORIENTED_EDGE('',*,*,#1102,.T.);
#1446=ORIENTED_EDGE('',*,*,#1006,.T.);
#1447=ORIENTED_EDGE('',*,*,#965,.F.);
#1448=ORIENTED_EDGE('',*,*,#1011,.T.);
#1449=ORIENTED_EDGE('',*,*,#1107,.T.);
#1450=ORIENTED_EDGE('',*,*,#1137,.F.);
#1451=ORIENTED_EDGE('',*,*,#963,.F.);
#1452=ORIENTED_EDGE('',*,*,#1138,.F.);
#1453=ORIENTED_EDGE('',*,*,#1105,.T.);
#1454=ORIENTED_EDGE('',*,*,#1009,.T.);
#1455=ORIENTED_EDGE('',*,*,#969,.F.);
#1456=ORIENTED_EDGE('',*,*,#1014,.T.);
#1457=ORIENTED_EDGE('',*,*,#1110,.T.);
#1458=ORIENTED_EDGE('',*,*,#1139,.F.);
#1459=ORIENTED_EDGE('',*,*,#967,.F.);
#1460=ORIENTED_EDGE('',*,*,#1140,.F.);
#1461=ORIENTED_EDGE('',*,*,#1108,.T.);
#1462=ORIENTED_EDGE('',*,*,#1012,.T.);
#1463=ORIENTED_EDGE('',*,*,#973,.F.);
#1464=ORIENTED_EDGE('',*,*,#1017,.T.);
#1465=ORIENTED_EDGE('',*,*,#1113,.T.);
#1466=ORIENTED_EDGE('',*,*,#1141,.F.);
#1467=ORIENTED_EDGE('',*,*,#971,.F.);
#1468=ORIENTED_EDGE('',*,*,#1142,.F.);
#1469=ORIENTED_EDGE('',*,*,#1111,.T.);
#1470=ORIENTED_EDGE('',*,*,#1015,.T.);
#1471=ORIENTED_EDGE('',*,*,#977,.F.);
#1472=ORIENTED_EDGE('',*,*,#1020,.T.);
#1473=ORIENTED_EDGE('',*,*,#1116,.T.);
#1474=ORIENTED_EDGE('',*,*,#1143,.F.);
#1475=ORIENTED_EDGE('',*,*,#975,.F.);
#1476=ORIENTED_EDGE('',*,*,#1144,.F.);
#1477=ORIENTED_EDGE('',*,*,#1114,.T.);
#1478=ORIENTED_EDGE('',*,*,#1018,.T.);
#1479=ORIENTED_EDGE('',*,*,#981,.F.);
#1480=ORIENTED_EDGE('',*,*,#1023,.T.);
#1481=ORIENTED_EDGE('',*,*,#1119,.T.);
#1482=ORIENTED_EDGE('',*,*,#1145,.F.);
#1483=ORIENTED_EDGE('',*,*,#979,.F.);
#1484=ORIENTED_EDGE('',*,*,#1146,.F.);
#1485=ORIENTED_EDGE('',*,*,#1117,.T.);
#1486=ORIENTED_EDGE('',*,*,#1021,.T.);
#1487=ORIENTED_EDGE('',*,*,#985,.F.);
#1488=ORIENTED_EDGE('',*,*,#1026,.T.);
#1489=ORIENTED_EDGE('',*,*,#1122,.T.);
#1490=ORIENTED_EDGE('',*,*,#1147,.F.);
#1491=ORIENTED_EDGE('',*,*,#983,.F.);
#1492=ORIENTED_EDGE('',*,*,#1148,.F.);
#1493=ORIENTED_EDGE('',*,*,#1120,.T.);
#1494=ORIENTED_EDGE('',*,*,#1024,.T.);
#1495=ORIENTED_EDGE('',*,*,#989,.F.);
#1496=ORIENTED_EDGE('',*,*,#1029,.T.);
#1497=ORIENTED_EDGE('',*,*,#1125,.T.);
#1498=ORIENTED_EDGE('',*,*,#1149,.F.);
#1499=ORIENTED_EDGE('',*,*,#987,.F.);
#1500=ORIENTED_EDGE('',*,*,#1150,.F.);
#1501=ORIENTED_EDGE('',*,*,#1123,.T.);
#1502=ORIENTED_EDGE('',*,*,#1027,.T.);
#1503=ORIENTED_EDGE('',*,*,#993,.F.);
#1504=ORIENTED_EDGE('',*,*,#1032,.T.);
#1505=ORIENTED_EDGE('',*,*,#1128,.T.);
#1506=ORIENTED_EDGE('',*,*,#1151,.F.);
#1507=ORIENTED_EDGE('',*,*,#991,.F.);
#1508=ORIENTED_EDGE('',*,*,#1152,.F.);
#1509=ORIENTED_EDGE('',*,*,#1126,.T.);
#1510=ORIENTED_EDGE('',*,*,#1030,.T.);
#1511=ORIENTED_EDGE('',*,*,#997,.F.);
#1512=ORIENTED_EDGE('',*,*,#1035,.T.);
#1513=ORIENTED_EDGE('',*,*,#1131,.T.);
#1514=ORIENTED_EDGE('',*,*,#1153,.F.);
#1515=ORIENTED_EDGE('',*,*,#995,.F.);
#1516=ORIENTED_EDGE('',*,*,#1154,.F.);
#1517=ORIENTED_EDGE('',*,*,#1129,.T.);
#1518=ORIENTED_EDGE('',*,*,#1033,.T.);
#1519=ORIENTED_EDGE('',*,*,#1001,.F.);
#1520=ORIENTED_EDGE('',*,*,#1038,.T.);
#1521=ORIENTED_EDGE('',*,*,#1134,.T.);
#1522=ORIENTED_EDGE('',*,*,#1155,.F.);
#1523=ORIENTED_EDGE('',*,*,#999,.F.);
#1524=ORIENTED_EDGE('',*,*,#1156,.F.);
#1525=ORIENTED_EDGE('',*,*,#1132,.T.);
#1526=ORIENTED_EDGE('',*,*,#1036,.T.);
#1527=ORIENTED_EDGE('',*,*,#938,.T.);
#1528=ORIENTED_EDGE('',*,*,#1039,.T.);
#1529=ORIENTED_EDGE('',*,*,#1081,.T.);
#1530=ORIENTED_EDGE('',*,*,#1157,.T.);
#1531=ORIENTED_EDGE('',*,*,#1158,.F.);
#1532=ORIENTED_EDGE('',*,*,#1041,.F.);
#1533=ORIENTED_EDGE('',*,*,#1045,.T.);
#1534=ORIENTED_EDGE('',*,*,#1049,.T.);
#1535=ORIENTED_EDGE('',*,*,#1046,.T.);
#1536=ORIENTED_EDGE('',*,*,#934,.F.);
#1537=ORIENTED_EDGE('',*,*,#1159,.F.);
#1538=ORIENTED_EDGE('',*,*,#1083,.T.);
#1539=ORIENTED_EDGE('',*,*,#1050,.T.);
#1540=ORIENTED_EDGE('',*,*,#1087,.T.);
#1541=ORIENTED_EDGE('',*,*,#1160,.F.);
#1542=ORIENTED_EDGE('',*,*,#930,.F.);
#1543=ORIENTED_EDGE('',*,*,#1161,.F.);
#1544=ORIENTED_EDGE('',*,*,#1052,.F.);
#1545=ORIENTED_EDGE('',*,*,#1056,.T.);
#1546=ORIENTED_EDGE('',*,*,#1060,.T.);
#1547=ORIENTED_EDGE('',*,*,#1077,.T.);
#1548=ORIENTED_EDGE('',*,*,#1057,.T.);
#1549=ORIENTED_EDGE('',*,*,#926,.T.);
#1550=ORIENTED_EDGE('',*,*,#1162,.T.);
#1551=ORIENTED_EDGE('',*,*,#941,.F.);
#1552=ORIENTED_EDGE('',*,*,#1063,.T.);
#1553=ORIENTED_EDGE('',*,*,#1089,.T.);
#1554=ORIENTED_EDGE('',*,*,#1163,.F.);
#1555=ORIENTED_EDGE('',*,*,#939,.F.);
#1556=ORIENTED_EDGE('',*,*,#1164,.F.);
#1557=ORIENTED_EDGE('',*,*,#1090,.T.);
#1558=ORIENTED_EDGE('',*,*,#1061,.T.);
#1559=ORIENTED_EDGE('',*,*,#945,.F.);
#1560=ORIENTED_EDGE('',*,*,#1066,.T.);
#1561=ORIENTED_EDGE('',*,*,#1092,.T.);
#1562=ORIENTED_EDGE('',*,*,#1165,.F.);
#1563=ORIENTED_EDGE('',*,*,#943,.F.);
#1564=ORIENTED_EDGE('',*,*,#1166,.F.);
#1565=ORIENTED_EDGE('',*,*,#1093,.T.);
#1566=ORIENTED_EDGE('',*,*,#1064,.T.);
#1567=ORIENTED_EDGE('',*,*,#949,.F.);
#1568=ORIENTED_EDGE('',*,*,#1069,.T.);
#1569=ORIENTED_EDGE('',*,*,#1095,.T.);
#1570=ORIENTED_EDGE('',*,*,#1167,.F.);
#1571=ORIENTED_EDGE('',*,*,#947,.F.);
#1572=ORIENTED_EDGE('',*,*,#1168,.F.);
#1573=ORIENTED_EDGE('',*,*,#1096,.T.);
#1574=ORIENTED_EDGE('',*,*,#1067,.T.);
#1575=ORIENTED_EDGE('',*,*,#953,.F.);
#1576=ORIENTED_EDGE('',*,*,#1072,.T.);
#1577=ORIENTED_EDGE('',*,*,#1098,.T.);
#1578=ORIENTED_EDGE('',*,*,#1169,.F.);
#1579=ORIENTED_EDGE('',*,*,#951,.F.);
#1580=ORIENTED_EDGE('',*,*,#1170,.F.);
#1581=ORIENTED_EDGE('',*,*,#1099,.T.);
#1582=ORIENTED_EDGE('',*,*,#1070,.T.);
#1583=ORIENTED_EDGE('',*,*,#958,.F.);
#1584=ORIENTED_EDGE('',*,*,#1074,.T.);
#1585=ORIENTED_EDGE('',*,*,#1101,.T.);
#1586=ORIENTED_EDGE('',*,*,#1075,.T.);
#1587=ORIENTED_EDGE('',*,*,#1082,.T.);
#1588=ORIENTED_EDGE('',*,*,#1042,.F.);
#1589=ORIENTED_EDGE('',*,*,#1158,.T.);
#1590=ORIENTED_EDGE('',*,*,#1048,.F.);
#1591=ORIENTED_EDGE('',*,*,#1161,.T.);
#1592=ORIENTED_EDGE('',*,*,#1059,.F.);
#1593=ORIENTED_EDGE('',*,*,#1088,.T.);
#1594=ORIENTED_EDGE('',*,*,#1053,.F.);
#1595=ORIENTED_EDGE('',*,*,#962,.F.);
#1596=ORIENTED_EDGE('',*,*,#1135,.T.);
#1597=ORIENTED_EDGE('',*,*,#1103,.F.);
#1598=ORIENTED_EDGE('',*,*,#1136,.T.);
#1599=ORIENTED_EDGE('',*,*,#966,.F.);
#1600=ORIENTED_EDGE('',*,*,#1137,.T.);
#1601=ORIENTED_EDGE('',*,*,#1106,.F.);
#1602=ORIENTED_EDGE('',*,*,#1138,.T.);
#1603=ORIENTED_EDGE('',*,*,#970,.F.);
#1604=ORIENTED_EDGE('',*,*,#1139,.T.);
#1605=ORIENTED_EDGE('',*,*,#1109,.F.);
#1606=ORIENTED_EDGE('',*,*,#1140,.T.);
#1607=ORIENTED_EDGE('',*,*,#974,.F.);
#1608=ORIENTED_EDGE('',*,*,#1141,.T.);
#1609=ORIENTED_EDGE('',*,*,#1112,.F.);
#1610=ORIENTED_EDGE('',*,*,#1142,.T.);
#1611=ORIENTED_EDGE('',*,*,#978,.F.);
#1612=ORIENTED_EDGE('',*,*,#1143,.T.);
#1613=ORIENTED_EDGE('',*,*,#1115,.F.);
#1614=ORIENTED_EDGE('',*,*,#1144,.T.);
#1615=ORIENTED_EDGE('',*,*,#982,.F.);
#1616=ORIENTED_EDGE('',*,*,#1145,.T.);
#1617=ORIENTED_EDGE('',*,*,#1118,.F.);
#1618=ORIENTED_EDGE('',*,*,#1146,.T.);
#1619=ORIENTED_EDGE('',*,*,#986,.F.);
#1620=ORIENTED_EDGE('',*,*,#1147,.T.);
#1621=ORIENTED_EDGE('',*,*,#1121,.F.);
#1622=ORIENTED_EDGE('',*,*,#1148,.T.);
#1623=ORIENTED_EDGE('',*,*,#990,.F.);
#1624=ORIENTED_EDGE('',*,*,#1149,.T.);
#1625=ORIENTED_EDGE('',*,*,#1124,.F.);
#1626=ORIENTED_EDGE('',*,*,#1150,.T.);
#1627=ORIENTED_EDGE('',*,*,#994,.F.);
#1628=ORIENTED_EDGE('',*,*,#1151,.T.);
#1629=ORIENTED_EDGE('',*,*,#1127,.F.);
#1630=ORIENTED_EDGE('',*,*,#1152,.T.);
#1631=ORIENTED_EDGE('',*,*,#998,.F.);
#1632=ORIENTED_EDGE('',*,*,#1153,.T.);
#1633=ORIENTED_EDGE('',*,*,#1130,.F.);
#1634=ORIENTED_EDGE('',*,*,#1154,.T.);
#1635=ORIENTED_EDGE('',*,*,#1002,.F.);
#1636=ORIENTED_EDGE('',*,*,#1155,.T.);
#1637=ORIENTED_EDGE('',*,*,#1133,.F.);
#1638=ORIENTED_EDGE('',*,*,#1156,.T.);
#1639=ORIENTED_EDGE('',*,*,#1080,.T.);
#1640=ORIENTED_EDGE('',*,*,#1171,.T.);
#1641=ORIENTED_EDGE('',*,*,#923,.T.);
#1642=ORIENTED_EDGE('',*,*,#1157,.F.);
#1643=ORIENTED_EDGE('',*,*,#1159,.T.);
#1644=ORIENTED_EDGE('',*,*,#933,.F.);
#1645=ORIENTED_EDGE('',*,*,#1172,.F.);
#1646=ORIENTED_EDGE('',*,*,#1084,.F.);
#1647=ORIENTED_EDGE('',*,*,#1160,.T.);
#1648=ORIENTED_EDGE('',*,*,#1086,.F.);
#1649=ORIENTED_EDGE('',*,*,#1173,.F.);
#1650=ORIENTED_EDGE('',*,*,#931,.F.);
#1651=ORIENTED_EDGE('',*,*,#925,.T.);
#1652=ORIENTED_EDGE('',*,*,#1174,.T.);
#1653=ORIENTED_EDGE('',*,*,#1078,.T.);
#1654=ORIENTED_EDGE('',*,*,#1162,.F.);
#1655=ORIENTED_EDGE('',*,*,#942,.F.);
#1656=ORIENTED_EDGE('',*,*,#1163,.T.);
#1657=ORIENTED_EDGE('',*,*,#1091,.F.);
#1658=ORIENTED_EDGE('',*,*,#1164,.T.);
#1659=ORIENTED_EDGE('',*,*,#946,.F.);
#1660=ORIENTED_EDGE('',*,*,#1165,.T.);
#1661=ORIENTED_EDGE('',*,*,#1094,.F.);
#1662=ORIENTED_EDGE('',*,*,#1166,.T.);
#1663=ORIENTED_EDGE('',*,*,#950,.F.);
#1664=ORIENTED_EDGE('',*,*,#1167,.T.);
#1665=ORIENTED_EDGE('',*,*,#1097,.F.);
#1666=ORIENTED_EDGE('',*,*,#1168,.T.);
#1667=ORIENTED_EDGE('',*,*,#954,.F.);
#1668=ORIENTED_EDGE('',*,*,#1169,.T.);
#1669=ORIENTED_EDGE('',*,*,#1100,.F.);
#1670=ORIENTED_EDGE('',*,*,#1170,.T.);
#1671=ORIENTED_EDGE('',*,*,#1171,.F.);
#1672=ORIENTED_EDGE('',*,*,#1079,.T.);
#1673=ORIENTED_EDGE('',*,*,#1174,.F.);
#1674=ORIENTED_EDGE('',*,*,#924,.T.);
#1675=ORIENTED_EDGE('',*,*,#1172,.T.);
#1676=ORIENTED_EDGE('',*,*,#932,.T.);
#1677=ORIENTED_EDGE('',*,*,#1173,.T.);
#1678=ORIENTED_EDGE('',*,*,#1085,.T.);
#1679=PLANE('',#1865);
#1680=PLANE('',#1866);
#1681=PLANE('',#1867);
#1682=PLANE('',#1868);
#1683=PLANE('',#1869);
#1684=PLANE('',#1870);
#1685=PLANE('',#1871);
#1686=PLANE('',#1872);
#1687=PLANE('',#1873);
#1688=PLANE('',#1874);
#1689=PLANE('',#1875);
#1690=PLANE('',#1876);
#1691=PLANE('',#1877);
#1692=PLANE('',#1878);
#1693=PLANE('',#1879);
#1694=PLANE('',#1880);
#1695=PLANE('',#1881);
#1696=PLANE('',#1882);
#1697=PLANE('',#1883);
#1698=PLANE('',#1884);
#1699=PLANE('',#1885);
#1700=PLANE('',#1886);
#1701=PLANE('',#1887);
#1702=PLANE('',#1888);
#1703=PLANE('',#1889);
#1704=PLANE('',#1890);
#1705=PLANE('',#1891);
#1706=PLANE('',#1892);
#1707=PLANE('',#1893);
#1708=PLANE('',#1894);
#1709=PLANE('',#1895);
#1710=PLANE('',#1896);
#1711=PLANE('',#1897);
#1712=PLANE('',#1898);
#1713=PLANE('',#1899);
#1714=PLANE('',#1900);
#1715=PLANE('',#1901);
#1716=PLANE('',#1902);
#1717=PLANE('',#1903);
#1718=PLANE('',#1904);
#1719=PLANE('',#1905);
#1720=PLANE('',#1906);
#1721=PLANE('',#1907);
#1722=PLANE('',#1908);
#1723=PLANE('',#1909);
#1724=PLANE('',#1910);
#1725=PLANE('',#1911);
#1726=PLANE('',#1912);
#1727=PLANE('',#1913);
#1728=PLANE('',#1914);
#1729=PLANE('',#1915);
#1730=PLANE('',#1916);
#1731=PLANE('',#1917);
#1732=PLANE('',#1918);
#1733=PLANE('',#1919);
#1734=PLANE('',#1920);
#1735=PLANE('',#1921);
#1736=PLANE('',#1922);
#1737=PLANE('',#1923);
#1738=PLANE('',#1924);
#1739=PLANE('',#1925);
#1740=PLANE('',#1926);
#1741=PLANE('',#1927);
#1742=PLANE('',#1928);
#1743=PLANE('',#1929);
#1744=PLANE('',#1930);
#1745=PLANE('',#1931);
#1746=PLANE('',#1932);
#1747=PLANE('',#1933);
#1748=PLANE('',#1934);
#1749=PLANE('',#1935);
#1750=PLANE('',#1936);
#1751=PLANE('',#1937);
#1752=PLANE('',#1938);
#1753=PLANE('',#1939);
#1754=PLANE('',#1940);
#1755=PLANE('',#1941);
#1756=PLANE('',#1942);
#1757=PLANE('',#1943);
#1758=PLANE('',#1944);
#1759=PLANE('',#1945);
#1760=PLANE('',#1946);
#1761=PLANE('',#1947);
#1762=PLANE('',#1948);
#1763=PLANE('',#1949);
#1764=PLANE('',#1950);
#1765=ADVANCED_FACE('',(#47,#15,#16,#17,#18,#19,#20,#21,#22,#23,#24,#25,
#26,#27,#28,#29,#30),#1679,.T.);
#1766=ADVANCED_FACE('',(#48),#1680,.F.);
#1767=ADVANCED_FACE('',(#49),#1681,.F.);
#1768=ADVANCED_FACE('',(#50),#1682,.F.);
#1769=ADVANCED_FACE('',(#51),#1683,.F.);
#1770=ADVANCED_FACE('',(#52),#1684,.F.);
#1771=ADVANCED_FACE('',(#53),#1685,.F.);
#1772=ADVANCED_FACE('',(#54),#1686,.F.);
#1773=ADVANCED_FACE('',(#55),#1687,.F.);
#1774=ADVANCED_FACE('',(#56),#1688,.F.);
#1775=ADVANCED_FACE('',(#57),#1689,.F.);
#1776=ADVANCED_FACE('',(#58),#1690,.F.);
#1777=ADVANCED_FACE('',(#59),#1691,.F.);
#1778=ADVANCED_FACE('',(#60),#1692,.F.);
#1779=ADVANCED_FACE('',(#61),#1693,.F.);
#1780=ADVANCED_FACE('',(#62),#1694,.F.);
#1781=ADVANCED_FACE('',(#63),#1695,.F.);
#1782=ADVANCED_FACE('',(#64),#1696,.F.);
#1783=ADVANCED_FACE('',(#65),#1697,.F.);
#1784=ADVANCED_FACE('',(#66),#1698,.F.);
#1785=ADVANCED_FACE('',(#67),#1699,.F.);
#1786=ADVANCED_FACE('',(#68),#1700,.F.);
#1787=ADVANCED_FACE('',(#69),#1701,.F.);
#1788=ADVANCED_FACE('',(#70),#1702,.F.);
#1789=ADVANCED_FACE('',(#71),#1703,.F.);
#1790=ADVANCED_FACE('',(#72,#31,#32,#33,#34,#35,#36,#37,#38,#39,#40,#41,
#42,#43,#44,#45,#46),#1704,.F.);
#1791=ADVANCED_FACE('',(#73),#1705,.F.);
#1792=ADVANCED_FACE('',(#74),#1706,.F.);
#1793=ADVANCED_FACE('',(#75),#1707,.F.);
#1794=ADVANCED_FACE('',(#76),#1708,.F.);
#1795=ADVANCED_FACE('',(#77),#1709,.F.);
#1796=ADVANCED_FACE('',(#78),#1710,.F.);
#1797=ADVANCED_FACE('',(#79),#1711,.F.);
#1798=ADVANCED_FACE('',(#80),#1712,.F.);
#1799=ADVANCED_FACE('',(#81),#1713,.F.);
#1800=ADVANCED_FACE('',(#82),#1714,.F.);
#1801=ADVANCED_FACE('',(#83),#1715,.F.);
#1802=ADVANCED_FACE('',(#84),#1716,.F.);
#1803=ADVANCED_FACE('',(#85),#1717,.F.);
#1804=ADVANCED_FACE('',(#86),#1718,.F.);
#1805=ADVANCED_FACE('',(#87),#1719,.F.);
#1806=ADVANCED_FACE('',(#88),#1720,.F.);
#1807=ADVANCED_FACE('',(#89),#1721,.F.);
#1808=ADVANCED_FACE('',(#90),#1722,.F.);
#1809=ADVANCED_FACE('',(#91),#1723,.F.);
#1810=ADVANCED_FACE('',(#92),#1724,.F.);
#1811=ADVANCED_FACE('',(#93),#1725,.F.);
#1812=ADVANCED_FACE('',(#94),#1726,.F.);
#1813=ADVANCED_FACE('',(#95),#1727,.T.);
#1814=ADVANCED_FACE('',(#96),#1728,.F.);
#1815=ADVANCED_FACE('',(#97),#1729,.F.);
#1816=ADVANCED_FACE('',(#98),#1730,.F.);
#1817=ADVANCED_FACE('',(#99),#1731,.F.);
#1818=ADVANCED_FACE('',(#100),#1732,.T.);
#1819=ADVANCED_FACE('',(#101),#1733,.F.);
#1820=ADVANCED_FACE('',(#102),#1734,.F.);
#1821=ADVANCED_FACE('',(#103),#1735,.F.);
#1822=ADVANCED_FACE('',(#104),#1736,.F.);
#1823=ADVANCED_FACE('',(#105),#1737,.F.);
#1824=ADVANCED_FACE('',(#106),#1738,.F.);
#1825=ADVANCED_FACE('',(#107),#1739,.F.);
#1826=ADVANCED_FACE('',(#108),#1740,.F.);
#1827=ADVANCED_FACE('',(#109),#1741,.F.);
#1828=ADVANCED_FACE('',(#110),#1742,.F.);
#1829=ADVANCED_FACE('',(#111),#1743,.F.);
#1830=ADVANCED_FACE('',(#112),#1744,.F.);
#1831=ADVANCED_FACE('',(#113),#1745,.F.);
#1832=ADVANCED_FACE('',(#114),#1746,.F.);
#1833=ADVANCED_FACE('',(#115),#1747,.F.);
#1834=ADVANCED_FACE('',(#116),#1748,.F.);
#1835=ADVANCED_FACE('',(#117),#1749,.F.);
#1836=ADVANCED_FACE('',(#118),#1750,.F.);
#1837=ADVANCED_FACE('',(#119),#1751,.F.);
#1838=ADVANCED_FACE('',(#120),#1752,.F.);
#1839=ADVANCED_FACE('',(#121),#1753,.F.);
#1840=ADVANCED_FACE('',(#122),#1754,.F.);
#1841=ADVANCED_FACE('',(#123),#1755,.T.);
#1842=ADVANCED_FACE('',(#124),#1756,.F.);
#1843=ADVANCED_FACE('',(#125),#1757,.F.);
#1844=ADVANCED_FACE('',(#126),#1758,.T.);
#1845=ADVANCED_FACE('',(#127),#1759,.F.);
#1846=ADVANCED_FACE('',(#128),#1760,.F.);
#1847=ADVANCED_FACE('',(#129),#1761,.F.);
#1848=ADVANCED_FACE('',(#130),#1762,.F.);
#1849=ADVANCED_FACE('',(#131),#1763,.T.);
#1850=ADVANCED_FACE('',(#132),#1764,.T.);
#1851=CLOSED_SHELL('',(#1765,#1766,#1767,#1768,#1769,#1770,#1771,#1772,
#1773,#1774,#1775,#1776,#1777,#1778,#1779,#1780,#1781,#1782,#1783,#1784,
#1785,#1786,#1787,#1788,#1789,#1790,#1791,#1792,#1793,#1794,#1795,#1796,
#1797,#1798,#1799,#1800,#1801,#1802,#1803,#1804,#1805,#1806,#1807,#1808,
#1809,#1810,#1811,#1812,#1813,#1814,#1815,#1816,#1817,#1818,#1819,#1820,
#1821,#1822,#1823,#1824,#1825,#1826,#1827,#1828,#1829,#1830,#1831,#1832,
#1833,#1834,#1835,#1836,#1837,#1838,#1839,#1840,#1841,#1842,#1843,#1844,
#1845,#1846,#1847,#1848,#1849,#1850));
#1852=DERIVED_UNIT_ELEMENT(#1854,1.);
#1853=DERIVED_UNIT_ELEMENT(#2889,-3.);
#1854=(
MASS_UNIT()
NAMED_UNIT(*)
SI_UNIT(.KILO.,.GRAM.)
);
#1855=DERIVED_UNIT((#1852,#1853));
#1856=MEASURE_REPRESENTATION_ITEM('density measure',
POSITIVE_RATIO_MEASURE(7850.),#1855);
#1857=PROPERTY_DEFINITION_REPRESENTATION(#1862,#1859);
#1858=PROPERTY_DEFINITION_REPRESENTATION(#1863,#1860);
#1859=REPRESENTATION('material name',(#1861),#2886);
#1860=REPRESENTATION('density',(#1856),#2886);
#1861=DESCRIPTIVE_REPRESENTATION_ITEM('Acier','Acier');
#1862=PROPERTY_DEFINITION('material property','material name',#2896);
#1863=PROPERTY_DEFINITION('material property','density of part',#2896);
#1864=AXIS2_PLACEMENT_3D('',#2377,#1951,#1952);
#1865=AXIS2_PLACEMENT_3D('',#2378,#1953,#1954);
#1866=AXIS2_PLACEMENT_3D('',#2539,#2035,#2036);
#1867=AXIS2_PLACEMENT_3D('',#2545,#2040,#2041);
#1868=AXIS2_PLACEMENT_3D('',#2551,#2045,#2046);
#1869=AXIS2_PLACEMENT_3D('',#2557,#2050,#2051);
#1870=AXIS2_PLACEMENT_3D('',#2563,#2055,#2056);
#1871=AXIS2_PLACEMENT_3D('',#2569,#2060,#2061);
#1872=AXIS2_PLACEMENT_3D('',#2575,#2065,#2066);
#1873=AXIS2_PLACEMENT_3D('',#2581,#2070,#2071);
#1874=AXIS2_PLACEMENT_3D('',#2587,#2075,#2076);
#1875=AXIS2_PLACEMENT_3D('',#2593,#2080,#2081);
#1876=AXIS2_PLACEMENT_3D('',#2599,#2085,#2086);
#1877=AXIS2_PLACEMENT_3D('',#2605,#2090,#2091);
#1878=AXIS2_PLACEMENT_3D('',#2611,#2095,#2096);
#1879=AXIS2_PLACEMENT_3D('',#2621,#2102,#2103);
#1880=AXIS2_PLACEMENT_3D('',#2625,#2106,#2107);
#1881=AXIS2_PLACEMENT_3D('',#2633,#2112,#2113);
#1882=AXIS2_PLACEMENT_3D('',#2643,#2119,#2120);
#1883=AXIS2_PLACEMENT_3D('',#2647,#2123,#2124);
#1884=AXIS2_PLACEMENT_3D('',#2655,#2129,#2130);
#1885=AXIS2_PLACEMENT_3D('',#2661,#2134,#2135);
#1886=AXIS2_PLACEMENT_3D('',#2667,#2139,#2140);
#1887=AXIS2_PLACEMENT_3D('',#2673,#2144,#2145);
#1888=AXIS2_PLACEMENT_3D('',#2679,#2149,#2150);
#1889=AXIS2_PLACEMENT_3D('',#2683,#2153,#2154);
#1890=AXIS2_PLACEMENT_3D('',#2687,#2157,#2158);
#1891=AXIS2_PLACEMENT_3D('',#2784,#2217,#2218);
#1892=AXIS2_PLACEMENT_3D('',#2786,#2220,#2221);
#1893=AXIS2_PLACEMENT_3D('',#2788,#2223,#2224);
#1894=AXIS2_PLACEMENT_3D('',#2790,#2226,#2227);
#1895=AXIS2_PLACEMENT_3D('',#2792,#2229,#2230);
#1896=AXIS2_PLACEMENT_3D('',#2794,#2232,#2233);
#1897=AXIS2_PLACEMENT_3D('',#2796,#2235,#2236);
#1898=AXIS2_PLACEMENT_3D('',#2798,#2238,#2239);
#1899=AXIS2_PLACEMENT_3D('',#2800,#2241,#2242);
#1900=AXIS2_PLACEMENT_3D('',#2802,#2244,#2245);
#1901=AXIS2_PLACEMENT_3D('',#2804,#2247,#2248);
#1902=AXIS2_PLACEMENT_3D('',#2806,#2250,#2251);
#1903=AXIS2_PLACEMENT_3D('',#2808,#2253,#2254);
#1904=AXIS2_PLACEMENT_3D('',#2810,#2256,#2257);
#1905=AXIS2_PLACEMENT_3D('',#2812,#2259,#2260);
#1906=AXIS2_PLACEMENT_3D('',#2814,#2262,#2263);
#1907=AXIS2_PLACEMENT_3D('',#2816,#2265,#2266);
#1908=AXIS2_PLACEMENT_3D('',#2818,#2268,#2269);
#1909=AXIS2_PLACEMENT_3D('',#2820,#2271,#2272);
#1910=AXIS2_PLACEMENT_3D('',#2822,#2274,#2275);
#1911=AXIS2_PLACEMENT_3D('',#2824,#2277,#2278);
#1912=AXIS2_PLACEMENT_3D('',#2826,#2280,#2281);
#1913=AXIS2_PLACEMENT_3D('',#2828,#2283,#2284);
#1914=AXIS2_PLACEMENT_3D('',#2830,#2286,#2287);
#1915=AXIS2_PLACEMENT_3D('',#2832,#2289,#2290);
#1916=AXIS2_PLACEMENT_3D('',#2834,#2292,#2293);
#1917=AXIS2_PLACEMENT_3D('',#2836,#2295,#2296);
#1918=AXIS2_PLACEMENT_3D('',#2838,#2298,#2299);
#1919=AXIS2_PLACEMENT_3D('',#2840,#2301,#2302);
#1920=AXIS2_PLACEMENT_3D('',#2842,#2304,#2305);
#1921=AXIS2_PLACEMENT_3D('',#2844,#2307,#2308);
#1922=AXIS2_PLACEMENT_3D('',#2846,#2310,#2311);
#1923=AXIS2_PLACEMENT_3D('',#2848,#2313,#2314);
#1924=AXIS2_PLACEMENT_3D('',#2850,#2316,#2317);
#1925=AXIS2_PLACEMENT_3D('',#2852,#2319,#2320);
#1926=AXIS2_PLACEMENT_3D('',#2854,#2322,#2323);
#1927=AXIS2_PLACEMENT_3D('',#2856,#2325,#2326);
#1928=AXIS2_PLACEMENT_3D('',#2857,#2327,#2328);
#1929=AXIS2_PLACEMENT_3D('',#2858,#2329,#2330);
#1930=AXIS2_PLACEMENT_3D('',#2859,#2331,#2332);
#1931=AXIS2_PLACEMENT_3D('',#2860,#2333,#2334);
#1932=AXIS2_PLACEMENT_3D('',#2861,#2335,#2336);
#1933=AXIS2_PLACEMENT_3D('',#2862,#2337,#2338);
#1934=AXIS2_PLACEMENT_3D('',#2863,#2339,#2340);
#1935=AXIS2_PLACEMENT_3D('',#2864,#2341,#2342);
#1936=AXIS2_PLACEMENT_3D('',#2865,#2343,#2344);
#1937=AXIS2_PLACEMENT_3D('',#2866,#2345,#2346);
#1938=AXIS2_PLACEMENT_3D('',#2867,#2347,#2348);
#1939=AXIS2_PLACEMENT_3D('',#2868,#2349,#2350);
#1940=AXIS2_PLACEMENT_3D('',#2869,#2351,#2352);
#1941=AXIS2_PLACEMENT_3D('',#2870,#2353,#2354);
#1942=AXIS2_PLACEMENT_3D('',#2872,#2356,#2357);
#1943=AXIS2_PLACEMENT_3D('',#2874,#2359,#2360);
#1944=AXIS2_PLACEMENT_3D('',#2876,#2362,#2363);
#1945=AXIS2_PLACEMENT_3D('',#2878,#2365,#2366);
#1946=AXIS2_PLACEMENT_3D('',#2879,#2367,#2368);
#1947=AXIS2_PLACEMENT_3D('',#2880,#2369,#2370);
#1948=AXIS2_PLACEMENT_3D('',#2881,#2371,#2372);
#1949=AXIS2_PLACEMENT_3D('',#2882,#2373,#2374);
#1950=AXIS2_PLACEMENT_3D('',#2883,#2375,#2376);
#1951=DIRECTION('axis',(0.,0.,1.));
#1952=DIRECTION('refdir',(1.,0.,0.));
#1953=DIRECTION('center_axis',(0.,1.,0.));
#1954=DIRECTION('ref_axis',(0.,0.,1.));
#1955=DIRECTION('',(-1.,0.,0.));
#1956=DIRECTION('',(0.,0.,-1.));
#1957=DIRECTION('',(1.,0.,0.));
#1958=DIRECTION('',(0.707106781186547,0.,-0.707106781186547));
#1959=DIRECTION('',(0.,0.,1.));
#1960=DIRECTION('',(1.,0.,0.));
#1961=DIRECTION('',(0.,0.,-1.));
#1962=DIRECTION('',(-0.70710678118656,0.,-0.707106781186535));
#1963=DIRECTION('',(-1.,0.,0.));
#1964=DIRECTION('',(0.,0.,1.));
#1965=DIRECTION('',(1.,0.,0.));
#1966=DIRECTION('',(0.70710678118656,0.,-0.707106781186535));
#1967=DIRECTION('',(0.,0.,-1.));
#1968=DIRECTION('',(-1.,0.,0.));
#1969=DIRECTION('',(0.,0.,1.));
#1970=DIRECTION('',(-0.707106781186548,0.,-0.707106781186548));
#1971=DIRECTION('',(0.,0.,1.));
#1972=DIRECTION('',(-1.,0.,0.));
#1973=DIRECTION('',(1.6940658945086E-16,0.,-1.));
#1974=DIRECTION('',(1.,0.,0.));
#1975=DIRECTION('',(1.,0.,0.));
#1976=DIRECTION('',(0.,0.,1.));
#1977=DIRECTION('',(-1.,0.,0.));
#1978=DIRECTION('',(-1.6940658945086E-16,0.,-1.));
#1979=DIRECTION('',(1.,0.,0.));
#1980=DIRECTION('',(0.,0.,1.));
#1981=DIRECTION('',(-1.,0.,0.));
#1982=DIRECTION('',(-1.6940658945086E-16,0.,-1.));
#1983=DIRECTION('',(0.,0.,1.));
#1984=DIRECTION('',(-1.,0.,0.));
#1985=DIRECTION('',(1.6940658945086E-16,0.,-1.));
#1986=DIRECTION('',(1.,0.,0.));
#1987=DIRECTION('',(0.,0.,1.));
#1988=DIRECTION('',(-1.,0.,0.));
#1989=DIRECTION('',(1.6940658945086E-16,0.,-1.));
#1990=DIRECTION('',(1.,0.,0.));
#1991=DIRECTION('',(0.,0.,1.));
#1992=DIRECTION('',(-1.,0.,0.));
#1993=DIRECTION('',(1.6940658945086E-16,0.,-1.));
#1994=DIRECTION('',(1.,0.,0.));
#1995=DIRECTION('',(0.,0.,1.));
#1996=DIRECTION('',(-1.,0.,0.));
#1997=DIRECTION('',(1.6940658945086E-16,0.,-1.));
#1998=DIRECTION('',(1.,0.,0.));
#1999=DIRECTION('',(0.,0.,1.));
#2000=DIRECTION('',(-1.,0.,0.));
#2001=DIRECTION('',(1.6940658945086E-16,0.,-1.));
#2002=DIRECTION('',(1.,0.,0.));
#2003=DIRECTION('',(0.,0.,1.));
#2004=DIRECTION('',(-1.,0.,0.));
#2005=DIRECTION('',(1.6940658945086E-16,0.,-1.));
#2006=DIRECTION('',(1.,0.,0.));
#2007=DIRECTION('',(0.,0.,1.));
#2008=DIRECTION('',(-1.,0.,0.));
#2009=DIRECTION('',(1.6940658945086E-16,0.,-1.));
#2010=DIRECTION('',(1.,0.,0.));
#2011=DIRECTION('',(1.,0.,0.));
#2012=DIRECTION('',(0.,0.,1.));
#2013=DIRECTION('',(-1.,0.,0.));
#2014=DIRECTION('',(-1.6940658945086E-16,0.,-1.));
#2015=DIRECTION('',(1.,0.,0.));
#2016=DIRECTION('',(0.,0.,1.));
#2017=DIRECTION('',(-1.,0.,0.));
#2018=DIRECTION('',(-1.6940658945086E-16,0.,-1.));
#2019=DIRECTION('',(1.,0.,0.));
#2020=DIRECTION('',(0.,0.,1.));
#2021=DIRECTION('',(-1.,0.,0.));
#2022=DIRECTION('',(-1.6940658945086E-16,0.,-1.));
#2023=DIRECTION('',(1.,0.,0.));
#2024=DIRECTION('',(0.,0.,1.));
#2025=DIRECTION('',(-1.,0.,0.));
#2026=DIRECTION('',(-1.6940658945086E-16,0.,-1.));
#2027=DIRECTION('',(1.,0.,0.));
#2028=DIRECTION('',(0.,0.,1.));
#2029=DIRECTION('',(-1.,0.,0.));
#2030=DIRECTION('',(-1.6940658945086E-16,0.,-1.));
#2031=DIRECTION('',(1.,0.,0.));
#2032=DIRECTION('',(0.,0.,1.));
#2033=DIRECTION('',(-1.,0.,0.));
#2034=DIRECTION('',(-1.6940658945086E-16,0.,-1.));
#2035=DIRECTION('center_axis',(3.3881317890172E-16,0.,1.));
#2036=DIRECTION('ref_axis',(1.,0.,-3.3881317890172E-16));
#2037=DIRECTION('',(0.,1.,0.));
#2038=DIRECTION('',(1.,0.,-3.3881317890172E-16));
#2039=DIRECTION('',(0.,-1.,0.));
#2040=DIRECTION('center_axis',(3.3881317890172E-16,0.,1.));
#2041=DIRECTION('ref_axis',(1.,0.,-3.3881317890172E-16));
#2042=DIRECTION('',(0.,1.,0.));
#2043=DIRECTION('',(1.,0.,-3.3881317890172E-16));
#2044=DIRECTION('',(0.,-1.,0.));
#2045=DIRECTION('center_axis',(3.3881317890172E-16,0.,1.));
#2046=DIRECTION('ref_axis',(1.,0.,-3.3881317890172E-16));
#2047=DIRECTION('',(0.,1.,0.));
#2048=DIRECTION('',(1.,0.,-3.3881317890172E-16));
#2049=DIRECTION('',(0.,-1.,0.));
#2050=DIRECTION('center_axis',(3.3881317890172E-16,0.,1.));
#2051=DIRECTION('ref_axis',(1.,0.,-3.3881317890172E-16));
#2052=DIRECTION('',(0.,1.,0.));
#2053=DIRECTION('',(1.,0.,-3.3881317890172E-16));
#2054=DIRECTION('',(0.,-1.,0.));
#2055=DIRECTION('center_axis',(3.3881317890172E-16,0.,1.));
#2056=DIRECTION('ref_axis',(1.,0.,-3.3881317890172E-16));
#2057=DIRECTION('',(0.,1.,0.));
#2058=DIRECTION('',(1.,0.,-3.3881317890172E-16));
#2059=DIRECTION('',(0.,-1.,0.));
#2060=DIRECTION('center_axis',(3.3881317890172E-16,0.,1.));
#2061=DIRECTION('ref_axis',(1.,0.,-3.3881317890172E-16));
#2062=DIRECTION('',(0.,1.,0.));
#2063=DIRECTION('',(1.,0.,-3.3881317890172E-16));
#2064=DIRECTION('',(0.,-1.,0.));
#2065=DIRECTION('center_axis',(1.,0.,0.));
#2066=DIRECTION('ref_axis',(0.,0.,-1.));
#2067=DIRECTION('',(0.,1.,0.));
#2068=DIRECTION('',(0.,0.,-1.));
#2069=DIRECTION('',(0.,-1.,0.));
#2070=DIRECTION('center_axis',(1.,0.,0.));
#2071=DIRECTION('ref_axis',(0.,0.,-1.));
#2072=DIRECTION('',(0.,1.,0.));
#2073=DIRECTION('',(0.,0.,-1.));
#2074=DIRECTION('',(0.,-1.,0.));
#2075=DIRECTION('center_axis',(1.,0.,0.));
#2076=DIRECTION('ref_axis',(0.,0.,-1.));
#2077=DIRECTION('',(0.,1.,0.));
#2078=DIRECTION('',(0.,0.,-1.));
#2079=DIRECTION('',(0.,-1.,0.));
#2080=DIRECTION('center_axis',(1.,0.,0.));
#2081=DIRECTION('ref_axis',(0.,0.,-1.));
#2082=DIRECTION('',(0.,1.,0.));
#2083=DIRECTION('',(0.,0.,-1.));
#2084=DIRECTION('',(0.,-1.,0.));
#2085=DIRECTION('center_axis',(1.,0.,0.));
#2086=DIRECTION('ref_axis',(0.,0.,-1.));
#2087=DIRECTION('',(0.,1.,0.));
#2088=DIRECTION('',(0.,0.,-1.));
#2089=DIRECTION('',(0.,-1.,0.));
#2090=DIRECTION('center_axis',(1.,0.,0.));
#2091=DIRECTION('ref_axis',(0.,0.,-1.));
#2092=DIRECTION('',(0.,1.,0.));
#2093=DIRECTION('',(0.,0.,-1.));
#2094=DIRECTION('',(0.,-1.,0.));
#2095=DIRECTION('center_axis',(1.,0.,0.));
#2096=DIRECTION('ref_axis',(0.,0.,-1.));
#2097=DIRECTION('',(0.,-1.,0.));
#2098=DIRECTION('',(0.,1.,0.));
#2099=DIRECTION('',(0.,0.,1.));
#2100=DIRECTION('',(0.,1.,0.));
#2101=DIRECTION('',(0.,0.,-1.));
#2102=DIRECTION('center_axis',(8.53702498020082E-17,0.,1.));
#2103=DIRECTION('ref_axis',(1.,0.,-8.53702498020082E-17));
#2104=DIRECTION('',(0.,1.,0.));
#2105=DIRECTION('',(1.,0.,-8.53702498020082E-17));
#2106=DIRECTION('center_axis',(-1.,0.,0.));
#2107=DIRECTION('ref_axis',(0.,0.,1.));
#2108=DIRECTION('',(0.,1.,0.));
#2109=DIRECTION('',(0.,0.,1.));
#2110=DIRECTION('',(0.,-1.,0.));
#2111=DIRECTION('',(0.,0.,1.));
#2112=DIRECTION('center_axis',(-1.,0.,0.));
#2113=DIRECTION('ref_axis',(0.,0.,1.));
#2114=DIRECTION('',(0.,-1.,0.));
#2115=DIRECTION('',(0.,1.,0.));
#2116=DIRECTION('',(0.,0.,-1.));
#2117=DIRECTION('',(0.,1.,0.));
#2118=DIRECTION('',(0.,0.,1.));
#2119=DIRECTION('center_axis',(0.,0.,-1.));
#2120=DIRECTION('ref_axis',(-1.,0.,0.));
#2121=DIRECTION('',(0.,1.,0.));
#2122=DIRECTION('',(-1.,0.,0.));
#2123=DIRECTION('center_axis',(1.,0.,0.));
#2124=DIRECTION('ref_axis',(0.,0.,-1.));
#2125=DIRECTION('',(0.,1.,0.));
#2126=DIRECTION('',(0.,0.,-1.));
#2127=DIRECTION('',(0.,-1.,0.));
#2128=DIRECTION('',(0.,0.,-1.));
#2129=DIRECTION('center_axis',(3.3881317890172E-16,0.,1.));
#2130=DIRECTION('ref_axis',(1.,0.,-3.3881317890172E-16));
#2131=DIRECTION('',(0.,1.,0.));
#2132=DIRECTION('',(1.,0.,-3.3881317890172E-16));
#2133=DIRECTION('',(0.,-1.,0.));
#2134=DIRECTION('center_axis',(1.,0.,0.));
#2135=DIRECTION('ref_axis',(0.,0.,-1.));
#2136=DIRECTION('',(0.,1.,0.));
#2137=DIRECTION('',(0.,0.,-1.));
#2138=DIRECTION('',(0.,-1.,0.));
#2139=DIRECTION('center_axis',(1.,0.,0.));
#2140=DIRECTION('ref_axis',(0.,0.,-1.));
#2141=DIRECTION('',(0.,1.,0.));
#2142=DIRECTION('',(0.,0.,-1.));
#2143=DIRECTION('',(0.,-1.,0.));
#2144=DIRECTION('center_axis',(3.3881317890172E-16,0.,1.));
#2145=DIRECTION('ref_axis',(1.,0.,-3.3881317890172E-16));
#2146=DIRECTION('',(0.,1.,0.));
#2147=DIRECTION('',(1.,0.,-3.3881317890172E-16));
#2148=DIRECTION('',(0.,-1.,0.));
#2149=DIRECTION('center_axis',(-1.,0.,-1.6940658945086E-16));
#2150=DIRECTION('ref_axis',(-1.6940658945086E-16,0.,1.));
#2151=DIRECTION('',(-1.6940658945086E-16,0.,1.));
#2152=DIRECTION('',(0.,-1.,0.));
#2153=DIRECTION('center_axis',(1.,0.,0.));
#2154=DIRECTION('ref_axis',(0.,0.,-1.));
#2155=DIRECTION('',(0.,1.,0.));
#2156=DIRECTION('',(0.,0.,-1.));
#2157=DIRECTION('center_axis',(0.,1.,0.));
#2158=DIRECTION('ref_axis',(0.,0.,1.));
#2159=DIRECTION('',(-0.707106781186547,0.,0.707106781186547));
#2160=DIRECTION('',(-1.,0.,0.));
#2161=DIRECTION('',(0.,0.,1.));
#2162=DIRECTION('',(1.,0.,0.));
#2163=DIRECTION('',(0.707106781186546,0.,0.707106781186549));
#2164=DIRECTION('',(-1.,0.,0.));
#2165=DIRECTION('',(0.707106781186558,0.,-0.707106781186537));
#2166=DIRECTION('',(-1.,0.,0.));
#2167=DIRECTION('',(0.,0.,-1.));
#2168=DIRECTION('',(1.,0.,0.));
#2169=DIRECTION('',(-0.70710678118656,0.,-0.707106781186535));
#2170=DIRECTION('',(1.,0.,0.));
#2171=DIRECTION('',(0.,0.,-1.));
#2172=DIRECTION('',(0.,0.,1.));
#2173=DIRECTION('',(-1.,0.,0.));
#2174=DIRECTION('',(-1.,0.,0.));
#2175=DIRECTION('',(1.,0.,0.));
#2176=DIRECTION('',(1.6940658945086E-16,0.,1.));
#2177=DIRECTION('',(-1.,0.,0.));
#2178=DIRECTION('',(1.,0.,0.));
#2179=DIRECTION('',(1.6940658945086E-16,0.,1.));
#2180=DIRECTION('',(0.,0.,-1.));
#2181=DIRECTION('',(0.,0.,1.));
#2182=DIRECTION('',(-1.,0.,0.));
#2183=DIRECTION('',(1.,0.,0.));
#2184=DIRECTION('',(0.,0.,1.));
#2185=DIRECTION('',(-1.,0.,0.));
#2186=DIRECTION('',(0.,0.,-1.));
#2187=DIRECTION('',(0.,0.,1.));
#2188=DIRECTION('',(-1.,0.,0.));
#2189=DIRECTION('',(0.,0.,-1.));
#2190=DIRECTION('',(0.,0.,1.));
#2191=DIRECTION('',(-1.,0.,0.));
#2192=DIRECTION('',(0.,0.,-1.));
#2193=DIRECTION('',(0.,0.,1.));
#2194=DIRECTION('',(-1.,0.,0.));
#2195=DIRECTION('',(0.,0.,-1.));
#2196=DIRECTION('',(0.,0.,1.));
#2197=DIRECTION('',(-1.,0.,0.));
#2198=DIRECTION('',(0.,0.,-1.));
#2199=DIRECTION('',(1.,0.,0.));
#2200=DIRECTION('',(1.6940658945086E-16,0.,1.));
#2201=DIRECTION('',(-1.,0.,0.));
#2202=DIRECTION('',(1.,0.,0.));
#2203=DIRECTION('',(1.6940658945086E-16,0.,1.));
#2204=DIRECTION('',(-1.,0.,0.));
#2205=DIRECTION('',(1.,0.,0.));
#2206=DIRECTION('',(1.6940658945086E-16,0.,1.));
#2207=DIRECTION('',(-1.,0.,0.));
#2208=DIRECTION('',(1.,0.,0.));
#2209=DIRECTION('',(1.6940658945086E-16,0.,1.));
#2210=DIRECTION('',(-1.,0.,0.));
#2211=DIRECTION('',(1.,0.,0.));
#2212=DIRECTION('',(1.6940658945086E-16,0.,1.));
#2213=DIRECTION('',(-1.,0.,0.));
#2214=DIRECTION('',(1.,0.,0.));
#2215=DIRECTION('',(1.6940658945086E-16,0.,1.));
#2216=DIRECTION('',(-1.,0.,0.));
#2217=DIRECTION('center_axis',(-1.,0.,-1.6940658945086E-16));
#2218=DIRECTION('ref_axis',(-1.6940658945086E-16,0.,1.));
#2219=DIRECTION('',(0.,-1.,0.));
#2220=DIRECTION('center_axis',(1.,0.,0.));
#2221=DIRECTION('ref_axis',(0.,0.,-1.));
#2222=DIRECTION('',(0.,1.,0.));
#2223=DIRECTION('center_axis',(-1.,0.,-1.6940658945086E-16));
#2224=DIRECTION('ref_axis',(-1.6940658945086E-16,0.,1.));
#2225=DIRECTION('',(0.,-1.,0.));
#2226=DIRECTION('center_axis',(1.,0.,0.));
#2227=DIRECTION('ref_axis',(0.,0.,-1.));
#2228=DIRECTION('',(0.,1.,0.));
#2229=DIRECTION('center_axis',(-1.,0.,-1.6940658945086E-16));
#2230=DIRECTION('ref_axis',(-1.6940658945086E-16,0.,1.));
#2231=DIRECTION('',(0.,-1.,0.));
#2232=DIRECTION('center_axis',(1.,0.,0.));
#2233=DIRECTION('ref_axis',(0.,0.,-1.));
#2234=DIRECTION('',(0.,1.,0.));
#2235=DIRECTION('center_axis',(-1.,0.,-1.6940658945086E-16));
#2236=DIRECTION('ref_axis',(-1.6940658945086E-16,0.,1.));
#2237=DIRECTION('',(0.,-1.,0.));
#2238=DIRECTION('center_axis',(1.,0.,0.));
#2239=DIRECTION('ref_axis',(0.,0.,-1.));
#2240=DIRECTION('',(0.,1.,0.));
#2241=DIRECTION('center_axis',(-1.,0.,-1.6940658945086E-16));
#2242=DIRECTION('ref_axis',(-1.6940658945086E-16,0.,1.));
#2243=DIRECTION('',(0.,-1.,0.));
#2244=DIRECTION('center_axis',(1.,0.,0.));
#2245=DIRECTION('ref_axis',(0.,0.,-1.));
#2246=DIRECTION('',(0.,1.,0.));
#2247=DIRECTION('center_axis',(0.,0.,1.));
#2248=DIRECTION('ref_axis',(1.,0.,0.));
#2249=DIRECTION('',(0.,-1.,0.));
#2250=DIRECTION('center_axis',(0.,0.,-1.));
#2251=DIRECTION('ref_axis',(-1.,0.,0.));
#2252=DIRECTION('',(0.,1.,0.));
#2253=DIRECTION('center_axis',(0.,0.,1.));
#2254=DIRECTION('ref_axis',(1.,0.,0.));
#2255=DIRECTION('',(0.,-1.,0.));
#2256=DIRECTION('center_axis',(0.,0.,-1.));
#2257=DIRECTION('ref_axis',(-1.,0.,0.));
#2258=DIRECTION('',(0.,1.,0.));
#2259=DIRECTION('center_axis',(0.,0.,1.));
#2260=DIRECTION('ref_axis',(1.,0.,0.));
#2261=DIRECTION('',(0.,-1.,0.));
#2262=DIRECTION('center_axis',(0.,0.,-1.));
#2263=DIRECTION('ref_axis',(-1.,0.,0.));
#2264=DIRECTION('',(0.,1.,0.));
#2265=DIRECTION('center_axis',(0.,0.,1.));
#2266=DIRECTION('ref_axis',(1.,0.,0.));
#2267=DIRECTION('',(0.,-1.,0.));
#2268=DIRECTION('center_axis',(0.,0.,-1.));
#2269=DIRECTION('ref_axis',(-1.,0.,0.));
#2270=DIRECTION('',(0.,1.,0.));
#2271=DIRECTION('center_axis',(0.,0.,1.));
#2272=DIRECTION('ref_axis',(1.,0.,0.));
#2273=DIRECTION('',(0.,-1.,0.));
#2274=DIRECTION('center_axis',(0.,0.,-1.));
#2275=DIRECTION('ref_axis',(-1.,0.,0.));
#2276=DIRECTION('',(0.,1.,0.));
#2277=DIRECTION('center_axis',(0.,0.,1.));
#2278=DIRECTION('ref_axis',(1.,0.,0.));
#2279=DIRECTION('',(0.,-1.,0.));
#2280=DIRECTION('center_axis',(0.,0.,-1.));
#2281=DIRECTION('ref_axis',(-1.,0.,0.));
#2282=DIRECTION('',(0.,1.,0.));
#2283=DIRECTION('center_axis',(-0.707106781186548,-1.58071486256018E-16,
0.707106781186548));
#2284=DIRECTION('ref_axis',(0.707106781186548,0.,0.707106781186548));
#2285=DIRECTION('',(-1.11773419843866E-16,1.,1.11773419843866E-16));
#2286=DIRECTION('center_axis',(0.,1.,0.));
#2287=DIRECTION('ref_axis',(0.,0.,1.));
#2288=DIRECTION('',(1.,0.,0.));
#2289=DIRECTION('center_axis',(-0.707106781186535,1.58071486256021E-16,
-0.70710678118656));
#2290=DIRECTION('ref_axis',(-0.70710678118656,0.,0.707106781186535));
#2291=DIRECTION('',(1.11773419843866E-16,1.,1.1177341984387E-16));
#2292=DIRECTION('center_axis',(-0.707106781186535,0.,0.70710678118656));
#2293=DIRECTION('ref_axis',(0.70710678118656,0.,0.707106781186535));
#2294=DIRECTION('',(0.,-1.,0.));
#2295=DIRECTION('center_axis',(0.,1.,0.));
#2296=DIRECTION('ref_axis',(0.,0.,1.));
#2297=DIRECTION('',(-1.,0.,0.));
#2298=DIRECTION('center_axis',(-0.707106781186548,0.,-0.707106781186548));
#2299=DIRECTION('ref_axis',(-0.707106781186548,0.,0.707106781186548));
#2300=DIRECTION('',(0.,-1.,0.));
#2301=DIRECTION('center_axis',(-1.,0.,-1.6940658945086E-16));
#2302=DIRECTION('ref_axis',(-1.6940658945086E-16,0.,1.));
#2303=DIRECTION('',(0.,-1.,0.));
#2304=DIRECTION('center_axis',(1.,0.,0.));
#2305=DIRECTION('ref_axis',(0.,0.,-1.));
#2306=DIRECTION('',(0.,1.,0.));
#2307=DIRECTION('center_axis',(0.,0.,1.));
#2308=DIRECTION('ref_axis',(1.,0.,0.));
#2309=DIRECTION('',(0.,-1.,0.));
#2310=DIRECTION('center_axis',(0.,0.,-1.));
#2311=DIRECTION('ref_axis',(-1.,0.,0.));
#2312=DIRECTION('',(0.,1.,0.));
#2313=DIRECTION('center_axis',(0.,0.,1.));
#2314=DIRECTION('ref_axis',(1.,0.,0.));
#2315=DIRECTION('',(0.,-1.,0.));
#2316=DIRECTION('center_axis',(0.,0.,-1.));
#2317=DIRECTION('ref_axis',(-1.,0.,0.));
#2318=DIRECTION('',(0.,1.,0.));
#2319=DIRECTION('center_axis',(-1.,0.,-1.6940658945086E-16));
#2320=DIRECTION('ref_axis',(-1.6940658945086E-16,0.,1.));
#2321=DIRECTION('',(0.,-1.,0.));
#2322=DIRECTION('center_axis',(1.,0.,0.));
#2323=DIRECTION('ref_axis',(0.,0.,-1.));
#2324=DIRECTION('',(0.,1.,0.));
#2325=DIRECTION('center_axis',(0.,0.,-1.));
#2326=DIRECTION('ref_axis',(-1.,0.,0.));
#2327=DIRECTION('center_axis',(0.,0.,-1.));
#2328=DIRECTION('ref_axis',(-1.,0.,0.));
#2329=DIRECTION('center_axis',(0.,0.,1.));
#2330=DIRECTION('ref_axis',(1.,0.,0.));
#2331=DIRECTION('center_axis',(0.,0.,-1.));
#2332=DIRECTION('ref_axis',(-1.,0.,0.));
#2333=DIRECTION('center_axis',(0.,0.,-1.));
#2334=DIRECTION('ref_axis',(-1.,0.,0.));
#2335=DIRECTION('center_axis',(0.,0.,-1.));
#2336=DIRECTION('ref_axis',(-1.,0.,0.));
#2337=DIRECTION('center_axis',(0.,0.,-1.));
#2338=DIRECTION('ref_axis',(-1.,0.,0.));
#2339=DIRECTION('center_axis',(0.,0.,-1.));
#2340=DIRECTION('ref_axis',(-1.,0.,0.));
#2341=DIRECTION('center_axis',(-1.,0.,1.6940658945086E-16));
#2342=DIRECTION('ref_axis',(1.6940658945086E-16,0.,1.));
#2343=DIRECTION('center_axis',(-1.,0.,1.6940658945086E-16));
#2344=DIRECTION('ref_axis',(1.6940658945086E-16,0.,1.));
#2345=DIRECTION('center_axis',(-1.,0.,1.6940658945086E-16));
#2346=DIRECTION('ref_axis',(1.6940658945086E-16,0.,1.));
#2347=DIRECTION('center_axis',(-1.,0.,1.6940658945086E-16));
#2348=DIRECTION('ref_axis',(1.6940658945086E-16,0.,1.));
#2349=DIRECTION('center_axis',(-1.,0.,1.6940658945086E-16));
#2350=DIRECTION('ref_axis',(1.6940658945086E-16,0.,1.));
#2351=DIRECTION('center_axis',(-1.,0.,1.6940658945086E-16));
#2352=DIRECTION('ref_axis',(1.6940658945086E-16,0.,1.));
#2353=DIRECTION('center_axis',(0.,-2.23546839687733E-16,1.));
#2354=DIRECTION('ref_axis',(0.,-1.,-2.23546839687733E-16));
#2355=DIRECTION('',(0.,1.,2.23546839687733E-16));
#2356=DIRECTION('center_axis',(0.,2.23546839687733E-16,-1.));
#2357=DIRECTION('ref_axis',(0.,1.,2.23546839687733E-16));
#2358=DIRECTION('',(0.,1.,2.23546839687733E-16));
#2359=DIRECTION('center_axis',(0.,0.,1.));
#2360=DIRECTION('ref_axis',(1.,0.,0.));
#2361=DIRECTION('',(0.,-1.,0.));
#2362=DIRECTION('center_axis',(0.,0.,-1.));
#2363=DIRECTION('ref_axis',(-1.,0.,0.));
#2364=DIRECTION('',(0.,-1.,0.));
#2365=DIRECTION('center_axis',(0.,0.,-1.));
#2366=DIRECTION('ref_axis',(-1.,0.,0.));
#2367=DIRECTION('center_axis',(-1.,0.,1.6940658945086E-16));
#2368=DIRECTION('ref_axis',(1.6940658945086E-16,0.,1.));
#2369=DIRECTION('center_axis',(-1.,0.,1.6940658945086E-16));
#2370=DIRECTION('ref_axis',(1.6940658945086E-16,0.,1.));
#2371=DIRECTION('center_axis',(0.,0.,-1.));
#2372=DIRECTION('ref_axis',(-1.,0.,0.));
#2373=DIRECTION('center_axis',(-1.,0.,0.));
#2374=DIRECTION('ref_axis',(0.,0.,1.));
#2375=DIRECTION('center_axis',(1.,0.,0.));
#2376=DIRECTION('ref_axis',(0.,0.,-1.));
#2377=CARTESIAN_POINT('',(0.,0.,0.));
#2378=CARTESIAN_POINT('Origin',(0.,2.54,0.));
#2379=CARTESIAN_POINT('',(0.2,2.54,-2.89));
#2380=CARTESIAN_POINT('',(0.0999999999999994,2.54,-2.89));
#2381=CARTESIAN_POINT('',(0.2,2.54,-2.89));
#2382=CARTESIAN_POINT('',(0.2,2.54,-2.19));
#2383=CARTESIAN_POINT('',(0.2,2.54,-2.19));
#2384=CARTESIAN_POINT('',(0.0999999999999994,2.54,-2.19));
#2385=CARTESIAN_POINT('',(0.2,2.54,-2.19));
#2386=CARTESIAN_POINT('',(-1.52465930505774E-17,2.54,-2.09));
#2387=CARTESIAN_POINT('',(0.,2.54,-2.09));
#2388=CARTESIAN_POINT('',(0.,2.54,0.));
#2389=CARTESIAN_POINT('',(0.,2.54,0.));
#2390=CARTESIAN_POINT('',(20.32,2.54,0.));
#2391=CARTESIAN_POINT('',(0.,2.54,0.));
#2392=CARTESIAN_POINT('',(20.32,2.54,-2.09));
#2393=CARTESIAN_POINT('',(20.32,2.54,0.));
#2394=CARTESIAN_POINT('',(20.22,2.54,-2.19));
#2395=CARTESIAN_POINT('',(20.22,2.54,-2.19));
#2396=CARTESIAN_POINT('',(20.12,2.54,-2.19));
#2397=CARTESIAN_POINT('',(20.12,2.54,-2.19));
#2398=CARTESIAN_POINT('',(20.12,2.54,-2.89));
#2399=CARTESIAN_POINT('',(20.12,2.54,-2.19));
#2400=CARTESIAN_POINT('',(20.22,2.54,-2.89));
#2401=CARTESIAN_POINT('',(20.12,2.54,-2.89));
#2402=CARTESIAN_POINT('',(20.32,2.54,-2.99));
#2403=CARTESIAN_POINT('',(20.22,2.54,-2.89));
#2404=CARTESIAN_POINT('',(20.32,2.54,-5.08));
#2405=CARTESIAN_POINT('',(20.32,2.54,0.));
#2406=CARTESIAN_POINT('',(0.,2.54,-5.08));
#2407=CARTESIAN_POINT('',(0.,2.54,-5.08));
#2408=CARTESIAN_POINT('',(2.71050543121376E-17,2.54,-2.99));
#2409=CARTESIAN_POINT('',(0.,2.54,0.));
#2410=CARTESIAN_POINT('',(-4.84739938483418E-32,2.54,-2.99));
#2411=CARTESIAN_POINT('',(1.59,2.54,-1.59));
#2412=CARTESIAN_POINT('',(1.59,2.54,-0.95));
#2413=CARTESIAN_POINT('',(1.59,2.54,-1.59));
#2414=CARTESIAN_POINT('',(0.95,2.54,-0.95));
#2415=CARTESIAN_POINT('',(0.,2.54,-0.95));
#2416=CARTESIAN_POINT('',(0.95,2.54,-1.59));
#2417=CARTESIAN_POINT('',(0.95,2.54,-1.59));
#2418=CARTESIAN_POINT('',(0.95,2.54,-1.59));
#2419=CARTESIAN_POINT('',(0.95,2.54,-4.13));
#2420=CARTESIAN_POINT('',(1.59,2.54,-4.13));
#2421=CARTESIAN_POINT('',(0.95,2.54,-4.13));
#2422=CARTESIAN_POINT('',(1.59,2.54,-3.49));
#2423=CARTESIAN_POINT('',(1.59,2.54,0.));
#2424=CARTESIAN_POINT('',(0.95,2.54,-3.49));
#2425=CARTESIAN_POINT('',(0.95,2.54,-3.49));
#2426=CARTESIAN_POINT('',(0.95,2.54,-3.49));
#2427=CARTESIAN_POINT('',(3.49,2.54,-4.13));
#2428=CARTESIAN_POINT('',(4.13,2.54,-4.13));
#2429=CARTESIAN_POINT('',(3.49,2.54,-4.13));
#2430=CARTESIAN_POINT('',(4.13,2.54,-3.49));
#2431=CARTESIAN_POINT('',(4.13,2.54,0.));
#2432=CARTESIAN_POINT('',(3.49,2.54,-3.49));
#2433=CARTESIAN_POINT('',(3.49,2.54,-3.49));
#2434=CARTESIAN_POINT('',(3.49,2.54,-3.49));
#2435=CARTESIAN_POINT('',(4.13,2.54,-1.59));
#2436=CARTESIAN_POINT('',(4.13,2.54,-0.950000000000001));
#2437=CARTESIAN_POINT('',(4.13,2.54,-1.59));
#2438=CARTESIAN_POINT('',(3.49,2.54,-0.95));
#2439=CARTESIAN_POINT('',(0.,2.54,-0.950000000000001));
#2440=CARTESIAN_POINT('',(3.49,2.54,-1.59));
#2441=CARTESIAN_POINT('',(3.49,2.54,-1.59));
#2442=CARTESIAN_POINT('',(3.49,2.54,-1.59));
#2443=CARTESIAN_POINT('',(19.37,2.54,-1.59));
#2444=CARTESIAN_POINT('',(19.37,2.54,-0.950000000000002));
#2445=CARTESIAN_POINT('',(19.37,2.54,-1.59));
#2446=CARTESIAN_POINT('',(18.73,2.54,-0.950000000000002));
#2447=CARTESIAN_POINT('',(0.,2.54,-0.950000000000002));
#2448=CARTESIAN_POINT('',(18.73,2.54,-1.59));
#2449=CARTESIAN_POINT('',(18.73,2.54,-1.59));
#2450=CARTESIAN_POINT('',(18.73,2.54,-1.59));
#2451=CARTESIAN_POINT('',(16.83,2.54,-1.59));
#2452=CARTESIAN_POINT('',(16.83,2.54,-0.950000000000002));
#2453=CARTESIAN_POINT('',(16.83,2.54,-1.59));
#2454=CARTESIAN_POINT('',(16.19,2.54,-0.950000000000001));
#2455=CARTESIAN_POINT('',(0.,2.54,-0.950000000000002));
#2456=CARTESIAN_POINT('',(16.19,2.54,-1.59));
#2457=CARTESIAN_POINT('',(16.19,2.54,-1.59));
#2458=CARTESIAN_POINT('',(16.19,2.54,-1.59));
#2459=CARTESIAN_POINT('',(14.29,2.54,-1.59));
#2460=CARTESIAN_POINT('',(14.29,2.54,-0.950000000000001));
#2461=CARTESIAN_POINT('',(14.29,2.54,-1.59));
#2462=CARTESIAN_POINT('',(13.65,2.54,-0.950000000000001));
#2463=CARTESIAN_POINT('',(0.,2.54,-0.950000000000001));
#2464=CARTESIAN_POINT('',(13.65,2.54,-1.59));
#2465=CARTESIAN_POINT('',(13.65,2.54,-1.59));
#2466=CARTESIAN_POINT('',(13.65,2.54,-1.59));
#2467=CARTESIAN_POINT('',(11.75,2.54,-1.59));
#2468=CARTESIAN_POINT('',(11.75,2.54,-0.950000000000001));
#2469=CARTESIAN_POINT('',(11.75,2.54,-1.59));
#2470=CARTESIAN_POINT('',(11.11,2.54,-0.950000000000001));
#2471=CARTESIAN_POINT('',(0.,2.54,-0.950000000000001));
#2472=CARTESIAN_POINT('',(11.11,2.54,-1.59));
#2473=CARTESIAN_POINT('',(11.11,2.54,-1.59));
#2474=CARTESIAN_POINT('',(11.11,2.54,-1.59));
#2475=CARTESIAN_POINT('',(9.21,2.54,-1.59));
#2476=CARTESIAN_POINT('',(9.21,2.54,-0.950000000000001));
#2477=CARTESIAN_POINT('',(9.21,2.54,-1.59));
#2478=CARTESIAN_POINT('',(8.57,2.54,-0.950000000000001));
#2479=CARTESIAN_POINT('',(0.,2.54,-0.950000000000001));
#2480=CARTESIAN_POINT('',(8.57,2.54,-1.59));
#2481=CARTESIAN_POINT('',(8.57,2.54,-1.59));
#2482=CARTESIAN_POINT('',(8.57,2.54,-1.59));
#2483=CARTESIAN_POINT('',(6.67,2.54,-1.59));
#2484=CARTESIAN_POINT('',(6.67,2.54,-0.950000000000001));
#2485=CARTESIAN_POINT('',(6.67,2.54,-1.59));
#2486=CARTESIAN_POINT('',(6.03,2.54,-0.950000000000001));
#2487=CARTESIAN_POINT('',(0.,2.54,-0.950000000000001));
#2488=CARTESIAN_POINT('',(6.03,2.54,-1.59));
#2489=CARTESIAN_POINT('',(6.03,2.54,-1.59));
#2490=CARTESIAN_POINT('',(6.03,2.54,-1.59));
#2491=CARTESIAN_POINT('',(18.73,2.54,-4.13));
#2492=CARTESIAN_POINT('',(19.37,2.54,-4.13));
#2493=CARTESIAN_POINT('',(18.73,2.54,-4.13));
#2494=CARTESIAN_POINT('',(19.37,2.54,-3.49));
#2495=CARTESIAN_POINT('',(19.37,2.54,0.));
#2496=CARTESIAN_POINT('',(18.73,2.54,-3.49));
#2497=CARTESIAN_POINT('',(18.73,2.54,-3.49));
#2498=CARTESIAN_POINT('',(18.73,2.54,-3.49));
#2499=CARTESIAN_POINT('',(16.19,2.54,-4.13));
#2500=CARTESIAN_POINT('',(16.83,2.54,-4.13));
#2501=CARTESIAN_POINT('',(16.19,2.54,-4.13));
#2502=CARTESIAN_POINT('',(16.83,2.54,-3.49));
#2503=CARTESIAN_POINT('',(16.83,2.54,0.));
#2504=CARTESIAN_POINT('',(16.19,2.54,-3.49));
#2505=CARTESIAN_POINT('',(16.19,2.54,-3.49));
#2506=CARTESIAN_POINT('',(16.19,2.54,-3.49));
#2507=CARTESIAN_POINT('',(13.65,2.54,-4.13));
#2508=CARTESIAN_POINT('',(14.29,2.54,-4.13));
#2509=CARTESIAN_POINT('',(13.65,2.54,-4.13));
#2510=CARTESIAN_POINT('',(14.29,2.54,-3.49));
#2511=CARTESIAN_POINT('',(14.29,2.54,0.));
#2512=CARTESIAN_POINT('',(13.65,2.54,-3.49));
#2513=CARTESIAN_POINT('',(13.65,2.54,-3.49));
#2514=CARTESIAN_POINT('',(13.65,2.54,-3.49));
#2515=CARTESIAN_POINT('',(11.11,2.54,-4.13));
#2516=CARTESIAN_POINT('',(11.75,2.54,-4.13));
#2517=CARTESIAN_POINT('',(11.11,2.54,-4.13));
#2518=CARTESIAN_POINT('',(11.75,2.54,-3.49));
#2519=CARTESIAN_POINT('',(11.75,2.54,0.));
#2520=CARTESIAN_POINT('',(11.11,2.54,-3.49));
#2521=CARTESIAN_POINT('',(11.11,2.54,-3.49));
#2522=CARTESIAN_POINT('',(11.11,2.54,-3.49));
#2523=CARTESIAN_POINT('',(8.57,2.54,-4.13));
#2524=CARTESIAN_POINT('',(9.21,2.54,-4.13));
#2525=CARTESIAN_POINT('',(8.57,2.54,-4.13));
#2526=CARTESIAN_POINT('',(9.21,2.54,-3.49));
#2527=CARTESIAN_POINT('',(9.21,2.54,0.));
#2528=CARTESIAN_POINT('',(8.57,2.54,-3.49));
#2529=CARTESIAN_POINT('',(8.57,2.54,-3.49));
#2530=CARTESIAN_POINT('',(8.57,2.54,-3.49));
#2531=CARTESIAN_POINT('',(6.03,2.54,-4.13));
#2532=CARTESIAN_POINT('',(6.67,2.54,-4.13));
#2533=CARTESIAN_POINT('',(6.03,2.54,-4.13));
#2534=CARTESIAN_POINT('',(6.67,2.54,-3.49));
#2535=CARTESIAN_POINT('',(6.67,2.54,0.));
#2536=CARTESIAN_POINT('',(6.03,2.54,-3.49));
#2537=CARTESIAN_POINT('',(6.03,2.54,-3.49));
#2538=CARTESIAN_POINT('',(6.03,2.54,-3.49));
#2539=CARTESIAN_POINT('Origin',(18.73,-7.46,-0.950000000000002));
#2540=CARTESIAN_POINT('',(19.37,0.6,-0.950000000000002));
#2541=CARTESIAN_POINT('',(19.37,-7.46,-0.950000000000002));
#2542=CARTESIAN_POINT('',(18.73,0.6,-0.950000000000002));
#2543=CARTESIAN_POINT('',(18.73,0.600000000000001,-0.950000000000002));
#2544=CARTESIAN_POINT('',(18.73,-7.46,-0.950000000000002));
#2545=CARTESIAN_POINT('Origin',(16.19,-7.46,-0.950000000000001));
#2546=CARTESIAN_POINT('',(16.83,0.6,-0.950000000000002));
#2547=CARTESIAN_POINT('',(16.83,-7.46,-0.950000000000002));
#2548=CARTESIAN_POINT('',(16.19,0.6,-0.950000000000002));
#2549=CARTESIAN_POINT('',(16.19,0.600000000000001,-0.950000000000001));
#2550=CARTESIAN_POINT('',(16.19,-7.46,-0.950000000000001));
#2551=CARTESIAN_POINT('Origin',(13.65,-7.46,-0.950000000000001));
#2552=CARTESIAN_POINT('',(14.29,0.6,-0.950000000000001));
#2553=CARTESIAN_POINT('',(14.29,-7.46,-0.950000000000001));
#2554=CARTESIAN_POINT('',(13.65,0.6,-0.950000000000001));
#2555=CARTESIAN_POINT('',(13.65,0.600000000000001,-0.950000000000001));
#2556=CARTESIAN_POINT('',(13.65,-7.46,-0.950000000000001));
#2557=CARTESIAN_POINT('Origin',(11.11,-7.46,-0.950000000000001));
#2558=CARTESIAN_POINT('',(11.75,0.6,-0.950000000000001));
#2559=CARTESIAN_POINT('',(11.75,-7.46,-0.950000000000001));
#2560=CARTESIAN_POINT('',(11.11,0.6,-0.950000000000001));
#2561=CARTESIAN_POINT('',(11.11,0.600000000000001,-0.950000000000001));
#2562=CARTESIAN_POINT('',(11.11,-7.46,-0.950000000000001));
#2563=CARTESIAN_POINT('Origin',(8.57,-7.46,-0.950000000000001));
#2564=CARTESIAN_POINT('',(9.21,0.6,-0.950000000000001));
#2565=CARTESIAN_POINT('',(9.21,-7.46,-0.950000000000001));
#2566=CARTESIAN_POINT('',(8.57,0.6,-0.950000000000001));
#2567=CARTESIAN_POINT('',(8.57,0.600000000000001,-0.950000000000001));
#2568=CARTESIAN_POINT('',(8.57,-7.46,-0.950000000000001));
#2569=CARTESIAN_POINT('Origin',(6.03,-7.46,-0.950000000000001));
#2570=CARTESIAN_POINT('',(6.67,0.6,-0.950000000000001));
#2571=CARTESIAN_POINT('',(6.67,-7.46,-0.950000000000001));
#2572=CARTESIAN_POINT('',(6.03,0.6,-0.950000000000001));
#2573=CARTESIAN_POINT('',(6.03,0.600000000000001,-0.950000000000001));
#2574=CARTESIAN_POINT('',(6.03,-7.46,-0.950000000000001));
#2575=CARTESIAN_POINT('Origin',(19.37,-7.46,-3.49));
#2576=CARTESIAN_POINT('',(19.37,0.6,-4.13));
#2577=CARTESIAN_POINT('',(19.37,-7.46,-4.13));
#2578=CARTESIAN_POINT('',(19.37,0.6,-3.49));
#2579=CARTESIAN_POINT('',(19.37,0.600000000000001,-3.49));
#2580=CARTESIAN_POINT('',(19.37,-7.46,-3.49));
#2581=CARTESIAN_POINT('Origin',(16.83,-7.46,-3.49));
#2582=CARTESIAN_POINT('',(16.83,0.6,-4.13));
#2583=CARTESIAN_POINT('',(16.83,-7.46,-4.13));
#2584=CARTESIAN_POINT('',(16.83,0.6,-3.49));
#2585=CARTESIAN_POINT('',(16.83,0.600000000000001,-3.49));
#2586=CARTESIAN_POINT('',(16.83,-7.46,-3.49));
#2587=CARTESIAN_POINT('Origin',(14.29,-7.46,-3.49));
#2588=CARTESIAN_POINT('',(14.29,0.6,-4.13));
#2589=CARTESIAN_POINT('',(14.29,-7.46,-4.13));
#2590=CARTESIAN_POINT('',(14.29,0.6,-3.49));
#2591=CARTESIAN_POINT('',(14.29,0.600000000000001,-3.49));
#2592=CARTESIAN_POINT('',(14.29,-7.46,-3.49));
#2593=CARTESIAN_POINT('Origin',(11.75,-7.46,-3.49));
#2594=CARTESIAN_POINT('',(11.75,0.6,-4.13));
#2595=CARTESIAN_POINT('',(11.75,-7.46,-4.13));
#2596=CARTESIAN_POINT('',(11.75,0.6,-3.49));
#2597=CARTESIAN_POINT('',(11.75,0.600000000000001,-3.49));
#2598=CARTESIAN_POINT('',(11.75,-7.46,-3.49));
#2599=CARTESIAN_POINT('Origin',(9.21,-7.46,-3.49));
#2600=CARTESIAN_POINT('',(9.21,0.6,-4.13));
#2601=CARTESIAN_POINT('',(9.21,-7.46,-4.13));
#2602=CARTESIAN_POINT('',(9.21,0.6,-3.49));
#2603=CARTESIAN_POINT('',(9.21,0.600000000000001,-3.49));
#2604=CARTESIAN_POINT('',(9.21,-7.46,-3.49));
#2605=CARTESIAN_POINT('Origin',(6.67,-7.46,-3.49));
#2606=CARTESIAN_POINT('',(6.67,0.6,-4.13));
#2607=CARTESIAN_POINT('',(6.67,-7.46,-4.13));
#2608=CARTESIAN_POINT('',(6.67,0.6,-3.49));
#2609=CARTESIAN_POINT('',(6.67,0.600000000000001,-3.49));
#2610=CARTESIAN_POINT('',(6.67,-7.46,-3.49));
#2611=CARTESIAN_POINT('Origin',(0.,2.54,-5.08));
#2612=CARTESIAN_POINT('',(1.35525271560688E-16,0.599999999999999,-2.99));
#2613=CARTESIAN_POINT('',(0.,2.54,-2.99));
#2614=CARTESIAN_POINT('',(0.,0.,-5.08));
#2615=CARTESIAN_POINT('',(0.,2.54,-5.08));
#2616=CARTESIAN_POINT('',(0.,0.,-4.485));
#2617=CARTESIAN_POINT('',(0.,0.,0.));
#2618=CARTESIAN_POINT('',(0.,0.6,-4.485));
#2619=CARTESIAN_POINT('',(0.,0.6,-4.485));
#2620=CARTESIAN_POINT('',(0.,0.6,-5.08));
#2621=CARTESIAN_POINT('Origin',(20.32,2.54,-5.08));
#2622=CARTESIAN_POINT('',(20.32,0.,-5.08));
#2623=CARTESIAN_POINT('',(20.32,2.54,-5.08));
#2624=CARTESIAN_POINT('',(20.32,0.,-5.08));
#2625=CARTESIAN_POINT('Origin',(20.32,2.54,0.));
#2626=CARTESIAN_POINT('',(20.32,0.6,-2.99));
#2627=CARTESIAN_POINT('',(20.32,2.54,-2.99));
#2628=CARTESIAN_POINT('',(20.32,0.6,-4.485));
#2629=CARTESIAN_POINT('',(20.32,0.6,0.));
#2630=CARTESIAN_POINT('',(20.32,0.,-4.485));
#2631=CARTESIAN_POINT('',(20.32,0.6,-4.485));
#2632=CARTESIAN_POINT('',(20.32,0.,0.));
#2633=CARTESIAN_POINT('Origin',(20.32,2.54,0.));
#2634=CARTESIAN_POINT('',(20.32,0.6,-2.09));
#2635=CARTESIAN_POINT('',(20.32,2.54,-2.09));
#2636=CARTESIAN_POINT('',(20.32,0.,0.));
#2637=CARTESIAN_POINT('',(20.32,2.54,0.));
#2638=CARTESIAN_POINT('',(20.32,0.,-0.595));
#2639=CARTESIAN_POINT('',(20.32,0.,0.));
#2640=CARTESIAN_POINT('',(20.32,0.6,-0.595));
#2641=CARTESIAN_POINT('',(20.32,0.,-0.595));
#2642=CARTESIAN_POINT('',(20.32,0.6,0.));
#2643=CARTESIAN_POINT('Origin',(0.,2.54,0.));
#2644=CARTESIAN_POINT('',(0.,0.,0.));
#2645=CARTESIAN_POINT('',(0.,2.54,0.));
#2646=CARTESIAN_POINT('',(0.,0.,0.));
#2647=CARTESIAN_POINT('Origin',(0.,2.54,-5.08));
#2648=CARTESIAN_POINT('',(-3.04931861011548E-17,0.6,-2.09));
#2649=CARTESIAN_POINT('',(0.,2.54,-2.09));
#2650=CARTESIAN_POINT('',(0.,0.6,-0.595));
#2651=CARTESIAN_POINT('',(0.,0.6,-5.08));
#2652=CARTESIAN_POINT('',(0.,0.,-0.595));
#2653=CARTESIAN_POINT('',(0.,0.,-0.595));
#2654=CARTESIAN_POINT('',(0.,0.,-5.08));
#2655=CARTESIAN_POINT('Origin',(0.95,-7.46,-0.95));
#2656=CARTESIAN_POINT('',(1.59,0.6,-0.95));
#2657=CARTESIAN_POINT('',(1.59,-7.46,-0.95));
#2658=CARTESIAN_POINT('',(0.95,0.6,-0.95));
#2659=CARTESIAN_POINT('',(0.95,0.600000000000001,-0.95));
#2660=CARTESIAN_POINT('',(0.95,-7.46,-0.95));
#2661=CARTESIAN_POINT('Origin',(1.59,-7.46,-3.49));
#2662=CARTESIAN_POINT('',(1.59,0.6,-4.13));
#2663=CARTESIAN_POINT('',(1.59,-7.46,-4.13));
#2664=CARTESIAN_POINT('',(1.59,0.6,-3.49));
#2665=CARTESIAN_POINT('',(1.59,0.600000000000001,-3.49));
#2666=CARTESIAN_POINT('',(1.59,-7.46,-3.49));
#2667=CARTESIAN_POINT('Origin',(4.13,-7.46,-3.49));
#2668=CARTESIAN_POINT('',(4.13,0.6,-4.13));
#2669=CARTESIAN_POINT('',(4.13,-7.46,-4.13));
#2670=CARTESIAN_POINT('',(4.13,0.6,-3.49));
#2671=CARTESIAN_POINT('',(4.13,0.600000000000001,-3.49));
#2672=CARTESIAN_POINT('',(4.13,-7.46,-3.49));
#2673=CARTESIAN_POINT('Origin',(3.49,-7.46,-0.95));
#2674=CARTESIAN_POINT('',(4.13,0.6,-0.950000000000001));
#2675=CARTESIAN_POINT('',(4.13,-7.46,-0.950000000000001));
#2676=CARTESIAN_POINT('',(3.49,0.6,-0.95));
#2677=CARTESIAN_POINT('',(3.49,0.600000000000001,-0.95));
#2678=CARTESIAN_POINT('',(3.49,-7.46,-0.95));
#2679=CARTESIAN_POINT('Origin',(18.73,-7.46,-1.59));
#2680=CARTESIAN_POINT('',(18.73,0.6,-1.59));
#2681=CARTESIAN_POINT('',(18.73,0.600000000000001,-1.59));
#2682=CARTESIAN_POINT('',(18.73,-7.46,-1.59));
#2683=CARTESIAN_POINT('Origin',(19.37,-7.46,-1.59));
#2684=CARTESIAN_POINT('',(19.37,0.6,-1.59));
#2685=CARTESIAN_POINT('',(19.37,-7.46,-1.59));
#2686=CARTESIAN_POINT('',(19.37,0.600000000000001,-1.59));
#2687=CARTESIAN_POINT('Origin',(0.,0.6,-0.595));
#2688=CARTESIAN_POINT('',(0.0999999999999994,0.6,-2.19));
#2689=CARTESIAN_POINT('',(0.0999999999999994,0.6,-2.19));
#2690=CARTESIAN_POINT('',(0.2,0.6,-2.19));
#2691=CARTESIAN_POINT('',(0.2,0.6,-2.19));
#2692=CARTESIAN_POINT('',(0.2,0.6,-2.89));
#2693=CARTESIAN_POINT('',(0.2,0.6,-2.19));
#2694=CARTESIAN_POINT('',(0.0999999999999995,0.6,-2.89));
#2695=CARTESIAN_POINT('',(0.2,0.6,-2.89));
#2696=CARTESIAN_POINT('',(0.,0.6,-2.99));
#2697=CARTESIAN_POINT('',(0.,0.6,-4.485));
#2698=CARTESIAN_POINT('',(20.22,0.6,-2.89));
#2699=CARTESIAN_POINT('',(20.22,0.6,-2.89));
#2700=CARTESIAN_POINT('',(20.12,0.6,-2.89));
#2701=CARTESIAN_POINT('',(20.12,0.6,-2.89));
#2702=CARTESIAN_POINT('',(20.12,0.6,-2.19));
#2703=CARTESIAN_POINT('',(20.12,0.6,-2.19));
#2704=CARTESIAN_POINT('',(20.22,0.6,-2.19));
#2705=CARTESIAN_POINT('',(20.12,0.6,-2.19));
#2706=CARTESIAN_POINT('',(20.32,0.6,-2.09));
#2707=CARTESIAN_POINT('',(0.,0.6,-0.595));
#2708=CARTESIAN_POINT('',(0.95,0.600000000000001,-1.59));
#2709=CARTESIAN_POINT('',(0.95,0.6,-0.595));
#2710=CARTESIAN_POINT('',(1.59,0.600000000000001,-1.59));
#2711=CARTESIAN_POINT('',(1.59,0.6,-0.595));
#2712=CARTESIAN_POINT('',(0.95,0.600000000000001,-1.59));
#2713=CARTESIAN_POINT('',(0.95,0.600000000000001,-3.49));
#2714=CARTESIAN_POINT('',(0.,0.6,-3.49));
#2715=CARTESIAN_POINT('',(0.95,0.600000000000001,-4.13));
#2716=CARTESIAN_POINT('',(0.,0.6,-4.13));
#2717=CARTESIAN_POINT('',(0.95,0.600000000000001,-3.49));
#2718=CARTESIAN_POINT('',(3.49,0.600000000000001,-3.49));
#2719=CARTESIAN_POINT('',(0.,0.6,-3.49));
#2720=CARTESIAN_POINT('',(3.49,0.600000000000001,-4.13));
#2721=CARTESIAN_POINT('',(0.,0.6,-4.13));
#2722=CARTESIAN_POINT('',(3.49,0.600000000000001,-3.49));
#2723=CARTESIAN_POINT('',(3.49,0.600000000000001,-1.59));
#2724=CARTESIAN_POINT('',(3.49,0.6,-0.595));
#2725=CARTESIAN_POINT('',(4.13,0.600000000000001,-1.59));
#2726=CARTESIAN_POINT('',(4.13,0.6,-0.595));
#2727=CARTESIAN_POINT('',(3.49,0.600000000000001,-1.59));
#2728=CARTESIAN_POINT('',(0.,0.6,-1.59));
#2729=CARTESIAN_POINT('',(16.83,0.600000000000001,-1.59));
#2730=CARTESIAN_POINT('',(16.83,0.6,-0.595));
#2731=CARTESIAN_POINT('',(16.19,0.600000000000001,-1.59));
#2732=CARTESIAN_POINT('',(16.19,0.600000000000001,-1.59));
#2733=CARTESIAN_POINT('',(16.19,0.6,-0.595));
#2734=CARTESIAN_POINT('',(14.29,0.600000000000001,-1.59));
#2735=CARTESIAN_POINT('',(14.29,0.6,-0.595));
#2736=CARTESIAN_POINT('',(13.65,0.600000000000001,-1.59));
#2737=CARTESIAN_POINT('',(13.65,0.600000000000001,-1.59));
#2738=CARTESIAN_POINT('',(13.65,0.6,-0.595));
#2739=CARTESIAN_POINT('',(11.75,0.600000000000001,-1.59));
#2740=CARTESIAN_POINT('',(11.75,0.6,-0.595));
#2741=CARTESIAN_POINT('',(11.11,0.600000000000001,-1.59));
#2742=CARTESIAN_POINT('',(11.11,0.600000000000001,-1.59));
#2743=CARTESIAN_POINT('',(11.11,0.6,-0.595));
#2744=CARTESIAN_POINT('',(9.21,0.600000000000001,-1.59));
#2745=CARTESIAN_POINT('',(9.21,0.6,-0.595));
#2746=CARTESIAN_POINT('',(8.57,0.600000000000001,-1.59));
#2747=CARTESIAN_POINT('',(8.57,0.600000000000001,-1.59));
#2748=CARTESIAN_POINT('',(8.57,0.6,-0.595));
#2749=CARTESIAN_POINT('',(6.67,0.600000000000001,-1.59));
#2750=CARTESIAN_POINT('',(6.67,0.6,-0.595));
#2751=CARTESIAN_POINT('',(6.03,0.600000000000001,-1.59));
#2752=CARTESIAN_POINT('',(6.03,0.600000000000001,-1.59));
#2753=CARTESIAN_POINT('',(6.03,0.6,-0.595));
#2754=CARTESIAN_POINT('',(18.73,0.600000000000001,-4.13));
#2755=CARTESIAN_POINT('',(0.,0.6,-4.13));
#2756=CARTESIAN_POINT('',(18.73,0.600000000000001,-3.49));
#2757=CARTESIAN_POINT('',(18.73,0.600000000000001,-3.49));
#2758=CARTESIAN_POINT('',(0.,0.6,-3.49));
#2759=CARTESIAN_POINT('',(16.19,0.600000000000001,-4.13));
#2760=CARTESIAN_POINT('',(0.,0.6,-4.13));
#2761=CARTESIAN_POINT('',(16.19,0.600000000000001,-3.49));
#2762=CARTESIAN_POINT('',(16.19,0.600000000000001,-3.49));
#2763=CARTESIAN_POINT('',(0.,0.6,-3.49));
#2764=CARTESIAN_POINT('',(13.65,0.600000000000001,-4.13));
#2765=CARTESIAN_POINT('',(0.,0.6,-4.13));
#2766=CARTESIAN_POINT('',(13.65,0.600000000000001,-3.49));
#2767=CARTESIAN_POINT('',(13.65,0.600000000000001,-3.49));
#2768=CARTESIAN_POINT('',(0.,0.6,-3.49));
#2769=CARTESIAN_POINT('',(11.11,0.600000000000001,-4.13));
#2770=CARTESIAN_POINT('',(0.,0.6,-4.13));
#2771=CARTESIAN_POINT('',(11.11,0.600000000000001,-3.49));
#2772=CARTESIAN_POINT('',(11.11,0.600000000000001,-3.49));
#2773=CARTESIAN_POINT('',(0.,0.6,-3.49));
#2774=CARTESIAN_POINT('',(8.57,0.600000000000001,-4.13));
#2775=CARTESIAN_POINT('',(0.,0.6,-4.13));
#2776=CARTESIAN_POINT('',(8.57,0.600000000000001,-3.49));
#2777=CARTESIAN_POINT('',(8.57,0.600000000000001,-3.49));
#2778=CARTESIAN_POINT('',(0.,0.6,-3.49));
#2779=CARTESIAN_POINT('',(6.03,0.600000000000001,-4.13));
#2780=CARTESIAN_POINT('',(0.,0.6,-4.13));
#2781=CARTESIAN_POINT('',(6.03,0.600000000000001,-3.49));
#2782=CARTESIAN_POINT('',(6.03,0.600000000000001,-3.49));
#2783=CARTESIAN_POINT('',(0.,0.6,-3.49));
#2784=CARTESIAN_POINT('Origin',(16.19,-7.46,-1.59));
#2785=CARTESIAN_POINT('',(16.19,-7.46,-1.59));
#2786=CARTESIAN_POINT('Origin',(16.83,-7.46,-1.59));
#2787=CARTESIAN_POINT('',(16.83,-7.46,-1.59));
#2788=CARTESIAN_POINT('Origin',(13.65,-7.46,-1.59));
#2789=CARTESIAN_POINT('',(13.65,-7.46,-1.59));
#2790=CARTESIAN_POINT('Origin',(14.29,-7.46,-1.59));
#2791=CARTESIAN_POINT('',(14.29,-7.46,-1.59));
#2792=CARTESIAN_POINT('Origin',(11.11,-7.46,-1.59));
#2793=CARTESIAN_POINT('',(11.11,-7.46,-1.59));
#2794=CARTESIAN_POINT('Origin',(11.75,-7.46,-1.59));
#2795=CARTESIAN_POINT('',(11.75,-7.46,-1.59));
#2796=CARTESIAN_POINT('Origin',(8.57,-7.46,-1.59));
#2797=CARTESIAN_POINT('',(8.57,-7.46,-1.59));
#2798=CARTESIAN_POINT('Origin',(9.21,-7.46,-1.59));
#2799=CARTESIAN_POINT('',(9.21,-7.46,-1.59));
#2800=CARTESIAN_POINT('Origin',(6.03,-7.46,-1.59));
#2801=CARTESIAN_POINT('',(6.03,-7.46,-1.59));
#2802=CARTESIAN_POINT('Origin',(6.67,-7.46,-1.59));
#2803=CARTESIAN_POINT('',(6.67,-7.46,-1.59));
#2804=CARTESIAN_POINT('Origin',(18.73,-7.46,-3.49));
#2805=CARTESIAN_POINT('',(18.73,-7.46,-3.49));
#2806=CARTESIAN_POINT('Origin',(18.73,-7.46,-4.13));
#2807=CARTESIAN_POINT('',(18.73,-7.46,-4.13));
#2808=CARTESIAN_POINT('Origin',(16.19,-7.46,-3.49));
#2809=CARTESIAN_POINT('',(16.19,-7.46,-3.49));
#2810=CARTESIAN_POINT('Origin',(16.19,-7.46,-4.13));
#2811=CARTESIAN_POINT('',(16.19,-7.46,-4.13));
#2812=CARTESIAN_POINT('Origin',(13.65,-7.46,-3.49));
#2813=CARTESIAN_POINT('',(13.65,-7.46,-3.49));
#2814=CARTESIAN_POINT('Origin',(13.65,-7.46,-4.13));
#2815=CARTESIAN_POINT('',(13.65,-7.46,-4.13));
#2816=CARTESIAN_POINT('Origin',(11.11,-7.46,-3.49));
#2817=CARTESIAN_POINT('',(11.11,-7.46,-3.49));
#2818=CARTESIAN_POINT('Origin',(11.11,-7.46,-4.13));
#2819=CARTESIAN_POINT('',(11.11,-7.46,-4.13));
#2820=CARTESIAN_POINT('Origin',(8.57,-7.46,-3.49));
#2821=CARTESIAN_POINT('',(8.57,-7.46,-3.49));
#2822=CARTESIAN_POINT('Origin',(8.57,-7.46,-4.13));
#2823=CARTESIAN_POINT('',(8.57,-7.46,-4.13));
#2824=CARTESIAN_POINT('Origin',(6.03,-7.46,-3.49));
#2825=CARTESIAN_POINT('',(6.03,-7.46,-3.49));
#2826=CARTESIAN_POINT('Origin',(6.03,-7.46,-4.13));
#2827=CARTESIAN_POINT('',(6.03,-7.46,-4.13));
#2828=CARTESIAN_POINT('Origin',(0.,2.54,-2.99));
#2829=CARTESIAN_POINT('',(0.0999999999999993,2.54,-2.89));
#2830=CARTESIAN_POINT('Origin',(0.,0.,0.));
#2831=CARTESIAN_POINT('',(0.,0.,-4.485));
#2832=CARTESIAN_POINT('Origin',(20.22,2.54,-2.89));
#2833=CARTESIAN_POINT('',(20.22,2.54,-2.89));
#2834=CARTESIAN_POINT('Origin',(20.22,2.54,-2.19));
#2835=CARTESIAN_POINT('',(20.22,2.54,-2.19));
#2836=CARTESIAN_POINT('Origin',(0.,0.,0.));
#2837=CARTESIAN_POINT('',(0.,0.,-0.595));
#2838=CARTESIAN_POINT('Origin',(0.,2.54,-2.09));
#2839=CARTESIAN_POINT('',(0.0999999999999994,2.54,-2.19));
#2840=CARTESIAN_POINT('Origin',(0.95,-7.46,-1.59));
#2841=CARTESIAN_POINT('',(0.95,-7.46,-1.59));
#2842=CARTESIAN_POINT('Origin',(1.59,-7.46,-1.59));
#2843=CARTESIAN_POINT('',(1.59,-7.46,-1.59));
#2844=CARTESIAN_POINT('Origin',(0.95,-7.46,-3.49));
#2845=CARTESIAN_POINT('',(0.95,-7.46,-3.49));
#2846=CARTESIAN_POINT('Origin',(0.95,-7.46,-4.13));
#2847=CARTESIAN_POINT('',(0.95,-7.46,-4.13));
#2848=CARTESIAN_POINT('Origin',(3.49,-7.46,-3.49));
#2849=CARTESIAN_POINT('',(3.49,-7.46,-3.49));
#2850=CARTESIAN_POINT('Origin',(3.49,-7.46,-4.13));
#2851=CARTESIAN_POINT('',(3.49,-7.46,-4.13));
#2852=CARTESIAN_POINT('Origin',(3.49,-7.46,-1.59));
#2853=CARTESIAN_POINT('',(3.49,-7.46,-1.59));
#2854=CARTESIAN_POINT('Origin',(4.13,-7.46,-1.59));
#2855=CARTESIAN_POINT('',(4.13,-7.46,-1.59));
#2856=CARTESIAN_POINT('Origin',(18.73,-7.46,-1.59));
#2857=CARTESIAN_POINT('Origin',(0.,0.6,-4.485));
#2858=CARTESIAN_POINT('Origin',(0.,0.,-0.595));
#2859=CARTESIAN_POINT('Origin',(16.19,-7.46,-1.59));
#2860=CARTESIAN_POINT('Origin',(13.65,-7.46,-1.59));
#2861=CARTESIAN_POINT('Origin',(11.11,-7.46,-1.59));
#2862=CARTESIAN_POINT('Origin',(8.57,-7.46,-1.59));
#2863=CARTESIAN_POINT('Origin',(6.03,-7.46,-1.59));
#2864=CARTESIAN_POINT('Origin',(18.73,-7.46,-3.49));
#2865=CARTESIAN_POINT('Origin',(16.19,-7.46,-3.49));
#2866=CARTESIAN_POINT('Origin',(13.65,-7.46,-3.49));
#2867=CARTESIAN_POINT('Origin',(11.11,-7.46,-3.49));
#2868=CARTESIAN_POINT('Origin',(8.57,-7.46,-3.49));
#2869=CARTESIAN_POINT('Origin',(6.03,-7.46,-3.49));
#2870=CARTESIAN_POINT('Origin',(0.2,2.54,-2.89));
#2871=CARTESIAN_POINT('',(0.2,2.54,-2.89));
#2872=CARTESIAN_POINT('Origin',(20.12,2.54,-2.89));
#2873=CARTESIAN_POINT('',(20.12,2.54,-2.89));
#2874=CARTESIAN_POINT('Origin',(20.12,2.54,-2.19));
#2875=CARTESIAN_POINT('',(20.12,2.54,-2.19));
#2876=CARTESIAN_POINT('Origin',(0.2,2.54,-2.19));
#2877=CARTESIAN_POINT('',(0.2,2.54,-2.19));
#2878=CARTESIAN_POINT('Origin',(0.95,-7.46,-1.59));
#2879=CARTESIAN_POINT('Origin',(0.95,-7.46,-3.49));
#2880=CARTESIAN_POINT('Origin',(3.49,-7.46,-3.49));
#2881=CARTESIAN_POINT('Origin',(3.49,-7.46,-1.59));
#2882=CARTESIAN_POINT('Origin',(0.2,0.6,-2.19));
#2883=CARTESIAN_POINT('Origin',(20.12,0.6,-2.19));
#2884=UNCERTAINTY_MEASURE_WITH_UNIT(LENGTH_MEASURE(0.01),#2888,
'DISTANCE_ACCURACY_VALUE',
'Maximum model space distance between geometric entities at asserted c
onnectivities');
#2885=UNCERTAINTY_MEASURE_WITH_UNIT(LENGTH_MEASURE(0.01),#2888,
'DISTANCE_ACCURACY_VALUE',
'Maximum model space distance between geometric entities at asserted c
onnectivities');
#2886=(
GEOMETRIC_REPRESENTATION_CONTEXT(3)
GLOBAL_UNCERTAINTY_ASSIGNED_CONTEXT((#2884))
GLOBAL_UNIT_ASSIGNED_CONTEXT((#2888,#2890,#2891))
REPRESENTATION_CONTEXT('','3D')
);
#2887=(
GEOMETRIC_REPRESENTATION_CONTEXT(3)
GLOBAL_UNCERTAINTY_ASSIGNED_CONTEXT((#2885))
GLOBAL_UNIT_ASSIGNED_CONTEXT((#2888,#2890,#2891))
REPRESENTATION_CONTEXT('','3D')
);
#2888=(
LENGTH_UNIT()
NAMED_UNIT(*)
SI_UNIT(.MILLI.,.METRE.)
);
#2889=(
LENGTH_UNIT()
NAMED_UNIT(*)
SI_UNIT($,.METRE.)
);
#2890=(
NAMED_UNIT(*)
PLANE_ANGLE_UNIT()
SI_UNIT($,.RADIAN.)
);
#2891=(
NAMED_UNIT(*)
SI_UNIT($,.STERADIAN.)
SOLID_ANGLE_UNIT()
);
#2892=SHAPE_DEFINITION_REPRESENTATION(#2893,#2894);
#2893=PRODUCT_DEFINITION_SHAPE('',$,#2896);
#2894=SHAPE_REPRESENTATION('',(#1864),#2886);
#2895=PRODUCT_DEFINITION_CONTEXT('part definition',#2900,'design');
#2896=PRODUCT_DEFINITION('BB02-HP-INS-16CONT-WP_without peg',
'BB02-HP-INS-16CONT-WP_without peg',#2897,#2895);
#2897=PRODUCT_DEFINITION_FORMATION('',$,#2902);
#2898=PRODUCT_RELATED_PRODUCT_CATEGORY(
'BB02-HP-INS-16CONT-WP_without peg','BB02-HP-INS-16CONT-WP_without peg',
(#2902));
#2899=APPLICATION_PROTOCOL_DEFINITION('international standard',
'automotive_design',2009,#2900);
#2900=APPLICATION_CONTEXT(
'Core Data for Automotive Mechanical Design Process');
#2901=PRODUCT_CONTEXT('part definition',#2900,'mechanical');
#2902=PRODUCT('BB02-HP-INS-16CONT-WP_without peg',
'BB02-HP-INS-16CONT-WP_without peg',$,(#2901));
#2903=PRESENTATION_STYLE_ASSIGNMENT((#2905));
#2904=PRESENTATION_STYLE_ASSIGNMENT((#2906));
#2905=SURFACE_STYLE_USAGE(.BOTH.,#2907);
#2906=SURFACE_STYLE_USAGE(.BOTH.,#2908);
#2907=SURFACE_SIDE_STYLE('',(#2909));
#2908=SURFACE_SIDE_STYLE('',(#2910));
#2909=SURFACE_STYLE_FILL_AREA(#2911);
#2910=SURFACE_STYLE_FILL_AREA(#2912);
#2911=FILL_AREA_STYLE('Acier - Satin\X\E9',(#2913));
#2912=FILL_AREA_STYLE('Opaque(57,57,57)',(#2914));
#2913=FILL_AREA_STYLE_COLOUR('Acier - Satin\X\E9',#2915);
#2914=FILL_AREA_STYLE_COLOUR('Opaque(57,57,57)',#2916);
#2915=COLOUR_RGB('Acier - Satin\X\E9',0.627450980392157,0.627450980392157,
0.627450980392157);
#2916=COLOUR_RGB('Opaque(57,57,57)',0.223529411764706,0.223529411764706,
0.223529411764706);
ENDSEC;
END-ISO-10303-21;
