ISO-10303-21;
HEADER;
/* Generated by software containing ST-Developer
 * from STEP Tools, Inc. (www.steptools.com) 
 */

FILE_DESCRIPTION(
/* description */ (''),
/* implementation_level */ '2;1');

FILE_NAME(
/* name */ '58_oush_switch.step',
/* time_stamp */ '2026-02-08T19:09:13+01:00',
/* author */ (''),
/* organization */ (''),
/* preprocessor_version */ 'ST-DEVELOPER v20.1',
/* originating_system */ 'Autodesk Translation Framework v14.24.0.0',
/* authorisation */ '');

FILE_SCHEMA (('AUTOMOTIVE_DESIGN { 1 0 10303 214 3 1 1 }'));
ENDSEC;

DATA;
#10=MECHANICAL_DESIGN_GEOMETRIC_PRESENTATION_REPRESENTATION('',(#82,#83,
#84,#85,#86,#87,#88,#89,#90,#91,#92,#93,#94,#95,#96,#97,#98,#99,#100,#101,
#102,#103,#104,#105,#106,#107,#108,#109,#110,#111,#112,#113,#114,#115,#116,
#117,#118,#119,#120,#121,#122,#123,#124,#125,#126,#127,#128,#129,#130,#131,
#132,#133,#134,#135,#136,#137,#138,#139,#140,#141,#142,#143,#144,#145,#146,
#147,#148,#149,#150,#151,#152,#153,#154,#155,#156,#157),#2477);
#11=SHAPE_REPRESENTATION_RELATIONSHIP('SRR','None',#2484,#12);
#12=ADVANCED_BREP_SHAPE_REPRESENTATION('',(#13),#2476);
#13=MANIFOLD_SOLID_BREP('Corps1',#1515);
#14=SPHERICAL_SURFACE('',#1554,0.15);
#15=SPHERICAL_SURFACE('',#1557,0.15);
#16=SPHERICAL_SURFACE('',#1574,0.15);
#17=SPHERICAL_SURFACE('',#1576,0.15);
#18=SPHERICAL_SURFACE('',#1578,0.15);
#19=SPHERICAL_SURFACE('',#1580,0.15);
#20=SPHERICAL_SURFACE('',#1590,0.15);
#21=SPHERICAL_SURFACE('',#1592,0.15);
#22=FACE_BOUND('',#587,.T.);
#23=FACE_BOUND('',#594,.T.);
#24=FACE_BOUND('',#666,.T.);
#25=PLANE('',#1536);
#26=PLANE('',#1537);
#27=PLANE('',#1538);
#28=PLANE('',#1539);
#29=PLANE('',#1540);
#30=PLANE('',#1541);
#31=PLANE('',#1542);
#32=PLANE('',#1543);
#33=PLANE('',#1544);
#34=PLANE('',#1545);
#35=PLANE('',#1546);
#36=PLANE('',#1547);
#37=PLANE('',#1548);
#38=PLANE('',#1549);
#39=PLANE('',#1550);
#40=PLANE('',#1595);
#41=PLANE('',#1597);
#42=PLANE('',#1598);
#43=PLANE('',#1600);
#44=PLANE('',#1601);
#45=PLANE('',#1602);
#46=PLANE('',#1603);
#47=PLANE('',#1605);
#48=PLANE('',#1606);
#49=PLANE('',#1608);
#50=PLANE('',#1609);
#51=PLANE('',#1610);
#52=PLANE('',#1611);
#53=PLANE('',#1612);
#54=PLANE('',#1614);
#55=PLANE('',#1615);
#56=PLANE('',#1617);
#57=PLANE('',#1618);
#58=PLANE('',#1619);
#59=PLANE('',#1620);
#60=PLANE('',#1622);
#61=PLANE('',#1623);
#62=PLANE('',#1625);
#63=PLANE('',#1626);
#64=PLANE('',#1627);
#65=PLANE('',#1629);
#66=PLANE('',#1630);
#67=PLANE('',#1632);
#68=PLANE('',#1633);
#69=PLANE('',#1634);
#70=PLANE('',#1635);
#71=PLANE('',#1636);
#72=PLANE('',#1638);
#73=PLANE('',#1639);
#74=PLANE('',#1641);
#75=PLANE('',#1642);
#76=PLANE('',#1649);
#77=PLANE('',#1650);
#78=PLANE('',#1651);
#79=PLANE('',#1652);
#80=PLANE('',#1653);
#81=PLANE('',#1654);
#82=STYLED_ITEM('',(#2495),#1432);
#83=STYLED_ITEM('',(#2495),#1433);
#84=STYLED_ITEM('',(#2495),#1434);
#85=STYLED_ITEM('',(#2495),#1435);
#86=STYLED_ITEM('',(#2495),#1436);
#87=STYLED_ITEM('',(#2496),#1437);
#88=STYLED_ITEM('',(#2496),#1438);
#89=STYLED_ITEM('',(#2496),#1439);
#90=STYLED_ITEM('',(#2496),#1440);
#91=STYLED_ITEM('',(#2496),#1441);
#92=STYLED_ITEM('',(#2496),#1442);
#93=STYLED_ITEM('',(#2496),#1443);
#94=STYLED_ITEM('',(#2496),#1444);
#95=STYLED_ITEM('',(#2496),#1445);
#96=STYLED_ITEM('',(#2496),#1446);
#97=STYLED_ITEM('',(#2496),#1447);
#98=STYLED_ITEM('',(#2496),#1448);
#99=STYLED_ITEM('',(#2496),#1449);
#100=STYLED_ITEM('',(#2496),#1450);
#101=STYLED_ITEM('',(#2496),#1451);
#102=STYLED_ITEM('',(#2496),#1452);
#103=STYLED_ITEM('',(#2496),#1453);
#104=STYLED_ITEM('',(#2496),#1454);
#105=STYLED_ITEM('',(#2496),#1455);
#106=STYLED_ITEM('',(#2496),#1456);
#107=STYLED_ITEM('',(#2496),#1457);
#108=STYLED_ITEM('',(#2496),#1458);
#109=STYLED_ITEM('',(#2496),#1459);
#110=STYLED_ITEM('',(#2496),#1460);
#111=STYLED_ITEM('',(#2496),#1461);
#112=STYLED_ITEM('',(#2496),#1462);
#113=STYLED_ITEM('',(#2496),#1463);
#114=STYLED_ITEM('',(#2496),#1464);
#115=STYLED_ITEM('',(#2496),#1465);
#116=STYLED_ITEM('',(#2496),#1466);
#117=STYLED_ITEM('',(#2497),#1467);
#118=STYLED_ITEM('',(#2497),#1468);
#119=STYLED_ITEM('',(#2497),#1469);
#120=STYLED_ITEM('',(#2497),#1470);
#121=STYLED_ITEM('',(#2497),#1471);
#122=STYLED_ITEM('',(#2497),#1472);
#123=STYLED_ITEM('',(#2497),#1473);
#124=STYLED_ITEM('',(#2497),#1474);
#125=STYLED_ITEM('',(#2497),#1475);
#126=STYLED_ITEM('',(#2497),#1476);
#127=STYLED_ITEM('',(#2497),#1477);
#128=STYLED_ITEM('',(#2497),#1478);
#129=STYLED_ITEM('',(#2497),#1479);
#130=STYLED_ITEM('',(#2497),#1480);
#131=STYLED_ITEM('',(#2497),#1481);
#132=STYLED_ITEM('',(#2497),#1482);
#133=STYLED_ITEM('',(#2497),#1483);
#134=STYLED_ITEM('',(#2497),#1484);
#135=STYLED_ITEM('',(#2497),#1485);
#136=STYLED_ITEM('',(#2497),#1486);
#137=STYLED_ITEM('',(#2497),#1487);
#138=STYLED_ITEM('',(#2497),#1488);
#139=STYLED_ITEM('',(#2497),#1489);
#140=STYLED_ITEM('',(#2497),#1490);
#141=STYLED_ITEM('',(#2497),#1491);
#142=STYLED_ITEM('',(#2497),#1492);
#143=STYLED_ITEM('',(#2497),#1493);
#144=STYLED_ITEM('',(#2497),#1494);
#145=STYLED_ITEM('',(#2497),#1495);
#146=STYLED_ITEM('',(#2497),#1496);
#147=STYLED_ITEM('',(#2497),#1497);
#148=STYLED_ITEM('',(#2497),#1498);
#149=STYLED_ITEM('',(#2497),#1499);
#150=STYLED_ITEM('',(#2497),#1500);
#151=STYLED_ITEM('',(#2497),#1501);
#152=STYLED_ITEM('',(#2497),#1502);
#153=STYLED_ITEM('',(#2495),#1509);
#154=STYLED_ITEM('',(#2495),#1510);
#155=STYLED_ITEM('',(#2495),#1511);
#156=STYLED_ITEM('',(#2495),#1512);
#157=STYLED_ITEM('',(#2494),#13);
#158=LINE('',#2080,#317);
#159=LINE('',#2084,#318);
#160=LINE('',#2086,#319);
#161=LINE('',#2088,#320);
#162=LINE('',#2089,#321);
#163=LINE('',#2093,#322);
#164=LINE('',#2095,#323);
#165=LINE('',#2097,#324);
#166=LINE('',#2098,#325);
#167=LINE('',#2100,#326);
#168=LINE('',#2101,#327);
#169=LINE('',#2103,#328);
#170=LINE('',#2104,#329);
#171=LINE('',#2108,#330);
#172=LINE('',#2110,#331);
#173=LINE('',#2112,#332);
#174=LINE('',#2113,#333);
#175=LINE('',#2117,#334);
#176=LINE('',#2119,#335);
#177=LINE('',#2121,#336);
#178=LINE('',#2123,#337);
#179=LINE('',#2125,#338);
#180=LINE('',#2127,#339);
#181=LINE('',#2129,#340);
#182=LINE('',#2131,#341);
#183=LINE('',#2133,#342);
#184=LINE('',#2135,#343);
#185=LINE('',#2137,#344);
#186=LINE('',#2139,#345);
#187=LINE('',#2141,#346);
#188=LINE('',#2143,#347);
#189=LINE('',#2145,#348);
#190=LINE('',#2147,#349);
#191=LINE('',#2149,#350);
#192=LINE('',#2151,#351);
#193=LINE('',#2153,#352);
#194=LINE('',#2155,#353);
#195=LINE('',#2157,#354);
#196=LINE('',#2159,#355);
#197=LINE('',#2161,#356);
#198=LINE('',#2163,#357);
#199=LINE('',#2165,#358);
#200=LINE('',#2167,#359);
#201=LINE('',#2169,#360);
#202=LINE('',#2170,#361);
#203=LINE('',#2174,#362);
#204=LINE('',#2176,#363);
#205=LINE('',#2178,#364);
#206=LINE('',#2179,#365);
#207=LINE('',#2183,#366);
#208=LINE('',#2185,#367);
#209=LINE('',#2187,#368);
#210=LINE('',#2188,#369);
#211=LINE('',#2192,#370);
#212=LINE('',#2194,#371);
#213=LINE('',#2196,#372);
#214=LINE('',#2197,#373);
#215=LINE('',#2201,#374);
#216=LINE('',#2203,#375);
#217=LINE('',#2205,#376);
#218=LINE('',#2206,#377);
#219=LINE('',#2210,#378);
#220=LINE('',#2212,#379);
#221=LINE('',#2214,#380);
#222=LINE('',#2215,#381);
#223=LINE('',#2218,#382);
#224=LINE('',#2220,#383);
#225=LINE('',#2222,#384);
#226=LINE('',#2223,#385);
#227=LINE('',#2226,#386);
#228=LINE('',#2228,#387);
#229=LINE('',#2229,#388);
#230=LINE('',#2232,#389);
#231=LINE('',#2233,#390);
#232=LINE('',#2236,#391);
#233=LINE('',#2237,#392);
#234=LINE('',#2239,#393);
#235=LINE('',#2272,#394);
#236=LINE('',#2273,#395);
#237=LINE('',#2274,#396);
#238=LINE('',#2282,#397);
#239=LINE('',#2283,#398);
#240=LINE('',#2284,#399);
#241=LINE('',#2293,#400);
#242=LINE('',#2296,#401);
#243=LINE('',#2298,#402);
#244=LINE('',#2299,#403);
#245=LINE('',#2302,#404);
#246=LINE('',#2304,#405);
#247=LINE('',#2305,#406);
#248=LINE('',#2308,#407);
#249=LINE('',#2311,#408);
#250=LINE('',#2312,#409);
#251=LINE('',#2314,#410);
#252=LINE('',#2316,#411);
#253=LINE('',#2321,#412);
#254=LINE('',#2324,#413);
#255=LINE('',#2326,#414);
#256=LINE('',#2327,#415);
#257=LINE('',#2330,#416);
#258=LINE('',#2332,#417);
#259=LINE('',#2333,#418);
#260=LINE('',#2336,#419);
#261=LINE('',#2339,#420);
#262=LINE('',#2340,#421);
#263=LINE('',#2342,#422);
#264=LINE('',#2344,#423);
#265=LINE('',#2348,#424);
#266=LINE('',#2350,#425);
#267=LINE('',#2351,#426);
#268=LINE('',#2355,#427);
#269=LINE('',#2358,#428);
#270=LINE('',#2359,#429);
#271=LINE('',#2362,#430);
#272=LINE('',#2363,#431);
#273=LINE('',#2366,#432);
#274=LINE('',#2369,#433);
#275=LINE('',#2371,#434);
#276=LINE('',#2373,#435);
#277=LINE('',#2376,#436);
#278=LINE('',#2378,#437);
#279=LINE('',#2379,#438);
#280=LINE('',#2383,#439);
#281=LINE('',#2386,#440);
#282=LINE('',#2387,#441);
#283=LINE('',#2390,#442);
#284=LINE('',#2391,#443);
#285=LINE('',#2394,#444);
#286=LINE('',#2397,#445);
#287=LINE('',#2399,#446);
#288=LINE('',#2401,#447);
#289=LINE('',#2404,#448);
#290=LINE('',#2408,#449);
#291=LINE('',#2410,#450);
#292=LINE('',#2411,#451);
#293=LINE('',#2414,#452);
#294=LINE('',#2415,#453);
#295=LINE('',#2419,#454);
#296=LINE('',#2422,#455);
#297=LINE('',#2423,#456);
#298=LINE('',#2425,#457);
#299=LINE('',#2426,#458);
#300=LINE('',#2428,#459);
#301=LINE('',#2432,#460);
#302=LINE('',#2434,#461);
#303=LINE('',#2435,#462);
#304=LINE('',#2439,#463);
#305=LINE('',#2442,#464);
#306=LINE('',#2443,#465);
#307=LINE('',#2446,#466);
#308=LINE('',#2447,#467);
#309=LINE('',#2450,#468);
#310=LINE('',#2453,#469);
#311=LINE('',#2455,#470);
#312=LINE('',#2457,#471);
#313=LINE('',#2465,#472);
#314=LINE('',#2466,#473);
#315=LINE('',#2468,#474);
#316=LINE('',#2470,#475);
#317=VECTOR('',#1671,3.);
#318=VECTOR('',#1674,1000.);
#319=VECTOR('',#1675,1000.);
#320=VECTOR('',#1676,1000.);
#321=VECTOR('',#1677,1000.);
#322=VECTOR('',#1680,1000.);
#323=VECTOR('',#1681,1000.);
#324=VECTOR('',#1682,1000.);
#325=VECTOR('',#1683,1000.);
#326=VECTOR('',#1686,1000.);
#327=VECTOR('',#1687,1000.);
#328=VECTOR('',#1690,1000.);
#329=VECTOR('',#1691,1000.);
#330=VECTOR('',#1694,1000.);
#331=VECTOR('',#1695,1000.);
#332=VECTOR('',#1696,1000.);
#333=VECTOR('',#1697,1000.);
#334=VECTOR('',#1700,1000.);
#335=VECTOR('',#1701,1000.);
#336=VECTOR('',#1702,1000.);
#337=VECTOR('',#1703,1000.);
#338=VECTOR('',#1704,1000.);
#339=VECTOR('',#1705,1000.);
#340=VECTOR('',#1706,1000.);
#341=VECTOR('',#1707,1000.);
#342=VECTOR('',#1708,1000.);
#343=VECTOR('',#1709,1000.);
#344=VECTOR('',#1710,1000.);
#345=VECTOR('',#1711,1000.);
#346=VECTOR('',#1712,1000.);
#347=VECTOR('',#1713,1000.);
#348=VECTOR('',#1714,1000.);
#349=VECTOR('',#1715,1000.);
#350=VECTOR('',#1716,1000.);
#351=VECTOR('',#1717,1000.);
#352=VECTOR('',#1718,1000.);
#353=VECTOR('',#1719,1000.);
#354=VECTOR('',#1720,1000.);
#355=VECTOR('',#1721,1000.);
#356=VECTOR('',#1722,1000.);
#357=VECTOR('',#1723,1000.);
#358=VECTOR('',#1724,1000.);
#359=VECTOR('',#1725,1000.);
#360=VECTOR('',#1726,1000.);
#361=VECTOR('',#1727,1000.);
#362=VECTOR('',#1730,1000.);
#363=VECTOR('',#1731,1000.);
#364=VECTOR('',#1732,1000.);
#365=VECTOR('',#1733,1000.);
#366=VECTOR('',#1736,1000.);
#367=VECTOR('',#1737,1000.);
#368=VECTOR('',#1738,1000.);
#369=VECTOR('',#1739,1000.);
#370=VECTOR('',#1742,1000.);
#371=VECTOR('',#1743,1000.);
#372=VECTOR('',#1744,1000.);
#373=VECTOR('',#1745,1000.);
#374=VECTOR('',#1748,1000.);
#375=VECTOR('',#1749,1000.);
#376=VECTOR('',#1750,1000.);
#377=VECTOR('',#1751,1000.);
#378=VECTOR('',#1754,1000.);
#379=VECTOR('',#1755,1000.);
#380=VECTOR('',#1756,1000.);
#381=VECTOR('',#1757,1000.);
#382=VECTOR('',#1758,1000.);
#383=VECTOR('',#1759,1000.);
#384=VECTOR('',#1760,1000.);
#385=VECTOR('',#1761,1000.);
#386=VECTOR('',#1764,1000.);
#387=VECTOR('',#1765,1000.);
#388=VECTOR('',#1766,1000.);
#389=VECTOR('',#1769,1000.);
#390=VECTOR('',#1770,1000.);
#391=VECTOR('',#1773,1000.);
#392=VECTOR('',#1774,1000.);
#393=VECTOR('',#1777,1000.);
#394=VECTOR('',#1842,1000.);
#395=VECTOR('',#1843,1000.);
#396=VECTOR('',#1844,1000.);
#397=VECTOR('',#1859,1000.);
#398=VECTOR('',#1860,1000.);
#399=VECTOR('',#1861,1000.);
#400=VECTOR('',#1874,1000.);
#401=VECTOR('',#1877,1000.);
#402=VECTOR('',#1878,1000.);
#403=VECTOR('',#1879,1000.);
#404=VECTOR('',#1882,1000.);
#405=VECTOR('',#1883,1000.);
#406=VECTOR('',#1884,1000.);
#407=VECTOR('',#1887,1000.);
#408=VECTOR('',#1890,1000.);
#409=VECTOR('',#1891,1000.);
#410=VECTOR('',#1894,1000.);
#411=VECTOR('',#1897,1000.);
#412=VECTOR('',#1902,1000.);
#413=VECTOR('',#1905,1000.);
#414=VECTOR('',#1906,1000.);
#415=VECTOR('',#1907,1000.);
#416=VECTOR('',#1910,1000.);
#417=VECTOR('',#1911,1000.);
#418=VECTOR('',#1912,1000.);
#419=VECTOR('',#1915,1000.);
#420=VECTOR('',#1918,1000.);
#421=VECTOR('',#1919,1000.);
#422=VECTOR('',#1922,1000.);
#423=VECTOR('',#1925,1000.);
#424=VECTOR('',#1930,1000.);
#425=VECTOR('',#1931,1000.);
#426=VECTOR('',#1932,1000.);
#427=VECTOR('',#1935,1000.);
#428=VECTOR('',#1938,1000.);
#429=VECTOR('',#1939,1000.);
#430=VECTOR('',#1942,1000.);
#431=VECTOR('',#1943,1000.);
#432=VECTOR('',#1946,1000.);
#433=VECTOR('',#1949,1000.);
#434=VECTOR('',#1952,1000.);
#435=VECTOR('',#1955,1000.);
#436=VECTOR('',#1958,1000.);
#437=VECTOR('',#1959,1000.);
#438=VECTOR('',#1960,1000.);
#439=VECTOR('',#1963,1000.);
#440=VECTOR('',#1966,1000.);
#441=VECTOR('',#1967,1000.);
#442=VECTOR('',#1970,1000.);
#443=VECTOR('',#1971,1000.);
#444=VECTOR('',#1974,1000.);
#445=VECTOR('',#1977,1000.);
#446=VECTOR('',#1980,1000.);
#447=VECTOR('',#1983,1000.);
#448=VECTOR('',#1986,1000.);
#449=VECTOR('',#1989,1000.);
#450=VECTOR('',#1990,1000.);
#451=VECTOR('',#1991,1000.);
#452=VECTOR('',#1994,1000.);
#453=VECTOR('',#1995,1000.);
#454=VECTOR('',#1998,1000.);
#455=VECTOR('',#2001,1000.);
#456=VECTOR('',#2002,1000.);
#457=VECTOR('',#2005,1000.);
#458=VECTOR('',#2006,1000.);
#459=VECTOR('',#2009,1000.);
#460=VECTOR('',#2014,1000.);
#461=VECTOR('',#2015,1000.);
#462=VECTOR('',#2016,1000.);
#463=VECTOR('',#2019,1000.);
#464=VECTOR('',#2022,1000.);
#465=VECTOR('',#2023,1000.);
#466=VECTOR('',#2026,1000.);
#467=VECTOR('',#2027,1000.);
#468=VECTOR('',#2030,1000.);
#469=VECTOR('',#2033,1000.);
#470=VECTOR('',#2036,1000.);
#471=VECTOR('',#2039,1000.);
#472=VECTOR('',#2054,1000.);
#473=VECTOR('',#2055,1000.);
#474=VECTOR('',#2058,1000.);
#475=VECTOR('',#2061,1000.);
#476=CYLINDRICAL_SURFACE('',#1534,3.);
#477=CYLINDRICAL_SURFACE('',#1551,0.15);
#478=CYLINDRICAL_SURFACE('',#1560,0.15);
#479=CYLINDRICAL_SURFACE('',#1562,0.15);
#480=CYLINDRICAL_SURFACE('',#1564,0.15);
#481=CYLINDRICAL_SURFACE('',#1567,0.15);
#482=CYLINDRICAL_SURFACE('',#1569,0.15);
#483=CYLINDRICAL_SURFACE('',#1571,0.15);
#484=CYLINDRICAL_SURFACE('',#1582,0.15);
#485=CYLINDRICAL_SURFACE('',#1584,0.15);
#486=CYLINDRICAL_SURFACE('',#1586,0.15);
#487=CYLINDRICAL_SURFACE('',#1588,0.15);
#488=CYLINDRICAL_SURFACE('',#1594,0.15);
#489=CYLINDRICAL_SURFACE('',#1643,0.15);
#490=CYLINDRICAL_SURFACE('',#1644,0.15);
#491=CYLINDRICAL_SURFACE('',#1645,0.15);
#492=CYLINDRICAL_SURFACE('',#1646,0.15);
#493=CYLINDRICAL_SURFACE('',#1647,0.15);
#494=CYLINDRICAL_SURFACE('',#1648,0.15);
#495=FACE_OUTER_BOUND('',#580,.T.);
#496=FACE_OUTER_BOUND('',#581,.T.);
#497=FACE_OUTER_BOUND('',#582,.T.);
#498=FACE_OUTER_BOUND('',#583,.T.);
#499=FACE_OUTER_BOUND('',#584,.T.);
#500=FACE_OUTER_BOUND('',#585,.T.);
#501=FACE_OUTER_BOUND('',#586,.T.);
#502=FACE_OUTER_BOUND('',#588,.T.);
#503=FACE_OUTER_BOUND('',#589,.T.);
#504=FACE_OUTER_BOUND('',#590,.T.);
#505=FACE_OUTER_BOUND('',#591,.T.);
#506=FACE_OUTER_BOUND('',#592,.T.);
#507=FACE_OUTER_BOUND('',#593,.T.);
#508=FACE_OUTER_BOUND('',#595,.T.);
#509=FACE_OUTER_BOUND('',#596,.T.);
#510=FACE_OUTER_BOUND('',#597,.T.);
#511=FACE_OUTER_BOUND('',#598,.T.);
#512=FACE_OUTER_BOUND('',#599,.T.);
#513=FACE_OUTER_BOUND('',#600,.T.);
#514=FACE_OUTER_BOUND('',#601,.T.);
#515=FACE_OUTER_BOUND('',#602,.T.);
#516=FACE_OUTER_BOUND('',#603,.T.);
#517=FACE_OUTER_BOUND('',#604,.T.);
#518=FACE_OUTER_BOUND('',#605,.T.);
#519=FACE_OUTER_BOUND('',#606,.T.);
#520=FACE_OUTER_BOUND('',#607,.T.);
#521=FACE_OUTER_BOUND('',#608,.T.);
#522=FACE_OUTER_BOUND('',#609,.T.);
#523=FACE_OUTER_BOUND('',#610,.T.);
#524=FACE_OUTER_BOUND('',#611,.T.);
#525=FACE_OUTER_BOUND('',#612,.T.);
#526=FACE_OUTER_BOUND('',#613,.T.);
#527=FACE_OUTER_BOUND('',#614,.T.);
#528=FACE_OUTER_BOUND('',#615,.T.);
#529=FACE_OUTER_BOUND('',#616,.T.);
#530=FACE_OUTER_BOUND('',#617,.T.);
#531=FACE_OUTER_BOUND('',#618,.T.);
#532=FACE_OUTER_BOUND('',#619,.T.);
#533=FACE_OUTER_BOUND('',#620,.T.);
#534=FACE_OUTER_BOUND('',#621,.T.);
#535=FACE_OUTER_BOUND('',#622,.T.);
#536=FACE_OUTER_BOUND('',#623,.T.);
#537=FACE_OUTER_BOUND('',#624,.T.);
#538=FACE_OUTER_BOUND('',#625,.T.);
#539=FACE_OUTER_BOUND('',#626,.T.);
#540=FACE_OUTER_BOUND('',#627,.T.);
#541=FACE_OUTER_BOUND('',#628,.T.);
#542=FACE_OUTER_BOUND('',#629,.T.);
#543=FACE_OUTER_BOUND('',#630,.T.);
#544=FACE_OUTER_BOUND('',#631,.T.);
#545=FACE_OUTER_BOUND('',#632,.T.);
#546=FACE_OUTER_BOUND('',#633,.T.);
#547=FACE_OUTER_BOUND('',#634,.T.);
#548=FACE_OUTER_BOUND('',#635,.T.);
#549=FACE_OUTER_BOUND('',#636,.T.);
#550=FACE_OUTER_BOUND('',#637,.T.);
#551=FACE_OUTER_BOUND('',#638,.T.);
#552=FACE_OUTER_BOUND('',#639,.T.);
#553=FACE_OUTER_BOUND('',#640,.T.);
#554=FACE_OUTER_BOUND('',#641,.T.);
#555=FACE_OUTER_BOUND('',#642,.T.);
#556=FACE_OUTER_BOUND('',#643,.T.);
#557=FACE_OUTER_BOUND('',#644,.T.);
#558=FACE_OUTER_BOUND('',#645,.T.);
#559=FACE_OUTER_BOUND('',#646,.T.);
#560=FACE_OUTER_BOUND('',#647,.T.);
#561=FACE_OUTER_BOUND('',#648,.T.);
#562=FACE_OUTER_BOUND('',#649,.T.);
#563=FACE_OUTER_BOUND('',#650,.T.);
#564=FACE_OUTER_BOUND('',#651,.T.);
#565=FACE_OUTER_BOUND('',#652,.T.);
#566=FACE_OUTER_BOUND('',#653,.T.);
#567=FACE_OUTER_BOUND('',#654,.T.);
#568=FACE_OUTER_BOUND('',#655,.T.);
#569=FACE_OUTER_BOUND('',#656,.T.);
#570=FACE_OUTER_BOUND('',#657,.T.);
#571=FACE_OUTER_BOUND('',#658,.T.);
#572=FACE_OUTER_BOUND('',#659,.T.);
#573=FACE_OUTER_BOUND('',#660,.T.);
#574=FACE_OUTER_BOUND('',#661,.T.);
#575=FACE_OUTER_BOUND('',#662,.T.);
#576=FACE_OUTER_BOUND('',#663,.T.);
#577=FACE_OUTER_BOUND('',#664,.T.);
#578=FACE_OUTER_BOUND('',#665,.T.);
#579=FACE_OUTER_BOUND('',#667,.T.);
#580=EDGE_LOOP('',(#1029,#1030,#1031,#1032,#1033));
#581=EDGE_LOOP('',(#1034,#1035,#1036,#1037,#1038));
#582=EDGE_LOOP('',(#1039,#1040,#1041,#1042));
#583=EDGE_LOOP('',(#1043,#1044,#1045,#1046));
#584=EDGE_LOOP('',(#1047,#1048,#1049,#1050));
#585=EDGE_LOOP('',(#1051,#1052,#1053,#1054));
#586=EDGE_LOOP('',(#1055,#1056,#1057,#1058));
#587=EDGE_LOOP('',(#1059,#1060,#1061,#1062));
#588=EDGE_LOOP('',(#1063,#1064,#1065,#1066,#1067,#1068,#1069,#1070,#1071,
#1072,#1073,#1074,#1075,#1076,#1077,#1078,#1079,#1080,#1081,#1082,#1083,
#1084,#1085,#1086,#1087,#1088,#1089,#1090));
#589=EDGE_LOOP('',(#1091,#1092,#1093,#1094));
#590=EDGE_LOOP('',(#1095,#1096,#1097,#1098));
#591=EDGE_LOOP('',(#1099,#1100,#1101,#1102));
#592=EDGE_LOOP('',(#1103,#1104,#1105,#1106));
#593=EDGE_LOOP('',(#1107,#1108,#1109,#1110));
#594=EDGE_LOOP('',(#1111,#1112,#1113,#1114));
#595=EDGE_LOOP('',(#1115,#1116,#1117,#1118));
#596=EDGE_LOOP('',(#1119,#1120,#1121,#1122));
#597=EDGE_LOOP('',(#1123,#1124,#1125,#1126));
#598=EDGE_LOOP('',(#1127,#1128,#1129,#1130));
#599=EDGE_LOOP('',(#1131,#1132,#1133,#1134));
#600=EDGE_LOOP('',(#1135,#1136,#1137));
#601=EDGE_LOOP('',(#1138,#1139,#1140));
#602=EDGE_LOOP('',(#1141,#1142,#1143,#1144));
#603=EDGE_LOOP('',(#1145,#1146,#1147,#1148));
#604=EDGE_LOOP('',(#1149,#1150,#1151,#1152));
#605=EDGE_LOOP('',(#1153,#1154,#1155,#1156));
#606=EDGE_LOOP('',(#1157,#1158,#1159,#1160));
#607=EDGE_LOOP('',(#1161,#1162,#1163,#1164));
#608=EDGE_LOOP('',(#1165,#1166,#1167));
#609=EDGE_LOOP('',(#1168,#1169,#1170));
#610=EDGE_LOOP('',(#1171,#1172,#1173));
#611=EDGE_LOOP('',(#1174,#1175,#1176));
#612=EDGE_LOOP('',(#1177,#1178,#1179,#1180,#1181,#1182,#1183,#1184,#1185,
#1186));
#613=EDGE_LOOP('',(#1187,#1188,#1189,#1190));
#614=EDGE_LOOP('',(#1191,#1192,#1193,#1194));
#615=EDGE_LOOP('',(#1195,#1196,#1197,#1198,#1199,#1200,#1201,#1202,#1203,
#1204));
#616=EDGE_LOOP('',(#1205,#1206,#1207));
#617=EDGE_LOOP('',(#1208,#1209,#1210));
#618=EDGE_LOOP('',(#1211,#1212,#1213,#1214));
#619=EDGE_LOOP('',(#1215,#1216,#1217,#1218,#1219,#1220));
#620=EDGE_LOOP('',(#1221,#1222,#1223,#1224));
#621=EDGE_LOOP('',(#1225,#1226,#1227,#1228,#1229,#1230));
#622=EDGE_LOOP('',(#1231,#1232,#1233,#1234));
#623=EDGE_LOOP('',(#1235,#1236,#1237,#1238));
#624=EDGE_LOOP('',(#1239,#1240,#1241,#1242));
#625=EDGE_LOOP('',(#1243,#1244,#1245,#1246,#1247,#1248));
#626=EDGE_LOOP('',(#1249,#1250,#1251,#1252));
#627=EDGE_LOOP('',(#1253,#1254,#1255,#1256,#1257,#1258));
#628=EDGE_LOOP('',(#1259,#1260,#1261,#1262));
#629=EDGE_LOOP('',(#1263,#1264,#1265,#1266));
#630=EDGE_LOOP('',(#1267,#1268,#1269,#1270));
#631=EDGE_LOOP('',(#1271,#1272,#1273,#1274));
#632=EDGE_LOOP('',(#1275,#1276,#1277,#1278,#1279,#1280));
#633=EDGE_LOOP('',(#1281,#1282,#1283,#1284));
#634=EDGE_LOOP('',(#1285,#1286,#1287,#1288,#1289,#1290));
#635=EDGE_LOOP('',(#1291,#1292,#1293,#1294));
#636=EDGE_LOOP('',(#1295,#1296,#1297,#1298));
#637=EDGE_LOOP('',(#1299,#1300,#1301,#1302));
#638=EDGE_LOOP('',(#1303,#1304,#1305,#1306,#1307,#1308));
#639=EDGE_LOOP('',(#1309,#1310,#1311,#1312));
#640=EDGE_LOOP('',(#1313,#1314,#1315,#1316,#1317,#1318));
#641=EDGE_LOOP('',(#1319,#1320,#1321,#1322));
#642=EDGE_LOOP('',(#1323,#1324,#1325,#1326));
#643=EDGE_LOOP('',(#1327,#1328,#1329,#1330,#1331,#1332));
#644=EDGE_LOOP('',(#1333,#1334,#1335,#1336));
#645=EDGE_LOOP('',(#1337,#1338,#1339,#1340,#1341,#1342));
#646=EDGE_LOOP('',(#1343,#1344,#1345,#1346));
#647=EDGE_LOOP('',(#1347,#1348,#1349,#1350));
#648=EDGE_LOOP('',(#1351,#1352,#1353,#1354));
#649=EDGE_LOOP('',(#1355,#1356,#1357,#1358));
#650=EDGE_LOOP('',(#1359,#1360,#1361,#1362,#1363,#1364));
#651=EDGE_LOOP('',(#1365,#1366,#1367,#1368));
#652=EDGE_LOOP('',(#1369,#1370,#1371,#1372,#1373,#1374));
#653=EDGE_LOOP('',(#1375,#1376,#1377,#1378));
#654=EDGE_LOOP('',(#1379,#1380,#1381,#1382));
#655=EDGE_LOOP('',(#1383,#1384,#1385,#1386));
#656=EDGE_LOOP('',(#1387,#1388,#1389,#1390));
#657=EDGE_LOOP('',(#1391,#1392,#1393,#1394));
#658=EDGE_LOOP('',(#1395,#1396,#1397,#1398));
#659=EDGE_LOOP('',(#1399,#1400,#1401,#1402));
#660=EDGE_LOOP('',(#1403,#1404,#1405,#1406));
#661=EDGE_LOOP('',(#1407,#1408,#1409,#1410));
#662=EDGE_LOOP('',(#1411,#1412,#1413,#1414));
#663=EDGE_LOOP('',(#1415,#1416,#1417,#1418));
#664=EDGE_LOOP('',(#1419,#1420,#1421,#1422));
#665=EDGE_LOOP('',(#1423));
#666=EDGE_LOOP('',(#1424,#1425,#1426,#1427));
#667=EDGE_LOOP('',(#1428));
#668=CIRCLE('',#1530,2.85);
#669=CIRCLE('',#1531,0.15);
#670=CIRCLE('',#1532,3.);
#671=CIRCLE('',#1533,3.);
#672=CIRCLE('',#1535,3.);
#673=CIRCLE('',#1552,0.15);
#674=CIRCLE('',#1553,0.15);
#675=CIRCLE('',#1555,0.15);
#676=CIRCLE('',#1556,0.15);
#677=CIRCLE('',#1558,0.15);
#678=CIRCLE('',#1559,0.15);
#679=CIRCLE('',#1561,0.15);
#680=CIRCLE('',#1563,0.15);
#681=CIRCLE('',#1565,0.15);
#682=CIRCLE('',#1566,0.15);
#683=CIRCLE('',#1568,0.15);
#684=CIRCLE('',#1570,0.15);
#685=CIRCLE('',#1572,0.15);
#686=CIRCLE('',#1573,0.15);
#687=CIRCLE('',#1575,0.15);
#688=CIRCLE('',#1577,0.15);
#689=CIRCLE('',#1579,0.15);
#690=CIRCLE('',#1581,0.15);
#691=CIRCLE('',#1583,0.15);
#692=CIRCLE('',#1585,0.15);
#693=CIRCLE('',#1587,0.15);
#694=CIRCLE('',#1589,0.15);
#695=CIRCLE('',#1591,0.15);
#696=CIRCLE('',#1593,0.15);
#697=CIRCLE('',#1596,0.15);
#698=CIRCLE('',#1599,0.15);
#699=CIRCLE('',#1604,0.15);
#700=CIRCLE('',#1607,0.15);
#701=CIRCLE('',#1613,0.15);
#702=CIRCLE('',#1616,0.15);
#703=CIRCLE('',#1621,0.15);
#704=CIRCLE('',#1624,0.15);
#705=CIRCLE('',#1628,0.15);
#706=CIRCLE('',#1631,0.15);
#707=CIRCLE('',#1637,0.15);
#708=CIRCLE('',#1640,0.15);
#709=VERTEX_POINT('',#2070);
#710=VERTEX_POINT('',#2072);
#711=VERTEX_POINT('',#2074);
#712=VERTEX_POINT('',#2078);
#713=VERTEX_POINT('',#2082);
#714=VERTEX_POINT('',#2083);
#715=VERTEX_POINT('',#2085);
#716=VERTEX_POINT('',#2087);
#717=VERTEX_POINT('',#2091);
#718=VERTEX_POINT('',#2092);
#719=VERTEX_POINT('',#2094);
#720=VERTEX_POINT('',#2096);
#721=VERTEX_POINT('',#2106);
#722=VERTEX_POINT('',#2107);
#723=VERTEX_POINT('',#2109);
#724=VERTEX_POINT('',#2111);
#725=VERTEX_POINT('',#2115);
#726=VERTEX_POINT('',#2116);
#727=VERTEX_POINT('',#2118);
#728=VERTEX_POINT('',#2120);
#729=VERTEX_POINT('',#2122);
#730=VERTEX_POINT('',#2124);
#731=VERTEX_POINT('',#2126);
#732=VERTEX_POINT('',#2128);
#733=VERTEX_POINT('',#2130);
#734=VERTEX_POINT('',#2132);
#735=VERTEX_POINT('',#2134);
#736=VERTEX_POINT('',#2136);
#737=VERTEX_POINT('',#2138);
#738=VERTEX_POINT('',#2140);
#739=VERTEX_POINT('',#2142);
#740=VERTEX_POINT('',#2144);
#741=VERTEX_POINT('',#2146);
#742=VERTEX_POINT('',#2148);
#743=VERTEX_POINT('',#2150);
#744=VERTEX_POINT('',#2152);
#745=VERTEX_POINT('',#2154);
#746=VERTEX_POINT('',#2156);
#747=VERTEX_POINT('',#2158);
#748=VERTEX_POINT('',#2160);
#749=VERTEX_POINT('',#2162);
#750=VERTEX_POINT('',#2164);
#751=VERTEX_POINT('',#2166);
#752=VERTEX_POINT('',#2168);
#753=VERTEX_POINT('',#2172);
#754=VERTEX_POINT('',#2173);
#755=VERTEX_POINT('',#2175);
#756=VERTEX_POINT('',#2177);
#757=VERTEX_POINT('',#2181);
#758=VERTEX_POINT('',#2182);
#759=VERTEX_POINT('',#2184);
#760=VERTEX_POINT('',#2186);
#761=VERTEX_POINT('',#2190);
#762=VERTEX_POINT('',#2191);
#763=VERTEX_POINT('',#2193);
#764=VERTEX_POINT('',#2195);
#765=VERTEX_POINT('',#2199);
#766=VERTEX_POINT('',#2200);
#767=VERTEX_POINT('',#2202);
#768=VERTEX_POINT('',#2204);
#769=VERTEX_POINT('',#2208);
#770=VERTEX_POINT('',#2209);
#771=VERTEX_POINT('',#2211);
#772=VERTEX_POINT('',#2213);
#773=VERTEX_POINT('',#2216);
#774=VERTEX_POINT('',#2217);
#775=VERTEX_POINT('',#2219);
#776=VERTEX_POINT('',#2221);
#777=VERTEX_POINT('',#2225);
#778=VERTEX_POINT('',#2227);
#779=VERTEX_POINT('',#2231);
#780=VERTEX_POINT('',#2235);
#781=VERTEX_POINT('',#2291);
#782=VERTEX_POINT('',#2292);
#783=VERTEX_POINT('',#2294);
#784=VERTEX_POINT('',#2297);
#785=VERTEX_POINT('',#2301);
#786=VERTEX_POINT('',#2303);
#787=VERTEX_POINT('',#2307);
#788=VERTEX_POINT('',#2309);
#789=VERTEX_POINT('',#2319);
#790=VERTEX_POINT('',#2320);
#791=VERTEX_POINT('',#2322);
#792=VERTEX_POINT('',#2325);
#793=VERTEX_POINT('',#2329);
#794=VERTEX_POINT('',#2331);
#795=VERTEX_POINT('',#2335);
#796=VERTEX_POINT('',#2337);
#797=VERTEX_POINT('',#2347);
#798=VERTEX_POINT('',#2349);
#799=VERTEX_POINT('',#2353);
#800=VERTEX_POINT('',#2354);
#801=VERTEX_POINT('',#2356);
#802=VERTEX_POINT('',#2361);
#803=VERTEX_POINT('',#2365);
#804=VERTEX_POINT('',#2367);
#805=VERTEX_POINT('',#2375);
#806=VERTEX_POINT('',#2377);
#807=VERTEX_POINT('',#2381);
#808=VERTEX_POINT('',#2382);
#809=VERTEX_POINT('',#2384);
#810=VERTEX_POINT('',#2389);
#811=VERTEX_POINT('',#2393);
#812=VERTEX_POINT('',#2395);
#813=VERTEX_POINT('',#2403);
#814=VERTEX_POINT('',#2405);
#815=VERTEX_POINT('',#2407);
#816=VERTEX_POINT('',#2409);
#817=VERTEX_POINT('',#2413);
#818=VERTEX_POINT('',#2417);
#819=VERTEX_POINT('',#2418);
#820=VERTEX_POINT('',#2421);
#821=VERTEX_POINT('',#2431);
#822=VERTEX_POINT('',#2433);
#823=VERTEX_POINT('',#2437);
#824=VERTEX_POINT('',#2438);
#825=VERTEX_POINT('',#2440);
#826=VERTEX_POINT('',#2445);
#827=VERTEX_POINT('',#2449);
#828=VERTEX_POINT('',#2451);
#829=EDGE_CURVE('',#709,#709,#668,.T.);
#830=EDGE_CURVE('',#709,#710,#669,.T.);
#831=EDGE_CURVE('',#711,#710,#670,.T.);
#832=EDGE_CURVE('',#710,#711,#671,.T.);
#833=EDGE_CURVE('',#712,#712,#672,.T.);
#834=EDGE_CURVE('',#712,#711,#158,.T.);
#835=EDGE_CURVE('',#713,#714,#159,.T.);
#836=EDGE_CURVE('',#713,#715,#160,.T.);
#837=EDGE_CURVE('',#715,#716,#161,.T.);
#838=EDGE_CURVE('',#716,#714,#162,.T.);
#839=EDGE_CURVE('',#717,#718,#163,.T.);
#840=EDGE_CURVE('',#718,#719,#164,.T.);
#841=EDGE_CURVE('',#720,#719,#165,.T.);
#842=EDGE_CURVE('',#717,#720,#166,.T.);
#843=EDGE_CURVE('',#718,#715,#167,.T.);
#844=EDGE_CURVE('',#716,#717,#168,.T.);
#845=EDGE_CURVE('',#719,#713,#169,.T.);
#846=EDGE_CURVE('',#714,#720,#170,.T.);
#847=EDGE_CURVE('',#721,#722,#171,.T.);
#848=EDGE_CURVE('',#722,#723,#172,.T.);
#849=EDGE_CURVE('',#724,#723,#173,.T.);
#850=EDGE_CURVE('',#721,#724,#174,.T.);
#851=EDGE_CURVE('',#725,#726,#175,.T.);
#852=EDGE_CURVE('',#727,#726,#176,.T.);
#853=EDGE_CURVE('',#728,#727,#177,.T.);
#854=EDGE_CURVE('',#729,#728,#178,.T.);
#855=EDGE_CURVE('',#729,#730,#179,.T.);
#856=EDGE_CURVE('',#731,#730,#180,.T.);
#857=EDGE_CURVE('',#732,#731,#181,.T.);
#858=EDGE_CURVE('',#733,#732,#182,.T.);
#859=EDGE_CURVE('',#733,#734,#183,.T.);
#860=EDGE_CURVE('',#735,#734,#184,.T.);
#861=EDGE_CURVE('',#736,#735,#185,.T.);
#862=EDGE_CURVE('',#737,#736,#186,.T.);
#863=EDGE_CURVE('',#737,#738,#187,.T.);
#864=EDGE_CURVE('',#738,#739,#188,.T.);
#865=EDGE_CURVE('',#739,#740,#189,.T.);
#866=EDGE_CURVE('',#741,#740,#190,.T.);
#867=EDGE_CURVE('',#742,#741,#191,.T.);
#868=EDGE_CURVE('',#743,#742,#192,.T.);
#869=EDGE_CURVE('',#743,#744,#193,.T.);
#870=EDGE_CURVE('',#745,#744,#194,.T.);
#871=EDGE_CURVE('',#746,#745,#195,.T.);
#872=EDGE_CURVE('',#747,#746,#196,.T.);
#873=EDGE_CURVE('',#747,#748,#197,.T.);
#874=EDGE_CURVE('',#749,#748,#198,.T.);
#875=EDGE_CURVE('',#750,#749,#199,.T.);
#876=EDGE_CURVE('',#751,#750,#200,.T.);
#877=EDGE_CURVE('',#751,#752,#201,.T.);
#878=EDGE_CURVE('',#752,#725,#202,.T.);
#879=EDGE_CURVE('',#753,#754,#203,.T.);
#880=EDGE_CURVE('',#754,#755,#204,.T.);
#881=EDGE_CURVE('',#755,#756,#205,.T.);
#882=EDGE_CURVE('',#756,#753,#206,.T.);
#883=EDGE_CURVE('',#757,#758,#207,.T.);
#884=EDGE_CURVE('',#758,#759,#208,.T.);
#885=EDGE_CURVE('',#759,#760,#209,.T.);
#886=EDGE_CURVE('',#760,#757,#210,.T.);
#887=EDGE_CURVE('',#761,#762,#211,.T.);
#888=EDGE_CURVE('',#762,#763,#212,.T.);
#889=EDGE_CURVE('',#763,#764,#213,.T.);
#890=EDGE_CURVE('',#764,#761,#214,.T.);
#891=EDGE_CURVE('',#765,#766,#215,.T.);
#892=EDGE_CURVE('',#766,#767,#216,.T.);
#893=EDGE_CURVE('',#767,#768,#217,.T.);
#894=EDGE_CURVE('',#768,#765,#218,.T.);
#895=EDGE_CURVE('',#769,#770,#219,.T.);
#896=EDGE_CURVE('',#770,#771,#220,.T.);
#897=EDGE_CURVE('',#771,#772,#221,.T.);
#898=EDGE_CURVE('',#772,#769,#222,.T.);
#899=EDGE_CURVE('',#773,#774,#223,.T.);
#900=EDGE_CURVE('',#774,#775,#224,.T.);
#901=EDGE_CURVE('',#775,#776,#225,.T.);
#902=EDGE_CURVE('',#776,#773,#226,.T.);
#903=EDGE_CURVE('',#773,#777,#227,.T.);
#904=EDGE_CURVE('',#778,#776,#228,.T.);
#905=EDGE_CURVE('',#777,#778,#229,.T.);
#906=EDGE_CURVE('',#779,#775,#230,.T.);
#907=EDGE_CURVE('',#778,#779,#231,.T.);
#908=EDGE_CURVE('',#780,#777,#232,.T.);
#909=EDGE_CURVE('',#774,#780,#233,.T.);
#910=EDGE_CURVE('',#779,#780,#234,.T.);
#911=EDGE_CURVE('',#769,#756,#673,.T.);
#912=EDGE_CURVE('',#753,#772,#674,.T.);
#913=EDGE_CURVE('',#769,#765,#675,.T.);
#914=EDGE_CURVE('',#765,#756,#676,.T.);
#915=EDGE_CURVE('',#753,#760,#677,.T.);
#916=EDGE_CURVE('',#760,#772,#678,.T.);
#917=EDGE_CURVE('',#766,#755,#679,.T.);
#918=EDGE_CURVE('',#770,#768,#680,.T.);
#919=EDGE_CURVE('',#771,#763,#681,.T.);
#920=EDGE_CURVE('',#764,#770,#682,.T.);
#921=EDGE_CURVE('',#757,#771,#683,.T.);
#922=EDGE_CURVE('',#754,#759,#684,.T.);
#923=EDGE_CURVE('',#755,#752,#685,.T.);
#924=EDGE_CURVE('',#725,#754,#686,.T.);
#925=EDGE_CURVE('',#766,#752,#687,.T.);
#926=EDGE_CURVE('',#764,#768,#688,.T.);
#927=EDGE_CURVE('',#757,#763,#689,.T.);
#928=EDGE_CURVE('',#725,#759,#690,.T.);
#929=EDGE_CURVE('',#748,#751,#235,.T.);
#930=EDGE_CURVE('',#744,#747,#236,.T.);
#931=EDGE_CURVE('',#740,#743,#237,.T.);
#932=EDGE_CURVE('',#767,#739,#691,.T.);
#933=EDGE_CURVE('',#761,#767,#692,.T.);
#934=EDGE_CURVE('',#758,#762,#693,.T.);
#935=EDGE_CURVE('',#738,#758,#694,.T.);
#936=EDGE_CURVE('',#734,#737,#238,.T.);
#937=EDGE_CURVE('',#730,#733,#239,.T.);
#938=EDGE_CURVE('',#726,#729,#240,.T.);
#939=EDGE_CURVE('',#761,#739,#695,.T.);
#940=EDGE_CURVE('',#738,#762,#696,.T.);
#941=EDGE_CURVE('',#781,#782,#241,.T.);
#942=EDGE_CURVE('',#781,#783,#697,.T.);
#943=EDGE_CURVE('',#783,#745,#242,.T.);
#944=EDGE_CURVE('',#744,#784,#243,.T.);
#945=EDGE_CURVE('',#782,#784,#244,.T.);
#946=EDGE_CURVE('',#784,#785,#245,.T.);
#947=EDGE_CURVE('',#786,#785,#246,.T.);
#948=EDGE_CURVE('',#782,#786,#247,.T.);
#949=EDGE_CURVE('',#787,#746,#248,.T.);
#950=EDGE_CURVE('',#787,#788,#698,.T.);
#951=EDGE_CURVE('',#786,#788,#249,.T.);
#952=EDGE_CURVE('',#785,#747,#250,.T.);
#953=EDGE_CURVE('',#783,#787,#251,.T.);
#954=EDGE_CURVE('',#788,#781,#252,.T.);
#955=EDGE_CURVE('',#789,#790,#253,.T.);
#956=EDGE_CURVE('',#789,#791,#699,.T.);
#957=EDGE_CURVE('',#791,#749,#254,.T.);
#958=EDGE_CURVE('',#748,#792,#255,.T.);
#959=EDGE_CURVE('',#790,#792,#256,.T.);
#960=EDGE_CURVE('',#792,#793,#257,.T.);
#961=EDGE_CURVE('',#794,#793,#258,.T.);
#962=EDGE_CURVE('',#790,#794,#259,.T.);
#963=EDGE_CURVE('',#795,#750,#260,.T.);
#964=EDGE_CURVE('',#795,#796,#700,.T.);
#965=EDGE_CURVE('',#794,#796,#261,.T.);
#966=EDGE_CURVE('',#793,#751,#262,.T.);
#967=EDGE_CURVE('',#791,#795,#263,.T.);
#968=EDGE_CURVE('',#796,#789,#264,.T.);
#969=EDGE_CURVE('',#740,#797,#265,.T.);
#970=EDGE_CURVE('',#798,#743,#266,.T.);
#971=EDGE_CURVE('',#797,#798,#267,.T.);
#972=EDGE_CURVE('',#799,#800,#268,.T.);
#973=EDGE_CURVE('',#799,#801,#701,.T.);
#974=EDGE_CURVE('',#801,#741,#269,.T.);
#975=EDGE_CURVE('',#800,#797,#270,.T.);
#976=EDGE_CURVE('',#802,#798,#271,.T.);
#977=EDGE_CURVE('',#800,#802,#272,.T.);
#978=EDGE_CURVE('',#803,#742,#273,.T.);
#979=EDGE_CURVE('',#803,#804,#702,.T.);
#980=EDGE_CURVE('',#802,#804,#274,.T.);
#981=EDGE_CURVE('',#801,#803,#275,.T.);
#982=EDGE_CURVE('',#804,#799,#276,.T.);
#983=EDGE_CURVE('',#730,#805,#277,.T.);
#984=EDGE_CURVE('',#806,#733,#278,.T.);
#985=EDGE_CURVE('',#805,#806,#279,.T.);
#986=EDGE_CURVE('',#807,#808,#280,.T.);
#987=EDGE_CURVE('',#807,#809,#703,.T.);
#988=EDGE_CURVE('',#809,#731,#281,.T.);
#989=EDGE_CURVE('',#808,#805,#282,.T.);
#990=EDGE_CURVE('',#810,#806,#283,.T.);
#991=EDGE_CURVE('',#808,#810,#284,.T.);
#992=EDGE_CURVE('',#811,#732,#285,.T.);
#993=EDGE_CURVE('',#811,#812,#704,.T.);
#994=EDGE_CURVE('',#810,#812,#286,.T.);
#995=EDGE_CURVE('',#809,#811,#287,.T.);
#996=EDGE_CURVE('',#812,#807,#288,.T.);
#997=EDGE_CURVE('',#813,#736,#289,.T.);
#998=EDGE_CURVE('',#813,#814,#705,.T.);
#999=EDGE_CURVE('',#815,#814,#290,.T.);
#1000=EDGE_CURVE('',#815,#816,#291,.T.);
#1001=EDGE_CURVE('',#816,#737,#292,.T.);
#1002=EDGE_CURVE('',#817,#735,#293,.T.);
#1003=EDGE_CURVE('',#817,#813,#294,.T.);
#1004=EDGE_CURVE('',#818,#819,#295,.T.);
#1005=EDGE_CURVE('',#818,#817,#706,.T.);
#1006=EDGE_CURVE('',#734,#820,#296,.T.);
#1007=EDGE_CURVE('',#819,#820,#297,.T.);
#1008=EDGE_CURVE('',#820,#816,#298,.T.);
#1009=EDGE_CURVE('',#819,#815,#299,.T.);
#1010=EDGE_CURVE('',#814,#818,#300,.T.);
#1011=EDGE_CURVE('',#726,#821,#301,.T.);
#1012=EDGE_CURVE('',#822,#729,#302,.T.);
#1013=EDGE_CURVE('',#821,#822,#303,.T.);
#1014=EDGE_CURVE('',#823,#824,#304,.T.);
#1015=EDGE_CURVE('',#823,#825,#707,.T.);
#1016=EDGE_CURVE('',#825,#727,#305,.T.);
#1017=EDGE_CURVE('',#824,#821,#306,.T.);
#1018=EDGE_CURVE('',#826,#822,#307,.T.);
#1019=EDGE_CURVE('',#824,#826,#308,.T.);
#1020=EDGE_CURVE('',#827,#728,#309,.T.);
#1021=EDGE_CURVE('',#827,#828,#708,.T.);
#1022=EDGE_CURVE('',#826,#828,#310,.T.);
#1023=EDGE_CURVE('',#825,#827,#311,.T.);
#1024=EDGE_CURVE('',#828,#823,#312,.T.);
#1025=EDGE_CURVE('',#722,#778,#313,.T.);
#1026=EDGE_CURVE('',#721,#777,#314,.T.);
#1027=EDGE_CURVE('',#723,#779,#315,.T.);
#1028=EDGE_CURVE('',#724,#780,#316,.T.);
#1029=ORIENTED_EDGE('',*,*,#829,.F.);
#1030=ORIENTED_EDGE('',*,*,#830,.T.);
#1031=ORIENTED_EDGE('',*,*,#831,.F.);
#1032=ORIENTED_EDGE('',*,*,#832,.F.);
#1033=ORIENTED_EDGE('',*,*,#830,.F.);
#1034=ORIENTED_EDGE('',*,*,#833,.T.);
#1035=ORIENTED_EDGE('',*,*,#834,.T.);
#1036=ORIENTED_EDGE('',*,*,#831,.T.);
#1037=ORIENTED_EDGE('',*,*,#832,.T.);
#1038=ORIENTED_EDGE('',*,*,#834,.F.);
#1039=ORIENTED_EDGE('',*,*,#835,.F.);
#1040=ORIENTED_EDGE('',*,*,#836,.T.);
#1041=ORIENTED_EDGE('',*,*,#837,.T.);
#1042=ORIENTED_EDGE('',*,*,#838,.T.);
#1043=ORIENTED_EDGE('',*,*,#839,.T.);
#1044=ORIENTED_EDGE('',*,*,#840,.T.);
#1045=ORIENTED_EDGE('',*,*,#841,.F.);
#1046=ORIENTED_EDGE('',*,*,#842,.F.);
#1047=ORIENTED_EDGE('',*,*,#843,.F.);
#1048=ORIENTED_EDGE('',*,*,#839,.F.);
#1049=ORIENTED_EDGE('',*,*,#844,.F.);
#1050=ORIENTED_EDGE('',*,*,#837,.F.);
#1051=ORIENTED_EDGE('',*,*,#841,.T.);
#1052=ORIENTED_EDGE('',*,*,#845,.T.);
#1053=ORIENTED_EDGE('',*,*,#835,.T.);
#1054=ORIENTED_EDGE('',*,*,#846,.T.);
#1055=ORIENTED_EDGE('',*,*,#847,.T.);
#1056=ORIENTED_EDGE('',*,*,#848,.T.);
#1057=ORIENTED_EDGE('',*,*,#849,.F.);
#1058=ORIENTED_EDGE('',*,*,#850,.F.);
#1059=ORIENTED_EDGE('',*,*,#838,.F.);
#1060=ORIENTED_EDGE('',*,*,#844,.T.);
#1061=ORIENTED_EDGE('',*,*,#842,.T.);
#1062=ORIENTED_EDGE('',*,*,#846,.F.);
#1063=ORIENTED_EDGE('',*,*,#851,.T.);
#1064=ORIENTED_EDGE('',*,*,#852,.F.);
#1065=ORIENTED_EDGE('',*,*,#853,.F.);
#1066=ORIENTED_EDGE('',*,*,#854,.F.);
#1067=ORIENTED_EDGE('',*,*,#855,.T.);
#1068=ORIENTED_EDGE('',*,*,#856,.F.);
#1069=ORIENTED_EDGE('',*,*,#857,.F.);
#1070=ORIENTED_EDGE('',*,*,#858,.F.);
#1071=ORIENTED_EDGE('',*,*,#859,.T.);
#1072=ORIENTED_EDGE('',*,*,#860,.F.);
#1073=ORIENTED_EDGE('',*,*,#861,.F.);
#1074=ORIENTED_EDGE('',*,*,#862,.F.);
#1075=ORIENTED_EDGE('',*,*,#863,.T.);
#1076=ORIENTED_EDGE('',*,*,#864,.T.);
#1077=ORIENTED_EDGE('',*,*,#865,.T.);
#1078=ORIENTED_EDGE('',*,*,#866,.F.);
#1079=ORIENTED_EDGE('',*,*,#867,.F.);
#1080=ORIENTED_EDGE('',*,*,#868,.F.);
#1081=ORIENTED_EDGE('',*,*,#869,.T.);
#1082=ORIENTED_EDGE('',*,*,#870,.F.);
#1083=ORIENTED_EDGE('',*,*,#871,.F.);
#1084=ORIENTED_EDGE('',*,*,#872,.F.);
#1085=ORIENTED_EDGE('',*,*,#873,.T.);
#1086=ORIENTED_EDGE('',*,*,#874,.F.);
#1087=ORIENTED_EDGE('',*,*,#875,.F.);
#1088=ORIENTED_EDGE('',*,*,#876,.F.);
#1089=ORIENTED_EDGE('',*,*,#877,.T.);
#1090=ORIENTED_EDGE('',*,*,#878,.T.);
#1091=ORIENTED_EDGE('',*,*,#879,.T.);
#1092=ORIENTED_EDGE('',*,*,#880,.T.);
#1093=ORIENTED_EDGE('',*,*,#881,.T.);
#1094=ORIENTED_EDGE('',*,*,#882,.T.);
#1095=ORIENTED_EDGE('',*,*,#883,.T.);
#1096=ORIENTED_EDGE('',*,*,#884,.T.);
#1097=ORIENTED_EDGE('',*,*,#885,.T.);
#1098=ORIENTED_EDGE('',*,*,#886,.T.);
#1099=ORIENTED_EDGE('',*,*,#887,.T.);
#1100=ORIENTED_EDGE('',*,*,#888,.T.);
#1101=ORIENTED_EDGE('',*,*,#889,.T.);
#1102=ORIENTED_EDGE('',*,*,#890,.T.);
#1103=ORIENTED_EDGE('',*,*,#891,.T.);
#1104=ORIENTED_EDGE('',*,*,#892,.T.);
#1105=ORIENTED_EDGE('',*,*,#893,.T.);
#1106=ORIENTED_EDGE('',*,*,#894,.T.);
#1107=ORIENTED_EDGE('',*,*,#895,.T.);
#1108=ORIENTED_EDGE('',*,*,#896,.T.);
#1109=ORIENTED_EDGE('',*,*,#897,.T.);
#1110=ORIENTED_EDGE('',*,*,#898,.T.);
#1111=ORIENTED_EDGE('',*,*,#899,.T.);
#1112=ORIENTED_EDGE('',*,*,#900,.T.);
#1113=ORIENTED_EDGE('',*,*,#901,.T.);
#1114=ORIENTED_EDGE('',*,*,#902,.T.);
#1115=ORIENTED_EDGE('',*,*,#903,.F.);
#1116=ORIENTED_EDGE('',*,*,#902,.F.);
#1117=ORIENTED_EDGE('',*,*,#904,.F.);
#1118=ORIENTED_EDGE('',*,*,#905,.F.);
#1119=ORIENTED_EDGE('',*,*,#904,.T.);
#1120=ORIENTED_EDGE('',*,*,#901,.F.);
#1121=ORIENTED_EDGE('',*,*,#906,.F.);
#1122=ORIENTED_EDGE('',*,*,#907,.F.);
#1123=ORIENTED_EDGE('',*,*,#903,.T.);
#1124=ORIENTED_EDGE('',*,*,#908,.F.);
#1125=ORIENTED_EDGE('',*,*,#909,.F.);
#1126=ORIENTED_EDGE('',*,*,#899,.F.);
#1127=ORIENTED_EDGE('',*,*,#906,.T.);
#1128=ORIENTED_EDGE('',*,*,#900,.F.);
#1129=ORIENTED_EDGE('',*,*,#909,.T.);
#1130=ORIENTED_EDGE('',*,*,#910,.F.);
#1131=ORIENTED_EDGE('',*,*,#911,.F.);
#1132=ORIENTED_EDGE('',*,*,#898,.F.);
#1133=ORIENTED_EDGE('',*,*,#912,.F.);
#1134=ORIENTED_EDGE('',*,*,#882,.F.);
#1135=ORIENTED_EDGE('',*,*,#913,.F.);
#1136=ORIENTED_EDGE('',*,*,#911,.T.);
#1137=ORIENTED_EDGE('',*,*,#914,.F.);
#1138=ORIENTED_EDGE('',*,*,#915,.F.);
#1139=ORIENTED_EDGE('',*,*,#912,.T.);
#1140=ORIENTED_EDGE('',*,*,#916,.F.);
#1141=ORIENTED_EDGE('',*,*,#914,.T.);
#1142=ORIENTED_EDGE('',*,*,#881,.F.);
#1143=ORIENTED_EDGE('',*,*,#917,.F.);
#1144=ORIENTED_EDGE('',*,*,#891,.F.);
#1145=ORIENTED_EDGE('',*,*,#913,.T.);
#1146=ORIENTED_EDGE('',*,*,#894,.F.);
#1147=ORIENTED_EDGE('',*,*,#918,.F.);
#1148=ORIENTED_EDGE('',*,*,#895,.F.);
#1149=ORIENTED_EDGE('',*,*,#919,.F.);
#1150=ORIENTED_EDGE('',*,*,#896,.F.);
#1151=ORIENTED_EDGE('',*,*,#920,.F.);
#1152=ORIENTED_EDGE('',*,*,#889,.F.);
#1153=ORIENTED_EDGE('',*,*,#916,.T.);
#1154=ORIENTED_EDGE('',*,*,#897,.F.);
#1155=ORIENTED_EDGE('',*,*,#921,.F.);
#1156=ORIENTED_EDGE('',*,*,#886,.F.);
#1157=ORIENTED_EDGE('',*,*,#915,.T.);
#1158=ORIENTED_EDGE('',*,*,#885,.F.);
#1159=ORIENTED_EDGE('',*,*,#922,.F.);
#1160=ORIENTED_EDGE('',*,*,#879,.F.);
#1161=ORIENTED_EDGE('',*,*,#923,.F.);
#1162=ORIENTED_EDGE('',*,*,#880,.F.);
#1163=ORIENTED_EDGE('',*,*,#924,.F.);
#1164=ORIENTED_EDGE('',*,*,#878,.F.);
#1165=ORIENTED_EDGE('',*,*,#917,.T.);
#1166=ORIENTED_EDGE('',*,*,#923,.T.);
#1167=ORIENTED_EDGE('',*,*,#925,.F.);
#1168=ORIENTED_EDGE('',*,*,#920,.T.);
#1169=ORIENTED_EDGE('',*,*,#918,.T.);
#1170=ORIENTED_EDGE('',*,*,#926,.F.);
#1171=ORIENTED_EDGE('',*,*,#921,.T.);
#1172=ORIENTED_EDGE('',*,*,#919,.T.);
#1173=ORIENTED_EDGE('',*,*,#927,.F.);
#1174=ORIENTED_EDGE('',*,*,#924,.T.);
#1175=ORIENTED_EDGE('',*,*,#922,.T.);
#1176=ORIENTED_EDGE('',*,*,#928,.F.);
#1177=ORIENTED_EDGE('',*,*,#925,.T.);
#1178=ORIENTED_EDGE('',*,*,#877,.F.);
#1179=ORIENTED_EDGE('',*,*,#929,.F.);
#1180=ORIENTED_EDGE('',*,*,#873,.F.);
#1181=ORIENTED_EDGE('',*,*,#930,.F.);
#1182=ORIENTED_EDGE('',*,*,#869,.F.);
#1183=ORIENTED_EDGE('',*,*,#931,.F.);
#1184=ORIENTED_EDGE('',*,*,#865,.F.);
#1185=ORIENTED_EDGE('',*,*,#932,.F.);
#1186=ORIENTED_EDGE('',*,*,#892,.F.);
#1187=ORIENTED_EDGE('',*,*,#926,.T.);
#1188=ORIENTED_EDGE('',*,*,#893,.F.);
#1189=ORIENTED_EDGE('',*,*,#933,.F.);
#1190=ORIENTED_EDGE('',*,*,#890,.F.);
#1191=ORIENTED_EDGE('',*,*,#927,.T.);
#1192=ORIENTED_EDGE('',*,*,#888,.F.);
#1193=ORIENTED_EDGE('',*,*,#934,.F.);
#1194=ORIENTED_EDGE('',*,*,#883,.F.);
#1195=ORIENTED_EDGE('',*,*,#928,.T.);
#1196=ORIENTED_EDGE('',*,*,#884,.F.);
#1197=ORIENTED_EDGE('',*,*,#935,.F.);
#1198=ORIENTED_EDGE('',*,*,#863,.F.);
#1199=ORIENTED_EDGE('',*,*,#936,.F.);
#1200=ORIENTED_EDGE('',*,*,#859,.F.);
#1201=ORIENTED_EDGE('',*,*,#937,.F.);
#1202=ORIENTED_EDGE('',*,*,#855,.F.);
#1203=ORIENTED_EDGE('',*,*,#938,.F.);
#1204=ORIENTED_EDGE('',*,*,#851,.F.);
#1205=ORIENTED_EDGE('',*,*,#933,.T.);
#1206=ORIENTED_EDGE('',*,*,#932,.T.);
#1207=ORIENTED_EDGE('',*,*,#939,.F.);
#1208=ORIENTED_EDGE('',*,*,#935,.T.);
#1209=ORIENTED_EDGE('',*,*,#934,.T.);
#1210=ORIENTED_EDGE('',*,*,#940,.F.);
#1211=ORIENTED_EDGE('',*,*,#939,.T.);
#1212=ORIENTED_EDGE('',*,*,#864,.F.);
#1213=ORIENTED_EDGE('',*,*,#940,.T.);
#1214=ORIENTED_EDGE('',*,*,#887,.F.);
#1215=ORIENTED_EDGE('',*,*,#941,.F.);
#1216=ORIENTED_EDGE('',*,*,#942,.T.);
#1217=ORIENTED_EDGE('',*,*,#943,.T.);
#1218=ORIENTED_EDGE('',*,*,#870,.T.);
#1219=ORIENTED_EDGE('',*,*,#944,.T.);
#1220=ORIENTED_EDGE('',*,*,#945,.F.);
#1221=ORIENTED_EDGE('',*,*,#946,.T.);
#1222=ORIENTED_EDGE('',*,*,#947,.F.);
#1223=ORIENTED_EDGE('',*,*,#948,.F.);
#1224=ORIENTED_EDGE('',*,*,#945,.T.);
#1225=ORIENTED_EDGE('',*,*,#949,.F.);
#1226=ORIENTED_EDGE('',*,*,#950,.T.);
#1227=ORIENTED_EDGE('',*,*,#951,.F.);
#1228=ORIENTED_EDGE('',*,*,#947,.T.);
#1229=ORIENTED_EDGE('',*,*,#952,.T.);
#1230=ORIENTED_EDGE('',*,*,#872,.T.);
#1231=ORIENTED_EDGE('',*,*,#943,.F.);
#1232=ORIENTED_EDGE('',*,*,#953,.T.);
#1233=ORIENTED_EDGE('',*,*,#949,.T.);
#1234=ORIENTED_EDGE('',*,*,#871,.T.);
#1235=ORIENTED_EDGE('',*,*,#951,.T.);
#1236=ORIENTED_EDGE('',*,*,#954,.T.);
#1237=ORIENTED_EDGE('',*,*,#941,.T.);
#1238=ORIENTED_EDGE('',*,*,#948,.T.);
#1239=ORIENTED_EDGE('',*,*,#944,.F.);
#1240=ORIENTED_EDGE('',*,*,#930,.T.);
#1241=ORIENTED_EDGE('',*,*,#952,.F.);
#1242=ORIENTED_EDGE('',*,*,#946,.F.);
#1243=ORIENTED_EDGE('',*,*,#955,.F.);
#1244=ORIENTED_EDGE('',*,*,#956,.T.);
#1245=ORIENTED_EDGE('',*,*,#957,.T.);
#1246=ORIENTED_EDGE('',*,*,#874,.T.);
#1247=ORIENTED_EDGE('',*,*,#958,.T.);
#1248=ORIENTED_EDGE('',*,*,#959,.F.);
#1249=ORIENTED_EDGE('',*,*,#960,.T.);
#1250=ORIENTED_EDGE('',*,*,#961,.F.);
#1251=ORIENTED_EDGE('',*,*,#962,.F.);
#1252=ORIENTED_EDGE('',*,*,#959,.T.);
#1253=ORIENTED_EDGE('',*,*,#963,.F.);
#1254=ORIENTED_EDGE('',*,*,#964,.T.);
#1255=ORIENTED_EDGE('',*,*,#965,.F.);
#1256=ORIENTED_EDGE('',*,*,#961,.T.);
#1257=ORIENTED_EDGE('',*,*,#966,.T.);
#1258=ORIENTED_EDGE('',*,*,#876,.T.);
#1259=ORIENTED_EDGE('',*,*,#957,.F.);
#1260=ORIENTED_EDGE('',*,*,#967,.T.);
#1261=ORIENTED_EDGE('',*,*,#963,.T.);
#1262=ORIENTED_EDGE('',*,*,#875,.T.);
#1263=ORIENTED_EDGE('',*,*,#965,.T.);
#1264=ORIENTED_EDGE('',*,*,#968,.T.);
#1265=ORIENTED_EDGE('',*,*,#955,.T.);
#1266=ORIENTED_EDGE('',*,*,#962,.T.);
#1267=ORIENTED_EDGE('',*,*,#958,.F.);
#1268=ORIENTED_EDGE('',*,*,#929,.T.);
#1269=ORIENTED_EDGE('',*,*,#966,.F.);
#1270=ORIENTED_EDGE('',*,*,#960,.F.);
#1271=ORIENTED_EDGE('',*,*,#969,.F.);
#1272=ORIENTED_EDGE('',*,*,#931,.T.);
#1273=ORIENTED_EDGE('',*,*,#970,.F.);
#1274=ORIENTED_EDGE('',*,*,#971,.F.);
#1275=ORIENTED_EDGE('',*,*,#972,.F.);
#1276=ORIENTED_EDGE('',*,*,#973,.T.);
#1277=ORIENTED_EDGE('',*,*,#974,.T.);
#1278=ORIENTED_EDGE('',*,*,#866,.T.);
#1279=ORIENTED_EDGE('',*,*,#969,.T.);
#1280=ORIENTED_EDGE('',*,*,#975,.F.);
#1281=ORIENTED_EDGE('',*,*,#971,.T.);
#1282=ORIENTED_EDGE('',*,*,#976,.F.);
#1283=ORIENTED_EDGE('',*,*,#977,.F.);
#1284=ORIENTED_EDGE('',*,*,#975,.T.);
#1285=ORIENTED_EDGE('',*,*,#978,.F.);
#1286=ORIENTED_EDGE('',*,*,#979,.T.);
#1287=ORIENTED_EDGE('',*,*,#980,.F.);
#1288=ORIENTED_EDGE('',*,*,#976,.T.);
#1289=ORIENTED_EDGE('',*,*,#970,.T.);
#1290=ORIENTED_EDGE('',*,*,#868,.T.);
#1291=ORIENTED_EDGE('',*,*,#974,.F.);
#1292=ORIENTED_EDGE('',*,*,#981,.T.);
#1293=ORIENTED_EDGE('',*,*,#978,.T.);
#1294=ORIENTED_EDGE('',*,*,#867,.T.);
#1295=ORIENTED_EDGE('',*,*,#980,.T.);
#1296=ORIENTED_EDGE('',*,*,#982,.T.);
#1297=ORIENTED_EDGE('',*,*,#972,.T.);
#1298=ORIENTED_EDGE('',*,*,#977,.T.);
#1299=ORIENTED_EDGE('',*,*,#983,.F.);
#1300=ORIENTED_EDGE('',*,*,#937,.T.);
#1301=ORIENTED_EDGE('',*,*,#984,.F.);
#1302=ORIENTED_EDGE('',*,*,#985,.F.);
#1303=ORIENTED_EDGE('',*,*,#986,.F.);
#1304=ORIENTED_EDGE('',*,*,#987,.T.);
#1305=ORIENTED_EDGE('',*,*,#988,.T.);
#1306=ORIENTED_EDGE('',*,*,#856,.T.);
#1307=ORIENTED_EDGE('',*,*,#983,.T.);
#1308=ORIENTED_EDGE('',*,*,#989,.F.);
#1309=ORIENTED_EDGE('',*,*,#985,.T.);
#1310=ORIENTED_EDGE('',*,*,#990,.F.);
#1311=ORIENTED_EDGE('',*,*,#991,.F.);
#1312=ORIENTED_EDGE('',*,*,#989,.T.);
#1313=ORIENTED_EDGE('',*,*,#992,.F.);
#1314=ORIENTED_EDGE('',*,*,#993,.T.);
#1315=ORIENTED_EDGE('',*,*,#994,.F.);
#1316=ORIENTED_EDGE('',*,*,#990,.T.);
#1317=ORIENTED_EDGE('',*,*,#984,.T.);
#1318=ORIENTED_EDGE('',*,*,#858,.T.);
#1319=ORIENTED_EDGE('',*,*,#988,.F.);
#1320=ORIENTED_EDGE('',*,*,#995,.T.);
#1321=ORIENTED_EDGE('',*,*,#992,.T.);
#1322=ORIENTED_EDGE('',*,*,#857,.T.);
#1323=ORIENTED_EDGE('',*,*,#994,.T.);
#1324=ORIENTED_EDGE('',*,*,#996,.T.);
#1325=ORIENTED_EDGE('',*,*,#986,.T.);
#1326=ORIENTED_EDGE('',*,*,#991,.T.);
#1327=ORIENTED_EDGE('',*,*,#997,.F.);
#1328=ORIENTED_EDGE('',*,*,#998,.T.);
#1329=ORIENTED_EDGE('',*,*,#999,.F.);
#1330=ORIENTED_EDGE('',*,*,#1000,.T.);
#1331=ORIENTED_EDGE('',*,*,#1001,.T.);
#1332=ORIENTED_EDGE('',*,*,#862,.T.);
#1333=ORIENTED_EDGE('',*,*,#1002,.F.);
#1334=ORIENTED_EDGE('',*,*,#1003,.T.);
#1335=ORIENTED_EDGE('',*,*,#997,.T.);
#1336=ORIENTED_EDGE('',*,*,#861,.T.);
#1337=ORIENTED_EDGE('',*,*,#1004,.F.);
#1338=ORIENTED_EDGE('',*,*,#1005,.T.);
#1339=ORIENTED_EDGE('',*,*,#1002,.T.);
#1340=ORIENTED_EDGE('',*,*,#860,.T.);
#1341=ORIENTED_EDGE('',*,*,#1006,.T.);
#1342=ORIENTED_EDGE('',*,*,#1007,.F.);
#1343=ORIENTED_EDGE('',*,*,#1008,.T.);
#1344=ORIENTED_EDGE('',*,*,#1000,.F.);
#1345=ORIENTED_EDGE('',*,*,#1009,.F.);
#1346=ORIENTED_EDGE('',*,*,#1007,.T.);
#1347=ORIENTED_EDGE('',*,*,#999,.T.);
#1348=ORIENTED_EDGE('',*,*,#1010,.T.);
#1349=ORIENTED_EDGE('',*,*,#1004,.T.);
#1350=ORIENTED_EDGE('',*,*,#1009,.T.);
#1351=ORIENTED_EDGE('',*,*,#1006,.F.);
#1352=ORIENTED_EDGE('',*,*,#936,.T.);
#1353=ORIENTED_EDGE('',*,*,#1001,.F.);
#1354=ORIENTED_EDGE('',*,*,#1008,.F.);
#1355=ORIENTED_EDGE('',*,*,#1011,.F.);
#1356=ORIENTED_EDGE('',*,*,#938,.T.);
#1357=ORIENTED_EDGE('',*,*,#1012,.F.);
#1358=ORIENTED_EDGE('',*,*,#1013,.F.);
#1359=ORIENTED_EDGE('',*,*,#1014,.F.);
#1360=ORIENTED_EDGE('',*,*,#1015,.T.);
#1361=ORIENTED_EDGE('',*,*,#1016,.T.);
#1362=ORIENTED_EDGE('',*,*,#852,.T.);
#1363=ORIENTED_EDGE('',*,*,#1011,.T.);
#1364=ORIENTED_EDGE('',*,*,#1017,.F.);
#1365=ORIENTED_EDGE('',*,*,#1013,.T.);
#1366=ORIENTED_EDGE('',*,*,#1018,.F.);
#1367=ORIENTED_EDGE('',*,*,#1019,.F.);
#1368=ORIENTED_EDGE('',*,*,#1017,.T.);
#1369=ORIENTED_EDGE('',*,*,#1020,.F.);
#1370=ORIENTED_EDGE('',*,*,#1021,.T.);
#1371=ORIENTED_EDGE('',*,*,#1022,.F.);
#1372=ORIENTED_EDGE('',*,*,#1018,.T.);
#1373=ORIENTED_EDGE('',*,*,#1012,.T.);
#1374=ORIENTED_EDGE('',*,*,#854,.T.);
#1375=ORIENTED_EDGE('',*,*,#1016,.F.);
#1376=ORIENTED_EDGE('',*,*,#1023,.T.);
#1377=ORIENTED_EDGE('',*,*,#1020,.T.);
#1378=ORIENTED_EDGE('',*,*,#853,.T.);
#1379=ORIENTED_EDGE('',*,*,#1022,.T.);
#1380=ORIENTED_EDGE('',*,*,#1024,.T.);
#1381=ORIENTED_EDGE('',*,*,#1014,.T.);
#1382=ORIENTED_EDGE('',*,*,#1019,.T.);
#1383=ORIENTED_EDGE('',*,*,#964,.F.);
#1384=ORIENTED_EDGE('',*,*,#967,.F.);
#1385=ORIENTED_EDGE('',*,*,#956,.F.);
#1386=ORIENTED_EDGE('',*,*,#968,.F.);
#1387=ORIENTED_EDGE('',*,*,#950,.F.);
#1388=ORIENTED_EDGE('',*,*,#953,.F.);
#1389=ORIENTED_EDGE('',*,*,#942,.F.);
#1390=ORIENTED_EDGE('',*,*,#954,.F.);
#1391=ORIENTED_EDGE('',*,*,#979,.F.);
#1392=ORIENTED_EDGE('',*,*,#981,.F.);
#1393=ORIENTED_EDGE('',*,*,#973,.F.);
#1394=ORIENTED_EDGE('',*,*,#982,.F.);
#1395=ORIENTED_EDGE('',*,*,#998,.F.);
#1396=ORIENTED_EDGE('',*,*,#1003,.F.);
#1397=ORIENTED_EDGE('',*,*,#1005,.F.);
#1398=ORIENTED_EDGE('',*,*,#1010,.F.);
#1399=ORIENTED_EDGE('',*,*,#993,.F.);
#1400=ORIENTED_EDGE('',*,*,#995,.F.);
#1401=ORIENTED_EDGE('',*,*,#987,.F.);
#1402=ORIENTED_EDGE('',*,*,#996,.F.);
#1403=ORIENTED_EDGE('',*,*,#1021,.F.);
#1404=ORIENTED_EDGE('',*,*,#1023,.F.);
#1405=ORIENTED_EDGE('',*,*,#1015,.F.);
#1406=ORIENTED_EDGE('',*,*,#1024,.F.);
#1407=ORIENTED_EDGE('',*,*,#905,.T.);
#1408=ORIENTED_EDGE('',*,*,#1025,.F.);
#1409=ORIENTED_EDGE('',*,*,#847,.F.);
#1410=ORIENTED_EDGE('',*,*,#1026,.T.);
#1411=ORIENTED_EDGE('',*,*,#907,.T.);
#1412=ORIENTED_EDGE('',*,*,#1027,.F.);
#1413=ORIENTED_EDGE('',*,*,#848,.F.);
#1414=ORIENTED_EDGE('',*,*,#1025,.T.);
#1415=ORIENTED_EDGE('',*,*,#1027,.T.);
#1416=ORIENTED_EDGE('',*,*,#910,.T.);
#1417=ORIENTED_EDGE('',*,*,#1028,.F.);
#1418=ORIENTED_EDGE('',*,*,#849,.T.);
#1419=ORIENTED_EDGE('',*,*,#1028,.T.);
#1420=ORIENTED_EDGE('',*,*,#908,.T.);
#1421=ORIENTED_EDGE('',*,*,#1026,.F.);
#1422=ORIENTED_EDGE('',*,*,#850,.T.);
#1423=ORIENTED_EDGE('',*,*,#833,.F.);
#1424=ORIENTED_EDGE('',*,*,#840,.F.);
#1425=ORIENTED_EDGE('',*,*,#843,.T.);
#1426=ORIENTED_EDGE('',*,*,#836,.F.);
#1427=ORIENTED_EDGE('',*,*,#845,.F.);
#1428=ORIENTED_EDGE('',*,*,#829,.T.);
#1429=TOROIDAL_SURFACE('',#1529,2.85,0.15);
#1430=ADVANCED_FACE('',(#495),#1429,.T.);
#1431=ADVANCED_FACE('',(#496),#476,.T.);
#1432=ADVANCED_FACE('',(#497),#25,.T.);
#1433=ADVANCED_FACE('',(#498),#26,.T.);
#1434=ADVANCED_FACE('',(#499),#27,.F.);
#1435=ADVANCED_FACE('',(#500),#28,.T.);
#1436=ADVANCED_FACE('',(#501,#22),#29,.T.);
#1437=ADVANCED_FACE('',(#502),#30,.T.);
#1438=ADVANCED_FACE('',(#503),#31,.F.);
#1439=ADVANCED_FACE('',(#504),#32,.F.);
#1440=ADVANCED_FACE('',(#505),#33,.T.);
#1441=ADVANCED_FACE('',(#506),#34,.T.);
#1442=ADVANCED_FACE('',(#507,#23),#35,.F.);
#1443=ADVANCED_FACE('',(#508),#36,.T.);
#1444=ADVANCED_FACE('',(#509),#37,.T.);
#1445=ADVANCED_FACE('',(#510),#38,.T.);
#1446=ADVANCED_FACE('',(#511),#39,.T.);
#1447=ADVANCED_FACE('',(#512),#477,.T.);
#1448=ADVANCED_FACE('',(#513),#14,.T.);
#1449=ADVANCED_FACE('',(#514),#15,.T.);
#1450=ADVANCED_FACE('',(#515),#478,.T.);
#1451=ADVANCED_FACE('',(#516),#479,.T.);
#1452=ADVANCED_FACE('',(#517),#480,.T.);
#1453=ADVANCED_FACE('',(#518),#481,.T.);
#1454=ADVANCED_FACE('',(#519),#482,.T.);
#1455=ADVANCED_FACE('',(#520),#483,.T.);
#1456=ADVANCED_FACE('',(#521),#16,.T.);
#1457=ADVANCED_FACE('',(#522),#17,.T.);
#1458=ADVANCED_FACE('',(#523),#18,.T.);
#1459=ADVANCED_FACE('',(#524),#19,.T.);
#1460=ADVANCED_FACE('',(#525),#484,.T.);
#1461=ADVANCED_FACE('',(#526),#485,.T.);
#1462=ADVANCED_FACE('',(#527),#486,.T.);
#1463=ADVANCED_FACE('',(#528),#487,.T.);
#1464=ADVANCED_FACE('',(#529),#20,.T.);
#1465=ADVANCED_FACE('',(#530),#21,.T.);
#1466=ADVANCED_FACE('',(#531),#488,.T.);
#1467=ADVANCED_FACE('',(#532),#40,.F.);
#1468=ADVANCED_FACE('',(#533),#41,.F.);
#1469=ADVANCED_FACE('',(#534),#42,.F.);
#1470=ADVANCED_FACE('',(#535),#43,.F.);
#1471=ADVANCED_FACE('',(#536),#44,.F.);
#1472=ADVANCED_FACE('',(#537),#45,.T.);
#1473=ADVANCED_FACE('',(#538),#46,.F.);
#1474=ADVANCED_FACE('',(#539),#47,.F.);
#1475=ADVANCED_FACE('',(#540),#48,.F.);
#1476=ADVANCED_FACE('',(#541),#49,.F.);
#1477=ADVANCED_FACE('',(#542),#50,.F.);
#1478=ADVANCED_FACE('',(#543),#51,.T.);
#1479=ADVANCED_FACE('',(#544),#52,.F.);
#1480=ADVANCED_FACE('',(#545),#53,.F.);
#1481=ADVANCED_FACE('',(#546),#54,.F.);
#1482=ADVANCED_FACE('',(#547),#55,.F.);
#1483=ADVANCED_FACE('',(#548),#56,.F.);
#1484=ADVANCED_FACE('',(#549),#57,.T.);
#1485=ADVANCED_FACE('',(#550),#58,.F.);
#1486=ADVANCED_FACE('',(#551),#59,.F.);
#1487=ADVANCED_FACE('',(#552),#60,.F.);
#1488=ADVANCED_FACE('',(#553),#61,.F.);
#1489=ADVANCED_FACE('',(#554),#62,.F.);
#1490=ADVANCED_FACE('',(#555),#63,.T.);
#1491=ADVANCED_FACE('',(#556),#64,.F.);
#1492=ADVANCED_FACE('',(#557),#65,.F.);
#1493=ADVANCED_FACE('',(#558),#66,.F.);
#1494=ADVANCED_FACE('',(#559),#67,.F.);
#1495=ADVANCED_FACE('',(#560),#68,.F.);
#1496=ADVANCED_FACE('',(#561),#69,.T.);
#1497=ADVANCED_FACE('',(#562),#70,.F.);
#1498=ADVANCED_FACE('',(#563),#71,.F.);
#1499=ADVANCED_FACE('',(#564),#72,.F.);
#1500=ADVANCED_FACE('',(#565),#73,.F.);
#1501=ADVANCED_FACE('',(#566),#74,.F.);
#1502=ADVANCED_FACE('',(#567),#75,.T.);
#1503=ADVANCED_FACE('',(#568),#489,.T.);
#1504=ADVANCED_FACE('',(#569),#490,.T.);
#1505=ADVANCED_FACE('',(#570),#491,.T.);
#1506=ADVANCED_FACE('',(#571),#492,.T.);
#1507=ADVANCED_FACE('',(#572),#493,.T.);
#1508=ADVANCED_FACE('',(#573),#494,.T.);
#1509=ADVANCED_FACE('',(#574),#76,.F.);
#1510=ADVANCED_FACE('',(#575),#77,.F.);
#1511=ADVANCED_FACE('',(#576),#78,.T.);
#1512=ADVANCED_FACE('',(#577),#79,.T.);
#1513=ADVANCED_FACE('',(#578,#24),#80,.F.);
#1514=ADVANCED_FACE('',(#579),#81,.T.);
#1515=CLOSED_SHELL('',(#1430,#1431,#1432,#1433,#1434,#1435,#1436,#1437,
#1438,#1439,#1440,#1441,#1442,#1443,#1444,#1445,#1446,#1447,#1448,#1449,
#1450,#1451,#1452,#1453,#1454,#1455,#1456,#1457,#1458,#1459,#1460,#1461,
#1462,#1463,#1464,#1465,#1466,#1467,#1468,#1469,#1470,#1471,#1472,#1473,
#1474,#1475,#1476,#1477,#1478,#1479,#1480,#1481,#1482,#1483,#1484,#1485,
#1486,#1487,#1488,#1489,#1490,#1491,#1492,#1493,#1494,#1495,#1496,#1497,
#1498,#1499,#1500,#1501,#1502,#1503,#1504,#1505,#1506,#1507,#1508,#1509,
#1510,#1511,#1512,#1513,#1514));
#1516=DERIVED_UNIT_ELEMENT(#1518,1.);
#1517=DERIVED_UNIT_ELEMENT(#2479,-3.);
#1518=(
MASS_UNIT()
NAMED_UNIT(*)
SI_UNIT(.KILO.,.GRAM.)
);
#1519=DERIVED_UNIT((#1516,#1517));
#1520=MEASURE_REPRESENTATION_ITEM('density measure',
POSITIVE_RATIO_MEASURE(7850.),#1519);
#1521=PROPERTY_DEFINITION_REPRESENTATION(#1526,#1523);
#1522=PROPERTY_DEFINITION_REPRESENTATION(#1527,#1524);
#1523=REPRESENTATION('material name',(#1525),#2476);
#1524=REPRESENTATION('density',(#1520),#2476);
#1525=DESCRIPTIVE_REPRESENTATION_ITEM('Acier','Acier');
#1526=PROPERTY_DEFINITION('material property','material name',#2486);
#1527=PROPERTY_DEFINITION('material property','density of part',#2486);
#1528=AXIS2_PLACEMENT_3D('',#2068,#1655,#1656);
#1529=AXIS2_PLACEMENT_3D('',#2069,#1657,#1658);
#1530=AXIS2_PLACEMENT_3D('',#2071,#1659,#1660);
#1531=AXIS2_PLACEMENT_3D('',#2073,#1661,#1662);
#1532=AXIS2_PLACEMENT_3D('',#2075,#1663,#1664);
#1533=AXIS2_PLACEMENT_3D('',#2076,#1665,#1666);
#1534=AXIS2_PLACEMENT_3D('',#2077,#1667,#1668);
#1535=AXIS2_PLACEMENT_3D('',#2079,#1669,#1670);
#1536=AXIS2_PLACEMENT_3D('',#2081,#1672,#1673);
#1537=AXIS2_PLACEMENT_3D('',#2090,#1678,#1679);
#1538=AXIS2_PLACEMENT_3D('',#2099,#1684,#1685);
#1539=AXIS2_PLACEMENT_3D('',#2102,#1688,#1689);
#1540=AXIS2_PLACEMENT_3D('',#2105,#1692,#1693);
#1541=AXIS2_PLACEMENT_3D('',#2114,#1698,#1699);
#1542=AXIS2_PLACEMENT_3D('',#2171,#1728,#1729);
#1543=AXIS2_PLACEMENT_3D('',#2180,#1734,#1735);
#1544=AXIS2_PLACEMENT_3D('',#2189,#1740,#1741);
#1545=AXIS2_PLACEMENT_3D('',#2198,#1746,#1747);
#1546=AXIS2_PLACEMENT_3D('',#2207,#1752,#1753);
#1547=AXIS2_PLACEMENT_3D('',#2224,#1762,#1763);
#1548=AXIS2_PLACEMENT_3D('',#2230,#1767,#1768);
#1549=AXIS2_PLACEMENT_3D('',#2234,#1771,#1772);
#1550=AXIS2_PLACEMENT_3D('',#2238,#1775,#1776);
#1551=AXIS2_PLACEMENT_3D('',#2240,#1778,#1779);
#1552=AXIS2_PLACEMENT_3D('',#2241,#1780,#1781);
#1553=AXIS2_PLACEMENT_3D('',#2242,#1782,#1783);
#1554=AXIS2_PLACEMENT_3D('',#2243,#1784,#1785);
#1555=AXIS2_PLACEMENT_3D('',#2244,#1786,#1787);
#1556=AXIS2_PLACEMENT_3D('',#2245,#1788,#1789);
#1557=AXIS2_PLACEMENT_3D('',#2246,#1790,#1791);
#1558=AXIS2_PLACEMENT_3D('',#2247,#1792,#1793);
#1559=AXIS2_PLACEMENT_3D('',#2248,#1794,#1795);
#1560=AXIS2_PLACEMENT_3D('',#2249,#1796,#1797);
#1561=AXIS2_PLACEMENT_3D('',#2250,#1798,#1799);
#1562=AXIS2_PLACEMENT_3D('',#2251,#1800,#1801);
#1563=AXIS2_PLACEMENT_3D('',#2252,#1802,#1803);
#1564=AXIS2_PLACEMENT_3D('',#2253,#1804,#1805);
#1565=AXIS2_PLACEMENT_3D('',#2254,#1806,#1807);
#1566=AXIS2_PLACEMENT_3D('',#2255,#1808,#1809);
#1567=AXIS2_PLACEMENT_3D('',#2256,#1810,#1811);
#1568=AXIS2_PLACEMENT_3D('',#2257,#1812,#1813);
#1569=AXIS2_PLACEMENT_3D('',#2258,#1814,#1815);
#1570=AXIS2_PLACEMENT_3D('',#2259,#1816,#1817);
#1571=AXIS2_PLACEMENT_3D('',#2260,#1818,#1819);
#1572=AXIS2_PLACEMENT_3D('',#2261,#1820,#1821);
#1573=AXIS2_PLACEMENT_3D('',#2262,#1822,#1823);
#1574=AXIS2_PLACEMENT_3D('',#2263,#1824,#1825);
#1575=AXIS2_PLACEMENT_3D('',#2264,#1826,#1827);
#1576=AXIS2_PLACEMENT_3D('',#2265,#1828,#1829);
#1577=AXIS2_PLACEMENT_3D('',#2266,#1830,#1831);
#1578=AXIS2_PLACEMENT_3D('',#2267,#1832,#1833);
#1579=AXIS2_PLACEMENT_3D('',#2268,#1834,#1835);
#1580=AXIS2_PLACEMENT_3D('',#2269,#1836,#1837);
#1581=AXIS2_PLACEMENT_3D('',#2270,#1838,#1839);
#1582=AXIS2_PLACEMENT_3D('',#2271,#1840,#1841);
#1583=AXIS2_PLACEMENT_3D('',#2275,#1845,#1846);
#1584=AXIS2_PLACEMENT_3D('',#2276,#1847,#1848);
#1585=AXIS2_PLACEMENT_3D('',#2277,#1849,#1850);
#1586=AXIS2_PLACEMENT_3D('',#2278,#1851,#1852);
#1587=AXIS2_PLACEMENT_3D('',#2279,#1853,#1854);
#1588=AXIS2_PLACEMENT_3D('',#2280,#1855,#1856);
#1589=AXIS2_PLACEMENT_3D('',#2281,#1857,#1858);
#1590=AXIS2_PLACEMENT_3D('',#2285,#1862,#1863);
#1591=AXIS2_PLACEMENT_3D('',#2286,#1864,#1865);
#1592=AXIS2_PLACEMENT_3D('',#2287,#1866,#1867);
#1593=AXIS2_PLACEMENT_3D('',#2288,#1868,#1869);
#1594=AXIS2_PLACEMENT_3D('',#2289,#1870,#1871);
#1595=AXIS2_PLACEMENT_3D('',#2290,#1872,#1873);
#1596=AXIS2_PLACEMENT_3D('',#2295,#1875,#1876);
#1597=AXIS2_PLACEMENT_3D('',#2300,#1880,#1881);
#1598=AXIS2_PLACEMENT_3D('',#2306,#1885,#1886);
#1599=AXIS2_PLACEMENT_3D('',#2310,#1888,#1889);
#1600=AXIS2_PLACEMENT_3D('',#2313,#1892,#1893);
#1601=AXIS2_PLACEMENT_3D('',#2315,#1895,#1896);
#1602=AXIS2_PLACEMENT_3D('',#2317,#1898,#1899);
#1603=AXIS2_PLACEMENT_3D('',#2318,#1900,#1901);
#1604=AXIS2_PLACEMENT_3D('',#2323,#1903,#1904);
#1605=AXIS2_PLACEMENT_3D('',#2328,#1908,#1909);
#1606=AXIS2_PLACEMENT_3D('',#2334,#1913,#1914);
#1607=AXIS2_PLACEMENT_3D('',#2338,#1916,#1917);
#1608=AXIS2_PLACEMENT_3D('',#2341,#1920,#1921);
#1609=AXIS2_PLACEMENT_3D('',#2343,#1923,#1924);
#1610=AXIS2_PLACEMENT_3D('',#2345,#1926,#1927);
#1611=AXIS2_PLACEMENT_3D('',#2346,#1928,#1929);
#1612=AXIS2_PLACEMENT_3D('',#2352,#1933,#1934);
#1613=AXIS2_PLACEMENT_3D('',#2357,#1936,#1937);
#1614=AXIS2_PLACEMENT_3D('',#2360,#1940,#1941);
#1615=AXIS2_PLACEMENT_3D('',#2364,#1944,#1945);
#1616=AXIS2_PLACEMENT_3D('',#2368,#1947,#1948);
#1617=AXIS2_PLACEMENT_3D('',#2370,#1950,#1951);
#1618=AXIS2_PLACEMENT_3D('',#2372,#1953,#1954);
#1619=AXIS2_PLACEMENT_3D('',#2374,#1956,#1957);
#1620=AXIS2_PLACEMENT_3D('',#2380,#1961,#1962);
#1621=AXIS2_PLACEMENT_3D('',#2385,#1964,#1965);
#1622=AXIS2_PLACEMENT_3D('',#2388,#1968,#1969);
#1623=AXIS2_PLACEMENT_3D('',#2392,#1972,#1973);
#1624=AXIS2_PLACEMENT_3D('',#2396,#1975,#1976);
#1625=AXIS2_PLACEMENT_3D('',#2398,#1978,#1979);
#1626=AXIS2_PLACEMENT_3D('',#2400,#1981,#1982);
#1627=AXIS2_PLACEMENT_3D('',#2402,#1984,#1985);
#1628=AXIS2_PLACEMENT_3D('',#2406,#1987,#1988);
#1629=AXIS2_PLACEMENT_3D('',#2412,#1992,#1993);
#1630=AXIS2_PLACEMENT_3D('',#2416,#1996,#1997);
#1631=AXIS2_PLACEMENT_3D('',#2420,#1999,#2000);
#1632=AXIS2_PLACEMENT_3D('',#2424,#2003,#2004);
#1633=AXIS2_PLACEMENT_3D('',#2427,#2007,#2008);
#1634=AXIS2_PLACEMENT_3D('',#2429,#2010,#2011);
#1635=AXIS2_PLACEMENT_3D('',#2430,#2012,#2013);
#1636=AXIS2_PLACEMENT_3D('',#2436,#2017,#2018);
#1637=AXIS2_PLACEMENT_3D('',#2441,#2020,#2021);
#1638=AXIS2_PLACEMENT_3D('',#2444,#2024,#2025);
#1639=AXIS2_PLACEMENT_3D('',#2448,#2028,#2029);
#1640=AXIS2_PLACEMENT_3D('',#2452,#2031,#2032);
#1641=AXIS2_PLACEMENT_3D('',#2454,#2034,#2035);
#1642=AXIS2_PLACEMENT_3D('',#2456,#2037,#2038);
#1643=AXIS2_PLACEMENT_3D('',#2458,#2040,#2041);
#1644=AXIS2_PLACEMENT_3D('',#2459,#2042,#2043);
#1645=AXIS2_PLACEMENT_3D('',#2460,#2044,#2045);
#1646=AXIS2_PLACEMENT_3D('',#2461,#2046,#2047);
#1647=AXIS2_PLACEMENT_3D('',#2462,#2048,#2049);
#1648=AXIS2_PLACEMENT_3D('',#2463,#2050,#2051);
#1649=AXIS2_PLACEMENT_3D('',#2464,#2052,#2053);
#1650=AXIS2_PLACEMENT_3D('',#2467,#2056,#2057);
#1651=AXIS2_PLACEMENT_3D('',#2469,#2059,#2060);
#1652=AXIS2_PLACEMENT_3D('',#2471,#2062,#2063);
#1653=AXIS2_PLACEMENT_3D('',#2472,#2064,#2065);
#1654=AXIS2_PLACEMENT_3D('',#2473,#2066,#2067);
#1655=DIRECTION('axis',(0.,0.,1.));
#1656=DIRECTION('refdir',(1.,0.,0.));
#1657=DIRECTION('center_axis',(0.,1.,0.));
#1658=DIRECTION('ref_axis',(0.,0.,1.));
#1659=DIRECTION('center_axis',(0.,1.,0.));
#1660=DIRECTION('ref_axis',(0.,0.,1.));
#1661=DIRECTION('center_axis',(-1.,0.,1.22464679914735E-16));
#1662=DIRECTION('ref_axis',(-1.22464679914735E-16,0.,-1.));
#1663=DIRECTION('center_axis',(0.,-1.,0.));
#1664=DIRECTION('ref_axis',(0.,0.,1.));
#1665=DIRECTION('center_axis',(0.,-1.,0.));
#1666=DIRECTION('ref_axis',(0.,0.,1.));
#1667=DIRECTION('center_axis',(0.,-1.,0.));
#1668=DIRECTION('ref_axis',(0.,0.,-1.));
#1669=DIRECTION('center_axis',(0.,1.,0.));
#1670=DIRECTION('ref_axis',(0.,0.,1.));
#1671=DIRECTION('',(0.,1.,0.));
#1672=DIRECTION('center_axis',(-1.,0.,0.));
#1673=DIRECTION('ref_axis',(0.,0.,1.));
#1674=DIRECTION('',(0.,-1.,0.));
#1675=DIRECTION('',(0.,0.,-1.));
#1676=DIRECTION('',(0.,-1.,0.));
#1677=DIRECTION('',(0.,0.,1.));
#1678=DIRECTION('center_axis',(1.,6.8149850841946E-15,0.));
#1679=DIRECTION('ref_axis',(-6.8149850841946E-15,1.,0.));
#1680=DIRECTION('',(-6.8149850841946E-15,1.,0.));
#1681=DIRECTION('',(0.,0.,1.));
#1682=DIRECTION('',(-6.8149850841946E-15,1.,0.));
#1683=DIRECTION('',(0.,0.,1.));
#1684=DIRECTION('center_axis',(0.,0.,1.));
#1685=DIRECTION('ref_axis',(1.,0.,0.));
#1686=DIRECTION('',(-1.,0.,0.));
#1687=DIRECTION('',(1.,0.,0.));
#1688=DIRECTION('center_axis',(0.,0.,1.));
#1689=DIRECTION('ref_axis',(1.,0.,0.));
#1690=DIRECTION('',(-1.,0.,0.));
#1691=DIRECTION('',(1.,0.,0.));
#1692=DIRECTION('center_axis',(0.,1.,0.));
#1693=DIRECTION('ref_axis',(0.,0.,1.));
#1694=DIRECTION('',(1.,0.,0.));
#1695=DIRECTION('',(0.,0.,-1.));
#1696=DIRECTION('',(1.,0.,0.));
#1697=DIRECTION('',(0.,0.,-1.));
#1698=DIRECTION('center_axis',(0.,-1.,0.));
#1699=DIRECTION('ref_axis',(0.,0.,-1.));
#1700=DIRECTION('',(1.,0.,0.));
#1701=DIRECTION('',(0.,0.,-1.));
#1702=DIRECTION('',(-1.,0.,0.));
#1703=DIRECTION('',(0.,0.,1.));
#1704=DIRECTION('',(1.,0.,0.));
#1705=DIRECTION('',(0.,0.,-1.));
#1706=DIRECTION('',(-1.,0.,0.));
#1707=DIRECTION('',(0.,0.,1.));
#1708=DIRECTION('',(1.,0.,0.));
#1709=DIRECTION('',(0.,0.,-1.));
#1710=DIRECTION('',(-1.,0.,0.));
#1711=DIRECTION('',(0.,0.,1.));
#1712=DIRECTION('',(1.,0.,0.));
#1713=DIRECTION('',(0.,0.,1.));
#1714=DIRECTION('',(-1.,0.,0.));
#1715=DIRECTION('',(0.,0.,1.));
#1716=DIRECTION('',(1.,0.,0.));
#1717=DIRECTION('',(0.,0.,-1.));
#1718=DIRECTION('',(-1.,0.,0.));
#1719=DIRECTION('',(0.,0.,1.));
#1720=DIRECTION('',(1.,0.,0.));
#1721=DIRECTION('',(0.,0.,-1.));
#1722=DIRECTION('',(-1.,0.,0.));
#1723=DIRECTION('',(0.,0.,1.));
#1724=DIRECTION('',(1.,0.,0.));
#1725=DIRECTION('',(0.,0.,-1.));
#1726=DIRECTION('',(-1.,0.,0.));
#1727=DIRECTION('',(0.,0.,-1.));
#1728=DIRECTION('center_axis',(1.,0.,0.));
#1729=DIRECTION('ref_axis',(0.,0.,-1.));
#1730=DIRECTION('',(0.,-1.,0.));
#1731=DIRECTION('',(0.,0.,1.));
#1732=DIRECTION('',(0.,1.,0.));
#1733=DIRECTION('',(0.,0.,-1.));
#1734=DIRECTION('center_axis',(0.,0.,1.));
#1735=DIRECTION('ref_axis',(1.,0.,0.));
#1736=DIRECTION('',(0.,-1.,0.));
#1737=DIRECTION('',(-1.,0.,0.));
#1738=DIRECTION('',(0.,1.,0.));
#1739=DIRECTION('',(1.,0.,0.));
#1740=DIRECTION('center_axis',(1.,0.,0.));
#1741=DIRECTION('ref_axis',(0.,0.,-1.));
#1742=DIRECTION('',(0.,0.,-1.));
#1743=DIRECTION('',(0.,1.,0.));
#1744=DIRECTION('',(0.,0.,1.));
#1745=DIRECTION('',(0.,-1.,0.));
#1746=DIRECTION('center_axis',(0.,0.,1.));
#1747=DIRECTION('ref_axis',(1.,0.,0.));
#1748=DIRECTION('',(0.,-1.,0.));
#1749=DIRECTION('',(1.,0.,0.));
#1750=DIRECTION('',(0.,1.,0.));
#1751=DIRECTION('',(-1.,0.,0.));
#1752=DIRECTION('center_axis',(0.,-1.,0.));
#1753=DIRECTION('ref_axis',(0.,0.,-1.));
#1754=DIRECTION('',(1.,0.,0.));
#1755=DIRECTION('',(0.,0.,-1.));
#1756=DIRECTION('',(-1.,0.,0.));
#1757=DIRECTION('',(0.,0.,1.));
#1758=DIRECTION('',(0.,0.,-1.));
#1759=DIRECTION('',(1.,0.,0.));
#1760=DIRECTION('',(0.,0.,1.));
#1761=DIRECTION('',(-1.,0.,0.));
#1762=DIRECTION('center_axis',(0.,0.707106781186549,-0.707106781186546));
#1763=DIRECTION('ref_axis',(-1.,0.,0.));
#1764=DIRECTION('',(0.577350269189626,-0.577350269189625,-0.577350269189627));
#1765=DIRECTION('',(0.577350269189627,0.577350269189624,0.577350269189626));
#1766=DIRECTION('',(1.,0.,0.));
#1767=DIRECTION('center_axis',(-0.707106781186546,0.707106781186549,0.));
#1768=DIRECTION('ref_axis',(0.,0.,1.));
#1769=DIRECTION('',(0.577350269189627,0.577350269189624,-0.577350269189626));
#1770=DIRECTION('',(0.,0.,-1.));
#1771=DIRECTION('center_axis',(0.707106781186547,0.707106781186548,0.));
#1772=DIRECTION('ref_axis',(0.,0.,-1.));
#1773=DIRECTION('',(0.,0.,1.));
#1774=DIRECTION('',(0.577350269189626,-0.577350269189625,0.577350269189627));
#1775=DIRECTION('center_axis',(0.,0.707106781186549,0.707106781186546));
#1776=DIRECTION('ref_axis',(1.,0.,0.));
#1777=DIRECTION('',(-1.,0.,0.));
#1778=DIRECTION('center_axis',(0.,0.,1.));
#1779=DIRECTION('ref_axis',(1.,0.,0.));
#1780=DIRECTION('center_axis',(0.,0.,1.));
#1781=DIRECTION('ref_axis',(1.,0.,0.));
#1782=DIRECTION('center_axis',(0.,0.,-1.));
#1783=DIRECTION('ref_axis',(-1.,0.,0.));
#1784=DIRECTION('center_axis',(0.,1.,0.));
#1785=DIRECTION('ref_axis',(1.,0.,0.));
#1786=DIRECTION('center_axis',(1.,0.,0.));
#1787=DIRECTION('ref_axis',(0.,0.,1.));
#1788=DIRECTION('center_axis',(0.,-1.,0.));
#1789=DIRECTION('ref_axis',(0.,0.,1.));
#1790=DIRECTION('center_axis',(0.,1.,0.));
#1791=DIRECTION('ref_axis',(1.,0.,0.));
#1792=DIRECTION('center_axis',(0.,-1.,0.));
#1793=DIRECTION('ref_axis',(0.,0.,1.));
#1794=DIRECTION('center_axis',(1.,0.,0.));
#1795=DIRECTION('ref_axis',(0.,0.,1.));
#1796=DIRECTION('center_axis',(0.,-1.,0.));
#1797=DIRECTION('ref_axis',(0.,0.,-1.));
#1798=DIRECTION('center_axis',(0.,-1.,0.));
#1799=DIRECTION('ref_axis',(0.,0.,-1.));
#1800=DIRECTION('center_axis',(-1.,0.,0.));
#1801=DIRECTION('ref_axis',(0.,0.,1.));
#1802=DIRECTION('center_axis',(1.,0.,0.));
#1803=DIRECTION('ref_axis',(0.,0.,-1.));
#1804=DIRECTION('center_axis',(0.,0.,1.));
#1805=DIRECTION('ref_axis',(1.,0.,0.));
#1806=DIRECTION('center_axis',(0.,0.,-1.));
#1807=DIRECTION('ref_axis',(-1.,0.,0.));
#1808=DIRECTION('center_axis',(0.,0.,1.));
#1809=DIRECTION('ref_axis',(1.,0.,0.));
#1810=DIRECTION('center_axis',(-1.,0.,0.));
#1811=DIRECTION('ref_axis',(0.,0.,1.));
#1812=DIRECTION('center_axis',(1.,0.,0.));
#1813=DIRECTION('ref_axis',(0.,0.,-1.));
#1814=DIRECTION('center_axis',(0.,1.,0.));
#1815=DIRECTION('ref_axis',(0.,0.,1.));
#1816=DIRECTION('center_axis',(0.,-1.,0.));
#1817=DIRECTION('ref_axis',(0.,0.,-1.));
#1818=DIRECTION('center_axis',(0.,0.,1.));
#1819=DIRECTION('ref_axis',(1.,0.,0.));
#1820=DIRECTION('center_axis',(0.,0.,1.));
#1821=DIRECTION('ref_axis',(1.,0.,0.));
#1822=DIRECTION('center_axis',(0.,0.,-1.));
#1823=DIRECTION('ref_axis',(-1.,0.,0.));
#1824=DIRECTION('center_axis',(0.,1.,0.));
#1825=DIRECTION('ref_axis',(1.,0.,0.));
#1826=DIRECTION('center_axis',(1.,0.,0.));
#1827=DIRECTION('ref_axis',(0.,0.,1.));
#1828=DIRECTION('center_axis',(0.,1.,0.));
#1829=DIRECTION('ref_axis',(1.,0.,0.));
#1830=DIRECTION('center_axis',(0.,-1.,0.));
#1831=DIRECTION('ref_axis',(0.,0.,1.));
#1832=DIRECTION('center_axis',(0.,1.,0.));
#1833=DIRECTION('ref_axis',(1.,0.,0.));
#1834=DIRECTION('center_axis',(0.,-1.,0.));
#1835=DIRECTION('ref_axis',(0.,0.,1.));
#1836=DIRECTION('center_axis',(0.,1.,0.));
#1837=DIRECTION('ref_axis',(1.,0.,0.));
#1838=DIRECTION('center_axis',(1.,0.,0.));
#1839=DIRECTION('ref_axis',(0.,0.,1.));
#1840=DIRECTION('center_axis',(1.,0.,0.));
#1841=DIRECTION('ref_axis',(0.,0.,-1.));
#1842=DIRECTION('',(-1.,0.,0.));
#1843=DIRECTION('',(-1.,0.,0.));
#1844=DIRECTION('',(-1.,0.,0.));
#1845=DIRECTION('center_axis',(1.,0.,0.));
#1846=DIRECTION('ref_axis',(0.,0.,-1.));
#1847=DIRECTION('center_axis',(0.,1.,0.));
#1848=DIRECTION('ref_axis',(0.,0.,1.));
#1849=DIRECTION('center_axis',(0.,-1.,0.));
#1850=DIRECTION('ref_axis',(0.,0.,-1.));
#1851=DIRECTION('center_axis',(0.,-1.,0.));
#1852=DIRECTION('ref_axis',(0.,0.,-1.));
#1853=DIRECTION('center_axis',(0.,-1.,0.));
#1854=DIRECTION('ref_axis',(0.,0.,-1.));
#1855=DIRECTION('center_axis',(-1.,0.,0.));
#1856=DIRECTION('ref_axis',(0.,0.,1.));
#1857=DIRECTION('center_axis',(1.,0.,0.));
#1858=DIRECTION('ref_axis',(0.,0.,-1.));
#1859=DIRECTION('',(1.,0.,0.));
#1860=DIRECTION('',(1.,0.,0.));
#1861=DIRECTION('',(1.,0.,0.));
#1862=DIRECTION('center_axis',(0.,1.,0.));
#1863=DIRECTION('ref_axis',(1.,0.,0.));
#1864=DIRECTION('center_axis',(0.,0.,-1.));
#1865=DIRECTION('ref_axis',(1.,0.,0.));
#1866=DIRECTION('center_axis',(0.,1.,0.));
#1867=DIRECTION('ref_axis',(1.,0.,0.));
#1868=DIRECTION('center_axis',(0.,0.,1.));
#1869=DIRECTION('ref_axis',(-1.,0.,0.));
#1870=DIRECTION('center_axis',(0.,0.,-1.));
#1871=DIRECTION('ref_axis',(-1.,0.,0.));
#1872=DIRECTION('center_axis',(-1.,0.,0.));
#1873=DIRECTION('ref_axis',(0.,0.,1.));
#1874=DIRECTION('',(0.,0.,1.));
#1875=DIRECTION('center_axis',(1.,0.,0.));
#1876=DIRECTION('ref_axis',(0.,0.,1.));
#1877=DIRECTION('',(0.,1.,0.));
#1878=DIRECTION('',(0.,0.,1.));
#1879=DIRECTION('',(0.,1.,0.));
#1880=DIRECTION('center_axis',(0.,0.,-1.));
#1881=DIRECTION('ref_axis',(-1.,0.,0.));
#1882=DIRECTION('',(-1.,0.,0.));
#1883=DIRECTION('',(0.,1.,0.));
#1884=DIRECTION('',(-1.,0.,0.));
#1885=DIRECTION('center_axis',(1.,0.,0.));
#1886=DIRECTION('ref_axis',(0.,0.,-1.));
#1887=DIRECTION('',(0.,1.,0.));
#1888=DIRECTION('center_axis',(-1.,0.,0.));
#1889=DIRECTION('ref_axis',(0.,0.,-1.));
#1890=DIRECTION('',(0.,0.,-1.));
#1891=DIRECTION('',(0.,0.,-1.));
#1892=DIRECTION('center_axis',(0.,0.,1.));
#1893=DIRECTION('ref_axis',(1.,0.,0.));
#1894=DIRECTION('',(-1.,0.,0.));
#1895=DIRECTION('center_axis',(0.,1.,0.));
#1896=DIRECTION('ref_axis',(0.,0.,1.));
#1897=DIRECTION('',(1.,0.,0.));
#1898=DIRECTION('center_axis',(0.,1.,0.));
#1899=DIRECTION('ref_axis',(0.,0.,1.));
#1900=DIRECTION('center_axis',(-1.,0.,0.));
#1901=DIRECTION('ref_axis',(0.,0.,1.));
#1902=DIRECTION('',(0.,0.,1.));
#1903=DIRECTION('center_axis',(1.,0.,0.));
#1904=DIRECTION('ref_axis',(0.,0.,1.));
#1905=DIRECTION('',(0.,1.,0.));
#1906=DIRECTION('',(0.,0.,1.));
#1907=DIRECTION('',(0.,1.,0.));
#1908=DIRECTION('center_axis',(0.,0.,-1.));
#1909=DIRECTION('ref_axis',(-1.,0.,0.));
#1910=DIRECTION('',(-1.,0.,0.));
#1911=DIRECTION('',(0.,1.,0.));
#1912=DIRECTION('',(-1.,0.,0.));
#1913=DIRECTION('center_axis',(1.,0.,0.));
#1914=DIRECTION('ref_axis',(0.,0.,-1.));
#1915=DIRECTION('',(0.,1.,0.));
#1916=DIRECTION('center_axis',(-1.,0.,0.));
#1917=DIRECTION('ref_axis',(0.,0.,-1.));
#1918=DIRECTION('',(0.,0.,-1.));
#1919=DIRECTION('',(0.,0.,-1.));
#1920=DIRECTION('center_axis',(0.,0.,1.));
#1921=DIRECTION('ref_axis',(1.,0.,0.));
#1922=DIRECTION('',(-1.,0.,0.));
#1923=DIRECTION('center_axis',(0.,1.,0.));
#1924=DIRECTION('ref_axis',(0.,0.,1.));
#1925=DIRECTION('',(1.,0.,0.));
#1926=DIRECTION('center_axis',(0.,1.,0.));
#1927=DIRECTION('ref_axis',(0.,0.,1.));
#1928=DIRECTION('center_axis',(0.,-1.,0.));
#1929=DIRECTION('ref_axis',(0.,0.,-1.));
#1930=DIRECTION('',(0.,0.,1.));
#1931=DIRECTION('',(0.,0.,-1.));
#1932=DIRECTION('',(-1.,0.,0.));
#1933=DIRECTION('center_axis',(-1.,0.,0.));
#1934=DIRECTION('ref_axis',(0.,0.,1.));
#1935=DIRECTION('',(0.,0.,1.));
#1936=DIRECTION('center_axis',(1.,0.,0.));
#1937=DIRECTION('ref_axis',(0.,0.,1.));
#1938=DIRECTION('',(0.,1.,0.));
#1939=DIRECTION('',(0.,1.,0.));
#1940=DIRECTION('center_axis',(0.,0.,-1.));
#1941=DIRECTION('ref_axis',(-1.,0.,0.));
#1942=DIRECTION('',(0.,1.,0.));
#1943=DIRECTION('',(-1.,0.,0.));
#1944=DIRECTION('center_axis',(1.,0.,0.));
#1945=DIRECTION('ref_axis',(0.,0.,-1.));
#1946=DIRECTION('',(0.,1.,0.));
#1947=DIRECTION('center_axis',(-1.,0.,0.));
#1948=DIRECTION('ref_axis',(0.,0.,-1.));
#1949=DIRECTION('',(0.,0.,-1.));
#1950=DIRECTION('center_axis',(0.,0.,1.));
#1951=DIRECTION('ref_axis',(1.,0.,0.));
#1952=DIRECTION('',(-1.,0.,0.));
#1953=DIRECTION('center_axis',(0.,-1.,0.));
#1954=DIRECTION('ref_axis',(0.,0.,-1.));
#1955=DIRECTION('',(1.,0.,0.));
#1956=DIRECTION('center_axis',(0.,-1.,0.));
#1957=DIRECTION('ref_axis',(0.,0.,-1.));
#1958=DIRECTION('',(0.,0.,-1.));
#1959=DIRECTION('',(0.,0.,1.));
#1960=DIRECTION('',(1.,0.,0.));
#1961=DIRECTION('center_axis',(1.,0.,0.));
#1962=DIRECTION('ref_axis',(0.,0.,-1.));
#1963=DIRECTION('',(0.,0.,-1.));
#1964=DIRECTION('center_axis',(-1.,0.,0.));
#1965=DIRECTION('ref_axis',(0.,0.,-1.));
#1966=DIRECTION('',(0.,1.,0.));
#1967=DIRECTION('',(0.,1.,0.));
#1968=DIRECTION('center_axis',(0.,0.,1.));
#1969=DIRECTION('ref_axis',(1.,0.,0.));
#1970=DIRECTION('',(0.,1.,0.));
#1971=DIRECTION('',(1.,0.,0.));
#1972=DIRECTION('center_axis',(-1.,0.,0.));
#1973=DIRECTION('ref_axis',(0.,0.,1.));
#1974=DIRECTION('',(0.,1.,0.));
#1975=DIRECTION('center_axis',(1.,0.,0.));
#1976=DIRECTION('ref_axis',(0.,0.,1.));
#1977=DIRECTION('',(0.,0.,1.));
#1978=DIRECTION('center_axis',(0.,0.,-1.));
#1979=DIRECTION('ref_axis',(-1.,0.,0.));
#1980=DIRECTION('',(1.,0.,0.));
#1981=DIRECTION('center_axis',(0.,-1.,0.));
#1982=DIRECTION('ref_axis',(0.,0.,-1.));
#1983=DIRECTION('',(-1.,0.,0.));
#1984=DIRECTION('center_axis',(-1.,0.,0.));
#1985=DIRECTION('ref_axis',(0.,0.,1.));
#1986=DIRECTION('',(0.,1.,0.));
#1987=DIRECTION('center_axis',(1.,0.,0.));
#1988=DIRECTION('ref_axis',(0.,0.,1.));
#1989=DIRECTION('',(0.,0.,1.));
#1990=DIRECTION('',(0.,1.,0.));
#1991=DIRECTION('',(0.,0.,1.));
#1992=DIRECTION('center_axis',(0.,0.,-1.));
#1993=DIRECTION('ref_axis',(-1.,0.,0.));
#1994=DIRECTION('',(0.,1.,0.));
#1995=DIRECTION('',(1.,0.,0.));
#1996=DIRECTION('center_axis',(1.,0.,0.));
#1997=DIRECTION('ref_axis',(0.,0.,-1.));
#1998=DIRECTION('',(0.,0.,-1.));
#1999=DIRECTION('center_axis',(-1.,0.,0.));
#2000=DIRECTION('ref_axis',(0.,0.,-1.));
#2001=DIRECTION('',(0.,0.,-1.));
#2002=DIRECTION('',(0.,1.,0.));
#2003=DIRECTION('center_axis',(0.,0.,1.));
#2004=DIRECTION('ref_axis',(1.,0.,0.));
#2005=DIRECTION('',(1.,0.,0.));
#2006=DIRECTION('',(1.,0.,0.));
#2007=DIRECTION('center_axis',(0.,1.,0.));
#2008=DIRECTION('ref_axis',(0.,0.,1.));
#2009=DIRECTION('',(-1.,0.,0.));
#2010=DIRECTION('center_axis',(0.,1.,0.));
#2011=DIRECTION('ref_axis',(0.,0.,1.));
#2012=DIRECTION('center_axis',(0.,-1.,0.));
#2013=DIRECTION('ref_axis',(0.,0.,-1.));
#2014=DIRECTION('',(0.,0.,-1.));
#2015=DIRECTION('',(0.,0.,1.));
#2016=DIRECTION('',(1.,0.,0.));
#2017=DIRECTION('center_axis',(1.,0.,0.));
#2018=DIRECTION('ref_axis',(0.,0.,-1.));
#2019=DIRECTION('',(0.,0.,-1.));
#2020=DIRECTION('center_axis',(-1.,0.,0.));
#2021=DIRECTION('ref_axis',(0.,0.,-1.));
#2022=DIRECTION('',(0.,1.,0.));
#2023=DIRECTION('',(0.,1.,0.));
#2024=DIRECTION('center_axis',(0.,0.,1.));
#2025=DIRECTION('ref_axis',(1.,0.,0.));
#2026=DIRECTION('',(0.,1.,0.));
#2027=DIRECTION('',(1.,0.,0.));
#2028=DIRECTION('center_axis',(-1.,0.,0.));
#2029=DIRECTION('ref_axis',(0.,0.,1.));
#2030=DIRECTION('',(0.,1.,0.));
#2031=DIRECTION('center_axis',(1.,0.,0.));
#2032=DIRECTION('ref_axis',(0.,0.,1.));
#2033=DIRECTION('',(0.,0.,1.));
#2034=DIRECTION('center_axis',(0.,0.,-1.));
#2035=DIRECTION('ref_axis',(-1.,0.,0.));
#2036=DIRECTION('',(1.,0.,0.));
#2037=DIRECTION('center_axis',(0.,-1.,0.));
#2038=DIRECTION('ref_axis',(0.,0.,-1.));
#2039=DIRECTION('',(-1.,0.,0.));
#2040=DIRECTION('center_axis',(1.,0.,0.));
#2041=DIRECTION('ref_axis',(0.,0.,-1.));
#2042=DIRECTION('center_axis',(1.,0.,0.));
#2043=DIRECTION('ref_axis',(0.,0.,-1.));
#2044=DIRECTION('center_axis',(-1.,0.,0.));
#2045=DIRECTION('ref_axis',(0.,0.,1.));
#2046=DIRECTION('center_axis',(-1.,0.,0.));
#2047=DIRECTION('ref_axis',(0.,0.,1.));
#2048=DIRECTION('center_axis',(1.,0.,0.));
#2049=DIRECTION('ref_axis',(0.,0.,-1.));
#2050=DIRECTION('center_axis',(1.,0.,0.));
#2051=DIRECTION('ref_axis',(0.,0.,-1.));
#2052=DIRECTION('center_axis',(0.,0.,-1.));
#2053=DIRECTION('ref_axis',(-1.,0.,0.));
#2054=DIRECTION('',(0.,-1.,0.));
#2055=DIRECTION('',(0.,-1.,0.));
#2056=DIRECTION('center_axis',(-1.,0.,0.));
#2057=DIRECTION('ref_axis',(0.,0.,1.));
#2058=DIRECTION('',(0.,-1.,0.));
#2059=DIRECTION('center_axis',(0.,0.,-1.));
#2060=DIRECTION('ref_axis',(-1.,0.,0.));
#2061=DIRECTION('',(0.,-1.,0.));
#2062=DIRECTION('center_axis',(-1.,0.,0.));
#2063=DIRECTION('ref_axis',(0.,0.,1.));
#2064=DIRECTION('center_axis',(0.,1.,0.));
#2065=DIRECTION('ref_axis',(0.,0.,1.));
#2066=DIRECTION('center_axis',(0.,1.,0.));
#2067=DIRECTION('ref_axis',(0.,0.,1.));
#2068=CARTESIAN_POINT('',(0.,0.,0.));
#2069=CARTESIAN_POINT('Origin',(0.,11.5,0.));
#2070=CARTESIAN_POINT('',(-3.49024337756996E-16,11.65,-2.85));
#2071=CARTESIAN_POINT('Origin',(0.,11.65,0.));
#2072=CARTESIAN_POINT('',(-3.67394039744206E-16,11.5,-3.));
#2073=CARTESIAN_POINT('Origin',(-3.49024337756996E-16,11.5,-2.85));
#2074=CARTESIAN_POINT('',(3.67394039744206E-16,11.5,3.));
#2075=CARTESIAN_POINT('Origin',(0.,11.5,0.));
#2076=CARTESIAN_POINT('Origin',(0.,11.5,0.));
#2077=CARTESIAN_POINT('Origin',(0.,11.65,0.));
#2078=CARTESIAN_POINT('',(-3.67394039744206E-16,6.65,3.));
#2079=CARTESIAN_POINT('Origin',(0.,6.65,0.));
#2080=CARTESIAN_POINT('',(-3.67394039744206E-16,11.65,3.));
#2081=CARTESIAN_POINT('Origin',(-1.25,6.3,-1.));
#2082=CARTESIAN_POINT('',(-1.25,6.65,1.));
#2083=CARTESIAN_POINT('',(-1.25,6.3,1.));
#2084=CARTESIAN_POINT('',(-1.25,6.3,1.));
#2085=CARTESIAN_POINT('',(-1.25,6.65,-1.));
#2086=CARTESIAN_POINT('',(-1.25,6.65,-1.));
#2087=CARTESIAN_POINT('',(-1.25,6.3,-1.));
#2088=CARTESIAN_POINT('',(-1.25,6.3,-1.));
#2089=CARTESIAN_POINT('',(-1.25,6.3,-1.));
#2090=CARTESIAN_POINT('Origin',(1.25,6.3,-1.));
#2091=CARTESIAN_POINT('',(1.25,6.3,-1.));
#2092=CARTESIAN_POINT('',(1.25,6.65,-1.));
#2093=CARTESIAN_POINT('',(1.25,6.3,-1.));
#2094=CARTESIAN_POINT('',(1.25,6.65,1.));
#2095=CARTESIAN_POINT('',(1.25,6.65,-1.));
#2096=CARTESIAN_POINT('',(1.25,6.3,1.));
#2097=CARTESIAN_POINT('',(1.25,6.3,1.));
#2098=CARTESIAN_POINT('',(1.25,6.3,-1.));
#2099=CARTESIAN_POINT('Origin',(0.,0.,-1.));
#2100=CARTESIAN_POINT('',(0.,6.65,-1.));
#2101=CARTESIAN_POINT('',(-1.25,6.3,-1.));
#2102=CARTESIAN_POINT('Origin',(0.,0.,1.));
#2103=CARTESIAN_POINT('',(0.,6.65,1.));
#2104=CARTESIAN_POINT('',(-1.25,6.3,1.));
#2105=CARTESIAN_POINT('Origin',(0.,6.3,0.));
#2106=CARTESIAN_POINT('',(-1.8,6.3,1.5));
#2107=CARTESIAN_POINT('',(1.8,6.3,1.5));
#2108=CARTESIAN_POINT('',(0.,6.3,1.5));
#2109=CARTESIAN_POINT('',(1.8,6.3,-1.5));
#2110=CARTESIAN_POINT('',(1.8,6.3,0.));
#2111=CARTESIAN_POINT('',(-1.8,6.3,-1.5));
#2112=CARTESIAN_POINT('',(0.,6.3,-1.5));
#2113=CARTESIAN_POINT('',(-1.8,6.3,0.));
#2114=CARTESIAN_POINT('Origin',(0.,-1.1,0.));
#2115=CARTESIAN_POINT('',(-2.75,-1.1,-2.75));
#2116=CARTESIAN_POINT('',(-2.39999999999651,-1.1,-2.75));
#2117=CARTESIAN_POINT('',(2.9,-1.1,-2.75));
#2118=CARTESIAN_POINT('',(-2.39999999999651,-1.1,-1.39999999999999));
#2119=CARTESIAN_POINT('',(-2.39999999999651,-1.1,-1.39999999999999));
#2120=CARTESIAN_POINT('',(-1.59999999999651,-1.1,-1.39999999999999));
#2121=CARTESIAN_POINT('',(-2.39999999999651,-1.1,-1.39999999999999));
#2122=CARTESIAN_POINT('',(-1.59999999999651,-1.1,-2.75));
#2123=CARTESIAN_POINT('',(-1.59999999999651,-1.1,-1.39999999999999));
#2124=CARTESIAN_POINT('',(-0.399999999996509,-1.1,-2.75));
#2125=CARTESIAN_POINT('',(2.9,-1.1,-2.75));
#2126=CARTESIAN_POINT('',(-0.399999999996509,-1.1,-1.4));
#2127=CARTESIAN_POINT('',(-0.399999999996509,-1.1,-1.4));
#2128=CARTESIAN_POINT('',(0.400000000003491,-1.1,-1.4));
#2129=CARTESIAN_POINT('',(-0.399999999996509,-1.1,-1.4));
#2130=CARTESIAN_POINT('',(0.400000000003491,-1.1,-2.75));
#2131=CARTESIAN_POINT('',(0.400000000003491,-1.1,-1.4));
#2132=CARTESIAN_POINT('',(1.59999999999651,-1.1,-2.75));
#2133=CARTESIAN_POINT('',(2.9,-1.1,-2.75));
#2134=CARTESIAN_POINT('',(1.59999999999651,-1.1,-1.39999999999999));
#2135=CARTESIAN_POINT('',(1.59999999999651,-1.1,-1.39999999999999));
#2136=CARTESIAN_POINT('',(2.39999999999651,-1.1,-1.39999999999999));
#2137=CARTESIAN_POINT('',(2.39999999999651,-1.1,-1.39999999999999));
#2138=CARTESIAN_POINT('',(2.39999999999651,-1.1,-2.75));
#2139=CARTESIAN_POINT('',(2.39999999999651,-1.1,-1.39999999999999));
#2140=CARTESIAN_POINT('',(2.75,-1.1,-2.75));
#2141=CARTESIAN_POINT('',(2.9,-1.1,-2.75));
#2142=CARTESIAN_POINT('',(2.75,-1.1,2.75));
#2143=CARTESIAN_POINT('',(2.75,-1.1,0.));
#2144=CARTESIAN_POINT('',(2.39999999999651,-1.1,2.75));
#2145=CARTESIAN_POINT('',(0.,-1.1,2.75));
#2146=CARTESIAN_POINT('',(2.39999999999651,-1.1,1.39999999999999));
#2147=CARTESIAN_POINT('',(2.39999999999651,-1.1,1.39999999999999));
#2148=CARTESIAN_POINT('',(1.59999999999651,-1.1,1.39999999999999));
#2149=CARTESIAN_POINT('',(2.39999999999651,-1.1,1.39999999999999));
#2150=CARTESIAN_POINT('',(1.59999999999651,-1.1,2.75));
#2151=CARTESIAN_POINT('',(1.59999999999651,-1.1,1.39999999999999));
#2152=CARTESIAN_POINT('',(0.400000000003491,-1.1,2.75));
#2153=CARTESIAN_POINT('',(0.,-1.1,2.75));
#2154=CARTESIAN_POINT('',(0.400000000003491,-1.1,1.4));
#2155=CARTESIAN_POINT('',(0.400000000003491,-1.1,1.4));
#2156=CARTESIAN_POINT('',(-0.399999999996509,-1.1,1.4));
#2157=CARTESIAN_POINT('',(-0.399999999996509,-1.1,1.4));
#2158=CARTESIAN_POINT('',(-0.399999999996509,-1.1,2.75));
#2159=CARTESIAN_POINT('',(-0.399999999996509,-1.1,1.4));
#2160=CARTESIAN_POINT('',(-1.59999999999651,-1.1,2.75));
#2161=CARTESIAN_POINT('',(0.,-1.1,2.75));
#2162=CARTESIAN_POINT('',(-1.59999999999651,-1.1,1.39999999999999));
#2163=CARTESIAN_POINT('',(-1.59999999999651,-1.1,1.39999999999999));
#2164=CARTESIAN_POINT('',(-2.39999999999651,-1.1,1.39999999999999));
#2165=CARTESIAN_POINT('',(-2.39999999999651,-1.1,1.39999999999999));
#2166=CARTESIAN_POINT('',(-2.39999999999651,-1.1,2.75));
#2167=CARTESIAN_POINT('',(-2.39999999999651,-1.1,1.39999999999999));
#2168=CARTESIAN_POINT('',(-2.75,-1.1,2.75));
#2169=CARTESIAN_POINT('',(0.,-1.1,2.75));
#2170=CARTESIAN_POINT('',(-2.75,-1.1,-2.9));
#2171=CARTESIAN_POINT('Origin',(-2.9,-1.1,2.9));
#2172=CARTESIAN_POINT('',(-2.9,3.85,-2.75));
#2173=CARTESIAN_POINT('',(-2.9,-0.95,-2.75));
#2174=CARTESIAN_POINT('',(-2.9,-1.1,-2.75));
#2175=CARTESIAN_POINT('',(-2.9,-0.95,2.75));
#2176=CARTESIAN_POINT('',(-2.9,-0.95,2.9));
#2177=CARTESIAN_POINT('',(-2.9,3.85,2.75));
#2178=CARTESIAN_POINT('',(-2.9,4.,2.75));
#2179=CARTESIAN_POINT('',(-2.9,3.85,2.9));
#2180=CARTESIAN_POINT('Origin',(-2.9,-1.1,-2.9));
#2181=CARTESIAN_POINT('',(2.75,3.85,-2.9));
#2182=CARTESIAN_POINT('',(2.75,-0.95,-2.9));
#2183=CARTESIAN_POINT('',(2.75,-1.1,-2.9));
#2184=CARTESIAN_POINT('',(-2.75,-0.95,-2.9));
#2185=CARTESIAN_POINT('',(-2.9,-0.95,-2.9));
#2186=CARTESIAN_POINT('',(-2.75,3.85,-2.9));
#2187=CARTESIAN_POINT('',(-2.75,-1.1,-2.9));
#2188=CARTESIAN_POINT('',(-2.9,3.85,-2.9));
#2189=CARTESIAN_POINT('Origin',(2.9,-1.1,2.9));
#2190=CARTESIAN_POINT('',(2.9,-0.95,2.75));
#2191=CARTESIAN_POINT('',(2.9,-0.95,-2.75));
#2192=CARTESIAN_POINT('',(2.9,-0.95,2.9));
#2193=CARTESIAN_POINT('',(2.9,3.85,-2.75));
#2194=CARTESIAN_POINT('',(2.9,4.,-2.75));
#2195=CARTESIAN_POINT('',(2.9,3.85,2.75));
#2196=CARTESIAN_POINT('',(2.9,3.85,2.9));
#2197=CARTESIAN_POINT('',(2.9,-1.1,2.75));
#2198=CARTESIAN_POINT('Origin',(-2.9,-1.1,2.9));
#2199=CARTESIAN_POINT('',(-2.75,3.85,2.9));
#2200=CARTESIAN_POINT('',(-2.75,-0.95,2.9));
#2201=CARTESIAN_POINT('',(-2.75,-1.1,2.9));
#2202=CARTESIAN_POINT('',(2.75,-0.95,2.9));
#2203=CARTESIAN_POINT('',(-2.9,-0.95,2.9));
#2204=CARTESIAN_POINT('',(2.75,3.85,2.9));
#2205=CARTESIAN_POINT('',(2.75,-1.1,2.9));
#2206=CARTESIAN_POINT('',(-2.9,3.85,2.9));
#2207=CARTESIAN_POINT('Origin',(0.,4.,0.));
#2208=CARTESIAN_POINT('',(-2.75,4.,2.75));
#2209=CARTESIAN_POINT('',(2.75,4.,2.75));
#2210=CARTESIAN_POINT('',(2.9,4.,2.75));
#2211=CARTESIAN_POINT('',(2.75,4.,-2.75));
#2212=CARTESIAN_POINT('',(2.75,4.,-2.9));
#2213=CARTESIAN_POINT('',(-2.75,4.,-2.75));
#2214=CARTESIAN_POINT('',(0.,4.,-2.75));
#2215=CARTESIAN_POINT('',(-2.75,4.,0.));
#2216=CARTESIAN_POINT('',(-2.05,4.,1.75));
#2217=CARTESIAN_POINT('',(-2.05,4.,-1.75));
#2218=CARTESIAN_POINT('',(-2.05,4.,-1.5));
#2219=CARTESIAN_POINT('',(2.05,4.,-1.75));
#2220=CARTESIAN_POINT('',(1.8,4.,-1.75));
#2221=CARTESIAN_POINT('',(2.05,4.,1.75));
#2222=CARTESIAN_POINT('',(2.05,4.,1.5));
#2223=CARTESIAN_POINT('',(-1.8,4.,1.75));
#2224=CARTESIAN_POINT('Origin',(-1.8,3.75,1.5));
#2225=CARTESIAN_POINT('',(-1.8,3.75,1.5));
#2226=CARTESIAN_POINT('',(-1.8,3.75,1.5));
#2227=CARTESIAN_POINT('',(1.8,3.75,1.5));
#2228=CARTESIAN_POINT('',(0.599999999999996,2.55,0.299999999999997));
#2229=CARTESIAN_POINT('',(1.8,3.75,1.5));
#2230=CARTESIAN_POINT('Origin',(1.8,3.75,1.5));
#2231=CARTESIAN_POINT('',(1.8,3.75,-1.5));
#2232=CARTESIAN_POINT('',(0.599999999999996,2.55,-0.299999999999997));
#2233=CARTESIAN_POINT('',(1.8,3.75,-1.5));
#2234=CARTESIAN_POINT('Origin',(-1.8,3.75,1.5));
#2235=CARTESIAN_POINT('',(-1.8,3.75,-1.5));
#2236=CARTESIAN_POINT('',(-1.8,3.75,1.5));
#2237=CARTESIAN_POINT('',(-1.8,3.75,-1.5));
#2238=CARTESIAN_POINT('Origin',(-1.8,3.75,-1.5));
#2239=CARTESIAN_POINT('',(-1.8,3.75,-1.5));
#2240=CARTESIAN_POINT('Origin',(-2.75,3.85,0.));
#2241=CARTESIAN_POINT('Origin',(-2.75,3.85,2.75));
#2242=CARTESIAN_POINT('Origin',(-2.75,3.85,-2.75));
#2243=CARTESIAN_POINT('Origin',(-2.75,3.85,2.75));
#2244=CARTESIAN_POINT('Origin',(-2.75,3.85,2.75));
#2245=CARTESIAN_POINT('Origin',(-2.75,3.85,2.75));
#2246=CARTESIAN_POINT('Origin',(-2.75,3.85,-2.75));
#2247=CARTESIAN_POINT('Origin',(-2.75,3.85,-2.75));
#2248=CARTESIAN_POINT('Origin',(-2.75,3.85,-2.75));
#2249=CARTESIAN_POINT('Origin',(-2.75,-1.1,2.75));
#2250=CARTESIAN_POINT('Origin',(-2.75,-0.95,2.75));
#2251=CARTESIAN_POINT('Origin',(0.,3.85,2.75));
#2252=CARTESIAN_POINT('Origin',(2.75,3.85,2.75));
#2253=CARTESIAN_POINT('Origin',(2.75,3.85,0.));
#2254=CARTESIAN_POINT('Origin',(2.75,3.85,-2.75));
#2255=CARTESIAN_POINT('Origin',(2.75,3.85,2.75));
#2256=CARTESIAN_POINT('Origin',(0.,3.85,-2.75));
#2257=CARTESIAN_POINT('Origin',(2.75,3.85,-2.75));
#2258=CARTESIAN_POINT('Origin',(-2.75,-1.1,-2.75));
#2259=CARTESIAN_POINT('Origin',(-2.75,-0.95,-2.75));
#2260=CARTESIAN_POINT('Origin',(-2.75,-0.95,0.));
#2261=CARTESIAN_POINT('Origin',(-2.75,-0.95,2.75));
#2262=CARTESIAN_POINT('Origin',(-2.75,-0.95,-2.75));
#2263=CARTESIAN_POINT('Origin',(-2.75,-0.95,2.75));
#2264=CARTESIAN_POINT('Origin',(-2.75,-0.95,2.75));
#2265=CARTESIAN_POINT('Origin',(2.75,3.85,2.75));
#2266=CARTESIAN_POINT('Origin',(2.75,3.85,2.75));
#2267=CARTESIAN_POINT('Origin',(2.75,3.85,-2.75));
#2268=CARTESIAN_POINT('Origin',(2.75,3.85,-2.75));
#2269=CARTESIAN_POINT('Origin',(-2.75,-0.95,-2.75));
#2270=CARTESIAN_POINT('Origin',(-2.75,-0.95,-2.75));
#2271=CARTESIAN_POINT('Origin',(-2.9,-0.95,2.75));
#2272=CARTESIAN_POINT('',(0.,-1.1,2.75));
#2273=CARTESIAN_POINT('',(0.,-1.1,2.75));
#2274=CARTESIAN_POINT('',(0.,-1.1,2.75));
#2275=CARTESIAN_POINT('Origin',(2.75,-0.95,2.75));
#2276=CARTESIAN_POINT('Origin',(2.75,-1.1,2.75));
#2277=CARTESIAN_POINT('Origin',(2.75,-0.95,2.75));
#2278=CARTESIAN_POINT('Origin',(2.75,-1.1,-2.75));
#2279=CARTESIAN_POINT('Origin',(2.75,-0.95,-2.75));
#2280=CARTESIAN_POINT('Origin',(0.,-0.95,-2.75));
#2281=CARTESIAN_POINT('Origin',(2.75,-0.95,-2.75));
#2282=CARTESIAN_POINT('',(2.9,-1.1,-2.75));
#2283=CARTESIAN_POINT('',(2.9,-1.1,-2.75));
#2284=CARTESIAN_POINT('',(2.9,-1.1,-2.75));
#2285=CARTESIAN_POINT('Origin',(2.75,-0.95,2.75));
#2286=CARTESIAN_POINT('Origin',(2.75,-0.95,2.75));
#2287=CARTESIAN_POINT('Origin',(2.75,-0.95,-2.75));
#2288=CARTESIAN_POINT('Origin',(2.75,-0.95,-2.75));
#2289=CARTESIAN_POINT('Origin',(2.75,-0.95,2.9));
#2290=CARTESIAN_POINT('Origin',(0.400000000003491,-1.45,1.4));
#2291=CARTESIAN_POINT('',(0.400000000003491,-1.45,1.55));
#2292=CARTESIAN_POINT('',(0.400000000003491,-1.45,4.4));
#2293=CARTESIAN_POINT('',(0.400000000003491,-1.45,1.4));
#2294=CARTESIAN_POINT('',(0.400000000003491,-1.3,1.4));
#2295=CARTESIAN_POINT('Origin',(0.400000000003491,-1.3,1.55));
#2296=CARTESIAN_POINT('',(0.400000000003491,-1.45,1.4));
#2297=CARTESIAN_POINT('',(0.400000000003491,-1.1,4.4));
#2298=CARTESIAN_POINT('',(0.400000000003491,-1.1,1.4));
#2299=CARTESIAN_POINT('',(0.400000000003491,-1.45,4.4));
#2300=CARTESIAN_POINT('Origin',(-0.399999999996509,-1.45,4.4));
#2301=CARTESIAN_POINT('',(-0.399999999996509,-1.1,4.4));
#2302=CARTESIAN_POINT('',(-0.399999999996509,-1.1,4.4));
#2303=CARTESIAN_POINT('',(-0.399999999996509,-1.45,4.4));
#2304=CARTESIAN_POINT('',(-0.399999999996509,-1.45,4.4));
#2305=CARTESIAN_POINT('',(-0.399999999996509,-1.45,4.4));
#2306=CARTESIAN_POINT('Origin',(-0.399999999996509,-1.45,1.4));
#2307=CARTESIAN_POINT('',(-0.399999999996509,-1.3,1.4));
#2308=CARTESIAN_POINT('',(-0.399999999996509,-1.45,1.4));
#2309=CARTESIAN_POINT('',(-0.399999999996509,-1.45,1.55));
#2310=CARTESIAN_POINT('Origin',(-0.399999999996509,-1.3,1.55));
#2311=CARTESIAN_POINT('',(-0.399999999996509,-1.45,1.4));
#2312=CARTESIAN_POINT('',(-0.399999999996509,-1.1,1.4));
#2313=CARTESIAN_POINT('Origin',(-0.399999999996509,-1.45,1.4));
#2314=CARTESIAN_POINT('',(-0.399999999996509,-1.3,1.4));
#2315=CARTESIAN_POINT('Origin',(0.,-1.45,0.));
#2316=CARTESIAN_POINT('',(0.,-1.45,1.55));
#2317=CARTESIAN_POINT('Origin',(0.,-1.1,0.));
#2318=CARTESIAN_POINT('Origin',(-1.59999999999651,-1.45,1.39999999999999));
#2319=CARTESIAN_POINT('',(-1.59999999999651,-1.45,1.54999999999999));
#2320=CARTESIAN_POINT('',(-1.59999999999651,-1.45,4.39999999999999));
#2321=CARTESIAN_POINT('',(-1.59999999999651,-1.45,1.39999999999999));
#2322=CARTESIAN_POINT('',(-1.59999999999651,-1.3,1.39999999999999));
#2323=CARTESIAN_POINT('Origin',(-1.59999999999651,-1.3,1.54999999999999));
#2324=CARTESIAN_POINT('',(-1.59999999999651,-1.45,1.39999999999999));
#2325=CARTESIAN_POINT('',(-1.59999999999651,-1.1,4.39999999999999));
#2326=CARTESIAN_POINT('',(-1.59999999999651,-1.1,1.39999999999999));
#2327=CARTESIAN_POINT('',(-1.59999999999651,-1.45,4.39999999999999));
#2328=CARTESIAN_POINT('Origin',(-2.39999999999651,-1.45,4.39999999999999));
#2329=CARTESIAN_POINT('',(-2.39999999999651,-1.1,4.39999999999999));
#2330=CARTESIAN_POINT('',(-2.39999999999651,-1.1,4.39999999999999));
#2331=CARTESIAN_POINT('',(-2.39999999999651,-1.45,4.39999999999999));
#2332=CARTESIAN_POINT('',(-2.39999999999651,-1.45,4.39999999999999));
#2333=CARTESIAN_POINT('',(-2.39999999999651,-1.45,4.39999999999999));
#2334=CARTESIAN_POINT('Origin',(-2.39999999999651,-1.45,1.39999999999999));
#2335=CARTESIAN_POINT('',(-2.39999999999651,-1.3,1.39999999999999));
#2336=CARTESIAN_POINT('',(-2.39999999999651,-1.45,1.39999999999999));
#2337=CARTESIAN_POINT('',(-2.39999999999651,-1.45,1.54999999999999));
#2338=CARTESIAN_POINT('Origin',(-2.39999999999651,-1.3,1.54999999999999));
#2339=CARTESIAN_POINT('',(-2.39999999999651,-1.45,1.39999999999999));
#2340=CARTESIAN_POINT('',(-2.39999999999651,-1.1,1.39999999999999));
#2341=CARTESIAN_POINT('Origin',(-2.39999999999651,-1.45,1.39999999999999));
#2342=CARTESIAN_POINT('',(-2.39999999999651,-1.3,1.39999999999999));
#2343=CARTESIAN_POINT('Origin',(0.,-1.45,0.));
#2344=CARTESIAN_POINT('',(0.,-1.45,1.54999999999999));
#2345=CARTESIAN_POINT('Origin',(0.,-1.1,0.));
#2346=CARTESIAN_POINT('Origin',(0.,-1.1,0.));
#2347=CARTESIAN_POINT('',(2.39999999999651,-1.1,4.39999999999999));
#2348=CARTESIAN_POINT('',(2.39999999999651,-1.1,1.39999999999999));
#2349=CARTESIAN_POINT('',(1.59999999999651,-1.1,4.39999999999999));
#2350=CARTESIAN_POINT('',(1.59999999999651,-1.1,1.39999999999999));
#2351=CARTESIAN_POINT('',(2.39999999999651,-1.1,4.39999999999999));
#2352=CARTESIAN_POINT('Origin',(2.39999999999651,-1.45,1.39999999999999));
#2353=CARTESIAN_POINT('',(2.39999999999651,-1.45,1.54999999999999));
#2354=CARTESIAN_POINT('',(2.39999999999651,-1.45,4.39999999999999));
#2355=CARTESIAN_POINT('',(2.39999999999651,-1.45,1.39999999999999));
#2356=CARTESIAN_POINT('',(2.39999999999651,-1.3,1.39999999999999));
#2357=CARTESIAN_POINT('Origin',(2.39999999999651,-1.3,1.54999999999999));
#2358=CARTESIAN_POINT('',(2.39999999999651,-1.45,1.39999999999999));
#2359=CARTESIAN_POINT('',(2.39999999999651,-1.45,4.39999999999999));
#2360=CARTESIAN_POINT('Origin',(2.39999999999651,-1.45,4.39999999999999));
#2361=CARTESIAN_POINT('',(1.59999999999651,-1.45,4.39999999999999));
#2362=CARTESIAN_POINT('',(1.59999999999651,-1.45,4.39999999999999));
#2363=CARTESIAN_POINT('',(2.39999999999651,-1.45,4.39999999999999));
#2364=CARTESIAN_POINT('Origin',(1.59999999999651,-1.45,1.39999999999999));
#2365=CARTESIAN_POINT('',(1.59999999999651,-1.3,1.39999999999999));
#2366=CARTESIAN_POINT('',(1.59999999999651,-1.45,1.39999999999999));
#2367=CARTESIAN_POINT('',(1.59999999999651,-1.45,1.54999999999999));
#2368=CARTESIAN_POINT('Origin',(1.59999999999651,-1.3,1.54999999999999));
#2369=CARTESIAN_POINT('',(1.59999999999651,-1.45,1.39999999999999));
#2370=CARTESIAN_POINT('Origin',(2.39999999999651,-1.45,1.39999999999999));
#2371=CARTESIAN_POINT('',(1.59999999999651,-1.3,1.39999999999999));
#2372=CARTESIAN_POINT('Origin',(0.,-1.45,0.));
#2373=CARTESIAN_POINT('',(2.39999999999651,-1.45,1.54999999999999));
#2374=CARTESIAN_POINT('Origin',(0.,-1.1,0.));
#2375=CARTESIAN_POINT('',(-0.399999999996509,-1.1,-4.4));
#2376=CARTESIAN_POINT('',(-0.399999999996509,-1.1,-1.4));
#2377=CARTESIAN_POINT('',(0.400000000003491,-1.1,-4.4));
#2378=CARTESIAN_POINT('',(0.400000000003491,-1.1,-1.4));
#2379=CARTESIAN_POINT('',(-0.399999999996509,-1.1,-4.4));
#2380=CARTESIAN_POINT('Origin',(-0.399999999996509,-1.45,-1.4));
#2381=CARTESIAN_POINT('',(-0.399999999996509,-1.45,-1.55));
#2382=CARTESIAN_POINT('',(-0.399999999996509,-1.45,-4.4));
#2383=CARTESIAN_POINT('',(-0.399999999996509,-1.45,-1.4));
#2384=CARTESIAN_POINT('',(-0.399999999996509,-1.3,-1.4));
#2385=CARTESIAN_POINT('Origin',(-0.399999999996509,-1.3,-1.55));
#2386=CARTESIAN_POINT('',(-0.399999999996509,-1.45,-1.4));
#2387=CARTESIAN_POINT('',(-0.399999999996509,-1.45,-4.4));
#2388=CARTESIAN_POINT('Origin',(-0.399999999996509,-1.45,-4.4));
#2389=CARTESIAN_POINT('',(0.400000000003491,-1.45,-4.4));
#2390=CARTESIAN_POINT('',(0.400000000003491,-1.45,-4.4));
#2391=CARTESIAN_POINT('',(-0.399999999996509,-1.45,-4.4));
#2392=CARTESIAN_POINT('Origin',(0.400000000003491,-1.45,-1.4));
#2393=CARTESIAN_POINT('',(0.400000000003491,-1.3,-1.4));
#2394=CARTESIAN_POINT('',(0.400000000003491,-1.45,-1.4));
#2395=CARTESIAN_POINT('',(0.400000000003491,-1.45,-1.55));
#2396=CARTESIAN_POINT('Origin',(0.400000000003491,-1.3,-1.55));
#2397=CARTESIAN_POINT('',(0.400000000003491,-1.45,-1.4));
#2398=CARTESIAN_POINT('Origin',(-0.399999999996509,-1.45,-1.4));
#2399=CARTESIAN_POINT('',(0.400000000003491,-1.3,-1.4));
#2400=CARTESIAN_POINT('Origin',(0.,-1.45,0.));
#2401=CARTESIAN_POINT('',(-0.399999999996509,-1.45,-1.55));
#2402=CARTESIAN_POINT('Origin',(2.39999999999651,-1.45,-1.39999999999999));
#2403=CARTESIAN_POINT('',(2.39999999999651,-1.3,-1.39999999999999));
#2404=CARTESIAN_POINT('',(2.39999999999651,-1.45,-1.39999999999999));
#2405=CARTESIAN_POINT('',(2.39999999999651,-1.45,-1.54999999999999));
#2406=CARTESIAN_POINT('Origin',(2.39999999999651,-1.3,-1.54999999999999));
#2407=CARTESIAN_POINT('',(2.39999999999651,-1.45,-4.39999999999999));
#2408=CARTESIAN_POINT('',(2.39999999999651,-1.45,-1.39999999999999));
#2409=CARTESIAN_POINT('',(2.39999999999651,-1.1,-4.39999999999999));
#2410=CARTESIAN_POINT('',(2.39999999999651,-1.45,-4.39999999999999));
#2411=CARTESIAN_POINT('',(2.39999999999651,-1.1,-1.39999999999999));
#2412=CARTESIAN_POINT('Origin',(2.39999999999651,-1.45,-1.39999999999999));
#2413=CARTESIAN_POINT('',(1.59999999999651,-1.3,-1.39999999999999));
#2414=CARTESIAN_POINT('',(1.59999999999651,-1.45,-1.39999999999999));
#2415=CARTESIAN_POINT('',(2.39999999999651,-1.3,-1.39999999999999));
#2416=CARTESIAN_POINT('Origin',(1.59999999999651,-1.45,-1.39999999999999));
#2417=CARTESIAN_POINT('',(1.59999999999651,-1.45,-1.54999999999999));
#2418=CARTESIAN_POINT('',(1.59999999999651,-1.45,-4.39999999999999));
#2419=CARTESIAN_POINT('',(1.59999999999651,-1.45,-1.39999999999999));
#2420=CARTESIAN_POINT('Origin',(1.59999999999651,-1.3,-1.54999999999999));
#2421=CARTESIAN_POINT('',(1.59999999999651,-1.1,-4.39999999999999));
#2422=CARTESIAN_POINT('',(1.59999999999651,-1.1,-1.39999999999999));
#2423=CARTESIAN_POINT('',(1.59999999999651,-1.45,-4.39999999999999));
#2424=CARTESIAN_POINT('Origin',(2.39999999999651,-1.45,-4.39999999999999));
#2425=CARTESIAN_POINT('',(2.39999999999651,-1.1,-4.39999999999999));
#2426=CARTESIAN_POINT('',(2.39999999999651,-1.45,-4.39999999999999));
#2427=CARTESIAN_POINT('Origin',(0.,-1.45,0.));
#2428=CARTESIAN_POINT('',(0.,-1.45,-1.54999999999999));
#2429=CARTESIAN_POINT('Origin',(0.,-1.1,0.));
#2430=CARTESIAN_POINT('Origin',(0.,-1.1,0.));
#2431=CARTESIAN_POINT('',(-2.39999999999651,-1.1,-4.39999999999999));
#2432=CARTESIAN_POINT('',(-2.39999999999651,-1.1,-1.39999999999999));
#2433=CARTESIAN_POINT('',(-1.59999999999651,-1.1,-4.39999999999999));
#2434=CARTESIAN_POINT('',(-1.59999999999651,-1.1,-1.39999999999999));
#2435=CARTESIAN_POINT('',(-2.39999999999651,-1.1,-4.39999999999999));
#2436=CARTESIAN_POINT('Origin',(-2.39999999999651,-1.45,-1.39999999999999));
#2437=CARTESIAN_POINT('',(-2.39999999999651,-1.45,-1.54999999999999));
#2438=CARTESIAN_POINT('',(-2.39999999999651,-1.45,-4.39999999999999));
#2439=CARTESIAN_POINT('',(-2.39999999999651,-1.45,-1.39999999999999));
#2440=CARTESIAN_POINT('',(-2.39999999999651,-1.3,-1.39999999999999));
#2441=CARTESIAN_POINT('Origin',(-2.39999999999651,-1.3,-1.54999999999999));
#2442=CARTESIAN_POINT('',(-2.39999999999651,-1.45,-1.39999999999999));
#2443=CARTESIAN_POINT('',(-2.39999999999651,-1.45,-4.39999999999999));
#2444=CARTESIAN_POINT('Origin',(-2.39999999999651,-1.45,-4.39999999999999));
#2445=CARTESIAN_POINT('',(-1.59999999999651,-1.45,-4.39999999999999));
#2446=CARTESIAN_POINT('',(-1.59999999999651,-1.45,-4.39999999999999));
#2447=CARTESIAN_POINT('',(-2.39999999999651,-1.45,-4.39999999999999));
#2448=CARTESIAN_POINT('Origin',(-1.59999999999651,-1.45,-1.39999999999999));
#2449=CARTESIAN_POINT('',(-1.59999999999651,-1.3,-1.39999999999999));
#2450=CARTESIAN_POINT('',(-1.59999999999651,-1.45,-1.39999999999999));
#2451=CARTESIAN_POINT('',(-1.59999999999651,-1.45,-1.54999999999999));
#2452=CARTESIAN_POINT('Origin',(-1.59999999999651,-1.3,-1.54999999999999));
#2453=CARTESIAN_POINT('',(-1.59999999999651,-1.45,-1.39999999999999));
#2454=CARTESIAN_POINT('Origin',(-2.39999999999651,-1.45,-1.39999999999999));
#2455=CARTESIAN_POINT('',(-1.59999999999651,-1.3,-1.39999999999999));
#2456=CARTESIAN_POINT('Origin',(0.,-1.45,0.));
#2457=CARTESIAN_POINT('',(-2.39999999999651,-1.45,-1.54999999999999));
#2458=CARTESIAN_POINT('Origin',(0.,-1.3,1.54999999999999));
#2459=CARTESIAN_POINT('Origin',(0.,-1.3,1.55));
#2460=CARTESIAN_POINT('Origin',(0.,-1.3,1.54999999999999));
#2461=CARTESIAN_POINT('Origin',(0.,-1.3,-1.54999999999999));
#2462=CARTESIAN_POINT('Origin',(0.,-1.3,-1.55));
#2463=CARTESIAN_POINT('Origin',(0.,-1.3,-1.54999999999999));
#2464=CARTESIAN_POINT('Origin',(0.,6.3,1.5));
#2465=CARTESIAN_POINT('',(1.8,6.3,1.5));
#2466=CARTESIAN_POINT('',(-1.8,6.3,1.5));
#2467=CARTESIAN_POINT('Origin',(1.8,6.3,0.));
#2468=CARTESIAN_POINT('',(1.8,6.3,-1.5));
#2469=CARTESIAN_POINT('Origin',(0.,6.3,-1.5));
#2470=CARTESIAN_POINT('',(-1.8,6.3,-1.5));
#2471=CARTESIAN_POINT('Origin',(-1.8,6.3,0.));
#2472=CARTESIAN_POINT('Origin',(0.,6.65,0.));
#2473=CARTESIAN_POINT('Origin',(0.,11.65,0.));
#2474=UNCERTAINTY_MEASURE_WITH_UNIT(LENGTH_MEASURE(0.01),#2478,
'DISTANCE_ACCURACY_VALUE',
'Maximum model space distance between geometric entities at asserted c
onnectivities');
#2475=UNCERTAINTY_MEASURE_WITH_UNIT(LENGTH_MEASURE(0.01),#2478,
'DISTANCE_ACCURACY_VALUE',
'Maximum model space distance between geometric entities at asserted c
onnectivities');
#2476=(
GEOMETRIC_REPRESENTATION_CONTEXT(3)
GLOBAL_UNCERTAINTY_ASSIGNED_CONTEXT((#2474))
GLOBAL_UNIT_ASSIGNED_CONTEXT((#2478,#2480,#2481))
REPRESENTATION_CONTEXT('','3D')
);
#2477=(
GEOMETRIC_REPRESENTATION_CONTEXT(3)
GLOBAL_UNCERTAINTY_ASSIGNED_CONTEXT((#2475))
GLOBAL_UNIT_ASSIGNED_CONTEXT((#2478,#2480,#2481))
REPRESENTATION_CONTEXT('','3D')
);
#2478=(
LENGTH_UNIT()
NAMED_UNIT(*)
SI_UNIT(.MILLI.,.METRE.)
);
#2479=(
LENGTH_UNIT()
NAMED_UNIT(*)
SI_UNIT($,.METRE.)
);
#2480=(
NAMED_UNIT(*)
PLANE_ANGLE_UNIT()
SI_UNIT($,.RADIAN.)
);
#2481=(
NAMED_UNIT(*)
SI_UNIT($,.STERADIAN.)
SOLID_ANGLE_UNIT()
);
#2482=SHAPE_DEFINITION_REPRESENTATION(#2483,#2484);
#2483=PRODUCT_DEFINITION_SHAPE('',$,#2486);
#2484=SHAPE_REPRESENTATION('',(#1528),#2476);
#2485=PRODUCT_DEFINITION_CONTEXT('part definition',#2490,'design');
#2486=PRODUCT_DEFINITION('58_oush_switch','58_oush_switch',#2487,#2485);
#2487=PRODUCT_DEFINITION_FORMATION('',$,#2492);
#2488=PRODUCT_RELATED_PRODUCT_CATEGORY('58_oush_switch',
'58_oush_switch',(#2492));
#2489=APPLICATION_PROTOCOL_DEFINITION('international standard',
'automotive_design',2009,#2490);
#2490=APPLICATION_CONTEXT(
'Core Data for Automotive Mechanical Design Process');
#2491=PRODUCT_CONTEXT('part definition',#2490,'mechanical');
#2492=PRODUCT('58_oush_switch','58_oush_switch',$,(#2491));
#2493=PRESENTATION_STYLE_ASSIGNMENT((#2498));
#2494=PRESENTATION_STYLE_ASSIGNMENT((#2499));
#2495=PRESENTATION_STYLE_ASSIGNMENT((#2500));
#2496=PRESENTATION_STYLE_ASSIGNMENT((#2501));
#2497=PRESENTATION_STYLE_ASSIGNMENT((#2502));
#2498=SURFACE_STYLE_USAGE(.BOTH.,#2503);
#2499=SURFACE_STYLE_USAGE(.BOTH.,#2504);
#2500=SURFACE_STYLE_USAGE(.BOTH.,#2505);
#2501=SURFACE_STYLE_USAGE(.BOTH.,#2506);
#2502=SURFACE_STYLE_USAGE(.BOTH.,#2507);
#2503=SURFACE_SIDE_STYLE('',(#2508));
#2504=SURFACE_SIDE_STYLE('',(#2509));
#2505=SURFACE_SIDE_STYLE('',(#2510));
#2506=SURFACE_SIDE_STYLE('',(#2511));
#2507=SURFACE_SIDE_STYLE('',(#2512));
#2508=SURFACE_STYLE_FILL_AREA(#2513);
#2509=SURFACE_STYLE_FILL_AREA(#2514);
#2510=SURFACE_STYLE_FILL_AREA(#2515);
#2511=SURFACE_STYLE_FILL_AREA(#2516);
#2512=SURFACE_STYLE_FILL_AREA(#2517);
#2513=FILL_AREA_STYLE('Acier - Satin\X\E9',(#2518));
#2514=FILL_AREA_STYLE('Opaque(177,25,25)',(#2519));
#2515=FILL_AREA_STYLE('Opaque(255,255,255)',(#2520));
#2516=FILL_AREA_STYLE('Opaque(26,26,26)',(#2521));
#2517=FILL_AREA_STYLE('Opaque(228,233,237)',(#2522));
#2518=FILL_AREA_STYLE_COLOUR('Acier - Satin\X\E9',#2523);
#2519=FILL_AREA_STYLE_COLOUR('Opaque(177,25,25)',#2524);
#2520=FILL_AREA_STYLE_COLOUR('Opaque(255,255,255)',#2525);
#2521=FILL_AREA_STYLE_COLOUR('Opaque(26,26,26)',#2526);
#2522=FILL_AREA_STYLE_COLOUR('Opaque(228,233,237)',#2527);
#2523=COLOUR_RGB('Acier - Satin\X\E9',0.627450980392157,0.627450980392157,
0.627450980392157);
#2524=COLOUR_RGB('Opaque(177,25,25)',0.694117647058824,0.0980392156862745,
0.0980392156862745);
#2525=COLOUR_RGB('Opaque(255,255,255)',1.,1.,1.);
#2526=COLOUR_RGB('Opaque(26,26,26)',0.101960784313725,0.101960784313725,
0.101960784313725);
#2527=COLOUR_RGB('Opaque(228,233,237)',0.894117647058824,0.913725490196078,
0.929411764705882);
ENDSEC;
END-ISO-10303-21;
