ISO-10303-21;
HEADER;
/* Generated by software containing ST-Developer
 * from STEP Tools, Inc. (www.steptools.com) 
 */

FILE_DESCRIPTION(
/* description */ (''),
/* implementation_level */ '2;1');

FILE_NAME(
/* name */ 'SSOP-10_3.9x4.9mm_P1.00mm.step',
/* time_stamp */ '2026-02-08T19:08:45+01:00',
/* author */ (''),
/* organization */ (''),
/* preprocessor_version */ 'ST-DEVELOPER v20.1',
/* originating_system */ 'Autodesk Translation Framework v14.24.0.0',
/* authorisation */ '');

FILE_SCHEMA (('AUTOMOTIVE_DESIGN { 1 0 10303 214 3 1 1 }'));
ENDSEC;

DATA;
#10=MECHANICAL_DESIGN_GEOMETRIC_PRESENTATION_REPRESENTATION('',(#2880,#2881,
#2882,#2883,#2884,#2885,#2886,#2887,#2888,#2889,#2890,#2891,#2892,#2893,
#2894,#2895,#2896,#2897,#2898,#2899,#2900,#2901,#2902,#2903,#2904,#2905,
#2906,#2907,#2908,#2909,#2910,#2911,#2912,#2913,#2914,#2915,#2916,#2917,
#2918,#2919),#5055);
#11=SHAPE_REPRESENTATION_RELATIONSHIP('SRR','None',#5062,#12);
#12=ADVANCED_BREP_SHAPE_REPRESENTATION('',(#13),#5054);
#13=MANIFOLD_SOLID_BREP('Corps1',#3079);
#14=FACE_BOUND('',#332,.T.);
#15=FACE_BOUND('',#450,.T.);
#16=PLANE('',#3096);
#17=PLANE('',#3097);
#18=PLANE('',#3098);
#19=PLANE('',#3099);
#20=PLANE('',#3100);
#21=PLANE('',#3101);
#22=PLANE('',#3102);
#23=PLANE('',#3103);
#24=PLANE('',#3104);
#25=PLANE('',#3105);
#26=PLANE('',#3106);
#27=PLANE('',#3107);
#28=PLANE('',#3108);
#29=PLANE('',#3109);
#30=PLANE('',#3110);
#31=PLANE('',#3111);
#32=PLANE('',#3112);
#33=PLANE('',#3113);
#34=PLANE('',#3114);
#35=PLANE('',#3115);
#36=PLANE('',#3116);
#37=PLANE('',#3117);
#38=PLANE('',#3118);
#39=PLANE('',#3119);
#40=PLANE('',#3120);
#41=PLANE('',#3121);
#42=PLANE('',#3122);
#43=PLANE('',#3123);
#44=PLANE('',#3124);
#45=PLANE('',#3125);
#46=PLANE('',#3126);
#47=PLANE('',#3127);
#48=PLANE('',#3128);
#49=PLANE('',#3129);
#50=PLANE('',#3130);
#51=PLANE('',#3131);
#52=PLANE('',#3132);
#53=PLANE('',#3133);
#54=PLANE('',#3134);
#55=PLANE('',#3141);
#56=PLANE('',#3145);
#57=PLANE('',#3152);
#58=PLANE('',#3156);
#59=PLANE('',#3163);
#60=PLANE('',#3167);
#61=PLANE('',#3174);
#62=PLANE('',#3178);
#63=PLANE('',#3185);
#64=PLANE('',#3189);
#65=PLANE('',#3196);
#66=PLANE('',#3200);
#67=PLANE('',#3207);
#68=PLANE('',#3211);
#69=PLANE('',#3218);
#70=PLANE('',#3222);
#71=PLANE('',#3229);
#72=PLANE('',#3233);
#73=PLANE('',#3240);
#74=PLANE('',#3244);
#75=PLANE('',#3245);
#76=PLANE('',#3247);
#77=PLANE('',#3249);
#78=PLANE('',#3250);
#79=PLANE('',#3251);
#80=PLANE('',#3253);
#81=PLANE('',#3255);
#82=PLANE('',#3257);
#83=PLANE('',#3258);
#84=PLANE('',#3259);
#85=PLANE('',#3261);
#86=PLANE('',#3263);
#87=PLANE('',#3265);
#88=PLANE('',#3266);
#89=PLANE('',#3267);
#90=PLANE('',#3269);
#91=PLANE('',#3271);
#92=PLANE('',#3273);
#93=PLANE('',#3274);
#94=PLANE('',#3275);
#95=PLANE('',#3277);
#96=PLANE('',#3279);
#97=PLANE('',#3281);
#98=PLANE('',#3282);
#99=PLANE('',#3283);
#100=PLANE('',#3285);
#101=PLANE('',#3286);
#102=PLANE('',#3287);
#103=PLANE('',#3288);
#104=PLANE('',#3290);
#105=PLANE('',#3292);
#106=PLANE('',#3293);
#107=PLANE('',#3294);
#108=PLANE('',#3296);
#109=PLANE('',#3298);
#110=PLANE('',#3300);
#111=PLANE('',#3301);
#112=PLANE('',#3302);
#113=PLANE('',#3304);
#114=PLANE('',#3306);
#115=PLANE('',#3308);
#116=PLANE('',#3309);
#117=PLANE('',#3310);
#118=PLANE('',#3312);
#119=PLANE('',#3314);
#120=PLANE('',#3316);
#121=PLANE('',#3317);
#122=PLANE('',#3318);
#123=PLANE('',#3320);
#124=PLANE('',#3322);
#125=PLANE('',#3324);
#126=PLANE('',#3325);
#127=PLANE('',#3326);
#128=PLANE('',#3328);
#129=PLANE('',#3329);
#130=PLANE('',#3330);
#131=PLANE('',#3331);
#132=PLANE('',#3332);
#133=PLANE('',#3333);
#134=FACE_OUTER_BOUND('',#293,.T.);
#135=FACE_OUTER_BOUND('',#294,.T.);
#136=FACE_OUTER_BOUND('',#295,.T.);
#137=FACE_OUTER_BOUND('',#296,.T.);
#138=FACE_OUTER_BOUND('',#297,.T.);
#139=FACE_OUTER_BOUND('',#298,.T.);
#140=FACE_OUTER_BOUND('',#299,.T.);
#141=FACE_OUTER_BOUND('',#300,.T.);
#142=FACE_OUTER_BOUND('',#301,.T.);
#143=FACE_OUTER_BOUND('',#302,.T.);
#144=FACE_OUTER_BOUND('',#303,.T.);
#145=FACE_OUTER_BOUND('',#304,.T.);
#146=FACE_OUTER_BOUND('',#305,.T.);
#147=FACE_OUTER_BOUND('',#306,.T.);
#148=FACE_OUTER_BOUND('',#307,.T.);
#149=FACE_OUTER_BOUND('',#308,.T.);
#150=FACE_OUTER_BOUND('',#309,.T.);
#151=FACE_OUTER_BOUND('',#310,.T.);
#152=FACE_OUTER_BOUND('',#311,.T.);
#153=FACE_OUTER_BOUND('',#312,.T.);
#154=FACE_OUTER_BOUND('',#313,.T.);
#155=FACE_OUTER_BOUND('',#314,.T.);
#156=FACE_OUTER_BOUND('',#315,.T.);
#157=FACE_OUTER_BOUND('',#316,.T.);
#158=FACE_OUTER_BOUND('',#317,.T.);
#159=FACE_OUTER_BOUND('',#318,.T.);
#160=FACE_OUTER_BOUND('',#319,.T.);
#161=FACE_OUTER_BOUND('',#320,.T.);
#162=FACE_OUTER_BOUND('',#321,.T.);
#163=FACE_OUTER_BOUND('',#322,.T.);
#164=FACE_OUTER_BOUND('',#323,.T.);
#165=FACE_OUTER_BOUND('',#324,.T.);
#166=FACE_OUTER_BOUND('',#325,.T.);
#167=FACE_OUTER_BOUND('',#326,.T.);
#168=FACE_OUTER_BOUND('',#327,.T.);
#169=FACE_OUTER_BOUND('',#328,.T.);
#170=FACE_OUTER_BOUND('',#329,.T.);
#171=FACE_OUTER_BOUND('',#330,.T.);
#172=FACE_OUTER_BOUND('',#331,.T.);
#173=FACE_OUTER_BOUND('',#333,.T.);
#174=FACE_OUTER_BOUND('',#334,.T.);
#175=FACE_OUTER_BOUND('',#335,.T.);
#176=FACE_OUTER_BOUND('',#336,.T.);
#177=FACE_OUTER_BOUND('',#337,.T.);
#178=FACE_OUTER_BOUND('',#338,.T.);
#179=FACE_OUTER_BOUND('',#339,.T.);
#180=FACE_OUTER_BOUND('',#340,.T.);
#181=FACE_OUTER_BOUND('',#341,.T.);
#182=FACE_OUTER_BOUND('',#342,.T.);
#183=FACE_OUTER_BOUND('',#343,.T.);
#184=FACE_OUTER_BOUND('',#344,.T.);
#185=FACE_OUTER_BOUND('',#345,.T.);
#186=FACE_OUTER_BOUND('',#346,.T.);
#187=FACE_OUTER_BOUND('',#347,.T.);
#188=FACE_OUTER_BOUND('',#348,.T.);
#189=FACE_OUTER_BOUND('',#349,.T.);
#190=FACE_OUTER_BOUND('',#350,.T.);
#191=FACE_OUTER_BOUND('',#351,.T.);
#192=FACE_OUTER_BOUND('',#352,.T.);
#193=FACE_OUTER_BOUND('',#353,.T.);
#194=FACE_OUTER_BOUND('',#354,.T.);
#195=FACE_OUTER_BOUND('',#355,.T.);
#196=FACE_OUTER_BOUND('',#356,.T.);
#197=FACE_OUTER_BOUND('',#357,.T.);
#198=FACE_OUTER_BOUND('',#358,.T.);
#199=FACE_OUTER_BOUND('',#359,.T.);
#200=FACE_OUTER_BOUND('',#360,.T.);
#201=FACE_OUTER_BOUND('',#361,.T.);
#202=FACE_OUTER_BOUND('',#362,.T.);
#203=FACE_OUTER_BOUND('',#363,.T.);
#204=FACE_OUTER_BOUND('',#364,.T.);
#205=FACE_OUTER_BOUND('',#365,.T.);
#206=FACE_OUTER_BOUND('',#366,.T.);
#207=FACE_OUTER_BOUND('',#367,.T.);
#208=FACE_OUTER_BOUND('',#368,.T.);
#209=FACE_OUTER_BOUND('',#369,.T.);
#210=FACE_OUTER_BOUND('',#370,.T.);
#211=FACE_OUTER_BOUND('',#371,.T.);
#212=FACE_OUTER_BOUND('',#372,.T.);
#213=FACE_OUTER_BOUND('',#373,.T.);
#214=FACE_OUTER_BOUND('',#374,.T.);
#215=FACE_OUTER_BOUND('',#375,.T.);
#216=FACE_OUTER_BOUND('',#376,.T.);
#217=FACE_OUTER_BOUND('',#377,.T.);
#218=FACE_OUTER_BOUND('',#378,.T.);
#219=FACE_OUTER_BOUND('',#379,.T.);
#220=FACE_OUTER_BOUND('',#380,.T.);
#221=FACE_OUTER_BOUND('',#381,.T.);
#222=FACE_OUTER_BOUND('',#382,.T.);
#223=FACE_OUTER_BOUND('',#383,.T.);
#224=FACE_OUTER_BOUND('',#384,.T.);
#225=FACE_OUTER_BOUND('',#385,.T.);
#226=FACE_OUTER_BOUND('',#386,.T.);
#227=FACE_OUTER_BOUND('',#387,.T.);
#228=FACE_OUTER_BOUND('',#388,.T.);
#229=FACE_OUTER_BOUND('',#389,.T.);
#230=FACE_OUTER_BOUND('',#390,.T.);
#231=FACE_OUTER_BOUND('',#391,.T.);
#232=FACE_OUTER_BOUND('',#392,.T.);
#233=FACE_OUTER_BOUND('',#393,.T.);
#234=FACE_OUTER_BOUND('',#394,.T.);
#235=FACE_OUTER_BOUND('',#395,.T.);
#236=FACE_OUTER_BOUND('',#396,.T.);
#237=FACE_OUTER_BOUND('',#397,.T.);
#238=FACE_OUTER_BOUND('',#398,.T.);
#239=FACE_OUTER_BOUND('',#399,.T.);
#240=FACE_OUTER_BOUND('',#400,.T.);
#241=FACE_OUTER_BOUND('',#401,.T.);
#242=FACE_OUTER_BOUND('',#402,.T.);
#243=FACE_OUTER_BOUND('',#403,.T.);
#244=FACE_OUTER_BOUND('',#404,.T.);
#245=FACE_OUTER_BOUND('',#405,.T.);
#246=FACE_OUTER_BOUND('',#406,.T.);
#247=FACE_OUTER_BOUND('',#407,.T.);
#248=FACE_OUTER_BOUND('',#408,.T.);
#249=FACE_OUTER_BOUND('',#409,.T.);
#250=FACE_OUTER_BOUND('',#410,.T.);
#251=FACE_OUTER_BOUND('',#411,.T.);
#252=FACE_OUTER_BOUND('',#412,.T.);
#253=FACE_OUTER_BOUND('',#413,.T.);
#254=FACE_OUTER_BOUND('',#414,.T.);
#255=FACE_OUTER_BOUND('',#415,.T.);
#256=FACE_OUTER_BOUND('',#416,.T.);
#257=FACE_OUTER_BOUND('',#417,.T.);
#258=FACE_OUTER_BOUND('',#418,.T.);
#259=FACE_OUTER_BOUND('',#419,.T.);
#260=FACE_OUTER_BOUND('',#420,.T.);
#261=FACE_OUTER_BOUND('',#421,.T.);
#262=FACE_OUTER_BOUND('',#422,.T.);
#263=FACE_OUTER_BOUND('',#423,.T.);
#264=FACE_OUTER_BOUND('',#424,.T.);
#265=FACE_OUTER_BOUND('',#425,.T.);
#266=FACE_OUTER_BOUND('',#426,.T.);
#267=FACE_OUTER_BOUND('',#427,.T.);
#268=FACE_OUTER_BOUND('',#428,.T.);
#269=FACE_OUTER_BOUND('',#429,.T.);
#270=FACE_OUTER_BOUND('',#430,.T.);
#271=FACE_OUTER_BOUND('',#431,.T.);
#272=FACE_OUTER_BOUND('',#432,.T.);
#273=FACE_OUTER_BOUND('',#433,.T.);
#274=FACE_OUTER_BOUND('',#434,.T.);
#275=FACE_OUTER_BOUND('',#435,.T.);
#276=FACE_OUTER_BOUND('',#436,.T.);
#277=FACE_OUTER_BOUND('',#437,.T.);
#278=FACE_OUTER_BOUND('',#438,.T.);
#279=FACE_OUTER_BOUND('',#439,.T.);
#280=FACE_OUTER_BOUND('',#440,.T.);
#281=FACE_OUTER_BOUND('',#441,.T.);
#282=FACE_OUTER_BOUND('',#442,.T.);
#283=FACE_OUTER_BOUND('',#443,.T.);
#284=FACE_OUTER_BOUND('',#444,.T.);
#285=FACE_OUTER_BOUND('',#445,.T.);
#286=FACE_OUTER_BOUND('',#446,.T.);
#287=FACE_OUTER_BOUND('',#447,.T.);
#288=FACE_OUTER_BOUND('',#448,.T.);
#289=FACE_OUTER_BOUND('',#449,.T.);
#290=FACE_OUTER_BOUND('',#451,.T.);
#291=FACE_OUTER_BOUND('',#452,.T.);
#292=FACE_OUTER_BOUND('',#453,.T.);
#293=EDGE_LOOP('',(#1965,#1966,#1967,#1968));
#294=EDGE_LOOP('',(#1969,#1970,#1971,#1972,#1973,#1974,#1975,#1976));
#295=EDGE_LOOP('',(#1977,#1978,#1979,#1980));
#296=EDGE_LOOP('',(#1981,#1982,#1983,#1984));
#297=EDGE_LOOP('',(#1985,#1986,#1987,#1988,#1989,#1990,#1991,#1992,#1993,
#1994,#1995,#1996,#1997,#1998));
#298=EDGE_LOOP('',(#1999,#2000,#2001,#2002));
#299=EDGE_LOOP('',(#2003,#2004,#2005,#2006));
#300=EDGE_LOOP('',(#2007,#2008,#2009,#2010));
#301=EDGE_LOOP('',(#2011,#2012,#2013,#2014,#2015,#2016,#2017,#2018,#2019,
#2020,#2021,#2022,#2023,#2024));
#302=EDGE_LOOP('',(#2025,#2026,#2027,#2028));
#303=EDGE_LOOP('',(#2029,#2030,#2031,#2032));
#304=EDGE_LOOP('',(#2033,#2034,#2035,#2036));
#305=EDGE_LOOP('',(#2037,#2038,#2039,#2040));
#306=EDGE_LOOP('',(#2041,#2042,#2043,#2044));
#307=EDGE_LOOP('',(#2045,#2046,#2047,#2048));
#308=EDGE_LOOP('',(#2049,#2050,#2051,#2052));
#309=EDGE_LOOP('',(#2053,#2054,#2055,#2056));
#310=EDGE_LOOP('',(#2057,#2058,#2059,#2060));
#311=EDGE_LOOP('',(#2061,#2062,#2063,#2064));
#312=EDGE_LOOP('',(#2065,#2066,#2067,#2068));
#313=EDGE_LOOP('',(#2069,#2070,#2071,#2072));
#314=EDGE_LOOP('',(#2073,#2074,#2075,#2076));
#315=EDGE_LOOP('',(#2077,#2078,#2079,#2080));
#316=EDGE_LOOP('',(#2081,#2082,#2083,#2084));
#317=EDGE_LOOP('',(#2085,#2086,#2087,#2088));
#318=EDGE_LOOP('',(#2089,#2090,#2091,#2092));
#319=EDGE_LOOP('',(#2093,#2094,#2095,#2096));
#320=EDGE_LOOP('',(#2097,#2098,#2099,#2100));
#321=EDGE_LOOP('',(#2101,#2102,#2103,#2104));
#322=EDGE_LOOP('',(#2105,#2106,#2107,#2108));
#323=EDGE_LOOP('',(#2109,#2110,#2111,#2112));
#324=EDGE_LOOP('',(#2113,#2114,#2115,#2116));
#325=EDGE_LOOP('',(#2117,#2118,#2119,#2120));
#326=EDGE_LOOP('',(#2121,#2122,#2123,#2124));
#327=EDGE_LOOP('',(#2125,#2126,#2127,#2128));
#328=EDGE_LOOP('',(#2129,#2130,#2131,#2132));
#329=EDGE_LOOP('',(#2133,#2134,#2135,#2136));
#330=EDGE_LOOP('',(#2137,#2138,#2139,#2140));
#331=EDGE_LOOP('',(#2141,#2142,#2143,#2144,#2145,#2146,#2147,#2148,#2149,
#2150,#2151,#2152,#2153,#2154,#2155,#2156,#2157,#2158,#2159,#2160,#2161,
#2162,#2163,#2164,#2165,#2166,#2167,#2168,#2169,#2170,#2171,#2172,#2173,
#2174,#2175,#2176,#2177,#2178,#2179,#2180,#2181,#2182,#2183,#2184,#2185,
#2186,#2187,#2188));
#332=EDGE_LOOP('',(#2189,#2190,#2191,#2192,#2193,#2194,#2195,#2196));
#333=EDGE_LOOP('',(#2197,#2198,#2199,#2200,#2201,#2202,#2203,#2204,#2205,
#2206,#2207,#2208));
#334=EDGE_LOOP('',(#2209,#2210,#2211,#2212));
#335=EDGE_LOOP('',(#2213,#2214,#2215,#2216,#2217,#2218,#2219,#2220,#2221,
#2222,#2223,#2224));
#336=EDGE_LOOP('',(#2225,#2226,#2227,#2228,#2229,#2230,#2231,#2232,#2233,
#2234,#2235,#2236));
#337=EDGE_LOOP('',(#2237,#2238,#2239,#2240));
#338=EDGE_LOOP('',(#2241,#2242,#2243,#2244,#2245,#2246,#2247,#2248,#2249,
#2250,#2251,#2252));
#339=EDGE_LOOP('',(#2253,#2254,#2255,#2256,#2257,#2258,#2259,#2260,#2261,
#2262,#2263,#2264));
#340=EDGE_LOOP('',(#2265,#2266,#2267,#2268));
#341=EDGE_LOOP('',(#2269,#2270,#2271,#2272,#2273,#2274,#2275,#2276,#2277,
#2278,#2279,#2280));
#342=EDGE_LOOP('',(#2281,#2282,#2283,#2284,#2285,#2286,#2287,#2288,#2289,
#2290,#2291,#2292));
#343=EDGE_LOOP('',(#2293,#2294,#2295,#2296));
#344=EDGE_LOOP('',(#2297,#2298,#2299,#2300,#2301,#2302,#2303,#2304,#2305,
#2306,#2307,#2308));
#345=EDGE_LOOP('',(#2309,#2310,#2311,#2312,#2313,#2314,#2315,#2316,#2317,
#2318,#2319,#2320));
#346=EDGE_LOOP('',(#2321,#2322,#2323,#2324));
#347=EDGE_LOOP('',(#2325,#2326,#2327,#2328,#2329,#2330,#2331,#2332,#2333,
#2334,#2335,#2336));
#348=EDGE_LOOP('',(#2337,#2338,#2339,#2340,#2341,#2342,#2343,#2344,#2345,
#2346,#2347,#2348));
#349=EDGE_LOOP('',(#2349,#2350,#2351,#2352));
#350=EDGE_LOOP('',(#2353,#2354,#2355,#2356,#2357,#2358,#2359,#2360,#2361,
#2362,#2363,#2364));
#351=EDGE_LOOP('',(#2365,#2366,#2367,#2368,#2369,#2370,#2371,#2372,#2373,
#2374,#2375,#2376));
#352=EDGE_LOOP('',(#2377,#2378,#2379,#2380));
#353=EDGE_LOOP('',(#2381,#2382,#2383,#2384,#2385,#2386,#2387,#2388,#2389,
#2390,#2391,#2392));
#354=EDGE_LOOP('',(#2393,#2394,#2395,#2396,#2397,#2398,#2399,#2400,#2401,
#2402,#2403,#2404));
#355=EDGE_LOOP('',(#2405,#2406,#2407,#2408));
#356=EDGE_LOOP('',(#2409,#2410,#2411,#2412,#2413,#2414,#2415,#2416,#2417,
#2418,#2419,#2420));
#357=EDGE_LOOP('',(#2421,#2422,#2423,#2424,#2425,#2426,#2427,#2428,#2429,
#2430,#2431,#2432));
#358=EDGE_LOOP('',(#2433,#2434,#2435,#2436));
#359=EDGE_LOOP('',(#2437,#2438,#2439,#2440,#2441,#2442,#2443,#2444,#2445,
#2446,#2447,#2448));
#360=EDGE_LOOP('',(#2449,#2450,#2451,#2452,#2453,#2454,#2455,#2456,#2457,
#2458,#2459,#2460));
#361=EDGE_LOOP('',(#2461,#2462,#2463,#2464));
#362=EDGE_LOOP('',(#2465,#2466,#2467,#2468,#2469,#2470,#2471,#2472,#2473,
#2474,#2475,#2476));
#363=EDGE_LOOP('',(#2477,#2478,#2479,#2480));
#364=EDGE_LOOP('',(#2481,#2482,#2483,#2484));
#365=EDGE_LOOP('',(#2485,#2486,#2487,#2488));
#366=EDGE_LOOP('',(#2489,#2490,#2491,#2492));
#367=EDGE_LOOP('',(#2493,#2494,#2495,#2496));
#368=EDGE_LOOP('',(#2497,#2498,#2499,#2500));
#369=EDGE_LOOP('',(#2501,#2502,#2503,#2504));
#370=EDGE_LOOP('',(#2505,#2506,#2507,#2508));
#371=EDGE_LOOP('',(#2509,#2510,#2511,#2512));
#372=EDGE_LOOP('',(#2513,#2514,#2515,#2516));
#373=EDGE_LOOP('',(#2517,#2518,#2519,#2520));
#374=EDGE_LOOP('',(#2521,#2522,#2523,#2524));
#375=EDGE_LOOP('',(#2525,#2526,#2527,#2528));
#376=EDGE_LOOP('',(#2529,#2530,#2531,#2532));
#377=EDGE_LOOP('',(#2533,#2534,#2535,#2536));
#378=EDGE_LOOP('',(#2537,#2538,#2539,#2540));
#379=EDGE_LOOP('',(#2541,#2542,#2543,#2544));
#380=EDGE_LOOP('',(#2545,#2546,#2547,#2548));
#381=EDGE_LOOP('',(#2549,#2550,#2551,#2552));
#382=EDGE_LOOP('',(#2553,#2554,#2555,#2556));
#383=EDGE_LOOP('',(#2557,#2558,#2559,#2560));
#384=EDGE_LOOP('',(#2561,#2562,#2563,#2564));
#385=EDGE_LOOP('',(#2565,#2566,#2567,#2568));
#386=EDGE_LOOP('',(#2569,#2570,#2571,#2572));
#387=EDGE_LOOP('',(#2573,#2574,#2575,#2576));
#388=EDGE_LOOP('',(#2577,#2578,#2579,#2580));
#389=EDGE_LOOP('',(#2581,#2582,#2583,#2584));
#390=EDGE_LOOP('',(#2585,#2586,#2587,#2588));
#391=EDGE_LOOP('',(#2589,#2590,#2591,#2592));
#392=EDGE_LOOP('',(#2593,#2594,#2595,#2596));
#393=EDGE_LOOP('',(#2597,#2598,#2599,#2600));
#394=EDGE_LOOP('',(#2601,#2602,#2603,#2604));
#395=EDGE_LOOP('',(#2605,#2606,#2607,#2608));
#396=EDGE_LOOP('',(#2609,#2610,#2611,#2612));
#397=EDGE_LOOP('',(#2613,#2614,#2615,#2616));
#398=EDGE_LOOP('',(#2617,#2618,#2619,#2620));
#399=EDGE_LOOP('',(#2621,#2622,#2623,#2624));
#400=EDGE_LOOP('',(#2625,#2626,#2627,#2628));
#401=EDGE_LOOP('',(#2629,#2630,#2631,#2632));
#402=EDGE_LOOP('',(#2633,#2634,#2635,#2636));
#403=EDGE_LOOP('',(#2637,#2638,#2639,#2640));
#404=EDGE_LOOP('',(#2641,#2642,#2643,#2644));
#405=EDGE_LOOP('',(#2645,#2646,#2647,#2648));
#406=EDGE_LOOP('',(#2649,#2650,#2651,#2652));
#407=EDGE_LOOP('',(#2653,#2654,#2655,#2656));
#408=EDGE_LOOP('',(#2657,#2658,#2659,#2660));
#409=EDGE_LOOP('',(#2661,#2662,#2663,#2664));
#410=EDGE_LOOP('',(#2665,#2666,#2667,#2668));
#411=EDGE_LOOP('',(#2669,#2670,#2671,#2672));
#412=EDGE_LOOP('',(#2673,#2674,#2675,#2676));
#413=EDGE_LOOP('',(#2677,#2678,#2679,#2680));
#414=EDGE_LOOP('',(#2681,#2682,#2683,#2684));
#415=EDGE_LOOP('',(#2685,#2686,#2687,#2688));
#416=EDGE_LOOP('',(#2689,#2690,#2691,#2692));
#417=EDGE_LOOP('',(#2693,#2694,#2695,#2696));
#418=EDGE_LOOP('',(#2697,#2698,#2699,#2700));
#419=EDGE_LOOP('',(#2701,#2702,#2703,#2704));
#420=EDGE_LOOP('',(#2705,#2706,#2707,#2708));
#421=EDGE_LOOP('',(#2709,#2710,#2711,#2712));
#422=EDGE_LOOP('',(#2713,#2714,#2715,#2716));
#423=EDGE_LOOP('',(#2717,#2718,#2719,#2720));
#424=EDGE_LOOP('',(#2721,#2722,#2723,#2724));
#425=EDGE_LOOP('',(#2725,#2726,#2727,#2728));
#426=EDGE_LOOP('',(#2729,#2730,#2731,#2732));
#427=EDGE_LOOP('',(#2733,#2734,#2735,#2736));
#428=EDGE_LOOP('',(#2737,#2738,#2739,#2740));
#429=EDGE_LOOP('',(#2741,#2742,#2743,#2744));
#430=EDGE_LOOP('',(#2745,#2746,#2747,#2748));
#431=EDGE_LOOP('',(#2749,#2750,#2751,#2752));
#432=EDGE_LOOP('',(#2753,#2754,#2755,#2756));
#433=EDGE_LOOP('',(#2757,#2758,#2759,#2760));
#434=EDGE_LOOP('',(#2761,#2762,#2763,#2764));
#435=EDGE_LOOP('',(#2765,#2766,#2767,#2768));
#436=EDGE_LOOP('',(#2769,#2770,#2771,#2772));
#437=EDGE_LOOP('',(#2773,#2774,#2775,#2776));
#438=EDGE_LOOP('',(#2777,#2778,#2779,#2780));
#439=EDGE_LOOP('',(#2781,#2782,#2783,#2784));
#440=EDGE_LOOP('',(#2785,#2786,#2787,#2788));
#441=EDGE_LOOP('',(#2789,#2790,#2791,#2792));
#442=EDGE_LOOP('',(#2793,#2794,#2795,#2796));
#443=EDGE_LOOP('',(#2797,#2798,#2799,#2800));
#444=EDGE_LOOP('',(#2801,#2802,#2803,#2804));
#445=EDGE_LOOP('',(#2805,#2806,#2807,#2808));
#446=EDGE_LOOP('',(#2809,#2810,#2811,#2812));
#447=EDGE_LOOP('',(#2813,#2814,#2815,#2816));
#448=EDGE_LOOP('',(#2817,#2818,#2819,#2820));
#449=EDGE_LOOP('',(#2821,#2822,#2823,#2824,#2825,#2826,#2827,#2828));
#450=EDGE_LOOP('',(#2829));
#451=EDGE_LOOP('',(#2830,#2831,#2832,#2833));
#452=EDGE_LOOP('',(#2834,#2835,#2836,#2837));
#453=EDGE_LOOP('',(#2838));
#454=LINE('',#4178,#809);
#455=LINE('',#4183,#810);
#456=LINE('',#4185,#811);
#457=LINE('',#4187,#812);
#458=LINE('',#4189,#813);
#459=LINE('',#4191,#814);
#460=LINE('',#4193,#815);
#461=LINE('',#4195,#816);
#462=LINE('',#4196,#817);
#463=LINE('',#4200,#818);
#464=LINE('',#4201,#819);
#465=LINE('',#4202,#820);
#466=LINE('',#4205,#821);
#467=LINE('',#4206,#822);
#468=LINE('',#4209,#823);
#469=LINE('',#4211,#824);
#470=LINE('',#4213,#825);
#471=LINE('',#4215,#826);
#472=LINE('',#4217,#827);
#473=LINE('',#4219,#828);
#474=LINE('',#4221,#829);
#475=LINE('',#4223,#830);
#476=LINE('',#4225,#831);
#477=LINE('',#4227,#832);
#478=LINE('',#4229,#833);
#479=LINE('',#4230,#834);
#480=LINE('',#4233,#835);
#481=LINE('',#4234,#836);
#482=LINE('',#4237,#837);
#483=LINE('',#4238,#838);
#484=LINE('',#4241,#839);
#485=LINE('',#4242,#840);
#486=LINE('',#4245,#841);
#487=LINE('',#4247,#842);
#488=LINE('',#4249,#843);
#489=LINE('',#4251,#844);
#490=LINE('',#4253,#845);
#491=LINE('',#4255,#846);
#492=LINE('',#4257,#847);
#493=LINE('',#4259,#848);
#494=LINE('',#4261,#849);
#495=LINE('',#4263,#850);
#496=LINE('',#4265,#851);
#497=LINE('',#4266,#852);
#498=LINE('',#4268,#853);
#499=LINE('',#4272,#854);
#500=LINE('',#4273,#855);
#501=LINE('',#4274,#856);
#502=LINE('',#4277,#857);
#503=LINE('',#4278,#858);
#504=LINE('',#4281,#859);
#505=LINE('',#4282,#860);
#506=LINE('',#4285,#861);
#507=LINE('',#4287,#862);
#508=LINE('',#4288,#863);
#509=LINE('',#4291,#864);
#510=LINE('',#4293,#865);
#511=LINE('',#4294,#866);
#512=LINE('',#4297,#867);
#513=LINE('',#4299,#868);
#514=LINE('',#4300,#869);
#515=LINE('',#4303,#870);
#516=LINE('',#4305,#871);
#517=LINE('',#4306,#872);
#518=LINE('',#4309,#873);
#519=LINE('',#4311,#874);
#520=LINE('',#4312,#875);
#521=LINE('',#4315,#876);
#522=LINE('',#4317,#877);
#523=LINE('',#4318,#878);
#524=LINE('',#4321,#879);
#525=LINE('',#4323,#880);
#526=LINE('',#4324,#881);
#527=LINE('',#4327,#882);
#528=LINE('',#4329,#883);
#529=LINE('',#4330,#884);
#530=LINE('',#4333,#885);
#531=LINE('',#4335,#886);
#532=LINE('',#4336,#887);
#533=LINE('',#4339,#888);
#534=LINE('',#4341,#889);
#535=LINE('',#4342,#890);
#536=LINE('',#4345,#891);
#537=LINE('',#4346,#892);
#538=LINE('',#4349,#893);
#539=LINE('',#4350,#894);
#540=LINE('',#4353,#895);
#541=LINE('',#4354,#896);
#542=LINE('',#4357,#897);
#543=LINE('',#4358,#898);
#544=LINE('',#4361,#899);
#545=LINE('',#4363,#900);
#546=LINE('',#4364,#901);
#547=LINE('',#4367,#902);
#548=LINE('',#4369,#903);
#549=LINE('',#4370,#904);
#550=LINE('',#4373,#905);
#551=LINE('',#4375,#906);
#552=LINE('',#4376,#907);
#553=LINE('',#4379,#908);
#554=LINE('',#4381,#909);
#555=LINE('',#4382,#910);
#556=LINE('',#4385,#911);
#557=LINE('',#4387,#912);
#558=LINE('',#4388,#913);
#559=LINE('',#4391,#914);
#560=LINE('',#4393,#915);
#561=LINE('',#4394,#916);
#562=LINE('',#4397,#917);
#563=LINE('',#4399,#918);
#564=LINE('',#4400,#919);
#565=LINE('',#4403,#920);
#566=LINE('',#4405,#921);
#567=LINE('',#4406,#922);
#568=LINE('',#4409,#923);
#569=LINE('',#4411,#924);
#570=LINE('',#4412,#925);
#571=LINE('',#4415,#926);
#572=LINE('',#4417,#927);
#573=LINE('',#4418,#928);
#574=LINE('',#4420,#929);
#575=LINE('',#4423,#930);
#576=LINE('',#4425,#931);
#577=LINE('',#4426,#932);
#578=LINE('',#4428,#933);
#579=LINE('',#4430,#934);
#580=LINE('',#4431,#935);
#581=LINE('',#4433,#936);
#582=LINE('',#4435,#937);
#583=LINE('',#4436,#938);
#584=LINE('',#4438,#939);
#585=LINE('',#4440,#940);
#586=LINE('',#4441,#941);
#587=LINE('',#4443,#942);
#588=LINE('',#4445,#943);
#589=LINE('',#4446,#944);
#590=LINE('',#4448,#945);
#591=LINE('',#4450,#946);
#592=LINE('',#4451,#947);
#593=LINE('',#4453,#948);
#594=LINE('',#4455,#949);
#595=LINE('',#4456,#950);
#596=LINE('',#4458,#951);
#597=LINE('',#4460,#952);
#598=LINE('',#4461,#953);
#599=LINE('',#4463,#954);
#600=LINE('',#4465,#955);
#601=LINE('',#4466,#956);
#602=LINE('',#4468,#957);
#603=LINE('',#4470,#958);
#604=LINE('',#4471,#959);
#605=LINE('',#4474,#960);
#606=LINE('',#4476,#961);
#607=LINE('',#4478,#962);
#608=LINE('',#4480,#963);
#609=LINE('',#4482,#964);
#610=LINE('',#4484,#965);
#611=LINE('',#4486,#966);
#612=LINE('',#4487,#967);
#613=LINE('',#4492,#968);
#614=LINE('',#4496,#969);
#615=LINE('',#4498,#970);
#616=LINE('',#4500,#971);
#617=LINE('',#4504,#972);
#618=LINE('',#4508,#973);
#619=LINE('',#4514,#974);
#620=LINE('',#4518,#975);
#621=LINE('',#4520,#976);
#622=LINE('',#4522,#977);
#623=LINE('',#4525,#978);
#624=LINE('',#4530,#979);
#625=LINE('',#4534,#980);
#626=LINE('',#4536,#981);
#627=LINE('',#4538,#982);
#628=LINE('',#4542,#983);
#629=LINE('',#4546,#984);
#630=LINE('',#4552,#985);
#631=LINE('',#4556,#986);
#632=LINE('',#4558,#987);
#633=LINE('',#4560,#988);
#634=LINE('',#4563,#989);
#635=LINE('',#4568,#990);
#636=LINE('',#4572,#991);
#637=LINE('',#4574,#992);
#638=LINE('',#4576,#993);
#639=LINE('',#4580,#994);
#640=LINE('',#4584,#995);
#641=LINE('',#4590,#996);
#642=LINE('',#4594,#997);
#643=LINE('',#4596,#998);
#644=LINE('',#4598,#999);
#645=LINE('',#4601,#1000);
#646=LINE('',#4606,#1001);
#647=LINE('',#4610,#1002);
#648=LINE('',#4612,#1003);
#649=LINE('',#4614,#1004);
#650=LINE('',#4618,#1005);
#651=LINE('',#4622,#1006);
#652=LINE('',#4628,#1007);
#653=LINE('',#4632,#1008);
#654=LINE('',#4634,#1009);
#655=LINE('',#4636,#1010);
#656=LINE('',#4639,#1011);
#657=LINE('',#4644,#1012);
#658=LINE('',#4648,#1013);
#659=LINE('',#4650,#1014);
#660=LINE('',#4652,#1015);
#661=LINE('',#4656,#1016);
#662=LINE('',#4660,#1017);
#663=LINE('',#4666,#1018);
#664=LINE('',#4670,#1019);
#665=LINE('',#4672,#1020);
#666=LINE('',#4674,#1021);
#667=LINE('',#4677,#1022);
#668=LINE('',#4682,#1023);
#669=LINE('',#4686,#1024);
#670=LINE('',#4688,#1025);
#671=LINE('',#4690,#1026);
#672=LINE('',#4694,#1027);
#673=LINE('',#4698,#1028);
#674=LINE('',#4704,#1029);
#675=LINE('',#4708,#1030);
#676=LINE('',#4710,#1031);
#677=LINE('',#4712,#1032);
#678=LINE('',#4715,#1033);
#679=LINE('',#4720,#1034);
#680=LINE('',#4724,#1035);
#681=LINE('',#4726,#1036);
#682=LINE('',#4728,#1037);
#683=LINE('',#4732,#1038);
#684=LINE('',#4736,#1039);
#685=LINE('',#4742,#1040);
#686=LINE('',#4746,#1041);
#687=LINE('',#4748,#1042);
#688=LINE('',#4750,#1043);
#689=LINE('',#4753,#1044);
#690=LINE('',#4758,#1045);
#691=LINE('',#4762,#1046);
#692=LINE('',#4764,#1047);
#693=LINE('',#4766,#1048);
#694=LINE('',#4770,#1049);
#695=LINE('',#4774,#1050);
#696=LINE('',#4780,#1051);
#697=LINE('',#4784,#1052);
#698=LINE('',#4786,#1053);
#699=LINE('',#4788,#1054);
#700=LINE('',#4791,#1055);
#701=LINE('',#4796,#1056);
#702=LINE('',#4800,#1057);
#703=LINE('',#4802,#1058);
#704=LINE('',#4804,#1059);
#705=LINE('',#4808,#1060);
#706=LINE('',#4812,#1061);
#707=LINE('',#4818,#1062);
#708=LINE('',#4822,#1063);
#709=LINE('',#4824,#1064);
#710=LINE('',#4826,#1065);
#711=LINE('',#4829,#1066);
#712=LINE('',#4834,#1067);
#713=LINE('',#4838,#1068);
#714=LINE('',#4840,#1069);
#715=LINE('',#4842,#1070);
#716=LINE('',#4846,#1071);
#717=LINE('',#4850,#1072);
#718=LINE('',#4856,#1073);
#719=LINE('',#4860,#1074);
#720=LINE('',#4862,#1075);
#721=LINE('',#4864,#1076);
#722=LINE('',#4867,#1077);
#723=LINE('',#4871,#1078);
#724=LINE('',#4872,#1079);
#725=LINE('',#4873,#1080);
#726=LINE('',#4876,#1081);
#727=LINE('',#4877,#1082);
#728=LINE('',#4879,#1083);
#729=LINE('',#4881,#1084);
#730=LINE('',#4883,#1085);
#731=LINE('',#4885,#1086);
#732=LINE('',#4887,#1087);
#733=LINE('',#4889,#1088);
#734=LINE('',#4891,#1089);
#735=LINE('',#4894,#1090);
#736=LINE('',#4896,#1091);
#737=LINE('',#4898,#1092);
#738=LINE('',#4900,#1093);
#739=LINE('',#4902,#1094);
#740=LINE('',#4904,#1095);
#741=LINE('',#4906,#1096);
#742=LINE('',#4909,#1097);
#743=LINE('',#4911,#1098);
#744=LINE('',#4913,#1099);
#745=LINE('',#4915,#1100);
#746=LINE('',#4917,#1101);
#747=LINE('',#4919,#1102);
#748=LINE('',#4921,#1103);
#749=LINE('',#4924,#1104);
#750=LINE('',#4926,#1105);
#751=LINE('',#4928,#1106);
#752=LINE('',#4930,#1107);
#753=LINE('',#4932,#1108);
#754=LINE('',#4934,#1109);
#755=LINE('',#4936,#1110);
#756=LINE('',#4939,#1111);
#757=LINE('',#4941,#1112);
#758=LINE('',#4943,#1113);
#759=LINE('',#4945,#1114);
#760=LINE('',#4947,#1115);
#761=LINE('',#4949,#1116);
#762=LINE('',#4951,#1117);
#763=LINE('',#4956,#1118);
#764=LINE('',#4957,#1119);
#765=LINE('',#4958,#1120);
#766=LINE('',#4961,#1121);
#767=LINE('',#4962,#1122);
#768=LINE('',#4965,#1123);
#769=LINE('',#4966,#1124);
#770=LINE('',#4968,#1125);
#771=LINE('',#4970,#1126);
#772=LINE('',#4972,#1127);
#773=LINE('',#4974,#1128);
#774=LINE('',#4976,#1129);
#775=LINE('',#4978,#1130);
#776=LINE('',#4980,#1131);
#777=LINE('',#4983,#1132);
#778=LINE('',#4985,#1133);
#779=LINE('',#4987,#1134);
#780=LINE('',#4989,#1135);
#781=LINE('',#4991,#1136);
#782=LINE('',#4993,#1137);
#783=LINE('',#4995,#1138);
#784=LINE('',#4998,#1139);
#785=LINE('',#5000,#1140);
#786=LINE('',#5002,#1141);
#787=LINE('',#5004,#1142);
#788=LINE('',#5006,#1143);
#789=LINE('',#5008,#1144);
#790=LINE('',#5010,#1145);
#791=LINE('',#5013,#1146);
#792=LINE('',#5015,#1147);
#793=LINE('',#5017,#1148);
#794=LINE('',#5019,#1149);
#795=LINE('',#5021,#1150);
#796=LINE('',#5023,#1151);
#797=LINE('',#5025,#1152);
#798=LINE('',#5028,#1153);
#799=LINE('',#5030,#1154);
#800=LINE('',#5032,#1155);
#801=LINE('',#5034,#1156);
#802=LINE('',#5036,#1157);
#803=LINE('',#5038,#1158);
#804=LINE('',#5040,#1159);
#805=LINE('',#5044,#1160);
#806=LINE('',#5045,#1161);
#807=LINE('',#5047,#1162);
#808=LINE('',#5048,#1163);
#809=VECTOR('',#3340,0.1);
#810=VECTOR('',#3345,1000.);
#811=VECTOR('',#3346,1000.);
#812=VECTOR('',#3347,1000.);
#813=VECTOR('',#3348,1000.);
#814=VECTOR('',#3349,1000.);
#815=VECTOR('',#3350,1000.);
#816=VECTOR('',#3351,1000.);
#817=VECTOR('',#3352,1000.);
#818=VECTOR('',#3355,1000.);
#819=VECTOR('',#3356,1000.);
#820=VECTOR('',#3357,1000.);
#821=VECTOR('',#3360,1000.);
#822=VECTOR('',#3361,1000.);
#823=VECTOR('',#3364,1000.);
#824=VECTOR('',#3365,1000.);
#825=VECTOR('',#3366,1000.);
#826=VECTOR('',#3367,1000.);
#827=VECTOR('',#3368,1000.);
#828=VECTOR('',#3369,1000.);
#829=VECTOR('',#3370,1000.);
#830=VECTOR('',#3371,1000.);
#831=VECTOR('',#3372,1000.);
#832=VECTOR('',#3373,1000.);
#833=VECTOR('',#3374,1000.);
#834=VECTOR('',#3375,1000.);
#835=VECTOR('',#3378,1000.);
#836=VECTOR('',#3379,1000.);
#837=VECTOR('',#3382,1000.);
#838=VECTOR('',#3383,1000.);
#839=VECTOR('',#3386,1000.);
#840=VECTOR('',#3387,1000.);
#841=VECTOR('',#3390,1000.);
#842=VECTOR('',#3391,1000.);
#843=VECTOR('',#3392,1000.);
#844=VECTOR('',#3393,1000.);
#845=VECTOR('',#3394,1000.);
#846=VECTOR('',#3395,1000.);
#847=VECTOR('',#3396,1000.);
#848=VECTOR('',#3397,1000.);
#849=VECTOR('',#3398,1000.);
#850=VECTOR('',#3399,1000.);
#851=VECTOR('',#3400,1000.);
#852=VECTOR('',#3401,1000.);
#853=VECTOR('',#3404,1000.);
#854=VECTOR('',#3407,1000.);
#855=VECTOR('',#3408,1000.);
#856=VECTOR('',#3409,1000.);
#857=VECTOR('',#3412,1000.);
#858=VECTOR('',#3413,1000.);
#859=VECTOR('',#3416,1000.);
#860=VECTOR('',#3417,1000.);
#861=VECTOR('',#3420,1000.);
#862=VECTOR('',#3421,1000.);
#863=VECTOR('',#3422,1000.);
#864=VECTOR('',#3425,1000.);
#865=VECTOR('',#3426,1000.);
#866=VECTOR('',#3427,1000.);
#867=VECTOR('',#3430,1000.);
#868=VECTOR('',#3431,1000.);
#869=VECTOR('',#3432,1000.);
#870=VECTOR('',#3435,1000.);
#871=VECTOR('',#3436,1000.);
#872=VECTOR('',#3437,1000.);
#873=VECTOR('',#3440,1000.);
#874=VECTOR('',#3441,1000.);
#875=VECTOR('',#3442,1000.);
#876=VECTOR('',#3445,1000.);
#877=VECTOR('',#3446,1000.);
#878=VECTOR('',#3447,1000.);
#879=VECTOR('',#3450,1000.);
#880=VECTOR('',#3451,1000.);
#881=VECTOR('',#3452,1000.);
#882=VECTOR('',#3455,1000.);
#883=VECTOR('',#3456,1000.);
#884=VECTOR('',#3457,1000.);
#885=VECTOR('',#3460,1000.);
#886=VECTOR('',#3461,1000.);
#887=VECTOR('',#3462,1000.);
#888=VECTOR('',#3465,1000.);
#889=VECTOR('',#3466,1000.);
#890=VECTOR('',#3467,1000.);
#891=VECTOR('',#3470,1000.);
#892=VECTOR('',#3471,1000.);
#893=VECTOR('',#3474,1000.);
#894=VECTOR('',#3475,1000.);
#895=VECTOR('',#3478,1000.);
#896=VECTOR('',#3479,1000.);
#897=VECTOR('',#3482,1000.);
#898=VECTOR('',#3483,1000.);
#899=VECTOR('',#3486,1000.);
#900=VECTOR('',#3487,1000.);
#901=VECTOR('',#3488,1000.);
#902=VECTOR('',#3491,1000.);
#903=VECTOR('',#3492,1000.);
#904=VECTOR('',#3493,1000.);
#905=VECTOR('',#3496,1000.);
#906=VECTOR('',#3497,1000.);
#907=VECTOR('',#3498,1000.);
#908=VECTOR('',#3501,1000.);
#909=VECTOR('',#3502,1000.);
#910=VECTOR('',#3503,1000.);
#911=VECTOR('',#3506,1000.);
#912=VECTOR('',#3507,1000.);
#913=VECTOR('',#3508,1000.);
#914=VECTOR('',#3511,1000.);
#915=VECTOR('',#3512,1000.);
#916=VECTOR('',#3513,1000.);
#917=VECTOR('',#3516,1000.);
#918=VECTOR('',#3517,1000.);
#919=VECTOR('',#3518,1000.);
#920=VECTOR('',#3521,1000.);
#921=VECTOR('',#3522,1000.);
#922=VECTOR('',#3523,1000.);
#923=VECTOR('',#3526,1000.);
#924=VECTOR('',#3527,1000.);
#925=VECTOR('',#3528,1000.);
#926=VECTOR('',#3531,1000.);
#927=VECTOR('',#3532,1000.);
#928=VECTOR('',#3533,1000.);
#929=VECTOR('',#3536,1000.);
#930=VECTOR('',#3539,1000.);
#931=VECTOR('',#3540,1000.);
#932=VECTOR('',#3541,1000.);
#933=VECTOR('',#3542,1000.);
#934=VECTOR('',#3543,1000.);
#935=VECTOR('',#3544,1000.);
#936=VECTOR('',#3545,1000.);
#937=VECTOR('',#3546,1000.);
#938=VECTOR('',#3547,1000.);
#939=VECTOR('',#3548,1000.);
#940=VECTOR('',#3549,1000.);
#941=VECTOR('',#3550,1000.);
#942=VECTOR('',#3551,1000.);
#943=VECTOR('',#3552,1000.);
#944=VECTOR('',#3553,1000.);
#945=VECTOR('',#3554,1000.);
#946=VECTOR('',#3555,1000.);
#947=VECTOR('',#3556,1000.);
#948=VECTOR('',#3557,1000.);
#949=VECTOR('',#3558,1000.);
#950=VECTOR('',#3559,1000.);
#951=VECTOR('',#3560,1000.);
#952=VECTOR('',#3561,1000.);
#953=VECTOR('',#3562,1000.);
#954=VECTOR('',#3563,1000.);
#955=VECTOR('',#3564,1000.);
#956=VECTOR('',#3565,1000.);
#957=VECTOR('',#3566,1000.);
#958=VECTOR('',#3567,1000.);
#959=VECTOR('',#3568,1000.);
#960=VECTOR('',#3569,1000.);
#961=VECTOR('',#3570,1000.);
#962=VECTOR('',#3571,1000.);
#963=VECTOR('',#3572,1000.);
#964=VECTOR('',#3573,1000.);
#965=VECTOR('',#3574,1000.);
#966=VECTOR('',#3575,1000.);
#967=VECTOR('',#3576,1000.);
#968=VECTOR('',#3581,1000.);
#969=VECTOR('',#3584,1000.);
#970=VECTOR('',#3585,1000.);
#971=VECTOR('',#3586,1000.);
#972=VECTOR('',#3589,1000.);
#973=VECTOR('',#3594,1000.);
#974=VECTOR('',#3601,1000.);
#975=VECTOR('',#3604,1000.);
#976=VECTOR('',#3605,1000.);
#977=VECTOR('',#3606,1000.);
#978=VECTOR('',#3609,1000.);
#979=VECTOR('',#3614,1000.);
#980=VECTOR('',#3617,1000.);
#981=VECTOR('',#3618,1000.);
#982=VECTOR('',#3619,1000.);
#983=VECTOR('',#3622,1000.);
#984=VECTOR('',#3627,1000.);
#985=VECTOR('',#3634,1000.);
#986=VECTOR('',#3637,1000.);
#987=VECTOR('',#3638,1000.);
#988=VECTOR('',#3639,1000.);
#989=VECTOR('',#3642,1000.);
#990=VECTOR('',#3647,1000.);
#991=VECTOR('',#3650,1000.);
#992=VECTOR('',#3651,1000.);
#993=VECTOR('',#3652,1000.);
#994=VECTOR('',#3655,1000.);
#995=VECTOR('',#3660,1000.);
#996=VECTOR('',#3667,1000.);
#997=VECTOR('',#3670,1000.);
#998=VECTOR('',#3671,1000.);
#999=VECTOR('',#3672,1000.);
#1000=VECTOR('',#3675,1000.);
#1001=VECTOR('',#3680,1000.);
#1002=VECTOR('',#3683,1000.);
#1003=VECTOR('',#3684,1000.);
#1004=VECTOR('',#3685,1000.);
#1005=VECTOR('',#3688,1000.);
#1006=VECTOR('',#3693,1000.);
#1007=VECTOR('',#3700,1000.);
#1008=VECTOR('',#3703,1000.);
#1009=VECTOR('',#3704,1000.);
#1010=VECTOR('',#3705,1000.);
#1011=VECTOR('',#3708,1000.);
#1012=VECTOR('',#3713,1000.);
#1013=VECTOR('',#3716,1000.);
#1014=VECTOR('',#3717,1000.);
#1015=VECTOR('',#3718,1000.);
#1016=VECTOR('',#3721,1000.);
#1017=VECTOR('',#3726,1000.);
#1018=VECTOR('',#3733,1000.);
#1019=VECTOR('',#3736,1000.);
#1020=VECTOR('',#3737,1000.);
#1021=VECTOR('',#3738,1000.);
#1022=VECTOR('',#3741,1000.);
#1023=VECTOR('',#3746,1000.);
#1024=VECTOR('',#3749,1000.);
#1025=VECTOR('',#3750,1000.);
#1026=VECTOR('',#3751,1000.);
#1027=VECTOR('',#3754,1000.);
#1028=VECTOR('',#3759,1000.);
#1029=VECTOR('',#3766,1000.);
#1030=VECTOR('',#3769,1000.);
#1031=VECTOR('',#3770,1000.);
#1032=VECTOR('',#3771,1000.);
#1033=VECTOR('',#3774,1000.);
#1034=VECTOR('',#3779,1000.);
#1035=VECTOR('',#3782,1000.);
#1036=VECTOR('',#3783,1000.);
#1037=VECTOR('',#3784,1000.);
#1038=VECTOR('',#3787,1000.);
#1039=VECTOR('',#3792,1000.);
#1040=VECTOR('',#3799,1000.);
#1041=VECTOR('',#3802,1000.);
#1042=VECTOR('',#3803,1000.);
#1043=VECTOR('',#3804,1000.);
#1044=VECTOR('',#3807,1000.);
#1045=VECTOR('',#3812,1000.);
#1046=VECTOR('',#3815,1000.);
#1047=VECTOR('',#3816,1000.);
#1048=VECTOR('',#3817,1000.);
#1049=VECTOR('',#3820,1000.);
#1050=VECTOR('',#3825,1000.);
#1051=VECTOR('',#3832,1000.);
#1052=VECTOR('',#3835,1000.);
#1053=VECTOR('',#3836,1000.);
#1054=VECTOR('',#3837,1000.);
#1055=VECTOR('',#3840,1000.);
#1056=VECTOR('',#3845,1000.);
#1057=VECTOR('',#3848,1000.);
#1058=VECTOR('',#3849,1000.);
#1059=VECTOR('',#3850,1000.);
#1060=VECTOR('',#3853,1000.);
#1061=VECTOR('',#3858,1000.);
#1062=VECTOR('',#3865,1000.);
#1063=VECTOR('',#3868,1000.);
#1064=VECTOR('',#3869,1000.);
#1065=VECTOR('',#3870,1000.);
#1066=VECTOR('',#3873,1000.);
#1067=VECTOR('',#3878,1000.);
#1068=VECTOR('',#3881,1000.);
#1069=VECTOR('',#3882,1000.);
#1070=VECTOR('',#3883,1000.);
#1071=VECTOR('',#3886,1000.);
#1072=VECTOR('',#3891,1000.);
#1073=VECTOR('',#3898,1000.);
#1074=VECTOR('',#3901,1000.);
#1075=VECTOR('',#3902,1000.);
#1076=VECTOR('',#3903,1000.);
#1077=VECTOR('',#3906,1000.);
#1078=VECTOR('',#3909,1000.);
#1079=VECTOR('',#3910,1000.);
#1080=VECTOR('',#3911,1000.);
#1081=VECTOR('',#3914,1000.);
#1082=VECTOR('',#3915,1000.);
#1083=VECTOR('',#3918,1000.);
#1084=VECTOR('',#3921,1000.);
#1085=VECTOR('',#3924,1000.);
#1086=VECTOR('',#3927,1000.);
#1087=VECTOR('',#3930,1000.);
#1088=VECTOR('',#3933,1000.);
#1089=VECTOR('',#3936,1000.);
#1090=VECTOR('',#3941,1000.);
#1091=VECTOR('',#3944,1000.);
#1092=VECTOR('',#3947,1000.);
#1093=VECTOR('',#3950,1000.);
#1094=VECTOR('',#3953,1000.);
#1095=VECTOR('',#3956,1000.);
#1096=VECTOR('',#3959,1000.);
#1097=VECTOR('',#3964,1000.);
#1098=VECTOR('',#3967,1000.);
#1099=VECTOR('',#3970,1000.);
#1100=VECTOR('',#3973,1000.);
#1101=VECTOR('',#3976,1000.);
#1102=VECTOR('',#3979,1000.);
#1103=VECTOR('',#3982,1000.);
#1104=VECTOR('',#3987,1000.);
#1105=VECTOR('',#3990,1000.);
#1106=VECTOR('',#3993,1000.);
#1107=VECTOR('',#3996,1000.);
#1108=VECTOR('',#3999,1000.);
#1109=VECTOR('',#4002,1000.);
#1110=VECTOR('',#4005,1000.);
#1111=VECTOR('',#4010,1000.);
#1112=VECTOR('',#4013,1000.);
#1113=VECTOR('',#4016,1000.);
#1114=VECTOR('',#4019,1000.);
#1115=VECTOR('',#4022,1000.);
#1116=VECTOR('',#4025,1000.);
#1117=VECTOR('',#4028,1000.);
#1118=VECTOR('',#4033,1000.);
#1119=VECTOR('',#4034,1000.);
#1120=VECTOR('',#4035,1000.);
#1121=VECTOR('',#4038,1000.);
#1122=VECTOR('',#4039,1000.);
#1123=VECTOR('',#4042,1000.);
#1124=VECTOR('',#4043,1000.);
#1125=VECTOR('',#4046,1000.);
#1126=VECTOR('',#4049,1000.);
#1127=VECTOR('',#4052,1000.);
#1128=VECTOR('',#4055,1000.);
#1129=VECTOR('',#4058,1000.);
#1130=VECTOR('',#4061,1000.);
#1131=VECTOR('',#4064,1000.);
#1132=VECTOR('',#4069,1000.);
#1133=VECTOR('',#4072,1000.);
#1134=VECTOR('',#4075,1000.);
#1135=VECTOR('',#4078,1000.);
#1136=VECTOR('',#4081,1000.);
#1137=VECTOR('',#4084,1000.);
#1138=VECTOR('',#4087,1000.);
#1139=VECTOR('',#4092,1000.);
#1140=VECTOR('',#4095,1000.);
#1141=VECTOR('',#4098,1000.);
#1142=VECTOR('',#4101,1000.);
#1143=VECTOR('',#4104,1000.);
#1144=VECTOR('',#4107,1000.);
#1145=VECTOR('',#4110,1000.);
#1146=VECTOR('',#4115,1000.);
#1147=VECTOR('',#4118,1000.);
#1148=VECTOR('',#4121,1000.);
#1149=VECTOR('',#4124,1000.);
#1150=VECTOR('',#4127,1000.);
#1151=VECTOR('',#4130,1000.);
#1152=VECTOR('',#4133,1000.);
#1153=VECTOR('',#4138,1000.);
#1154=VECTOR('',#4141,1000.);
#1155=VECTOR('',#4144,1000.);
#1156=VECTOR('',#4147,1000.);
#1157=VECTOR('',#4150,1000.);
#1158=VECTOR('',#4153,1000.);
#1159=VECTOR('',#4156,1000.);
#1160=VECTOR('',#4161,1000.);
#1161=VECTOR('',#4162,1000.);
#1162=VECTOR('',#4165,1000.);
#1163=VECTOR('',#4166,1000.);
#1164=CIRCLE('',#3094,0.1);
#1165=CIRCLE('',#3095,0.1);
#1166=CIRCLE('',#3135,0.2);
#1167=CIRCLE('',#3136,0.0999999999999998);
#1168=CIRCLE('',#3137,0.2);
#1169=CIRCLE('',#3138,0.1);
#1170=CIRCLE('',#3140,0.1);
#1171=CIRCLE('',#3142,0.2);
#1172=CIRCLE('',#3143,0.2);
#1173=CIRCLE('',#3144,0.0999999999999998);
#1174=CIRCLE('',#3146,0.2);
#1175=CIRCLE('',#3147,0.0999999999999998);
#1176=CIRCLE('',#3148,0.2);
#1177=CIRCLE('',#3149,0.1);
#1178=CIRCLE('',#3151,0.1);
#1179=CIRCLE('',#3153,0.2);
#1180=CIRCLE('',#3154,0.2);
#1181=CIRCLE('',#3155,0.0999999999999998);
#1182=CIRCLE('',#3157,0.2);
#1183=CIRCLE('',#3158,0.0999999999999998);
#1184=CIRCLE('',#3159,0.2);
#1185=CIRCLE('',#3160,0.1);
#1186=CIRCLE('',#3162,0.1);
#1187=CIRCLE('',#3164,0.2);
#1188=CIRCLE('',#3165,0.2);
#1189=CIRCLE('',#3166,0.0999999999999998);
#1190=CIRCLE('',#3168,0.2);
#1191=CIRCLE('',#3169,0.0999999999999998);
#1192=CIRCLE('',#3170,0.2);
#1193=CIRCLE('',#3171,0.1);
#1194=CIRCLE('',#3173,0.1);
#1195=CIRCLE('',#3175,0.2);
#1196=CIRCLE('',#3176,0.2);
#1197=CIRCLE('',#3177,0.0999999999999998);
#1198=CIRCLE('',#3179,0.2);
#1199=CIRCLE('',#3180,0.0999999999999998);
#1200=CIRCLE('',#3181,0.2);
#1201=CIRCLE('',#3182,0.1);
#1202=CIRCLE('',#3184,0.1);
#1203=CIRCLE('',#3186,0.2);
#1204=CIRCLE('',#3187,0.2);
#1205=CIRCLE('',#3188,0.0999999999999998);
#1206=CIRCLE('',#3190,0.2);
#1207=CIRCLE('',#3191,0.0999999999999998);
#1208=CIRCLE('',#3192,0.2);
#1209=CIRCLE('',#3193,0.1);
#1210=CIRCLE('',#3195,0.1);
#1211=CIRCLE('',#3197,0.2);
#1212=CIRCLE('',#3198,0.2);
#1213=CIRCLE('',#3199,0.0999999999999998);
#1214=CIRCLE('',#3201,0.2);
#1215=CIRCLE('',#3202,0.0999999999999998);
#1216=CIRCLE('',#3203,0.2);
#1217=CIRCLE('',#3204,0.1);
#1218=CIRCLE('',#3206,0.1);
#1219=CIRCLE('',#3208,0.2);
#1220=CIRCLE('',#3209,0.2);
#1221=CIRCLE('',#3210,0.0999999999999998);
#1222=CIRCLE('',#3212,0.2);
#1223=CIRCLE('',#3213,0.0999999999999998);
#1224=CIRCLE('',#3214,0.2);
#1225=CIRCLE('',#3215,0.1);
#1226=CIRCLE('',#3217,0.1);
#1227=CIRCLE('',#3219,0.2);
#1228=CIRCLE('',#3220,0.2);
#1229=CIRCLE('',#3221,0.0999999999999998);
#1230=CIRCLE('',#3223,0.2);
#1231=CIRCLE('',#3224,0.0999999999999998);
#1232=CIRCLE('',#3225,0.2);
#1233=CIRCLE('',#3226,0.1);
#1234=CIRCLE('',#3228,0.1);
#1235=CIRCLE('',#3230,0.2);
#1236=CIRCLE('',#3231,0.2);
#1237=CIRCLE('',#3232,0.0999999999999998);
#1238=CIRCLE('',#3234,0.2);
#1239=CIRCLE('',#3235,0.0999999999999998);
#1240=CIRCLE('',#3236,0.2);
#1241=CIRCLE('',#3237,0.1);
#1242=CIRCLE('',#3239,0.1);
#1243=CIRCLE('',#3241,0.2);
#1244=CIRCLE('',#3242,0.2);
#1245=CIRCLE('',#3243,0.0999999999999998);
#1246=VERTEX_POINT('',#4175);
#1247=VERTEX_POINT('',#4177);
#1248=VERTEX_POINT('',#4181);
#1249=VERTEX_POINT('',#4182);
#1250=VERTEX_POINT('',#4184);
#1251=VERTEX_POINT('',#4186);
#1252=VERTEX_POINT('',#4188);
#1253=VERTEX_POINT('',#4190);
#1254=VERTEX_POINT('',#4192);
#1255=VERTEX_POINT('',#4194);
#1256=VERTEX_POINT('',#4198);
#1257=VERTEX_POINT('',#4199);
#1258=VERTEX_POINT('',#4204);
#1259=VERTEX_POINT('',#4208);
#1260=VERTEX_POINT('',#4210);
#1261=VERTEX_POINT('',#4212);
#1262=VERTEX_POINT('',#4214);
#1263=VERTEX_POINT('',#4216);
#1264=VERTEX_POINT('',#4218);
#1265=VERTEX_POINT('',#4220);
#1266=VERTEX_POINT('',#4222);
#1267=VERTEX_POINT('',#4224);
#1268=VERTEX_POINT('',#4226);
#1269=VERTEX_POINT('',#4228);
#1270=VERTEX_POINT('',#4232);
#1271=VERTEX_POINT('',#4236);
#1272=VERTEX_POINT('',#4240);
#1273=VERTEX_POINT('',#4244);
#1274=VERTEX_POINT('',#4246);
#1275=VERTEX_POINT('',#4248);
#1276=VERTEX_POINT('',#4250);
#1277=VERTEX_POINT('',#4252);
#1278=VERTEX_POINT('',#4254);
#1279=VERTEX_POINT('',#4256);
#1280=VERTEX_POINT('',#4258);
#1281=VERTEX_POINT('',#4260);
#1282=VERTEX_POINT('',#4262);
#1283=VERTEX_POINT('',#4264);
#1284=VERTEX_POINT('',#4270);
#1285=VERTEX_POINT('',#4271);
#1286=VERTEX_POINT('',#4276);
#1287=VERTEX_POINT('',#4280);
#1288=VERTEX_POINT('',#4284);
#1289=VERTEX_POINT('',#4286);
#1290=VERTEX_POINT('',#4290);
#1291=VERTEX_POINT('',#4292);
#1292=VERTEX_POINT('',#4296);
#1293=VERTEX_POINT('',#4298);
#1294=VERTEX_POINT('',#4302);
#1295=VERTEX_POINT('',#4304);
#1296=VERTEX_POINT('',#4308);
#1297=VERTEX_POINT('',#4310);
#1298=VERTEX_POINT('',#4314);
#1299=VERTEX_POINT('',#4316);
#1300=VERTEX_POINT('',#4320);
#1301=VERTEX_POINT('',#4322);
#1302=VERTEX_POINT('',#4326);
#1303=VERTEX_POINT('',#4328);
#1304=VERTEX_POINT('',#4332);
#1305=VERTEX_POINT('',#4334);
#1306=VERTEX_POINT('',#4338);
#1307=VERTEX_POINT('',#4340);
#1308=VERTEX_POINT('',#4344);
#1309=VERTEX_POINT('',#4348);
#1310=VERTEX_POINT('',#4352);
#1311=VERTEX_POINT('',#4356);
#1312=VERTEX_POINT('',#4360);
#1313=VERTEX_POINT('',#4362);
#1314=VERTEX_POINT('',#4366);
#1315=VERTEX_POINT('',#4368);
#1316=VERTEX_POINT('',#4372);
#1317=VERTEX_POINT('',#4374);
#1318=VERTEX_POINT('',#4378);
#1319=VERTEX_POINT('',#4380);
#1320=VERTEX_POINT('',#4384);
#1321=VERTEX_POINT('',#4386);
#1322=VERTEX_POINT('',#4390);
#1323=VERTEX_POINT('',#4392);
#1324=VERTEX_POINT('',#4396);
#1325=VERTEX_POINT('',#4398);
#1326=VERTEX_POINT('',#4402);
#1327=VERTEX_POINT('',#4404);
#1328=VERTEX_POINT('',#4408);
#1329=VERTEX_POINT('',#4410);
#1330=VERTEX_POINT('',#4414);
#1331=VERTEX_POINT('',#4416);
#1332=VERTEX_POINT('',#4422);
#1333=VERTEX_POINT('',#4424);
#1334=VERTEX_POINT('',#4427);
#1335=VERTEX_POINT('',#4429);
#1336=VERTEX_POINT('',#4432);
#1337=VERTEX_POINT('',#4434);
#1338=VERTEX_POINT('',#4437);
#1339=VERTEX_POINT('',#4439);
#1340=VERTEX_POINT('',#4442);
#1341=VERTEX_POINT('',#4444);
#1342=VERTEX_POINT('',#4447);
#1343=VERTEX_POINT('',#4449);
#1344=VERTEX_POINT('',#4452);
#1345=VERTEX_POINT('',#4454);
#1346=VERTEX_POINT('',#4457);
#1347=VERTEX_POINT('',#4459);
#1348=VERTEX_POINT('',#4462);
#1349=VERTEX_POINT('',#4464);
#1350=VERTEX_POINT('',#4467);
#1351=VERTEX_POINT('',#4469);
#1352=VERTEX_POINT('',#4472);
#1353=VERTEX_POINT('',#4473);
#1354=VERTEX_POINT('',#4475);
#1355=VERTEX_POINT('',#4477);
#1356=VERTEX_POINT('',#4479);
#1357=VERTEX_POINT('',#4481);
#1358=VERTEX_POINT('',#4483);
#1359=VERTEX_POINT('',#4485);
#1360=VERTEX_POINT('',#4489);
#1361=VERTEX_POINT('',#4491);
#1362=VERTEX_POINT('',#4493);
#1363=VERTEX_POINT('',#4495);
#1364=VERTEX_POINT('',#4497);
#1365=VERTEX_POINT('',#4499);
#1366=VERTEX_POINT('',#4501);
#1367=VERTEX_POINT('',#4503);
#1368=VERTEX_POINT('',#4507);
#1369=VERTEX_POINT('',#4511);
#1370=VERTEX_POINT('',#4513);
#1371=VERTEX_POINT('',#4515);
#1372=VERTEX_POINT('',#4517);
#1373=VERTEX_POINT('',#4519);
#1374=VERTEX_POINT('',#4521);
#1375=VERTEX_POINT('',#4523);
#1376=VERTEX_POINT('',#4527);
#1377=VERTEX_POINT('',#4529);
#1378=VERTEX_POINT('',#4531);
#1379=VERTEX_POINT('',#4533);
#1380=VERTEX_POINT('',#4535);
#1381=VERTEX_POINT('',#4537);
#1382=VERTEX_POINT('',#4539);
#1383=VERTEX_POINT('',#4541);
#1384=VERTEX_POINT('',#4545);
#1385=VERTEX_POINT('',#4549);
#1386=VERTEX_POINT('',#4551);
#1387=VERTEX_POINT('',#4553);
#1388=VERTEX_POINT('',#4555);
#1389=VERTEX_POINT('',#4557);
#1390=VERTEX_POINT('',#4559);
#1391=VERTEX_POINT('',#4561);
#1392=VERTEX_POINT('',#4565);
#1393=VERTEX_POINT('',#4567);
#1394=VERTEX_POINT('',#4569);
#1395=VERTEX_POINT('',#4571);
#1396=VERTEX_POINT('',#4573);
#1397=VERTEX_POINT('',#4575);
#1398=VERTEX_POINT('',#4577);
#1399=VERTEX_POINT('',#4579);
#1400=VERTEX_POINT('',#4583);
#1401=VERTEX_POINT('',#4587);
#1402=VERTEX_POINT('',#4589);
#1403=VERTEX_POINT('',#4591);
#1404=VERTEX_POINT('',#4593);
#1405=VERTEX_POINT('',#4595);
#1406=VERTEX_POINT('',#4597);
#1407=VERTEX_POINT('',#4599);
#1408=VERTEX_POINT('',#4603);
#1409=VERTEX_POINT('',#4605);
#1410=VERTEX_POINT('',#4607);
#1411=VERTEX_POINT('',#4609);
#1412=VERTEX_POINT('',#4611);
#1413=VERTEX_POINT('',#4613);
#1414=VERTEX_POINT('',#4615);
#1415=VERTEX_POINT('',#4617);
#1416=VERTEX_POINT('',#4621);
#1417=VERTEX_POINT('',#4625);
#1418=VERTEX_POINT('',#4627);
#1419=VERTEX_POINT('',#4629);
#1420=VERTEX_POINT('',#4631);
#1421=VERTEX_POINT('',#4633);
#1422=VERTEX_POINT('',#4635);
#1423=VERTEX_POINT('',#4637);
#1424=VERTEX_POINT('',#4641);
#1425=VERTEX_POINT('',#4643);
#1426=VERTEX_POINT('',#4645);
#1427=VERTEX_POINT('',#4647);
#1428=VERTEX_POINT('',#4649);
#1429=VERTEX_POINT('',#4651);
#1430=VERTEX_POINT('',#4653);
#1431=VERTEX_POINT('',#4655);
#1432=VERTEX_POINT('',#4659);
#1433=VERTEX_POINT('',#4663);
#1434=VERTEX_POINT('',#4665);
#1435=VERTEX_POINT('',#4667);
#1436=VERTEX_POINT('',#4669);
#1437=VERTEX_POINT('',#4671);
#1438=VERTEX_POINT('',#4673);
#1439=VERTEX_POINT('',#4675);
#1440=VERTEX_POINT('',#4679);
#1441=VERTEX_POINT('',#4681);
#1442=VERTEX_POINT('',#4683);
#1443=VERTEX_POINT('',#4685);
#1444=VERTEX_POINT('',#4687);
#1445=VERTEX_POINT('',#4689);
#1446=VERTEX_POINT('',#4691);
#1447=VERTEX_POINT('',#4693);
#1448=VERTEX_POINT('',#4697);
#1449=VERTEX_POINT('',#4701);
#1450=VERTEX_POINT('',#4703);
#1451=VERTEX_POINT('',#4705);
#1452=VERTEX_POINT('',#4707);
#1453=VERTEX_POINT('',#4709);
#1454=VERTEX_POINT('',#4711);
#1455=VERTEX_POINT('',#4713);
#1456=VERTEX_POINT('',#4717);
#1457=VERTEX_POINT('',#4719);
#1458=VERTEX_POINT('',#4721);
#1459=VERTEX_POINT('',#4723);
#1460=VERTEX_POINT('',#4725);
#1461=VERTEX_POINT('',#4727);
#1462=VERTEX_POINT('',#4729);
#1463=VERTEX_POINT('',#4731);
#1464=VERTEX_POINT('',#4735);
#1465=VERTEX_POINT('',#4739);
#1466=VERTEX_POINT('',#4741);
#1467=VERTEX_POINT('',#4743);
#1468=VERTEX_POINT('',#4745);
#1469=VERTEX_POINT('',#4747);
#1470=VERTEX_POINT('',#4749);
#1471=VERTEX_POINT('',#4751);
#1472=VERTEX_POINT('',#4755);
#1473=VERTEX_POINT('',#4757);
#1474=VERTEX_POINT('',#4759);
#1475=VERTEX_POINT('',#4761);
#1476=VERTEX_POINT('',#4763);
#1477=VERTEX_POINT('',#4765);
#1478=VERTEX_POINT('',#4767);
#1479=VERTEX_POINT('',#4769);
#1480=VERTEX_POINT('',#4773);
#1481=VERTEX_POINT('',#4777);
#1482=VERTEX_POINT('',#4779);
#1483=VERTEX_POINT('',#4781);
#1484=VERTEX_POINT('',#4783);
#1485=VERTEX_POINT('',#4785);
#1486=VERTEX_POINT('',#4787);
#1487=VERTEX_POINT('',#4789);
#1488=VERTEX_POINT('',#4793);
#1489=VERTEX_POINT('',#4795);
#1490=VERTEX_POINT('',#4797);
#1491=VERTEX_POINT('',#4799);
#1492=VERTEX_POINT('',#4801);
#1493=VERTEX_POINT('',#4803);
#1494=VERTEX_POINT('',#4805);
#1495=VERTEX_POINT('',#4807);
#1496=VERTEX_POINT('',#4811);
#1497=VERTEX_POINT('',#4815);
#1498=VERTEX_POINT('',#4817);
#1499=VERTEX_POINT('',#4819);
#1500=VERTEX_POINT('',#4821);
#1501=VERTEX_POINT('',#4823);
#1502=VERTEX_POINT('',#4825);
#1503=VERTEX_POINT('',#4827);
#1504=VERTEX_POINT('',#4831);
#1505=VERTEX_POINT('',#4833);
#1506=VERTEX_POINT('',#4835);
#1507=VERTEX_POINT('',#4837);
#1508=VERTEX_POINT('',#4839);
#1509=VERTEX_POINT('',#4841);
#1510=VERTEX_POINT('',#4843);
#1511=VERTEX_POINT('',#4845);
#1512=VERTEX_POINT('',#4849);
#1513=VERTEX_POINT('',#4853);
#1514=VERTEX_POINT('',#4855);
#1515=VERTEX_POINT('',#4857);
#1516=VERTEX_POINT('',#4859);
#1517=VERTEX_POINT('',#4861);
#1518=VERTEX_POINT('',#4863);
#1519=VERTEX_POINT('',#4865);
#1520=VERTEX_POINT('',#4869);
#1521=VERTEX_POINT('',#4870);
#1522=VERTEX_POINT('',#4875);
#1523=VERTEX_POINT('',#4954);
#1524=VERTEX_POINT('',#4955);
#1525=VERTEX_POINT('',#4960);
#1526=VERTEX_POINT('',#4964);
#1527=VERTEX_POINT('',#5043);
#1528=EDGE_CURVE('',#1246,#1246,#1164,.T.);
#1529=EDGE_CURVE('',#1246,#1247,#454,.T.);
#1530=EDGE_CURVE('',#1247,#1247,#1165,.T.);
#1531=EDGE_CURVE('',#1248,#1249,#455,.T.);
#1532=EDGE_CURVE('',#1250,#1248,#456,.T.);
#1533=EDGE_CURVE('',#1251,#1250,#457,.T.);
#1534=EDGE_CURVE('',#1252,#1251,#458,.T.);
#1535=EDGE_CURVE('',#1253,#1252,#459,.T.);
#1536=EDGE_CURVE('',#1254,#1253,#460,.T.);
#1537=EDGE_CURVE('',#1255,#1254,#461,.T.);
#1538=EDGE_CURVE('',#1249,#1255,#462,.T.);
#1539=EDGE_CURVE('',#1256,#1257,#463,.T.);
#1540=EDGE_CURVE('',#1249,#1256,#464,.T.);
#1541=EDGE_CURVE('',#1257,#1255,#465,.T.);
#1542=EDGE_CURVE('',#1258,#1256,#466,.T.);
#1543=EDGE_CURVE('',#1248,#1258,#467,.T.);
#1544=EDGE_CURVE('',#1259,#1258,#468,.T.);
#1545=EDGE_CURVE('',#1260,#1259,#469,.T.);
#1546=EDGE_CURVE('',#1261,#1260,#470,.T.);
#1547=EDGE_CURVE('',#1262,#1261,#471,.T.);
#1548=EDGE_CURVE('',#1263,#1262,#472,.T.);
#1549=EDGE_CURVE('',#1264,#1263,#473,.T.);
#1550=EDGE_CURVE('',#1265,#1264,#474,.T.);
#1551=EDGE_CURVE('',#1266,#1265,#475,.T.);
#1552=EDGE_CURVE('',#1267,#1266,#476,.T.);
#1553=EDGE_CURVE('',#1268,#1267,#477,.T.);
#1554=EDGE_CURVE('',#1269,#1268,#478,.T.);
#1555=EDGE_CURVE('',#1250,#1269,#479,.T.);
#1556=EDGE_CURVE('',#1270,#1269,#480,.T.);
#1557=EDGE_CURVE('',#1251,#1270,#481,.T.);
#1558=EDGE_CURVE('',#1271,#1270,#482,.T.);
#1559=EDGE_CURVE('',#1252,#1271,#483,.T.);
#1560=EDGE_CURVE('',#1272,#1271,#484,.T.);
#1561=EDGE_CURVE('',#1253,#1272,#485,.T.);
#1562=EDGE_CURVE('',#1273,#1272,#486,.T.);
#1563=EDGE_CURVE('',#1274,#1273,#487,.T.);
#1564=EDGE_CURVE('',#1275,#1274,#488,.T.);
#1565=EDGE_CURVE('',#1276,#1275,#489,.T.);
#1566=EDGE_CURVE('',#1277,#1276,#490,.T.);
#1567=EDGE_CURVE('',#1278,#1277,#491,.T.);
#1568=EDGE_CURVE('',#1279,#1278,#492,.T.);
#1569=EDGE_CURVE('',#1280,#1279,#493,.T.);
#1570=EDGE_CURVE('',#1281,#1280,#494,.T.);
#1571=EDGE_CURVE('',#1282,#1281,#495,.T.);
#1572=EDGE_CURVE('',#1283,#1282,#496,.T.);
#1573=EDGE_CURVE('',#1254,#1283,#497,.T.);
#1574=EDGE_CURVE('',#1257,#1283,#498,.T.);
#1575=EDGE_CURVE('',#1284,#1285,#499,.T.);
#1576=EDGE_CURVE('',#1256,#1284,#500,.T.);
#1577=EDGE_CURVE('',#1285,#1257,#501,.T.);
#1578=EDGE_CURVE('',#1286,#1284,#502,.T.);
#1579=EDGE_CURVE('',#1258,#1286,#503,.T.);
#1580=EDGE_CURVE('',#1259,#1287,#504,.T.);
#1581=EDGE_CURVE('',#1287,#1286,#505,.T.);
#1582=EDGE_CURVE('',#1260,#1288,#506,.T.);
#1583=EDGE_CURVE('',#1289,#1259,#507,.T.);
#1584=EDGE_CURVE('',#1288,#1289,#508,.T.);
#1585=EDGE_CURVE('',#1261,#1290,#509,.T.);
#1586=EDGE_CURVE('',#1291,#1260,#510,.T.);
#1587=EDGE_CURVE('',#1290,#1291,#511,.T.);
#1588=EDGE_CURVE('',#1262,#1292,#512,.T.);
#1589=EDGE_CURVE('',#1293,#1261,#513,.T.);
#1590=EDGE_CURVE('',#1292,#1293,#514,.T.);
#1591=EDGE_CURVE('',#1263,#1294,#515,.T.);
#1592=EDGE_CURVE('',#1295,#1262,#516,.T.);
#1593=EDGE_CURVE('',#1294,#1295,#517,.T.);
#1594=EDGE_CURVE('',#1264,#1296,#518,.T.);
#1595=EDGE_CURVE('',#1297,#1263,#519,.T.);
#1596=EDGE_CURVE('',#1296,#1297,#520,.T.);
#1597=EDGE_CURVE('',#1265,#1298,#521,.T.);
#1598=EDGE_CURVE('',#1299,#1264,#522,.T.);
#1599=EDGE_CURVE('',#1298,#1299,#523,.T.);
#1600=EDGE_CURVE('',#1266,#1300,#524,.T.);
#1601=EDGE_CURVE('',#1301,#1265,#525,.T.);
#1602=EDGE_CURVE('',#1300,#1301,#526,.T.);
#1603=EDGE_CURVE('',#1267,#1302,#527,.T.);
#1604=EDGE_CURVE('',#1303,#1266,#528,.T.);
#1605=EDGE_CURVE('',#1302,#1303,#529,.T.);
#1606=EDGE_CURVE('',#1268,#1304,#530,.T.);
#1607=EDGE_CURVE('',#1305,#1267,#531,.T.);
#1608=EDGE_CURVE('',#1304,#1305,#532,.T.);
#1609=EDGE_CURVE('',#1269,#1306,#533,.T.);
#1610=EDGE_CURVE('',#1307,#1268,#534,.T.);
#1611=EDGE_CURVE('',#1306,#1307,#535,.T.);
#1612=EDGE_CURVE('',#1308,#1306,#536,.T.);
#1613=EDGE_CURVE('',#1270,#1308,#537,.T.);
#1614=EDGE_CURVE('',#1309,#1308,#538,.T.);
#1615=EDGE_CURVE('',#1271,#1309,#539,.T.);
#1616=EDGE_CURVE('',#1310,#1309,#540,.T.);
#1617=EDGE_CURVE('',#1272,#1310,#541,.T.);
#1618=EDGE_CURVE('',#1273,#1311,#542,.T.);
#1619=EDGE_CURVE('',#1311,#1310,#543,.T.);
#1620=EDGE_CURVE('',#1274,#1312,#544,.T.);
#1621=EDGE_CURVE('',#1313,#1273,#545,.T.);
#1622=EDGE_CURVE('',#1312,#1313,#546,.T.);
#1623=EDGE_CURVE('',#1275,#1314,#547,.T.);
#1624=EDGE_CURVE('',#1315,#1274,#548,.T.);
#1625=EDGE_CURVE('',#1314,#1315,#549,.T.);
#1626=EDGE_CURVE('',#1276,#1316,#550,.T.);
#1627=EDGE_CURVE('',#1317,#1275,#551,.T.);
#1628=EDGE_CURVE('',#1316,#1317,#552,.T.);
#1629=EDGE_CURVE('',#1277,#1318,#553,.T.);
#1630=EDGE_CURVE('',#1319,#1276,#554,.T.);
#1631=EDGE_CURVE('',#1318,#1319,#555,.T.);
#1632=EDGE_CURVE('',#1278,#1320,#556,.T.);
#1633=EDGE_CURVE('',#1321,#1277,#557,.T.);
#1634=EDGE_CURVE('',#1320,#1321,#558,.T.);
#1635=EDGE_CURVE('',#1279,#1322,#559,.T.);
#1636=EDGE_CURVE('',#1323,#1278,#560,.T.);
#1637=EDGE_CURVE('',#1322,#1323,#561,.T.);
#1638=EDGE_CURVE('',#1280,#1324,#562,.T.);
#1639=EDGE_CURVE('',#1325,#1279,#563,.T.);
#1640=EDGE_CURVE('',#1324,#1325,#564,.T.);
#1641=EDGE_CURVE('',#1281,#1326,#565,.T.);
#1642=EDGE_CURVE('',#1327,#1280,#566,.T.);
#1643=EDGE_CURVE('',#1326,#1327,#567,.T.);
#1644=EDGE_CURVE('',#1282,#1328,#568,.T.);
#1645=EDGE_CURVE('',#1329,#1281,#569,.T.);
#1646=EDGE_CURVE('',#1328,#1329,#570,.T.);
#1647=EDGE_CURVE('',#1283,#1330,#571,.T.);
#1648=EDGE_CURVE('',#1331,#1282,#572,.T.);
#1649=EDGE_CURVE('',#1330,#1331,#573,.T.);
#1650=EDGE_CURVE('',#1285,#1330,#574,.T.);
#1651=EDGE_CURVE('',#1332,#1331,#575,.T.);
#1652=EDGE_CURVE('',#1333,#1332,#576,.T.);
#1653=EDGE_CURVE('',#1333,#1326,#577,.T.);
#1654=EDGE_CURVE('',#1334,#1327,#578,.T.);
#1655=EDGE_CURVE('',#1335,#1334,#579,.T.);
#1656=EDGE_CURVE('',#1335,#1322,#580,.T.);
#1657=EDGE_CURVE('',#1336,#1323,#581,.T.);
#1658=EDGE_CURVE('',#1337,#1336,#582,.T.);
#1659=EDGE_CURVE('',#1337,#1318,#583,.T.);
#1660=EDGE_CURVE('',#1338,#1319,#584,.T.);
#1661=EDGE_CURVE('',#1339,#1338,#585,.T.);
#1662=EDGE_CURVE('',#1339,#1314,#586,.T.);
#1663=EDGE_CURVE('',#1340,#1315,#587,.T.);
#1664=EDGE_CURVE('',#1341,#1340,#588,.T.);
#1665=EDGE_CURVE('',#1341,#1311,#589,.T.);
#1666=EDGE_CURVE('',#1342,#1307,#590,.T.);
#1667=EDGE_CURVE('',#1343,#1342,#591,.T.);
#1668=EDGE_CURVE('',#1343,#1302,#592,.T.);
#1669=EDGE_CURVE('',#1344,#1303,#593,.T.);
#1670=EDGE_CURVE('',#1345,#1344,#594,.T.);
#1671=EDGE_CURVE('',#1345,#1298,#595,.T.);
#1672=EDGE_CURVE('',#1346,#1299,#596,.T.);
#1673=EDGE_CURVE('',#1347,#1346,#597,.T.);
#1674=EDGE_CURVE('',#1347,#1294,#598,.T.);
#1675=EDGE_CURVE('',#1348,#1295,#599,.T.);
#1676=EDGE_CURVE('',#1349,#1348,#600,.T.);
#1677=EDGE_CURVE('',#1349,#1290,#601,.T.);
#1678=EDGE_CURVE('',#1350,#1291,#602,.T.);
#1679=EDGE_CURVE('',#1351,#1350,#603,.T.);
#1680=EDGE_CURVE('',#1351,#1287,#604,.T.);
#1681=EDGE_CURVE('',#1352,#1353,#605,.T.);
#1682=EDGE_CURVE('',#1354,#1352,#606,.T.);
#1683=EDGE_CURVE('',#1354,#1355,#607,.T.);
#1684=EDGE_CURVE('',#1356,#1355,#608,.T.);
#1685=EDGE_CURVE('',#1357,#1356,#609,.T.);
#1686=EDGE_CURVE('',#1358,#1357,#610,.T.);
#1687=EDGE_CURVE('',#1358,#1359,#611,.T.);
#1688=EDGE_CURVE('',#1353,#1359,#612,.T.);
#1689=EDGE_CURVE('',#1360,#1351,#1166,.T.);
#1690=EDGE_CURVE('',#1361,#1360,#613,.T.);
#1691=EDGE_CURVE('',#1362,#1361,#1167,.T.);
#1692=EDGE_CURVE('',#1363,#1362,#614,.T.);
#1693=EDGE_CURVE('',#1364,#1363,#615,.T.);
#1694=EDGE_CURVE('',#1365,#1364,#616,.T.);
#1695=EDGE_CURVE('',#1366,#1365,#1168,.T.);
#1696=EDGE_CURVE('',#1367,#1366,#617,.T.);
#1697=EDGE_CURVE('',#1289,#1367,#1169,.T.);
#1698=EDGE_CURVE('',#1368,#1367,#618,.T.);
#1699=EDGE_CURVE('',#1288,#1368,#1170,.T.);
#1700=EDGE_CURVE('',#1369,#1350,#1171,.T.);
#1701=EDGE_CURVE('',#1368,#1370,#619,.T.);
#1702=EDGE_CURVE('',#1370,#1371,#1172,.T.);
#1703=EDGE_CURVE('',#1371,#1372,#620,.T.);
#1704=EDGE_CURVE('',#1372,#1373,#621,.T.);
#1705=EDGE_CURVE('',#1373,#1374,#622,.T.);
#1706=EDGE_CURVE('',#1374,#1375,#1173,.T.);
#1707=EDGE_CURVE('',#1375,#1369,#623,.T.);
#1708=EDGE_CURVE('',#1376,#1349,#1174,.T.);
#1709=EDGE_CURVE('',#1377,#1376,#624,.T.);
#1710=EDGE_CURVE('',#1378,#1377,#1175,.T.);
#1711=EDGE_CURVE('',#1379,#1378,#625,.T.);
#1712=EDGE_CURVE('',#1380,#1379,#626,.T.);
#1713=EDGE_CURVE('',#1381,#1380,#627,.T.);
#1714=EDGE_CURVE('',#1382,#1381,#1176,.T.);
#1715=EDGE_CURVE('',#1383,#1382,#628,.T.);
#1716=EDGE_CURVE('',#1293,#1383,#1177,.T.);
#1717=EDGE_CURVE('',#1384,#1383,#629,.T.);
#1718=EDGE_CURVE('',#1292,#1384,#1178,.T.);
#1719=EDGE_CURVE('',#1385,#1348,#1179,.T.);
#1720=EDGE_CURVE('',#1384,#1386,#630,.T.);
#1721=EDGE_CURVE('',#1386,#1387,#1180,.T.);
#1722=EDGE_CURVE('',#1387,#1388,#631,.T.);
#1723=EDGE_CURVE('',#1388,#1389,#632,.T.);
#1724=EDGE_CURVE('',#1389,#1390,#633,.T.);
#1725=EDGE_CURVE('',#1390,#1391,#1181,.T.);
#1726=EDGE_CURVE('',#1391,#1385,#634,.T.);
#1727=EDGE_CURVE('',#1392,#1347,#1182,.T.);
#1728=EDGE_CURVE('',#1393,#1392,#635,.T.);
#1729=EDGE_CURVE('',#1394,#1393,#1183,.T.);
#1730=EDGE_CURVE('',#1395,#1394,#636,.T.);
#1731=EDGE_CURVE('',#1396,#1395,#637,.T.);
#1732=EDGE_CURVE('',#1397,#1396,#638,.T.);
#1733=EDGE_CURVE('',#1398,#1397,#1184,.T.);
#1734=EDGE_CURVE('',#1399,#1398,#639,.T.);
#1735=EDGE_CURVE('',#1297,#1399,#1185,.T.);
#1736=EDGE_CURVE('',#1400,#1399,#640,.T.);
#1737=EDGE_CURVE('',#1296,#1400,#1186,.T.);
#1738=EDGE_CURVE('',#1401,#1346,#1187,.T.);
#1739=EDGE_CURVE('',#1400,#1402,#641,.T.);
#1740=EDGE_CURVE('',#1402,#1403,#1188,.T.);
#1741=EDGE_CURVE('',#1403,#1404,#642,.T.);
#1742=EDGE_CURVE('',#1404,#1405,#643,.T.);
#1743=EDGE_CURVE('',#1405,#1406,#644,.T.);
#1744=EDGE_CURVE('',#1406,#1407,#1189,.T.);
#1745=EDGE_CURVE('',#1407,#1401,#645,.T.);
#1746=EDGE_CURVE('',#1408,#1345,#1190,.T.);
#1747=EDGE_CURVE('',#1409,#1408,#646,.T.);
#1748=EDGE_CURVE('',#1410,#1409,#1191,.T.);
#1749=EDGE_CURVE('',#1411,#1410,#647,.T.);
#1750=EDGE_CURVE('',#1412,#1411,#648,.T.);
#1751=EDGE_CURVE('',#1413,#1412,#649,.T.);
#1752=EDGE_CURVE('',#1414,#1413,#1192,.T.);
#1753=EDGE_CURVE('',#1415,#1414,#650,.T.);
#1754=EDGE_CURVE('',#1301,#1415,#1193,.T.);
#1755=EDGE_CURVE('',#1416,#1415,#651,.T.);
#1756=EDGE_CURVE('',#1300,#1416,#1194,.T.);
#1757=EDGE_CURVE('',#1417,#1344,#1195,.T.);
#1758=EDGE_CURVE('',#1416,#1418,#652,.T.);
#1759=EDGE_CURVE('',#1418,#1419,#1196,.T.);
#1760=EDGE_CURVE('',#1419,#1420,#653,.T.);
#1761=EDGE_CURVE('',#1420,#1421,#654,.T.);
#1762=EDGE_CURVE('',#1421,#1422,#655,.T.);
#1763=EDGE_CURVE('',#1422,#1423,#1197,.T.);
#1764=EDGE_CURVE('',#1423,#1417,#656,.T.);
#1765=EDGE_CURVE('',#1424,#1343,#1198,.T.);
#1766=EDGE_CURVE('',#1425,#1424,#657,.T.);
#1767=EDGE_CURVE('',#1426,#1425,#1199,.T.);
#1768=EDGE_CURVE('',#1427,#1426,#658,.T.);
#1769=EDGE_CURVE('',#1428,#1427,#659,.T.);
#1770=EDGE_CURVE('',#1429,#1428,#660,.T.);
#1771=EDGE_CURVE('',#1430,#1429,#1200,.T.);
#1772=EDGE_CURVE('',#1431,#1430,#661,.T.);
#1773=EDGE_CURVE('',#1305,#1431,#1201,.T.);
#1774=EDGE_CURVE('',#1432,#1431,#662,.T.);
#1775=EDGE_CURVE('',#1304,#1432,#1202,.T.);
#1776=EDGE_CURVE('',#1433,#1342,#1203,.T.);
#1777=EDGE_CURVE('',#1432,#1434,#663,.T.);
#1778=EDGE_CURVE('',#1434,#1435,#1204,.T.);
#1779=EDGE_CURVE('',#1435,#1436,#664,.T.);
#1780=EDGE_CURVE('',#1436,#1437,#665,.T.);
#1781=EDGE_CURVE('',#1437,#1438,#666,.T.);
#1782=EDGE_CURVE('',#1438,#1439,#1205,.T.);
#1783=EDGE_CURVE('',#1439,#1433,#667,.T.);
#1784=EDGE_CURVE('',#1440,#1341,#1206,.T.);
#1785=EDGE_CURVE('',#1441,#1440,#668,.T.);
#1786=EDGE_CURVE('',#1442,#1441,#1207,.T.);
#1787=EDGE_CURVE('',#1443,#1442,#669,.T.);
#1788=EDGE_CURVE('',#1444,#1443,#670,.T.);
#1789=EDGE_CURVE('',#1445,#1444,#671,.T.);
#1790=EDGE_CURVE('',#1446,#1445,#1208,.T.);
#1791=EDGE_CURVE('',#1447,#1446,#672,.T.);
#1792=EDGE_CURVE('',#1313,#1447,#1209,.T.);
#1793=EDGE_CURVE('',#1448,#1447,#673,.T.);
#1794=EDGE_CURVE('',#1312,#1448,#1210,.T.);
#1795=EDGE_CURVE('',#1449,#1340,#1211,.T.);
#1796=EDGE_CURVE('',#1448,#1450,#674,.T.);
#1797=EDGE_CURVE('',#1450,#1451,#1212,.T.);
#1798=EDGE_CURVE('',#1451,#1452,#675,.T.);
#1799=EDGE_CURVE('',#1452,#1453,#676,.T.);
#1800=EDGE_CURVE('',#1453,#1454,#677,.T.);
#1801=EDGE_CURVE('',#1454,#1455,#1213,.T.);
#1802=EDGE_CURVE('',#1455,#1449,#678,.T.);
#1803=EDGE_CURVE('',#1456,#1339,#1214,.T.);
#1804=EDGE_CURVE('',#1457,#1456,#679,.T.);
#1805=EDGE_CURVE('',#1458,#1457,#1215,.T.);
#1806=EDGE_CURVE('',#1459,#1458,#680,.T.);
#1807=EDGE_CURVE('',#1460,#1459,#681,.T.);
#1808=EDGE_CURVE('',#1461,#1460,#682,.T.);
#1809=EDGE_CURVE('',#1462,#1461,#1216,.T.);
#1810=EDGE_CURVE('',#1463,#1462,#683,.T.);
#1811=EDGE_CURVE('',#1317,#1463,#1217,.T.);
#1812=EDGE_CURVE('',#1464,#1463,#684,.T.);
#1813=EDGE_CURVE('',#1316,#1464,#1218,.T.);
#1814=EDGE_CURVE('',#1465,#1338,#1219,.T.);
#1815=EDGE_CURVE('',#1464,#1466,#685,.T.);
#1816=EDGE_CURVE('',#1466,#1467,#1220,.T.);
#1817=EDGE_CURVE('',#1467,#1468,#686,.T.);
#1818=EDGE_CURVE('',#1468,#1469,#687,.T.);
#1819=EDGE_CURVE('',#1469,#1470,#688,.T.);
#1820=EDGE_CURVE('',#1470,#1471,#1221,.T.);
#1821=EDGE_CURVE('',#1471,#1465,#689,.T.);
#1822=EDGE_CURVE('',#1472,#1337,#1222,.T.);
#1823=EDGE_CURVE('',#1473,#1472,#690,.T.);
#1824=EDGE_CURVE('',#1474,#1473,#1223,.T.);
#1825=EDGE_CURVE('',#1475,#1474,#691,.T.);
#1826=EDGE_CURVE('',#1476,#1475,#692,.T.);
#1827=EDGE_CURVE('',#1477,#1476,#693,.T.);
#1828=EDGE_CURVE('',#1478,#1477,#1224,.T.);
#1829=EDGE_CURVE('',#1479,#1478,#694,.T.);
#1830=EDGE_CURVE('',#1321,#1479,#1225,.T.);
#1831=EDGE_CURVE('',#1480,#1479,#695,.T.);
#1832=EDGE_CURVE('',#1320,#1480,#1226,.T.);
#1833=EDGE_CURVE('',#1481,#1336,#1227,.T.);
#1834=EDGE_CURVE('',#1480,#1482,#696,.T.);
#1835=EDGE_CURVE('',#1482,#1483,#1228,.T.);
#1836=EDGE_CURVE('',#1483,#1484,#697,.T.);
#1837=EDGE_CURVE('',#1484,#1485,#698,.T.);
#1838=EDGE_CURVE('',#1485,#1486,#699,.T.);
#1839=EDGE_CURVE('',#1486,#1487,#1229,.T.);
#1840=EDGE_CURVE('',#1487,#1481,#700,.T.);
#1841=EDGE_CURVE('',#1488,#1335,#1230,.T.);
#1842=EDGE_CURVE('',#1489,#1488,#701,.T.);
#1843=EDGE_CURVE('',#1490,#1489,#1231,.T.);
#1844=EDGE_CURVE('',#1491,#1490,#702,.T.);
#1845=EDGE_CURVE('',#1492,#1491,#703,.T.);
#1846=EDGE_CURVE('',#1493,#1492,#704,.T.);
#1847=EDGE_CURVE('',#1494,#1493,#1232,.T.);
#1848=EDGE_CURVE('',#1495,#1494,#705,.T.);
#1849=EDGE_CURVE('',#1325,#1495,#1233,.T.);
#1850=EDGE_CURVE('',#1496,#1495,#706,.T.);
#1851=EDGE_CURVE('',#1324,#1496,#1234,.T.);
#1852=EDGE_CURVE('',#1497,#1334,#1235,.T.);
#1853=EDGE_CURVE('',#1496,#1498,#707,.T.);
#1854=EDGE_CURVE('',#1498,#1499,#1236,.T.);
#1855=EDGE_CURVE('',#1499,#1500,#708,.T.);
#1856=EDGE_CURVE('',#1500,#1501,#709,.T.);
#1857=EDGE_CURVE('',#1501,#1502,#710,.T.);
#1858=EDGE_CURVE('',#1502,#1503,#1237,.T.);
#1859=EDGE_CURVE('',#1503,#1497,#711,.T.);
#1860=EDGE_CURVE('',#1504,#1333,#1238,.T.);
#1861=EDGE_CURVE('',#1505,#1504,#712,.T.);
#1862=EDGE_CURVE('',#1506,#1505,#1239,.T.);
#1863=EDGE_CURVE('',#1507,#1506,#713,.T.);
#1864=EDGE_CURVE('',#1508,#1507,#714,.T.);
#1865=EDGE_CURVE('',#1509,#1508,#715,.T.);
#1866=EDGE_CURVE('',#1510,#1509,#1240,.T.);
#1867=EDGE_CURVE('',#1511,#1510,#716,.T.);
#1868=EDGE_CURVE('',#1329,#1511,#1241,.T.);
#1869=EDGE_CURVE('',#1512,#1511,#717,.T.);
#1870=EDGE_CURVE('',#1328,#1512,#1242,.T.);
#1871=EDGE_CURVE('',#1513,#1332,#1243,.T.);
#1872=EDGE_CURVE('',#1512,#1514,#718,.T.);
#1873=EDGE_CURVE('',#1514,#1515,#1244,.T.);
#1874=EDGE_CURVE('',#1515,#1516,#719,.T.);
#1875=EDGE_CURVE('',#1516,#1517,#720,.T.);
#1876=EDGE_CURVE('',#1517,#1518,#721,.T.);
#1877=EDGE_CURVE('',#1518,#1519,#1245,.T.);
#1878=EDGE_CURVE('',#1519,#1513,#722,.T.);
#1879=EDGE_CURVE('',#1520,#1521,#723,.T.);
#1880=EDGE_CURVE('',#1352,#1520,#724,.T.);
#1881=EDGE_CURVE('',#1521,#1353,#725,.T.);
#1882=EDGE_CURVE('',#1522,#1520,#726,.T.);
#1883=EDGE_CURVE('',#1522,#1354,#727,.T.);
#1884=EDGE_CURVE('',#1369,#1360,#728,.T.);
#1885=EDGE_CURVE('',#1361,#1375,#729,.T.);
#1886=EDGE_CURVE('',#1362,#1374,#730,.T.);
#1887=EDGE_CURVE('',#1363,#1373,#731,.T.);
#1888=EDGE_CURVE('',#1364,#1372,#732,.T.);
#1889=EDGE_CURVE('',#1365,#1371,#733,.T.);
#1890=EDGE_CURVE('',#1370,#1366,#734,.T.);
#1891=EDGE_CURVE('',#1385,#1376,#735,.T.);
#1892=EDGE_CURVE('',#1377,#1391,#736,.T.);
#1893=EDGE_CURVE('',#1378,#1390,#737,.T.);
#1894=EDGE_CURVE('',#1379,#1389,#738,.T.);
#1895=EDGE_CURVE('',#1380,#1388,#739,.T.);
#1896=EDGE_CURVE('',#1381,#1387,#740,.T.);
#1897=EDGE_CURVE('',#1386,#1382,#741,.T.);
#1898=EDGE_CURVE('',#1401,#1392,#742,.T.);
#1899=EDGE_CURVE('',#1393,#1407,#743,.T.);
#1900=EDGE_CURVE('',#1394,#1406,#744,.T.);
#1901=EDGE_CURVE('',#1395,#1405,#745,.T.);
#1902=EDGE_CURVE('',#1396,#1404,#746,.T.);
#1903=EDGE_CURVE('',#1397,#1403,#747,.T.);
#1904=EDGE_CURVE('',#1402,#1398,#748,.T.);
#1905=EDGE_CURVE('',#1417,#1408,#749,.T.);
#1906=EDGE_CURVE('',#1409,#1423,#750,.T.);
#1907=EDGE_CURVE('',#1410,#1422,#751,.T.);
#1908=EDGE_CURVE('',#1411,#1421,#752,.T.);
#1909=EDGE_CURVE('',#1412,#1420,#753,.T.);
#1910=EDGE_CURVE('',#1413,#1419,#754,.T.);
#1911=EDGE_CURVE('',#1418,#1414,#755,.T.);
#1912=EDGE_CURVE('',#1433,#1424,#756,.T.);
#1913=EDGE_CURVE('',#1425,#1439,#757,.T.);
#1914=EDGE_CURVE('',#1426,#1438,#758,.T.);
#1915=EDGE_CURVE('',#1427,#1437,#759,.T.);
#1916=EDGE_CURVE('',#1428,#1436,#760,.T.);
#1917=EDGE_CURVE('',#1429,#1435,#761,.T.);
#1918=EDGE_CURVE('',#1434,#1430,#762,.T.);
#1919=EDGE_CURVE('',#1523,#1524,#763,.T.);
#1920=EDGE_CURVE('',#1356,#1523,#764,.T.);
#1921=EDGE_CURVE('',#1355,#1524,#765,.T.);
#1922=EDGE_CURVE('',#1525,#1523,#766,.T.);
#1923=EDGE_CURVE('',#1357,#1525,#767,.T.);
#1924=EDGE_CURVE('',#1526,#1525,#768,.T.);
#1925=EDGE_CURVE('',#1526,#1358,#769,.T.);
#1926=EDGE_CURVE('',#1449,#1440,#770,.T.);
#1927=EDGE_CURVE('',#1441,#1455,#771,.T.);
#1928=EDGE_CURVE('',#1442,#1454,#772,.T.);
#1929=EDGE_CURVE('',#1443,#1453,#773,.T.);
#1930=EDGE_CURVE('',#1444,#1452,#774,.T.);
#1931=EDGE_CURVE('',#1445,#1451,#775,.T.);
#1932=EDGE_CURVE('',#1450,#1446,#776,.T.);
#1933=EDGE_CURVE('',#1465,#1456,#777,.T.);
#1934=EDGE_CURVE('',#1457,#1471,#778,.T.);
#1935=EDGE_CURVE('',#1458,#1470,#779,.T.);
#1936=EDGE_CURVE('',#1459,#1469,#780,.T.);
#1937=EDGE_CURVE('',#1460,#1468,#781,.T.);
#1938=EDGE_CURVE('',#1461,#1467,#782,.T.);
#1939=EDGE_CURVE('',#1466,#1462,#783,.T.);
#1940=EDGE_CURVE('',#1481,#1472,#784,.T.);
#1941=EDGE_CURVE('',#1473,#1487,#785,.T.);
#1942=EDGE_CURVE('',#1474,#1486,#786,.T.);
#1943=EDGE_CURVE('',#1475,#1485,#787,.T.);
#1944=EDGE_CURVE('',#1476,#1484,#788,.T.);
#1945=EDGE_CURVE('',#1477,#1483,#789,.T.);
#1946=EDGE_CURVE('',#1482,#1478,#790,.T.);
#1947=EDGE_CURVE('',#1497,#1488,#791,.T.);
#1948=EDGE_CURVE('',#1489,#1503,#792,.T.);
#1949=EDGE_CURVE('',#1490,#1502,#793,.T.);
#1950=EDGE_CURVE('',#1491,#1501,#794,.T.);
#1951=EDGE_CURVE('',#1492,#1500,#795,.T.);
#1952=EDGE_CURVE('',#1493,#1499,#796,.T.);
#1953=EDGE_CURVE('',#1498,#1494,#797,.T.);
#1954=EDGE_CURVE('',#1513,#1504,#798,.T.);
#1955=EDGE_CURVE('',#1505,#1519,#799,.T.);
#1956=EDGE_CURVE('',#1506,#1518,#800,.T.);
#1957=EDGE_CURVE('',#1507,#1517,#801,.T.);
#1958=EDGE_CURVE('',#1508,#1516,#802,.T.);
#1959=EDGE_CURVE('',#1509,#1515,#803,.T.);
#1960=EDGE_CURVE('',#1514,#1510,#804,.T.);
#1961=EDGE_CURVE('',#1521,#1527,#805,.T.);
#1962=EDGE_CURVE('',#1359,#1527,#806,.T.);
#1963=EDGE_CURVE('',#1524,#1522,#807,.T.);
#1964=EDGE_CURVE('',#1527,#1526,#808,.T.);
#1965=ORIENTED_EDGE('',*,*,#1528,.F.);
#1966=ORIENTED_EDGE('',*,*,#1529,.T.);
#1967=ORIENTED_EDGE('',*,*,#1530,.F.);
#1968=ORIENTED_EDGE('',*,*,#1529,.F.);
#1969=ORIENTED_EDGE('',*,*,#1531,.F.);
#1970=ORIENTED_EDGE('',*,*,#1532,.F.);
#1971=ORIENTED_EDGE('',*,*,#1533,.F.);
#1972=ORIENTED_EDGE('',*,*,#1534,.F.);
#1973=ORIENTED_EDGE('',*,*,#1535,.F.);
#1974=ORIENTED_EDGE('',*,*,#1536,.F.);
#1975=ORIENTED_EDGE('',*,*,#1537,.F.);
#1976=ORIENTED_EDGE('',*,*,#1538,.F.);
#1977=ORIENTED_EDGE('',*,*,#1539,.F.);
#1978=ORIENTED_EDGE('',*,*,#1540,.F.);
#1979=ORIENTED_EDGE('',*,*,#1538,.T.);
#1980=ORIENTED_EDGE('',*,*,#1541,.F.);
#1981=ORIENTED_EDGE('',*,*,#1542,.F.);
#1982=ORIENTED_EDGE('',*,*,#1543,.F.);
#1983=ORIENTED_EDGE('',*,*,#1531,.T.);
#1984=ORIENTED_EDGE('',*,*,#1540,.T.);
#1985=ORIENTED_EDGE('',*,*,#1544,.F.);
#1986=ORIENTED_EDGE('',*,*,#1545,.F.);
#1987=ORIENTED_EDGE('',*,*,#1546,.F.);
#1988=ORIENTED_EDGE('',*,*,#1547,.F.);
#1989=ORIENTED_EDGE('',*,*,#1548,.F.);
#1990=ORIENTED_EDGE('',*,*,#1549,.F.);
#1991=ORIENTED_EDGE('',*,*,#1550,.F.);
#1992=ORIENTED_EDGE('',*,*,#1551,.F.);
#1993=ORIENTED_EDGE('',*,*,#1552,.F.);
#1994=ORIENTED_EDGE('',*,*,#1553,.F.);
#1995=ORIENTED_EDGE('',*,*,#1554,.F.);
#1996=ORIENTED_EDGE('',*,*,#1555,.F.);
#1997=ORIENTED_EDGE('',*,*,#1532,.T.);
#1998=ORIENTED_EDGE('',*,*,#1543,.T.);
#1999=ORIENTED_EDGE('',*,*,#1556,.F.);
#2000=ORIENTED_EDGE('',*,*,#1557,.F.);
#2001=ORIENTED_EDGE('',*,*,#1533,.T.);
#2002=ORIENTED_EDGE('',*,*,#1555,.T.);
#2003=ORIENTED_EDGE('',*,*,#1558,.F.);
#2004=ORIENTED_EDGE('',*,*,#1559,.F.);
#2005=ORIENTED_EDGE('',*,*,#1534,.T.);
#2006=ORIENTED_EDGE('',*,*,#1557,.T.);
#2007=ORIENTED_EDGE('',*,*,#1560,.F.);
#2008=ORIENTED_EDGE('',*,*,#1561,.F.);
#2009=ORIENTED_EDGE('',*,*,#1535,.T.);
#2010=ORIENTED_EDGE('',*,*,#1559,.T.);
#2011=ORIENTED_EDGE('',*,*,#1562,.F.);
#2012=ORIENTED_EDGE('',*,*,#1563,.F.);
#2013=ORIENTED_EDGE('',*,*,#1564,.F.);
#2014=ORIENTED_EDGE('',*,*,#1565,.F.);
#2015=ORIENTED_EDGE('',*,*,#1566,.F.);
#2016=ORIENTED_EDGE('',*,*,#1567,.F.);
#2017=ORIENTED_EDGE('',*,*,#1568,.F.);
#2018=ORIENTED_EDGE('',*,*,#1569,.F.);
#2019=ORIENTED_EDGE('',*,*,#1570,.F.);
#2020=ORIENTED_EDGE('',*,*,#1571,.F.);
#2021=ORIENTED_EDGE('',*,*,#1572,.F.);
#2022=ORIENTED_EDGE('',*,*,#1573,.F.);
#2023=ORIENTED_EDGE('',*,*,#1536,.T.);
#2024=ORIENTED_EDGE('',*,*,#1561,.T.);
#2025=ORIENTED_EDGE('',*,*,#1574,.F.);
#2026=ORIENTED_EDGE('',*,*,#1541,.T.);
#2027=ORIENTED_EDGE('',*,*,#1537,.T.);
#2028=ORIENTED_EDGE('',*,*,#1573,.T.);
#2029=ORIENTED_EDGE('',*,*,#1575,.F.);
#2030=ORIENTED_EDGE('',*,*,#1576,.F.);
#2031=ORIENTED_EDGE('',*,*,#1539,.T.);
#2032=ORIENTED_EDGE('',*,*,#1577,.F.);
#2033=ORIENTED_EDGE('',*,*,#1578,.F.);
#2034=ORIENTED_EDGE('',*,*,#1579,.F.);
#2035=ORIENTED_EDGE('',*,*,#1542,.T.);
#2036=ORIENTED_EDGE('',*,*,#1576,.T.);
#2037=ORIENTED_EDGE('',*,*,#1580,.F.);
#2038=ORIENTED_EDGE('',*,*,#1544,.T.);
#2039=ORIENTED_EDGE('',*,*,#1579,.T.);
#2040=ORIENTED_EDGE('',*,*,#1581,.F.);
#2041=ORIENTED_EDGE('',*,*,#1582,.F.);
#2042=ORIENTED_EDGE('',*,*,#1545,.T.);
#2043=ORIENTED_EDGE('',*,*,#1583,.F.);
#2044=ORIENTED_EDGE('',*,*,#1584,.F.);
#2045=ORIENTED_EDGE('',*,*,#1585,.F.);
#2046=ORIENTED_EDGE('',*,*,#1546,.T.);
#2047=ORIENTED_EDGE('',*,*,#1586,.F.);
#2048=ORIENTED_EDGE('',*,*,#1587,.F.);
#2049=ORIENTED_EDGE('',*,*,#1588,.F.);
#2050=ORIENTED_EDGE('',*,*,#1547,.T.);
#2051=ORIENTED_EDGE('',*,*,#1589,.F.);
#2052=ORIENTED_EDGE('',*,*,#1590,.F.);
#2053=ORIENTED_EDGE('',*,*,#1591,.F.);
#2054=ORIENTED_EDGE('',*,*,#1548,.T.);
#2055=ORIENTED_EDGE('',*,*,#1592,.F.);
#2056=ORIENTED_EDGE('',*,*,#1593,.F.);
#2057=ORIENTED_EDGE('',*,*,#1594,.F.);
#2058=ORIENTED_EDGE('',*,*,#1549,.T.);
#2059=ORIENTED_EDGE('',*,*,#1595,.F.);
#2060=ORIENTED_EDGE('',*,*,#1596,.F.);
#2061=ORIENTED_EDGE('',*,*,#1597,.F.);
#2062=ORIENTED_EDGE('',*,*,#1550,.T.);
#2063=ORIENTED_EDGE('',*,*,#1598,.F.);
#2064=ORIENTED_EDGE('',*,*,#1599,.F.);
#2065=ORIENTED_EDGE('',*,*,#1600,.F.);
#2066=ORIENTED_EDGE('',*,*,#1551,.T.);
#2067=ORIENTED_EDGE('',*,*,#1601,.F.);
#2068=ORIENTED_EDGE('',*,*,#1602,.F.);
#2069=ORIENTED_EDGE('',*,*,#1603,.F.);
#2070=ORIENTED_EDGE('',*,*,#1552,.T.);
#2071=ORIENTED_EDGE('',*,*,#1604,.F.);
#2072=ORIENTED_EDGE('',*,*,#1605,.F.);
#2073=ORIENTED_EDGE('',*,*,#1606,.F.);
#2074=ORIENTED_EDGE('',*,*,#1553,.T.);
#2075=ORIENTED_EDGE('',*,*,#1607,.F.);
#2076=ORIENTED_EDGE('',*,*,#1608,.F.);
#2077=ORIENTED_EDGE('',*,*,#1609,.F.);
#2078=ORIENTED_EDGE('',*,*,#1554,.T.);
#2079=ORIENTED_EDGE('',*,*,#1610,.F.);
#2080=ORIENTED_EDGE('',*,*,#1611,.F.);
#2081=ORIENTED_EDGE('',*,*,#1612,.F.);
#2082=ORIENTED_EDGE('',*,*,#1613,.F.);
#2083=ORIENTED_EDGE('',*,*,#1556,.T.);
#2084=ORIENTED_EDGE('',*,*,#1609,.T.);
#2085=ORIENTED_EDGE('',*,*,#1614,.F.);
#2086=ORIENTED_EDGE('',*,*,#1615,.F.);
#2087=ORIENTED_EDGE('',*,*,#1558,.T.);
#2088=ORIENTED_EDGE('',*,*,#1613,.T.);
#2089=ORIENTED_EDGE('',*,*,#1616,.F.);
#2090=ORIENTED_EDGE('',*,*,#1617,.F.);
#2091=ORIENTED_EDGE('',*,*,#1560,.T.);
#2092=ORIENTED_EDGE('',*,*,#1615,.T.);
#2093=ORIENTED_EDGE('',*,*,#1618,.F.);
#2094=ORIENTED_EDGE('',*,*,#1562,.T.);
#2095=ORIENTED_EDGE('',*,*,#1617,.T.);
#2096=ORIENTED_EDGE('',*,*,#1619,.F.);
#2097=ORIENTED_EDGE('',*,*,#1620,.F.);
#2098=ORIENTED_EDGE('',*,*,#1563,.T.);
#2099=ORIENTED_EDGE('',*,*,#1621,.F.);
#2100=ORIENTED_EDGE('',*,*,#1622,.F.);
#2101=ORIENTED_EDGE('',*,*,#1623,.F.);
#2102=ORIENTED_EDGE('',*,*,#1564,.T.);
#2103=ORIENTED_EDGE('',*,*,#1624,.F.);
#2104=ORIENTED_EDGE('',*,*,#1625,.F.);
#2105=ORIENTED_EDGE('',*,*,#1626,.F.);
#2106=ORIENTED_EDGE('',*,*,#1565,.T.);
#2107=ORIENTED_EDGE('',*,*,#1627,.F.);
#2108=ORIENTED_EDGE('',*,*,#1628,.F.);
#2109=ORIENTED_EDGE('',*,*,#1629,.F.);
#2110=ORIENTED_EDGE('',*,*,#1566,.T.);
#2111=ORIENTED_EDGE('',*,*,#1630,.F.);
#2112=ORIENTED_EDGE('',*,*,#1631,.F.);
#2113=ORIENTED_EDGE('',*,*,#1632,.F.);
#2114=ORIENTED_EDGE('',*,*,#1567,.T.);
#2115=ORIENTED_EDGE('',*,*,#1633,.F.);
#2116=ORIENTED_EDGE('',*,*,#1634,.F.);
#2117=ORIENTED_EDGE('',*,*,#1635,.F.);
#2118=ORIENTED_EDGE('',*,*,#1568,.T.);
#2119=ORIENTED_EDGE('',*,*,#1636,.F.);
#2120=ORIENTED_EDGE('',*,*,#1637,.F.);
#2121=ORIENTED_EDGE('',*,*,#1638,.F.);
#2122=ORIENTED_EDGE('',*,*,#1569,.T.);
#2123=ORIENTED_EDGE('',*,*,#1639,.F.);
#2124=ORIENTED_EDGE('',*,*,#1640,.F.);
#2125=ORIENTED_EDGE('',*,*,#1641,.F.);
#2126=ORIENTED_EDGE('',*,*,#1570,.T.);
#2127=ORIENTED_EDGE('',*,*,#1642,.F.);
#2128=ORIENTED_EDGE('',*,*,#1643,.F.);
#2129=ORIENTED_EDGE('',*,*,#1644,.F.);
#2130=ORIENTED_EDGE('',*,*,#1571,.T.);
#2131=ORIENTED_EDGE('',*,*,#1645,.F.);
#2132=ORIENTED_EDGE('',*,*,#1646,.F.);
#2133=ORIENTED_EDGE('',*,*,#1647,.F.);
#2134=ORIENTED_EDGE('',*,*,#1572,.T.);
#2135=ORIENTED_EDGE('',*,*,#1648,.F.);
#2136=ORIENTED_EDGE('',*,*,#1649,.F.);
#2137=ORIENTED_EDGE('',*,*,#1650,.F.);
#2138=ORIENTED_EDGE('',*,*,#1577,.T.);
#2139=ORIENTED_EDGE('',*,*,#1574,.T.);
#2140=ORIENTED_EDGE('',*,*,#1647,.T.);
#2141=ORIENTED_EDGE('',*,*,#1649,.T.);
#2142=ORIENTED_EDGE('',*,*,#1651,.F.);
#2143=ORIENTED_EDGE('',*,*,#1652,.F.);
#2144=ORIENTED_EDGE('',*,*,#1653,.T.);
#2145=ORIENTED_EDGE('',*,*,#1643,.T.);
#2146=ORIENTED_EDGE('',*,*,#1654,.F.);
#2147=ORIENTED_EDGE('',*,*,#1655,.F.);
#2148=ORIENTED_EDGE('',*,*,#1656,.T.);
#2149=ORIENTED_EDGE('',*,*,#1637,.T.);
#2150=ORIENTED_EDGE('',*,*,#1657,.F.);
#2151=ORIENTED_EDGE('',*,*,#1658,.F.);
#2152=ORIENTED_EDGE('',*,*,#1659,.T.);
#2153=ORIENTED_EDGE('',*,*,#1631,.T.);
#2154=ORIENTED_EDGE('',*,*,#1660,.F.);
#2155=ORIENTED_EDGE('',*,*,#1661,.F.);
#2156=ORIENTED_EDGE('',*,*,#1662,.T.);
#2157=ORIENTED_EDGE('',*,*,#1625,.T.);
#2158=ORIENTED_EDGE('',*,*,#1663,.F.);
#2159=ORIENTED_EDGE('',*,*,#1664,.F.);
#2160=ORIENTED_EDGE('',*,*,#1665,.T.);
#2161=ORIENTED_EDGE('',*,*,#1619,.T.);
#2162=ORIENTED_EDGE('',*,*,#1616,.T.);
#2163=ORIENTED_EDGE('',*,*,#1614,.T.);
#2164=ORIENTED_EDGE('',*,*,#1612,.T.);
#2165=ORIENTED_EDGE('',*,*,#1611,.T.);
#2166=ORIENTED_EDGE('',*,*,#1666,.F.);
#2167=ORIENTED_EDGE('',*,*,#1667,.F.);
#2168=ORIENTED_EDGE('',*,*,#1668,.T.);
#2169=ORIENTED_EDGE('',*,*,#1605,.T.);
#2170=ORIENTED_EDGE('',*,*,#1669,.F.);
#2171=ORIENTED_EDGE('',*,*,#1670,.F.);
#2172=ORIENTED_EDGE('',*,*,#1671,.T.);
#2173=ORIENTED_EDGE('',*,*,#1599,.T.);
#2174=ORIENTED_EDGE('',*,*,#1672,.F.);
#2175=ORIENTED_EDGE('',*,*,#1673,.F.);
#2176=ORIENTED_EDGE('',*,*,#1674,.T.);
#2177=ORIENTED_EDGE('',*,*,#1593,.T.);
#2178=ORIENTED_EDGE('',*,*,#1675,.F.);
#2179=ORIENTED_EDGE('',*,*,#1676,.F.);
#2180=ORIENTED_EDGE('',*,*,#1677,.T.);
#2181=ORIENTED_EDGE('',*,*,#1587,.T.);
#2182=ORIENTED_EDGE('',*,*,#1678,.F.);
#2183=ORIENTED_EDGE('',*,*,#1679,.F.);
#2184=ORIENTED_EDGE('',*,*,#1680,.T.);
#2185=ORIENTED_EDGE('',*,*,#1581,.T.);
#2186=ORIENTED_EDGE('',*,*,#1578,.T.);
#2187=ORIENTED_EDGE('',*,*,#1575,.T.);
#2188=ORIENTED_EDGE('',*,*,#1650,.T.);
#2189=ORIENTED_EDGE('',*,*,#1681,.F.);
#2190=ORIENTED_EDGE('',*,*,#1682,.F.);
#2191=ORIENTED_EDGE('',*,*,#1683,.T.);
#2192=ORIENTED_EDGE('',*,*,#1684,.F.);
#2193=ORIENTED_EDGE('',*,*,#1685,.F.);
#2194=ORIENTED_EDGE('',*,*,#1686,.F.);
#2195=ORIENTED_EDGE('',*,*,#1687,.T.);
#2196=ORIENTED_EDGE('',*,*,#1688,.F.);
#2197=ORIENTED_EDGE('',*,*,#1689,.F.);
#2198=ORIENTED_EDGE('',*,*,#1690,.F.);
#2199=ORIENTED_EDGE('',*,*,#1691,.F.);
#2200=ORIENTED_EDGE('',*,*,#1692,.F.);
#2201=ORIENTED_EDGE('',*,*,#1693,.F.);
#2202=ORIENTED_EDGE('',*,*,#1694,.F.);
#2203=ORIENTED_EDGE('',*,*,#1695,.F.);
#2204=ORIENTED_EDGE('',*,*,#1696,.F.);
#2205=ORIENTED_EDGE('',*,*,#1697,.F.);
#2206=ORIENTED_EDGE('',*,*,#1583,.T.);
#2207=ORIENTED_EDGE('',*,*,#1580,.T.);
#2208=ORIENTED_EDGE('',*,*,#1680,.F.);
#2209=ORIENTED_EDGE('',*,*,#1698,.F.);
#2210=ORIENTED_EDGE('',*,*,#1699,.F.);
#2211=ORIENTED_EDGE('',*,*,#1584,.T.);
#2212=ORIENTED_EDGE('',*,*,#1697,.T.);
#2213=ORIENTED_EDGE('',*,*,#1700,.T.);
#2214=ORIENTED_EDGE('',*,*,#1678,.T.);
#2215=ORIENTED_EDGE('',*,*,#1586,.T.);
#2216=ORIENTED_EDGE('',*,*,#1582,.T.);
#2217=ORIENTED_EDGE('',*,*,#1699,.T.);
#2218=ORIENTED_EDGE('',*,*,#1701,.T.);
#2219=ORIENTED_EDGE('',*,*,#1702,.T.);
#2220=ORIENTED_EDGE('',*,*,#1703,.T.);
#2221=ORIENTED_EDGE('',*,*,#1704,.T.);
#2222=ORIENTED_EDGE('',*,*,#1705,.T.);
#2223=ORIENTED_EDGE('',*,*,#1706,.T.);
#2224=ORIENTED_EDGE('',*,*,#1707,.T.);
#2225=ORIENTED_EDGE('',*,*,#1708,.F.);
#2226=ORIENTED_EDGE('',*,*,#1709,.F.);
#2227=ORIENTED_EDGE('',*,*,#1710,.F.);
#2228=ORIENTED_EDGE('',*,*,#1711,.F.);
#2229=ORIENTED_EDGE('',*,*,#1712,.F.);
#2230=ORIENTED_EDGE('',*,*,#1713,.F.);
#2231=ORIENTED_EDGE('',*,*,#1714,.F.);
#2232=ORIENTED_EDGE('',*,*,#1715,.F.);
#2233=ORIENTED_EDGE('',*,*,#1716,.F.);
#2234=ORIENTED_EDGE('',*,*,#1589,.T.);
#2235=ORIENTED_EDGE('',*,*,#1585,.T.);
#2236=ORIENTED_EDGE('',*,*,#1677,.F.);
#2237=ORIENTED_EDGE('',*,*,#1717,.F.);
#2238=ORIENTED_EDGE('',*,*,#1718,.F.);
#2239=ORIENTED_EDGE('',*,*,#1590,.T.);
#2240=ORIENTED_EDGE('',*,*,#1716,.T.);
#2241=ORIENTED_EDGE('',*,*,#1719,.T.);
#2242=ORIENTED_EDGE('',*,*,#1675,.T.);
#2243=ORIENTED_EDGE('',*,*,#1592,.T.);
#2244=ORIENTED_EDGE('',*,*,#1588,.T.);
#2245=ORIENTED_EDGE('',*,*,#1718,.T.);
#2246=ORIENTED_EDGE('',*,*,#1720,.T.);
#2247=ORIENTED_EDGE('',*,*,#1721,.T.);
#2248=ORIENTED_EDGE('',*,*,#1722,.T.);
#2249=ORIENTED_EDGE('',*,*,#1723,.T.);
#2250=ORIENTED_EDGE('',*,*,#1724,.T.);
#2251=ORIENTED_EDGE('',*,*,#1725,.T.);
#2252=ORIENTED_EDGE('',*,*,#1726,.T.);
#2253=ORIENTED_EDGE('',*,*,#1727,.F.);
#2254=ORIENTED_EDGE('',*,*,#1728,.F.);
#2255=ORIENTED_EDGE('',*,*,#1729,.F.);
#2256=ORIENTED_EDGE('',*,*,#1730,.F.);
#2257=ORIENTED_EDGE('',*,*,#1731,.F.);
#2258=ORIENTED_EDGE('',*,*,#1732,.F.);
#2259=ORIENTED_EDGE('',*,*,#1733,.F.);
#2260=ORIENTED_EDGE('',*,*,#1734,.F.);
#2261=ORIENTED_EDGE('',*,*,#1735,.F.);
#2262=ORIENTED_EDGE('',*,*,#1595,.T.);
#2263=ORIENTED_EDGE('',*,*,#1591,.T.);
#2264=ORIENTED_EDGE('',*,*,#1674,.F.);
#2265=ORIENTED_EDGE('',*,*,#1736,.F.);
#2266=ORIENTED_EDGE('',*,*,#1737,.F.);
#2267=ORIENTED_EDGE('',*,*,#1596,.T.);
#2268=ORIENTED_EDGE('',*,*,#1735,.T.);
#2269=ORIENTED_EDGE('',*,*,#1738,.T.);
#2270=ORIENTED_EDGE('',*,*,#1672,.T.);
#2271=ORIENTED_EDGE('',*,*,#1598,.T.);
#2272=ORIENTED_EDGE('',*,*,#1594,.T.);
#2273=ORIENTED_EDGE('',*,*,#1737,.T.);
#2274=ORIENTED_EDGE('',*,*,#1739,.T.);
#2275=ORIENTED_EDGE('',*,*,#1740,.T.);
#2276=ORIENTED_EDGE('',*,*,#1741,.T.);
#2277=ORIENTED_EDGE('',*,*,#1742,.T.);
#2278=ORIENTED_EDGE('',*,*,#1743,.T.);
#2279=ORIENTED_EDGE('',*,*,#1744,.T.);
#2280=ORIENTED_EDGE('',*,*,#1745,.T.);
#2281=ORIENTED_EDGE('',*,*,#1746,.F.);
#2282=ORIENTED_EDGE('',*,*,#1747,.F.);
#2283=ORIENTED_EDGE('',*,*,#1748,.F.);
#2284=ORIENTED_EDGE('',*,*,#1749,.F.);
#2285=ORIENTED_EDGE('',*,*,#1750,.F.);
#2286=ORIENTED_EDGE('',*,*,#1751,.F.);
#2287=ORIENTED_EDGE('',*,*,#1752,.F.);
#2288=ORIENTED_EDGE('',*,*,#1753,.F.);
#2289=ORIENTED_EDGE('',*,*,#1754,.F.);
#2290=ORIENTED_EDGE('',*,*,#1601,.T.);
#2291=ORIENTED_EDGE('',*,*,#1597,.T.);
#2292=ORIENTED_EDGE('',*,*,#1671,.F.);
#2293=ORIENTED_EDGE('',*,*,#1755,.F.);
#2294=ORIENTED_EDGE('',*,*,#1756,.F.);
#2295=ORIENTED_EDGE('',*,*,#1602,.T.);
#2296=ORIENTED_EDGE('',*,*,#1754,.T.);
#2297=ORIENTED_EDGE('',*,*,#1757,.T.);
#2298=ORIENTED_EDGE('',*,*,#1669,.T.);
#2299=ORIENTED_EDGE('',*,*,#1604,.T.);
#2300=ORIENTED_EDGE('',*,*,#1600,.T.);
#2301=ORIENTED_EDGE('',*,*,#1756,.T.);
#2302=ORIENTED_EDGE('',*,*,#1758,.T.);
#2303=ORIENTED_EDGE('',*,*,#1759,.T.);
#2304=ORIENTED_EDGE('',*,*,#1760,.T.);
#2305=ORIENTED_EDGE('',*,*,#1761,.T.);
#2306=ORIENTED_EDGE('',*,*,#1762,.T.);
#2307=ORIENTED_EDGE('',*,*,#1763,.T.);
#2308=ORIENTED_EDGE('',*,*,#1764,.T.);
#2309=ORIENTED_EDGE('',*,*,#1765,.F.);
#2310=ORIENTED_EDGE('',*,*,#1766,.F.);
#2311=ORIENTED_EDGE('',*,*,#1767,.F.);
#2312=ORIENTED_EDGE('',*,*,#1768,.F.);
#2313=ORIENTED_EDGE('',*,*,#1769,.F.);
#2314=ORIENTED_EDGE('',*,*,#1770,.F.);
#2315=ORIENTED_EDGE('',*,*,#1771,.F.);
#2316=ORIENTED_EDGE('',*,*,#1772,.F.);
#2317=ORIENTED_EDGE('',*,*,#1773,.F.);
#2318=ORIENTED_EDGE('',*,*,#1607,.T.);
#2319=ORIENTED_EDGE('',*,*,#1603,.T.);
#2320=ORIENTED_EDGE('',*,*,#1668,.F.);
#2321=ORIENTED_EDGE('',*,*,#1774,.F.);
#2322=ORIENTED_EDGE('',*,*,#1775,.F.);
#2323=ORIENTED_EDGE('',*,*,#1608,.T.);
#2324=ORIENTED_EDGE('',*,*,#1773,.T.);
#2325=ORIENTED_EDGE('',*,*,#1776,.T.);
#2326=ORIENTED_EDGE('',*,*,#1666,.T.);
#2327=ORIENTED_EDGE('',*,*,#1610,.T.);
#2328=ORIENTED_EDGE('',*,*,#1606,.T.);
#2329=ORIENTED_EDGE('',*,*,#1775,.T.);
#2330=ORIENTED_EDGE('',*,*,#1777,.T.);
#2331=ORIENTED_EDGE('',*,*,#1778,.T.);
#2332=ORIENTED_EDGE('',*,*,#1779,.T.);
#2333=ORIENTED_EDGE('',*,*,#1780,.T.);
#2334=ORIENTED_EDGE('',*,*,#1781,.T.);
#2335=ORIENTED_EDGE('',*,*,#1782,.T.);
#2336=ORIENTED_EDGE('',*,*,#1783,.T.);
#2337=ORIENTED_EDGE('',*,*,#1784,.F.);
#2338=ORIENTED_EDGE('',*,*,#1785,.F.);
#2339=ORIENTED_EDGE('',*,*,#1786,.F.);
#2340=ORIENTED_EDGE('',*,*,#1787,.F.);
#2341=ORIENTED_EDGE('',*,*,#1788,.F.);
#2342=ORIENTED_EDGE('',*,*,#1789,.F.);
#2343=ORIENTED_EDGE('',*,*,#1790,.F.);
#2344=ORIENTED_EDGE('',*,*,#1791,.F.);
#2345=ORIENTED_EDGE('',*,*,#1792,.F.);
#2346=ORIENTED_EDGE('',*,*,#1621,.T.);
#2347=ORIENTED_EDGE('',*,*,#1618,.T.);
#2348=ORIENTED_EDGE('',*,*,#1665,.F.);
#2349=ORIENTED_EDGE('',*,*,#1793,.F.);
#2350=ORIENTED_EDGE('',*,*,#1794,.F.);
#2351=ORIENTED_EDGE('',*,*,#1622,.T.);
#2352=ORIENTED_EDGE('',*,*,#1792,.T.);
#2353=ORIENTED_EDGE('',*,*,#1795,.T.);
#2354=ORIENTED_EDGE('',*,*,#1663,.T.);
#2355=ORIENTED_EDGE('',*,*,#1624,.T.);
#2356=ORIENTED_EDGE('',*,*,#1620,.T.);
#2357=ORIENTED_EDGE('',*,*,#1794,.T.);
#2358=ORIENTED_EDGE('',*,*,#1796,.T.);
#2359=ORIENTED_EDGE('',*,*,#1797,.T.);
#2360=ORIENTED_EDGE('',*,*,#1798,.T.);
#2361=ORIENTED_EDGE('',*,*,#1799,.T.);
#2362=ORIENTED_EDGE('',*,*,#1800,.T.);
#2363=ORIENTED_EDGE('',*,*,#1801,.T.);
#2364=ORIENTED_EDGE('',*,*,#1802,.T.);
#2365=ORIENTED_EDGE('',*,*,#1803,.F.);
#2366=ORIENTED_EDGE('',*,*,#1804,.F.);
#2367=ORIENTED_EDGE('',*,*,#1805,.F.);
#2368=ORIENTED_EDGE('',*,*,#1806,.F.);
#2369=ORIENTED_EDGE('',*,*,#1807,.F.);
#2370=ORIENTED_EDGE('',*,*,#1808,.F.);
#2371=ORIENTED_EDGE('',*,*,#1809,.F.);
#2372=ORIENTED_EDGE('',*,*,#1810,.F.);
#2373=ORIENTED_EDGE('',*,*,#1811,.F.);
#2374=ORIENTED_EDGE('',*,*,#1627,.T.);
#2375=ORIENTED_EDGE('',*,*,#1623,.T.);
#2376=ORIENTED_EDGE('',*,*,#1662,.F.);
#2377=ORIENTED_EDGE('',*,*,#1812,.F.);
#2378=ORIENTED_EDGE('',*,*,#1813,.F.);
#2379=ORIENTED_EDGE('',*,*,#1628,.T.);
#2380=ORIENTED_EDGE('',*,*,#1811,.T.);
#2381=ORIENTED_EDGE('',*,*,#1814,.T.);
#2382=ORIENTED_EDGE('',*,*,#1660,.T.);
#2383=ORIENTED_EDGE('',*,*,#1630,.T.);
#2384=ORIENTED_EDGE('',*,*,#1626,.T.);
#2385=ORIENTED_EDGE('',*,*,#1813,.T.);
#2386=ORIENTED_EDGE('',*,*,#1815,.T.);
#2387=ORIENTED_EDGE('',*,*,#1816,.T.);
#2388=ORIENTED_EDGE('',*,*,#1817,.T.);
#2389=ORIENTED_EDGE('',*,*,#1818,.T.);
#2390=ORIENTED_EDGE('',*,*,#1819,.T.);
#2391=ORIENTED_EDGE('',*,*,#1820,.T.);
#2392=ORIENTED_EDGE('',*,*,#1821,.T.);
#2393=ORIENTED_EDGE('',*,*,#1822,.F.);
#2394=ORIENTED_EDGE('',*,*,#1823,.F.);
#2395=ORIENTED_EDGE('',*,*,#1824,.F.);
#2396=ORIENTED_EDGE('',*,*,#1825,.F.);
#2397=ORIENTED_EDGE('',*,*,#1826,.F.);
#2398=ORIENTED_EDGE('',*,*,#1827,.F.);
#2399=ORIENTED_EDGE('',*,*,#1828,.F.);
#2400=ORIENTED_EDGE('',*,*,#1829,.F.);
#2401=ORIENTED_EDGE('',*,*,#1830,.F.);
#2402=ORIENTED_EDGE('',*,*,#1633,.T.);
#2403=ORIENTED_EDGE('',*,*,#1629,.T.);
#2404=ORIENTED_EDGE('',*,*,#1659,.F.);
#2405=ORIENTED_EDGE('',*,*,#1831,.F.);
#2406=ORIENTED_EDGE('',*,*,#1832,.F.);
#2407=ORIENTED_EDGE('',*,*,#1634,.T.);
#2408=ORIENTED_EDGE('',*,*,#1830,.T.);
#2409=ORIENTED_EDGE('',*,*,#1833,.T.);
#2410=ORIENTED_EDGE('',*,*,#1657,.T.);
#2411=ORIENTED_EDGE('',*,*,#1636,.T.);
#2412=ORIENTED_EDGE('',*,*,#1632,.T.);
#2413=ORIENTED_EDGE('',*,*,#1832,.T.);
#2414=ORIENTED_EDGE('',*,*,#1834,.T.);
#2415=ORIENTED_EDGE('',*,*,#1835,.T.);
#2416=ORIENTED_EDGE('',*,*,#1836,.T.);
#2417=ORIENTED_EDGE('',*,*,#1837,.T.);
#2418=ORIENTED_EDGE('',*,*,#1838,.T.);
#2419=ORIENTED_EDGE('',*,*,#1839,.T.);
#2420=ORIENTED_EDGE('',*,*,#1840,.T.);
#2421=ORIENTED_EDGE('',*,*,#1841,.F.);
#2422=ORIENTED_EDGE('',*,*,#1842,.F.);
#2423=ORIENTED_EDGE('',*,*,#1843,.F.);
#2424=ORIENTED_EDGE('',*,*,#1844,.F.);
#2425=ORIENTED_EDGE('',*,*,#1845,.F.);
#2426=ORIENTED_EDGE('',*,*,#1846,.F.);
#2427=ORIENTED_EDGE('',*,*,#1847,.F.);
#2428=ORIENTED_EDGE('',*,*,#1848,.F.);
#2429=ORIENTED_EDGE('',*,*,#1849,.F.);
#2430=ORIENTED_EDGE('',*,*,#1639,.T.);
#2431=ORIENTED_EDGE('',*,*,#1635,.T.);
#2432=ORIENTED_EDGE('',*,*,#1656,.F.);
#2433=ORIENTED_EDGE('',*,*,#1850,.F.);
#2434=ORIENTED_EDGE('',*,*,#1851,.F.);
#2435=ORIENTED_EDGE('',*,*,#1640,.T.);
#2436=ORIENTED_EDGE('',*,*,#1849,.T.);
#2437=ORIENTED_EDGE('',*,*,#1852,.T.);
#2438=ORIENTED_EDGE('',*,*,#1654,.T.);
#2439=ORIENTED_EDGE('',*,*,#1642,.T.);
#2440=ORIENTED_EDGE('',*,*,#1638,.T.);
#2441=ORIENTED_EDGE('',*,*,#1851,.T.);
#2442=ORIENTED_EDGE('',*,*,#1853,.T.);
#2443=ORIENTED_EDGE('',*,*,#1854,.T.);
#2444=ORIENTED_EDGE('',*,*,#1855,.T.);
#2445=ORIENTED_EDGE('',*,*,#1856,.T.);
#2446=ORIENTED_EDGE('',*,*,#1857,.T.);
#2447=ORIENTED_EDGE('',*,*,#1858,.T.);
#2448=ORIENTED_EDGE('',*,*,#1859,.T.);
#2449=ORIENTED_EDGE('',*,*,#1860,.F.);
#2450=ORIENTED_EDGE('',*,*,#1861,.F.);
#2451=ORIENTED_EDGE('',*,*,#1862,.F.);
#2452=ORIENTED_EDGE('',*,*,#1863,.F.);
#2453=ORIENTED_EDGE('',*,*,#1864,.F.);
#2454=ORIENTED_EDGE('',*,*,#1865,.F.);
#2455=ORIENTED_EDGE('',*,*,#1866,.F.);
#2456=ORIENTED_EDGE('',*,*,#1867,.F.);
#2457=ORIENTED_EDGE('',*,*,#1868,.F.);
#2458=ORIENTED_EDGE('',*,*,#1645,.T.);
#2459=ORIENTED_EDGE('',*,*,#1641,.T.);
#2460=ORIENTED_EDGE('',*,*,#1653,.F.);
#2461=ORIENTED_EDGE('',*,*,#1869,.F.);
#2462=ORIENTED_EDGE('',*,*,#1870,.F.);
#2463=ORIENTED_EDGE('',*,*,#1646,.T.);
#2464=ORIENTED_EDGE('',*,*,#1868,.T.);
#2465=ORIENTED_EDGE('',*,*,#1871,.T.);
#2466=ORIENTED_EDGE('',*,*,#1651,.T.);
#2467=ORIENTED_EDGE('',*,*,#1648,.T.);
#2468=ORIENTED_EDGE('',*,*,#1644,.T.);
#2469=ORIENTED_EDGE('',*,*,#1870,.T.);
#2470=ORIENTED_EDGE('',*,*,#1872,.T.);
#2471=ORIENTED_EDGE('',*,*,#1873,.T.);
#2472=ORIENTED_EDGE('',*,*,#1874,.T.);
#2473=ORIENTED_EDGE('',*,*,#1875,.T.);
#2474=ORIENTED_EDGE('',*,*,#1876,.T.);
#2475=ORIENTED_EDGE('',*,*,#1877,.T.);
#2476=ORIENTED_EDGE('',*,*,#1878,.T.);
#2477=ORIENTED_EDGE('',*,*,#1879,.F.);
#2478=ORIENTED_EDGE('',*,*,#1880,.F.);
#2479=ORIENTED_EDGE('',*,*,#1681,.T.);
#2480=ORIENTED_EDGE('',*,*,#1881,.F.);
#2481=ORIENTED_EDGE('',*,*,#1882,.F.);
#2482=ORIENTED_EDGE('',*,*,#1883,.T.);
#2483=ORIENTED_EDGE('',*,*,#1682,.T.);
#2484=ORIENTED_EDGE('',*,*,#1880,.T.);
#2485=ORIENTED_EDGE('',*,*,#1700,.F.);
#2486=ORIENTED_EDGE('',*,*,#1884,.T.);
#2487=ORIENTED_EDGE('',*,*,#1689,.T.);
#2488=ORIENTED_EDGE('',*,*,#1679,.T.);
#2489=ORIENTED_EDGE('',*,*,#1884,.F.);
#2490=ORIENTED_EDGE('',*,*,#1707,.F.);
#2491=ORIENTED_EDGE('',*,*,#1885,.F.);
#2492=ORIENTED_EDGE('',*,*,#1690,.T.);
#2493=ORIENTED_EDGE('',*,*,#1885,.T.);
#2494=ORIENTED_EDGE('',*,*,#1706,.F.);
#2495=ORIENTED_EDGE('',*,*,#1886,.F.);
#2496=ORIENTED_EDGE('',*,*,#1691,.T.);
#2497=ORIENTED_EDGE('',*,*,#1886,.T.);
#2498=ORIENTED_EDGE('',*,*,#1705,.F.);
#2499=ORIENTED_EDGE('',*,*,#1887,.F.);
#2500=ORIENTED_EDGE('',*,*,#1692,.T.);
#2501=ORIENTED_EDGE('',*,*,#1887,.T.);
#2502=ORIENTED_EDGE('',*,*,#1704,.F.);
#2503=ORIENTED_EDGE('',*,*,#1888,.F.);
#2504=ORIENTED_EDGE('',*,*,#1693,.T.);
#2505=ORIENTED_EDGE('',*,*,#1888,.T.);
#2506=ORIENTED_EDGE('',*,*,#1703,.F.);
#2507=ORIENTED_EDGE('',*,*,#1889,.F.);
#2508=ORIENTED_EDGE('',*,*,#1694,.T.);
#2509=ORIENTED_EDGE('',*,*,#1702,.F.);
#2510=ORIENTED_EDGE('',*,*,#1890,.T.);
#2511=ORIENTED_EDGE('',*,*,#1695,.T.);
#2512=ORIENTED_EDGE('',*,*,#1889,.T.);
#2513=ORIENTED_EDGE('',*,*,#1890,.F.);
#2514=ORIENTED_EDGE('',*,*,#1701,.F.);
#2515=ORIENTED_EDGE('',*,*,#1698,.T.);
#2516=ORIENTED_EDGE('',*,*,#1696,.T.);
#2517=ORIENTED_EDGE('',*,*,#1719,.F.);
#2518=ORIENTED_EDGE('',*,*,#1891,.T.);
#2519=ORIENTED_EDGE('',*,*,#1708,.T.);
#2520=ORIENTED_EDGE('',*,*,#1676,.T.);
#2521=ORIENTED_EDGE('',*,*,#1891,.F.);
#2522=ORIENTED_EDGE('',*,*,#1726,.F.);
#2523=ORIENTED_EDGE('',*,*,#1892,.F.);
#2524=ORIENTED_EDGE('',*,*,#1709,.T.);
#2525=ORIENTED_EDGE('',*,*,#1892,.T.);
#2526=ORIENTED_EDGE('',*,*,#1725,.F.);
#2527=ORIENTED_EDGE('',*,*,#1893,.F.);
#2528=ORIENTED_EDGE('',*,*,#1710,.T.);
#2529=ORIENTED_EDGE('',*,*,#1893,.T.);
#2530=ORIENTED_EDGE('',*,*,#1724,.F.);
#2531=ORIENTED_EDGE('',*,*,#1894,.F.);
#2532=ORIENTED_EDGE('',*,*,#1711,.T.);
#2533=ORIENTED_EDGE('',*,*,#1894,.T.);
#2534=ORIENTED_EDGE('',*,*,#1723,.F.);
#2535=ORIENTED_EDGE('',*,*,#1895,.F.);
#2536=ORIENTED_EDGE('',*,*,#1712,.T.);
#2537=ORIENTED_EDGE('',*,*,#1895,.T.);
#2538=ORIENTED_EDGE('',*,*,#1722,.F.);
#2539=ORIENTED_EDGE('',*,*,#1896,.F.);
#2540=ORIENTED_EDGE('',*,*,#1713,.T.);
#2541=ORIENTED_EDGE('',*,*,#1721,.F.);
#2542=ORIENTED_EDGE('',*,*,#1897,.T.);
#2543=ORIENTED_EDGE('',*,*,#1714,.T.);
#2544=ORIENTED_EDGE('',*,*,#1896,.T.);
#2545=ORIENTED_EDGE('',*,*,#1897,.F.);
#2546=ORIENTED_EDGE('',*,*,#1720,.F.);
#2547=ORIENTED_EDGE('',*,*,#1717,.T.);
#2548=ORIENTED_EDGE('',*,*,#1715,.T.);
#2549=ORIENTED_EDGE('',*,*,#1738,.F.);
#2550=ORIENTED_EDGE('',*,*,#1898,.T.);
#2551=ORIENTED_EDGE('',*,*,#1727,.T.);
#2552=ORIENTED_EDGE('',*,*,#1673,.T.);
#2553=ORIENTED_EDGE('',*,*,#1898,.F.);
#2554=ORIENTED_EDGE('',*,*,#1745,.F.);
#2555=ORIENTED_EDGE('',*,*,#1899,.F.);
#2556=ORIENTED_EDGE('',*,*,#1728,.T.);
#2557=ORIENTED_EDGE('',*,*,#1899,.T.);
#2558=ORIENTED_EDGE('',*,*,#1744,.F.);
#2559=ORIENTED_EDGE('',*,*,#1900,.F.);
#2560=ORIENTED_EDGE('',*,*,#1729,.T.);
#2561=ORIENTED_EDGE('',*,*,#1900,.T.);
#2562=ORIENTED_EDGE('',*,*,#1743,.F.);
#2563=ORIENTED_EDGE('',*,*,#1901,.F.);
#2564=ORIENTED_EDGE('',*,*,#1730,.T.);
#2565=ORIENTED_EDGE('',*,*,#1901,.T.);
#2566=ORIENTED_EDGE('',*,*,#1742,.F.);
#2567=ORIENTED_EDGE('',*,*,#1902,.F.);
#2568=ORIENTED_EDGE('',*,*,#1731,.T.);
#2569=ORIENTED_EDGE('',*,*,#1902,.T.);
#2570=ORIENTED_EDGE('',*,*,#1741,.F.);
#2571=ORIENTED_EDGE('',*,*,#1903,.F.);
#2572=ORIENTED_EDGE('',*,*,#1732,.T.);
#2573=ORIENTED_EDGE('',*,*,#1740,.F.);
#2574=ORIENTED_EDGE('',*,*,#1904,.T.);
#2575=ORIENTED_EDGE('',*,*,#1733,.T.);
#2576=ORIENTED_EDGE('',*,*,#1903,.T.);
#2577=ORIENTED_EDGE('',*,*,#1904,.F.);
#2578=ORIENTED_EDGE('',*,*,#1739,.F.);
#2579=ORIENTED_EDGE('',*,*,#1736,.T.);
#2580=ORIENTED_EDGE('',*,*,#1734,.T.);
#2581=ORIENTED_EDGE('',*,*,#1757,.F.);
#2582=ORIENTED_EDGE('',*,*,#1905,.T.);
#2583=ORIENTED_EDGE('',*,*,#1746,.T.);
#2584=ORIENTED_EDGE('',*,*,#1670,.T.);
#2585=ORIENTED_EDGE('',*,*,#1905,.F.);
#2586=ORIENTED_EDGE('',*,*,#1764,.F.);
#2587=ORIENTED_EDGE('',*,*,#1906,.F.);
#2588=ORIENTED_EDGE('',*,*,#1747,.T.);
#2589=ORIENTED_EDGE('',*,*,#1906,.T.);
#2590=ORIENTED_EDGE('',*,*,#1763,.F.);
#2591=ORIENTED_EDGE('',*,*,#1907,.F.);
#2592=ORIENTED_EDGE('',*,*,#1748,.T.);
#2593=ORIENTED_EDGE('',*,*,#1907,.T.);
#2594=ORIENTED_EDGE('',*,*,#1762,.F.);
#2595=ORIENTED_EDGE('',*,*,#1908,.F.);
#2596=ORIENTED_EDGE('',*,*,#1749,.T.);
#2597=ORIENTED_EDGE('',*,*,#1908,.T.);
#2598=ORIENTED_EDGE('',*,*,#1761,.F.);
#2599=ORIENTED_EDGE('',*,*,#1909,.F.);
#2600=ORIENTED_EDGE('',*,*,#1750,.T.);
#2601=ORIENTED_EDGE('',*,*,#1909,.T.);
#2602=ORIENTED_EDGE('',*,*,#1760,.F.);
#2603=ORIENTED_EDGE('',*,*,#1910,.F.);
#2604=ORIENTED_EDGE('',*,*,#1751,.T.);
#2605=ORIENTED_EDGE('',*,*,#1759,.F.);
#2606=ORIENTED_EDGE('',*,*,#1911,.T.);
#2607=ORIENTED_EDGE('',*,*,#1752,.T.);
#2608=ORIENTED_EDGE('',*,*,#1910,.T.);
#2609=ORIENTED_EDGE('',*,*,#1911,.F.);
#2610=ORIENTED_EDGE('',*,*,#1758,.F.);
#2611=ORIENTED_EDGE('',*,*,#1755,.T.);
#2612=ORIENTED_EDGE('',*,*,#1753,.T.);
#2613=ORIENTED_EDGE('',*,*,#1776,.F.);
#2614=ORIENTED_EDGE('',*,*,#1912,.T.);
#2615=ORIENTED_EDGE('',*,*,#1765,.T.);
#2616=ORIENTED_EDGE('',*,*,#1667,.T.);
#2617=ORIENTED_EDGE('',*,*,#1912,.F.);
#2618=ORIENTED_EDGE('',*,*,#1783,.F.);
#2619=ORIENTED_EDGE('',*,*,#1913,.F.);
#2620=ORIENTED_EDGE('',*,*,#1766,.T.);
#2621=ORIENTED_EDGE('',*,*,#1913,.T.);
#2622=ORIENTED_EDGE('',*,*,#1782,.F.);
#2623=ORIENTED_EDGE('',*,*,#1914,.F.);
#2624=ORIENTED_EDGE('',*,*,#1767,.T.);
#2625=ORIENTED_EDGE('',*,*,#1914,.T.);
#2626=ORIENTED_EDGE('',*,*,#1781,.F.);
#2627=ORIENTED_EDGE('',*,*,#1915,.F.);
#2628=ORIENTED_EDGE('',*,*,#1768,.T.);
#2629=ORIENTED_EDGE('',*,*,#1915,.T.);
#2630=ORIENTED_EDGE('',*,*,#1780,.F.);
#2631=ORIENTED_EDGE('',*,*,#1916,.F.);
#2632=ORIENTED_EDGE('',*,*,#1769,.T.);
#2633=ORIENTED_EDGE('',*,*,#1916,.T.);
#2634=ORIENTED_EDGE('',*,*,#1779,.F.);
#2635=ORIENTED_EDGE('',*,*,#1917,.F.);
#2636=ORIENTED_EDGE('',*,*,#1770,.T.);
#2637=ORIENTED_EDGE('',*,*,#1778,.F.);
#2638=ORIENTED_EDGE('',*,*,#1918,.T.);
#2639=ORIENTED_EDGE('',*,*,#1771,.T.);
#2640=ORIENTED_EDGE('',*,*,#1917,.T.);
#2641=ORIENTED_EDGE('',*,*,#1918,.F.);
#2642=ORIENTED_EDGE('',*,*,#1777,.F.);
#2643=ORIENTED_EDGE('',*,*,#1774,.T.);
#2644=ORIENTED_EDGE('',*,*,#1772,.T.);
#2645=ORIENTED_EDGE('',*,*,#1919,.F.);
#2646=ORIENTED_EDGE('',*,*,#1920,.F.);
#2647=ORIENTED_EDGE('',*,*,#1684,.T.);
#2648=ORIENTED_EDGE('',*,*,#1921,.T.);
#2649=ORIENTED_EDGE('',*,*,#1922,.F.);
#2650=ORIENTED_EDGE('',*,*,#1923,.F.);
#2651=ORIENTED_EDGE('',*,*,#1685,.T.);
#2652=ORIENTED_EDGE('',*,*,#1920,.T.);
#2653=ORIENTED_EDGE('',*,*,#1924,.F.);
#2654=ORIENTED_EDGE('',*,*,#1925,.T.);
#2655=ORIENTED_EDGE('',*,*,#1686,.T.);
#2656=ORIENTED_EDGE('',*,*,#1923,.T.);
#2657=ORIENTED_EDGE('',*,*,#1795,.F.);
#2658=ORIENTED_EDGE('',*,*,#1926,.T.);
#2659=ORIENTED_EDGE('',*,*,#1784,.T.);
#2660=ORIENTED_EDGE('',*,*,#1664,.T.);
#2661=ORIENTED_EDGE('',*,*,#1926,.F.);
#2662=ORIENTED_EDGE('',*,*,#1802,.F.);
#2663=ORIENTED_EDGE('',*,*,#1927,.F.);
#2664=ORIENTED_EDGE('',*,*,#1785,.T.);
#2665=ORIENTED_EDGE('',*,*,#1927,.T.);
#2666=ORIENTED_EDGE('',*,*,#1801,.F.);
#2667=ORIENTED_EDGE('',*,*,#1928,.F.);
#2668=ORIENTED_EDGE('',*,*,#1786,.T.);
#2669=ORIENTED_EDGE('',*,*,#1928,.T.);
#2670=ORIENTED_EDGE('',*,*,#1800,.F.);
#2671=ORIENTED_EDGE('',*,*,#1929,.F.);
#2672=ORIENTED_EDGE('',*,*,#1787,.T.);
#2673=ORIENTED_EDGE('',*,*,#1929,.T.);
#2674=ORIENTED_EDGE('',*,*,#1799,.F.);
#2675=ORIENTED_EDGE('',*,*,#1930,.F.);
#2676=ORIENTED_EDGE('',*,*,#1788,.T.);
#2677=ORIENTED_EDGE('',*,*,#1930,.T.);
#2678=ORIENTED_EDGE('',*,*,#1798,.F.);
#2679=ORIENTED_EDGE('',*,*,#1931,.F.);
#2680=ORIENTED_EDGE('',*,*,#1789,.T.);
#2681=ORIENTED_EDGE('',*,*,#1797,.F.);
#2682=ORIENTED_EDGE('',*,*,#1932,.T.);
#2683=ORIENTED_EDGE('',*,*,#1790,.T.);
#2684=ORIENTED_EDGE('',*,*,#1931,.T.);
#2685=ORIENTED_EDGE('',*,*,#1932,.F.);
#2686=ORIENTED_EDGE('',*,*,#1796,.F.);
#2687=ORIENTED_EDGE('',*,*,#1793,.T.);
#2688=ORIENTED_EDGE('',*,*,#1791,.T.);
#2689=ORIENTED_EDGE('',*,*,#1814,.F.);
#2690=ORIENTED_EDGE('',*,*,#1933,.T.);
#2691=ORIENTED_EDGE('',*,*,#1803,.T.);
#2692=ORIENTED_EDGE('',*,*,#1661,.T.);
#2693=ORIENTED_EDGE('',*,*,#1933,.F.);
#2694=ORIENTED_EDGE('',*,*,#1821,.F.);
#2695=ORIENTED_EDGE('',*,*,#1934,.F.);
#2696=ORIENTED_EDGE('',*,*,#1804,.T.);
#2697=ORIENTED_EDGE('',*,*,#1934,.T.);
#2698=ORIENTED_EDGE('',*,*,#1820,.F.);
#2699=ORIENTED_EDGE('',*,*,#1935,.F.);
#2700=ORIENTED_EDGE('',*,*,#1805,.T.);
#2701=ORIENTED_EDGE('',*,*,#1935,.T.);
#2702=ORIENTED_EDGE('',*,*,#1819,.F.);
#2703=ORIENTED_EDGE('',*,*,#1936,.F.);
#2704=ORIENTED_EDGE('',*,*,#1806,.T.);
#2705=ORIENTED_EDGE('',*,*,#1936,.T.);
#2706=ORIENTED_EDGE('',*,*,#1818,.F.);
#2707=ORIENTED_EDGE('',*,*,#1937,.F.);
#2708=ORIENTED_EDGE('',*,*,#1807,.T.);
#2709=ORIENTED_EDGE('',*,*,#1937,.T.);
#2710=ORIENTED_EDGE('',*,*,#1817,.F.);
#2711=ORIENTED_EDGE('',*,*,#1938,.F.);
#2712=ORIENTED_EDGE('',*,*,#1808,.T.);
#2713=ORIENTED_EDGE('',*,*,#1816,.F.);
#2714=ORIENTED_EDGE('',*,*,#1939,.T.);
#2715=ORIENTED_EDGE('',*,*,#1809,.T.);
#2716=ORIENTED_EDGE('',*,*,#1938,.T.);
#2717=ORIENTED_EDGE('',*,*,#1939,.F.);
#2718=ORIENTED_EDGE('',*,*,#1815,.F.);
#2719=ORIENTED_EDGE('',*,*,#1812,.T.);
#2720=ORIENTED_EDGE('',*,*,#1810,.T.);
#2721=ORIENTED_EDGE('',*,*,#1833,.F.);
#2722=ORIENTED_EDGE('',*,*,#1940,.T.);
#2723=ORIENTED_EDGE('',*,*,#1822,.T.);
#2724=ORIENTED_EDGE('',*,*,#1658,.T.);
#2725=ORIENTED_EDGE('',*,*,#1940,.F.);
#2726=ORIENTED_EDGE('',*,*,#1840,.F.);
#2727=ORIENTED_EDGE('',*,*,#1941,.F.);
#2728=ORIENTED_EDGE('',*,*,#1823,.T.);
#2729=ORIENTED_EDGE('',*,*,#1941,.T.);
#2730=ORIENTED_EDGE('',*,*,#1839,.F.);
#2731=ORIENTED_EDGE('',*,*,#1942,.F.);
#2732=ORIENTED_EDGE('',*,*,#1824,.T.);
#2733=ORIENTED_EDGE('',*,*,#1942,.T.);
#2734=ORIENTED_EDGE('',*,*,#1838,.F.);
#2735=ORIENTED_EDGE('',*,*,#1943,.F.);
#2736=ORIENTED_EDGE('',*,*,#1825,.T.);
#2737=ORIENTED_EDGE('',*,*,#1943,.T.);
#2738=ORIENTED_EDGE('',*,*,#1837,.F.);
#2739=ORIENTED_EDGE('',*,*,#1944,.F.);
#2740=ORIENTED_EDGE('',*,*,#1826,.T.);
#2741=ORIENTED_EDGE('',*,*,#1944,.T.);
#2742=ORIENTED_EDGE('',*,*,#1836,.F.);
#2743=ORIENTED_EDGE('',*,*,#1945,.F.);
#2744=ORIENTED_EDGE('',*,*,#1827,.T.);
#2745=ORIENTED_EDGE('',*,*,#1835,.F.);
#2746=ORIENTED_EDGE('',*,*,#1946,.T.);
#2747=ORIENTED_EDGE('',*,*,#1828,.T.);
#2748=ORIENTED_EDGE('',*,*,#1945,.T.);
#2749=ORIENTED_EDGE('',*,*,#1946,.F.);
#2750=ORIENTED_EDGE('',*,*,#1834,.F.);
#2751=ORIENTED_EDGE('',*,*,#1831,.T.);
#2752=ORIENTED_EDGE('',*,*,#1829,.T.);
#2753=ORIENTED_EDGE('',*,*,#1852,.F.);
#2754=ORIENTED_EDGE('',*,*,#1947,.T.);
#2755=ORIENTED_EDGE('',*,*,#1841,.T.);
#2756=ORIENTED_EDGE('',*,*,#1655,.T.);
#2757=ORIENTED_EDGE('',*,*,#1947,.F.);
#2758=ORIENTED_EDGE('',*,*,#1859,.F.);
#2759=ORIENTED_EDGE('',*,*,#1948,.F.);
#2760=ORIENTED_EDGE('',*,*,#1842,.T.);
#2761=ORIENTED_EDGE('',*,*,#1948,.T.);
#2762=ORIENTED_EDGE('',*,*,#1858,.F.);
#2763=ORIENTED_EDGE('',*,*,#1949,.F.);
#2764=ORIENTED_EDGE('',*,*,#1843,.T.);
#2765=ORIENTED_EDGE('',*,*,#1949,.T.);
#2766=ORIENTED_EDGE('',*,*,#1857,.F.);
#2767=ORIENTED_EDGE('',*,*,#1950,.F.);
#2768=ORIENTED_EDGE('',*,*,#1844,.T.);
#2769=ORIENTED_EDGE('',*,*,#1950,.T.);
#2770=ORIENTED_EDGE('',*,*,#1856,.F.);
#2771=ORIENTED_EDGE('',*,*,#1951,.F.);
#2772=ORIENTED_EDGE('',*,*,#1845,.T.);
#2773=ORIENTED_EDGE('',*,*,#1951,.T.);
#2774=ORIENTED_EDGE('',*,*,#1855,.F.);
#2775=ORIENTED_EDGE('',*,*,#1952,.F.);
#2776=ORIENTED_EDGE('',*,*,#1846,.T.);
#2777=ORIENTED_EDGE('',*,*,#1854,.F.);
#2778=ORIENTED_EDGE('',*,*,#1953,.T.);
#2779=ORIENTED_EDGE('',*,*,#1847,.T.);
#2780=ORIENTED_EDGE('',*,*,#1952,.T.);
#2781=ORIENTED_EDGE('',*,*,#1953,.F.);
#2782=ORIENTED_EDGE('',*,*,#1853,.F.);
#2783=ORIENTED_EDGE('',*,*,#1850,.T.);
#2784=ORIENTED_EDGE('',*,*,#1848,.T.);
#2785=ORIENTED_EDGE('',*,*,#1871,.F.);
#2786=ORIENTED_EDGE('',*,*,#1954,.T.);
#2787=ORIENTED_EDGE('',*,*,#1860,.T.);
#2788=ORIENTED_EDGE('',*,*,#1652,.T.);
#2789=ORIENTED_EDGE('',*,*,#1954,.F.);
#2790=ORIENTED_EDGE('',*,*,#1878,.F.);
#2791=ORIENTED_EDGE('',*,*,#1955,.F.);
#2792=ORIENTED_EDGE('',*,*,#1861,.T.);
#2793=ORIENTED_EDGE('',*,*,#1955,.T.);
#2794=ORIENTED_EDGE('',*,*,#1877,.F.);
#2795=ORIENTED_EDGE('',*,*,#1956,.F.);
#2796=ORIENTED_EDGE('',*,*,#1862,.T.);
#2797=ORIENTED_EDGE('',*,*,#1956,.T.);
#2798=ORIENTED_EDGE('',*,*,#1876,.F.);
#2799=ORIENTED_EDGE('',*,*,#1957,.F.);
#2800=ORIENTED_EDGE('',*,*,#1863,.T.);
#2801=ORIENTED_EDGE('',*,*,#1957,.T.);
#2802=ORIENTED_EDGE('',*,*,#1875,.F.);
#2803=ORIENTED_EDGE('',*,*,#1958,.F.);
#2804=ORIENTED_EDGE('',*,*,#1864,.T.);
#2805=ORIENTED_EDGE('',*,*,#1958,.T.);
#2806=ORIENTED_EDGE('',*,*,#1874,.F.);
#2807=ORIENTED_EDGE('',*,*,#1959,.F.);
#2808=ORIENTED_EDGE('',*,*,#1865,.T.);
#2809=ORIENTED_EDGE('',*,*,#1873,.F.);
#2810=ORIENTED_EDGE('',*,*,#1960,.T.);
#2811=ORIENTED_EDGE('',*,*,#1866,.T.);
#2812=ORIENTED_EDGE('',*,*,#1959,.T.);
#2813=ORIENTED_EDGE('',*,*,#1960,.F.);
#2814=ORIENTED_EDGE('',*,*,#1872,.F.);
#2815=ORIENTED_EDGE('',*,*,#1869,.T.);
#2816=ORIENTED_EDGE('',*,*,#1867,.T.);
#2817=ORIENTED_EDGE('',*,*,#1961,.F.);
#2818=ORIENTED_EDGE('',*,*,#1881,.T.);
#2819=ORIENTED_EDGE('',*,*,#1688,.T.);
#2820=ORIENTED_EDGE('',*,*,#1962,.T.);
#2821=ORIENTED_EDGE('',*,*,#1963,.T.);
#2822=ORIENTED_EDGE('',*,*,#1882,.T.);
#2823=ORIENTED_EDGE('',*,*,#1879,.T.);
#2824=ORIENTED_EDGE('',*,*,#1961,.T.);
#2825=ORIENTED_EDGE('',*,*,#1964,.T.);
#2826=ORIENTED_EDGE('',*,*,#1924,.T.);
#2827=ORIENTED_EDGE('',*,*,#1922,.T.);
#2828=ORIENTED_EDGE('',*,*,#1919,.T.);
#2829=ORIENTED_EDGE('',*,*,#1528,.T.);
#2830=ORIENTED_EDGE('',*,*,#1963,.F.);
#2831=ORIENTED_EDGE('',*,*,#1921,.F.);
#2832=ORIENTED_EDGE('',*,*,#1683,.F.);
#2833=ORIENTED_EDGE('',*,*,#1883,.F.);
#2834=ORIENTED_EDGE('',*,*,#1964,.F.);
#2835=ORIENTED_EDGE('',*,*,#1962,.F.);
#2836=ORIENTED_EDGE('',*,*,#1687,.F.);
#2837=ORIENTED_EDGE('',*,*,#1925,.F.);
#2838=ORIENTED_EDGE('',*,*,#1530,.T.);
#2839=CYLINDRICAL_SURFACE('',#3093,0.1);
#2840=CYLINDRICAL_SURFACE('',#3139,0.1);
#2841=CYLINDRICAL_SURFACE('',#3150,0.1);
#2842=CYLINDRICAL_SURFACE('',#3161,0.1);
#2843=CYLINDRICAL_SURFACE('',#3172,0.1);
#2844=CYLINDRICAL_SURFACE('',#3183,0.1);
#2845=CYLINDRICAL_SURFACE('',#3194,0.1);
#2846=CYLINDRICAL_SURFACE('',#3205,0.1);
#2847=CYLINDRICAL_SURFACE('',#3216,0.1);
#2848=CYLINDRICAL_SURFACE('',#3227,0.1);
#2849=CYLINDRICAL_SURFACE('',#3238,0.1);
#2850=CYLINDRICAL_SURFACE('',#3246,0.2);
#2851=CYLINDRICAL_SURFACE('',#3248,0.0999999999999998);
#2852=CYLINDRICAL_SURFACE('',#3252,0.2);
#2853=CYLINDRICAL_SURFACE('',#3254,0.2);
#2854=CYLINDRICAL_SURFACE('',#3256,0.0999999999999998);
#2855=CYLINDRICAL_SURFACE('',#3260,0.2);
#2856=CYLINDRICAL_SURFACE('',#3262,0.2);
#2857=CYLINDRICAL_SURFACE('',#3264,0.0999999999999998);
#2858=CYLINDRICAL_SURFACE('',#3268,0.2);
#2859=CYLINDRICAL_SURFACE('',#3270,0.2);
#2860=CYLINDRICAL_SURFACE('',#3272,0.0999999999999998);
#2861=CYLINDRICAL_SURFACE('',#3276,0.2);
#2862=CYLINDRICAL_SURFACE('',#3278,0.2);
#2863=CYLINDRICAL_SURFACE('',#3280,0.0999999999999998);
#2864=CYLINDRICAL_SURFACE('',#3284,0.2);
#2865=CYLINDRICAL_SURFACE('',#3289,0.2);
#2866=CYLINDRICAL_SURFACE('',#3291,0.0999999999999998);
#2867=CYLINDRICAL_SURFACE('',#3295,0.2);
#2868=CYLINDRICAL_SURFACE('',#3297,0.2);
#2869=CYLINDRICAL_SURFACE('',#3299,0.0999999999999998);
#2870=CYLINDRICAL_SURFACE('',#3303,0.2);
#2871=CYLINDRICAL_SURFACE('',#3305,0.2);
#2872=CYLINDRICAL_SURFACE('',#3307,0.0999999999999998);
#2873=CYLINDRICAL_SURFACE('',#3311,0.2);
#2874=CYLINDRICAL_SURFACE('',#3313,0.2);
#2875=CYLINDRICAL_SURFACE('',#3315,0.0999999999999998);
#2876=CYLINDRICAL_SURFACE('',#3319,0.2);
#2877=CYLINDRICAL_SURFACE('',#3321,0.2);
#2878=CYLINDRICAL_SURFACE('',#3323,0.0999999999999998);
#2879=CYLINDRICAL_SURFACE('',#3327,0.2);
#2880=STYLED_ITEM('',(#5073),#2920);
#2881=STYLED_ITEM('',(#5074),#2921);
#2882=STYLED_ITEM('',(#5074),#2922);
#2883=STYLED_ITEM('',(#5074),#2923);
#2884=STYLED_ITEM('',(#5074),#2924);
#2885=STYLED_ITEM('',(#5074),#2925);
#2886=STYLED_ITEM('',(#5074),#2926);
#2887=STYLED_ITEM('',(#5074),#2927);
#2888=STYLED_ITEM('',(#5074),#2928);
#2889=STYLED_ITEM('',(#5074),#2929);
#2890=STYLED_ITEM('',(#5074),#2930);
#2891=STYLED_ITEM('',(#5074),#2931);
#2892=STYLED_ITEM('',(#5074),#2932);
#2893=STYLED_ITEM('',(#5074),#2934);
#2894=STYLED_ITEM('',(#5074),#2936);
#2895=STYLED_ITEM('',(#5074),#2938);
#2896=STYLED_ITEM('',(#5074),#2940);
#2897=STYLED_ITEM('',(#5074),#2942);
#2898=STYLED_ITEM('',(#5074),#2943);
#2899=STYLED_ITEM('',(#5074),#2944);
#2900=STYLED_ITEM('',(#5074),#2945);
#2901=STYLED_ITEM('',(#5074),#2946);
#2902=STYLED_ITEM('',(#5074),#2948);
#2903=STYLED_ITEM('',(#5074),#2950);
#2904=STYLED_ITEM('',(#5074),#2952);
#2905=STYLED_ITEM('',(#5074),#2954);
#2906=STYLED_ITEM('',(#5074),#2956);
#2907=STYLED_ITEM('',(#5074),#2957);
#2908=STYLED_ITEM('',(#5074),#2958);
#2909=STYLED_ITEM('',(#5074),#2989);
#2910=STYLED_ITEM('',(#5074),#2990);
#2911=STYLED_ITEM('',(#5074),#3031);
#2912=STYLED_ITEM('',(#5074),#3032);
#2913=STYLED_ITEM('',(#5074),#3033);
#2914=STYLED_ITEM('',(#5074),#3074);
#2915=STYLED_ITEM('',(#5074),#3075);
#2916=STYLED_ITEM('',(#5074),#3076);
#2917=STYLED_ITEM('',(#5074),#3077);
#2918=STYLED_ITEM('',(#5073),#3078);
#2919=STYLED_ITEM('',(#5072),#13);
#2920=ADVANCED_FACE('',(#134),#2839,.F.);
#2921=ADVANCED_FACE('',(#135),#16,.F.);
#2922=ADVANCED_FACE('',(#136),#17,.F.);
#2923=ADVANCED_FACE('',(#137),#18,.F.);
#2924=ADVANCED_FACE('',(#138),#19,.F.);
#2925=ADVANCED_FACE('',(#139),#20,.F.);
#2926=ADVANCED_FACE('',(#140),#21,.F.);
#2927=ADVANCED_FACE('',(#141),#22,.F.);
#2928=ADVANCED_FACE('',(#142),#23,.F.);
#2929=ADVANCED_FACE('',(#143),#24,.F.);
#2930=ADVANCED_FACE('',(#144),#25,.F.);
#2931=ADVANCED_FACE('',(#145),#26,.F.);
#2932=ADVANCED_FACE('',(#146),#27,.F.);
#2933=ADVANCED_FACE('',(#147),#28,.F.);
#2934=ADVANCED_FACE('',(#148),#29,.F.);
#2935=ADVANCED_FACE('',(#149),#30,.F.);
#2936=ADVANCED_FACE('',(#150),#31,.F.);
#2937=ADVANCED_FACE('',(#151),#32,.F.);
#2938=ADVANCED_FACE('',(#152),#33,.F.);
#2939=ADVANCED_FACE('',(#153),#34,.F.);
#2940=ADVANCED_FACE('',(#154),#35,.F.);
#2941=ADVANCED_FACE('',(#155),#36,.F.);
#2942=ADVANCED_FACE('',(#156),#37,.F.);
#2943=ADVANCED_FACE('',(#157),#38,.F.);
#2944=ADVANCED_FACE('',(#158),#39,.F.);
#2945=ADVANCED_FACE('',(#159),#40,.F.);
#2946=ADVANCED_FACE('',(#160),#41,.F.);
#2947=ADVANCED_FACE('',(#161),#42,.F.);
#2948=ADVANCED_FACE('',(#162),#43,.F.);
#2949=ADVANCED_FACE('',(#163),#44,.F.);
#2950=ADVANCED_FACE('',(#164),#45,.F.);
#2951=ADVANCED_FACE('',(#165),#46,.F.);
#2952=ADVANCED_FACE('',(#166),#47,.F.);
#2953=ADVANCED_FACE('',(#167),#48,.F.);
#2954=ADVANCED_FACE('',(#168),#49,.F.);
#2955=ADVANCED_FACE('',(#169),#50,.F.);
#2956=ADVANCED_FACE('',(#170),#51,.F.);
#2957=ADVANCED_FACE('',(#171),#52,.F.);
#2958=ADVANCED_FACE('',(#172,#14),#53,.F.);
#2959=ADVANCED_FACE('',(#173),#54,.F.);
#2960=ADVANCED_FACE('',(#174),#2840,.F.);
#2961=ADVANCED_FACE('',(#175),#55,.T.);
#2962=ADVANCED_FACE('',(#176),#56,.F.);
#2963=ADVANCED_FACE('',(#177),#2841,.F.);
#2964=ADVANCED_FACE('',(#178),#57,.T.);
#2965=ADVANCED_FACE('',(#179),#58,.F.);
#2966=ADVANCED_FACE('',(#180),#2842,.F.);
#2967=ADVANCED_FACE('',(#181),#59,.T.);
#2968=ADVANCED_FACE('',(#182),#60,.F.);
#2969=ADVANCED_FACE('',(#183),#2843,.F.);
#2970=ADVANCED_FACE('',(#184),#61,.T.);
#2971=ADVANCED_FACE('',(#185),#62,.F.);
#2972=ADVANCED_FACE('',(#186),#2844,.F.);
#2973=ADVANCED_FACE('',(#187),#63,.T.);
#2974=ADVANCED_FACE('',(#188),#64,.F.);
#2975=ADVANCED_FACE('',(#189),#2845,.F.);
#2976=ADVANCED_FACE('',(#190),#65,.T.);
#2977=ADVANCED_FACE('',(#191),#66,.F.);
#2978=ADVANCED_FACE('',(#192),#2846,.F.);
#2979=ADVANCED_FACE('',(#193),#67,.T.);
#2980=ADVANCED_FACE('',(#194),#68,.F.);
#2981=ADVANCED_FACE('',(#195),#2847,.F.);
#2982=ADVANCED_FACE('',(#196),#69,.T.);
#2983=ADVANCED_FACE('',(#197),#70,.F.);
#2984=ADVANCED_FACE('',(#198),#2848,.F.);
#2985=ADVANCED_FACE('',(#199),#71,.T.);
#2986=ADVANCED_FACE('',(#200),#72,.F.);
#2987=ADVANCED_FACE('',(#201),#2849,.F.);
#2988=ADVANCED_FACE('',(#202),#73,.T.);
#2989=ADVANCED_FACE('',(#203),#74,.F.);
#2990=ADVANCED_FACE('',(#204),#75,.F.);
#2991=ADVANCED_FACE('',(#205),#2850,.T.);
#2992=ADVANCED_FACE('',(#206),#76,.F.);
#2993=ADVANCED_FACE('',(#207),#2851,.F.);
#2994=ADVANCED_FACE('',(#208),#77,.F.);
#2995=ADVANCED_FACE('',(#209),#78,.F.);
#2996=ADVANCED_FACE('',(#210),#79,.F.);
#2997=ADVANCED_FACE('',(#211),#2852,.T.);
#2998=ADVANCED_FACE('',(#212),#80,.F.);
#2999=ADVANCED_FACE('',(#213),#2853,.T.);
#3000=ADVANCED_FACE('',(#214),#81,.F.);
#3001=ADVANCED_FACE('',(#215),#2854,.F.);
#3002=ADVANCED_FACE('',(#216),#82,.F.);
#3003=ADVANCED_FACE('',(#217),#83,.F.);
#3004=ADVANCED_FACE('',(#218),#84,.F.);
#3005=ADVANCED_FACE('',(#219),#2855,.T.);
#3006=ADVANCED_FACE('',(#220),#85,.F.);
#3007=ADVANCED_FACE('',(#221),#2856,.T.);
#3008=ADVANCED_FACE('',(#222),#86,.F.);
#3009=ADVANCED_FACE('',(#223),#2857,.F.);
#3010=ADVANCED_FACE('',(#224),#87,.F.);
#3011=ADVANCED_FACE('',(#225),#88,.F.);
#3012=ADVANCED_FACE('',(#226),#89,.F.);
#3013=ADVANCED_FACE('',(#227),#2858,.T.);
#3014=ADVANCED_FACE('',(#228),#90,.F.);
#3015=ADVANCED_FACE('',(#229),#2859,.T.);
#3016=ADVANCED_FACE('',(#230),#91,.F.);
#3017=ADVANCED_FACE('',(#231),#2860,.F.);
#3018=ADVANCED_FACE('',(#232),#92,.F.);
#3019=ADVANCED_FACE('',(#233),#93,.F.);
#3020=ADVANCED_FACE('',(#234),#94,.F.);
#3021=ADVANCED_FACE('',(#235),#2861,.T.);
#3022=ADVANCED_FACE('',(#236),#95,.F.);
#3023=ADVANCED_FACE('',(#237),#2862,.T.);
#3024=ADVANCED_FACE('',(#238),#96,.F.);
#3025=ADVANCED_FACE('',(#239),#2863,.F.);
#3026=ADVANCED_FACE('',(#240),#97,.F.);
#3027=ADVANCED_FACE('',(#241),#98,.F.);
#3028=ADVANCED_FACE('',(#242),#99,.F.);
#3029=ADVANCED_FACE('',(#243),#2864,.T.);
#3030=ADVANCED_FACE('',(#244),#100,.F.);
#3031=ADVANCED_FACE('',(#245),#101,.F.);
#3032=ADVANCED_FACE('',(#246),#102,.F.);
#3033=ADVANCED_FACE('',(#247),#103,.F.);
#3034=ADVANCED_FACE('',(#248),#2865,.T.);
#3035=ADVANCED_FACE('',(#249),#104,.F.);
#3036=ADVANCED_FACE('',(#250),#2866,.F.);
#3037=ADVANCED_FACE('',(#251),#105,.F.);
#3038=ADVANCED_FACE('',(#252),#106,.F.);
#3039=ADVANCED_FACE('',(#253),#107,.F.);
#3040=ADVANCED_FACE('',(#254),#2867,.T.);
#3041=ADVANCED_FACE('',(#255),#108,.F.);
#3042=ADVANCED_FACE('',(#256),#2868,.T.);
#3043=ADVANCED_FACE('',(#257),#109,.F.);
#3044=ADVANCED_FACE('',(#258),#2869,.F.);
#3045=ADVANCED_FACE('',(#259),#110,.F.);
#3046=ADVANCED_FACE('',(#260),#111,.F.);
#3047=ADVANCED_FACE('',(#261),#112,.F.);
#3048=ADVANCED_FACE('',(#262),#2870,.T.);
#3049=ADVANCED_FACE('',(#263),#113,.F.);
#3050=ADVANCED_FACE('',(#264),#2871,.T.);
#3051=ADVANCED_FACE('',(#265),#114,.F.);
#3052=ADVANCED_FACE('',(#266),#2872,.F.);
#3053=ADVANCED_FACE('',(#267),#115,.F.);
#3054=ADVANCED_FACE('',(#268),#116,.F.);
#3055=ADVANCED_FACE('',(#269),#117,.F.);
#3056=ADVANCED_FACE('',(#270),#2873,.T.);
#3057=ADVANCED_FACE('',(#271),#118,.F.);
#3058=ADVANCED_FACE('',(#272),#2874,.T.);
#3059=ADVANCED_FACE('',(#273),#119,.F.);
#3060=ADVANCED_FACE('',(#274),#2875,.F.);
#3061=ADVANCED_FACE('',(#275),#120,.F.);
#3062=ADVANCED_FACE('',(#276),#121,.F.);
#3063=ADVANCED_FACE('',(#277),#122,.F.);
#3064=ADVANCED_FACE('',(#278),#2876,.T.);
#3065=ADVANCED_FACE('',(#279),#123,.F.);
#3066=ADVANCED_FACE('',(#280),#2877,.T.);
#3067=ADVANCED_FACE('',(#281),#124,.F.);
#3068=ADVANCED_FACE('',(#282),#2878,.F.);
#3069=ADVANCED_FACE('',(#283),#125,.F.);
#3070=ADVANCED_FACE('',(#284),#126,.F.);
#3071=ADVANCED_FACE('',(#285),#127,.F.);
#3072=ADVANCED_FACE('',(#286),#2879,.T.);
#3073=ADVANCED_FACE('',(#287),#128,.F.);
#3074=ADVANCED_FACE('',(#288),#129,.F.);
#3075=ADVANCED_FACE('',(#289,#15),#130,.T.);
#3076=ADVANCED_FACE('',(#290),#131,.F.);
#3077=ADVANCED_FACE('',(#291),#132,.F.);
#3078=ADVANCED_FACE('',(#292),#133,.T.);
#3079=CLOSED_SHELL('',(#2920,#2921,#2922,#2923,#2924,#2925,#2926,#2927,
#2928,#2929,#2930,#2931,#2932,#2933,#2934,#2935,#2936,#2937,#2938,#2939,
#2940,#2941,#2942,#2943,#2944,#2945,#2946,#2947,#2948,#2949,#2950,#2951,
#2952,#2953,#2954,#2955,#2956,#2957,#2958,#2959,#2960,#2961,#2962,#2963,
#2964,#2965,#2966,#2967,#2968,#2969,#2970,#2971,#2972,#2973,#2974,#2975,
#2976,#2977,#2978,#2979,#2980,#2981,#2982,#2983,#2984,#2985,#2986,#2987,
#2988,#2989,#2990,#2991,#2992,#2993,#2994,#2995,#2996,#2997,#2998,#2999,
#3000,#3001,#3002,#3003,#3004,#3005,#3006,#3007,#3008,#3009,#3010,#3011,
#3012,#3013,#3014,#3015,#3016,#3017,#3018,#3019,#3020,#3021,#3022,#3023,
#3024,#3025,#3026,#3027,#3028,#3029,#3030,#3031,#3032,#3033,#3034,#3035,
#3036,#3037,#3038,#3039,#3040,#3041,#3042,#3043,#3044,#3045,#3046,#3047,
#3048,#3049,#3050,#3051,#3052,#3053,#3054,#3055,#3056,#3057,#3058,#3059,
#3060,#3061,#3062,#3063,#3064,#3065,#3066,#3067,#3068,#3069,#3070,#3071,
#3072,#3073,#3074,#3075,#3076,#3077,#3078));
#3080=DERIVED_UNIT_ELEMENT(#3082,1.);
#3081=DERIVED_UNIT_ELEMENT(#5057,-3.);
#3082=(
MASS_UNIT()
NAMED_UNIT(*)
SI_UNIT(.KILO.,.GRAM.)
);
#3083=DERIVED_UNIT((#3080,#3081));
#3084=MEASURE_REPRESENTATION_ITEM('density measure',
POSITIVE_RATIO_MEASURE(7850.),#3083);
#3085=PROPERTY_DEFINITION_REPRESENTATION(#3090,#3087);
#3086=PROPERTY_DEFINITION_REPRESENTATION(#3091,#3088);
#3087=REPRESENTATION('material name',(#3089),#5054);
#3088=REPRESENTATION('density',(#3084),#5054);
#3089=DESCRIPTIVE_REPRESENTATION_ITEM('Acier','Acier');
#3090=PROPERTY_DEFINITION('material property','material name',#5064);
#3091=PROPERTY_DEFINITION('material property','density of part',#5064);
#3092=AXIS2_PLACEMENT_3D('',#4173,#3334,#3335);
#3093=AXIS2_PLACEMENT_3D('',#4174,#3336,#3337);
#3094=AXIS2_PLACEMENT_3D('',#4176,#3338,#3339);
#3095=AXIS2_PLACEMENT_3D('',#4179,#3341,#3342);
#3096=AXIS2_PLACEMENT_3D('',#4180,#3343,#3344);
#3097=AXIS2_PLACEMENT_3D('',#4197,#3353,#3354);
#3098=AXIS2_PLACEMENT_3D('',#4203,#3358,#3359);
#3099=AXIS2_PLACEMENT_3D('',#4207,#3362,#3363);
#3100=AXIS2_PLACEMENT_3D('',#4231,#3376,#3377);
#3101=AXIS2_PLACEMENT_3D('',#4235,#3380,#3381);
#3102=AXIS2_PLACEMENT_3D('',#4239,#3384,#3385);
#3103=AXIS2_PLACEMENT_3D('',#4243,#3388,#3389);
#3104=AXIS2_PLACEMENT_3D('',#4267,#3402,#3403);
#3105=AXIS2_PLACEMENT_3D('',#4269,#3405,#3406);
#3106=AXIS2_PLACEMENT_3D('',#4275,#3410,#3411);
#3107=AXIS2_PLACEMENT_3D('',#4279,#3414,#3415);
#3108=AXIS2_PLACEMENT_3D('',#4283,#3418,#3419);
#3109=AXIS2_PLACEMENT_3D('',#4289,#3423,#3424);
#3110=AXIS2_PLACEMENT_3D('',#4295,#3428,#3429);
#3111=AXIS2_PLACEMENT_3D('',#4301,#3433,#3434);
#3112=AXIS2_PLACEMENT_3D('',#4307,#3438,#3439);
#3113=AXIS2_PLACEMENT_3D('',#4313,#3443,#3444);
#3114=AXIS2_PLACEMENT_3D('',#4319,#3448,#3449);
#3115=AXIS2_PLACEMENT_3D('',#4325,#3453,#3454);
#3116=AXIS2_PLACEMENT_3D('',#4331,#3458,#3459);
#3117=AXIS2_PLACEMENT_3D('',#4337,#3463,#3464);
#3118=AXIS2_PLACEMENT_3D('',#4343,#3468,#3469);
#3119=AXIS2_PLACEMENT_3D('',#4347,#3472,#3473);
#3120=AXIS2_PLACEMENT_3D('',#4351,#3476,#3477);
#3121=AXIS2_PLACEMENT_3D('',#4355,#3480,#3481);
#3122=AXIS2_PLACEMENT_3D('',#4359,#3484,#3485);
#3123=AXIS2_PLACEMENT_3D('',#4365,#3489,#3490);
#3124=AXIS2_PLACEMENT_3D('',#4371,#3494,#3495);
#3125=AXIS2_PLACEMENT_3D('',#4377,#3499,#3500);
#3126=AXIS2_PLACEMENT_3D('',#4383,#3504,#3505);
#3127=AXIS2_PLACEMENT_3D('',#4389,#3509,#3510);
#3128=AXIS2_PLACEMENT_3D('',#4395,#3514,#3515);
#3129=AXIS2_PLACEMENT_3D('',#4401,#3519,#3520);
#3130=AXIS2_PLACEMENT_3D('',#4407,#3524,#3525);
#3131=AXIS2_PLACEMENT_3D('',#4413,#3529,#3530);
#3132=AXIS2_PLACEMENT_3D('',#4419,#3534,#3535);
#3133=AXIS2_PLACEMENT_3D('',#4421,#3537,#3538);
#3134=AXIS2_PLACEMENT_3D('',#4488,#3577,#3578);
#3135=AXIS2_PLACEMENT_3D('',#4490,#3579,#3580);
#3136=AXIS2_PLACEMENT_3D('',#4494,#3582,#3583);
#3137=AXIS2_PLACEMENT_3D('',#4502,#3587,#3588);
#3138=AXIS2_PLACEMENT_3D('',#4505,#3590,#3591);
#3139=AXIS2_PLACEMENT_3D('',#4506,#3592,#3593);
#3140=AXIS2_PLACEMENT_3D('',#4509,#3595,#3596);
#3141=AXIS2_PLACEMENT_3D('',#4510,#3597,#3598);
#3142=AXIS2_PLACEMENT_3D('',#4512,#3599,#3600);
#3143=AXIS2_PLACEMENT_3D('',#4516,#3602,#3603);
#3144=AXIS2_PLACEMENT_3D('',#4524,#3607,#3608);
#3145=AXIS2_PLACEMENT_3D('',#4526,#3610,#3611);
#3146=AXIS2_PLACEMENT_3D('',#4528,#3612,#3613);
#3147=AXIS2_PLACEMENT_3D('',#4532,#3615,#3616);
#3148=AXIS2_PLACEMENT_3D('',#4540,#3620,#3621);
#3149=AXIS2_PLACEMENT_3D('',#4543,#3623,#3624);
#3150=AXIS2_PLACEMENT_3D('',#4544,#3625,#3626);
#3151=AXIS2_PLACEMENT_3D('',#4547,#3628,#3629);
#3152=AXIS2_PLACEMENT_3D('',#4548,#3630,#3631);
#3153=AXIS2_PLACEMENT_3D('',#4550,#3632,#3633);
#3154=AXIS2_PLACEMENT_3D('',#4554,#3635,#3636);
#3155=AXIS2_PLACEMENT_3D('',#4562,#3640,#3641);
#3156=AXIS2_PLACEMENT_3D('',#4564,#3643,#3644);
#3157=AXIS2_PLACEMENT_3D('',#4566,#3645,#3646);
#3158=AXIS2_PLACEMENT_3D('',#4570,#3648,#3649);
#3159=AXIS2_PLACEMENT_3D('',#4578,#3653,#3654);
#3160=AXIS2_PLACEMENT_3D('',#4581,#3656,#3657);
#3161=AXIS2_PLACEMENT_3D('',#4582,#3658,#3659);
#3162=AXIS2_PLACEMENT_3D('',#4585,#3661,#3662);
#3163=AXIS2_PLACEMENT_3D('',#4586,#3663,#3664);
#3164=AXIS2_PLACEMENT_3D('',#4588,#3665,#3666);
#3165=AXIS2_PLACEMENT_3D('',#4592,#3668,#3669);
#3166=AXIS2_PLACEMENT_3D('',#4600,#3673,#3674);
#3167=AXIS2_PLACEMENT_3D('',#4602,#3676,#3677);
#3168=AXIS2_PLACEMENT_3D('',#4604,#3678,#3679);
#3169=AXIS2_PLACEMENT_3D('',#4608,#3681,#3682);
#3170=AXIS2_PLACEMENT_3D('',#4616,#3686,#3687);
#3171=AXIS2_PLACEMENT_3D('',#4619,#3689,#3690);
#3172=AXIS2_PLACEMENT_3D('',#4620,#3691,#3692);
#3173=AXIS2_PLACEMENT_3D('',#4623,#3694,#3695);
#3174=AXIS2_PLACEMENT_3D('',#4624,#3696,#3697);
#3175=AXIS2_PLACEMENT_3D('',#4626,#3698,#3699);
#3176=AXIS2_PLACEMENT_3D('',#4630,#3701,#3702);
#3177=AXIS2_PLACEMENT_3D('',#4638,#3706,#3707);
#3178=AXIS2_PLACEMENT_3D('',#4640,#3709,#3710);
#3179=AXIS2_PLACEMENT_3D('',#4642,#3711,#3712);
#3180=AXIS2_PLACEMENT_3D('',#4646,#3714,#3715);
#3181=AXIS2_PLACEMENT_3D('',#4654,#3719,#3720);
#3182=AXIS2_PLACEMENT_3D('',#4657,#3722,#3723);
#3183=AXIS2_PLACEMENT_3D('',#4658,#3724,#3725);
#3184=AXIS2_PLACEMENT_3D('',#4661,#3727,#3728);
#3185=AXIS2_PLACEMENT_3D('',#4662,#3729,#3730);
#3186=AXIS2_PLACEMENT_3D('',#4664,#3731,#3732);
#3187=AXIS2_PLACEMENT_3D('',#4668,#3734,#3735);
#3188=AXIS2_PLACEMENT_3D('',#4676,#3739,#3740);
#3189=AXIS2_PLACEMENT_3D('',#4678,#3742,#3743);
#3190=AXIS2_PLACEMENT_3D('',#4680,#3744,#3745);
#3191=AXIS2_PLACEMENT_3D('',#4684,#3747,#3748);
#3192=AXIS2_PLACEMENT_3D('',#4692,#3752,#3753);
#3193=AXIS2_PLACEMENT_3D('',#4695,#3755,#3756);
#3194=AXIS2_PLACEMENT_3D('',#4696,#3757,#3758);
#3195=AXIS2_PLACEMENT_3D('',#4699,#3760,#3761);
#3196=AXIS2_PLACEMENT_3D('',#4700,#3762,#3763);
#3197=AXIS2_PLACEMENT_3D('',#4702,#3764,#3765);
#3198=AXIS2_PLACEMENT_3D('',#4706,#3767,#3768);
#3199=AXIS2_PLACEMENT_3D('',#4714,#3772,#3773);
#3200=AXIS2_PLACEMENT_3D('',#4716,#3775,#3776);
#3201=AXIS2_PLACEMENT_3D('',#4718,#3777,#3778);
#3202=AXIS2_PLACEMENT_3D('',#4722,#3780,#3781);
#3203=AXIS2_PLACEMENT_3D('',#4730,#3785,#3786);
#3204=AXIS2_PLACEMENT_3D('',#4733,#3788,#3789);
#3205=AXIS2_PLACEMENT_3D('',#4734,#3790,#3791);
#3206=AXIS2_PLACEMENT_3D('',#4737,#3793,#3794);
#3207=AXIS2_PLACEMENT_3D('',#4738,#3795,#3796);
#3208=AXIS2_PLACEMENT_3D('',#4740,#3797,#3798);
#3209=AXIS2_PLACEMENT_3D('',#4744,#3800,#3801);
#3210=AXIS2_PLACEMENT_3D('',#4752,#3805,#3806);
#3211=AXIS2_PLACEMENT_3D('',#4754,#3808,#3809);
#3212=AXIS2_PLACEMENT_3D('',#4756,#3810,#3811);
#3213=AXIS2_PLACEMENT_3D('',#4760,#3813,#3814);
#3214=AXIS2_PLACEMENT_3D('',#4768,#3818,#3819);
#3215=AXIS2_PLACEMENT_3D('',#4771,#3821,#3822);
#3216=AXIS2_PLACEMENT_3D('',#4772,#3823,#3824);
#3217=AXIS2_PLACEMENT_3D('',#4775,#3826,#3827);
#3218=AXIS2_PLACEMENT_3D('',#4776,#3828,#3829);
#3219=AXIS2_PLACEMENT_3D('',#4778,#3830,#3831);
#3220=AXIS2_PLACEMENT_3D('',#4782,#3833,#3834);
#3221=AXIS2_PLACEMENT_3D('',#4790,#3838,#3839);
#3222=AXIS2_PLACEMENT_3D('',#4792,#3841,#3842);
#3223=AXIS2_PLACEMENT_3D('',#4794,#3843,#3844);
#3224=AXIS2_PLACEMENT_3D('',#4798,#3846,#3847);
#3225=AXIS2_PLACEMENT_3D('',#4806,#3851,#3852);
#3226=AXIS2_PLACEMENT_3D('',#4809,#3854,#3855);
#3227=AXIS2_PLACEMENT_3D('',#4810,#3856,#3857);
#3228=AXIS2_PLACEMENT_3D('',#4813,#3859,#3860);
#3229=AXIS2_PLACEMENT_3D('',#4814,#3861,#3862);
#3230=AXIS2_PLACEMENT_3D('',#4816,#3863,#3864);
#3231=AXIS2_PLACEMENT_3D('',#4820,#3866,#3867);
#3232=AXIS2_PLACEMENT_3D('',#4828,#3871,#3872);
#3233=AXIS2_PLACEMENT_3D('',#4830,#3874,#3875);
#3234=AXIS2_PLACEMENT_3D('',#4832,#3876,#3877);
#3235=AXIS2_PLACEMENT_3D('',#4836,#3879,#3880);
#3236=AXIS2_PLACEMENT_3D('',#4844,#3884,#3885);
#3237=AXIS2_PLACEMENT_3D('',#4847,#3887,#3888);
#3238=AXIS2_PLACEMENT_3D('',#4848,#3889,#3890);
#3239=AXIS2_PLACEMENT_3D('',#4851,#3892,#3893);
#3240=AXIS2_PLACEMENT_3D('',#4852,#3894,#3895);
#3241=AXIS2_PLACEMENT_3D('',#4854,#3896,#3897);
#3242=AXIS2_PLACEMENT_3D('',#4858,#3899,#3900);
#3243=AXIS2_PLACEMENT_3D('',#4866,#3904,#3905);
#3244=AXIS2_PLACEMENT_3D('',#4868,#3907,#3908);
#3245=AXIS2_PLACEMENT_3D('',#4874,#3912,#3913);
#3246=AXIS2_PLACEMENT_3D('',#4878,#3916,#3917);
#3247=AXIS2_PLACEMENT_3D('',#4880,#3919,#3920);
#3248=AXIS2_PLACEMENT_3D('',#4882,#3922,#3923);
#3249=AXIS2_PLACEMENT_3D('',#4884,#3925,#3926);
#3250=AXIS2_PLACEMENT_3D('',#4886,#3928,#3929);
#3251=AXIS2_PLACEMENT_3D('',#4888,#3931,#3932);
#3252=AXIS2_PLACEMENT_3D('',#4890,#3934,#3935);
#3253=AXIS2_PLACEMENT_3D('',#4892,#3937,#3938);
#3254=AXIS2_PLACEMENT_3D('',#4893,#3939,#3940);
#3255=AXIS2_PLACEMENT_3D('',#4895,#3942,#3943);
#3256=AXIS2_PLACEMENT_3D('',#4897,#3945,#3946);
#3257=AXIS2_PLACEMENT_3D('',#4899,#3948,#3949);
#3258=AXIS2_PLACEMENT_3D('',#4901,#3951,#3952);
#3259=AXIS2_PLACEMENT_3D('',#4903,#3954,#3955);
#3260=AXIS2_PLACEMENT_3D('',#4905,#3957,#3958);
#3261=AXIS2_PLACEMENT_3D('',#4907,#3960,#3961);
#3262=AXIS2_PLACEMENT_3D('',#4908,#3962,#3963);
#3263=AXIS2_PLACEMENT_3D('',#4910,#3965,#3966);
#3264=AXIS2_PLACEMENT_3D('',#4912,#3968,#3969);
#3265=AXIS2_PLACEMENT_3D('',#4914,#3971,#3972);
#3266=AXIS2_PLACEMENT_3D('',#4916,#3974,#3975);
#3267=AXIS2_PLACEMENT_3D('',#4918,#3977,#3978);
#3268=AXIS2_PLACEMENT_3D('',#4920,#3980,#3981);
#3269=AXIS2_PLACEMENT_3D('',#4922,#3983,#3984);
#3270=AXIS2_PLACEMENT_3D('',#4923,#3985,#3986);
#3271=AXIS2_PLACEMENT_3D('',#4925,#3988,#3989);
#3272=AXIS2_PLACEMENT_3D('',#4927,#3991,#3992);
#3273=AXIS2_PLACEMENT_3D('',#4929,#3994,#3995);
#3274=AXIS2_PLACEMENT_3D('',#4931,#3997,#3998);
#3275=AXIS2_PLACEMENT_3D('',#4933,#4000,#4001);
#3276=AXIS2_PLACEMENT_3D('',#4935,#4003,#4004);
#3277=AXIS2_PLACEMENT_3D('',#4937,#4006,#4007);
#3278=AXIS2_PLACEMENT_3D('',#4938,#4008,#4009);
#3279=AXIS2_PLACEMENT_3D('',#4940,#4011,#4012);
#3280=AXIS2_PLACEMENT_3D('',#4942,#4014,#4015);
#3281=AXIS2_PLACEMENT_3D('',#4944,#4017,#4018);
#3282=AXIS2_PLACEMENT_3D('',#4946,#4020,#4021);
#3283=AXIS2_PLACEMENT_3D('',#4948,#4023,#4024);
#3284=AXIS2_PLACEMENT_3D('',#4950,#4026,#4027);
#3285=AXIS2_PLACEMENT_3D('',#4952,#4029,#4030);
#3286=AXIS2_PLACEMENT_3D('',#4953,#4031,#4032);
#3287=AXIS2_PLACEMENT_3D('',#4959,#4036,#4037);
#3288=AXIS2_PLACEMENT_3D('',#4963,#4040,#4041);
#3289=AXIS2_PLACEMENT_3D('',#4967,#4044,#4045);
#3290=AXIS2_PLACEMENT_3D('',#4969,#4047,#4048);
#3291=AXIS2_PLACEMENT_3D('',#4971,#4050,#4051);
#3292=AXIS2_PLACEMENT_3D('',#4973,#4053,#4054);
#3293=AXIS2_PLACEMENT_3D('',#4975,#4056,#4057);
#3294=AXIS2_PLACEMENT_3D('',#4977,#4059,#4060);
#3295=AXIS2_PLACEMENT_3D('',#4979,#4062,#4063);
#3296=AXIS2_PLACEMENT_3D('',#4981,#4065,#4066);
#3297=AXIS2_PLACEMENT_3D('',#4982,#4067,#4068);
#3298=AXIS2_PLACEMENT_3D('',#4984,#4070,#4071);
#3299=AXIS2_PLACEMENT_3D('',#4986,#4073,#4074);
#3300=AXIS2_PLACEMENT_3D('',#4988,#4076,#4077);
#3301=AXIS2_PLACEMENT_3D('',#4990,#4079,#4080);
#3302=AXIS2_PLACEMENT_3D('',#4992,#4082,#4083);
#3303=AXIS2_PLACEMENT_3D('',#4994,#4085,#4086);
#3304=AXIS2_PLACEMENT_3D('',#4996,#4088,#4089);
#3305=AXIS2_PLACEMENT_3D('',#4997,#4090,#4091);
#3306=AXIS2_PLACEMENT_3D('',#4999,#4093,#4094);
#3307=AXIS2_PLACEMENT_3D('',#5001,#4096,#4097);
#3308=AXIS2_PLACEMENT_3D('',#5003,#4099,#4100);
#3309=AXIS2_PLACEMENT_3D('',#5005,#4102,#4103);
#3310=AXIS2_PLACEMENT_3D('',#5007,#4105,#4106);
#3311=AXIS2_PLACEMENT_3D('',#5009,#4108,#4109);
#3312=AXIS2_PLACEMENT_3D('',#5011,#4111,#4112);
#3313=AXIS2_PLACEMENT_3D('',#5012,#4113,#4114);
#3314=AXIS2_PLACEMENT_3D('',#5014,#4116,#4117);
#3315=AXIS2_PLACEMENT_3D('',#5016,#4119,#4120);
#3316=AXIS2_PLACEMENT_3D('',#5018,#4122,#4123);
#3317=AXIS2_PLACEMENT_3D('',#5020,#4125,#4126);
#3318=AXIS2_PLACEMENT_3D('',#5022,#4128,#4129);
#3319=AXIS2_PLACEMENT_3D('',#5024,#4131,#4132);
#3320=AXIS2_PLACEMENT_3D('',#5026,#4134,#4135);
#3321=AXIS2_PLACEMENT_3D('',#5027,#4136,#4137);
#3322=AXIS2_PLACEMENT_3D('',#5029,#4139,#4140);
#3323=AXIS2_PLACEMENT_3D('',#5031,#4142,#4143);
#3324=AXIS2_PLACEMENT_3D('',#5033,#4145,#4146);
#3325=AXIS2_PLACEMENT_3D('',#5035,#4148,#4149);
#3326=AXIS2_PLACEMENT_3D('',#5037,#4151,#4152);
#3327=AXIS2_PLACEMENT_3D('',#5039,#4154,#4155);
#3328=AXIS2_PLACEMENT_3D('',#5041,#4157,#4158);
#3329=AXIS2_PLACEMENT_3D('',#5042,#4159,#4160);
#3330=AXIS2_PLACEMENT_3D('',#5046,#4163,#4164);
#3331=AXIS2_PLACEMENT_3D('',#5049,#4167,#4168);
#3332=AXIS2_PLACEMENT_3D('',#5050,#4169,#4170);
#3333=AXIS2_PLACEMENT_3D('',#5051,#4171,#4172);
#3334=DIRECTION('axis',(0.,0.,1.));
#3335=DIRECTION('refdir',(1.,0.,0.));
#3336=DIRECTION('center_axis',(0.,0.,-1.));
#3337=DIRECTION('ref_axis',(-1.,0.,0.));
#3338=DIRECTION('center_axis',(0.,0.,-1.));
#3339=DIRECTION('ref_axis',(-1.,0.,0.));
#3340=DIRECTION('',(0.,0.,-1.));
#3341=DIRECTION('center_axis',(0.,0.,1.));
#3342=DIRECTION('ref_axis',(-1.,0.,0.));
#3343=DIRECTION('center_axis',(0.,0.,1.));
#3344=DIRECTION('ref_axis',(1.,0.,0.));
#3345=DIRECTION('',(-0.707106781186546,0.707106781186549,0.));
#3346=DIRECTION('',(0.,1.,0.));
#3347=DIRECTION('',(0.707106781186546,0.707106781186549,0.));
#3348=DIRECTION('',(1.,0.,0.));
#3349=DIRECTION('',(0.707106781186547,-0.707106781186548,0.));
#3350=DIRECTION('',(0.,-1.,0.));
#3351=DIRECTION('',(-0.707106781186547,-0.707106781186548,0.));
#3352=DIRECTION('',(-1.,0.,0.));
#3353=DIRECTION('center_axis',(0.,-0.987688340595152,0.156434465040143));
#3354=DIRECTION('ref_axis',(1.,0.,0.));
#3355=DIRECTION('',(-1.,0.,0.));
#3356=DIRECTION('',(0.0779790608136255,0.155958121627252,0.984680826650506));
#3357=DIRECTION('',(0.0779790608136255,-0.155958121627252,-0.984680826650506));
#3358=DIRECTION('center_axis',(-0.697335374529813,-0.697335374529812,0.165670609520012));
#3359=DIRECTION('ref_axis',(0.707106781186547,-0.707106781186548,0.));
#3360=DIRECTION('',(-0.707106781186547,0.707106781186548,0.));
#3361=DIRECTION('',(0.155958121627251,0.0779790608136265,0.984680826650506));
#3362=DIRECTION('center_axis',(-0.987688340595152,0.,0.156434465040142));
#3363=DIRECTION('ref_axis',(0.,-1.,0.));
#3364=DIRECTION('',(0.,1.,0.));
#3365=DIRECTION('',(0.,1.,0.));
#3366=DIRECTION('',(0.,1.,0.));
#3367=DIRECTION('',(0.,1.,0.));
#3368=DIRECTION('',(0.,1.,0.));
#3369=DIRECTION('',(0.,1.,0.));
#3370=DIRECTION('',(0.,1.,0.));
#3371=DIRECTION('',(0.,1.,0.));
#3372=DIRECTION('',(0.,1.,0.));
#3373=DIRECTION('',(0.,1.,0.));
#3374=DIRECTION('',(0.,1.,0.));
#3375=DIRECTION('',(0.155958121627251,-0.0779790608136265,0.984680826650506));
#3376=DIRECTION('center_axis',(-0.697335374529813,0.697335374529812,0.165670609520012));
#3377=DIRECTION('ref_axis',(-0.707106781186547,-0.707106781186548,-1.38777878078145E-17));
#3378=DIRECTION('',(0.707106781186547,0.707106781186548,0.));
#3379=DIRECTION('',(0.0779790608136255,-0.155958121627252,0.984680826650506));
#3380=DIRECTION('center_axis',(0.,0.987688340595152,0.156434465040143));
#3381=DIRECTION('ref_axis',(-1.,0.,0.));
#3382=DIRECTION('',(1.,0.,0.));
#3383=DIRECTION('',(-0.0779790608136255,-0.155958121627252,0.984680826650506));
#3384=DIRECTION('center_axis',(0.697335374529813,0.697335374529812,0.165670609520012));
#3385=DIRECTION('ref_axis',(-0.707106781186547,0.707106781186548,0.));
#3386=DIRECTION('',(0.707106781186547,-0.707106781186548,0.));
#3387=DIRECTION('',(-0.155958121627251,-0.0779790608136265,0.984680826650506));
#3388=DIRECTION('center_axis',(0.987688340595152,0.,0.156434465040142));
#3389=DIRECTION('ref_axis',(0.,1.,0.));
#3390=DIRECTION('',(0.,-1.,0.));
#3391=DIRECTION('',(0.,-1.,0.));
#3392=DIRECTION('',(0.,-1.,0.));
#3393=DIRECTION('',(0.,-1.,0.));
#3394=DIRECTION('',(0.,-1.,0.));
#3395=DIRECTION('',(0.,-1.,0.));
#3396=DIRECTION('',(0.,-1.,0.));
#3397=DIRECTION('',(0.,-1.,0.));
#3398=DIRECTION('',(0.,-1.,0.));
#3399=DIRECTION('',(0.,-1.,0.));
#3400=DIRECTION('',(0.,-1.,0.));
#3401=DIRECTION('',(-0.155958121627251,0.0779790608136265,0.984680826650506));
#3402=DIRECTION('center_axis',(0.697335374529813,-0.697335374529812,0.165670609520012));
#3403=DIRECTION('ref_axis',(0.707106781186547,0.707106781186548,-1.38777878078145E-17));
#3404=DIRECTION('',(-0.707106781186547,-0.707106781186548,0.));
#3405=DIRECTION('center_axis',(-2.22044604925E-16,-1.,0.));
#3406=DIRECTION('ref_axis',(1.,-2.22044604925E-16,0.));
#3407=DIRECTION('',(-1.,2.22044604925E-16,0.));
#3408=DIRECTION('',(0.,0.,1.));
#3409=DIRECTION('',(0.,0.,-1.));
#3410=DIRECTION('center_axis',(-0.707106781186548,-0.707106781186548,0.));
#3411=DIRECTION('ref_axis',(0.707106781186548,-0.707106781186548,0.));
#3412=DIRECTION('',(-0.707106781186547,0.707106781186547,0.));
#3413=DIRECTION('',(0.,0.,1.));
#3414=DIRECTION('center_axis',(-1.,2.22044604925E-16,0.));
#3415=DIRECTION('ref_axis',(-2.22044604925E-16,-1.,0.));
#3416=DIRECTION('',(0.,0.,1.));
#3417=DIRECTION('',(2.22044604925E-16,1.,0.));
#3418=DIRECTION('center_axis',(0.,0.,1.));
#3419=DIRECTION('ref_axis',(1.,0.,0.));
#3420=DIRECTION('',(1.,0.,0.));
#3421=DIRECTION('',(-1.,0.,0.));
#3422=DIRECTION('',(0.,1.,0.));
#3423=DIRECTION('center_axis',(-1.,2.22044604925E-16,0.));
#3424=DIRECTION('ref_axis',(-2.22044604925E-16,-1.,0.));
#3425=DIRECTION('',(0.,0.,1.));
#3426=DIRECTION('',(0.,0.,-1.));
#3427=DIRECTION('',(2.22044604925E-16,1.,0.));
#3428=DIRECTION('center_axis',(0.,0.,1.));
#3429=DIRECTION('ref_axis',(1.,0.,0.));
#3430=DIRECTION('',(1.,0.,0.));
#3431=DIRECTION('',(-1.,0.,0.));
#3432=DIRECTION('',(0.,1.,0.));
#3433=DIRECTION('center_axis',(-1.,2.22044604925E-16,0.));
#3434=DIRECTION('ref_axis',(-2.22044604925E-16,-1.,0.));
#3435=DIRECTION('',(0.,0.,1.));
#3436=DIRECTION('',(0.,0.,-1.));
#3437=DIRECTION('',(2.22044604925E-16,1.,0.));
#3438=DIRECTION('center_axis',(0.,0.,1.));
#3439=DIRECTION('ref_axis',(1.,0.,0.));
#3440=DIRECTION('',(1.,0.,0.));
#3441=DIRECTION('',(-1.,0.,0.));
#3442=DIRECTION('',(0.,1.,0.));
#3443=DIRECTION('center_axis',(-1.,2.22044604925E-16,0.));
#3444=DIRECTION('ref_axis',(-2.22044604925E-16,-1.,0.));
#3445=DIRECTION('',(0.,0.,1.));
#3446=DIRECTION('',(0.,0.,-1.));
#3447=DIRECTION('',(2.22044604925E-16,1.,0.));
#3448=DIRECTION('center_axis',(0.,0.,1.));
#3449=DIRECTION('ref_axis',(1.,0.,0.));
#3450=DIRECTION('',(1.,0.,0.));
#3451=DIRECTION('',(-1.,0.,0.));
#3452=DIRECTION('',(0.,1.,0.));
#3453=DIRECTION('center_axis',(-1.,2.22044604925E-16,0.));
#3454=DIRECTION('ref_axis',(-2.22044604925E-16,-1.,0.));
#3455=DIRECTION('',(0.,0.,1.));
#3456=DIRECTION('',(0.,0.,-1.));
#3457=DIRECTION('',(2.22044604925E-16,1.,0.));
#3458=DIRECTION('center_axis',(0.,0.,1.));
#3459=DIRECTION('ref_axis',(1.,0.,0.));
#3460=DIRECTION('',(1.,0.,0.));
#3461=DIRECTION('',(-1.,0.,0.));
#3462=DIRECTION('',(0.,1.,0.));
#3463=DIRECTION('center_axis',(-1.,2.22044604925E-16,0.));
#3464=DIRECTION('ref_axis',(-2.22044604925E-16,-1.,0.));
#3465=DIRECTION('',(0.,0.,1.));
#3466=DIRECTION('',(0.,0.,-1.));
#3467=DIRECTION('',(2.22044604925E-16,1.,0.));
#3468=DIRECTION('center_axis',(-0.707106781186548,0.707106781186548,0.));
#3469=DIRECTION('ref_axis',(-0.707106781186548,-0.707106781186548,0.));
#3470=DIRECTION('',(0.707106781186547,0.707106781186547,0.));
#3471=DIRECTION('',(0.,0.,1.));
#3472=DIRECTION('center_axis',(2.22044604925E-16,1.,0.));
#3473=DIRECTION('ref_axis',(-1.,2.22044604925E-16,0.));
#3474=DIRECTION('',(1.,-2.22044604925E-16,0.));
#3475=DIRECTION('',(0.,0.,1.));
#3476=DIRECTION('center_axis',(0.707106781186548,0.707106781186548,0.));
#3477=DIRECTION('ref_axis',(-0.707106781186548,0.707106781186548,0.));
#3478=DIRECTION('',(0.707106781186547,-0.707106781186547,0.));
#3479=DIRECTION('',(0.,0.,1.));
#3480=DIRECTION('center_axis',(1.,-2.22044604925E-16,0.));
#3481=DIRECTION('ref_axis',(2.22044604925E-16,1.,0.));
#3482=DIRECTION('',(0.,0.,1.));
#3483=DIRECTION('',(-2.22044604925E-16,-1.,0.));
#3484=DIRECTION('center_axis',(0.,0.,1.));
#3485=DIRECTION('ref_axis',(1.,0.,0.));
#3486=DIRECTION('',(-1.,0.,0.));
#3487=DIRECTION('',(1.,0.,0.));
#3488=DIRECTION('',(0.,-1.,0.));
#3489=DIRECTION('center_axis',(1.,-2.22044604925E-16,0.));
#3490=DIRECTION('ref_axis',(2.22044604925E-16,1.,0.));
#3491=DIRECTION('',(0.,0.,1.));
#3492=DIRECTION('',(0.,0.,-1.));
#3493=DIRECTION('',(-2.22044604925E-16,-1.,0.));
#3494=DIRECTION('center_axis',(0.,0.,1.));
#3495=DIRECTION('ref_axis',(1.,0.,0.));
#3496=DIRECTION('',(-1.,0.,0.));
#3497=DIRECTION('',(1.,0.,0.));
#3498=DIRECTION('',(0.,-1.,0.));
#3499=DIRECTION('center_axis',(1.,-2.22044604925E-16,0.));
#3500=DIRECTION('ref_axis',(2.22044604925E-16,1.,0.));
#3501=DIRECTION('',(0.,0.,1.));
#3502=DIRECTION('',(0.,0.,-1.));
#3503=DIRECTION('',(-2.22044604925E-16,-1.,0.));
#3504=DIRECTION('center_axis',(0.,0.,1.));
#3505=DIRECTION('ref_axis',(1.,0.,0.));
#3506=DIRECTION('',(-1.,0.,0.));
#3507=DIRECTION('',(1.,0.,0.));
#3508=DIRECTION('',(0.,-1.,0.));
#3509=DIRECTION('center_axis',(1.,-2.22044604925E-16,0.));
#3510=DIRECTION('ref_axis',(2.22044604925E-16,1.,0.));
#3511=DIRECTION('',(0.,0.,1.));
#3512=DIRECTION('',(0.,0.,-1.));
#3513=DIRECTION('',(-2.22044604925E-16,-1.,0.));
#3514=DIRECTION('center_axis',(0.,0.,1.));
#3515=DIRECTION('ref_axis',(1.,0.,0.));
#3516=DIRECTION('',(-1.,0.,0.));
#3517=DIRECTION('',(1.,0.,0.));
#3518=DIRECTION('',(0.,-1.,0.));
#3519=DIRECTION('center_axis',(1.,-2.22044604925E-16,0.));
#3520=DIRECTION('ref_axis',(2.22044604925E-16,1.,0.));
#3521=DIRECTION('',(0.,0.,1.));
#3522=DIRECTION('',(0.,0.,-1.));
#3523=DIRECTION('',(-2.22044604925E-16,-1.,0.));
#3524=DIRECTION('center_axis',(0.,0.,1.));
#3525=DIRECTION('ref_axis',(1.,0.,0.));
#3526=DIRECTION('',(-1.,0.,0.));
#3527=DIRECTION('',(1.,0.,0.));
#3528=DIRECTION('',(0.,-1.,0.));
#3529=DIRECTION('center_axis',(1.,-2.22044604925E-16,0.));
#3530=DIRECTION('ref_axis',(2.22044604925E-16,1.,0.));
#3531=DIRECTION('',(0.,0.,1.));
#3532=DIRECTION('',(0.,0.,-1.));
#3533=DIRECTION('',(-2.22044604925E-16,-1.,0.));
#3534=DIRECTION('center_axis',(0.707106781186548,-0.707106781186548,0.));
#3535=DIRECTION('ref_axis',(0.707106781186548,0.707106781186548,0.));
#3536=DIRECTION('',(-0.707106781186547,-0.707106781186547,0.));
#3537=DIRECTION('center_axis',(0.,0.,-1.));
#3538=DIRECTION('ref_axis',(1.,0.,0.));
#3539=DIRECTION('',(1.,-3.445092848398E-16,0.));
#3540=DIRECTION('',(0.,1.,0.));
#3541=DIRECTION('',(1.,-3.445092848398E-16,0.));
#3542=DIRECTION('',(1.,-3.445092848398E-16,0.));
#3543=DIRECTION('',(0.,1.,0.));
#3544=DIRECTION('',(1.,-3.445092848398E-16,0.));
#3545=DIRECTION('',(1.,-3.445092848398E-16,0.));
#3546=DIRECTION('',(0.,1.,0.));
#3547=DIRECTION('',(1.,-3.445092848398E-16,0.));
#3548=DIRECTION('',(1.,-3.445092848398E-16,0.));
#3549=DIRECTION('',(0.,1.,0.));
#3550=DIRECTION('',(1.,-3.445092848398E-16,0.));
#3551=DIRECTION('',(1.,-3.445092848398E-16,0.));
#3552=DIRECTION('',(0.,1.,0.));
#3553=DIRECTION('',(1.,-3.445092848398E-16,0.));
#3554=DIRECTION('',(-1.,2.22044604925E-16,0.));
#3555=DIRECTION('',(0.,-1.,0.));
#3556=DIRECTION('',(-1.,2.22044604925E-16,0.));
#3557=DIRECTION('',(-1.,2.22044604925E-16,0.));
#3558=DIRECTION('',(0.,-1.,0.));
#3559=DIRECTION('',(-1.,2.22044604925E-16,0.));
#3560=DIRECTION('',(-1.,2.22044604925E-16,0.));
#3561=DIRECTION('',(0.,-1.,0.));
#3562=DIRECTION('',(-1.,2.22044604925E-16,0.));
#3563=DIRECTION('',(-1.,2.22044604925E-16,0.));
#3564=DIRECTION('',(0.,-1.,0.));
#3565=DIRECTION('',(-1.,2.22044604925E-16,0.));
#3566=DIRECTION('',(-1.,2.22044604925E-16,0.));
#3567=DIRECTION('',(0.,-1.,0.));
#3568=DIRECTION('',(-1.,2.22044604925E-16,0.));
#3569=DIRECTION('',(-1.,0.,0.));
#3570=DIRECTION('',(-0.707106781186547,0.707106781186548,0.));
#3571=DIRECTION('',(0.,-1.,0.));
#3572=DIRECTION('',(0.707106781186547,0.707106781186548,0.));
#3573=DIRECTION('',(1.,0.,0.));
#3574=DIRECTION('',(0.707106781186547,-0.707106781186548,0.));
#3575=DIRECTION('',(0.,1.,0.));
#3576=DIRECTION('',(-0.707106781186547,-0.707106781186548,0.));
#3577=DIRECTION('center_axis',(-2.22044604925E-16,-1.,0.));
#3578=DIRECTION('ref_axis',(1.,-2.22044604925E-16,0.));
#3579=DIRECTION('center_axis',(-2.22044604925E-16,-1.,0.));
#3580=DIRECTION('ref_axis',(-1.,2.22044604925E-16,0.));
#3581=DIRECTION('',(0.,0.,1.));
#3582=DIRECTION('center_axis',(2.22044604925E-16,1.,0.));
#3583=DIRECTION('ref_axis',(-1.,2.22044604925E-16,0.));
#3584=DIRECTION('',(-1.,2.22044604925E-16,0.));
#3585=DIRECTION('',(0.,0.,1.));
#3586=DIRECTION('',(1.,-2.22044604925E-16,0.));
#3587=DIRECTION('center_axis',(-2.22044604925E-16,-1.,0.));
#3588=DIRECTION('ref_axis',(-1.,2.22044604925E-16,0.));
#3589=DIRECTION('',(0.,0.,-1.));
#3590=DIRECTION('center_axis',(2.22044604925E-16,1.,0.));
#3591=DIRECTION('ref_axis',(-1.,2.22044604925E-16,0.));
#3592=DIRECTION('center_axis',(2.22044604925E-16,1.,0.));
#3593=DIRECTION('ref_axis',(-1.,2.22044604925E-16,0.));
#3594=DIRECTION('',(2.22044604925E-16,1.,0.));
#3595=DIRECTION('center_axis',(2.22044604925E-16,1.,0.));
#3596=DIRECTION('ref_axis',(-1.,2.22044604925E-16,0.));
#3597=DIRECTION('center_axis',(-2.22044604925E-16,-1.,0.));
#3598=DIRECTION('ref_axis',(1.,-2.22044604925E-16,0.));
#3599=DIRECTION('center_axis',(-2.22044604925E-16,-1.,0.));
#3600=DIRECTION('ref_axis',(-1.,2.22044604925E-16,0.));
#3601=DIRECTION('',(0.,0.,-1.));
#3602=DIRECTION('center_axis',(-2.22044604925E-16,-1.,0.));
#3603=DIRECTION('ref_axis',(-1.,2.22044604925E-16,0.));
#3604=DIRECTION('',(1.,-2.22044604925E-16,0.));
#3605=DIRECTION('',(0.,0.,1.));
#3606=DIRECTION('',(-1.,2.22044604925E-16,0.));
#3607=DIRECTION('center_axis',(2.22044604925E-16,1.,0.));
#3608=DIRECTION('ref_axis',(-1.,2.22044604925E-16,0.));
#3609=DIRECTION('',(0.,0.,1.));
#3610=DIRECTION('center_axis',(-2.22044604925E-16,-1.,0.));
#3611=DIRECTION('ref_axis',(1.,-2.22044604925E-16,0.));
#3612=DIRECTION('center_axis',(-2.22044604925E-16,-1.,0.));
#3613=DIRECTION('ref_axis',(-1.,2.22044604925E-16,0.));
#3614=DIRECTION('',(0.,0.,1.));
#3615=DIRECTION('center_axis',(2.22044604925E-16,1.,0.));
#3616=DIRECTION('ref_axis',(-1.,2.22044604925E-16,0.));
#3617=DIRECTION('',(-1.,2.22044604925E-16,0.));
#3618=DIRECTION('',(0.,0.,1.));
#3619=DIRECTION('',(1.,-2.22044604925E-16,0.));
#3620=DIRECTION('center_axis',(-2.22044604925E-16,-1.,0.));
#3621=DIRECTION('ref_axis',(-1.,2.22044604925E-16,0.));
#3622=DIRECTION('',(0.,0.,-1.));
#3623=DIRECTION('center_axis',(2.22044604925E-16,1.,0.));
#3624=DIRECTION('ref_axis',(-1.,2.22044604925E-16,0.));
#3625=DIRECTION('center_axis',(2.22044604925E-16,1.,0.));
#3626=DIRECTION('ref_axis',(-1.,2.22044604925E-16,0.));
#3627=DIRECTION('',(2.22044604925E-16,1.,0.));
#3628=DIRECTION('center_axis',(2.22044604925E-16,1.,0.));
#3629=DIRECTION('ref_axis',(-1.,2.22044604925E-16,0.));
#3630=DIRECTION('center_axis',(-2.22044604925E-16,-1.,0.));
#3631=DIRECTION('ref_axis',(1.,-2.22044604925E-16,0.));
#3632=DIRECTION('center_axis',(-2.22044604925E-16,-1.,0.));
#3633=DIRECTION('ref_axis',(-1.,2.22044604925E-16,0.));
#3634=DIRECTION('',(0.,0.,-1.));
#3635=DIRECTION('center_axis',(-2.22044604925E-16,-1.,0.));
#3636=DIRECTION('ref_axis',(-1.,2.22044604925E-16,0.));
#3637=DIRECTION('',(1.,-2.22044604925E-16,0.));
#3638=DIRECTION('',(0.,0.,1.));
#3639=DIRECTION('',(-1.,2.22044604925E-16,0.));
#3640=DIRECTION('center_axis',(2.22044604925E-16,1.,0.));
#3641=DIRECTION('ref_axis',(-1.,2.22044604925E-16,0.));
#3642=DIRECTION('',(0.,0.,1.));
#3643=DIRECTION('center_axis',(-2.22044604925E-16,-1.,0.));
#3644=DIRECTION('ref_axis',(1.,-2.22044604925E-16,0.));
#3645=DIRECTION('center_axis',(-2.22044604925E-16,-1.,0.));
#3646=DIRECTION('ref_axis',(-1.,2.22044604925E-16,0.));
#3647=DIRECTION('',(0.,0.,1.));
#3648=DIRECTION('center_axis',(2.22044604925E-16,1.,0.));
#3649=DIRECTION('ref_axis',(-1.,2.22044604925E-16,0.));
#3650=DIRECTION('',(-1.,2.22044604925E-16,0.));
#3651=DIRECTION('',(0.,0.,1.));
#3652=DIRECTION('',(1.,-2.22044604925E-16,0.));
#3653=DIRECTION('center_axis',(-2.22044604925E-16,-1.,0.));
#3654=DIRECTION('ref_axis',(-1.,2.22044604925E-16,0.));
#3655=DIRECTION('',(0.,0.,-1.));
#3656=DIRECTION('center_axis',(2.22044604925E-16,1.,0.));
#3657=DIRECTION('ref_axis',(-1.,2.22044604925E-16,0.));
#3658=DIRECTION('center_axis',(2.22044604925E-16,1.,0.));
#3659=DIRECTION('ref_axis',(-1.,2.22044604925E-16,0.));
#3660=DIRECTION('',(2.22044604925E-16,1.,0.));
#3661=DIRECTION('center_axis',(2.22044604925E-16,1.,0.));
#3662=DIRECTION('ref_axis',(-1.,2.22044604925E-16,0.));
#3663=DIRECTION('center_axis',(-2.22044604925E-16,-1.,0.));
#3664=DIRECTION('ref_axis',(1.,-2.22044604925E-16,0.));
#3665=DIRECTION('center_axis',(-2.22044604925E-16,-1.,0.));
#3666=DIRECTION('ref_axis',(-1.,2.22044604925E-16,0.));
#3667=DIRECTION('',(0.,0.,-1.));
#3668=DIRECTION('center_axis',(-2.22044604925E-16,-1.,0.));
#3669=DIRECTION('ref_axis',(-1.,2.22044604925E-16,0.));
#3670=DIRECTION('',(1.,-2.22044604925E-16,0.));
#3671=DIRECTION('',(0.,0.,1.));
#3672=DIRECTION('',(-1.,2.22044604925E-16,0.));
#3673=DIRECTION('center_axis',(2.22044604925E-16,1.,0.));
#3674=DIRECTION('ref_axis',(-1.,2.22044604925E-16,0.));
#3675=DIRECTION('',(0.,0.,1.));
#3676=DIRECTION('center_axis',(-2.22044604925E-16,-1.,0.));
#3677=DIRECTION('ref_axis',(1.,-2.22044604925E-16,0.));
#3678=DIRECTION('center_axis',(-2.22044604925E-16,-1.,0.));
#3679=DIRECTION('ref_axis',(-1.,2.22044604925E-16,0.));
#3680=DIRECTION('',(0.,0.,1.));
#3681=DIRECTION('center_axis',(2.22044604925E-16,1.,0.));
#3682=DIRECTION('ref_axis',(-1.,2.22044604925E-16,0.));
#3683=DIRECTION('',(-1.,2.22044604925E-16,0.));
#3684=DIRECTION('',(0.,0.,1.));
#3685=DIRECTION('',(1.,-2.22044604925E-16,0.));
#3686=DIRECTION('center_axis',(-2.22044604925E-16,-1.,0.));
#3687=DIRECTION('ref_axis',(-1.,2.22044604925E-16,0.));
#3688=DIRECTION('',(0.,0.,-1.));
#3689=DIRECTION('center_axis',(2.22044604925E-16,1.,0.));
#3690=DIRECTION('ref_axis',(-1.,2.22044604925E-16,0.));
#3691=DIRECTION('center_axis',(2.22044604925E-16,1.,0.));
#3692=DIRECTION('ref_axis',(-1.,2.22044604925E-16,0.));
#3693=DIRECTION('',(2.22044604925E-16,1.,0.));
#3694=DIRECTION('center_axis',(2.22044604925E-16,1.,0.));
#3695=DIRECTION('ref_axis',(-1.,2.22044604925E-16,0.));
#3696=DIRECTION('center_axis',(-2.22044604925E-16,-1.,0.));
#3697=DIRECTION('ref_axis',(1.,-2.22044604925E-16,0.));
#3698=DIRECTION('center_axis',(-2.22044604925E-16,-1.,0.));
#3699=DIRECTION('ref_axis',(-1.,2.22044604925E-16,0.));
#3700=DIRECTION('',(0.,0.,-1.));
#3701=DIRECTION('center_axis',(-2.22044604925E-16,-1.,0.));
#3702=DIRECTION('ref_axis',(-1.,2.22044604925E-16,0.));
#3703=DIRECTION('',(1.,-2.22044604925E-16,0.));
#3704=DIRECTION('',(0.,0.,1.));
#3705=DIRECTION('',(-1.,2.22044604925E-16,0.));
#3706=DIRECTION('center_axis',(2.22044604925E-16,1.,0.));
#3707=DIRECTION('ref_axis',(-1.,2.22044604925E-16,0.));
#3708=DIRECTION('',(0.,0.,1.));
#3709=DIRECTION('center_axis',(-2.22044604925E-16,-1.,0.));
#3710=DIRECTION('ref_axis',(1.,-2.22044604925E-16,0.));
#3711=DIRECTION('center_axis',(-2.22044604925E-16,-1.,0.));
#3712=DIRECTION('ref_axis',(-1.,2.22044604925E-16,0.));
#3713=DIRECTION('',(0.,0.,1.));
#3714=DIRECTION('center_axis',(2.22044604925E-16,1.,0.));
#3715=DIRECTION('ref_axis',(-1.,2.22044604925E-16,0.));
#3716=DIRECTION('',(-1.,2.22044604925E-16,0.));
#3717=DIRECTION('',(0.,0.,1.));
#3718=DIRECTION('',(1.,-2.22044604925E-16,0.));
#3719=DIRECTION('center_axis',(-2.22044604925E-16,-1.,0.));
#3720=DIRECTION('ref_axis',(-1.,2.22044604925E-16,0.));
#3721=DIRECTION('',(0.,0.,-1.));
#3722=DIRECTION('center_axis',(2.22044604925E-16,1.,0.));
#3723=DIRECTION('ref_axis',(-1.,2.22044604925E-16,0.));
#3724=DIRECTION('center_axis',(2.22044604925E-16,1.,0.));
#3725=DIRECTION('ref_axis',(-1.,2.22044604925E-16,0.));
#3726=DIRECTION('',(2.22044604925E-16,1.,0.));
#3727=DIRECTION('center_axis',(2.22044604925E-16,1.,0.));
#3728=DIRECTION('ref_axis',(-1.,2.22044604925E-16,0.));
#3729=DIRECTION('center_axis',(-2.22044604925E-16,-1.,0.));
#3730=DIRECTION('ref_axis',(1.,-2.22044604925E-16,0.));
#3731=DIRECTION('center_axis',(-2.22044604925E-16,-1.,0.));
#3732=DIRECTION('ref_axis',(-1.,2.22044604925E-16,0.));
#3733=DIRECTION('',(0.,0.,-1.));
#3734=DIRECTION('center_axis',(-2.22044604925E-16,-1.,0.));
#3735=DIRECTION('ref_axis',(-1.,2.22044604925E-16,0.));
#3736=DIRECTION('',(1.,-2.22044604925E-16,0.));
#3737=DIRECTION('',(0.,0.,1.));
#3738=DIRECTION('',(-1.,2.22044604925E-16,0.));
#3739=DIRECTION('center_axis',(2.22044604925E-16,1.,0.));
#3740=DIRECTION('ref_axis',(-1.,2.22044604925E-16,0.));
#3741=DIRECTION('',(0.,0.,1.));
#3742=DIRECTION('center_axis',(3.445092848398E-16,1.,0.));
#3743=DIRECTION('ref_axis',(-1.,3.445092848398E-16,0.));
#3744=DIRECTION('center_axis',(3.445092848398E-16,1.,0.));
#3745=DIRECTION('ref_axis',(1.,-3.445092848398E-16,0.));
#3746=DIRECTION('',(0.,0.,1.));
#3747=DIRECTION('center_axis',(-3.445092848398E-16,-1.,0.));
#3748=DIRECTION('ref_axis',(1.,-3.445092848398E-16,0.));
#3749=DIRECTION('',(1.,-3.445092848398E-16,0.));
#3750=DIRECTION('',(0.,0.,1.));
#3751=DIRECTION('',(-1.,3.445092848398E-16,0.));
#3752=DIRECTION('center_axis',(3.445092848398E-16,1.,0.));
#3753=DIRECTION('ref_axis',(1.,-3.445092848398E-16,0.));
#3754=DIRECTION('',(0.,0.,-1.));
#3755=DIRECTION('center_axis',(-3.445092848398E-16,-1.,0.));
#3756=DIRECTION('ref_axis',(1.,-3.445092848398E-16,0.));
#3757=DIRECTION('center_axis',(-3.445092848398E-16,-1.,0.));
#3758=DIRECTION('ref_axis',(1.,-3.445092848398E-16,0.));
#3759=DIRECTION('',(-3.445092848398E-16,-1.,0.));
#3760=DIRECTION('center_axis',(-3.445092848398E-16,-1.,0.));
#3761=DIRECTION('ref_axis',(1.,-3.445092848398E-16,0.));
#3762=DIRECTION('center_axis',(3.445092848398E-16,1.,0.));
#3763=DIRECTION('ref_axis',(-1.,3.445092848398E-16,0.));
#3764=DIRECTION('center_axis',(3.445092848398E-16,1.,0.));
#3765=DIRECTION('ref_axis',(1.,-3.445092848398E-16,0.));
#3766=DIRECTION('',(0.,0.,-1.));
#3767=DIRECTION('center_axis',(3.445092848398E-16,1.,0.));
#3768=DIRECTION('ref_axis',(1.,-3.445092848398E-16,0.));
#3769=DIRECTION('',(-1.,3.445092848398E-16,0.));
#3770=DIRECTION('',(0.,0.,1.));
#3771=DIRECTION('',(1.,-3.445092848398E-16,0.));
#3772=DIRECTION('center_axis',(-3.445092848398E-16,-1.,0.));
#3773=DIRECTION('ref_axis',(1.,-3.445092848398E-16,0.));
#3774=DIRECTION('',(0.,0.,1.));
#3775=DIRECTION('center_axis',(3.445092848398E-16,1.,0.));
#3776=DIRECTION('ref_axis',(-1.,3.445092848398E-16,0.));
#3777=DIRECTION('center_axis',(3.445092848398E-16,1.,0.));
#3778=DIRECTION('ref_axis',(1.,-3.445092848398E-16,0.));
#3779=DIRECTION('',(0.,0.,1.));
#3780=DIRECTION('center_axis',(-3.445092848398E-16,-1.,0.));
#3781=DIRECTION('ref_axis',(1.,-3.445092848398E-16,0.));
#3782=DIRECTION('',(1.,-3.445092848398E-16,0.));
#3783=DIRECTION('',(0.,0.,1.));
#3784=DIRECTION('',(-1.,3.445092848398E-16,0.));
#3785=DIRECTION('center_axis',(3.445092848398E-16,1.,0.));
#3786=DIRECTION('ref_axis',(1.,-3.445092848398E-16,0.));
#3787=DIRECTION('',(0.,0.,-1.));
#3788=DIRECTION('center_axis',(-3.445092848398E-16,-1.,0.));
#3789=DIRECTION('ref_axis',(1.,-3.445092848398E-16,0.));
#3790=DIRECTION('center_axis',(-3.445092848398E-16,-1.,0.));
#3791=DIRECTION('ref_axis',(1.,-3.445092848398E-16,0.));
#3792=DIRECTION('',(-3.445092848398E-16,-1.,0.));
#3793=DIRECTION('center_axis',(-3.445092848398E-16,-1.,0.));
#3794=DIRECTION('ref_axis',(1.,-3.445092848398E-16,0.));
#3795=DIRECTION('center_axis',(3.445092848398E-16,1.,0.));
#3796=DIRECTION('ref_axis',(-1.,3.445092848398E-16,0.));
#3797=DIRECTION('center_axis',(3.445092848398E-16,1.,0.));
#3798=DIRECTION('ref_axis',(1.,-3.445092848398E-16,0.));
#3799=DIRECTION('',(0.,0.,-1.));
#3800=DIRECTION('center_axis',(3.445092848398E-16,1.,0.));
#3801=DIRECTION('ref_axis',(1.,-3.445092848398E-16,0.));
#3802=DIRECTION('',(-1.,3.445092848398E-16,0.));
#3803=DIRECTION('',(0.,0.,1.));
#3804=DIRECTION('',(1.,-3.445092848398E-16,0.));
#3805=DIRECTION('center_axis',(-3.445092848398E-16,-1.,0.));
#3806=DIRECTION('ref_axis',(1.,-3.445092848398E-16,0.));
#3807=DIRECTION('',(0.,0.,1.));
#3808=DIRECTION('center_axis',(3.445092848398E-16,1.,0.));
#3809=DIRECTION('ref_axis',(-1.,3.445092848398E-16,0.));
#3810=DIRECTION('center_axis',(3.445092848398E-16,1.,0.));
#3811=DIRECTION('ref_axis',(1.,-3.445092848398E-16,0.));
#3812=DIRECTION('',(0.,0.,1.));
#3813=DIRECTION('center_axis',(-3.445092848398E-16,-1.,0.));
#3814=DIRECTION('ref_axis',(1.,-3.445092848398E-16,0.));
#3815=DIRECTION('',(1.,-3.445092848398E-16,0.));
#3816=DIRECTION('',(0.,0.,1.));
#3817=DIRECTION('',(-1.,3.445092848398E-16,0.));
#3818=DIRECTION('center_axis',(3.445092848398E-16,1.,0.));
#3819=DIRECTION('ref_axis',(1.,-3.445092848398E-16,0.));
#3820=DIRECTION('',(0.,0.,-1.));
#3821=DIRECTION('center_axis',(-3.445092848398E-16,-1.,0.));
#3822=DIRECTION('ref_axis',(1.,-3.445092848398E-16,0.));
#3823=DIRECTION('center_axis',(-3.445092848398E-16,-1.,0.));
#3824=DIRECTION('ref_axis',(1.,-3.445092848398E-16,0.));
#3825=DIRECTION('',(-3.445092848398E-16,-1.,0.));
#3826=DIRECTION('center_axis',(-3.445092848398E-16,-1.,0.));
#3827=DIRECTION('ref_axis',(1.,-3.445092848398E-16,0.));
#3828=DIRECTION('center_axis',(3.445092848398E-16,1.,0.));
#3829=DIRECTION('ref_axis',(-1.,3.445092848398E-16,0.));
#3830=DIRECTION('center_axis',(3.445092848398E-16,1.,0.));
#3831=DIRECTION('ref_axis',(1.,-3.445092848398E-16,0.));
#3832=DIRECTION('',(0.,0.,-1.));
#3833=DIRECTION('center_axis',(3.445092848398E-16,1.,0.));
#3834=DIRECTION('ref_axis',(1.,-3.445092848398E-16,0.));
#3835=DIRECTION('',(-1.,3.445092848398E-16,0.));
#3836=DIRECTION('',(0.,0.,1.));
#3837=DIRECTION('',(1.,-3.445092848398E-16,0.));
#3838=DIRECTION('center_axis',(-3.445092848398E-16,-1.,0.));
#3839=DIRECTION('ref_axis',(1.,-3.445092848398E-16,0.));
#3840=DIRECTION('',(0.,0.,1.));
#3841=DIRECTION('center_axis',(3.445092848398E-16,1.,0.));
#3842=DIRECTION('ref_axis',(-1.,3.445092848398E-16,0.));
#3843=DIRECTION('center_axis',(3.445092848398E-16,1.,0.));
#3844=DIRECTION('ref_axis',(1.,-3.445092848398E-16,0.));
#3845=DIRECTION('',(0.,0.,1.));
#3846=DIRECTION('center_axis',(-3.445092848398E-16,-1.,0.));
#3847=DIRECTION('ref_axis',(1.,-3.445092848398E-16,0.));
#3848=DIRECTION('',(1.,-3.445092848398E-16,0.));
#3849=DIRECTION('',(0.,0.,1.));
#3850=DIRECTION('',(-1.,3.445092848398E-16,0.));
#3851=DIRECTION('center_axis',(3.445092848398E-16,1.,0.));
#3852=DIRECTION('ref_axis',(1.,-3.445092848398E-16,0.));
#3853=DIRECTION('',(0.,0.,-1.));
#3854=DIRECTION('center_axis',(-3.445092848398E-16,-1.,0.));
#3855=DIRECTION('ref_axis',(1.,-3.445092848398E-16,0.));
#3856=DIRECTION('center_axis',(-3.445092848398E-16,-1.,0.));
#3857=DIRECTION('ref_axis',(1.,-3.445092848398E-16,0.));
#3858=DIRECTION('',(-3.445092848398E-16,-1.,0.));
#3859=DIRECTION('center_axis',(-3.445092848398E-16,-1.,0.));
#3860=DIRECTION('ref_axis',(1.,-3.445092848398E-16,0.));
#3861=DIRECTION('center_axis',(3.445092848398E-16,1.,0.));
#3862=DIRECTION('ref_axis',(-1.,3.445092848398E-16,0.));
#3863=DIRECTION('center_axis',(3.445092848398E-16,1.,0.));
#3864=DIRECTION('ref_axis',(1.,-3.445092848398E-16,0.));
#3865=DIRECTION('',(0.,0.,-1.));
#3866=DIRECTION('center_axis',(3.445092848398E-16,1.,0.));
#3867=DIRECTION('ref_axis',(1.,-3.445092848398E-16,0.));
#3868=DIRECTION('',(-1.,3.445092848398E-16,0.));
#3869=DIRECTION('',(0.,0.,1.));
#3870=DIRECTION('',(1.,-3.445092848398E-16,0.));
#3871=DIRECTION('center_axis',(-3.445092848398E-16,-1.,0.));
#3872=DIRECTION('ref_axis',(1.,-3.445092848398E-16,0.));
#3873=DIRECTION('',(0.,0.,1.));
#3874=DIRECTION('center_axis',(3.445092848398E-16,1.,0.));
#3875=DIRECTION('ref_axis',(-1.,3.445092848398E-16,0.));
#3876=DIRECTION('center_axis',(3.445092848398E-16,1.,0.));
#3877=DIRECTION('ref_axis',(1.,-3.445092848398E-16,0.));
#3878=DIRECTION('',(0.,0.,1.));
#3879=DIRECTION('center_axis',(-3.445092848398E-16,-1.,0.));
#3880=DIRECTION('ref_axis',(1.,-3.445092848398E-16,0.));
#3881=DIRECTION('',(1.,-3.445092848398E-16,0.));
#3882=DIRECTION('',(0.,0.,1.));
#3883=DIRECTION('',(-1.,3.445092848398E-16,0.));
#3884=DIRECTION('center_axis',(3.445092848398E-16,1.,0.));
#3885=DIRECTION('ref_axis',(1.,-3.445092848398E-16,0.));
#3886=DIRECTION('',(0.,0.,-1.));
#3887=DIRECTION('center_axis',(-3.445092848398E-16,-1.,0.));
#3888=DIRECTION('ref_axis',(1.,-3.445092848398E-16,0.));
#3889=DIRECTION('center_axis',(-3.445092848398E-16,-1.,0.));
#3890=DIRECTION('ref_axis',(1.,-3.445092848398E-16,0.));
#3891=DIRECTION('',(-3.445092848398E-16,-1.,0.));
#3892=DIRECTION('center_axis',(-3.445092848398E-16,-1.,0.));
#3893=DIRECTION('ref_axis',(1.,-3.445092848398E-16,0.));
#3894=DIRECTION('center_axis',(3.445092848398E-16,1.,0.));
#3895=DIRECTION('ref_axis',(-1.,3.445092848398E-16,0.));
#3896=DIRECTION('center_axis',(3.445092848398E-16,1.,0.));
#3897=DIRECTION('ref_axis',(1.,-3.445092848398E-16,0.));
#3898=DIRECTION('',(0.,0.,-1.));
#3899=DIRECTION('center_axis',(3.445092848398E-16,1.,0.));
#3900=DIRECTION('ref_axis',(1.,-3.445092848398E-16,0.));
#3901=DIRECTION('',(-1.,3.445092848398E-16,0.));
#3902=DIRECTION('',(0.,0.,1.));
#3903=DIRECTION('',(1.,-3.445092848398E-16,0.));
#3904=DIRECTION('center_axis',(-3.445092848398E-16,-1.,0.));
#3905=DIRECTION('ref_axis',(1.,-3.445092848398E-16,0.));
#3906=DIRECTION('',(0.,0.,1.));
#3907=DIRECTION('center_axis',(0.,-0.987688340595152,-0.156434465040143));
#3908=DIRECTION('ref_axis',(1.,0.,0.));
#3909=DIRECTION('',(-1.,0.,0.));
#3910=DIRECTION('',(-0.077979060813626,-0.155958121627252,0.984680826650506));
#3911=DIRECTION('',(-0.077979060813626,0.155958121627252,-0.984680826650506));
#3912=DIRECTION('center_axis',(-0.697335374529813,-0.697335374529812,-0.165670609520012));
#3913=DIRECTION('ref_axis',(0.707106781186547,-0.707106781186548,-1.38777878078145E-17));
#3914=DIRECTION('',(-0.707106781186547,0.707106781186548,0.));
#3915=DIRECTION('',(0.155958121627252,0.0779790608136265,-0.984680826650506));
#3916=DIRECTION('center_axis',(2.22044604925E-16,1.,0.));
#3917=DIRECTION('ref_axis',(-1.,2.22044604925E-16,0.));
#3918=DIRECTION('',(2.22044604925E-16,1.,0.));
#3919=DIRECTION('center_axis',(-1.,2.22044604925E-16,0.));
#3920=DIRECTION('ref_axis',(-2.22044604925E-16,-1.,0.));
#3921=DIRECTION('',(-2.22044604925E-16,-1.,0.));
#3922=DIRECTION('center_axis',(2.22044604925E-16,1.,0.));
#3923=DIRECTION('ref_axis',(-1.,2.22044604925E-16,0.));
#3924=DIRECTION('',(-2.22044604925E-16,-1.,0.));
#3925=DIRECTION('center_axis',(0.,0.,-1.));
#3926=DIRECTION('ref_axis',(-1.,0.,0.));
#3927=DIRECTION('',(0.,-1.,0.));
#3928=DIRECTION('center_axis',(-1.,2.22044604925E-16,4.440892098501E-15));
#3929=DIRECTION('ref_axis',(4.440892098501E-15,0.,1.));
#3930=DIRECTION('',(-2.22044604925E-16,-1.,9.86076131526209E-31));
#3931=DIRECTION('center_axis',(0.,0.,1.));
#3932=DIRECTION('ref_axis',(1.,0.,0.));
#3933=DIRECTION('',(0.,-1.,0.));
#3934=DIRECTION('center_axis',(2.22044604925E-16,1.,0.));
#3935=DIRECTION('ref_axis',(-1.,2.22044604925E-16,0.));
#3936=DIRECTION('',(2.22044604925E-16,1.,0.));
#3937=DIRECTION('center_axis',(1.,-2.22044604925E-16,1.7763568394E-15));
#3938=DIRECTION('ref_axis',(1.7763568394E-15,0.,-1.));
#3939=DIRECTION('center_axis',(2.22044604925E-16,1.,0.));
#3940=DIRECTION('ref_axis',(-1.,2.22044604925E-16,0.));
#3941=DIRECTION('',(2.22044604925E-16,1.,0.));
#3942=DIRECTION('center_axis',(-1.,2.22044604925E-16,0.));
#3943=DIRECTION('ref_axis',(-2.22044604925E-16,-1.,0.));
#3944=DIRECTION('',(-2.22044604925E-16,-1.,0.));
#3945=DIRECTION('center_axis',(2.22044604925E-16,1.,0.));
#3946=DIRECTION('ref_axis',(-1.,2.22044604925E-16,0.));
#3947=DIRECTION('',(-2.22044604925E-16,-1.,0.));
#3948=DIRECTION('center_axis',(0.,0.,-1.));
#3949=DIRECTION('ref_axis',(-1.,0.,0.));
#3950=DIRECTION('',(0.,-1.,0.));
#3951=DIRECTION('center_axis',(-1.,2.22044604925E-16,4.440892098501E-15));
#3952=DIRECTION('ref_axis',(4.440892098501E-15,0.,1.));
#3953=DIRECTION('',(-2.22044604925E-16,-1.,9.86076131526209E-31));
#3954=DIRECTION('center_axis',(0.,0.,1.));
#3955=DIRECTION('ref_axis',(1.,0.,0.));
#3956=DIRECTION('',(0.,-1.,0.));
#3957=DIRECTION('center_axis',(2.22044604925E-16,1.,0.));
#3958=DIRECTION('ref_axis',(-1.,2.22044604925E-16,0.));
#3959=DIRECTION('',(2.22044604925E-16,1.,0.));
#3960=DIRECTION('center_axis',(1.,-2.22044604925E-16,1.7763568394E-15));
#3961=DIRECTION('ref_axis',(1.7763568394E-15,0.,-1.));
#3962=DIRECTION('center_axis',(2.22044604925E-16,1.,0.));
#3963=DIRECTION('ref_axis',(-1.,2.22044604925E-16,0.));
#3964=DIRECTION('',(2.22044604925E-16,1.,0.));
#3965=DIRECTION('center_axis',(-1.,2.22044604925E-16,0.));
#3966=DIRECTION('ref_axis',(-2.22044604925E-16,-1.,0.));
#3967=DIRECTION('',(-2.22044604925E-16,-1.,0.));
#3968=DIRECTION('center_axis',(2.22044604925E-16,1.,0.));
#3969=DIRECTION('ref_axis',(-1.,2.22044604925E-16,0.));
#3970=DIRECTION('',(-2.22044604925E-16,-1.,0.));
#3971=DIRECTION('center_axis',(0.,0.,-1.));
#3972=DIRECTION('ref_axis',(-1.,0.,0.));
#3973=DIRECTION('',(0.,-1.,0.));
#3974=DIRECTION('center_axis',(-1.,2.22044604925E-16,4.440892098501E-15));
#3975=DIRECTION('ref_axis',(4.440892098501E-15,0.,1.));
#3976=DIRECTION('',(-2.22044604925E-16,-1.,9.86076131526209E-31));
#3977=DIRECTION('center_axis',(0.,0.,1.));
#3978=DIRECTION('ref_axis',(1.,0.,0.));
#3979=DIRECTION('',(0.,-1.,0.));
#3980=DIRECTION('center_axis',(2.22044604925E-16,1.,0.));
#3981=DIRECTION('ref_axis',(-1.,2.22044604925E-16,0.));
#3982=DIRECTION('',(2.22044604925E-16,1.,0.));
#3983=DIRECTION('center_axis',(1.,-2.22044604925E-16,1.7763568394E-15));
#3984=DIRECTION('ref_axis',(1.7763568394E-15,0.,-1.));
#3985=DIRECTION('center_axis',(2.22044604925E-16,1.,0.));
#3986=DIRECTION('ref_axis',(-1.,2.22044604925E-16,0.));
#3987=DIRECTION('',(2.22044604925E-16,1.,0.));
#3988=DIRECTION('center_axis',(-1.,2.22044604925E-16,0.));
#3989=DIRECTION('ref_axis',(-2.22044604925E-16,-1.,0.));
#3990=DIRECTION('',(-2.22044604925E-16,-1.,0.));
#3991=DIRECTION('center_axis',(2.22044604925E-16,1.,0.));
#3992=DIRECTION('ref_axis',(-1.,2.22044604925E-16,0.));
#3993=DIRECTION('',(-2.22044604925E-16,-1.,0.));
#3994=DIRECTION('center_axis',(0.,0.,-1.));
#3995=DIRECTION('ref_axis',(-1.,0.,0.));
#3996=DIRECTION('',(0.,-1.,0.));
#3997=DIRECTION('center_axis',(-1.,2.22044604925E-16,4.440892098501E-15));
#3998=DIRECTION('ref_axis',(4.440892098501E-15,0.,1.));
#3999=DIRECTION('',(-2.22044604925E-16,-1.,9.86076131526209E-31));
#4000=DIRECTION('center_axis',(0.,0.,1.));
#4001=DIRECTION('ref_axis',(1.,0.,0.));
#4002=DIRECTION('',(0.,-1.,0.));
#4003=DIRECTION('center_axis',(2.22044604925E-16,1.,0.));
#4004=DIRECTION('ref_axis',(-1.,2.22044604925E-16,0.));
#4005=DIRECTION('',(2.22044604925E-16,1.,0.));
#4006=DIRECTION('center_axis',(1.,-2.22044604925E-16,1.7763568394E-15));
#4007=DIRECTION('ref_axis',(1.7763568394E-15,0.,-1.));
#4008=DIRECTION('center_axis',(2.22044604925E-16,1.,0.));
#4009=DIRECTION('ref_axis',(-1.,2.22044604925E-16,0.));
#4010=DIRECTION('',(2.22044604925E-16,1.,0.));
#4011=DIRECTION('center_axis',(-1.,2.22044604925E-16,0.));
#4012=DIRECTION('ref_axis',(-2.22044604925E-16,-1.,0.));
#4013=DIRECTION('',(-2.22044604925E-16,-1.,0.));
#4014=DIRECTION('center_axis',(2.22044604925E-16,1.,0.));
#4015=DIRECTION('ref_axis',(-1.,2.22044604925E-16,0.));
#4016=DIRECTION('',(-2.22044604925E-16,-1.,0.));
#4017=DIRECTION('center_axis',(0.,0.,-1.));
#4018=DIRECTION('ref_axis',(-1.,0.,0.));
#4019=DIRECTION('',(0.,-1.,0.));
#4020=DIRECTION('center_axis',(-1.,2.22044604925E-16,4.440892098501E-15));
#4021=DIRECTION('ref_axis',(4.440892098501E-15,0.,1.));
#4022=DIRECTION('',(-2.22044604925E-16,-1.,9.86076131526209E-31));
#4023=DIRECTION('center_axis',(0.,0.,1.));
#4024=DIRECTION('ref_axis',(1.,0.,0.));
#4025=DIRECTION('',(0.,-1.,0.));
#4026=DIRECTION('center_axis',(2.22044604925E-16,1.,0.));
#4027=DIRECTION('ref_axis',(-1.,2.22044604925E-16,0.));
#4028=DIRECTION('',(2.22044604925E-16,1.,0.));
#4029=DIRECTION('center_axis',(1.,-2.22044604925E-16,1.7763568394E-15));
#4030=DIRECTION('ref_axis',(1.7763568394E-15,0.,-1.));
#4031=DIRECTION('center_axis',(-0.697335374529813,0.697335374529812,-0.165670609520012));
#4032=DIRECTION('ref_axis',(-0.707106781186547,-0.707106781186548,1.38777878078145E-17));
#4033=DIRECTION('',(0.707106781186547,0.707106781186548,0.));
#4034=DIRECTION('',(-0.077979060813626,0.155958121627252,0.984680826650506));
#4035=DIRECTION('',(-0.155958121627252,0.0779790608136265,0.984680826650506));
#4036=DIRECTION('center_axis',(0.,0.987688340595152,-0.156434465040143));
#4037=DIRECTION('ref_axis',(-1.,0.,0.));
#4038=DIRECTION('',(1.,0.,0.));
#4039=DIRECTION('',(0.077979060813626,0.155958121627252,0.984680826650506));
#4040=DIRECTION('center_axis',(0.697335374529813,0.697335374529812,-0.165670609520012));
#4041=DIRECTION('ref_axis',(-0.707106781186547,0.707106781186548,-1.38777878078145E-17));
#4042=DIRECTION('',(0.707106781186547,-0.707106781186548,0.));
#4043=DIRECTION('',(-0.155958121627252,-0.0779790608136265,-0.984680826650506));
#4044=DIRECTION('center_axis',(-3.445092848398E-16,-1.,0.));
#4045=DIRECTION('ref_axis',(1.,-3.445092848398E-16,0.));
#4046=DIRECTION('',(-3.445092848398E-16,-1.,0.));
#4047=DIRECTION('center_axis',(1.,-3.445092848398E-16,0.));
#4048=DIRECTION('ref_axis',(3.445092848398E-16,1.,0.));
#4049=DIRECTION('',(3.445092848398E-16,1.,0.));
#4050=DIRECTION('center_axis',(-3.445092848398E-16,-1.,0.));
#4051=DIRECTION('ref_axis',(1.,-3.445092848398E-16,0.));
#4052=DIRECTION('',(3.445092848398E-16,1.,0.));
#4053=DIRECTION('center_axis',(0.,0.,-1.));
#4054=DIRECTION('ref_axis',(-1.,0.,0.));
#4055=DIRECTION('',(0.,1.,0.));
#4056=DIRECTION('center_axis',(1.,-3.445092848398E-16,4.440892098501E-15));
#4057=DIRECTION('ref_axis',(4.440892098501E-15,0.,-1.));
#4058=DIRECTION('',(3.445092848398E-16,1.,1.5299285609053E-30));
#4059=DIRECTION('center_axis',(0.,0.,1.));
#4060=DIRECTION('ref_axis',(1.,0.,0.));
#4061=DIRECTION('',(0.,1.,0.));
#4062=DIRECTION('center_axis',(-3.445092848398E-16,-1.,0.));
#4063=DIRECTION('ref_axis',(1.,-3.445092848398E-16,0.));
#4064=DIRECTION('',(-3.445092848398E-16,-1.,0.));
#4065=DIRECTION('center_axis',(-1.,3.445092848398E-16,1.7763568394E-15));
#4066=DIRECTION('ref_axis',(1.7763568394E-15,0.,1.));
#4067=DIRECTION('center_axis',(-3.445092848398E-16,-1.,0.));
#4068=DIRECTION('ref_axis',(1.,-3.445092848398E-16,0.));
#4069=DIRECTION('',(-3.445092848398E-16,-1.,0.));
#4070=DIRECTION('center_axis',(1.,-3.445092848398E-16,0.));
#4071=DIRECTION('ref_axis',(3.445092848398E-16,1.,0.));
#4072=DIRECTION('',(3.445092848398E-16,1.,0.));
#4073=DIRECTION('center_axis',(-3.445092848398E-16,-1.,0.));
#4074=DIRECTION('ref_axis',(1.,-3.445092848398E-16,0.));
#4075=DIRECTION('',(3.445092848398E-16,1.,0.));
#4076=DIRECTION('center_axis',(0.,0.,-1.));
#4077=DIRECTION('ref_axis',(-1.,0.,0.));
#4078=DIRECTION('',(0.,1.,0.));
#4079=DIRECTION('center_axis',(1.,-3.445092848398E-16,4.440892098501E-15));
#4080=DIRECTION('ref_axis',(4.440892098501E-15,0.,-1.));
#4081=DIRECTION('',(3.445092848398E-16,1.,1.5299285609053E-30));
#4082=DIRECTION('center_axis',(0.,0.,1.));
#4083=DIRECTION('ref_axis',(1.,0.,0.));
#4084=DIRECTION('',(0.,1.,0.));
#4085=DIRECTION('center_axis',(-3.445092848398E-16,-1.,0.));
#4086=DIRECTION('ref_axis',(1.,-3.445092848398E-16,0.));
#4087=DIRECTION('',(-3.445092848398E-16,-1.,0.));
#4088=DIRECTION('center_axis',(-1.,3.445092848398E-16,1.7763568394E-15));
#4089=DIRECTION('ref_axis',(1.7763568394E-15,0.,1.));
#4090=DIRECTION('center_axis',(-3.445092848398E-16,-1.,0.));
#4091=DIRECTION('ref_axis',(1.,-3.445092848398E-16,0.));
#4092=DIRECTION('',(-3.445092848398E-16,-1.,0.));
#4093=DIRECTION('center_axis',(1.,-3.445092848398E-16,0.));
#4094=DIRECTION('ref_axis',(3.445092848398E-16,1.,0.));
#4095=DIRECTION('',(3.445092848398E-16,1.,0.));
#4096=DIRECTION('center_axis',(-3.445092848398E-16,-1.,0.));
#4097=DIRECTION('ref_axis',(1.,-3.445092848398E-16,0.));
#4098=DIRECTION('',(3.445092848398E-16,1.,0.));
#4099=DIRECTION('center_axis',(0.,0.,-1.));
#4100=DIRECTION('ref_axis',(-1.,0.,0.));
#4101=DIRECTION('',(0.,1.,0.));
#4102=DIRECTION('center_axis',(1.,-3.445092848398E-16,4.440892098501E-15));
#4103=DIRECTION('ref_axis',(4.440892098501E-15,0.,-1.));
#4104=DIRECTION('',(3.445092848398E-16,1.,1.5299285609053E-30));
#4105=DIRECTION('center_axis',(0.,0.,1.));
#4106=DIRECTION('ref_axis',(1.,0.,0.));
#4107=DIRECTION('',(0.,1.,0.));
#4108=DIRECTION('center_axis',(-3.445092848398E-16,-1.,0.));
#4109=DIRECTION('ref_axis',(1.,-3.445092848398E-16,0.));
#4110=DIRECTION('',(-3.445092848398E-16,-1.,0.));
#4111=DIRECTION('center_axis',(-1.,3.445092848398E-16,1.7763568394E-15));
#4112=DIRECTION('ref_axis',(1.7763568394E-15,0.,1.));
#4113=DIRECTION('center_axis',(-3.445092848398E-16,-1.,0.));
#4114=DIRECTION('ref_axis',(1.,-3.445092848398E-16,0.));
#4115=DIRECTION('',(-3.445092848398E-16,-1.,0.));
#4116=DIRECTION('center_axis',(1.,-3.445092848398E-16,0.));
#4117=DIRECTION('ref_axis',(3.445092848398E-16,1.,0.));
#4118=DIRECTION('',(3.445092848398E-16,1.,0.));
#4119=DIRECTION('center_axis',(-3.445092848398E-16,-1.,0.));
#4120=DIRECTION('ref_axis',(1.,-3.445092848398E-16,0.));
#4121=DIRECTION('',(3.445092848398E-16,1.,0.));
#4122=DIRECTION('center_axis',(0.,0.,-1.));
#4123=DIRECTION('ref_axis',(-1.,0.,0.));
#4124=DIRECTION('',(0.,1.,0.));
#4125=DIRECTION('center_axis',(1.,-3.445092848398E-16,4.440892098501E-15));
#4126=DIRECTION('ref_axis',(4.440892098501E-15,0.,-1.));
#4127=DIRECTION('',(3.445092848398E-16,1.,1.5299285609053E-30));
#4128=DIRECTION('center_axis',(0.,0.,1.));
#4129=DIRECTION('ref_axis',(1.,0.,0.));
#4130=DIRECTION('',(0.,1.,0.));
#4131=DIRECTION('center_axis',(-3.445092848398E-16,-1.,0.));
#4132=DIRECTION('ref_axis',(1.,-3.445092848398E-16,0.));
#4133=DIRECTION('',(-3.445092848398E-16,-1.,0.));
#4134=DIRECTION('center_axis',(-1.,3.445092848398E-16,1.7763568394E-15));
#4135=DIRECTION('ref_axis',(1.7763568394E-15,0.,1.));
#4136=DIRECTION('center_axis',(-3.445092848398E-16,-1.,0.));
#4137=DIRECTION('ref_axis',(1.,-3.445092848398E-16,0.));
#4138=DIRECTION('',(-3.445092848398E-16,-1.,0.));
#4139=DIRECTION('center_axis',(1.,-3.445092848398E-16,0.));
#4140=DIRECTION('ref_axis',(3.445092848398E-16,1.,0.));
#4141=DIRECTION('',(3.445092848398E-16,1.,0.));
#4142=DIRECTION('center_axis',(-3.445092848398E-16,-1.,0.));
#4143=DIRECTION('ref_axis',(1.,-3.445092848398E-16,0.));
#4144=DIRECTION('',(3.445092848398E-16,1.,0.));
#4145=DIRECTION('center_axis',(0.,0.,-1.));
#4146=DIRECTION('ref_axis',(-1.,0.,0.));
#4147=DIRECTION('',(0.,1.,0.));
#4148=DIRECTION('center_axis',(1.,-3.445092848398E-16,4.440892098501E-15));
#4149=DIRECTION('ref_axis',(4.440892098501E-15,0.,-1.));
#4150=DIRECTION('',(3.445092848398E-16,1.,1.5299285609053E-30));
#4151=DIRECTION('center_axis',(0.,0.,1.));
#4152=DIRECTION('ref_axis',(1.,0.,0.));
#4153=DIRECTION('',(0.,1.,0.));
#4154=DIRECTION('center_axis',(-3.445092848398E-16,-1.,0.));
#4155=DIRECTION('ref_axis',(1.,-3.445092848398E-16,0.));
#4156=DIRECTION('',(-3.445092848398E-16,-1.,0.));
#4157=DIRECTION('center_axis',(-1.,3.445092848398E-16,1.7763568394E-15));
#4158=DIRECTION('ref_axis',(1.7763568394E-15,0.,1.));
#4159=DIRECTION('center_axis',(0.697335374529813,-0.697335374529812,-0.165670609520012));
#4160=DIRECTION('ref_axis',(0.707106781186547,0.707106781186548,1.38777878078145E-17));
#4161=DIRECTION('',(-0.707106781186547,-0.707106781186548,0.));
#4162=DIRECTION('',(0.155958121627252,-0.0779790608136265,0.984680826650506));
#4163=DIRECTION('center_axis',(0.,0.,1.));
#4164=DIRECTION('ref_axis',(1.,0.,0.));
#4165=DIRECTION('',(0.,1.,0.));
#4166=DIRECTION('',(0.,-1.,0.));
#4167=DIRECTION('center_axis',(-0.987688340595152,0.,-0.156434465040142));
#4168=DIRECTION('ref_axis',(0.,-1.,0.));
#4169=DIRECTION('center_axis',(0.987688340595152,0.,-0.156434465040142));
#4170=DIRECTION('ref_axis',(0.,1.,0.));
#4171=DIRECTION('center_axis',(0.,0.,1.));
#4172=DIRECTION('ref_axis',(1.,0.,0.));
#4173=CARTESIAN_POINT('',(0.,0.,0.));
#4174=CARTESIAN_POINT('Origin',(-1.303727001854,1.803727001854,1.1));
#4175=CARTESIAN_POINT('',(-1.203727001854,1.803727001854,1.1));
#4176=CARTESIAN_POINT('Origin',(-1.303727001854,1.803727001854,1.1));
#4177=CARTESIAN_POINT('',(-1.203727001854,1.803727001854,1.05));
#4178=CARTESIAN_POINT('',(-1.203727001854,1.803727001854,1.1));
#4179=CARTESIAN_POINT('Origin',(-1.303727001854,1.803727001854,1.05));
#4180=CARTESIAN_POINT('Origin',(-1.739363500927,2.378727001854,0.1));
#4181=CARTESIAN_POINT('',(1.878727001854,2.239363500927,0.1));
#4182=CARTESIAN_POINT('',(1.739363500927,2.378727001854,0.1));
#4183=CARTESIAN_POINT('',(1.878727001854,2.239363500927,0.1));
#4184=CARTESIAN_POINT('',(1.878727001854,-2.239363500927,0.1));
#4185=CARTESIAN_POINT('',(1.878727001854,2.378727001854,0.1));
#4186=CARTESIAN_POINT('',(1.739363500927,-2.378727001854,0.1));
#4187=CARTESIAN_POINT('',(1.739363500927,-2.378727001854,0.1));
#4188=CARTESIAN_POINT('',(-1.739363500927,-2.378727001854,0.1));
#4189=CARTESIAN_POINT('',(-1.739363500927,-2.378727001854,0.1));
#4190=CARTESIAN_POINT('',(-1.878727001854,-2.239363500927,0.1));
#4191=CARTESIAN_POINT('',(-1.878727001854,-2.239363500927,0.1));
#4192=CARTESIAN_POINT('',(-1.878727001854,2.239363500927,0.1));
#4193=CARTESIAN_POINT('',(-1.878727001854,2.378727001854,0.1));
#4194=CARTESIAN_POINT('',(-1.739363500927,2.378727001854,0.1));
#4195=CARTESIAN_POINT('',(-1.739363500927,2.378727001854,0.1));
#4196=CARTESIAN_POINT('',(-1.739363500927,2.378727001854,0.1));
#4197=CARTESIAN_POINT('Origin',(-1.739363500927,2.378727001854,0.1));
#4198=CARTESIAN_POINT('',(1.775,2.45,0.55));
#4199=CARTESIAN_POINT('',(-1.775,2.45,0.55));
#4200=CARTESIAN_POINT('',(0.,2.45,0.55));
#4201=CARTESIAN_POINT('',(1.7571817504635,2.414363500927,0.325));
#4202=CARTESIAN_POINT('',(-1.7571817504635,2.414363500927,0.325));
#4203=CARTESIAN_POINT('Origin',(1.739363500927,2.378727001854,0.1));
#4204=CARTESIAN_POINT('',(1.95,2.275,0.55));
#4205=CARTESIAN_POINT('',(1.8625,2.3625,0.55));
#4206=CARTESIAN_POINT('',(1.914363500927,2.2571817504635,0.325));
#4207=CARTESIAN_POINT('Origin',(1.878727001854,2.239363500927,0.1));
#4208=CARTESIAN_POINT('',(1.95,2.18,0.55));
#4209=CARTESIAN_POINT('',(1.95,0.,0.55));
#4210=CARTESIAN_POINT('',(1.95,1.82,0.55));
#4211=CARTESIAN_POINT('',(1.95,0.,0.55));
#4212=CARTESIAN_POINT('',(1.95,1.18,0.55));
#4213=CARTESIAN_POINT('',(1.95,0.,0.55));
#4214=CARTESIAN_POINT('',(1.95,0.82,0.55));
#4215=CARTESIAN_POINT('',(1.95,0.,0.55));
#4216=CARTESIAN_POINT('',(1.95,0.18,0.55));
#4217=CARTESIAN_POINT('',(1.95,0.,0.55));
#4218=CARTESIAN_POINT('',(1.95,-0.18,0.55));
#4219=CARTESIAN_POINT('',(1.95,0.,0.55));
#4220=CARTESIAN_POINT('',(1.95,-0.82,0.55));
#4221=CARTESIAN_POINT('',(1.95,0.,0.55));
#4222=CARTESIAN_POINT('',(1.95,-1.18,0.55));
#4223=CARTESIAN_POINT('',(1.95,0.,0.55));
#4224=CARTESIAN_POINT('',(1.95,-1.82,0.55));
#4225=CARTESIAN_POINT('',(1.95,0.,0.55));
#4226=CARTESIAN_POINT('',(1.95,-2.18,0.55));
#4227=CARTESIAN_POINT('',(1.95,0.,0.55));
#4228=CARTESIAN_POINT('',(1.95,-2.275,0.55));
#4229=CARTESIAN_POINT('',(1.95,0.,0.55));
#4230=CARTESIAN_POINT('',(1.914363500927,-2.2571817504635,0.325));
#4231=CARTESIAN_POINT('Origin',(1.878727001854,-2.239363500927,0.1));
#4232=CARTESIAN_POINT('',(1.775,-2.45,0.55));
#4233=CARTESIAN_POINT('',(1.8625,-2.3625,0.55));
#4234=CARTESIAN_POINT('',(1.7571817504635,-2.414363500927,0.325));
#4235=CARTESIAN_POINT('Origin',(1.739363500927,-2.378727001854,0.1));
#4236=CARTESIAN_POINT('',(-1.775,-2.45,0.55));
#4237=CARTESIAN_POINT('',(0.,-2.45,0.55));
#4238=CARTESIAN_POINT('',(-1.7571817504635,-2.414363500927,0.325));
#4239=CARTESIAN_POINT('Origin',(-1.739363500927,-2.378727001854,0.1));
#4240=CARTESIAN_POINT('',(-1.95,-2.275,0.55));
#4241=CARTESIAN_POINT('',(-1.8625,-2.3625,0.55));
#4242=CARTESIAN_POINT('',(-1.914363500927,-2.2571817504635,0.325));
#4243=CARTESIAN_POINT('Origin',(-1.878727001854,-2.239363500927,0.1));
#4244=CARTESIAN_POINT('',(-1.95,-2.18,0.55));
#4245=CARTESIAN_POINT('',(-1.95,0.,0.55));
#4246=CARTESIAN_POINT('',(-1.95,-1.82,0.55));
#4247=CARTESIAN_POINT('',(-1.95,0.,0.55));
#4248=CARTESIAN_POINT('',(-1.95,-1.18,0.55));
#4249=CARTESIAN_POINT('',(-1.95,0.,0.55));
#4250=CARTESIAN_POINT('',(-1.95,-0.82,0.55));
#4251=CARTESIAN_POINT('',(-1.95,0.,0.55));
#4252=CARTESIAN_POINT('',(-1.95,-0.18,0.55));
#4253=CARTESIAN_POINT('',(-1.95,0.,0.55));
#4254=CARTESIAN_POINT('',(-1.95,0.18,0.55));
#4255=CARTESIAN_POINT('',(-1.95,0.,0.55));
#4256=CARTESIAN_POINT('',(-1.95,0.82,0.55));
#4257=CARTESIAN_POINT('',(-1.95,0.,0.55));
#4258=CARTESIAN_POINT('',(-1.95,1.18,0.55));
#4259=CARTESIAN_POINT('',(-1.95,0.,0.55));
#4260=CARTESIAN_POINT('',(-1.95,1.82,0.55));
#4261=CARTESIAN_POINT('',(-1.95,0.,0.55));
#4262=CARTESIAN_POINT('',(-1.95,2.18,0.55));
#4263=CARTESIAN_POINT('',(-1.95,0.,0.55));
#4264=CARTESIAN_POINT('',(-1.95,2.275,0.55));
#4265=CARTESIAN_POINT('',(-1.95,0.,0.55));
#4266=CARTESIAN_POINT('',(-1.914363500927,2.2571817504635,0.325));
#4267=CARTESIAN_POINT('Origin',(-1.878727001854,2.239363500927,0.1));
#4268=CARTESIAN_POINT('',(-1.8625,2.3625,0.55));
#4269=CARTESIAN_POINT('Origin',(-1.775,2.45,0.65));
#4270=CARTESIAN_POINT('',(1.775,2.45,0.65));
#4271=CARTESIAN_POINT('',(-1.775,2.45,0.65));
#4272=CARTESIAN_POINT('',(-1.775,2.45,0.65));
#4273=CARTESIAN_POINT('',(1.775,2.45,0.65));
#4274=CARTESIAN_POINT('',(-1.775,2.45,0.65));
#4275=CARTESIAN_POINT('Origin',(1.775,2.45,0.65));
#4276=CARTESIAN_POINT('',(1.95,2.275,0.65));
#4277=CARTESIAN_POINT('',(1.775,2.45,0.65));
#4278=CARTESIAN_POINT('',(1.95,2.275,0.65));
#4279=CARTESIAN_POINT('Origin',(1.95,2.275,0.65));
#4280=CARTESIAN_POINT('',(1.95,2.18,0.65));
#4281=CARTESIAN_POINT('',(1.95,2.18,0.65));
#4282=CARTESIAN_POINT('',(1.95,2.275,0.65));
#4283=CARTESIAN_POINT('Origin',(1.8,2.18,0.55));
#4284=CARTESIAN_POINT('',(2.05,1.82,0.55));
#4285=CARTESIAN_POINT('',(1.8,1.82,0.55));
#4286=CARTESIAN_POINT('',(2.05,2.18,0.55));
#4287=CARTESIAN_POINT('',(1.8,2.18,0.55));
#4288=CARTESIAN_POINT('',(2.05,2.18,0.55));
#4289=CARTESIAN_POINT('Origin',(1.95,2.275,0.65));
#4290=CARTESIAN_POINT('',(1.95,1.18,0.65));
#4291=CARTESIAN_POINT('',(1.95,1.18,0.65));
#4292=CARTESIAN_POINT('',(1.95,1.82,0.65));
#4293=CARTESIAN_POINT('',(1.95,1.82,0.65));
#4294=CARTESIAN_POINT('',(1.95,2.275,0.65));
#4295=CARTESIAN_POINT('Origin',(1.8,1.18,0.55));
#4296=CARTESIAN_POINT('',(2.05,0.82,0.55));
#4297=CARTESIAN_POINT('',(1.8,0.82,0.55));
#4298=CARTESIAN_POINT('',(2.05,1.18,0.55));
#4299=CARTESIAN_POINT('',(1.8,1.18,0.55));
#4300=CARTESIAN_POINT('',(2.05,1.18,0.55));
#4301=CARTESIAN_POINT('Origin',(1.95,2.275,0.65));
#4302=CARTESIAN_POINT('',(1.95,0.18,0.65));
#4303=CARTESIAN_POINT('',(1.95,0.18,0.65));
#4304=CARTESIAN_POINT('',(1.95,0.82,0.65));
#4305=CARTESIAN_POINT('',(1.95,0.82,0.65));
#4306=CARTESIAN_POINT('',(1.95,2.275,0.65));
#4307=CARTESIAN_POINT('Origin',(1.8,0.18,0.55));
#4308=CARTESIAN_POINT('',(2.05,-0.18,0.55));
#4309=CARTESIAN_POINT('',(1.8,-0.18,0.55));
#4310=CARTESIAN_POINT('',(2.05,0.18,0.55));
#4311=CARTESIAN_POINT('',(1.8,0.18,0.55));
#4312=CARTESIAN_POINT('',(2.05,0.18,0.55));
#4313=CARTESIAN_POINT('Origin',(1.95,2.275,0.65));
#4314=CARTESIAN_POINT('',(1.95,-0.82,0.65));
#4315=CARTESIAN_POINT('',(1.95,-0.82,0.65));
#4316=CARTESIAN_POINT('',(1.95,-0.18,0.65));
#4317=CARTESIAN_POINT('',(1.95,-0.18,0.65));
#4318=CARTESIAN_POINT('',(1.95,2.275,0.65));
#4319=CARTESIAN_POINT('Origin',(1.8,-0.82,0.55));
#4320=CARTESIAN_POINT('',(2.05,-1.18,0.55));
#4321=CARTESIAN_POINT('',(1.8,-1.18,0.55));
#4322=CARTESIAN_POINT('',(2.05,-0.82,0.55));
#4323=CARTESIAN_POINT('',(1.8,-0.82,0.55));
#4324=CARTESIAN_POINT('',(2.05,-0.82,0.55));
#4325=CARTESIAN_POINT('Origin',(1.95,2.275,0.65));
#4326=CARTESIAN_POINT('',(1.95,-1.82,0.65));
#4327=CARTESIAN_POINT('',(1.95,-1.82,0.65));
#4328=CARTESIAN_POINT('',(1.95,-1.18,0.65));
#4329=CARTESIAN_POINT('',(1.95,-1.18,0.65));
#4330=CARTESIAN_POINT('',(1.95,2.275,0.65));
#4331=CARTESIAN_POINT('Origin',(1.8,-1.82,0.55));
#4332=CARTESIAN_POINT('',(2.05,-2.18,0.55));
#4333=CARTESIAN_POINT('',(1.8,-2.18,0.55));
#4334=CARTESIAN_POINT('',(2.05,-1.82,0.55));
#4335=CARTESIAN_POINT('',(1.8,-1.82,0.55));
#4336=CARTESIAN_POINT('',(2.05,-1.82,0.55));
#4337=CARTESIAN_POINT('Origin',(1.95,2.275,0.65));
#4338=CARTESIAN_POINT('',(1.95,-2.275,0.65));
#4339=CARTESIAN_POINT('',(1.95,-2.275,0.65));
#4340=CARTESIAN_POINT('',(1.95,-2.18,0.65));
#4341=CARTESIAN_POINT('',(1.95,-2.18,0.65));
#4342=CARTESIAN_POINT('',(1.95,2.275,0.65));
#4343=CARTESIAN_POINT('Origin',(1.95,-2.275,0.65));
#4344=CARTESIAN_POINT('',(1.775,-2.45,0.65));
#4345=CARTESIAN_POINT('',(1.95,-2.275,0.65));
#4346=CARTESIAN_POINT('',(1.775,-2.45,0.65));
#4347=CARTESIAN_POINT('Origin',(1.775,-2.45,0.65));
#4348=CARTESIAN_POINT('',(-1.775,-2.45,0.65));
#4349=CARTESIAN_POINT('',(1.775,-2.45,0.65));
#4350=CARTESIAN_POINT('',(-1.775,-2.45,0.65));
#4351=CARTESIAN_POINT('Origin',(-1.775,-2.45,0.65));
#4352=CARTESIAN_POINT('',(-1.95,-2.275,0.65));
#4353=CARTESIAN_POINT('',(-1.775,-2.45,0.65));
#4354=CARTESIAN_POINT('',(-1.95,-2.275,0.65));
#4355=CARTESIAN_POINT('Origin',(-1.95,-2.275,0.65));
#4356=CARTESIAN_POINT('',(-1.95,-2.18,0.65));
#4357=CARTESIAN_POINT('',(-1.95,-2.18,0.65));
#4358=CARTESIAN_POINT('',(-1.95,-2.275,0.65));
#4359=CARTESIAN_POINT('Origin',(-1.8,-2.18,0.55));
#4360=CARTESIAN_POINT('',(-2.05,-1.82,0.55));
#4361=CARTESIAN_POINT('',(-1.8,-1.82,0.55));
#4362=CARTESIAN_POINT('',(-2.05,-2.18,0.55));
#4363=CARTESIAN_POINT('',(-1.8,-2.18,0.55));
#4364=CARTESIAN_POINT('',(-2.05,-2.18,0.55));
#4365=CARTESIAN_POINT('Origin',(-1.95,-2.275,0.65));
#4366=CARTESIAN_POINT('',(-1.95,-1.18,0.65));
#4367=CARTESIAN_POINT('',(-1.95,-1.18,0.65));
#4368=CARTESIAN_POINT('',(-1.95,-1.82,0.65));
#4369=CARTESIAN_POINT('',(-1.95,-1.82,0.65));
#4370=CARTESIAN_POINT('',(-1.95,-2.275,0.65));
#4371=CARTESIAN_POINT('Origin',(-1.8,-1.18,0.55));
#4372=CARTESIAN_POINT('',(-2.05,-0.82,0.55));
#4373=CARTESIAN_POINT('',(-1.8,-0.82,0.55));
#4374=CARTESIAN_POINT('',(-2.05,-1.18,0.55));
#4375=CARTESIAN_POINT('',(-1.8,-1.18,0.55));
#4376=CARTESIAN_POINT('',(-2.05,-1.18,0.55));
#4377=CARTESIAN_POINT('Origin',(-1.95,-2.275,0.65));
#4378=CARTESIAN_POINT('',(-1.95,-0.18,0.65));
#4379=CARTESIAN_POINT('',(-1.95,-0.18,0.65));
#4380=CARTESIAN_POINT('',(-1.95,-0.82,0.65));
#4381=CARTESIAN_POINT('',(-1.95,-0.82,0.65));
#4382=CARTESIAN_POINT('',(-1.95,-2.275,0.65));
#4383=CARTESIAN_POINT('Origin',(-1.8,-0.18,0.55));
#4384=CARTESIAN_POINT('',(-2.05,0.18,0.55));
#4385=CARTESIAN_POINT('',(-1.8,0.18,0.55));
#4386=CARTESIAN_POINT('',(-2.05,-0.18,0.55));
#4387=CARTESIAN_POINT('',(-1.8,-0.18,0.55));
#4388=CARTESIAN_POINT('',(-2.05,-0.18,0.55));
#4389=CARTESIAN_POINT('Origin',(-1.95,-2.275,0.65));
#4390=CARTESIAN_POINT('',(-1.95,0.82,0.65));
#4391=CARTESIAN_POINT('',(-1.95,0.82,0.65));
#4392=CARTESIAN_POINT('',(-1.95,0.18,0.65));
#4393=CARTESIAN_POINT('',(-1.95,0.18,0.65));
#4394=CARTESIAN_POINT('',(-1.95,-2.275,0.65));
#4395=CARTESIAN_POINT('Origin',(-1.8,0.82,0.55));
#4396=CARTESIAN_POINT('',(-2.05,1.18,0.55));
#4397=CARTESIAN_POINT('',(-1.8,1.18,0.55));
#4398=CARTESIAN_POINT('',(-2.05,0.82,0.55));
#4399=CARTESIAN_POINT('',(-1.8,0.82,0.55));
#4400=CARTESIAN_POINT('',(-2.05,0.82,0.55));
#4401=CARTESIAN_POINT('Origin',(-1.95,-2.275,0.65));
#4402=CARTESIAN_POINT('',(-1.95,1.82,0.65));
#4403=CARTESIAN_POINT('',(-1.95,1.82,0.65));
#4404=CARTESIAN_POINT('',(-1.95,1.18,0.65));
#4405=CARTESIAN_POINT('',(-1.95,1.18,0.65));
#4406=CARTESIAN_POINT('',(-1.95,-2.275,0.65));
#4407=CARTESIAN_POINT('Origin',(-1.8,1.82,0.55));
#4408=CARTESIAN_POINT('',(-2.05,2.18,0.55));
#4409=CARTESIAN_POINT('',(-1.8,2.18,0.55));
#4410=CARTESIAN_POINT('',(-2.05,1.82,0.55));
#4411=CARTESIAN_POINT('',(-1.8,1.82,0.55));
#4412=CARTESIAN_POINT('',(-2.05,1.82,0.55));
#4413=CARTESIAN_POINT('Origin',(-1.95,-2.275,0.65));
#4414=CARTESIAN_POINT('',(-1.95,2.275,0.65));
#4415=CARTESIAN_POINT('',(-1.95,2.275,0.65));
#4416=CARTESIAN_POINT('',(-1.95,2.18,0.65));
#4417=CARTESIAN_POINT('',(-1.95,2.18,0.65));
#4418=CARTESIAN_POINT('',(-1.95,-2.275,0.65));
#4419=CARTESIAN_POINT('Origin',(-1.95,2.275,0.65));
#4420=CARTESIAN_POINT('',(-1.95,2.275,0.65));
#4421=CARTESIAN_POINT('Origin',(-1.775,2.45,0.65));
#4422=CARTESIAN_POINT('',(-2.05,2.18,0.65));
#4423=CARTESIAN_POINT('',(-2.372011112703,2.18,0.65));
#4424=CARTESIAN_POINT('',(-2.05,1.82,0.65));
#4425=CARTESIAN_POINT('',(-2.05,1.82,0.65));
#4426=CARTESIAN_POINT('',(-2.372011112703,1.82,0.65));
#4427=CARTESIAN_POINT('',(-2.05,1.18,0.65));
#4428=CARTESIAN_POINT('',(-2.372011112703,1.18,0.65));
#4429=CARTESIAN_POINT('',(-2.05,0.82,0.65));
#4430=CARTESIAN_POINT('',(-2.05,0.82,0.65));
#4431=CARTESIAN_POINT('',(-2.372011112703,0.82,0.65));
#4432=CARTESIAN_POINT('',(-2.05,0.18,0.65));
#4433=CARTESIAN_POINT('',(-2.372011112703,0.18,0.65));
#4434=CARTESIAN_POINT('',(-2.05,-0.18,0.65));
#4435=CARTESIAN_POINT('',(-2.05,-0.18,0.65));
#4436=CARTESIAN_POINT('',(-2.372011112703,-0.18,0.65));
#4437=CARTESIAN_POINT('',(-2.05,-0.82,0.65));
#4438=CARTESIAN_POINT('',(-2.372011112703,-0.82,0.65));
#4439=CARTESIAN_POINT('',(-2.05,-1.18,0.65));
#4440=CARTESIAN_POINT('',(-2.05,-1.18,0.65));
#4441=CARTESIAN_POINT('',(-2.372011112703,-1.18,0.65));
#4442=CARTESIAN_POINT('',(-2.05,-1.82,0.65));
#4443=CARTESIAN_POINT('',(-2.372011112703,-1.82,0.65));
#4444=CARTESIAN_POINT('',(-2.05,-2.18,0.65));
#4445=CARTESIAN_POINT('',(-2.05,-2.18,0.65));
#4446=CARTESIAN_POINT('',(-2.372011112703,-2.18,0.65));
#4447=CARTESIAN_POINT('',(2.05,-2.18,0.65));
#4448=CARTESIAN_POINT('',(2.372011112703,-2.18,0.65));
#4449=CARTESIAN_POINT('',(2.05,-1.82,0.65));
#4450=CARTESIAN_POINT('',(2.05,-1.82,0.65));
#4451=CARTESIAN_POINT('',(2.372011112703,-1.82,0.65));
#4452=CARTESIAN_POINT('',(2.05,-1.18,0.65));
#4453=CARTESIAN_POINT('',(2.372011112703,-1.18,0.65));
#4454=CARTESIAN_POINT('',(2.05,-0.82,0.65));
#4455=CARTESIAN_POINT('',(2.05,-0.82,0.65));
#4456=CARTESIAN_POINT('',(2.372011112703,-0.82,0.65));
#4457=CARTESIAN_POINT('',(2.05,-0.18,0.65));
#4458=CARTESIAN_POINT('',(2.372011112703,-0.18,0.65));
#4459=CARTESIAN_POINT('',(2.05,0.18,0.65));
#4460=CARTESIAN_POINT('',(2.05,0.18,0.65));
#4461=CARTESIAN_POINT('',(2.372011112703,0.18,0.65));
#4462=CARTESIAN_POINT('',(2.05,0.82,0.65));
#4463=CARTESIAN_POINT('',(2.372011112703,0.82,0.65));
#4464=CARTESIAN_POINT('',(2.05,1.18,0.65));
#4465=CARTESIAN_POINT('',(2.05,1.18,0.65));
#4466=CARTESIAN_POINT('',(2.372011112703,1.18,0.65));
#4467=CARTESIAN_POINT('',(2.05,1.82,0.65));
#4468=CARTESIAN_POINT('',(2.372011112703,1.82,0.65));
#4469=CARTESIAN_POINT('',(2.05,2.18,0.65));
#4470=CARTESIAN_POINT('',(2.05,2.18,0.65));
#4471=CARTESIAN_POINT('',(2.372011112703,2.18,0.65));
#4472=CARTESIAN_POINT('',(1.7375,2.375,0.65));
#4473=CARTESIAN_POINT('',(-1.7375,2.375,0.65));
#4474=CARTESIAN_POINT('',(0.,2.375,0.65));
#4475=CARTESIAN_POINT('',(1.875,2.2375,0.65));
#4476=CARTESIAN_POINT('',(1.80625,2.30625,0.65));
#4477=CARTESIAN_POINT('',(1.875,-2.2375,0.65));
#4478=CARTESIAN_POINT('',(1.875,0.,0.65));
#4479=CARTESIAN_POINT('',(1.7375,-2.375,0.65));
#4480=CARTESIAN_POINT('',(1.80625,-2.30625,0.65));
#4481=CARTESIAN_POINT('',(-1.7375,-2.375,0.65));
#4482=CARTESIAN_POINT('',(0.,-2.375,0.65));
#4483=CARTESIAN_POINT('',(-1.875,-2.2375,0.65));
#4484=CARTESIAN_POINT('',(-1.80625,-2.30625,0.65));
#4485=CARTESIAN_POINT('',(-1.875,2.2375,0.65));
#4486=CARTESIAN_POINT('',(-1.875,0.,0.65));
#4487=CARTESIAN_POINT('',(-1.80625,2.30625,0.65));
#4488=CARTESIAN_POINT('Origin',(2.372011112703,2.18,0.254921398528));
#4489=CARTESIAN_POINT('',(2.25,2.18,0.45));
#4490=CARTESIAN_POINT('Origin',(2.05,2.18,0.45));
#4491=CARTESIAN_POINT('',(2.25,2.18,0.2));
#4492=CARTESIAN_POINT('',(2.25,2.18,0.254921398528));
#4493=CARTESIAN_POINT('',(2.35,2.18,0.1));
#4494=CARTESIAN_POINT('Origin',(2.35,2.18,0.2));
#4495=CARTESIAN_POINT('',(3.05,2.18,0.1));
#4496=CARTESIAN_POINT('',(2.372011112703,2.18,0.1));
#4497=CARTESIAN_POINT('',(3.05,2.18,-5.46437894932701E-17));
#4498=CARTESIAN_POINT('',(3.05,2.18,0.254921398528));
#4499=CARTESIAN_POINT('',(2.35,2.18,-5.45353692760214E-17));
#4500=CARTESIAN_POINT('',(2.372011112703,2.18,-5.42101086242752E-17));
#4501=CARTESIAN_POINT('',(2.15,2.18,0.2));
#4502=CARTESIAN_POINT('Origin',(2.35,2.18,0.2));
#4503=CARTESIAN_POINT('',(2.15,2.18,0.45));
#4504=CARTESIAN_POINT('',(2.15,2.18,0.254921398528));
#4505=CARTESIAN_POINT('Origin',(2.05,2.18,0.45));
#4506=CARTESIAN_POINT('Origin',(2.05,2.18,0.45));
#4507=CARTESIAN_POINT('',(2.15,1.82,0.45));
#4508=CARTESIAN_POINT('',(2.15,2.18,0.45));
#4509=CARTESIAN_POINT('Origin',(2.05,1.82,0.45));
#4510=CARTESIAN_POINT('Origin',(2.372011112703,1.82,0.254921398528));
#4511=CARTESIAN_POINT('',(2.25,1.82,0.45));
#4512=CARTESIAN_POINT('Origin',(2.05,1.82,0.45));
#4513=CARTESIAN_POINT('',(2.15,1.82,0.2));
#4514=CARTESIAN_POINT('',(2.15,1.82,0.254921398528));
#4515=CARTESIAN_POINT('',(2.35,1.82,-5.45353692760214E-17));
#4516=CARTESIAN_POINT('Origin',(2.35,1.82,0.2));
#4517=CARTESIAN_POINT('',(3.05,1.82,-5.464378949327E-17));
#4518=CARTESIAN_POINT('',(2.372011112703,1.82,-5.42101086242752E-17));
#4519=CARTESIAN_POINT('',(3.05,1.82,0.1));
#4520=CARTESIAN_POINT('',(3.05,1.82,0.254921398528));
#4521=CARTESIAN_POINT('',(2.35,1.82,0.1));
#4522=CARTESIAN_POINT('',(2.372011112703,1.82,0.1));
#4523=CARTESIAN_POINT('',(2.25,1.82,0.2));
#4524=CARTESIAN_POINT('Origin',(2.35,1.82,0.2));
#4525=CARTESIAN_POINT('',(2.25,1.82,0.254921398528));
#4526=CARTESIAN_POINT('Origin',(2.372011112703,1.18,0.254921398528));
#4527=CARTESIAN_POINT('',(2.25,1.18,0.45));
#4528=CARTESIAN_POINT('Origin',(2.05,1.18,0.45));
#4529=CARTESIAN_POINT('',(2.25,1.18,0.2));
#4530=CARTESIAN_POINT('',(2.25,1.18,0.254921398528));
#4531=CARTESIAN_POINT('',(2.35,1.18,0.1));
#4532=CARTESIAN_POINT('Origin',(2.35,1.18,0.2));
#4533=CARTESIAN_POINT('',(3.05,1.18,0.1));
#4534=CARTESIAN_POINT('',(2.372011112703,1.18,0.1));
#4535=CARTESIAN_POINT('',(3.05,1.18,-5.46437894932701E-17));
#4536=CARTESIAN_POINT('',(3.05,1.18,0.254921398528));
#4537=CARTESIAN_POINT('',(2.35,1.18,-5.45353692760214E-17));
#4538=CARTESIAN_POINT('',(2.372011112703,1.18,-5.42101086242752E-17));
#4539=CARTESIAN_POINT('',(2.15,1.18,0.2));
#4540=CARTESIAN_POINT('Origin',(2.35,1.18,0.2));
#4541=CARTESIAN_POINT('',(2.15,1.18,0.45));
#4542=CARTESIAN_POINT('',(2.15,1.18,0.254921398528));
#4543=CARTESIAN_POINT('Origin',(2.05,1.18,0.45));
#4544=CARTESIAN_POINT('Origin',(2.05,1.18,0.45));
#4545=CARTESIAN_POINT('',(2.15,0.82,0.45));
#4546=CARTESIAN_POINT('',(2.15,1.18,0.45));
#4547=CARTESIAN_POINT('Origin',(2.05,0.82,0.45));
#4548=CARTESIAN_POINT('Origin',(2.372011112703,0.82,0.254921398528));
#4549=CARTESIAN_POINT('',(2.25,0.82,0.45));
#4550=CARTESIAN_POINT('Origin',(2.05,0.82,0.45));
#4551=CARTESIAN_POINT('',(2.15,0.82,0.2));
#4552=CARTESIAN_POINT('',(2.15,0.82,0.254921398528));
#4553=CARTESIAN_POINT('',(2.35,0.82,-5.45353692760214E-17));
#4554=CARTESIAN_POINT('Origin',(2.35,0.82,0.2));
#4555=CARTESIAN_POINT('',(3.05,0.82,-5.464378949327E-17));
#4556=CARTESIAN_POINT('',(2.372011112703,0.82,-5.42101086242752E-17));
#4557=CARTESIAN_POINT('',(3.05,0.82,0.1));
#4558=CARTESIAN_POINT('',(3.05,0.82,0.254921398528));
#4559=CARTESIAN_POINT('',(2.35,0.82,0.1));
#4560=CARTESIAN_POINT('',(2.372011112703,0.82,0.1));
#4561=CARTESIAN_POINT('',(2.25,0.82,0.2));
#4562=CARTESIAN_POINT('Origin',(2.35,0.82,0.2));
#4563=CARTESIAN_POINT('',(2.25,0.82,0.254921398528));
#4564=CARTESIAN_POINT('Origin',(2.372011112703,0.18,0.254921398528));
#4565=CARTESIAN_POINT('',(2.25,0.18,0.45));
#4566=CARTESIAN_POINT('Origin',(2.05,0.18,0.45));
#4567=CARTESIAN_POINT('',(2.25,0.18,0.2));
#4568=CARTESIAN_POINT('',(2.25,0.18,0.254921398528));
#4569=CARTESIAN_POINT('',(2.35,0.18,0.1));
#4570=CARTESIAN_POINT('Origin',(2.35,0.18,0.2));
#4571=CARTESIAN_POINT('',(3.05,0.18,0.1));
#4572=CARTESIAN_POINT('',(2.372011112703,0.18,0.1));
#4573=CARTESIAN_POINT('',(3.05,0.18,-5.46437894932701E-17));
#4574=CARTESIAN_POINT('',(3.05,0.18,0.254921398528));
#4575=CARTESIAN_POINT('',(2.35,0.18,-5.45353692760214E-17));
#4576=CARTESIAN_POINT('',(2.372011112703,0.18,-5.42101086242752E-17));
#4577=CARTESIAN_POINT('',(2.15,0.18,0.2));
#4578=CARTESIAN_POINT('Origin',(2.35,0.18,0.2));
#4579=CARTESIAN_POINT('',(2.15,0.18,0.45));
#4580=CARTESIAN_POINT('',(2.15,0.18,0.254921398528));
#4581=CARTESIAN_POINT('Origin',(2.05,0.18,0.45));
#4582=CARTESIAN_POINT('Origin',(2.05,0.18,0.45));
#4583=CARTESIAN_POINT('',(2.15,-0.18,0.45));
#4584=CARTESIAN_POINT('',(2.15,0.18,0.45));
#4585=CARTESIAN_POINT('Origin',(2.05,-0.18,0.45));
#4586=CARTESIAN_POINT('Origin',(2.372011112703,-0.18,0.254921398528));
#4587=CARTESIAN_POINT('',(2.25,-0.18,0.45));
#4588=CARTESIAN_POINT('Origin',(2.05,-0.18,0.45));
#4589=CARTESIAN_POINT('',(2.15,-0.18,0.2));
#4590=CARTESIAN_POINT('',(2.15,-0.18,0.254921398528));
#4591=CARTESIAN_POINT('',(2.35,-0.18,-5.45353692760214E-17));
#4592=CARTESIAN_POINT('Origin',(2.35,-0.18,0.2));
#4593=CARTESIAN_POINT('',(3.05,-0.18,-5.464378949327E-17));
#4594=CARTESIAN_POINT('',(2.372011112703,-0.18,-5.42101086242752E-17));
#4595=CARTESIAN_POINT('',(3.05,-0.18,0.1));
#4596=CARTESIAN_POINT('',(3.05,-0.18,0.254921398528));
#4597=CARTESIAN_POINT('',(2.35,-0.18,0.1));
#4598=CARTESIAN_POINT('',(2.372011112703,-0.18,0.1));
#4599=CARTESIAN_POINT('',(2.25,-0.18,0.2));
#4600=CARTESIAN_POINT('Origin',(2.35,-0.18,0.2));
#4601=CARTESIAN_POINT('',(2.25,-0.18,0.254921398528));
#4602=CARTESIAN_POINT('Origin',(2.372011112703,-0.82,0.254921398528));
#4603=CARTESIAN_POINT('',(2.25,-0.82,0.45));
#4604=CARTESIAN_POINT('Origin',(2.05,-0.82,0.45));
#4605=CARTESIAN_POINT('',(2.25,-0.82,0.2));
#4606=CARTESIAN_POINT('',(2.25,-0.82,0.254921398528));
#4607=CARTESIAN_POINT('',(2.35,-0.82,0.1));
#4608=CARTESIAN_POINT('Origin',(2.35,-0.82,0.2));
#4609=CARTESIAN_POINT('',(3.05,-0.82,0.1));
#4610=CARTESIAN_POINT('',(2.372011112703,-0.82,0.1));
#4611=CARTESIAN_POINT('',(3.05,-0.82,-5.46437894932701E-17));
#4612=CARTESIAN_POINT('',(3.05,-0.82,0.254921398528));
#4613=CARTESIAN_POINT('',(2.35,-0.82,-5.45353692760214E-17));
#4614=CARTESIAN_POINT('',(2.372011112703,-0.82,-5.42101086242752E-17));
#4615=CARTESIAN_POINT('',(2.15,-0.82,0.2));
#4616=CARTESIAN_POINT('Origin',(2.35,-0.82,0.2));
#4617=CARTESIAN_POINT('',(2.15,-0.82,0.45));
#4618=CARTESIAN_POINT('',(2.15,-0.82,0.254921398528));
#4619=CARTESIAN_POINT('Origin',(2.05,-0.82,0.45));
#4620=CARTESIAN_POINT('Origin',(2.05,-0.82,0.45));
#4621=CARTESIAN_POINT('',(2.15,-1.18,0.45));
#4622=CARTESIAN_POINT('',(2.15,-0.82,0.45));
#4623=CARTESIAN_POINT('Origin',(2.05,-1.18,0.45));
#4624=CARTESIAN_POINT('Origin',(2.372011112703,-1.18,0.254921398528));
#4625=CARTESIAN_POINT('',(2.25,-1.18,0.45));
#4626=CARTESIAN_POINT('Origin',(2.05,-1.18,0.45));
#4627=CARTESIAN_POINT('',(2.15,-1.18,0.2));
#4628=CARTESIAN_POINT('',(2.15,-1.18,0.254921398528));
#4629=CARTESIAN_POINT('',(2.35,-1.18,-5.45353692760214E-17));
#4630=CARTESIAN_POINT('Origin',(2.35,-1.18,0.2));
#4631=CARTESIAN_POINT('',(3.05,-1.18,-5.464378949327E-17));
#4632=CARTESIAN_POINT('',(2.372011112703,-1.18,-5.42101086242752E-17));
#4633=CARTESIAN_POINT('',(3.05,-1.18,0.1));
#4634=CARTESIAN_POINT('',(3.05,-1.18,0.254921398528));
#4635=CARTESIAN_POINT('',(2.35,-1.18,0.1));
#4636=CARTESIAN_POINT('',(2.372011112703,-1.18,0.1));
#4637=CARTESIAN_POINT('',(2.25,-1.18,0.2));
#4638=CARTESIAN_POINT('Origin',(2.35,-1.18,0.2));
#4639=CARTESIAN_POINT('',(2.25,-1.18,0.254921398528));
#4640=CARTESIAN_POINT('Origin',(2.372011112703,-1.82,0.254921398528));
#4641=CARTESIAN_POINT('',(2.25,-1.82,0.45));
#4642=CARTESIAN_POINT('Origin',(2.05,-1.82,0.45));
#4643=CARTESIAN_POINT('',(2.25,-1.82,0.2));
#4644=CARTESIAN_POINT('',(2.25,-1.82,0.254921398528));
#4645=CARTESIAN_POINT('',(2.35,-1.82,0.1));
#4646=CARTESIAN_POINT('Origin',(2.35,-1.82,0.2));
#4647=CARTESIAN_POINT('',(3.05,-1.82,0.1));
#4648=CARTESIAN_POINT('',(2.372011112703,-1.82,0.1));
#4649=CARTESIAN_POINT('',(3.05,-1.82,-5.46437894932701E-17));
#4650=CARTESIAN_POINT('',(3.05,-1.82,0.254921398528));
#4651=CARTESIAN_POINT('',(2.35,-1.82,-5.45353692760214E-17));
#4652=CARTESIAN_POINT('',(2.372011112703,-1.82,-5.42101086242752E-17));
#4653=CARTESIAN_POINT('',(2.15,-1.82,0.2));
#4654=CARTESIAN_POINT('Origin',(2.35,-1.82,0.2));
#4655=CARTESIAN_POINT('',(2.15,-1.82,0.45));
#4656=CARTESIAN_POINT('',(2.15,-1.82,0.254921398528));
#4657=CARTESIAN_POINT('Origin',(2.05,-1.82,0.45));
#4658=CARTESIAN_POINT('Origin',(2.05,-1.82,0.45));
#4659=CARTESIAN_POINT('',(2.15,-2.18,0.45));
#4660=CARTESIAN_POINT('',(2.15,-1.82,0.45));
#4661=CARTESIAN_POINT('Origin',(2.05,-2.18,0.45));
#4662=CARTESIAN_POINT('Origin',(2.372011112703,-2.18,0.254921398528));
#4663=CARTESIAN_POINT('',(2.25,-2.18,0.45));
#4664=CARTESIAN_POINT('Origin',(2.05,-2.18,0.45));
#4665=CARTESIAN_POINT('',(2.15,-2.18,0.2));
#4666=CARTESIAN_POINT('',(2.15,-2.18,0.254921398528));
#4667=CARTESIAN_POINT('',(2.35,-2.18,-5.45353692760214E-17));
#4668=CARTESIAN_POINT('Origin',(2.35,-2.18,0.2));
#4669=CARTESIAN_POINT('',(3.05,-2.18,-5.464378949327E-17));
#4670=CARTESIAN_POINT('',(2.372011112703,-2.18,-5.42101086242752E-17));
#4671=CARTESIAN_POINT('',(3.05,-2.18,0.1));
#4672=CARTESIAN_POINT('',(3.05,-2.18,0.254921398528));
#4673=CARTESIAN_POINT('',(2.35,-2.18,0.1));
#4674=CARTESIAN_POINT('',(2.372011112703,-2.18,0.1));
#4675=CARTESIAN_POINT('',(2.25,-2.18,0.2));
#4676=CARTESIAN_POINT('Origin',(2.35,-2.18,0.2));
#4677=CARTESIAN_POINT('',(2.25,-2.18,0.254921398528));
#4678=CARTESIAN_POINT('Origin',(-2.372011112703,-2.18,0.254921398528));
#4679=CARTESIAN_POINT('',(-2.25,-2.18,0.45));
#4680=CARTESIAN_POINT('Origin',(-2.05,-2.18,0.45));
#4681=CARTESIAN_POINT('',(-2.25,-2.18,0.2));
#4682=CARTESIAN_POINT('',(-2.25,-2.18,0.254921398528));
#4683=CARTESIAN_POINT('',(-2.35,-2.18,0.1));
#4684=CARTESIAN_POINT('Origin',(-2.35,-2.18,0.2));
#4685=CARTESIAN_POINT('',(-3.05,-2.18,0.1));
#4686=CARTESIAN_POINT('',(-2.372011112703,-2.18,0.1));
#4687=CARTESIAN_POINT('',(-3.05,-2.18,-5.46437894932701E-17));
#4688=CARTESIAN_POINT('',(-3.05,-2.18,0.254921398528));
#4689=CARTESIAN_POINT('',(-2.35,-2.18,-5.45353692760214E-17));
#4690=CARTESIAN_POINT('',(-2.372011112703,-2.18,-5.42101086242752E-17));
#4691=CARTESIAN_POINT('',(-2.15,-2.18,0.2));
#4692=CARTESIAN_POINT('Origin',(-2.35,-2.18,0.2));
#4693=CARTESIAN_POINT('',(-2.15,-2.18,0.45));
#4694=CARTESIAN_POINT('',(-2.15,-2.18,0.254921398528));
#4695=CARTESIAN_POINT('Origin',(-2.05,-2.18,0.45));
#4696=CARTESIAN_POINT('Origin',(-2.05,-2.18,0.45));
#4697=CARTESIAN_POINT('',(-2.15,-1.82,0.45));
#4698=CARTESIAN_POINT('',(-2.15,-2.18,0.45));
#4699=CARTESIAN_POINT('Origin',(-2.05,-1.82,0.45));
#4700=CARTESIAN_POINT('Origin',(-2.372011112703,-1.82,0.254921398528));
#4701=CARTESIAN_POINT('',(-2.25,-1.82,0.45));
#4702=CARTESIAN_POINT('Origin',(-2.05,-1.82,0.45));
#4703=CARTESIAN_POINT('',(-2.15,-1.82,0.2));
#4704=CARTESIAN_POINT('',(-2.15,-1.82,0.254921398528));
#4705=CARTESIAN_POINT('',(-2.35,-1.82,-5.45353692760214E-17));
#4706=CARTESIAN_POINT('Origin',(-2.35,-1.82,0.2));
#4707=CARTESIAN_POINT('',(-3.05,-1.82,-5.464378949327E-17));
#4708=CARTESIAN_POINT('',(-2.372011112703,-1.82,-5.42101086242752E-17));
#4709=CARTESIAN_POINT('',(-3.05,-1.82,0.1));
#4710=CARTESIAN_POINT('',(-3.05,-1.82,0.254921398528));
#4711=CARTESIAN_POINT('',(-2.35,-1.82,0.1));
#4712=CARTESIAN_POINT('',(-2.372011112703,-1.82,0.1));
#4713=CARTESIAN_POINT('',(-2.25,-1.82,0.2));
#4714=CARTESIAN_POINT('Origin',(-2.35,-1.82,0.2));
#4715=CARTESIAN_POINT('',(-2.25,-1.82,0.254921398528));
#4716=CARTESIAN_POINT('Origin',(-2.372011112703,-1.18,0.254921398528));
#4717=CARTESIAN_POINT('',(-2.25,-1.18,0.45));
#4718=CARTESIAN_POINT('Origin',(-2.05,-1.18,0.45));
#4719=CARTESIAN_POINT('',(-2.25,-1.18,0.2));
#4720=CARTESIAN_POINT('',(-2.25,-1.18,0.254921398528));
#4721=CARTESIAN_POINT('',(-2.35,-1.18,0.1));
#4722=CARTESIAN_POINT('Origin',(-2.35,-1.18,0.2));
#4723=CARTESIAN_POINT('',(-3.05,-1.18,0.1));
#4724=CARTESIAN_POINT('',(-2.372011112703,-1.18,0.1));
#4725=CARTESIAN_POINT('',(-3.05,-1.18,-5.46437894932701E-17));
#4726=CARTESIAN_POINT('',(-3.05,-1.18,0.254921398528));
#4727=CARTESIAN_POINT('',(-2.35,-1.18,-5.45353692760214E-17));
#4728=CARTESIAN_POINT('',(-2.372011112703,-1.18,-5.42101086242752E-17));
#4729=CARTESIAN_POINT('',(-2.15,-1.18,0.2));
#4730=CARTESIAN_POINT('Origin',(-2.35,-1.18,0.2));
#4731=CARTESIAN_POINT('',(-2.15,-1.18,0.45));
#4732=CARTESIAN_POINT('',(-2.15,-1.18,0.254921398528));
#4733=CARTESIAN_POINT('Origin',(-2.05,-1.18,0.45));
#4734=CARTESIAN_POINT('Origin',(-2.05,-1.18,0.45));
#4735=CARTESIAN_POINT('',(-2.15,-0.82,0.45));
#4736=CARTESIAN_POINT('',(-2.15,-1.18,0.45));
#4737=CARTESIAN_POINT('Origin',(-2.05,-0.82,0.45));
#4738=CARTESIAN_POINT('Origin',(-2.372011112703,-0.82,0.254921398528));
#4739=CARTESIAN_POINT('',(-2.25,-0.82,0.45));
#4740=CARTESIAN_POINT('Origin',(-2.05,-0.82,0.45));
#4741=CARTESIAN_POINT('',(-2.15,-0.82,0.2));
#4742=CARTESIAN_POINT('',(-2.15,-0.82,0.254921398528));
#4743=CARTESIAN_POINT('',(-2.35,-0.82,-5.45353692760214E-17));
#4744=CARTESIAN_POINT('Origin',(-2.35,-0.82,0.2));
#4745=CARTESIAN_POINT('',(-3.05,-0.82,-5.464378949327E-17));
#4746=CARTESIAN_POINT('',(-2.372011112703,-0.82,-5.42101086242752E-17));
#4747=CARTESIAN_POINT('',(-3.05,-0.82,0.1));
#4748=CARTESIAN_POINT('',(-3.05,-0.82,0.254921398528));
#4749=CARTESIAN_POINT('',(-2.35,-0.82,0.1));
#4750=CARTESIAN_POINT('',(-2.372011112703,-0.82,0.1));
#4751=CARTESIAN_POINT('',(-2.25,-0.82,0.2));
#4752=CARTESIAN_POINT('Origin',(-2.35,-0.82,0.2));
#4753=CARTESIAN_POINT('',(-2.25,-0.82,0.254921398528));
#4754=CARTESIAN_POINT('Origin',(-2.372011112703,-0.18,0.254921398528));
#4755=CARTESIAN_POINT('',(-2.25,-0.18,0.45));
#4756=CARTESIAN_POINT('Origin',(-2.05,-0.18,0.45));
#4757=CARTESIAN_POINT('',(-2.25,-0.18,0.2));
#4758=CARTESIAN_POINT('',(-2.25,-0.18,0.254921398528));
#4759=CARTESIAN_POINT('',(-2.35,-0.18,0.1));
#4760=CARTESIAN_POINT('Origin',(-2.35,-0.18,0.2));
#4761=CARTESIAN_POINT('',(-3.05,-0.18,0.1));
#4762=CARTESIAN_POINT('',(-2.372011112703,-0.18,0.1));
#4763=CARTESIAN_POINT('',(-3.05,-0.18,-5.46437894932701E-17));
#4764=CARTESIAN_POINT('',(-3.05,-0.18,0.254921398528));
#4765=CARTESIAN_POINT('',(-2.35,-0.18,-5.45353692760214E-17));
#4766=CARTESIAN_POINT('',(-2.372011112703,-0.18,-5.42101086242752E-17));
#4767=CARTESIAN_POINT('',(-2.15,-0.18,0.2));
#4768=CARTESIAN_POINT('Origin',(-2.35,-0.18,0.2));
#4769=CARTESIAN_POINT('',(-2.15,-0.18,0.45));
#4770=CARTESIAN_POINT('',(-2.15,-0.18,0.254921398528));
#4771=CARTESIAN_POINT('Origin',(-2.05,-0.18,0.45));
#4772=CARTESIAN_POINT('Origin',(-2.05,-0.18,0.45));
#4773=CARTESIAN_POINT('',(-2.15,0.18,0.45));
#4774=CARTESIAN_POINT('',(-2.15,-0.18,0.45));
#4775=CARTESIAN_POINT('Origin',(-2.05,0.18,0.45));
#4776=CARTESIAN_POINT('Origin',(-2.372011112703,0.18,0.254921398528));
#4777=CARTESIAN_POINT('',(-2.25,0.18,0.45));
#4778=CARTESIAN_POINT('Origin',(-2.05,0.18,0.45));
#4779=CARTESIAN_POINT('',(-2.15,0.18,0.2));
#4780=CARTESIAN_POINT('',(-2.15,0.18,0.254921398528));
#4781=CARTESIAN_POINT('',(-2.35,0.18,-5.45353692760214E-17));
#4782=CARTESIAN_POINT('Origin',(-2.35,0.18,0.2));
#4783=CARTESIAN_POINT('',(-3.05,0.18,-5.464378949327E-17));
#4784=CARTESIAN_POINT('',(-2.372011112703,0.18,-5.42101086242752E-17));
#4785=CARTESIAN_POINT('',(-3.05,0.18,0.1));
#4786=CARTESIAN_POINT('',(-3.05,0.18,0.254921398528));
#4787=CARTESIAN_POINT('',(-2.35,0.18,0.1));
#4788=CARTESIAN_POINT('',(-2.372011112703,0.18,0.1));
#4789=CARTESIAN_POINT('',(-2.25,0.18,0.2));
#4790=CARTESIAN_POINT('Origin',(-2.35,0.18,0.2));
#4791=CARTESIAN_POINT('',(-2.25,0.18,0.254921398528));
#4792=CARTESIAN_POINT('Origin',(-2.372011112703,0.82,0.254921398528));
#4793=CARTESIAN_POINT('',(-2.25,0.82,0.45));
#4794=CARTESIAN_POINT('Origin',(-2.05,0.82,0.45));
#4795=CARTESIAN_POINT('',(-2.25,0.82,0.2));
#4796=CARTESIAN_POINT('',(-2.25,0.82,0.254921398528));
#4797=CARTESIAN_POINT('',(-2.35,0.82,0.1));
#4798=CARTESIAN_POINT('Origin',(-2.35,0.82,0.2));
#4799=CARTESIAN_POINT('',(-3.05,0.82,0.1));
#4800=CARTESIAN_POINT('',(-2.372011112703,0.82,0.1));
#4801=CARTESIAN_POINT('',(-3.05,0.82,-5.46437894932701E-17));
#4802=CARTESIAN_POINT('',(-3.05,0.82,0.254921398528));
#4803=CARTESIAN_POINT('',(-2.35,0.82,-5.45353692760214E-17));
#4804=CARTESIAN_POINT('',(-2.372011112703,0.82,-5.42101086242752E-17));
#4805=CARTESIAN_POINT('',(-2.15,0.82,0.2));
#4806=CARTESIAN_POINT('Origin',(-2.35,0.82,0.2));
#4807=CARTESIAN_POINT('',(-2.15,0.82,0.45));
#4808=CARTESIAN_POINT('',(-2.15,0.82,0.254921398528));
#4809=CARTESIAN_POINT('Origin',(-2.05,0.82,0.45));
#4810=CARTESIAN_POINT('Origin',(-2.05,0.82,0.45));
#4811=CARTESIAN_POINT('',(-2.15,1.18,0.45));
#4812=CARTESIAN_POINT('',(-2.15,0.82,0.45));
#4813=CARTESIAN_POINT('Origin',(-2.05,1.18,0.45));
#4814=CARTESIAN_POINT('Origin',(-2.372011112703,1.18,0.254921398528));
#4815=CARTESIAN_POINT('',(-2.25,1.18,0.45));
#4816=CARTESIAN_POINT('Origin',(-2.05,1.18,0.45));
#4817=CARTESIAN_POINT('',(-2.15,1.18,0.2));
#4818=CARTESIAN_POINT('',(-2.15,1.18,0.254921398528));
#4819=CARTESIAN_POINT('',(-2.35,1.18,-5.45353692760214E-17));
#4820=CARTESIAN_POINT('Origin',(-2.35,1.18,0.2));
#4821=CARTESIAN_POINT('',(-3.05,1.18,-5.464378949327E-17));
#4822=CARTESIAN_POINT('',(-2.372011112703,1.18,-5.42101086242752E-17));
#4823=CARTESIAN_POINT('',(-3.05,1.18,0.1));
#4824=CARTESIAN_POINT('',(-3.05,1.18,0.254921398528));
#4825=CARTESIAN_POINT('',(-2.35,1.18,0.1));
#4826=CARTESIAN_POINT('',(-2.372011112703,1.18,0.1));
#4827=CARTESIAN_POINT('',(-2.25,1.18,0.2));
#4828=CARTESIAN_POINT('Origin',(-2.35,1.18,0.2));
#4829=CARTESIAN_POINT('',(-2.25,1.18,0.254921398528));
#4830=CARTESIAN_POINT('Origin',(-2.372011112703,1.82,0.254921398528));
#4831=CARTESIAN_POINT('',(-2.25,1.82,0.45));
#4832=CARTESIAN_POINT('Origin',(-2.05,1.82,0.45));
#4833=CARTESIAN_POINT('',(-2.25,1.82,0.2));
#4834=CARTESIAN_POINT('',(-2.25,1.82,0.254921398528));
#4835=CARTESIAN_POINT('',(-2.35,1.82,0.1));
#4836=CARTESIAN_POINT('Origin',(-2.35,1.82,0.2));
#4837=CARTESIAN_POINT('',(-3.05,1.82,0.1));
#4838=CARTESIAN_POINT('',(-2.372011112703,1.82,0.1));
#4839=CARTESIAN_POINT('',(-3.05,1.82,-5.46437894932701E-17));
#4840=CARTESIAN_POINT('',(-3.05,1.82,0.254921398528));
#4841=CARTESIAN_POINT('',(-2.35,1.82,-5.45353692760214E-17));
#4842=CARTESIAN_POINT('',(-2.372011112703,1.82,-5.42101086242752E-17));
#4843=CARTESIAN_POINT('',(-2.15,1.82,0.2));
#4844=CARTESIAN_POINT('Origin',(-2.35,1.82,0.2));
#4845=CARTESIAN_POINT('',(-2.15,1.82,0.45));
#4846=CARTESIAN_POINT('',(-2.15,1.82,0.254921398528));
#4847=CARTESIAN_POINT('Origin',(-2.05,1.82,0.45));
#4848=CARTESIAN_POINT('Origin',(-2.05,1.82,0.45));
#4849=CARTESIAN_POINT('',(-2.15,2.18,0.45));
#4850=CARTESIAN_POINT('',(-2.15,1.82,0.45));
#4851=CARTESIAN_POINT('Origin',(-2.05,2.18,0.45));
#4852=CARTESIAN_POINT('Origin',(-2.372011112703,2.18,0.254921398528));
#4853=CARTESIAN_POINT('',(-2.25,2.18,0.45));
#4854=CARTESIAN_POINT('Origin',(-2.05,2.18,0.45));
#4855=CARTESIAN_POINT('',(-2.15,2.18,0.2));
#4856=CARTESIAN_POINT('',(-2.15,2.18,0.254921398528));
#4857=CARTESIAN_POINT('',(-2.35,2.18,-5.45353692760214E-17));
#4858=CARTESIAN_POINT('Origin',(-2.35,2.18,0.2));
#4859=CARTESIAN_POINT('',(-3.05,2.18,-5.464378949327E-17));
#4860=CARTESIAN_POINT('',(-2.372011112703,2.18,-5.42101086242752E-17));
#4861=CARTESIAN_POINT('',(-3.05,2.18,0.1));
#4862=CARTESIAN_POINT('',(-3.05,2.18,0.254921398528));
#4863=CARTESIAN_POINT('',(-2.35,2.18,0.1));
#4864=CARTESIAN_POINT('',(-2.372011112703,2.18,0.1));
#4865=CARTESIAN_POINT('',(-2.25,2.18,0.2));
#4866=CARTESIAN_POINT('Origin',(-2.35,2.18,0.2));
#4867=CARTESIAN_POINT('',(-2.25,2.18,0.254921398528));
#4868=CARTESIAN_POINT('Origin',(-1.7375,2.375,0.65));
#4869=CARTESIAN_POINT('',(1.701863500927,2.303727001854,1.1));
#4870=CARTESIAN_POINT('',(-1.701863500927,2.303727001854,1.1));
#4871=CARTESIAN_POINT('',(0.,2.303727001854,1.1));
#4872=CARTESIAN_POINT('',(1.7196817504635,2.339363500927,0.875));
#4873=CARTESIAN_POINT('',(-1.7196817504635,2.339363500927,0.875));
#4874=CARTESIAN_POINT('Origin',(1.7375,2.375,0.65));
#4875=CARTESIAN_POINT('',(1.803727001854,2.201863500927,1.1));
#4876=CARTESIAN_POINT('',(1.7527952513905,2.2527952513905,1.1));
#4877=CARTESIAN_POINT('',(1.839363500927,2.2196817504635,0.875));
#4878=CARTESIAN_POINT('Origin',(2.05,2.18,0.45));
#4879=CARTESIAN_POINT('',(2.25,2.18,0.45));
#4880=CARTESIAN_POINT('Origin',(2.25,2.18,0.2));
#4881=CARTESIAN_POINT('',(2.25,2.18,0.2));
#4882=CARTESIAN_POINT('Origin',(2.35,2.18,0.2));
#4883=CARTESIAN_POINT('',(2.35,2.18,0.1));
#4884=CARTESIAN_POINT('Origin',(3.05,2.18,0.1));
#4885=CARTESIAN_POINT('',(3.05,2.18,0.1));
#4886=CARTESIAN_POINT('Origin',(3.05,2.18,-5.551115123126E-17));
#4887=CARTESIAN_POINT('',(3.05,2.18,-5.551115123126E-17));
#4888=CARTESIAN_POINT('Origin',(2.35,2.18,-5.551115123126E-17));
#4889=CARTESIAN_POINT('',(2.35,2.18,-5.551115123126E-17));
#4890=CARTESIAN_POINT('Origin',(2.35,2.18,0.2));
#4891=CARTESIAN_POINT('',(2.15,2.18,0.2));
#4892=CARTESIAN_POINT('Origin',(2.15,2.18,0.45));
#4893=CARTESIAN_POINT('Origin',(2.05,1.18,0.45));
#4894=CARTESIAN_POINT('',(2.25,1.18,0.45));
#4895=CARTESIAN_POINT('Origin',(2.25,1.18,0.2));
#4896=CARTESIAN_POINT('',(2.25,1.18,0.2));
#4897=CARTESIAN_POINT('Origin',(2.35,1.18,0.2));
#4898=CARTESIAN_POINT('',(2.35,1.18,0.1));
#4899=CARTESIAN_POINT('Origin',(3.05,1.18,0.1));
#4900=CARTESIAN_POINT('',(3.05,1.18,0.1));
#4901=CARTESIAN_POINT('Origin',(3.05,1.18,-5.551115123126E-17));
#4902=CARTESIAN_POINT('',(3.05,1.18,-5.551115123126E-17));
#4903=CARTESIAN_POINT('Origin',(2.35,1.18,-5.551115123126E-17));
#4904=CARTESIAN_POINT('',(2.35,1.18,-5.551115123126E-17));
#4905=CARTESIAN_POINT('Origin',(2.35,1.18,0.2));
#4906=CARTESIAN_POINT('',(2.15,1.18,0.2));
#4907=CARTESIAN_POINT('Origin',(2.15,1.18,0.45));
#4908=CARTESIAN_POINT('Origin',(2.05,0.18,0.45));
#4909=CARTESIAN_POINT('',(2.25,0.18,0.45));
#4910=CARTESIAN_POINT('Origin',(2.25,0.18,0.2));
#4911=CARTESIAN_POINT('',(2.25,0.18,0.2));
#4912=CARTESIAN_POINT('Origin',(2.35,0.18,0.2));
#4913=CARTESIAN_POINT('',(2.35,0.18,0.1));
#4914=CARTESIAN_POINT('Origin',(3.05,0.18,0.1));
#4915=CARTESIAN_POINT('',(3.05,0.18,0.1));
#4916=CARTESIAN_POINT('Origin',(3.05,0.18,-5.551115123126E-17));
#4917=CARTESIAN_POINT('',(3.05,0.18,-5.551115123126E-17));
#4918=CARTESIAN_POINT('Origin',(2.35,0.18,-5.551115123126E-17));
#4919=CARTESIAN_POINT('',(2.35,0.18,-5.551115123126E-17));
#4920=CARTESIAN_POINT('Origin',(2.35,0.18,0.2));
#4921=CARTESIAN_POINT('',(2.15,0.18,0.2));
#4922=CARTESIAN_POINT('Origin',(2.15,0.18,0.45));
#4923=CARTESIAN_POINT('Origin',(2.05,-0.82,0.45));
#4924=CARTESIAN_POINT('',(2.25,-0.82,0.45));
#4925=CARTESIAN_POINT('Origin',(2.25,-0.82,0.2));
#4926=CARTESIAN_POINT('',(2.25,-0.82,0.2));
#4927=CARTESIAN_POINT('Origin',(2.35,-0.82,0.2));
#4928=CARTESIAN_POINT('',(2.35,-0.82,0.1));
#4929=CARTESIAN_POINT('Origin',(3.05,-0.82,0.1));
#4930=CARTESIAN_POINT('',(3.05,-0.82,0.1));
#4931=CARTESIAN_POINT('Origin',(3.05,-0.82,-5.551115123126E-17));
#4932=CARTESIAN_POINT('',(3.05,-0.82,-5.551115123126E-17));
#4933=CARTESIAN_POINT('Origin',(2.35,-0.82,-5.551115123126E-17));
#4934=CARTESIAN_POINT('',(2.35,-0.82,-5.551115123126E-17));
#4935=CARTESIAN_POINT('Origin',(2.35,-0.82,0.2));
#4936=CARTESIAN_POINT('',(2.15,-0.82,0.2));
#4937=CARTESIAN_POINT('Origin',(2.15,-0.82,0.45));
#4938=CARTESIAN_POINT('Origin',(2.05,-1.82,0.45));
#4939=CARTESIAN_POINT('',(2.25,-1.82,0.45));
#4940=CARTESIAN_POINT('Origin',(2.25,-1.82,0.2));
#4941=CARTESIAN_POINT('',(2.25,-1.82,0.2));
#4942=CARTESIAN_POINT('Origin',(2.35,-1.82,0.2));
#4943=CARTESIAN_POINT('',(2.35,-1.82,0.1));
#4944=CARTESIAN_POINT('Origin',(3.05,-1.82,0.1));
#4945=CARTESIAN_POINT('',(3.05,-1.82,0.1));
#4946=CARTESIAN_POINT('Origin',(3.05,-1.82,-5.551115123126E-17));
#4947=CARTESIAN_POINT('',(3.05,-1.82,-5.551115123126E-17));
#4948=CARTESIAN_POINT('Origin',(2.35,-1.82,-5.551115123126E-17));
#4949=CARTESIAN_POINT('',(2.35,-1.82,-5.551115123126E-17));
#4950=CARTESIAN_POINT('Origin',(2.35,-1.82,0.2));
#4951=CARTESIAN_POINT('',(2.15,-1.82,0.2));
#4952=CARTESIAN_POINT('Origin',(2.15,-1.82,0.45));
#4953=CARTESIAN_POINT('Origin',(1.875,-2.2375,0.65));
#4954=CARTESIAN_POINT('',(1.701863500927,-2.303727001854,1.1));
#4955=CARTESIAN_POINT('',(1.803727001854,-2.201863500927,1.1));
#4956=CARTESIAN_POINT('',(1.7527952513905,-2.2527952513905,1.1));
#4957=CARTESIAN_POINT('',(1.7196817504635,-2.339363500927,0.875));
#4958=CARTESIAN_POINT('',(1.839363500927,-2.2196817504635,0.875));
#4959=CARTESIAN_POINT('Origin',(1.7375,-2.375,0.65));
#4960=CARTESIAN_POINT('',(-1.701863500927,-2.303727001854,1.1));
#4961=CARTESIAN_POINT('',(0.,-2.303727001854,1.1));
#4962=CARTESIAN_POINT('',(-1.7196817504635,-2.339363500927,0.875));
#4963=CARTESIAN_POINT('Origin',(-1.7375,-2.375,0.65));
#4964=CARTESIAN_POINT('',(-1.803727001854,-2.201863500927,1.1));
#4965=CARTESIAN_POINT('',(-1.7527952513905,-2.2527952513905,1.1));
#4966=CARTESIAN_POINT('',(-1.839363500927,-2.2196817504635,0.875));
#4967=CARTESIAN_POINT('Origin',(-2.05,-2.18,0.45));
#4968=CARTESIAN_POINT('',(-2.25,-2.18,0.45));
#4969=CARTESIAN_POINT('Origin',(-2.25,-2.18,0.2));
#4970=CARTESIAN_POINT('',(-2.25,-2.18,0.2));
#4971=CARTESIAN_POINT('Origin',(-2.35,-2.18,0.2));
#4972=CARTESIAN_POINT('',(-2.35,-2.18,0.1));
#4973=CARTESIAN_POINT('Origin',(-3.05,-2.18,0.1));
#4974=CARTESIAN_POINT('',(-3.05,-2.18,0.1));
#4975=CARTESIAN_POINT('Origin',(-3.05,-2.18,-5.551115123126E-17));
#4976=CARTESIAN_POINT('',(-3.05,-2.18,-5.551115123126E-17));
#4977=CARTESIAN_POINT('Origin',(-2.35,-2.18,-5.551115123126E-17));
#4978=CARTESIAN_POINT('',(-2.35,-2.18,-5.551115123126E-17));
#4979=CARTESIAN_POINT('Origin',(-2.35,-2.18,0.2));
#4980=CARTESIAN_POINT('',(-2.15,-2.18,0.2));
#4981=CARTESIAN_POINT('Origin',(-2.15,-2.18,0.45));
#4982=CARTESIAN_POINT('Origin',(-2.05,-1.18,0.45));
#4983=CARTESIAN_POINT('',(-2.25,-1.18,0.45));
#4984=CARTESIAN_POINT('Origin',(-2.25,-1.18,0.2));
#4985=CARTESIAN_POINT('',(-2.25,-1.18,0.2));
#4986=CARTESIAN_POINT('Origin',(-2.35,-1.18,0.2));
#4987=CARTESIAN_POINT('',(-2.35,-1.18,0.1));
#4988=CARTESIAN_POINT('Origin',(-3.05,-1.18,0.1));
#4989=CARTESIAN_POINT('',(-3.05,-1.18,0.1));
#4990=CARTESIAN_POINT('Origin',(-3.05,-1.18,-5.551115123126E-17));
#4991=CARTESIAN_POINT('',(-3.05,-1.18,-5.551115123126E-17));
#4992=CARTESIAN_POINT('Origin',(-2.35,-1.18,-5.551115123126E-17));
#4993=CARTESIAN_POINT('',(-2.35,-1.18,-5.551115123126E-17));
#4994=CARTESIAN_POINT('Origin',(-2.35,-1.18,0.2));
#4995=CARTESIAN_POINT('',(-2.15,-1.18,0.2));
#4996=CARTESIAN_POINT('Origin',(-2.15,-1.18,0.45));
#4997=CARTESIAN_POINT('Origin',(-2.05,-0.18,0.45));
#4998=CARTESIAN_POINT('',(-2.25,-0.18,0.45));
#4999=CARTESIAN_POINT('Origin',(-2.25,-0.18,0.2));
#5000=CARTESIAN_POINT('',(-2.25,-0.18,0.2));
#5001=CARTESIAN_POINT('Origin',(-2.35,-0.18,0.2));
#5002=CARTESIAN_POINT('',(-2.35,-0.18,0.1));
#5003=CARTESIAN_POINT('Origin',(-3.05,-0.18,0.1));
#5004=CARTESIAN_POINT('',(-3.05,-0.18,0.1));
#5005=CARTESIAN_POINT('Origin',(-3.05,-0.18,-5.551115123126E-17));
#5006=CARTESIAN_POINT('',(-3.05,-0.18,-5.551115123126E-17));
#5007=CARTESIAN_POINT('Origin',(-2.35,-0.18,-5.551115123126E-17));
#5008=CARTESIAN_POINT('',(-2.35,-0.18,-5.551115123126E-17));
#5009=CARTESIAN_POINT('Origin',(-2.35,-0.18,0.2));
#5010=CARTESIAN_POINT('',(-2.15,-0.18,0.2));
#5011=CARTESIAN_POINT('Origin',(-2.15,-0.18,0.45));
#5012=CARTESIAN_POINT('Origin',(-2.05,0.82,0.45));
#5013=CARTESIAN_POINT('',(-2.25,0.82,0.45));
#5014=CARTESIAN_POINT('Origin',(-2.25,0.82,0.2));
#5015=CARTESIAN_POINT('',(-2.25,0.82,0.2));
#5016=CARTESIAN_POINT('Origin',(-2.35,0.82,0.2));
#5017=CARTESIAN_POINT('',(-2.35,0.82,0.1));
#5018=CARTESIAN_POINT('Origin',(-3.05,0.82,0.1));
#5019=CARTESIAN_POINT('',(-3.05,0.82,0.1));
#5020=CARTESIAN_POINT('Origin',(-3.05,0.82,-5.551115123126E-17));
#5021=CARTESIAN_POINT('',(-3.05,0.82,-5.551115123126E-17));
#5022=CARTESIAN_POINT('Origin',(-2.35,0.82,-5.551115123126E-17));
#5023=CARTESIAN_POINT('',(-2.35,0.82,-5.551115123126E-17));
#5024=CARTESIAN_POINT('Origin',(-2.35,0.82,0.2));
#5025=CARTESIAN_POINT('',(-2.15,0.82,0.2));
#5026=CARTESIAN_POINT('Origin',(-2.15,0.82,0.45));
#5027=CARTESIAN_POINT('Origin',(-2.05,1.82,0.45));
#5028=CARTESIAN_POINT('',(-2.25,1.82,0.45));
#5029=CARTESIAN_POINT('Origin',(-2.25,1.82,0.2));
#5030=CARTESIAN_POINT('',(-2.25,1.82,0.2));
#5031=CARTESIAN_POINT('Origin',(-2.35,1.82,0.2));
#5032=CARTESIAN_POINT('',(-2.35,1.82,0.1));
#5033=CARTESIAN_POINT('Origin',(-3.05,1.82,0.1));
#5034=CARTESIAN_POINT('',(-3.05,1.82,0.1));
#5035=CARTESIAN_POINT('Origin',(-3.05,1.82,-5.551115123126E-17));
#5036=CARTESIAN_POINT('',(-3.05,1.82,-5.551115123126E-17));
#5037=CARTESIAN_POINT('Origin',(-2.35,1.82,-5.551115123126E-17));
#5038=CARTESIAN_POINT('',(-2.35,1.82,-5.551115123126E-17));
#5039=CARTESIAN_POINT('Origin',(-2.35,1.82,0.2));
#5040=CARTESIAN_POINT('',(-2.15,1.82,0.2));
#5041=CARTESIAN_POINT('Origin',(-2.15,1.82,0.45));
#5042=CARTESIAN_POINT('Origin',(-1.875,2.2375,0.65));
#5043=CARTESIAN_POINT('',(-1.803727001854,2.201863500927,1.1));
#5044=CARTESIAN_POINT('',(-1.7527952513905,2.2527952513905,1.1));
#5045=CARTESIAN_POINT('',(-1.839363500927,2.2196817504635,0.875));
#5046=CARTESIAN_POINT('Origin',(-1.701863500927,2.303727001854,1.1));
#5047=CARTESIAN_POINT('',(1.803727001854,2.303727001854,1.1));
#5048=CARTESIAN_POINT('',(-1.803727001854,2.303727001854,1.1));
#5049=CARTESIAN_POINT('Origin',(1.875,2.2375,0.65));
#5050=CARTESIAN_POINT('Origin',(-1.875,-2.2375,0.65));
#5051=CARTESIAN_POINT('Origin',(-1.303727001854,1.803727001854,1.05));
#5052=UNCERTAINTY_MEASURE_WITH_UNIT(LENGTH_MEASURE(0.01),#5056,
'DISTANCE_ACCURACY_VALUE',
'Maximum model space distance between geometric entities at asserted c
onnectivities');
#5053=UNCERTAINTY_MEASURE_WITH_UNIT(LENGTH_MEASURE(0.01),#5056,
'DISTANCE_ACCURACY_VALUE',
'Maximum model space distance between geometric entities at asserted c
onnectivities');
#5054=(
GEOMETRIC_REPRESENTATION_CONTEXT(3)
GLOBAL_UNCERTAINTY_ASSIGNED_CONTEXT((#5052))
GLOBAL_UNIT_ASSIGNED_CONTEXT((#5056,#5058,#5059))
REPRESENTATION_CONTEXT('','3D')
);
#5055=(
GEOMETRIC_REPRESENTATION_CONTEXT(3)
GLOBAL_UNCERTAINTY_ASSIGNED_CONTEXT((#5053))
GLOBAL_UNIT_ASSIGNED_CONTEXT((#5056,#5058,#5059))
REPRESENTATION_CONTEXT('','3D')
);
#5056=(
LENGTH_UNIT()
NAMED_UNIT(*)
SI_UNIT(.MILLI.,.METRE.)
);
#5057=(
LENGTH_UNIT()
NAMED_UNIT(*)
SI_UNIT($,.METRE.)
);
#5058=(
NAMED_UNIT(*)
PLANE_ANGLE_UNIT()
SI_UNIT($,.RADIAN.)
);
#5059=(
NAMED_UNIT(*)
SI_UNIT($,.STERADIAN.)
SOLID_ANGLE_UNIT()
);
#5060=SHAPE_DEFINITION_REPRESENTATION(#5061,#5062);
#5061=PRODUCT_DEFINITION_SHAPE('',$,#5064);
#5062=SHAPE_REPRESENTATION('',(#3092),#5054);
#5063=PRODUCT_DEFINITION_CONTEXT('part definition',#5068,'design');
#5064=PRODUCT_DEFINITION('SSOP-10_3.9x4.9mm_P1.00mm',
'SSOP-10_3.9x4.9mm_P1.00mm',#5065,#5063);
#5065=PRODUCT_DEFINITION_FORMATION('',$,#5070);
#5066=PRODUCT_RELATED_PRODUCT_CATEGORY('SSOP-10_3.9x4.9mm_P1.00mm',
'SSOP-10_3.9x4.9mm_P1.00mm',(#5070));
#5067=APPLICATION_PROTOCOL_DEFINITION('international standard',
'automotive_design',2009,#5068);
#5068=APPLICATION_CONTEXT(
'Core Data for Automotive Mechanical Design Process');
#5069=PRODUCT_CONTEXT('part definition',#5068,'mechanical');
#5070=PRODUCT('SSOP-10_3.9x4.9mm_P1.00mm','SSOP-10_3.9x4.9mm_P1.00mm',$,
(#5069));
#5071=PRESENTATION_STYLE_ASSIGNMENT((#5075));
#5072=PRESENTATION_STYLE_ASSIGNMENT((#5076));
#5073=PRESENTATION_STYLE_ASSIGNMENT((#5077));
#5074=PRESENTATION_STYLE_ASSIGNMENT((#5078));
#5075=SURFACE_STYLE_USAGE(.BOTH.,#5079);
#5076=SURFACE_STYLE_USAGE(.BOTH.,#5080);
#5077=SURFACE_STYLE_USAGE(.BOTH.,#5081);
#5078=SURFACE_STYLE_USAGE(.BOTH.,#5082);
#5079=SURFACE_SIDE_STYLE('',(#5083));
#5080=SURFACE_SIDE_STYLE('',(#5084));
#5081=SURFACE_SIDE_STYLE('',(#5085));
#5082=SURFACE_SIDE_STYLE('',(#5086));
#5083=SURFACE_STYLE_FILL_AREA(#5087);
#5084=SURFACE_STYLE_FILL_AREA(#5088);
#5085=SURFACE_STYLE_FILL_AREA(#5089);
#5086=SURFACE_STYLE_FILL_AREA(#5090);
#5087=FILL_AREA_STYLE('Acier - Satin\X\E9',(#5091));
#5088=FILL_AREA_STYLE('Opaque(210,209,199)',(#5092));
#5089=FILL_AREA_STYLE('Opaque(176,169,152)',(#5093));
#5090=FILL_AREA_STYLE('Opaque(37,36,36)',(#5094));
#5091=FILL_AREA_STYLE_COLOUR('Acier - Satin\X\E9',#5095);
#5092=FILL_AREA_STYLE_COLOUR('Opaque(210,209,199)',#5096);
#5093=FILL_AREA_STYLE_COLOUR('Opaque(176,169,152)',#5097);
#5094=FILL_AREA_STYLE_COLOUR('Opaque(37,36,36)',#5098);
#5095=COLOUR_RGB('Acier - Satin\X\E9',0.627450980392157,0.627450980392157,
0.627450980392157);
#5096=COLOUR_RGB('Opaque(210,209,199)',0.823529411764706,0.819607843137255,
0.780392156862745);
#5097=COLOUR_RGB('Opaque(176,169,152)',0.690196078431373,0.662745098039216,
0.596078431372549);
#5098=COLOUR_RGB('Opaque(37,36,36)',0.145098039215686,0.141176470588235,
0.141176470588235);
ENDSEC;
END-ISO-10303-21;
