ISO-10303-21;
HEADER;
/* Generated by software containing ST-Developer
 * from STEP Tools, Inc. (www.steptools.com) 
 */

FILE_DESCRIPTION(
/* description */ (''),
/* implementation_level */ '2;1');

FILE_NAME(
/* name */ 'BB02-KY-Contact.step',
/* time_stamp */ '2026-02-08T18:57:38+01:00',
/* author */ (''),
/* organization */ (''),
/* preprocessor_version */ 'ST-DEVELOPER v20.1',
/* originating_system */ 'Autodesk Translation Framework v14.24.0.0',
/* authorisation */ '');

FILE_SCHEMA (('AUTOMOTIVE_DESIGN { 1 0 10303 214 3 1 1 }'));
ENDSEC;

DATA;
#10=MECHANICAL_DESIGN_GEOMETRIC_PRESENTATION_REPRESENTATION('',(#13),#2039);
#11=SHAPE_REPRESENTATION_RELATIONSHIP('SRR','None',#2046,#12);
#12=ADVANCED_BREP_SHAPE_REPRESENTATION('',(#14),#2038);
#13=STYLED_ITEM('',(#2056),#14);
#14=MANIFOLD_SOLID_BREP('Corps1',#1163);
#15=B_SPLINE_CURVE_WITH_KNOTS('',3,(#1735,#1736,#1737,#1738,#1739,#1740,
#1741,#1742,#1743,#1744),.UNSPECIFIED.,.F.,.F.,(4,2,2,2,4),(0.0387608924300224,
0.0461151787737226,0.0535007762963917,0.0609740750222781,0.0688422131793332),
 .UNSPECIFIED.);
#16=B_SPLINE_CURVE_WITH_KNOTS('',3,(#1778,#1779,#1780,#1781,#1782,#1783,
#1784,#1785,#1786,#1787),.UNSPECIFIED.,.F.,.F.,(4,2,2,2,4),(-0.0688422139644502,
-0.0609740756037632,-0.0535007766840903,-0.0461151789698615,-0.0387608924353991),
 .UNSPECIFIED.);
#17=B_SPLINE_CURVE_WITH_KNOTS('',3,(#1855,#1856,#1857,#1858,#1859,#1860),
 .UNSPECIFIED.,.F.,.F.,(4,2,4),(-0.116059184894488,-0.103034554344892,-0.100977422732344),
 .UNSPECIFIED.);
#18=B_SPLINE_CURVE_WITH_KNOTS('',3,(#1865,#1866,#1867,#1868,#1869,#1870,
#1871,#1872),.UNSPECIFIED.,.F.,.F.,(4,2,2,4),(0.0502658975262894,0.0508805098964374,
0.0567008659453068,0.0616584610380738),.UNSPECIFIED.);
#19=B_SPLINE_CURVE_WITH_KNOTS('',3,(#1907,#1908,#1909,#1910,#1911,#1912),
 .UNSPECIFIED.,.F.,.F.,(4,2,4),(0.0431590246766058,0.0473631104419273,0.0580300590291569),
 .UNSPECIFIED.);
#20=B_SPLINE_CURVE_WITH_KNOTS('',3,(#1917,#1918,#1919,#1920,#1921,#1922,
#1923,#1924),.UNSPECIFIED.,.F.,.F.,(4,2,2,4),(0.0401025587674153,0.0450601538440763,
0.0508805098929306,0.0514951222630782),.UNSPECIFIED.);
#21=B_SPLINE_CURVE_WITH_KNOTS('',3,(#1945,#1946,#1947,#1948,#1949,#1950),
 .UNSPECIFIED.,.F.,.F.,(4,2,4),(-0.0498581578608368,-0.0482696892959329,
-0.0477873181521568),.UNSPECIFIED.);
#22=B_SPLINE_CURVE_WITH_KNOTS('',3,(#1963,#1964,#1965,#1966,#1967,#1968),
 .UNSPECIFIED.,.F.,.F.,(4,2,4),(0.0290173863523713,0.0301654800672426,0.0311955449158565),
 .UNSPECIFIED.);
#23=(
BOUNDED_SURFACE()
B_SPLINE_SURFACE(2,2,((#1719,#1720,#1721),(#1722,#1723,#1724),(#1725,#1726,
#1727),(#1728,#1729,#1730),(#1731,#1732,#1733)),.UNSPECIFIED.,.F.,.F.,.F.)
B_SPLINE_SURFACE_WITH_KNOTS((3,2,3),(3,3),(-1.36281703117006E-11,0.786090485410492,
1.57218097083461),(2.737408433067,3.14159265270184),.UNSPECIFIED.)
GEOMETRIC_REPRESENTATION_ITEM()
RATIONAL_B_SPLINE_SURFACE(((1.,0.979648795249638,1.),(0.923747007076175,
0.904947642597633,0.923747007076175),(1.,0.979648795249638,1.),(0.923747007076203,
0.904947642597661,0.923747007076203),(1.,0.979648795249638,1.)))
REPRESENTATION_ITEM('')
SURFACE()
);
#24=(
BOUNDED_SURFACE()
B_SPLINE_SURFACE(2,2,((#1797,#1798,#1799),(#1800,#1801,#1802),(#1803,#1804,
#1805),(#1806,#1807,#1808),(#1809,#1810,#1811)),.UNSPECIFIED.,.F.,.F.,.F.)
B_SPLINE_SURFACE_WITH_KNOTS((3,2,3),(3,3),(2.77950122682523E-11,0.786119832339613,
1.57223966465143),(-1.40632712115338E-11,0.404184756507404),
 .UNSPECIFIED.)
GEOMETRIC_REPRESENTATION_ITEM()
RATIONAL_B_SPLINE_SURFACE(((1.,0.979648741367848,1.),(0.923741387000394,
0.904942087124326,0.923741387000394),(1.,0.979648741367848,1.),(0.923741387000421,
0.904942087124352,0.923741387000421),(1.,0.979648741367848,1.)))
REPRESENTATION_ITEM('')
SURFACE()
);
#25=PLANE('',#1187);
#26=PLANE('',#1192);
#27=PLANE('',#1197);
#28=PLANE('',#1199);
#29=PLANE('',#1204);
#30=PLANE('',#1207);
#31=PLANE('',#1208);
#32=PLANE('',#1209);
#33=PLANE('',#1212);
#34=PLANE('',#1218);
#35=PLANE('',#1220);
#36=PLANE('',#1221);
#37=PLANE('',#1222);
#38=PLANE('',#1224);
#39=PLANE('',#1226);
#40=PLANE('',#1227);
#41=PLANE('',#1234);
#42=PLANE('',#1239);
#43=PLANE('',#1246);
#44=PLANE('',#1248);
#45=PLANE('',#1250);
#46=PLANE('',#1254);
#47=PLANE('',#1255);
#48=PLANE('',#1256);
#49=PLANE('',#1263);
#50=PLANE('',#1266);
#51=PLANE('',#1268);
#52=PLANE('',#1269);
#53=PLANE('',#1270);
#54=PLANE('',#1271);
#55=PLANE('',#1272);
#56=PLANE('',#1273);
#57=PLANE('',#1275);
#58=PLANE('',#1278);
#59=PLANE('',#1279);
#60=PLANE('',#1280);
#61=PLANE('',#1281);
#62=PLANE('',#1282);
#63=ELLIPSE('',#1184,0.100023566529192,0.0999999998421385);
#64=ELLIPSE('',#1185,0.103349252671164,0.100000000118692);
#65=ELLIPSE('',#1188,1014.30289643018,10.4302680568192);
#66=ELLIPSE('',#1191,445.577597525964,6.91248853720276);
#67=ELLIPSE('',#1230,0.300070701218513,0.300000002485356);
#68=ELLIPSE('',#1232,0.330326733275071,0.312500000004717);
#69=ELLIPSE('',#1233,0.330326733276661,0.312500000007889);
#70=ELLIPSE('',#1237,0.308575108129846,0.100000001674712);
#71=ELLIPSE('',#1238,0.106066850428753,0.0749332339879868);
#72=ELLIPSE('',#1240,0.162094855275876,0.153347086904678);
#73=ELLIPSE('',#1241,0.330326733273848,0.312500000004482);
#74=ELLIPSE('',#1243,0.330326733260522,0.312499999990808);
#75=ELLIPSE('',#1245,0.30007070022756,0.300000000776422);
#76=ELLIPSE('',#1252,0.162094855278511,0.153347086907184);
#77=ELLIPSE('',#1264,0.100023566509833,0.099999999753119);
#78=ELLIPSE('',#1267,0.103349252673007,0.100000000072961);
#79=FACE_OUTER_BOUND('',#138,.T.);
#80=FACE_OUTER_BOUND('',#139,.T.);
#81=FACE_OUTER_BOUND('',#140,.T.);
#82=FACE_OUTER_BOUND('',#141,.T.);
#83=FACE_OUTER_BOUND('',#142,.T.);
#84=FACE_OUTER_BOUND('',#143,.T.);
#85=FACE_OUTER_BOUND('',#144,.T.);
#86=FACE_OUTER_BOUND('',#145,.T.);
#87=FACE_OUTER_BOUND('',#146,.T.);
#88=FACE_OUTER_BOUND('',#147,.T.);
#89=FACE_OUTER_BOUND('',#148,.T.);
#90=FACE_OUTER_BOUND('',#149,.T.);
#91=FACE_OUTER_BOUND('',#150,.T.);
#92=FACE_OUTER_BOUND('',#151,.T.);
#93=FACE_OUTER_BOUND('',#152,.T.);
#94=FACE_OUTER_BOUND('',#153,.T.);
#95=FACE_OUTER_BOUND('',#154,.T.);
#96=FACE_OUTER_BOUND('',#155,.T.);
#97=FACE_OUTER_BOUND('',#156,.T.);
#98=FACE_OUTER_BOUND('',#157,.T.);
#99=FACE_OUTER_BOUND('',#158,.T.);
#100=FACE_OUTER_BOUND('',#159,.T.);
#101=FACE_OUTER_BOUND('',#160,.T.);
#102=FACE_OUTER_BOUND('',#161,.T.);
#103=FACE_OUTER_BOUND('',#162,.T.);
#104=FACE_OUTER_BOUND('',#163,.T.);
#105=FACE_OUTER_BOUND('',#164,.T.);
#106=FACE_OUTER_BOUND('',#165,.T.);
#107=FACE_OUTER_BOUND('',#166,.T.);
#108=FACE_OUTER_BOUND('',#167,.T.);
#109=FACE_OUTER_BOUND('',#168,.T.);
#110=FACE_OUTER_BOUND('',#169,.T.);
#111=FACE_OUTER_BOUND('',#170,.T.);
#112=FACE_OUTER_BOUND('',#171,.T.);
#113=FACE_OUTER_BOUND('',#172,.T.);
#114=FACE_OUTER_BOUND('',#173,.T.);
#115=FACE_OUTER_BOUND('',#174,.T.);
#116=FACE_OUTER_BOUND('',#175,.T.);
#117=FACE_OUTER_BOUND('',#176,.T.);
#118=FACE_OUTER_BOUND('',#177,.T.);
#119=FACE_OUTER_BOUND('',#178,.T.);
#120=FACE_OUTER_BOUND('',#179,.T.);
#121=FACE_OUTER_BOUND('',#180,.T.);
#122=FACE_OUTER_BOUND('',#181,.T.);
#123=FACE_OUTER_BOUND('',#182,.T.);
#124=FACE_OUTER_BOUND('',#183,.T.);
#125=FACE_OUTER_BOUND('',#184,.T.);
#126=FACE_OUTER_BOUND('',#185,.T.);
#127=FACE_OUTER_BOUND('',#186,.T.);
#128=FACE_OUTER_BOUND('',#187,.T.);
#129=FACE_OUTER_BOUND('',#188,.T.);
#130=FACE_OUTER_BOUND('',#189,.T.);
#131=FACE_OUTER_BOUND('',#190,.T.);
#132=FACE_OUTER_BOUND('',#191,.T.);
#133=FACE_OUTER_BOUND('',#192,.T.);
#134=FACE_OUTER_BOUND('',#193,.T.);
#135=FACE_OUTER_BOUND('',#194,.T.);
#136=FACE_OUTER_BOUND('',#195,.T.);
#137=FACE_OUTER_BOUND('',#196,.T.);
#138=EDGE_LOOP('',(#743,#744,#745,#746,#747,#748));
#139=EDGE_LOOP('',(#749,#750,#751,#752,#753,#754));
#140=EDGE_LOOP('',(#755,#756,#757,#758,#759,#760,#761,#762,#763,#764,#765,
#766,#767,#768,#769,#770,#771,#772));
#141=EDGE_LOOP('',(#773,#774,#775,#776,#777,#778,#779,#780));
#142=EDGE_LOOP('',(#781,#782,#783,#784));
#143=EDGE_LOOP('',(#785,#786,#787,#788,#789,#790,#791,#792));
#144=EDGE_LOOP('',(#793,#794,#795,#796,#797,#798,#799));
#145=EDGE_LOOP('',(#800,#801,#802,#803));
#146=EDGE_LOOP('',(#804,#805,#806,#807,#808));
#147=EDGE_LOOP('',(#809,#810,#811,#812,#813,#814,#815));
#148=EDGE_LOOP('',(#816,#817,#818,#819));
#149=EDGE_LOOP('',(#820,#821,#822,#823));
#150=EDGE_LOOP('',(#824,#825,#826,#827));
#151=EDGE_LOOP('',(#828,#829,#830,#831));
#152=EDGE_LOOP('',(#832,#833,#834,#835));
#153=EDGE_LOOP('',(#836,#837,#838,#839,#840,#841,#842,#843));
#154=EDGE_LOOP('',(#844,#845,#846,#847,#848));
#155=EDGE_LOOP('',(#849,#850,#851,#852));
#156=EDGE_LOOP('',(#853,#854,#855,#856,#857,#858,#859,#860));
#157=EDGE_LOOP('',(#861,#862,#863,#864));
#158=EDGE_LOOP('',(#865,#866,#867,#868));
#159=EDGE_LOOP('',(#869,#870,#871,#872));
#160=EDGE_LOOP('',(#873,#874,#875,#876));
#161=EDGE_LOOP('',(#877,#878,#879,#880,#881));
#162=EDGE_LOOP('',(#882,#883,#884,#885));
#163=EDGE_LOOP('',(#886,#887,#888,#889,#890));
#164=EDGE_LOOP('',(#891,#892,#893,#894,#895,#896,#897));
#165=EDGE_LOOP('',(#898,#899,#900,#901,#902));
#166=EDGE_LOOP('',(#903,#904,#905,#906,#907,#908,#909,#910,#911,#912,#913,
#914,#915,#916,#917,#918));
#167=EDGE_LOOP('',(#919,#920,#921,#922,#923,#924));
#168=EDGE_LOOP('',(#925,#926,#927,#928,#929,#930,#931,#932));
#169=EDGE_LOOP('',(#933,#934,#935,#936,#937));
#170=EDGE_LOOP('',(#938,#939,#940,#941,#942,#943,#944));
#171=EDGE_LOOP('',(#945,#946,#947,#948,#949));
#172=EDGE_LOOP('',(#950,#951,#952,#953,#954));
#173=EDGE_LOOP('',(#955,#956,#957,#958));
#174=EDGE_LOOP('',(#959,#960,#961,#962,#963,#964,#965));
#175=EDGE_LOOP('',(#966,#967,#968,#969));
#176=EDGE_LOOP('',(#970,#971,#972,#973,#974,#975,#976));
#177=EDGE_LOOP('',(#977,#978,#979,#980,#981));
#178=EDGE_LOOP('',(#982,#983,#984,#985,#986,#987));
#179=EDGE_LOOP('',(#988,#989,#990,#991));
#180=EDGE_LOOP('',(#992,#993,#994,#995,#996,#997));
#181=EDGE_LOOP('',(#998,#999,#1000,#1001,#1002,#1003,#1004));
#182=EDGE_LOOP('',(#1005,#1006,#1007,#1008,#1009,#1010,#1011));
#183=EDGE_LOOP('',(#1012,#1013,#1014,#1015,#1016,#1017));
#184=EDGE_LOOP('',(#1018,#1019,#1020,#1021,#1022));
#185=EDGE_LOOP('',(#1023,#1024,#1025,#1026,#1027,#1028,#1029,#1030));
#186=EDGE_LOOP('',(#1031,#1032,#1033,#1034,#1035,#1036));
#187=EDGE_LOOP('',(#1037,#1038,#1039,#1040,#1041,#1042));
#188=EDGE_LOOP('',(#1043,#1044,#1045,#1046));
#189=EDGE_LOOP('',(#1047,#1048,#1049,#1050,#1051,#1052));
#190=EDGE_LOOP('',(#1053,#1054,#1055,#1056,#1057,#1058));
#191=EDGE_LOOP('',(#1059,#1060,#1061,#1062,#1063,#1064));
#192=EDGE_LOOP('',(#1065,#1066,#1067,#1068));
#193=EDGE_LOOP('',(#1069,#1070,#1071,#1072));
#194=EDGE_LOOP('',(#1073,#1074,#1075,#1076));
#195=EDGE_LOOP('',(#1077,#1078,#1079,#1080));
#196=EDGE_LOOP('',(#1081,#1082,#1083,#1084));
#197=LINE('',#1619,#311);
#198=LINE('',#1624,#312);
#199=LINE('',#1632,#313);
#200=LINE('',#1637,#314);
#201=LINE('',#1641,#315);
#202=LINE('',#1643,#316);
#203=LINE('',#1645,#317);
#204=LINE('',#1647,#318);
#205=LINE('',#1649,#319);
#206=LINE('',#1653,#320);
#207=LINE('',#1657,#321);
#208=LINE('',#1659,#322);
#209=LINE('',#1661,#323);
#210=LINE('',#1665,#324);
#211=LINE('',#1669,#325);
#212=LINE('',#1671,#326);
#213=LINE('',#1673,#327);
#214=LINE('',#1674,#328);
#215=LINE('',#1678,#329);
#216=LINE('',#1680,#330);
#217=LINE('',#1684,#331);
#218=LINE('',#1685,#332);
#219=LINE('',#1688,#333);
#220=LINE('',#1692,#334);
#221=LINE('',#1696,#335);
#222=LINE('',#1698,#336);
#223=LINE('',#1699,#337);
#224=LINE('',#1701,#338);
#225=LINE('',#1703,#339);
#226=LINE('',#1709,#340);
#227=LINE('',#1711,#341);
#228=LINE('',#1713,#342);
#229=LINE('',#1714,#343);
#230=LINE('',#1718,#344);
#231=LINE('',#1748,#345);
#232=LINE('',#1750,#346);
#233=LINE('',#1752,#347);
#234=LINE('',#1754,#348);
#235=LINE('',#1755,#349);
#236=LINE('',#1758,#350);
#237=LINE('',#1762,#351);
#238=LINE('',#1763,#352);
#239=LINE('',#1766,#353);
#240=LINE('',#1767,#354);
#241=LINE('',#1770,#355);
#242=LINE('',#1771,#356);
#243=LINE('',#1774,#357);
#244=LINE('',#1789,#358);
#245=LINE('',#1791,#359);
#246=LINE('',#1793,#360);
#247=LINE('',#1796,#361);
#248=LINE('',#1817,#362);
#249=LINE('',#1821,#363);
#250=LINE('',#1825,#364);
#251=LINE('',#1827,#365);
#252=LINE('',#1828,#366);
#253=LINE('',#1830,#367);
#254=LINE('',#1832,#368);
#255=LINE('',#1834,#369);
#256=LINE('',#1836,#370);
#257=LINE('',#1839,#371);
#258=LINE('',#1842,#372);
#259=LINE('',#1845,#373);
#260=LINE('',#1846,#374);
#261=LINE('',#1850,#375);
#262=LINE('',#1851,#376);
#263=LINE('',#1862,#377);
#264=LINE('',#1877,#378);
#265=LINE('',#1882,#379);
#266=LINE('',#1883,#380);
#267=LINE('',#1889,#381);
#268=LINE('',#1893,#382);
#269=LINE('',#1896,#383);
#270=LINE('',#1900,#384);
#271=LINE('',#1901,#385);
#272=LINE('',#1906,#386);
#273=LINE('',#1915,#387);
#274=LINE('',#1927,#388);
#275=LINE('',#1930,#389);
#276=LINE('',#1934,#390);
#277=LINE('',#1937,#391);
#278=LINE('',#1939,#392);
#279=LINE('',#1942,#393);
#280=LINE('',#1952,#394);
#281=LINE('',#1954,#395);
#282=LINE('',#1955,#396);
#283=LINE('',#1956,#397);
#284=LINE('',#1958,#398);
#285=LINE('',#1960,#399);
#286=LINE('',#1961,#400);
#287=LINE('',#1974,#401);
#288=LINE('',#1981,#402);
#289=LINE('',#1982,#403);
#290=LINE('',#1984,#404);
#291=LINE('',#1989,#405);
#292=LINE('',#1992,#406);
#293=LINE('',#1994,#407);
#294=LINE('',#1998,#408);
#295=LINE('',#2000,#409);
#296=LINE('',#2001,#410);
#297=LINE('',#2004,#411);
#298=LINE('',#2006,#412);
#299=LINE('',#2007,#413);
#300=LINE('',#2010,#414);
#301=LINE('',#2012,#415);
#302=LINE('',#2013,#416);
#303=LINE('',#2016,#417);
#304=LINE('',#2019,#418);
#305=LINE('',#2022,#419);
#306=LINE('',#2024,#420);
#307=LINE('',#2027,#421);
#308=LINE('',#2029,#422);
#309=LINE('',#2031,#423);
#310=LINE('',#2034,#424);
#311=VECTOR('',#1291,1000.);
#312=VECTOR('',#1296,1000.);
#313=VECTOR('',#1303,1000.);
#314=VECTOR('',#1308,1000.);
#315=VECTOR('',#1311,1000.);
#316=VECTOR('',#1312,1000.);
#317=VECTOR('',#1313,1000.);
#318=VECTOR('',#1314,1000.);
#319=VECTOR('',#1315,1000.);
#320=VECTOR('',#1318,1000.);
#321=VECTOR('',#1321,1000.);
#322=VECTOR('',#1322,1000.);
#323=VECTOR('',#1323,1000.);
#324=VECTOR('',#1326,1000.);
#325=VECTOR('',#1329,1000.);
#326=VECTOR('',#1330,1000.);
#327=VECTOR('',#1331,1000.);
#328=VECTOR('',#1332,1000.);
#329=VECTOR('',#1335,1000.);
#330=VECTOR('',#1336,1000.);
#331=VECTOR('',#1339,1000.);
#332=VECTOR('',#1340,1000.);
#333=VECTOR('',#1343,1000.);
#334=VECTOR('',#1348,1000.);
#335=VECTOR('',#1351,1000.);
#336=VECTOR('',#1352,1000.);
#337=VECTOR('',#1353,1000.);
#338=VECTOR('',#1354,1000.);
#339=VECTOR('',#1355,1000.);
#340=VECTOR('',#1362,1000.);
#341=VECTOR('',#1363,1000.);
#342=VECTOR('',#1364,1000.);
#343=VECTOR('',#1365,1000.);
#344=VECTOR('',#1370,1000.);
#345=VECTOR('',#1375,1000.);
#346=VECTOR('',#1376,1000.);
#347=VECTOR('',#1377,1000.);
#348=VECTOR('',#1378,1000.);
#349=VECTOR('',#1379,1000.);
#350=VECTOR('',#1382,1000.);
#351=VECTOR('',#1387,1000.);
#352=VECTOR('',#1388,1000.);
#353=VECTOR('',#1391,1000.);
#354=VECTOR('',#1392,1000.);
#355=VECTOR('',#1395,1000.);
#356=VECTOR('',#1396,1000.);
#357=VECTOR('',#1399,1000.);
#358=VECTOR('',#1404,1000.);
#359=VECTOR('',#1405,1000.);
#360=VECTOR('',#1406,1000.);
#361=VECTOR('',#1409,1000.);
#362=VECTOR('',#1416,1000.);
#363=VECTOR('',#1421,1000.);
#364=VECTOR('',#1424,1000.);
#365=VECTOR('',#1425,1000.);
#366=VECTOR('',#1426,1000.);
#367=VECTOR('',#1429,1000.);
#368=VECTOR('',#1432,1000.);
#369=VECTOR('',#1435,1000.);
#370=VECTOR('',#1438,1000.);
#371=VECTOR('',#1441,1000.);
#372=VECTOR('',#1444,1000.);
#373=VECTOR('',#1447,1000.);
#374=VECTOR('',#1448,1000.);
#375=VECTOR('',#1451,1000.);
#376=VECTOR('',#1452,1000.);
#377=VECTOR('',#1457,1000.);
#378=VECTOR('',#1464,1000.);
#379=VECTOR('',#1471,1000.);
#380=VECTOR('',#1472,1000.);
#381=VECTOR('',#1479,1000.);
#382=VECTOR('',#1482,1000.);
#383=VECTOR('',#1485,1000.);
#384=VECTOR('',#1488,1000.);
#385=VECTOR('',#1489,1000.);
#386=VECTOR('',#1494,1000.);
#387=VECTOR('',#1497,1000.);
#388=VECTOR('',#1500,1000.);
#389=VECTOR('',#1503,1000.);
#390=VECTOR('',#1508,1000.);
#391=VECTOR('',#1511,1000.);
#392=VECTOR('',#1514,1000.);
#393=VECTOR('',#1517,1000.);
#394=VECTOR('',#1522,1000.);
#395=VECTOR('',#1525,1000.);
#396=VECTOR('',#1526,1000.);
#397=VECTOR('',#1527,1000.);
#398=VECTOR('',#1530,1000.);
#399=VECTOR('',#1533,1000.);
#400=VECTOR('',#1534,1000.);
#401=VECTOR('',#1541,1000.);
#402=VECTOR('',#1550,1000.);
#403=VECTOR('',#1551,1000.);
#404=VECTOR('',#1552,1000.);
#405=VECTOR('',#1559,1000.);
#406=VECTOR('',#1562,1000.);
#407=VECTOR('',#1565,1000.);
#408=VECTOR('',#1570,1000.);
#409=VECTOR('',#1571,1000.);
#410=VECTOR('',#1572,1000.);
#411=VECTOR('',#1575,1000.);
#412=VECTOR('',#1576,1000.);
#413=VECTOR('',#1577,1000.);
#414=VECTOR('',#1580,1000.);
#415=VECTOR('',#1581,1000.);
#416=VECTOR('',#1582,1000.);
#417=VECTOR('',#1585,1000.);
#418=VECTOR('',#1588,1000.);
#419=VECTOR('',#1591,1000.);
#420=VECTOR('',#1592,1000.);
#421=VECTOR('',#1597,1000.);
#422=VECTOR('',#1600,1000.);
#423=VECTOR('',#1603,1000.);
#424=VECTOR('',#1608,1000.);
#425=CIRCLE('',#1178,0.350160129784951);
#426=CIRCLE('',#1179,0.349999999960002);
#427=CIRCLE('',#1180,0.349999999960002);
#428=CIRCLE('',#1181,0.373135759769274);
#429=CIRCLE('',#1183,0.0999999999199992);
#430=CIRCLE('',#1186,0.0999999999199992);
#431=CIRCLE('',#1189,0.100000000000001);
#432=CIRCLE('',#1190,0.0999999999999994);
#433=CIRCLE('',#1193,0.3);
#434=CIRCLE('',#1194,0.0500000000000001);
#435=CIRCLE('',#1196,0.0500000000000001);
#436=CIRCLE('',#1198,0.3);
#437=CIRCLE('',#1200,0.2);
#438=CIRCLE('',#1202,0.2);
#439=CIRCLE('',#1203,0.299999999951407);
#440=CIRCLE('',#1206,0.0999999999999994);
#441=CIRCLE('',#1211,0.100000000000001);
#442=CIRCLE('',#1213,0.0999999999999994);
#443=CIRCLE('',#1214,0.2);
#444=CIRCLE('',#1215,0.300000000000054);
#445=CIRCLE('',#1217,0.2);
#446=CIRCLE('',#1219,0.0999999999999994);
#447=CIRCLE('',#1225,0.1533470869036);
#448=CIRCLE('',#1228,0.1533470869036);
#449=CIRCLE('',#1235,0.0499999999099988);
#450=CIRCLE('',#1247,0.1533470869036);
#451=CIRCLE('',#1249,0.1533470869036);
#452=CIRCLE('',#1259,0.350000000000001);
#453=CIRCLE('',#1260,0.350000000000001);
#454=CIRCLE('',#1261,0.350160128006828);
#455=CIRCLE('',#1262,0.373135498292383);
#456=CIRCLE('',#1274,0.0999999999719992);
#457=CIRCLE('',#1276,0.0999999999719992);
#458=VERTEX_POINT('',#1613);
#459=VERTEX_POINT('',#1614);
#460=VERTEX_POINT('',#1616);
#461=VERTEX_POINT('',#1618);
#462=VERTEX_POINT('',#1620);
#463=VERTEX_POINT('',#1622);
#464=VERTEX_POINT('',#1626);
#465=VERTEX_POINT('',#1627);
#466=VERTEX_POINT('',#1629);
#467=VERTEX_POINT('',#1631);
#468=VERTEX_POINT('',#1633);
#469=VERTEX_POINT('',#1635);
#470=VERTEX_POINT('',#1639);
#471=VERTEX_POINT('',#1640);
#472=VERTEX_POINT('',#1642);
#473=VERTEX_POINT('',#1644);
#474=VERTEX_POINT('',#1646);
#475=VERTEX_POINT('',#1648);
#476=VERTEX_POINT('',#1650);
#477=VERTEX_POINT('',#1652);
#478=VERTEX_POINT('',#1654);
#479=VERTEX_POINT('',#1656);
#480=VERTEX_POINT('',#1658);
#481=VERTEX_POINT('',#1660);
#482=VERTEX_POINT('',#1662);
#483=VERTEX_POINT('',#1664);
#484=VERTEX_POINT('',#1666);
#485=VERTEX_POINT('',#1668);
#486=VERTEX_POINT('',#1670);
#487=VERTEX_POINT('',#1672);
#488=VERTEX_POINT('',#1676);
#489=VERTEX_POINT('',#1677);
#490=VERTEX_POINT('',#1679);
#491=VERTEX_POINT('',#1681);
#492=VERTEX_POINT('',#1683);
#493=VERTEX_POINT('',#1686);
#494=VERTEX_POINT('',#1690);
#495=VERTEX_POINT('',#1694);
#496=VERTEX_POINT('',#1695);
#497=VERTEX_POINT('',#1697);
#498=VERTEX_POINT('',#1700);
#499=VERTEX_POINT('',#1702);
#500=VERTEX_POINT('',#1706);
#501=VERTEX_POINT('',#1708);
#502=VERTEX_POINT('',#1710);
#503=VERTEX_POINT('',#1712);
#504=VERTEX_POINT('',#1716);
#505=VERTEX_POINT('',#1734);
#506=VERTEX_POINT('',#1747);
#507=VERTEX_POINT('',#1749);
#508=VERTEX_POINT('',#1751);
#509=VERTEX_POINT('',#1753);
#510=VERTEX_POINT('',#1757);
#511=VERTEX_POINT('',#1761);
#512=VERTEX_POINT('',#1765);
#513=VERTEX_POINT('',#1769);
#514=VERTEX_POINT('',#1773);
#515=VERTEX_POINT('',#1777);
#516=VERTEX_POINT('',#1788);
#517=VERTEX_POINT('',#1790);
#518=VERTEX_POINT('',#1792);
#519=VERTEX_POINT('',#1794);
#520=VERTEX_POINT('',#1812);
#521=VERTEX_POINT('',#1816);
#522=VERTEX_POINT('',#1820);
#523=VERTEX_POINT('',#1822);
#524=VERTEX_POINT('',#1824);
#525=VERTEX_POINT('',#1826);
#526=VERTEX_POINT('',#1838);
#527=VERTEX_POINT('',#1840);
#528=VERTEX_POINT('',#1844);
#529=VERTEX_POINT('',#1848);
#530=VERTEX_POINT('',#1849);
#531=VERTEX_POINT('',#1854);
#532=VERTEX_POINT('',#1861);
#533=VERTEX_POINT('',#1863);
#534=VERTEX_POINT('',#1874);
#535=VERTEX_POINT('',#1876);
#536=VERTEX_POINT('',#1880);
#537=VERTEX_POINT('',#1885);
#538=VERTEX_POINT('',#1887);
#539=VERTEX_POINT('',#1891);
#540=VERTEX_POINT('',#1892);
#541=VERTEX_POINT('',#1894);
#542=VERTEX_POINT('',#1897);
#543=VERTEX_POINT('',#1899);
#544=VERTEX_POINT('',#1903);
#545=VERTEX_POINT('',#1904);
#546=VERTEX_POINT('',#1914);
#547=VERTEX_POINT('',#1916);
#548=VERTEX_POINT('',#1925);
#549=VERTEX_POINT('',#1929);
#550=VERTEX_POINT('',#1933);
#551=VERTEX_POINT('',#1935);
#552=VERTEX_POINT('',#1941);
#553=VERTEX_POINT('',#1943);
#554=VERTEX_POINT('',#1970);
#555=VERTEX_POINT('',#1971);
#556=VERTEX_POINT('',#1973);
#557=VERTEX_POINT('',#1975);
#558=VERTEX_POINT('',#1980);
#559=VERTEX_POINT('',#1983);
#560=VERTEX_POINT('',#1988);
#561=VERTEX_POINT('',#1990);
#562=VERTEX_POINT('',#1997);
#563=VERTEX_POINT('',#1999);
#564=VERTEX_POINT('',#2003);
#565=VERTEX_POINT('',#2005);
#566=VERTEX_POINT('',#2009);
#567=VERTEX_POINT('',#2011);
#568=VERTEX_POINT('',#2015);
#569=VERTEX_POINT('',#2017);
#570=VERTEX_POINT('',#2021);
#571=VERTEX_POINT('',#2023);
#572=EDGE_CURVE('',#458,#459,#425,.T.);
#573=EDGE_CURVE('',#459,#460,#426,.T.);
#574=EDGE_CURVE('',#460,#461,#197,.T.);
#575=EDGE_CURVE('',#462,#461,#427,.T.);
#576=EDGE_CURVE('',#463,#462,#428,.T.);
#577=EDGE_CURVE('',#458,#463,#198,.T.);
#578=EDGE_CURVE('',#464,#465,#429,.T.);
#579=EDGE_CURVE('',#465,#466,#63,.T.);
#580=EDGE_CURVE('',#466,#467,#199,.T.);
#581=EDGE_CURVE('',#468,#467,#64,.T.);
#582=EDGE_CURVE('',#469,#468,#430,.T.);
#583=EDGE_CURVE('',#464,#469,#200,.T.);
#584=EDGE_CURVE('',#470,#471,#201,.T.);
#585=EDGE_CURVE('',#471,#472,#202,.T.);
#586=EDGE_CURVE('',#472,#473,#203,.T.);
#587=EDGE_CURVE('',#473,#474,#204,.T.);
#588=EDGE_CURVE('',#474,#475,#205,.T.);
#589=EDGE_CURVE('',#475,#476,#65,.T.);
#590=EDGE_CURVE('',#476,#477,#206,.T.);
#591=EDGE_CURVE('',#477,#478,#431,.T.);
#592=EDGE_CURVE('',#478,#479,#207,.T.);
#593=EDGE_CURVE('',#479,#480,#208,.T.);
#594=EDGE_CURVE('',#480,#481,#209,.T.);
#595=EDGE_CURVE('',#481,#482,#432,.T.);
#596=EDGE_CURVE('',#482,#483,#210,.T.);
#597=EDGE_CURVE('',#483,#484,#66,.T.);
#598=EDGE_CURVE('',#484,#485,#211,.T.);
#599=EDGE_CURVE('',#485,#486,#212,.T.);
#600=EDGE_CURVE('',#486,#487,#213,.T.);
#601=EDGE_CURVE('',#487,#470,#214,.T.);
#602=EDGE_CURVE('',#488,#489,#215,.T.);
#603=EDGE_CURVE('',#490,#488,#216,.T.);
#604=EDGE_CURVE('',#491,#490,#433,.T.);
#605=EDGE_CURVE('',#491,#492,#217,.T.);
#606=EDGE_CURVE('',#472,#492,#218,.T.);
#607=EDGE_CURVE('',#493,#471,#434,.T.);
#608=EDGE_CURVE('',#489,#493,#219,.T.);
#609=EDGE_CURVE('',#494,#470,#435,.T.);
#610=EDGE_CURVE('',#493,#494,#220,.T.);
#611=EDGE_CURVE('',#495,#496,#221,.T.);
#612=EDGE_CURVE('',#496,#497,#222,.T.);
#613=EDGE_CURVE('',#497,#494,#223,.T.);
#614=EDGE_CURVE('',#487,#498,#224,.T.);
#615=EDGE_CURVE('',#498,#499,#225,.T.);
#616=EDGE_CURVE('',#499,#495,#436,.T.);
#617=EDGE_CURVE('',#500,#486,#437,.T.);
#618=EDGE_CURVE('',#501,#500,#226,.T.);
#619=EDGE_CURVE('',#502,#501,#227,.T.);
#620=EDGE_CURVE('',#503,#502,#228,.T.);
#621=EDGE_CURVE('',#503,#498,#229,.T.);
#622=EDGE_CURVE('',#485,#504,#438,.T.);
#623=EDGE_CURVE('',#504,#500,#230,.T.);
#624=EDGE_CURVE('',#505,#483,#15,.T.);
#625=EDGE_CURVE('',#504,#505,#439,.T.);
#626=EDGE_CURVE('',#482,#506,#231,.T.);
#627=EDGE_CURVE('',#506,#507,#232,.T.);
#628=EDGE_CURVE('',#508,#507,#233,.T.);
#629=EDGE_CURVE('',#508,#509,#234,.T.);
#630=EDGE_CURVE('',#509,#505,#235,.T.);
#631=EDGE_CURVE('',#510,#481,#236,.T.);
#632=EDGE_CURVE('',#510,#506,#440,.T.);
#633=EDGE_CURVE('',#511,#480,#237,.T.);
#634=EDGE_CURVE('',#510,#511,#238,.T.);
#635=EDGE_CURVE('',#479,#512,#239,.T.);
#636=EDGE_CURVE('',#512,#511,#240,.T.);
#637=EDGE_CURVE('',#478,#513,#241,.T.);
#638=EDGE_CURVE('',#513,#512,#242,.T.);
#639=EDGE_CURVE('',#514,#477,#243,.T.);
#640=EDGE_CURVE('',#513,#514,#441,.T.);
#641=EDGE_CURVE('',#476,#515,#16,.T.);
#642=EDGE_CURVE('',#515,#516,#244,.T.);
#643=EDGE_CURVE('',#516,#517,#245,.T.);
#644=EDGE_CURVE('',#517,#518,#246,.T.);
#645=EDGE_CURVE('',#518,#519,#442,.T.);
#646=EDGE_CURVE('',#519,#514,#247,.T.);
#647=EDGE_CURVE('',#520,#474,#443,.T.);
#648=EDGE_CURVE('',#515,#520,#444,.T.);
#649=EDGE_CURVE('',#521,#520,#248,.T.);
#650=EDGE_CURVE('',#473,#521,#445,.T.);
#651=EDGE_CURVE('',#522,#492,#249,.T.);
#652=EDGE_CURVE('',#523,#522,#446,.T.);
#653=EDGE_CURVE('',#524,#523,#250,.T.);
#654=EDGE_CURVE('',#525,#524,#251,.T.);
#655=EDGE_CURVE('',#521,#525,#252,.T.);
#656=EDGE_CURVE('',#489,#497,#253,.T.);
#657=EDGE_CURVE('',#488,#496,#254,.T.);
#658=EDGE_CURVE('',#490,#495,#255,.T.);
#659=EDGE_CURVE('',#499,#491,#256,.T.);
#660=EDGE_CURVE('',#526,#504,#257,.T.);
#661=EDGE_CURVE('',#527,#526,#447,.T.);
#662=EDGE_CURVE('',#501,#527,#258,.T.);
#663=EDGE_CURVE('',#528,#527,#259,.T.);
#664=EDGE_CURVE('',#502,#528,#260,.T.);
#665=EDGE_CURVE('',#529,#530,#261,.T.);
#666=EDGE_CURVE('',#530,#503,#262,.T.);
#667=EDGE_CURVE('',#528,#529,#448,.T.);
#668=EDGE_CURVE('',#509,#531,#17,.T.);
#669=EDGE_CURVE('',#531,#532,#263,.T.);
#670=EDGE_CURVE('',#532,#533,#67,.T.);
#671=EDGE_CURVE('',#533,#526,#18,.T.);
#672=EDGE_CURVE('',#534,#508,#68,.T.);
#673=EDGE_CURVE('',#535,#534,#264,.T.);
#674=EDGE_CURVE('',#531,#535,#69,.T.);
#675=EDGE_CURVE('',#536,#530,#449,.T.);
#676=EDGE_CURVE('',#507,#536,#265,.T.);
#677=EDGE_CURVE('',#522,#519,#266,.T.);
#678=EDGE_CURVE('',#537,#518,#70,.T.);
#679=EDGE_CURVE('',#538,#537,#71,.T.);
#680=EDGE_CURVE('',#523,#538,#267,.T.);
#681=EDGE_CURVE('',#539,#540,#268,.T.);
#682=EDGE_CURVE('',#541,#539,#72,.T.);
#683=EDGE_CURVE('',#537,#541,#269,.T.);
#684=EDGE_CURVE('',#542,#517,#73,.T.);
#685=EDGE_CURVE('',#543,#542,#270,.T.);
#686=EDGE_CURVE('',#540,#543,#271,.T.);
#687=EDGE_CURVE('',#544,#545,#74,.T.);
#688=EDGE_CURVE('',#542,#544,#272,.T.);
#689=EDGE_CURVE('',#545,#516,#19,.T.);
#690=EDGE_CURVE('',#520,#546,#273,.T.);
#691=EDGE_CURVE('',#546,#547,#20,.T.);
#692=EDGE_CURVE('',#547,#548,#75,.T.);
#693=EDGE_CURVE('',#548,#545,#274,.T.);
#694=EDGE_CURVE('',#525,#549,#275,.T.);
#695=EDGE_CURVE('',#549,#546,#450,.T.);
#696=EDGE_CURVE('',#550,#538,#276,.T.);
#697=EDGE_CURVE('',#551,#550,#451,.T.);
#698=EDGE_CURVE('',#524,#551,#277,.T.);
#699=EDGE_CURVE('',#549,#551,#278,.T.);
#700=EDGE_CURVE('',#533,#552,#279,.T.);
#701=EDGE_CURVE('',#553,#552,#76,.T.);
#702=EDGE_CURVE('',#553,#529,#21,.T.);
#703=EDGE_CURVE('',#536,#553,#280,.T.);
#704=EDGE_CURVE('',#552,#458,#281,.T.);
#705=EDGE_CURVE('',#466,#532,#282,.T.);
#706=EDGE_CURVE('',#459,#465,#283,.T.);
#707=EDGE_CURVE('',#467,#535,#284,.T.);
#708=EDGE_CURVE('',#534,#463,#285,.T.);
#709=EDGE_CURVE('',#462,#468,#286,.T.);
#710=EDGE_CURVE('',#550,#541,#22,.T.);
#711=EDGE_CURVE('',#554,#555,#452,.T.);
#712=EDGE_CURVE('',#555,#556,#287,.T.);
#713=EDGE_CURVE('',#556,#557,#453,.T.);
#714=EDGE_CURVE('',#557,#540,#454,.T.);
#715=EDGE_CURVE('',#543,#554,#455,.T.);
#716=EDGE_CURVE('',#548,#558,#288,.T.);
#717=EDGE_CURVE('',#539,#547,#289,.T.);
#718=EDGE_CURVE('',#559,#557,#290,.T.);
#719=EDGE_CURVE('',#558,#559,#77,.T.);
#720=EDGE_CURVE('',#544,#560,#291,.T.);
#721=EDGE_CURVE('',#560,#561,#78,.T.);
#722=EDGE_CURVE('',#561,#554,#292,.T.);
#723=EDGE_CURVE('',#558,#560,#293,.T.);
#724=EDGE_CURVE('',#562,#464,#294,.T.);
#725=EDGE_CURVE('',#563,#562,#295,.T.);
#726=EDGE_CURVE('',#460,#563,#296,.T.);
#727=EDGE_CURVE('',#564,#469,#297,.T.);
#728=EDGE_CURVE('',#461,#565,#298,.T.);
#729=EDGE_CURVE('',#565,#564,#299,.T.);
#730=EDGE_CURVE('',#566,#555,#300,.T.);
#731=EDGE_CURVE('',#567,#566,#301,.T.);
#732=EDGE_CURVE('',#556,#567,#302,.T.);
#733=EDGE_CURVE('',#568,#566,#303,.T.);
#734=EDGE_CURVE('',#561,#569,#456,.T.);
#735=EDGE_CURVE('',#569,#568,#304,.T.);
#736=EDGE_CURVE('',#570,#567,#305,.T.);
#737=EDGE_CURVE('',#571,#570,#306,.T.);
#738=EDGE_CURVE('',#559,#571,#457,.T.);
#739=EDGE_CURVE('',#569,#571,#307,.T.);
#740=EDGE_CURVE('',#563,#565,#308,.T.);
#741=EDGE_CURVE('',#562,#564,#309,.T.);
#742=EDGE_CURVE('',#568,#570,#310,.T.);
#743=ORIENTED_EDGE('',*,*,#572,.T.);
#744=ORIENTED_EDGE('',*,*,#573,.T.);
#745=ORIENTED_EDGE('',*,*,#574,.T.);
#746=ORIENTED_EDGE('',*,*,#575,.F.);
#747=ORIENTED_EDGE('',*,*,#576,.F.);
#748=ORIENTED_EDGE('',*,*,#577,.F.);
#749=ORIENTED_EDGE('',*,*,#578,.T.);
#750=ORIENTED_EDGE('',*,*,#579,.T.);
#751=ORIENTED_EDGE('',*,*,#580,.T.);
#752=ORIENTED_EDGE('',*,*,#581,.F.);
#753=ORIENTED_EDGE('',*,*,#582,.F.);
#754=ORIENTED_EDGE('',*,*,#583,.F.);
#755=ORIENTED_EDGE('',*,*,#584,.T.);
#756=ORIENTED_EDGE('',*,*,#585,.T.);
#757=ORIENTED_EDGE('',*,*,#586,.T.);
#758=ORIENTED_EDGE('',*,*,#587,.T.);
#759=ORIENTED_EDGE('',*,*,#588,.T.);
#760=ORIENTED_EDGE('',*,*,#589,.T.);
#761=ORIENTED_EDGE('',*,*,#590,.T.);
#762=ORIENTED_EDGE('',*,*,#591,.T.);
#763=ORIENTED_EDGE('',*,*,#592,.T.);
#764=ORIENTED_EDGE('',*,*,#593,.T.);
#765=ORIENTED_EDGE('',*,*,#594,.T.);
#766=ORIENTED_EDGE('',*,*,#595,.T.);
#767=ORIENTED_EDGE('',*,*,#596,.T.);
#768=ORIENTED_EDGE('',*,*,#597,.T.);
#769=ORIENTED_EDGE('',*,*,#598,.T.);
#770=ORIENTED_EDGE('',*,*,#599,.T.);
#771=ORIENTED_EDGE('',*,*,#600,.T.);
#772=ORIENTED_EDGE('',*,*,#601,.T.);
#773=ORIENTED_EDGE('',*,*,#602,.F.);
#774=ORIENTED_EDGE('',*,*,#603,.F.);
#775=ORIENTED_EDGE('',*,*,#604,.F.);
#776=ORIENTED_EDGE('',*,*,#605,.T.);
#777=ORIENTED_EDGE('',*,*,#606,.F.);
#778=ORIENTED_EDGE('',*,*,#585,.F.);
#779=ORIENTED_EDGE('',*,*,#607,.F.);
#780=ORIENTED_EDGE('',*,*,#608,.F.);
#781=ORIENTED_EDGE('',*,*,#584,.F.);
#782=ORIENTED_EDGE('',*,*,#609,.F.);
#783=ORIENTED_EDGE('',*,*,#610,.F.);
#784=ORIENTED_EDGE('',*,*,#607,.T.);
#785=ORIENTED_EDGE('',*,*,#611,.T.);
#786=ORIENTED_EDGE('',*,*,#612,.T.);
#787=ORIENTED_EDGE('',*,*,#613,.T.);
#788=ORIENTED_EDGE('',*,*,#609,.T.);
#789=ORIENTED_EDGE('',*,*,#601,.F.);
#790=ORIENTED_EDGE('',*,*,#614,.T.);
#791=ORIENTED_EDGE('',*,*,#615,.T.);
#792=ORIENTED_EDGE('',*,*,#616,.T.);
#793=ORIENTED_EDGE('',*,*,#600,.F.);
#794=ORIENTED_EDGE('',*,*,#617,.F.);
#795=ORIENTED_EDGE('',*,*,#618,.F.);
#796=ORIENTED_EDGE('',*,*,#619,.F.);
#797=ORIENTED_EDGE('',*,*,#620,.F.);
#798=ORIENTED_EDGE('',*,*,#621,.T.);
#799=ORIENTED_EDGE('',*,*,#614,.F.);
#800=ORIENTED_EDGE('',*,*,#599,.F.);
#801=ORIENTED_EDGE('',*,*,#622,.T.);
#802=ORIENTED_EDGE('',*,*,#623,.T.);
#803=ORIENTED_EDGE('',*,*,#617,.T.);
#804=ORIENTED_EDGE('',*,*,#597,.F.);
#805=ORIENTED_EDGE('',*,*,#624,.F.);
#806=ORIENTED_EDGE('',*,*,#625,.F.);
#807=ORIENTED_EDGE('',*,*,#622,.F.);
#808=ORIENTED_EDGE('',*,*,#598,.F.);
#809=ORIENTED_EDGE('',*,*,#624,.T.);
#810=ORIENTED_EDGE('',*,*,#596,.F.);
#811=ORIENTED_EDGE('',*,*,#626,.T.);
#812=ORIENTED_EDGE('',*,*,#627,.T.);
#813=ORIENTED_EDGE('',*,*,#628,.F.);
#814=ORIENTED_EDGE('',*,*,#629,.T.);
#815=ORIENTED_EDGE('',*,*,#630,.T.);
#816=ORIENTED_EDGE('',*,*,#626,.F.);
#817=ORIENTED_EDGE('',*,*,#595,.F.);
#818=ORIENTED_EDGE('',*,*,#631,.F.);
#819=ORIENTED_EDGE('',*,*,#632,.T.);
#820=ORIENTED_EDGE('',*,*,#631,.T.);
#821=ORIENTED_EDGE('',*,*,#594,.F.);
#822=ORIENTED_EDGE('',*,*,#633,.F.);
#823=ORIENTED_EDGE('',*,*,#634,.F.);
#824=ORIENTED_EDGE('',*,*,#593,.F.);
#825=ORIENTED_EDGE('',*,*,#635,.T.);
#826=ORIENTED_EDGE('',*,*,#636,.T.);
#827=ORIENTED_EDGE('',*,*,#633,.T.);
#828=ORIENTED_EDGE('',*,*,#592,.F.);
#829=ORIENTED_EDGE('',*,*,#637,.T.);
#830=ORIENTED_EDGE('',*,*,#638,.T.);
#831=ORIENTED_EDGE('',*,*,#635,.F.);
#832=ORIENTED_EDGE('',*,*,#637,.F.);
#833=ORIENTED_EDGE('',*,*,#591,.F.);
#834=ORIENTED_EDGE('',*,*,#639,.F.);
#835=ORIENTED_EDGE('',*,*,#640,.F.);
#836=ORIENTED_EDGE('',*,*,#590,.F.);
#837=ORIENTED_EDGE('',*,*,#641,.T.);
#838=ORIENTED_EDGE('',*,*,#642,.T.);
#839=ORIENTED_EDGE('',*,*,#643,.T.);
#840=ORIENTED_EDGE('',*,*,#644,.T.);
#841=ORIENTED_EDGE('',*,*,#645,.T.);
#842=ORIENTED_EDGE('',*,*,#646,.T.);
#843=ORIENTED_EDGE('',*,*,#639,.T.);
#844=ORIENTED_EDGE('',*,*,#641,.F.);
#845=ORIENTED_EDGE('',*,*,#589,.F.);
#846=ORIENTED_EDGE('',*,*,#588,.F.);
#847=ORIENTED_EDGE('',*,*,#647,.F.);
#848=ORIENTED_EDGE('',*,*,#648,.F.);
#849=ORIENTED_EDGE('',*,*,#649,.T.);
#850=ORIENTED_EDGE('',*,*,#647,.T.);
#851=ORIENTED_EDGE('',*,*,#587,.F.);
#852=ORIENTED_EDGE('',*,*,#650,.T.);
#853=ORIENTED_EDGE('',*,*,#606,.T.);
#854=ORIENTED_EDGE('',*,*,#651,.F.);
#855=ORIENTED_EDGE('',*,*,#652,.F.);
#856=ORIENTED_EDGE('',*,*,#653,.F.);
#857=ORIENTED_EDGE('',*,*,#654,.F.);
#858=ORIENTED_EDGE('',*,*,#655,.F.);
#859=ORIENTED_EDGE('',*,*,#650,.F.);
#860=ORIENTED_EDGE('',*,*,#586,.F.);
#861=ORIENTED_EDGE('',*,*,#610,.T.);
#862=ORIENTED_EDGE('',*,*,#613,.F.);
#863=ORIENTED_EDGE('',*,*,#656,.F.);
#864=ORIENTED_EDGE('',*,*,#608,.T.);
#865=ORIENTED_EDGE('',*,*,#656,.T.);
#866=ORIENTED_EDGE('',*,*,#612,.F.);
#867=ORIENTED_EDGE('',*,*,#657,.F.);
#868=ORIENTED_EDGE('',*,*,#602,.T.);
#869=ORIENTED_EDGE('',*,*,#657,.T.);
#870=ORIENTED_EDGE('',*,*,#611,.F.);
#871=ORIENTED_EDGE('',*,*,#658,.F.);
#872=ORIENTED_EDGE('',*,*,#603,.T.);
#873=ORIENTED_EDGE('',*,*,#616,.F.);
#874=ORIENTED_EDGE('',*,*,#659,.T.);
#875=ORIENTED_EDGE('',*,*,#604,.T.);
#876=ORIENTED_EDGE('',*,*,#658,.T.);
#877=ORIENTED_EDGE('',*,*,#618,.T.);
#878=ORIENTED_EDGE('',*,*,#623,.F.);
#879=ORIENTED_EDGE('',*,*,#660,.F.);
#880=ORIENTED_EDGE('',*,*,#661,.F.);
#881=ORIENTED_EDGE('',*,*,#662,.F.);
#882=ORIENTED_EDGE('',*,*,#619,.T.);
#883=ORIENTED_EDGE('',*,*,#662,.T.);
#884=ORIENTED_EDGE('',*,*,#663,.F.);
#885=ORIENTED_EDGE('',*,*,#664,.F.);
#886=ORIENTED_EDGE('',*,*,#665,.T.);
#887=ORIENTED_EDGE('',*,*,#666,.T.);
#888=ORIENTED_EDGE('',*,*,#620,.T.);
#889=ORIENTED_EDGE('',*,*,#664,.T.);
#890=ORIENTED_EDGE('',*,*,#667,.T.);
#891=ORIENTED_EDGE('',*,*,#625,.T.);
#892=ORIENTED_EDGE('',*,*,#630,.F.);
#893=ORIENTED_EDGE('',*,*,#668,.T.);
#894=ORIENTED_EDGE('',*,*,#669,.T.);
#895=ORIENTED_EDGE('',*,*,#670,.T.);
#896=ORIENTED_EDGE('',*,*,#671,.T.);
#897=ORIENTED_EDGE('',*,*,#660,.T.);
#898=ORIENTED_EDGE('',*,*,#672,.F.);
#899=ORIENTED_EDGE('',*,*,#673,.F.);
#900=ORIENTED_EDGE('',*,*,#674,.F.);
#901=ORIENTED_EDGE('',*,*,#668,.F.);
#902=ORIENTED_EDGE('',*,*,#629,.F.);
#903=ORIENTED_EDGE('',*,*,#651,.T.);
#904=ORIENTED_EDGE('',*,*,#605,.F.);
#905=ORIENTED_EDGE('',*,*,#659,.F.);
#906=ORIENTED_EDGE('',*,*,#615,.F.);
#907=ORIENTED_EDGE('',*,*,#621,.F.);
#908=ORIENTED_EDGE('',*,*,#666,.F.);
#909=ORIENTED_EDGE('',*,*,#675,.F.);
#910=ORIENTED_EDGE('',*,*,#676,.F.);
#911=ORIENTED_EDGE('',*,*,#627,.F.);
#912=ORIENTED_EDGE('',*,*,#632,.F.);
#913=ORIENTED_EDGE('',*,*,#634,.T.);
#914=ORIENTED_EDGE('',*,*,#636,.F.);
#915=ORIENTED_EDGE('',*,*,#638,.F.);
#916=ORIENTED_EDGE('',*,*,#640,.T.);
#917=ORIENTED_EDGE('',*,*,#646,.F.);
#918=ORIENTED_EDGE('',*,*,#677,.F.);
#919=ORIENTED_EDGE('',*,*,#677,.T.);
#920=ORIENTED_EDGE('',*,*,#645,.F.);
#921=ORIENTED_EDGE('',*,*,#678,.F.);
#922=ORIENTED_EDGE('',*,*,#679,.F.);
#923=ORIENTED_EDGE('',*,*,#680,.F.);
#924=ORIENTED_EDGE('',*,*,#652,.T.);
#925=ORIENTED_EDGE('',*,*,#681,.F.);
#926=ORIENTED_EDGE('',*,*,#682,.F.);
#927=ORIENTED_EDGE('',*,*,#683,.F.);
#928=ORIENTED_EDGE('',*,*,#678,.T.);
#929=ORIENTED_EDGE('',*,*,#644,.F.);
#930=ORIENTED_EDGE('',*,*,#684,.F.);
#931=ORIENTED_EDGE('',*,*,#685,.F.);
#932=ORIENTED_EDGE('',*,*,#686,.F.);
#933=ORIENTED_EDGE('',*,*,#687,.F.);
#934=ORIENTED_EDGE('',*,*,#688,.F.);
#935=ORIENTED_EDGE('',*,*,#684,.T.);
#936=ORIENTED_EDGE('',*,*,#643,.F.);
#937=ORIENTED_EDGE('',*,*,#689,.F.);
#938=ORIENTED_EDGE('',*,*,#648,.T.);
#939=ORIENTED_EDGE('',*,*,#690,.T.);
#940=ORIENTED_EDGE('',*,*,#691,.T.);
#941=ORIENTED_EDGE('',*,*,#692,.T.);
#942=ORIENTED_EDGE('',*,*,#693,.T.);
#943=ORIENTED_EDGE('',*,*,#689,.T.);
#944=ORIENTED_EDGE('',*,*,#642,.F.);
#945=ORIENTED_EDGE('',*,*,#690,.F.);
#946=ORIENTED_EDGE('',*,*,#649,.F.);
#947=ORIENTED_EDGE('',*,*,#655,.T.);
#948=ORIENTED_EDGE('',*,*,#694,.T.);
#949=ORIENTED_EDGE('',*,*,#695,.T.);
#950=ORIENTED_EDGE('',*,*,#653,.T.);
#951=ORIENTED_EDGE('',*,*,#680,.T.);
#952=ORIENTED_EDGE('',*,*,#696,.F.);
#953=ORIENTED_EDGE('',*,*,#697,.F.);
#954=ORIENTED_EDGE('',*,*,#698,.F.);
#955=ORIENTED_EDGE('',*,*,#654,.T.);
#956=ORIENTED_EDGE('',*,*,#698,.T.);
#957=ORIENTED_EDGE('',*,*,#699,.F.);
#958=ORIENTED_EDGE('',*,*,#694,.F.);
#959=ORIENTED_EDGE('',*,*,#671,.F.);
#960=ORIENTED_EDGE('',*,*,#700,.T.);
#961=ORIENTED_EDGE('',*,*,#701,.F.);
#962=ORIENTED_EDGE('',*,*,#702,.T.);
#963=ORIENTED_EDGE('',*,*,#667,.F.);
#964=ORIENTED_EDGE('',*,*,#663,.T.);
#965=ORIENTED_EDGE('',*,*,#661,.T.);
#966=ORIENTED_EDGE('',*,*,#703,.F.);
#967=ORIENTED_EDGE('',*,*,#675,.T.);
#968=ORIENTED_EDGE('',*,*,#665,.F.);
#969=ORIENTED_EDGE('',*,*,#702,.F.);
#970=ORIENTED_EDGE('',*,*,#704,.F.);
#971=ORIENTED_EDGE('',*,*,#700,.F.);
#972=ORIENTED_EDGE('',*,*,#670,.F.);
#973=ORIENTED_EDGE('',*,*,#705,.F.);
#974=ORIENTED_EDGE('',*,*,#579,.F.);
#975=ORIENTED_EDGE('',*,*,#706,.F.);
#976=ORIENTED_EDGE('',*,*,#572,.F.);
#977=ORIENTED_EDGE('',*,*,#705,.T.);
#978=ORIENTED_EDGE('',*,*,#669,.F.);
#979=ORIENTED_EDGE('',*,*,#674,.T.);
#980=ORIENTED_EDGE('',*,*,#707,.F.);
#981=ORIENTED_EDGE('',*,*,#580,.F.);
#982=ORIENTED_EDGE('',*,*,#581,.T.);
#983=ORIENTED_EDGE('',*,*,#707,.T.);
#984=ORIENTED_EDGE('',*,*,#673,.T.);
#985=ORIENTED_EDGE('',*,*,#708,.T.);
#986=ORIENTED_EDGE('',*,*,#576,.T.);
#987=ORIENTED_EDGE('',*,*,#709,.T.);
#988=ORIENTED_EDGE('',*,*,#696,.T.);
#989=ORIENTED_EDGE('',*,*,#679,.T.);
#990=ORIENTED_EDGE('',*,*,#683,.T.);
#991=ORIENTED_EDGE('',*,*,#710,.F.);
#992=ORIENTED_EDGE('',*,*,#711,.T.);
#993=ORIENTED_EDGE('',*,*,#712,.T.);
#994=ORIENTED_EDGE('',*,*,#713,.T.);
#995=ORIENTED_EDGE('',*,*,#714,.T.);
#996=ORIENTED_EDGE('',*,*,#686,.T.);
#997=ORIENTED_EDGE('',*,*,#715,.T.);
#998=ORIENTED_EDGE('',*,*,#716,.F.);
#999=ORIENTED_EDGE('',*,*,#692,.F.);
#1000=ORIENTED_EDGE('',*,*,#717,.F.);
#1001=ORIENTED_EDGE('',*,*,#681,.T.);
#1002=ORIENTED_EDGE('',*,*,#714,.F.);
#1003=ORIENTED_EDGE('',*,*,#718,.F.);
#1004=ORIENTED_EDGE('',*,*,#719,.F.);
#1005=ORIENTED_EDGE('',*,*,#682,.T.);
#1006=ORIENTED_EDGE('',*,*,#717,.T.);
#1007=ORIENTED_EDGE('',*,*,#691,.F.);
#1008=ORIENTED_EDGE('',*,*,#695,.F.);
#1009=ORIENTED_EDGE('',*,*,#699,.T.);
#1010=ORIENTED_EDGE('',*,*,#697,.T.);
#1011=ORIENTED_EDGE('',*,*,#710,.T.);
#1012=ORIENTED_EDGE('',*,*,#715,.F.);
#1013=ORIENTED_EDGE('',*,*,#685,.T.);
#1014=ORIENTED_EDGE('',*,*,#688,.T.);
#1015=ORIENTED_EDGE('',*,*,#720,.T.);
#1016=ORIENTED_EDGE('',*,*,#721,.T.);
#1017=ORIENTED_EDGE('',*,*,#722,.T.);
#1018=ORIENTED_EDGE('',*,*,#687,.T.);
#1019=ORIENTED_EDGE('',*,*,#693,.F.);
#1020=ORIENTED_EDGE('',*,*,#716,.T.);
#1021=ORIENTED_EDGE('',*,*,#723,.T.);
#1022=ORIENTED_EDGE('',*,*,#720,.F.);
#1023=ORIENTED_EDGE('',*,*,#672,.T.);
#1024=ORIENTED_EDGE('',*,*,#628,.T.);
#1025=ORIENTED_EDGE('',*,*,#676,.T.);
#1026=ORIENTED_EDGE('',*,*,#703,.T.);
#1027=ORIENTED_EDGE('',*,*,#701,.T.);
#1028=ORIENTED_EDGE('',*,*,#704,.T.);
#1029=ORIENTED_EDGE('',*,*,#577,.T.);
#1030=ORIENTED_EDGE('',*,*,#708,.F.);
#1031=ORIENTED_EDGE('',*,*,#573,.F.);
#1032=ORIENTED_EDGE('',*,*,#706,.T.);
#1033=ORIENTED_EDGE('',*,*,#578,.F.);
#1034=ORIENTED_EDGE('',*,*,#724,.F.);
#1035=ORIENTED_EDGE('',*,*,#725,.F.);
#1036=ORIENTED_EDGE('',*,*,#726,.F.);
#1037=ORIENTED_EDGE('',*,*,#727,.T.);
#1038=ORIENTED_EDGE('',*,*,#582,.T.);
#1039=ORIENTED_EDGE('',*,*,#709,.F.);
#1040=ORIENTED_EDGE('',*,*,#575,.T.);
#1041=ORIENTED_EDGE('',*,*,#728,.T.);
#1042=ORIENTED_EDGE('',*,*,#729,.T.);
#1043=ORIENTED_EDGE('',*,*,#712,.F.);
#1044=ORIENTED_EDGE('',*,*,#730,.F.);
#1045=ORIENTED_EDGE('',*,*,#731,.F.);
#1046=ORIENTED_EDGE('',*,*,#732,.F.);
#1047=ORIENTED_EDGE('',*,*,#733,.T.);
#1048=ORIENTED_EDGE('',*,*,#730,.T.);
#1049=ORIENTED_EDGE('',*,*,#711,.F.);
#1050=ORIENTED_EDGE('',*,*,#722,.F.);
#1051=ORIENTED_EDGE('',*,*,#734,.T.);
#1052=ORIENTED_EDGE('',*,*,#735,.T.);
#1053=ORIENTED_EDGE('',*,*,#718,.T.);
#1054=ORIENTED_EDGE('',*,*,#713,.F.);
#1055=ORIENTED_EDGE('',*,*,#732,.T.);
#1056=ORIENTED_EDGE('',*,*,#736,.F.);
#1057=ORIENTED_EDGE('',*,*,#737,.F.);
#1058=ORIENTED_EDGE('',*,*,#738,.F.);
#1059=ORIENTED_EDGE('',*,*,#719,.T.);
#1060=ORIENTED_EDGE('',*,*,#738,.T.);
#1061=ORIENTED_EDGE('',*,*,#739,.F.);
#1062=ORIENTED_EDGE('',*,*,#734,.F.);
#1063=ORIENTED_EDGE('',*,*,#721,.F.);
#1064=ORIENTED_EDGE('',*,*,#723,.F.);
#1065=ORIENTED_EDGE('',*,*,#728,.F.);
#1066=ORIENTED_EDGE('',*,*,#574,.F.);
#1067=ORIENTED_EDGE('',*,*,#726,.T.);
#1068=ORIENTED_EDGE('',*,*,#740,.T.);
#1069=ORIENTED_EDGE('',*,*,#583,.T.);
#1070=ORIENTED_EDGE('',*,*,#727,.F.);
#1071=ORIENTED_EDGE('',*,*,#741,.F.);
#1072=ORIENTED_EDGE('',*,*,#724,.T.);
#1073=ORIENTED_EDGE('',*,*,#729,.F.);
#1074=ORIENTED_EDGE('',*,*,#740,.F.);
#1075=ORIENTED_EDGE('',*,*,#725,.T.);
#1076=ORIENTED_EDGE('',*,*,#741,.T.);
#1077=ORIENTED_EDGE('',*,*,#733,.F.);
#1078=ORIENTED_EDGE('',*,*,#742,.T.);
#1079=ORIENTED_EDGE('',*,*,#736,.T.);
#1080=ORIENTED_EDGE('',*,*,#731,.T.);
#1081=ORIENTED_EDGE('',*,*,#735,.F.);
#1082=ORIENTED_EDGE('',*,*,#739,.T.);
#1083=ORIENTED_EDGE('',*,*,#737,.T.);
#1084=ORIENTED_EDGE('',*,*,#742,.F.);
#1085=CYLINDRICAL_SURFACE('',#1177,0.349999999960002);
#1086=CYLINDRICAL_SURFACE('',#1182,0.0999999999199992);
#1087=CYLINDRICAL_SURFACE('',#1195,0.0500000000000001);
#1088=CYLINDRICAL_SURFACE('',#1201,0.2);
#1089=CYLINDRICAL_SURFACE('',#1205,0.0999999999999994);
#1090=CYLINDRICAL_SURFACE('',#1210,0.100000000000001);
#1091=CYLINDRICAL_SURFACE('',#1216,0.2);
#1092=CYLINDRICAL_SURFACE('',#1223,0.3);
#1093=CYLINDRICAL_SURFACE('',#1229,0.29999999995);
#1094=CYLINDRICAL_SURFACE('',#1231,0.312500000008);
#1095=CYLINDRICAL_SURFACE('',#1236,0.0999999999999994);
#1096=CYLINDRICAL_SURFACE('',#1242,0.312500000008);
#1097=CYLINDRICAL_SURFACE('',#1244,0.3);
#1098=CYLINDRICAL_SURFACE('',#1251,0.1533470869036);
#1099=CYLINDRICAL_SURFACE('',#1253,0.0499999999099988);
#1100=CYLINDRICAL_SURFACE('',#1257,0.049999999999998);
#1101=CYLINDRICAL_SURFACE('',#1258,0.350000000000001);
#1102=CYLINDRICAL_SURFACE('',#1265,0.1533470869036);
#1103=CYLINDRICAL_SURFACE('',#1277,0.0999999999719992);
#1104=ADVANCED_FACE('',(#79),#1085,.T.);
#1105=ADVANCED_FACE('',(#80),#1086,.F.);
#1106=ADVANCED_FACE('',(#81),#25,.T.);
#1107=ADVANCED_FACE('',(#82),#26,.F.);
#1108=ADVANCED_FACE('',(#83),#1087,.F.);
#1109=ADVANCED_FACE('',(#84),#27,.T.);
#1110=ADVANCED_FACE('',(#85),#28,.F.);
#1111=ADVANCED_FACE('',(#86),#1088,.T.);
#1112=ADVANCED_FACE('',(#87),#23,.F.);
#1113=ADVANCED_FACE('',(#88),#29,.T.);
#1114=ADVANCED_FACE('',(#89),#1089,.F.);
#1115=ADVANCED_FACE('',(#90),#30,.F.);
#1116=ADVANCED_FACE('',(#91),#31,.T.);
#1117=ADVANCED_FACE('',(#92),#32,.T.);
#1118=ADVANCED_FACE('',(#93),#1090,.F.);
#1119=ADVANCED_FACE('',(#94),#33,.T.);
#1120=ADVANCED_FACE('',(#95),#24,.F.);
#1121=ADVANCED_FACE('',(#96),#1091,.T.);
#1122=ADVANCED_FACE('',(#97),#34,.F.);
#1123=ADVANCED_FACE('',(#98),#35,.F.);
#1124=ADVANCED_FACE('',(#99),#36,.F.);
#1125=ADVANCED_FACE('',(#100),#37,.F.);
#1126=ADVANCED_FACE('',(#101),#1092,.T.);
#1127=ADVANCED_FACE('',(#102),#38,.F.);
#1128=ADVANCED_FACE('',(#103),#39,.F.);
#1129=ADVANCED_FACE('',(#104),#40,.T.);
#1130=ADVANCED_FACE('',(#105),#1093,.T.);
#1131=ADVANCED_FACE('',(#106),#1094,.F.);
#1132=ADVANCED_FACE('',(#107),#41,.F.);
#1133=ADVANCED_FACE('',(#108),#1095,.F.);
#1134=ADVANCED_FACE('',(#109),#42,.F.);
#1135=ADVANCED_FACE('',(#110),#1096,.F.);
#1136=ADVANCED_FACE('',(#111),#1097,.T.);
#1137=ADVANCED_FACE('',(#112),#43,.T.);
#1138=ADVANCED_FACE('',(#113),#44,.F.);
#1139=ADVANCED_FACE('',(#114),#45,.F.);
#1140=ADVANCED_FACE('',(#115),#1098,.T.);
#1141=ADVANCED_FACE('',(#116),#1099,.F.);
#1142=ADVANCED_FACE('',(#117),#46,.F.);
#1143=ADVANCED_FACE('',(#118),#47,.F.);
#1144=ADVANCED_FACE('',(#119),#48,.T.);
#1145=ADVANCED_FACE('',(#120),#1100,.F.);
#1146=ADVANCED_FACE('',(#121),#1101,.T.);
#1147=ADVANCED_FACE('',(#122),#49,.F.);
#1148=ADVANCED_FACE('',(#123),#1102,.T.);
#1149=ADVANCED_FACE('',(#124),#50,.T.);
#1150=ADVANCED_FACE('',(#125),#51,.T.);
#1151=ADVANCED_FACE('',(#126),#52,.T.);
#1152=ADVANCED_FACE('',(#127),#53,.F.);
#1153=ADVANCED_FACE('',(#128),#54,.T.);
#1154=ADVANCED_FACE('',(#129),#55,.F.);
#1155=ADVANCED_FACE('',(#130),#56,.T.);
#1156=ADVANCED_FACE('',(#131),#57,.F.);
#1157=ADVANCED_FACE('',(#132),#1103,.F.);
#1158=ADVANCED_FACE('',(#133),#58,.T.);
#1159=ADVANCED_FACE('',(#134),#59,.F.);
#1160=ADVANCED_FACE('',(#135),#60,.T.);
#1161=ADVANCED_FACE('',(#136),#61,.T.);
#1162=ADVANCED_FACE('',(#137),#62,.T.);
#1163=CLOSED_SHELL('',(#1104,#1105,#1106,#1107,#1108,#1109,#1110,#1111,
#1112,#1113,#1114,#1115,#1116,#1117,#1118,#1119,#1120,#1121,#1122,#1123,
#1124,#1125,#1126,#1127,#1128,#1129,#1130,#1131,#1132,#1133,#1134,#1135,
#1136,#1137,#1138,#1139,#1140,#1141,#1142,#1143,#1144,#1145,#1146,#1147,
#1148,#1149,#1150,#1151,#1152,#1153,#1154,#1155,#1156,#1157,#1158,#1159,
#1160,#1161,#1162));
#1164=DERIVED_UNIT_ELEMENT(#1166,1.);
#1165=DERIVED_UNIT_ELEMENT(#2041,-3.);
#1166=(
MASS_UNIT()
NAMED_UNIT(*)
SI_UNIT(.KILO.,.GRAM.)
);
#1167=DERIVED_UNIT((#1164,#1165));
#1168=MEASURE_REPRESENTATION_ITEM('density measure',
POSITIVE_RATIO_MEASURE(7850.),#1167);
#1169=PROPERTY_DEFINITION_REPRESENTATION(#1174,#1171);
#1170=PROPERTY_DEFINITION_REPRESENTATION(#1175,#1172);
#1171=REPRESENTATION('material name',(#1173),#2038);
#1172=REPRESENTATION('density',(#1168),#2038);
#1173=DESCRIPTIVE_REPRESENTATION_ITEM('Acier','Acier');
#1174=PROPERTY_DEFINITION('material property','material name',#2048);
#1175=PROPERTY_DEFINITION('material property','density of part',#2048);
#1176=AXIS2_PLACEMENT_3D('',#1611,#1283,#1284);
#1177=AXIS2_PLACEMENT_3D('',#1612,#1285,#1286);
#1178=AXIS2_PLACEMENT_3D('',#1615,#1287,#1288);
#1179=AXIS2_PLACEMENT_3D('',#1617,#1289,#1290);
#1180=AXIS2_PLACEMENT_3D('',#1621,#1292,#1293);
#1181=AXIS2_PLACEMENT_3D('',#1623,#1294,#1295);
#1182=AXIS2_PLACEMENT_3D('',#1625,#1297,#1298);
#1183=AXIS2_PLACEMENT_3D('',#1628,#1299,#1300);
#1184=AXIS2_PLACEMENT_3D('',#1630,#1301,#1302);
#1185=AXIS2_PLACEMENT_3D('',#1634,#1304,#1305);
#1186=AXIS2_PLACEMENT_3D('',#1636,#1306,#1307);
#1187=AXIS2_PLACEMENT_3D('',#1638,#1309,#1310);
#1188=AXIS2_PLACEMENT_3D('',#1651,#1316,#1317);
#1189=AXIS2_PLACEMENT_3D('',#1655,#1319,#1320);
#1190=AXIS2_PLACEMENT_3D('',#1663,#1324,#1325);
#1191=AXIS2_PLACEMENT_3D('',#1667,#1327,#1328);
#1192=AXIS2_PLACEMENT_3D('',#1675,#1333,#1334);
#1193=AXIS2_PLACEMENT_3D('',#1682,#1337,#1338);
#1194=AXIS2_PLACEMENT_3D('',#1687,#1341,#1342);
#1195=AXIS2_PLACEMENT_3D('',#1689,#1344,#1345);
#1196=AXIS2_PLACEMENT_3D('',#1691,#1346,#1347);
#1197=AXIS2_PLACEMENT_3D('',#1693,#1349,#1350);
#1198=AXIS2_PLACEMENT_3D('',#1704,#1356,#1357);
#1199=AXIS2_PLACEMENT_3D('',#1705,#1358,#1359);
#1200=AXIS2_PLACEMENT_3D('',#1707,#1360,#1361);
#1201=AXIS2_PLACEMENT_3D('',#1715,#1366,#1367);
#1202=AXIS2_PLACEMENT_3D('',#1717,#1368,#1369);
#1203=AXIS2_PLACEMENT_3D('',#1745,#1371,#1372);
#1204=AXIS2_PLACEMENT_3D('',#1746,#1373,#1374);
#1205=AXIS2_PLACEMENT_3D('',#1756,#1380,#1381);
#1206=AXIS2_PLACEMENT_3D('',#1759,#1383,#1384);
#1207=AXIS2_PLACEMENT_3D('',#1760,#1385,#1386);
#1208=AXIS2_PLACEMENT_3D('',#1764,#1389,#1390);
#1209=AXIS2_PLACEMENT_3D('',#1768,#1393,#1394);
#1210=AXIS2_PLACEMENT_3D('',#1772,#1397,#1398);
#1211=AXIS2_PLACEMENT_3D('',#1775,#1400,#1401);
#1212=AXIS2_PLACEMENT_3D('',#1776,#1402,#1403);
#1213=AXIS2_PLACEMENT_3D('',#1795,#1407,#1408);
#1214=AXIS2_PLACEMENT_3D('',#1813,#1410,#1411);
#1215=AXIS2_PLACEMENT_3D('',#1814,#1412,#1413);
#1216=AXIS2_PLACEMENT_3D('',#1815,#1414,#1415);
#1217=AXIS2_PLACEMENT_3D('',#1818,#1417,#1418);
#1218=AXIS2_PLACEMENT_3D('',#1819,#1419,#1420);
#1219=AXIS2_PLACEMENT_3D('',#1823,#1422,#1423);
#1220=AXIS2_PLACEMENT_3D('',#1829,#1427,#1428);
#1221=AXIS2_PLACEMENT_3D('',#1831,#1430,#1431);
#1222=AXIS2_PLACEMENT_3D('',#1833,#1433,#1434);
#1223=AXIS2_PLACEMENT_3D('',#1835,#1436,#1437);
#1224=AXIS2_PLACEMENT_3D('',#1837,#1439,#1440);
#1225=AXIS2_PLACEMENT_3D('',#1841,#1442,#1443);
#1226=AXIS2_PLACEMENT_3D('',#1843,#1445,#1446);
#1227=AXIS2_PLACEMENT_3D('',#1847,#1449,#1450);
#1228=AXIS2_PLACEMENT_3D('',#1852,#1453,#1454);
#1229=AXIS2_PLACEMENT_3D('',#1853,#1455,#1456);
#1230=AXIS2_PLACEMENT_3D('',#1864,#1458,#1459);
#1231=AXIS2_PLACEMENT_3D('',#1873,#1460,#1461);
#1232=AXIS2_PLACEMENT_3D('',#1875,#1462,#1463);
#1233=AXIS2_PLACEMENT_3D('',#1878,#1465,#1466);
#1234=AXIS2_PLACEMENT_3D('',#1879,#1467,#1468);
#1235=AXIS2_PLACEMENT_3D('',#1881,#1469,#1470);
#1236=AXIS2_PLACEMENT_3D('',#1884,#1473,#1474);
#1237=AXIS2_PLACEMENT_3D('',#1886,#1475,#1476);
#1238=AXIS2_PLACEMENT_3D('',#1888,#1477,#1478);
#1239=AXIS2_PLACEMENT_3D('',#1890,#1480,#1481);
#1240=AXIS2_PLACEMENT_3D('',#1895,#1483,#1484);
#1241=AXIS2_PLACEMENT_3D('',#1898,#1486,#1487);
#1242=AXIS2_PLACEMENT_3D('',#1902,#1490,#1491);
#1243=AXIS2_PLACEMENT_3D('',#1905,#1492,#1493);
#1244=AXIS2_PLACEMENT_3D('',#1913,#1495,#1496);
#1245=AXIS2_PLACEMENT_3D('',#1926,#1498,#1499);
#1246=AXIS2_PLACEMENT_3D('',#1928,#1501,#1502);
#1247=AXIS2_PLACEMENT_3D('',#1931,#1504,#1505);
#1248=AXIS2_PLACEMENT_3D('',#1932,#1506,#1507);
#1249=AXIS2_PLACEMENT_3D('',#1936,#1509,#1510);
#1250=AXIS2_PLACEMENT_3D('',#1938,#1512,#1513);
#1251=AXIS2_PLACEMENT_3D('',#1940,#1515,#1516);
#1252=AXIS2_PLACEMENT_3D('',#1944,#1518,#1519);
#1253=AXIS2_PLACEMENT_3D('',#1951,#1520,#1521);
#1254=AXIS2_PLACEMENT_3D('',#1953,#1523,#1524);
#1255=AXIS2_PLACEMENT_3D('',#1957,#1528,#1529);
#1256=AXIS2_PLACEMENT_3D('',#1959,#1531,#1532);
#1257=AXIS2_PLACEMENT_3D('',#1962,#1535,#1536);
#1258=AXIS2_PLACEMENT_3D('',#1969,#1537,#1538);
#1259=AXIS2_PLACEMENT_3D('',#1972,#1539,#1540);
#1260=AXIS2_PLACEMENT_3D('',#1976,#1542,#1543);
#1261=AXIS2_PLACEMENT_3D('',#1977,#1544,#1545);
#1262=AXIS2_PLACEMENT_3D('',#1978,#1546,#1547);
#1263=AXIS2_PLACEMENT_3D('',#1979,#1548,#1549);
#1264=AXIS2_PLACEMENT_3D('',#1985,#1553,#1554);
#1265=AXIS2_PLACEMENT_3D('',#1986,#1555,#1556);
#1266=AXIS2_PLACEMENT_3D('',#1987,#1557,#1558);
#1267=AXIS2_PLACEMENT_3D('',#1991,#1560,#1561);
#1268=AXIS2_PLACEMENT_3D('',#1993,#1563,#1564);
#1269=AXIS2_PLACEMENT_3D('',#1995,#1566,#1567);
#1270=AXIS2_PLACEMENT_3D('',#1996,#1568,#1569);
#1271=AXIS2_PLACEMENT_3D('',#2002,#1573,#1574);
#1272=AXIS2_PLACEMENT_3D('',#2008,#1578,#1579);
#1273=AXIS2_PLACEMENT_3D('',#2014,#1583,#1584);
#1274=AXIS2_PLACEMENT_3D('',#2018,#1586,#1587);
#1275=AXIS2_PLACEMENT_3D('',#2020,#1589,#1590);
#1276=AXIS2_PLACEMENT_3D('',#2025,#1593,#1594);
#1277=AXIS2_PLACEMENT_3D('',#2026,#1595,#1596);
#1278=AXIS2_PLACEMENT_3D('',#2028,#1598,#1599);
#1279=AXIS2_PLACEMENT_3D('',#2030,#1601,#1602);
#1280=AXIS2_PLACEMENT_3D('',#2032,#1604,#1605);
#1281=AXIS2_PLACEMENT_3D('',#2033,#1606,#1607);
#1282=AXIS2_PLACEMENT_3D('',#2035,#1609,#1610);
#1283=DIRECTION('axis',(0.,0.,1.));
#1284=DIRECTION('refdir',(1.,0.,0.));
#1285=DIRECTION('center_axis',(0.,0.,1.));
#1286=DIRECTION('ref_axis',(1.,0.,0.));
#1287=DIRECTION('center_axis',(5.74621510083561E-14,0.0217063684468102,
0.999764389028161));
#1288=DIRECTION('ref_axis',(0.999999999999621,8.70582060827337E-7,-1.8901685836786E-8));
#1289=DIRECTION('center_axis',(0.,0.,1.));
#1290=DIRECTION('ref_axis',(1.,0.,0.));
#1291=DIRECTION('',(0.,0.,1.));
#1292=DIRECTION('center_axis',(0.,0.,1.));
#1293=DIRECTION('ref_axis',(1.,0.,0.));
#1294=DIRECTION('center_axis',(-4.80108467715035E-13,-0.252515420532838,
0.967592870164474));
#1295=DIRECTION('ref_axis',(0.999999994826452,9.84242010002275E-5,2.56860398136526E-5));
#1296=DIRECTION('',(0.,0.,1.));
#1297=DIRECTION('center_axis',(0.,0.,1.));
#1298=DIRECTION('ref_axis',(1.,0.,0.));
#1299=DIRECTION('center_axis',(0.,0.,-1.));
#1300=DIRECTION('ref_axis',(1.,-1.04083408641876E-13,0.));
#1301=DIRECTION('center_axis',(2.52949811293506E-13,-0.0217063684468501,
-0.99976438902816));
#1302=DIRECTION('ref_axis',(1.69466037303301E-6,0.999764389026724,-0.0217063684468189));
#1303=DIRECTION('',(0.,0.,1.));
#1304=DIRECTION('center_axis',(-6.42194582428977E-12,0.25251542053315,-0.967592870164392));
#1305=DIRECTION('ref_axis',(5.87237843533654E-9,0.967592870164392,0.25251542053315));
#1306=DIRECTION('center_axis',(0.,0.,-1.));
#1307=DIRECTION('ref_axis',(1.,8.673617386823E-14,0.));
#1308=DIRECTION('',(0.,0.,1.));
#1309=DIRECTION('center_axis',(0.,0.,1.));
#1310=DIRECTION('ref_axis',(1.,0.,0.));
#1311=DIRECTION('',(1.,0.,0.));
#1312=DIRECTION('',(0.,1.,0.));
#1313=DIRECTION('',(1.,0.,0.));
#1314=DIRECTION('',(0.,1.,0.));
#1315=DIRECTION('',(-0.0658028379711312,0.997832644542633,0.));
#1316=DIRECTION('center_axis',(-9.11652047987079E-12,-1.53872954952017E-12,
1.));
#1317=DIRECTION('ref_axis',(0.964273728904967,0.264907862744221,9.19844275406827E-12));
#1318=DIRECTION('',(-1.,0.,0.));
#1319=DIRECTION('center_axis',(0.,-1.08420217248549E-15,-1.));
#1320=DIRECTION('ref_axis',(0.,-1.,1.08420217248549E-15));
#1321=DIRECTION('',(0.,1.,0.));
#1322=DIRECTION('',(-1.,0.,0.));
#1323=DIRECTION('',(0.,-1.,0.));
#1324=DIRECTION('center_axis',(0.,-1.08420217248551E-15,-1.));
#1325=DIRECTION('ref_axis',(0.,-1.,1.08420217248551E-15));
#1326=DIRECTION('',(-1.,0.,0.));
#1327=DIRECTION('center_axis',(1.10570604432597E-11,-2.14911419357097E-12,
1.));
#1328=DIRECTION('ref_axis',(0.964618719866426,-0.263648867403707,-1.12324590133191E-11));
#1329=DIRECTION('',(-0.0644510105900998,-0.997920872230817,0.));
#1330=DIRECTION('',(0.,-1.,0.));
#1331=DIRECTION('',(1.,0.,0.));
#1332=DIRECTION('',(0.,-1.,0.));
#1333=DIRECTION('center_axis',(-1.,0.,0.));
#1334=DIRECTION('ref_axis',(0.,0.,1.));
#1335=DIRECTION('',(0.,1.,0.));
#1336=DIRECTION('',(0.,0.,1.));
#1337=DIRECTION('center_axis',(-1.,0.,0.));
#1338=DIRECTION('ref_axis',(0.,0.,-1.));
#1339=DIRECTION('',(0.,1.,0.));
#1340=DIRECTION('',(0.,0.,-1.));
#1341=DIRECTION('center_axis',(1.,0.,0.));
#1342=DIRECTION('ref_axis',(0.,0.,-1.));
#1343=DIRECTION('',(0.,0.,-1.));
#1344=DIRECTION('center_axis',(1.,0.,0.));
#1345=DIRECTION('ref_axis',(0.,0.,-1.));
#1346=DIRECTION('center_axis',(1.,0.,0.));
#1347=DIRECTION('ref_axis',(0.,0.,-1.));
#1348=DIRECTION('',(-1.,0.,0.));
#1349=DIRECTION('center_axis',(-1.,0.,0.));
#1350=DIRECTION('ref_axis',(0.,0.,1.));
#1351=DIRECTION('',(0.,0.,1.));
#1352=DIRECTION('',(0.,1.,0.));
#1353=DIRECTION('',(0.,0.,-1.));
#1354=DIRECTION('',(0.,0.,-1.));
#1355=DIRECTION('',(0.,-1.,0.));
#1356=DIRECTION('center_axis',(-1.,0.,0.));
#1357=DIRECTION('ref_axis',(0.,0.,-1.));
#1358=DIRECTION('center_axis',(0.,1.,0.));
#1359=DIRECTION('ref_axis',(0.,0.,1.));
#1360=DIRECTION('center_axis',(0.,1.,0.));
#1361=DIRECTION('ref_axis',(0.,0.,-1.));
#1362=DIRECTION('',(0.,0.,1.));
#1363=DIRECTION('',(-1.,0.,0.));
#1364=DIRECTION('',(0.,0.,-1.));
#1365=DIRECTION('',(1.,0.,0.));
#1366=DIRECTION('center_axis',(0.,-1.,0.));
#1367=DIRECTION('ref_axis',(-0.70710678113167,0.,0.707106781241425));
#1368=DIRECTION('center_axis',(0.,-1.,0.));
#1369=DIRECTION('ref_axis',(0.,0.,-1.));
#1370=DIRECTION('',(0.,-1.,0.));
#1371=DIRECTION('center_axis',(0.,0.,-1.));
#1372=DIRECTION('ref_axis',(-1.,0.,0.));
#1373=DIRECTION('center_axis',(0.,1.,0.));
#1374=DIRECTION('ref_axis',(0.,0.,1.));
#1375=DIRECTION('',(0.,0.,-1.));
#1376=DIRECTION('',(-1.,0.,0.));
#1377=DIRECTION('',(0.,0.,1.));
#1378=DIRECTION('',(-1.,0.,0.));
#1379=DIRECTION('',(0.,1.80700362111034E-16,1.));
#1380=DIRECTION('center_axis',(0.,1.08420217248551E-15,1.));
#1381=DIRECTION('ref_axis',(0.,-1.,1.08420217248551E-15));
#1382=DIRECTION('',(0.,1.08420217248551E-15,1.));
#1383=DIRECTION('center_axis',(0.,-1.08420217248551E-15,-1.));
#1384=DIRECTION('ref_axis',(0.,-1.,1.08420217248551E-15));
#1385=DIRECTION('center_axis',(1.,0.,0.));
#1386=DIRECTION('ref_axis',(0.,0.,-1.));
#1387=DIRECTION('',(0.,0.,1.));
#1388=DIRECTION('',(0.,1.,0.));
#1389=DIRECTION('center_axis',(0.,1.,0.));
#1390=DIRECTION('ref_axis',(0.,0.,1.));
#1391=DIRECTION('',(0.,0.,-1.));
#1392=DIRECTION('',(-1.,0.,0.));
#1393=DIRECTION('center_axis',(1.,0.,0.));
#1394=DIRECTION('ref_axis',(0.,0.,-1.));
#1395=DIRECTION('',(0.,0.,-1.));
#1396=DIRECTION('',(0.,1.,0.));
#1397=DIRECTION('center_axis',(0.,1.08420217248549E-15,1.));
#1398=DIRECTION('ref_axis',(0.,-1.,1.08420217248549E-15));
#1399=DIRECTION('',(0.,1.08420217248549E-15,1.));
#1400=DIRECTION('center_axis',(0.,1.08420217248549E-15,1.));
#1401=DIRECTION('ref_axis',(0.,-1.,1.08420217248549E-15));
#1402=DIRECTION('center_axis',(0.,1.,0.));
#1403=DIRECTION('ref_axis',(0.,0.,1.));
#1404=DIRECTION('',(0.,0.,-1.));
#1405=DIRECTION('',(-1.,0.,0.));
#1406=DIRECTION('',(0.,0.,1.));
#1407=DIRECTION('center_axis',(0.,-1.,-2.16840434497102E-15));
#1408=DIRECTION('ref_axis',(0.,2.16840434497102E-15,-1.));
#1409=DIRECTION('',(-1.,0.,0.));
#1410=DIRECTION('center_axis',(0.,-1.,0.));
#1411=DIRECTION('ref_axis',(0.,0.,1.));
#1412=DIRECTION('center_axis',(2.56898697903821E-14,5.29605974943418E-15,
-1.));
#1413=DIRECTION('ref_axis',(-1.,-1.7529022977174E-30,-2.56898697903821E-14));
#1414=DIRECTION('center_axis',(0.,1.,0.));
#1415=DIRECTION('ref_axis',(0.,0.,1.));
#1416=DIRECTION('',(0.,1.,0.));
#1417=DIRECTION('center_axis',(0.,1.,0.));
#1418=DIRECTION('ref_axis',(0.,0.,1.));
#1419=DIRECTION('center_axis',(0.,1.,0.));
#1420=DIRECTION('ref_axis',(0.,0.,1.));
#1421=DIRECTION('',(-1.,0.,0.));
#1422=DIRECTION('center_axis',(0.,-1.,-2.16840434497102E-15));
#1423=DIRECTION('ref_axis',(0.,2.16840434497102E-15,-1.));
#1424=DIRECTION('',(0.,0.,1.));
#1425=DIRECTION('',(-1.,0.,0.));
#1426=DIRECTION('',(0.,0.,-1.));
#1427=DIRECTION('center_axis',(0.,-1.,0.));
#1428=DIRECTION('ref_axis',(0.,0.,-1.));
#1429=DIRECTION('',(-1.,0.,0.));
#1430=DIRECTION('center_axis',(0.,0.,-1.));
#1431=DIRECTION('ref_axis',(-1.,0.,0.));
#1432=DIRECTION('',(-1.,0.,0.));
#1433=DIRECTION('center_axis',(0.,1.,0.));
#1434=DIRECTION('ref_axis',(0.,0.,1.));
#1435=DIRECTION('',(-1.,0.,0.));
#1436=DIRECTION('center_axis',(1.,0.,0.));
#1437=DIRECTION('ref_axis',(0.,0.,-1.));
#1438=DIRECTION('',(1.,0.,0.));
#1439=DIRECTION('center_axis',(1.,0.,0.));
#1440=DIRECTION('ref_axis',(0.,0.,-1.));
#1441=DIRECTION('',(0.,0.,1.));
#1442=DIRECTION('center_axis',(1.,-5.65619964162515E-15,0.));
#1443=DIRECTION('ref_axis',(-5.65619964162515E-15,-1.,7.07024955203143E-16));
#1444=DIRECTION('',(0.,1.,0.));
#1445=DIRECTION('center_axis',(0.,0.,1.));
#1446=DIRECTION('ref_axis',(1.,0.,0.));
#1447=DIRECTION('',(-1.,0.,0.));
#1448=DIRECTION('',(0.,1.,0.));
#1449=DIRECTION('center_axis',(1.,0.,0.));
#1450=DIRECTION('ref_axis',(0.,0.,-1.));
#1451=DIRECTION('',(0.,0.,1.));
#1452=DIRECTION('',(0.,-1.,0.));
#1453=DIRECTION('center_axis',(1.,-5.65619964162515E-15,0.));
#1454=DIRECTION('ref_axis',(-5.65619964162515E-15,-1.,-2.12107486560943E-15));
#1455=DIRECTION('center_axis',(0.,1.80700362111034E-16,1.));
#1456=DIRECTION('ref_axis',(0.,-1.,1.80700362111034E-16));
#1457=DIRECTION('',(0.,-1.80700362111034E-16,-1.));
#1458=DIRECTION('center_axis',(7.05230275667818E-13,0.0217063684466573,
0.999764389028164));
#1459=DIRECTION('ref_axis',(3.01597874573165E-6,-0.999764389023617,0.0217063684465586));
#1460=DIRECTION('center_axis',(-1.,0.,0.));
#1461=DIRECTION('ref_axis',(0.,-0.573576439743477,-0.819152041913586));
#1462=DIRECTION('center_axis',(-0.946033028897631,0.324070221147785,2.43028573793949E-15));
#1463=DIRECTION('ref_axis',(0.324070221147785,0.946033028897631,5.98374054075188E-11));
#1464=DIRECTION('',(1.,0.,0.));
#1465=DIRECTION('center_axis',(0.946033028898542,-0.324070221145125,-1.20023189058978E-12));
#1466=DIRECTION('ref_axis',(0.324070221145125,0.946033028898542,1.54722881226628E-12));
#1467=DIRECTION('center_axis',(0.,0.,1.));
#1468=DIRECTION('ref_axis',(1.,0.,0.));
#1469=DIRECTION('center_axis',(0.,0.,1.));
#1470=DIRECTION('ref_axis',(1.,0.,0.));
#1471=DIRECTION('',(-0.324070221147782,-0.946033028897632,0.));
#1472=DIRECTION('',(0.,1.,0.));
#1473=DIRECTION('center_axis',(0.,-1.,-2.16840434497102E-15));
#1474=DIRECTION('ref_axis',(0.,2.16840434497102E-15,-1.));
#1475=DIRECTION('center_axis',(-0.94603302927659,-0.32407022004152,-1.53001927412481E-9));
#1476=DIRECTION('ref_axis',(0.32407022004152,-0.94603302927659,2.92418215557917E-9));
#1477=DIRECTION('center_axis',(0.0400649532364681,-0.815257346376055,0.577711224317161));
#1478=DIRECTION('ref_axis',(-0.0070789126658933,-0.578392536523672,-0.815727872938752));
#1479=DIRECTION('',(0.,1.,2.16840434497102E-15));
#1480=DIRECTION('center_axis',(0.946033028899159,0.324070221143324,0.));
#1481=DIRECTION('ref_axis',(-0.324070221143324,0.946033028899159,0.));
#1482=DIRECTION('',(-0.324001882972027,0.945833534582915,-0.020535449568243));
#1483=DIRECTION('center_axis',(0.946033028897683,0.324070221147633,-3.45583330585777E-13));
#1484=DIRECTION('ref_axis',(0.324070221147633,-0.946033028897683,4.84942525426234E-11));
#1485=DIRECTION('',(0.,0.,-1.));
#1486=DIRECTION('center_axis',(-0.946033028899159,-0.324070221143323,3.00587343821014E-15));
#1487=DIRECTION('ref_axis',(0.324070221143323,-0.946033028899159,-6.36971830302156E-11));
#1488=DIRECTION('',(0.314623267550791,-0.918455270938297,-0.239691707827623));
#1489=DIRECTION('',(0.,0.,1.));
#1490=DIRECTION('center_axis',(-1.,0.,0.));
#1491=DIRECTION('ref_axis',(0.,-0.573576351507671,-0.819152103696956));
#1492=DIRECTION('center_axis',(-0.946033028898856,-0.32407022114421,-6.71792314179379E-15));
#1493=DIRECTION('ref_axis',(0.32407022114421,-0.946033028898856,-5.97342085304319E-10));
#1494=DIRECTION('',(1.,0.,0.));
#1495=DIRECTION('center_axis',(0.,0.,1.));
#1496=DIRECTION('ref_axis',(1.,0.,0.));
#1497=DIRECTION('',(0.,0.,-1.));
#1498=DIRECTION('center_axis',(9.29518499703468E-13,0.0217063684470491,
0.999764389028155));
#1499=DIRECTION('ref_axis',(1.18281927212691E-6,-0.999764389027456,0.0217063684470339));
#1500=DIRECTION('',(0.,0.,1.));
#1501=DIRECTION('center_axis',(1.,0.,0.));
#1502=DIRECTION('ref_axis',(0.,0.,-1.));
#1503=DIRECTION('',(0.,1.,0.));
#1504=DIRECTION('center_axis',(1.,0.,0.));
#1505=DIRECTION('ref_axis',(0.,-4.24214973121886E-15,1.));
#1506=DIRECTION('center_axis',(1.,0.,0.));
#1507=DIRECTION('ref_axis',(0.,0.,-1.));
#1508=DIRECTION('',(0.,0.,1.));
#1509=DIRECTION('center_axis',(1.,0.,0.));
#1510=DIRECTION('ref_axis',(0.,-1.13123992832503E-14,1.));
#1511=DIRECTION('',(0.,1.,0.));
#1512=DIRECTION('center_axis',(0.,0.,1.));
#1513=DIRECTION('ref_axis',(1.,0.,0.));
#1514=DIRECTION('',(-1.,0.,0.));
#1515=DIRECTION('center_axis',(-1.,5.65619964162515E-15,0.));
#1516=DIRECTION('ref_axis',(4.70624257664777E-15,0.832050294337836,-0.554700196225241));
#1517=DIRECTION('',(1.,-5.65619964162515E-15,0.));
#1518=DIRECTION('center_axis',(0.946033028971892,-0.324070220931,-2.7595600312894E-11));
#1519=DIRECTION('ref_axis',(0.324070220931,0.946033028971892,5.30179118766251E-11));
#1520=DIRECTION('center_axis',(0.,0.,1.));
#1521=DIRECTION('ref_axis',(-0.991516964727855,0.129977339012847,0.));
#1522=DIRECTION('',(0.,0.,-1.));
#1523=DIRECTION('center_axis',(0.,0.021706368446819,0.99976438902816));
#1524=DIRECTION('ref_axis',(0.,-0.99976438902816,0.021706368446819));
#1525=DIRECTION('',(0.324001882975831,0.945833534581613,-0.0205354495682156));
#1526=DIRECTION('',(-0.324001882973369,-0.945833534582456,0.0205354495682339));
#1527=DIRECTION('',(-1.,0.,0.));
#1528=DIRECTION('center_axis',(0.946033028898498,-0.324070221145255,0.));
#1529=DIRECTION('ref_axis',(0.324070221145255,0.946033028898498,0.));
#1530=DIRECTION('',(-0.314623254905057,-0.918455234016474,-0.239691865904315));
#1531=DIRECTION('center_axis',(0.,-0.25251542053287,0.967592870164465));
#1532=DIRECTION('ref_axis',(0.,-0.967592870164465,-0.25251542053287));
#1533=DIRECTION('',(0.314623201039635,0.918455259076206,0.239691840584597));
#1534=DIRECTION('',(-1.,0.,0.));
#1535=DIRECTION('center_axis',(0.,0.,1.));
#1536=DIRECTION('ref_axis',(1.,0.,0.));
#1537=DIRECTION('center_axis',(0.,0.,1.));
#1538=DIRECTION('ref_axis',(-0.988274857800966,0.152685315071488,0.));
#1539=DIRECTION('center_axis',(0.,0.,-1.));
#1540=DIRECTION('ref_axis',(1.,-9.91270557701029E-15,0.));
#1541=DIRECTION('',(0.,0.,-1.));
#1542=DIRECTION('center_axis',(0.,0.,1.));
#1543=DIRECTION('ref_axis',(1.,0.,0.));
#1544=DIRECTION('center_axis',(1.53838536325383E-13,0.0217063684468267,
0.99976438902816));
#1545=DIRECTION('ref_axis',(-0.966221094944918,-0.257653842041703,0.00559404724615465));
#1546=DIRECTION('center_axis',(-6.59581710752963E-12,0.252515420532602,
-0.967592870164535));
#1547=DIRECTION('ref_axis',(-0.999999994830243,9.83881267432577E-5,2.56766317338239E-5));
#1548=DIRECTION('center_axis',(0.,0.021706368446819,0.99976438902816));
#1549=DIRECTION('ref_axis',(0.,-0.99976438902816,0.021706368446819));
#1550=DIRECTION('',(-0.324001882802619,0.94583353464092,-0.0205354495695033));
#1551=DIRECTION('',(1.,0.,0.));
#1552=DIRECTION('',(-1.,0.,0.));
#1553=DIRECTION('center_axis',(8.0427559623942E-14,-0.0217063684468115,
-0.999764389028161));
#1554=DIRECTION('ref_axis',(-1.60428703761384E-6,0.999764389026874,-0.0217063684467835));
#1555=DIRECTION('center_axis',(-1.,0.,0.));
#1556=DIRECTION('ref_axis',(0.,0.,1.));
#1557=DIRECTION('center_axis',(0.,-0.25251542053287,0.967592870164465));
#1558=DIRECTION('ref_axis',(0.,-0.967592870164465,-0.25251542053287));
#1559=DIRECTION('',(-0.314623259682014,0.918455240268766,0.239691835676367));
#1560=DIRECTION('center_axis',(2.34890351449734E-13,0.252515420532903,-0.967592870164457));
#1561=DIRECTION('ref_axis',(-5.1543320513993E-9,0.967592870164457,0.252515420532903));
#1562=DIRECTION('',(-1.,0.,0.));
#1563=DIRECTION('center_axis',(0.946033028898857,0.324070221144207,0.));
#1564=DIRECTION('ref_axis',(-0.324070221144207,0.946033028898857,0.));
#1565=DIRECTION('',(0.,0.,1.));
#1566=DIRECTION('center_axis',(0.946033028897632,-0.324070221147782,0.));
#1567=DIRECTION('ref_axis',(0.324070221147782,0.946033028897632,0.));
#1568=DIRECTION('center_axis',(0.,0.,1.));
#1569=DIRECTION('ref_axis',(1.,0.,0.));
#1570=DIRECTION('',(0.537345008305728,-0.843362521131285,0.));
#1571=DIRECTION('',(-0.843362520997066,-0.537345008516385,0.));
#1572=DIRECTION('',(-0.537345008439704,0.843362521045923,0.));
#1573=DIRECTION('center_axis',(0.,0.,1.));
#1574=DIRECTION('ref_axis',(1.,0.,0.));
#1575=DIRECTION('',(0.5373450080401,-0.843362521300529,0.));
#1576=DIRECTION('',(-0.537345008426908,0.843362521054076,0.));
#1577=DIRECTION('',(-0.84336252099707,-0.537345008516378,0.));
#1578=DIRECTION('center_axis',(0.843362521086008,-0.537345008376791,0.));
#1579=DIRECTION('ref_axis',(0.537345008376791,0.843362521086008,0.));
#1580=DIRECTION('',(-0.537345008376791,-0.843362521086008,0.));
#1581=DIRECTION('',(0.,0.,1.));
#1582=DIRECTION('',(0.537345008376791,0.843362521086008,0.));
#1583=DIRECTION('center_axis',(0.,0.,1.));
#1584=DIRECTION('ref_axis',(1.,0.,0.));
#1585=DIRECTION('',(-0.843362520750174,0.537345008903882,0.));
#1586=DIRECTION('center_axis',(0.,0.,-1.));
#1587=DIRECTION('ref_axis',(1.,-4.33680869115636E-14,0.));
#1588=DIRECTION('',(0.537345008377713,0.84336252108542,0.));
#1589=DIRECTION('center_axis',(0.,0.,1.));
#1590=DIRECTION('ref_axis',(1.,0.,0.));
#1591=DIRECTION('',(-0.843362521108404,0.537345008341639,0.));
#1592=DIRECTION('',(0.537345008112082,0.843362521254666,0.));
#1593=DIRECTION('center_axis',(0.,0.,-1.));
#1594=DIRECTION('ref_axis',(1.,4.77048956027199E-14,0.));
#1595=DIRECTION('center_axis',(0.,0.,1.));
#1596=DIRECTION('ref_axis',(-0.988279405561838,0.152655876212937,0.));
#1597=DIRECTION('',(0.,0.,-1.));
#1598=DIRECTION('center_axis',(0.84336252108933,0.537345008371576,0.));
#1599=DIRECTION('ref_axis',(-0.537345008371576,0.84336252108933,0.));
#1600=DIRECTION('',(0.,0.,1.));
#1601=DIRECTION('center_axis',(0.843362521079849,0.537345008386457,0.));
#1602=DIRECTION('ref_axis',(-0.537345008386457,0.843362521079849,0.));
#1603=DIRECTION('',(0.,0.,1.));
#1604=DIRECTION('center_axis',(-0.537345008495082,0.843362521010639,0.));
#1605=DIRECTION('ref_axis',(-0.843362521010639,-0.537345008495082,0.));
#1606=DIRECTION('center_axis',(0.537345008342334,0.843362521107962,0.));
#1607=DIRECTION('ref_axis',(-0.843362521107962,0.537345008342334,0.));
#1608=DIRECTION('',(0.,0.,-1.));
#1609=DIRECTION('center_axis',(0.843362521085265,-0.537345008377957,0.));
#1610=DIRECTION('ref_axis',(0.537345008377957,0.843362521085265,0.));
#1611=CARTESIAN_POINT('',(0.,0.,0.));
#1612=CARTESIAN_POINT('Origin',(-10.7449993779,3.3999993945,0.720023999499977));
#1613=CARTESIAN_POINT('',(-10.4068229841152,3.30979558826891,0.721982459468388));
#1614=CARTESIAN_POINT('',(-10.39499937794,3.39999943054632,0.720023999964146));
#1615=CARTESIAN_POINT('Origin',(-10.7451595077248,3.39999912337815,0.720024006867201));
#1616=CARTESIAN_POINT('',(-10.4498224954833,3.58807014729334,0.720023999508223));
#1617=CARTESIAN_POINT('Origin',(-10.7449993779,3.3999993945,0.720023999516445));
#1618=CARTESIAN_POINT('',(-10.4498224954835,3.58807014729006,1.6000239995));
#1619=CARTESIAN_POINT('',(-10.4498224953929,3.5880701471581,0.720023999499977));
#1620=CARTESIAN_POINT('',(-10.3949993779402,3.39999943407493,1.60002399468493));
#1621=CARTESIAN_POINT('Origin',(-10.7449993779,3.3999993945,1.6000239995));
#1622=CARTESIAN_POINT('',(-10.406822984115,3.30979558826948,1.57648324182405));
#1623=CARTESIAN_POINT('Origin',(-10.7681351357788,3.39996270301098,1.60001440622085));
#1624=CARTESIAN_POINT('',(-10.4068229841159,3.30979558826728,0.6357266050771));
#1625=CARTESIAN_POINT('Origin',(-10.7449993779,3.3999993945,0.720023999499977));
#1626=CARTESIAN_POINT('',(-10.6606631259274,3.45373389541224,0.720023999549334));
#1627=CARTESIAN_POINT('',(-10.64499937798,3.39999942902795,0.720024000015384));
#1628=CARTESIAN_POINT('Origin',(-10.7449993779,3.3999993945,0.720023999598667));
#1629=CARTESIAN_POINT('',(-10.6483759304116,3.37423295548395,0.720583428606855));
#1630=CARTESIAN_POINT('Origin',(-10.7449993778221,3.39999939442,0.720024000982435));
#1631=CARTESIAN_POINT('',(-10.6483759304127,3.37423295547983,1.59329964196599));
#1632=CARTESIAN_POINT('',(-10.64837593041,3.37423295548767,1.610753966235));
#1633=CARTESIAN_POINT('',(-10.64499937798,3.39999943246686,1.60002399431182));
#1634=CARTESIAN_POINT('Origin',(-10.7449993780987,3.39999939446118,1.60002398169219));
#1635=CARTESIAN_POINT('',(-10.6606631259205,3.453733895398,1.6000239995));
#1636=CARTESIAN_POINT('Origin',(-10.7449993779,3.3999993945,1.6000239995));
#1637=CARTESIAN_POINT('',(-10.6606631260095,3.45373389553113,0.720023999499977));
#1638=CARTESIAN_POINT('Origin',(-10.94,0.166865072148,2.0000078944));
#1639=CARTESIAN_POINT('',(-10.41,1.2999994627,2.0000078944));
#1640=CARTESIAN_POINT('',(-9.91,1.2999994627,2.0000078944));
#1641=CARTESIAN_POINT('',(-10.94,1.2999994627,2.0000078944));
#1642=CARTESIAN_POINT('',(-9.91,1.4499994627,2.0000078944));
#1643=CARTESIAN_POINT('',(-9.91,0.166865072148,2.0000078944));
#1644=CARTESIAN_POINT('',(-9.41,1.4499994627,2.0000078944));
#1645=CARTESIAN_POINT('',(-10.94,1.4499994627,2.0000078944));
#1646=CARTESIAN_POINT('',(-9.41,1.97891541249999,2.0000078944));
#1647=CARTESIAN_POINT('',(-9.41,0.166865072148,2.0000078944));
#1648=CARTESIAN_POINT('',(-9.41086600269653,1.99204745646626,2.0000078944));
#1649=CARTESIAN_POINT('',(-9.41000000000001,1.97891541250012,2.0000078944));
#1650=CARTESIAN_POINT('',(-9.41805780934279,2.01824228607196,2.00000789439999));
#1651=CARTESIAN_POINT('Origin',(-987.479273391846,-266.691423238309,2.00000788506999));
#1652=CARTESIAN_POINT('',(-9.81,2.01824226640723,2.0000078944));
#1653=CARTESIAN_POINT('',(-10.94,2.0182423460217,2.0000078944));
#1654=CARTESIAN_POINT('',(-9.91,2.1182422266,2.0000078944));
#1655=CARTESIAN_POINT('Origin',(-9.81,2.1182422266,2.0000078944));
#1656=CARTESIAN_POINT('',(-9.91,4.3499994627,2.0000078944));
#1657=CARTESIAN_POINT('',(-9.91,0.166865072148,2.0000078944));
#1658=CARTESIAN_POINT('',(-10.41,4.3499994627,2.0000078944));
#1659=CARTESIAN_POINT('',(-10.94,4.3499994627,2.0000078944));
#1660=CARTESIAN_POINT('',(-10.41,2.1182422266,2.0000078944));
#1661=CARTESIAN_POINT('',(-10.41,0.166865072148,2.0000078944));
#1662=CARTESIAN_POINT('',(-10.51,2.01824222884308,2.0000078944));
#1663=CARTESIAN_POINT('Origin',(-10.51,2.1182422266,2.0000078944));
#1664=CARTESIAN_POINT('',(-10.9019421984051,2.01824223113346,2.00000789439996));
#1665=CARTESIAN_POINT('',(-10.94,2.01824223332925,2.0000078944));
#1666=CARTESIAN_POINT('',(-10.9091692134716,1.99177881368477,2.0000078944));
#1667=CARTESIAN_POINT('Origin',(418.906095774265,-115.470765489607,2.00000788939506));
#1668=CARTESIAN_POINT('',(-10.909999999969,1.97891541276624,2.0000078944));
#1669=CARTESIAN_POINT('',(-10.9091692134689,1.99177881368441,2.0000078944));
#1670=CARTESIAN_POINT('',(-10.9099999999845,1.4499994627,2.0000078944));
#1671=CARTESIAN_POINT('',(-10.909999999969,0.166865072148,2.0000078944));
#1672=CARTESIAN_POINT('',(-10.41,1.4499994627,2.0000078944));
#1673=CARTESIAN_POINT('',(-10.94,1.4499994627,2.0000078944));
#1674=CARTESIAN_POINT('',(-10.41,0.166865072148,2.0000078944));
#1675=CARTESIAN_POINT('Origin',(-9.91,1.2999994627,2.0500078944));
#1676=CARTESIAN_POINT('',(-9.91,0.9999994627,3.3300078944));
#1677=CARTESIAN_POINT('',(-9.91,1.2499994627,3.3300078944));
#1678=CARTESIAN_POINT('',(-9.91,1.2999994627,3.3300078944));
#1679=CARTESIAN_POINT('',(-9.91,0.9999994627,2.0500078944));
#1680=CARTESIAN_POINT('',(-9.91,0.9999994627,2.0500078944));
#1681=CARTESIAN_POINT('',(-9.91,1.2999994627,1.7500078944));
#1682=CARTESIAN_POINT('Origin',(-9.91,1.2999994627,2.0500078944));
#1683=CARTESIAN_POINT('',(-9.91,1.4499994627,1.7500078944));
#1684=CARTESIAN_POINT('',(-9.91,0.166865072148,1.7500078944));
#1685=CARTESIAN_POINT('',(-9.91,1.4499994627,2.0500078944));
#1686=CARTESIAN_POINT('',(-9.91,1.2499994627,2.0500078944));
#1687=CARTESIAN_POINT('Origin',(-9.91,1.2999994627,2.0500078944));
#1688=CARTESIAN_POINT('',(-9.91,1.2499994627,2.0500078944));
#1689=CARTESIAN_POINT('Origin',(-10.41,1.2999994627,2.0500078944));
#1690=CARTESIAN_POINT('',(-10.41,1.2499994627,2.0500078944));
#1691=CARTESIAN_POINT('Origin',(-10.41,1.2999994627,2.0500078944));
#1692=CARTESIAN_POINT('',(-10.41,1.2499994627,2.0500078944));
#1693=CARTESIAN_POINT('Origin',(-10.41,1.2999994627,2.0500078944));
#1694=CARTESIAN_POINT('',(-10.41,0.9999994627,2.0500078944));
#1695=CARTESIAN_POINT('',(-10.41,0.9999994627,3.3300078944));
#1696=CARTESIAN_POINT('',(-10.41,0.9999994627,2.0500078944));
#1697=CARTESIAN_POINT('',(-10.41,1.2499994627,3.3300078944));
#1698=CARTESIAN_POINT('',(-10.41,1.2999994627,3.3300078944));
#1699=CARTESIAN_POINT('',(-10.41,1.2499994627,2.0500078944));
#1700=CARTESIAN_POINT('',(-10.41,1.4499994627,1.7500078944));
#1701=CARTESIAN_POINT('',(-10.41,1.4499994627,2.0500078944));
#1702=CARTESIAN_POINT('',(-10.41,1.2999994627,1.7500078944));
#1703=CARTESIAN_POINT('',(-10.41,0.166865072148,1.7500078944));
#1704=CARTESIAN_POINT('Origin',(-10.41,1.2999994627,2.0500078944));
#1705=CARTESIAN_POINT('Origin',(-1.11,1.4499994627,-0.493491352662315));
#1706=CARTESIAN_POINT('',(-11.11,1.4499994627,1.8000078944));
#1707=CARTESIAN_POINT('Origin',(-10.91,1.4499994627,1.8000078944));
#1708=CARTESIAN_POINT('',(-11.11,1.4499994627,0.6000239995));
#1709=CARTESIAN_POINT('',(-11.11,1.4499994627,-0.493491352662315));
#1710=CARTESIAN_POINT('',(-10.85999999996,1.4499994627,0.6000239995));
#1711=CARTESIAN_POINT('',(-1.11,1.4499994627,0.6000239995));
#1712=CARTESIAN_POINT('',(-10.8599999999701,1.4499994627,1.75000800578873));
#1713=CARTESIAN_POINT('',(-10.85999999994,1.4499994627,-0.493491352662315));
#1714=CARTESIAN_POINT('',(-10.88599999996,1.4499994627,1.7500078944));
#1715=CARTESIAN_POINT('Origin',(-10.91,1.978915412926,1.8000078944));
#1716=CARTESIAN_POINT('',(-11.1099999999878,1.97891541279428,1.8000078944));
#1717=CARTESIAN_POINT('Origin',(-10.91,1.97891541276625,1.8000078944));
#1718=CARTESIAN_POINT('',(-11.11,1.978915412926,1.8000078944));
#1719=CARTESIAN_POINT('Ctrl Pts',(-11.0858270570709,2.09689606582255,1.80000789439995));
#1720=CARTESIAN_POINT('Ctrl Pts',(-11.1099999998968,2.04038212482765,1.8000078944001));
#1721=CARTESIAN_POINT('Ctrl Pts',(-11.1099999999514,1.97891541276625,1.80000789439992));
#1722=CARTESIAN_POINT('Ctrl Pts',(-11.0858270570709,2.09689606582275,1.88293172908021));
#1723=CARTESIAN_POINT('Ctrl Pts',(-11.1099999998968,2.04038212482763,1.88293172908037));
#1724=CARTESIAN_POINT('Ctrl Pts',(-11.1099999999514,1.978915412766,1.88293172908018));
#1725=CARTESIAN_POINT('Ctrl Pts',(-11.0318784229056,2.07382039234742,1.94152712585709));
#1726=CARTESIAN_POINT('Ctrl Pts',(-11.0513234131404,2.02835993522839,1.94152712585721));
#1727=CARTESIAN_POINT('Ctrl Pts',(-11.0513234131843,1.97891541271373,1.94152712585706));
#1728=CARTESIAN_POINT('Ctrl Pts',(-10.9779297887403,2.05074471887209,2.00012252263396));
#1729=CARTESIAN_POINT('Ctrl Pts',(-10.9926468263839,2.01633774562915,2.00012252263405));
#1730=CARTESIAN_POINT('Ctrl Pts',(-10.9926468264172,1.97891541266145,2.00012252263394));
#1731=CARTESIAN_POINT('Ctrl Pts',(-10.9016877375454,2.01813338949008,2.0000077026761));
#1732=CARTESIAN_POINT('Ctrl Pts',(-10.9097230712112,1.99934757694219,2.00000770267615));
#1733=CARTESIAN_POINT('Ctrl Pts',(-10.9097230712293,1.97891541258782,2.00000770267609));
#1734=CARTESIAN_POINT('',(-11.1074111660028,2.0182422266,1.8000078944));
#1735=CARTESIAN_POINT('Ctrl Pts',(-11.1074111660035,2.0182422266,1.80000789440273));
#1736=CARTESIAN_POINT('Ctrl Pts',(-11.1074111660035,2.0182422266,1.82452216722));
#1737=CARTESIAN_POINT('Ctrl Pts',(-11.10166103928,2.0182422266,1.85337183664621));
#1738=CARTESIAN_POINT('Ctrl Pts',(-11.0828347706445,2.0182422266,1.89875481870293));
#1739=CARTESIAN_POINT('Ctrl Pts',(-11.0663859506785,2.0182422266,1.9232943392014));
#1740=CARTESIAN_POINT('Ctrl Pts',(-11.0313147507013,2.0182422266,1.95826853786832));
#1741=CARTESIAN_POINT('Ctrl Pts',(-11.0064000755585,2.0182422266,1.97478704176128));
#1742=CARTESIAN_POINT('Ctrl Pts',(-10.95911106837,2.0182422266,1.99425121957628));
#1743=CARTESIAN_POINT('Ctrl Pts',(-10.9281694935534,2.0182422266,2.00000789440033));
#1744=CARTESIAN_POINT('Ctrl Pts',(-10.901942382406,2.0182422266,2.00000789439998));
#1745=CARTESIAN_POINT('Origin',(-10.81,1.97891541249999,1.8000078944));
#1746=CARTESIAN_POINT('Origin',(-11.11935938932,2.0182422266,1.635374122765));
#1747=CARTESIAN_POINT('',(-10.51,2.0182422266,1.7500078944));
#1748=CARTESIAN_POINT('',(-10.51,2.0182422266,1.635374122765));
#1749=CARTESIAN_POINT('',(-10.8492536083692,2.0182422265979,1.7500078944));
#1750=CARTESIAN_POINT('',(-10.88599999996,2.0182422266,1.7500078944));
#1751=CARTESIAN_POINT('',(-10.8492536083708,2.018242226596,1.642523999472));
#1752=CARTESIAN_POINT('',(-10.8492536083706,2.01824222659685,0.6357266050771));
#1753=CARTESIAN_POINT('',(-11.1074111660027,2.018242226596,1.6425239994437));
#1754=CARTESIAN_POINT('',(-11.11935938932,2.0182422266,1.642523999444));
#1755=CARTESIAN_POINT('',(-11.1074111660021,2.0182422266,1.6425239994434));
#1756=CARTESIAN_POINT('Origin',(-10.51,2.1182422266,1.7500078944));
#1757=CARTESIAN_POINT('',(-10.41,2.1182422266,1.7500078944));
#1758=CARTESIAN_POINT('',(-10.41,2.1182422266,1.7500078944));
#1759=CARTESIAN_POINT('Origin',(-10.51,2.1182422266,1.7500078944));
#1760=CARTESIAN_POINT('Origin',(-10.41,4.394634607422,2.006818515411));
#1761=CARTESIAN_POINT('',(-10.41,4.3499994627,1.7500078944));
#1762=CARTESIAN_POINT('',(-10.41,4.3499994627,2.006818515411));
#1763=CARTESIAN_POINT('',(-10.41,4.394634607422,1.7500078944));
#1764=CARTESIAN_POINT('Origin',(-9.9,4.3499994627,1.743197273389));
#1765=CARTESIAN_POINT('',(-9.91,4.3499994627,1.7500078944));
#1766=CARTESIAN_POINT('',(-9.91,4.3499994627,1.743197273389));
#1767=CARTESIAN_POINT('',(-9.9,4.3499994627,1.7500078944));
#1768=CARTESIAN_POINT('Origin',(-9.91,2.073607081878,1.743197273389));
#1769=CARTESIAN_POINT('',(-9.91,2.1182422266,1.7500078944));
#1770=CARTESIAN_POINT('',(-9.91,2.1182422266,1.743197273389));
#1771=CARTESIAN_POINT('',(-9.91,2.073607081878,1.7500078944));
#1772=CARTESIAN_POINT('Origin',(-9.81,2.1182422266,1.7500078944));
#1773=CARTESIAN_POINT('',(-9.81,2.0182422266,1.7500078944));
#1774=CARTESIAN_POINT('',(-9.81,2.0182422266,1.7500078944));
#1775=CARTESIAN_POINT('Origin',(-9.81,2.1182422266,1.7500078944));
#1776=CARTESIAN_POINT('Origin',(-9.821948223321,2.0182422266,1.635374321554));
#1777=CARTESIAN_POINT('',(-9.21258883394734,2.0182422266,1.8000078944));
#1778=CARTESIAN_POINT('Ctrl Pts',(-9.41805761753228,2.0182422266,2.00000789440006));
#1779=CARTESIAN_POINT('Ctrl Pts',(-9.39183050638628,2.0182422266,2.00000791566231));
#1780=CARTESIAN_POINT('Ctrl Pts',(-9.36088893157165,2.0182422266,1.99425121957392));
#1781=CARTESIAN_POINT('Ctrl Pts',(-9.31359992438524,2.0182422266,1.97478704175752));
#1782=CARTESIAN_POINT('Ctrl Pts',(-9.28868524924323,2.0182422266,1.95826853786357));
#1783=CARTESIAN_POINT('Ctrl Pts',(-9.2536140492675,2.0182422266,1.92329433919522));
#1784=CARTESIAN_POINT('Ctrl Pts',(-9.23716522930249,2.0182422266,1.898754818696));
#1785=CARTESIAN_POINT('Ctrl Pts',(-9.2183389606687,2.0182422266,1.85337183663831));
#1786=CARTESIAN_POINT('Ctrl Pts',(-9.21258883394674,2.0182422266,1.82452216721171));
#1787=CARTESIAN_POINT('Ctrl Pts',(-9.21258883394744,2.0182422266,1.80000789439431));
#1788=CARTESIAN_POINT('',(-9.2125888339468,2.018242226596,1.6425239994615));
#1789=CARTESIAN_POINT('',(-9.21258883394722,2.0182422266,1.635374321554));
#1790=CARTESIAN_POINT('',(-9.4707463915339,2.018242226596,1.64252399948075));
#1791=CARTESIAN_POINT('',(-9.821948223321,2.0182422266,1.6425239994615));
#1792=CARTESIAN_POINT('',(-9.47074639153411,2.01824222659971,1.69510549273861));
#1793=CARTESIAN_POINT('',(-9.47074639153411,2.0182422266,1.635374321554));
#1794=CARTESIAN_POINT('',(-9.56,2.01824222659971,1.7500078944));
#1795=CARTESIAN_POINT('Origin',(-9.56,2.01824222659941,1.6500078944));
#1796=CARTESIAN_POINT('',(-9.821948223321,2.0182422266,1.7500078944));
#1797=CARTESIAN_POINT('Ctrl Pts',(-9.21000000000003,1.97891541249612,1.8000078944));
#1798=CARTESIAN_POINT('Ctrl Pts',(-9.20999999999916,2.04038220848071,1.80000789439968));
#1799=CARTESIAN_POINT('Ctrl Pts',(-9.23417300612005,2.09689621368023,1.80000789440005));
#1800=CARTESIAN_POINT('Ctrl Pts',(-9.21000000000002,1.97891541249656,1.88293516828956));
#1801=CARTESIAN_POINT('Ctrl Pts',(-9.20999999999915,2.04038220848068,1.88293516828923));
#1802=CARTESIAN_POINT('Ctrl Pts',(-9.23417300611986,2.09689621367976,1.88293516828961));
#1803=CARTESIAN_POINT('Ctrl Pts',(-9.26868073997702,1.97891541249769,1.94153127319855));
#1804=CARTESIAN_POINT('Ctrl Pts',(-9.26868073997633,2.02835915157343,1.94153127319829));
#1805=CARTESIAN_POINT('Ctrl Pts',(-9.28812544647473,2.07381887795823,1.94153127319859));
#1806=CARTESIAN_POINT('Ctrl Pts',(-9.32736147995402,1.97891541249882,2.00012737810754));
#1807=CARTESIAN_POINT('Ctrl Pts',(-9.32736147995349,2.01633609466619,2.00012737810734));
#1808=CARTESIAN_POINT('Ctrl Pts',(-9.34207788682959,2.0507415422367,2.00012737810757));
#1809=CARTESIAN_POINT('Ctrl Pts',(-9.41028866746555,1.97891541249999,2.00000768607767));
#1810=CARTESIAN_POINT('Ctrl Pts',(-9.41028866746526,1.99934519961276,2.00000768607756));
#1811=CARTESIAN_POINT('Ctrl Pts',(-9.41832307630364,2.01812882216249,2.00000768607768));
#1812=CARTESIAN_POINT('',(-9.21,1.97891541250009,1.8000078944));
#1813=CARTESIAN_POINT('Origin',(-9.41,1.9789154125,1.8000078944));
#1814=CARTESIAN_POINT('Origin',(-9.51000000000007,1.97891541249998,1.80000789439999));
#1815=CARTESIAN_POINT('Origin',(-9.41,0.5499994627,1.8000078944));
#1816=CARTESIAN_POINT('',(-9.21,1.4499994627,1.8000078944));
#1817=CARTESIAN_POINT('',(-9.21,0.5499994627,1.8000078944));
#1818=CARTESIAN_POINT('Origin',(-9.41,1.4499994627,1.8000078944));
#1819=CARTESIAN_POINT('Origin',(-1.11,1.4499994627,-0.493491352662315));
#1820=CARTESIAN_POINT('',(-9.56,1.4499994627,1.7500078944));
#1821=CARTESIAN_POINT('',(-1.11,1.4499994627,1.7500078944));
#1822=CARTESIAN_POINT('',(-9.46,1.4499994627,1.6500078944));
#1823=CARTESIAN_POINT('Origin',(-9.56,1.4499994627,1.6500078944));
#1824=CARTESIAN_POINT('',(-9.46,1.4499994627,0.6000239995));
#1825=CARTESIAN_POINT('',(-9.46,1.4499994627,-0.493491352662315));
#1826=CARTESIAN_POINT('',(-9.21,1.4499994627,0.6000239995));
#1827=CARTESIAN_POINT('',(-1.11,1.4499994627,0.6000239995));
#1828=CARTESIAN_POINT('',(-9.21,1.4499994627,-0.493491352662315));
#1829=CARTESIAN_POINT('Origin',(-10.41,1.2499994627,3.3300078944));
#1830=CARTESIAN_POINT('',(-10.41,1.2499994627,3.3300078944));
#1831=CARTESIAN_POINT('Origin',(-10.41,1.2499994627,3.3300078944));
#1832=CARTESIAN_POINT('',(-10.41,0.9999994627,3.3300078944));
#1833=CARTESIAN_POINT('Origin',(-10.41,0.9999994627,3.3300078944));
#1834=CARTESIAN_POINT('',(-10.41,0.9999994627,2.0500078944));
#1835=CARTESIAN_POINT('Origin',(-10.41,1.2999994627,2.0500078944));
#1836=CARTESIAN_POINT('',(-10.41,1.2999994627,1.7500078944));
#1837=CARTESIAN_POINT('Origin',(-11.11,2.007493731496,1.826807572298));
#1838=CARTESIAN_POINT('',(-11.1099999999725,1.9789154123904,0.641159036526859));
#1839=CARTESIAN_POINT('',(-11.11,1.97891541229259,1.826807572298));
#1840=CARTESIAN_POINT('',(-11.1099999999975,1.9182422266,0.6000239995));
#1841=CARTESIAN_POINT('Origin',(-11.109999999995,1.8650199267,0.7438388661));
#1842=CARTESIAN_POINT('',(-11.11,2.007493731496,0.6000239995));
#1843=CARTESIAN_POINT('Origin',(-10.85318937899,1.331703789736,0.6000239995));
#1844=CARTESIAN_POINT('',(-10.859999999982,1.9182422266,0.6000239995));
#1845=CARTESIAN_POINT('',(-10.85318937899,1.9182422266,0.6000239995));
#1846=CARTESIAN_POINT('',(-10.86,1.331703789736,0.6000239995));
#1847=CARTESIAN_POINT('Origin',(-10.86,0.5214211437233,0.4342243126547));
#1848=CARTESIAN_POINT('',(-10.859999999937,1.97891541194359,0.641159036031253));
#1849=CARTESIAN_POINT('',(-10.85999999997,1.97891541195643,1.75000811716859));
#1850=CARTESIAN_POINT('',(-10.86,1.97891541191811,0.4342243126547));
#1851=CARTESIAN_POINT('',(-10.86,0.5214211437233,1.750008118082));
#1852=CARTESIAN_POINT('Origin',(-10.859999999964,1.8650199267,0.7438388661));
#1853=CARTESIAN_POINT('Origin',(-10.81,1.9789154125,0.634205943142648));
#1854=CARTESIAN_POINT('',(-11.0998635338644,2.05624025780358,1.49317568470573));
#1855=CARTESIAN_POINT('Ctrl Pts',(-11.1074111660032,2.018242226592,1.6425239995));
#1856=CARTESIAN_POINT('Ctrl Pts',(-11.1074111660021,2.01824222659982,1.59910856431847));
#1857=CARTESIAN_POINT('Ctrl Pts',(-11.1066034038381,2.02789553106483,1.55322452484635));
#1858=CARTESIAN_POINT('Ctrl Pts',(-11.1015526885182,2.0496708407339,1.50575461133263));
#1859=CARTESIAN_POINT('Ctrl Pts',(-11.1007662348707,2.05285635059396,1.49939530085967));
#1860=CARTESIAN_POINT('Ctrl Pts',(-11.0998635338719,2.05624025780403,1.49317568470489));
#1861=CARTESIAN_POINT('',(-11.0998635338994,2.05624025770097,0.749199005859115));
#1862=CARTESIAN_POINT('',(-11.0998635338997,2.0562402576997,0.634205943142648));
#1863=CARTESIAN_POINT('',(-11.1074111660021,2.0182422266,0.750023999499999));
#1864=CARTESIAN_POINT('Origin',(-10.8099999974648,1.9789154120685,0.750877843000741));
#1865=CARTESIAN_POINT('Ctrl Pts',(-11.1074111660021,2.0182422266,0.7500239995));
#1866=CARTESIAN_POINT('Ctrl Pts',(-11.1074000979866,2.01832592906787,0.747950465461917));
#1867=CARTESIAN_POINT('Ctrl Pts',(-11.1073946387216,2.0183670136036,0.745887574000493));
#1868=CARTESIAN_POINT('Ctrl Pts',(-11.1073946387216,2.0183670136036,0.724437679270435));
#1869=CARTESIAN_POINT('Ctrl Pts',(-11.1080086882356,2.01446219929771,0.703774917622858));
#1870=CARTESIAN_POINT('Ctrl Pts',(-11.1093363332703,1.99979894506987,0.668625734271892));
#1871=CARTESIAN_POINT('Ctrl Pts',(-11.1099999999541,1.99017417480752,0.653647586801062));
#1872=CARTESIAN_POINT('Ctrl Pts',(-11.10999999995,1.9789154123904,0.641159036526859));
#1873=CARTESIAN_POINT('Origin',(-10.7031806364688,2.3307422266,1.6425239995));
#1874=CARTESIAN_POINT('',(-10.7055915927991,2.43762351114875,1.34887005253561));
#1875=CARTESIAN_POINT('Origin',(-10.7422045508674,2.33074222660207,1.64252399949672));
#1876=CARTESIAN_POINT('',(-10.969218039937,2.43762350990331,1.34887004089495));
#1877=CARTESIAN_POINT('',(-10.7031806364688,2.43762351822665,1.34887005434479));
#1878=CARTESIAN_POINT('Origin',(-11.0058309673309,2.33074222659988,1.64252399949991));
#1879=CARTESIAN_POINT('Origin',(-10.88599999996,0.166865072148,1.7500078944));
#1880=CARTESIAN_POINT('',(-10.858310588899,1.99180288670561,1.75000800578873));
#1881=CARTESIAN_POINT('Origin',(-10.81,1.9789154125,1.750008118082));
#1882=CARTESIAN_POINT('',(-10.867340341,1.96544303267,1.7500078944));
#1883=CARTESIAN_POINT('',(-9.56,0.166865072148,1.7500078944));
#1884=CARTESIAN_POINT('Origin',(-9.56,2.0182422266,1.6500078944));
#1885=CARTESIAN_POINT('',(-9.46168941015901,1.99180288426381,1.66831166372974));
#1886=CARTESIAN_POINT('Origin',(-9.56000000319141,2.27879336477034,1.6500078937337));
#1887=CARTESIAN_POINT('',(-9.46,1.9789154125,1.650007894811));
#1888=CARTESIAN_POINT('Origin',(-9.53487495400949,1.97615423029043,1.65130402238898));
#1889=CARTESIAN_POINT('',(-9.46,2.0182422266,1.6500078944));
#1890=CARTESIAN_POINT('Origin',(-9.922201002937,3.336138613155,1.715856097435));
#1891=CARTESIAN_POINT('',(-9.47074639153527,2.01824222659999,0.750023999499999));
#1892=CARTESIAN_POINT('',(-9.91317136388209,3.30977908911467,0.721982817689509));
#1893=CARTESIAN_POINT('',(-9.47074639153526,2.01824222659995,0.750023999499998));
#1894=CARTESIAN_POINT('',(-9.46168941018452,1.99180288417274,0.657575255060572));
#1895=CARTESIAN_POINT('Origin',(-9.41825902259872,1.86501992669823,0.743838866100818));
#1896=CARTESIAN_POINT('',(-9.4616894096854,1.99180288286181,1.715856097435));
#1897=CARTESIAN_POINT('',(-9.61440840929379,2.43762356726354,1.34887011356231));
#1898=CARTESIAN_POINT('Origin',(-9.57779544903551,2.33074222660142,1.64252399949688));
#1899=CARTESIAN_POINT('',(-9.91317136388208,3.30977908911464,1.57647893599336));
#1900=CARTESIAN_POINT('',(-9.91317136388023,3.30977908910926,1.57647893599196));
#1901=CARTESIAN_POINT('',(-9.91317136388023,3.30977908910924,1.715856097435));
#1902=CARTESIAN_POINT('Origin',(-9.21017791724924,2.3307422266,1.6425239995));
#1903=CARTESIAN_POINT('',(-9.3507819681582,2.43762353149883,1.34887005883259));
#1904=CARTESIAN_POINT('',(-9.22013646597867,2.05624025743816,1.49317568537733));
#1905=CARTESIAN_POINT('Origin',(-9.31416903257577,2.33074222662232,1.64252399948298));
#1906=CARTESIAN_POINT('',(-9.21017791724924,2.43762353424153,1.34887006017373));
#1907=CARTESIAN_POINT('Ctrl Pts',(-9.22013646597875,2.05624025743817,1.49317568537735));
#1908=CARTESIAN_POINT('Ctrl Pts',(-9.21827070971647,2.0492461961602,1.50603075913242));
#1909=CARTESIAN_POINT('Ctrl Pts',(-9.21689121646027,2.04306553733087,1.51956273782468));
#1910=CARTESIAN_POINT('Ctrl Pts',(-9.21321286144598,2.02471503442246,1.56885557773613));
#1911=CARTESIAN_POINT('Ctrl Pts',(-9.21258883394638,2.018242226592,1.60696750420003));
#1912=CARTESIAN_POINT('Ctrl Pts',(-9.21258883394638,2.018242226592,1.6425239995));
#1913=CARTESIAN_POINT('Origin',(-9.51,1.9789154125,0.634205943502192));
#1914=CARTESIAN_POINT('',(-9.21,1.97891541250021,0.641159036648668));
#1915=CARTESIAN_POINT('',(-9.21,1.9789154125002,0.433224321602));
#1916=CARTESIAN_POINT('',(-9.21258883394782,2.01824222660006,0.750023999500001));
#1917=CARTESIAN_POINT('Ctrl Pts',(-9.21,1.97891541250021,0.641159036648668));
#1918=CARTESIAN_POINT('Ctrl Pts',(-9.21000000000001,1.99017417487071,0.653647586898012));
#1919=CARTESIAN_POINT('Ctrl Pts',(-9.21066366668153,1.99979894509184,0.668625734324525));
#1920=CARTESIAN_POINT('Ctrl Pts',(-9.21199131171403,2.01446219929773,0.70377491762295));
#1921=CARTESIAN_POINT('Ctrl Pts',(-9.21260536122794,2.0183670136036,0.724437679270486));
#1922=CARTESIAN_POINT('Ctrl Pts',(-9.21260536122794,2.0183670136036,0.745887574000492));
#1923=CARTESIAN_POINT('Ctrl Pts',(-9.21259990196293,2.01832592906787,0.747950465461915));
#1924=CARTESIAN_POINT('Ctrl Pts',(-9.21258883394744,2.0182422266,0.750023999499996));
#1925=CARTESIAN_POINT('',(-9.22013646551357,2.05624025569436,0.749199005902682));
#1926=CARTESIAN_POINT('Origin',(-9.51000000077931,1.97891541269906,0.750877842987555));
#1927=CARTESIAN_POINT('',(-9.22013646573792,2.0562402565354,0.634205943502192));
#1928=CARTESIAN_POINT('Origin',(-9.21,0.521421143704,0.433224321602));
#1929=CARTESIAN_POINT('',(-9.21,1.9182422266,0.6000239995));
#1930=CARTESIAN_POINT('',(-9.21,0.521421143704,0.6000239995));
#1931=CARTESIAN_POINT('Origin',(-9.21,1.8650199267,0.7438388661));
#1932=CARTESIAN_POINT('Origin',(-9.46,2.007493731496,1.673807572298));
#1933=CARTESIAN_POINT('',(-9.46,1.97891541249999,0.64115903664842));
#1934=CARTESIAN_POINT('',(-9.46,1.97891541249999,1.673807572298));
#1935=CARTESIAN_POINT('',(-9.46,1.9182422266,0.6000239995));
#1936=CARTESIAN_POINT('Origin',(-9.46,1.8650199267,0.7438388661));
#1937=CARTESIAN_POINT('',(-9.46,2.007493731496,0.6000239995));
#1938=CARTESIAN_POINT('Origin',(-9.203189378989,1.331703789736,0.6000239995));
#1939=CARTESIAN_POINT('',(-9.203189378989,1.9182422266,0.6000239995));
#1940=CARTESIAN_POINT('Origin',(-10.8473601868342,1.8650199267,0.7438388661));
#1941=CARTESIAN_POINT('',(-10.8492536083689,2.0182422266,0.750023999500001));
#1942=CARTESIAN_POINT('',(-10.8473601868342,2.0182422266,0.750023999500001));
#1943=CARTESIAN_POINT('',(-10.8583105889001,1.99180288669986,0.657575257809916));
#1944=CARTESIAN_POINT('Origin',(-10.9017409772714,1.86501992668374,0.743838866099859));
#1945=CARTESIAN_POINT('Ctrl Pts',(-10.8583105888986,1.99180288670047,0.657575257809246));
#1946=CARTESIAN_POINT('Ctrl Pts',(-10.8591122229562,1.98879784375711,0.653158699693536));
#1947=CARTESIAN_POINT('Ctrl Pts',(-10.8596728129345,1.98557251892233,0.648915801235326));
#1948=CARTESIAN_POINT('Ctrl Pts',(-10.8599621054692,1.9811216384303,0.643647537089634));
#1949=CARTESIAN_POINT('Ctrl Pts',(-10.8599999999225,1.98003811966247,0.642404376429096));
#1950=CARTESIAN_POINT('Ctrl Pts',(-10.85999999991,1.97891541194359,0.641159036031253));
#1951=CARTESIAN_POINT('Origin',(-10.81,1.9789154125,0.634505943080075));
#1952=CARTESIAN_POINT('',(-10.8583105888988,1.99180288669976,0.634505943080075));
#1953=CARTESIAN_POINT('Origin',(-10.38075114218,1.990607081878,0.7506239995));
#1954=CARTESIAN_POINT('',(-10.8492536083681,2.0182422266006,0.750023999499987));
#1955=CARTESIAN_POINT('',(-10.6483759304106,3.37423295548786,0.72058342860677));
#1956=CARTESIAN_POINT('',(-10.38075114218,3.39999943240318,0.720024000157789));
#1957=CARTESIAN_POINT('Origin',(-10.63934617834,3.400592809444,1.610753966235));
#1958=CARTESIAN_POINT('',(-10.64837593041,3.37423295548778,1.59329964196807));
#1959=CARTESIAN_POINT('Origin',(-10.98070240645,3.419246981526,1.60504707838));
#1960=CARTESIAN_POINT('',(-10.7055915541428,2.43762353140292,1.34887005811049));
#1961=CARTESIAN_POINT('',(-10.98070240645,3.39999943715951,1.60002399283463));
#1962=CARTESIAN_POINT('Origin',(-9.51,1.9789154125,0.634996120838673));
#1963=CARTESIAN_POINT('Ctrl Pts',(-9.46,1.97891541249999,0.641159036648426));
#1964=CARTESIAN_POINT('Ctrl Pts',(-9.46,1.98137362282064,0.643885755811911));
#1965=CARTESIAN_POINT('Ctrl Pts',(-9.46018117839736,1.98373234823576,0.646698399244793));
#1966=CARTESIAN_POINT('Ctrl Pts',(-9.46079105280386,1.9880104248518,0.652190610465195));
#1967=CARTESIAN_POINT('Ctrl Pts',(-9.46119520108964,1.9899502679445,0.654852435497606));
#1968=CARTESIAN_POINT('Ctrl Pts',(-9.46168941044789,1.99180288459995,0.65757525472209));
#1969=CARTESIAN_POINT('Origin',(-9.5749993896,3.3999994627,0.7200239995));
#1970=CARTESIAN_POINT('',(-9.9249993896,3.3999994627,1.6000239995));
#1971=CARTESIAN_POINT('',(-9.87017627197959,3.58807021563191,1.6000239995));
#1972=CARTESIAN_POINT('Origin',(-9.5749993896,3.3999994627,1.6000239995));
#1973=CARTESIAN_POINT('',(-9.87017627197959,3.58807021563191,0.7200239995));
#1974=CARTESIAN_POINT('',(-9.87017627197978,3.58807021563239,0.7200239995));
#1975=CARTESIAN_POINT('',(-9.9249993896,3.3999994627,0.7200239995));
#1976=CARTESIAN_POINT('Origin',(-9.5749993896,3.3999994627,0.7200239995));
#1977=CARTESIAN_POINT('Origin',(-9.57483926159328,3.39999919142544,0.720024005389719));
#1978=CARTESIAN_POINT('Origin',(-9.55186389323664,3.3999627505973,1.60001441863722));
#1979=CARTESIAN_POINT('Origin',(-9.198340622834,1.990607081878,0.7506239995));
#1980=CARTESIAN_POINT('',(-9.6716184177736,3.37421645687699,0.720583786816094));
#1981=CARTESIAN_POINT('',(-9.22013646585474,2.05624025650424,0.749199005885098));
#1982=CARTESIAN_POINT('',(-9.198340622834,2.01824222659999,0.7500239995));
#1983=CARTESIAN_POINT('',(-9.674999389572,3.3999994627,0.7200239995));
#1984=CARTESIAN_POINT('',(-9.198340622834,3.3999994627,0.7200239995));
#1985=CARTESIAN_POINT('Origin',(-9.57499938981888,3.39999946262429,0.720023999501652));
#1986=CARTESIAN_POINT('Origin',(-9.21,1.8650199267,0.7438388661));
#1987=CARTESIAN_POINT('Origin',(-9.936483738061,3.419246981526,1.60504707838));
#1988=CARTESIAN_POINT('',(-9.67161841777367,3.37421645687725,1.59329533627946));
#1989=CARTESIAN_POINT('',(-9.35078196656093,2.43762352924946,1.3488700575485));
#1990=CARTESIAN_POINT('',(-9.674999389572,3.3999994627,1.6000239995));
#1991=CARTESIAN_POINT('Origin',(-9.57499938949904,3.39999946266605,1.60002399949117));
#1992=CARTESIAN_POINT('',(-9.936483738061,3.39999946269999,1.6000239995));
#1993=CARTESIAN_POINT('Origin',(-9.211106827188,2.02988073437,0.7031295558267));
#1994=CARTESIAN_POINT('',(-9.67161841777479,3.37421645687995,0.7031295558267));
#1995=CARTESIAN_POINT('Origin',(-10.867340341,1.96544303267,0.6357266050771));
#1996=CARTESIAN_POINT('Origin',(-10.38399937794,3.387312727428,0.7200239995));
#1997=CARTESIAN_POINT('',(-10.9449993778114,3.8999993943611,0.7200239995));
#1998=CARTESIAN_POINT('',(-10.944999377811,3.89999939436136,0.7200239995));
#1999=CARTESIAN_POINT('',(-10.7341587476079,4.03433564646104,0.7200239995));
#2000=CARTESIAN_POINT('',(-10.7341587476089,4.0343356464604,0.7200239995));
#2001=CARTESIAN_POINT('',(-10.4498224953969,3.58807014715555,0.7200239995));
#2002=CARTESIAN_POINT('Origin',(-10.9559993779,4.047022370278,1.6000239995));
#2003=CARTESIAN_POINT('',(-10.9449993778011,3.89999939449946,1.6000239995));
#2004=CARTESIAN_POINT('',(-10.94499937776,3.89999939459148,1.6000239995));
#2005=CARTESIAN_POINT('',(-10.7341587476666,4.03433564655539,1.6000239995));
#2006=CARTESIAN_POINT('',(-10.4498224954426,3.58807014721567,1.6000239995));
#2007=CARTESIAN_POINT('',(-10.734158747697,4.03433564660192,1.6000239995));
#2008=CARTESIAN_POINT('Origin',(-9.580153294859,4.043261024784,1.6176239995));
#2009=CARTESIAN_POINT('',(-9.58584001990069,4.03433571480044,1.6000239995));
#2010=CARTESIAN_POINT('',(-9.580153294859,4.043261024784,1.6000239995));
#2011=CARTESIAN_POINT('',(-9.58584001990069,4.03433571480044,0.7200239995));
#2012=CARTESIAN_POINT('',(-9.58584001990069,4.03433571480044,1.6176239995));
#2013=CARTESIAN_POINT('',(-9.580153294859,4.043261024784,0.7200239995));
#2014=CARTESIAN_POINT('Origin',(-9.9359993896,4.047022439842,1.6000239995));
#2015=CARTESIAN_POINT('',(-9.37499938965996,3.89999946260641,1.6000239995));
#2016=CARTESIAN_POINT('',(-9.37499938968979,3.89999946255959,1.6000239995));
#2017=CARTESIAN_POINT('',(-9.6593356416849,3.45373396352282,1.6000239995));
#2018=CARTESIAN_POINT('Origin',(-9.5749993896,3.3999994627,1.6000239995));
#2019=CARTESIAN_POINT('',(-9.65933564168487,3.45373396352291,1.6000239995));
#2020=CARTESIAN_POINT('Origin',(-9.3639993896,3.387312737658,0.7200239995));
#2021=CARTESIAN_POINT('',(-9.37499938969396,3.89999946275982,0.7200239995));
#2022=CARTESIAN_POINT('',(-9.3749993897408,3.89999946278971,0.7200239995));
#2023=CARTESIAN_POINT('',(-9.65933564169336,3.45373396350954,0.7200239995));
#2024=CARTESIAN_POINT('',(-9.65933564168488,3.4537339635229,0.7200239995));
#2025=CARTESIAN_POINT('Origin',(-9.5749993896,3.3999994627,0.7200239995));
#2026=CARTESIAN_POINT('Origin',(-9.5749993896,3.3999994627,0.7200239995));
#2027=CARTESIAN_POINT('',(-9.65933564168482,3.45373396352289,0.7200239995));
#2028=CARTESIAN_POINT('Origin',(-10.44413577041,3.579144837185,0.7024239995));
#2029=CARTESIAN_POINT('',(-10.7341587476059,4.03433564646232,0.7024239995));
#2030=CARTESIAN_POINT('Origin',(-10.95068610294,3.908924704479,1.6176239995));
#2031=CARTESIAN_POINT('',(-10.9449993778122,3.89999939436059,1.6176239995));
#2032=CARTESIAN_POINT('Origin',(-10.72841492519,4.037995299803,0.7024239995));
#2033=CARTESIAN_POINT('Origin',(-9.369255567094,3.896339809496,0.7024239995));
#2034=CARTESIAN_POINT('',(-9.37499938960029,3.89999946270006,0.7024239995));
#2035=CARTESIAN_POINT('Origin',(-9.665022366727,3.44480865354,0.7024239995));
#2036=UNCERTAINTY_MEASURE_WITH_UNIT(LENGTH_MEASURE(0.01),#2040,
'DISTANCE_ACCURACY_VALUE',
'Maximum model space distance between geometric entities at asserted c
onnectivities');
#2037=UNCERTAINTY_MEASURE_WITH_UNIT(LENGTH_MEASURE(0.01),#2040,
'DISTANCE_ACCURACY_VALUE',
'Maximum model space distance between geometric entities at asserted c
onnectivities');
#2038=(
GEOMETRIC_REPRESENTATION_CONTEXT(3)
GLOBAL_UNCERTAINTY_ASSIGNED_CONTEXT((#2036))
GLOBAL_UNIT_ASSIGNED_CONTEXT((#2040,#2042,#2043))
REPRESENTATION_CONTEXT('','3D')
);
#2039=(
GEOMETRIC_REPRESENTATION_CONTEXT(3)
GLOBAL_UNCERTAINTY_ASSIGNED_CONTEXT((#2037))
GLOBAL_UNIT_ASSIGNED_CONTEXT((#2040,#2042,#2043))
REPRESENTATION_CONTEXT('','3D')
);
#2040=(
LENGTH_UNIT()
NAMED_UNIT(*)
SI_UNIT(.MILLI.,.METRE.)
);
#2041=(
LENGTH_UNIT()
NAMED_UNIT(*)
SI_UNIT($,.METRE.)
);
#2042=(
NAMED_UNIT(*)
PLANE_ANGLE_UNIT()
SI_UNIT($,.RADIAN.)
);
#2043=(
NAMED_UNIT(*)
SI_UNIT($,.STERADIAN.)
SOLID_ANGLE_UNIT()
);
#2044=SHAPE_DEFINITION_REPRESENTATION(#2045,#2046);
#2045=PRODUCT_DEFINITION_SHAPE('',$,#2048);
#2046=SHAPE_REPRESENTATION('',(#1176),#2038);
#2047=PRODUCT_DEFINITION_CONTEXT('part definition',#2052,'design');
#2048=PRODUCT_DEFINITION('BB02-KY-Contact','BB02-KY-Contact',#2049,#2047);
#2049=PRODUCT_DEFINITION_FORMATION('',$,#2054);
#2050=PRODUCT_RELATED_PRODUCT_CATEGORY('BB02-KY-Contact',
'BB02-KY-Contact',(#2054));
#2051=APPLICATION_PROTOCOL_DEFINITION('international standard',
'automotive_design',2009,#2052);
#2052=APPLICATION_CONTEXT(
'Core Data for Automotive Mechanical Design Process');
#2053=PRODUCT_CONTEXT('part definition',#2052,'mechanical');
#2054=PRODUCT('BB02-KY-Contact','BB02-KY-Contact',$,(#2053));
#2055=PRESENTATION_STYLE_ASSIGNMENT((#2057));
#2056=PRESENTATION_STYLE_ASSIGNMENT((#2058));
#2057=SURFACE_STYLE_USAGE(.BOTH.,#2059);
#2058=SURFACE_STYLE_USAGE(.BOTH.,#2060);
#2059=SURFACE_SIDE_STYLE('',(#2061));
#2060=SURFACE_SIDE_STYLE('',(#2062));
#2061=SURFACE_STYLE_FILL_AREA(#2063);
#2062=SURFACE_STYLE_FILL_AREA(#2064);
#2063=FILL_AREA_STYLE('Acier - Satin\X\E9',(#2065));
#2064=FILL_AREA_STYLE('Opaque(255,206,127)',(#2066));
#2065=FILL_AREA_STYLE_COLOUR('Acier - Satin\X\E9',#2067);
#2066=FILL_AREA_STYLE_COLOUR('Opaque(255,206,127)',#2068);
#2067=COLOUR_RGB('Acier - Satin\X\E9',0.627450980392157,0.627450980392157,
0.627450980392157);
#2068=COLOUR_RGB('Opaque(255,206,127)',1.,0.807843137254902,0.498039215686275);
ENDSEC;
END-ISO-10303-21;
