ISO-10303-21;
HEADER;
/* Generated by software containing ST-Developer
 * from STEP Tools, Inc. (www.steptools.com) 
 */

FILE_DESCRIPTION(
/* description */ (''),
/* implementation_level */ '2;1');

FILE_NAME(
/* name */ 'Frame.step',
/* time_stamp */ '2026-02-08T19:04:54+01:00',
/* author */ (''),
/* organization */ (''),
/* preprocessor_version */ 'ST-DEVELOPER v20.1',
/* originating_system */ 'Autodesk Translation Framework v14.24.0.0',
/* authorisation */ '');

FILE_SCHEMA (('AUTOMOTIVE_DESIGN { 1 0 10303 214 3 1 1 }'));
ENDSEC;

DATA;
#10=MECHANICAL_DESIGN_GEOMETRIC_PRESENTATION_REPRESENTATION('',(#13),#10032);
#11=SHAPE_REPRESENTATION_RELATIONSHIP('SRR','None',#10039,#12);
#12=ADVANCED_BREP_SHAPE_REPRESENTATION('',(#14),#10031);
#13=STYLED_ITEM('',(#10049),#14);
#14=MANIFOLD_SOLID_BREP('Corps1',#5428);
#15=ELLIPSE('',#5724,0.221925160537995,0.221894004115674);
#16=ELLIPSE('',#5854,0.221925160460214,0.221894004076428);
#17=SPHERICAL_SURFACE('',#5653,0.119999999999996);
#18=SPHERICAL_SURFACE('',#5658,0.119999999999999);
#19=SPHERICAL_SURFACE('',#5662,0.119999999999999);
#20=SPHERICAL_SURFACE('',#5666,0.120000000000004);
#21=SPHERICAL_SURFACE('',#5887,0.119999999999998);
#22=SPHERICAL_SURFACE('',#5892,0.119999999999996);
#23=SPHERICAL_SURFACE('',#5896,0.119999999999999);
#24=SPHERICAL_SURFACE('',#5900,0.120000000000001);
#25=SPHERICAL_SURFACE('',#5985,0.120000000000001);
#26=SPHERICAL_SURFACE('',#5990,0.120000000000003);
#27=SPHERICAL_SURFACE('',#5994,0.119999999999998);
#28=SPHERICAL_SURFACE('',#5998,0.119999999999997);
#29=SPHERICAL_SURFACE('',#6001,0.12);
#30=SPHERICAL_SURFACE('',#6006,0.119999999999993);
#31=SPHERICAL_SURFACE('',#6010,0.12);
#32=SPHERICAL_SURFACE('',#6014,0.120000000000001);
#33=SPHERICAL_SURFACE('',#6017,0.119999999999999);
#34=SPHERICAL_SURFACE('',#6022,0.119999999999999);
#35=SPHERICAL_SURFACE('',#6026,0.120000000000003);
#36=SPHERICAL_SURFACE('',#6030,0.120000000000001);
#37=SPHERICAL_SURFACE('',#6033,0.119999999999999);
#38=SPHERICAL_SURFACE('',#6038,0.12);
#39=SPHERICAL_SURFACE('',#6042,0.119999999999997);
#40=SPHERICAL_SURFACE('',#6046,0.119999999999992);
#41=SPHERICAL_SURFACE('',#6049,0.119999999999999);
#42=SPHERICAL_SURFACE('',#6054,0.120000000000002);
#43=SPHERICAL_SURFACE('',#6058,0.119999999999998);
#44=SPHERICAL_SURFACE('',#6062,0.119999999999998);
#45=SPHERICAL_SURFACE('',#6065,0.120000000000003);
#46=SPHERICAL_SURFACE('',#6070,0.119999999999999);
#47=SPHERICAL_SURFACE('',#6074,0.120000000000003);
#48=SPHERICAL_SURFACE('',#6078,0.119999999999995);
#49=CONICAL_SURFACE('',#5600,1.10500000000784,0.523598775506463);
#50=CONICAL_SURFACE('',#5603,1.10500000001743,0.523598775506463);
#51=CONICAL_SURFACE('',#5606,1.10500000001743,0.523598775506463);
#52=CONICAL_SURFACE('',#5609,1.10499999998074,0.523598775506463);
#53=TOROIDAL_SURFACE('',#5451,0.239999999999976,0.119999999999997);
#54=TOROIDAL_SURFACE('',#5457,0.240000000000006,0.119999999999999);
#55=TOROIDAL_SURFACE('',#5462,0.239999999999988,0.120000000000001);
#56=TOROIDAL_SURFACE('',#5467,0.240000000000005,0.120000000000001);
#57=TOROIDAL_SURFACE('',#5513,0.239999999999998,0.120000000000001);
#58=TOROIDAL_SURFACE('',#5519,0.240000000000011,0.120000000000002);
#59=TOROIDAL_SURFACE('',#5524,0.239999999999989,0.119999999999999);
#60=TOROIDAL_SURFACE('',#5529,0.24,0.12);
#61=TOROIDAL_SURFACE('',#5673,0.239999999999973,0.119999999999999);
#62=TOROIDAL_SURFACE('',#5679,0.239999999999996,0.12);
#63=TOROIDAL_SURFACE('',#5684,0.239999999999988,0.120000000000001);
#64=TOROIDAL_SURFACE('',#5689,0.239999999999992,0.120000000000002);
#65=TOROIDAL_SURFACE('',#5693,0.239999999999992,0.12);
#66=TOROIDAL_SURFACE('',#5699,0.24000000000002,0.120000000000002);
#67=TOROIDAL_SURFACE('',#5704,0.240000000000009,0.120000000000001);
#68=TOROIDAL_SURFACE('',#5709,0.239999999999997,0.12);
#69=TOROIDAL_SURFACE('',#5746,0.240000000000008,0.12);
#70=TOROIDAL_SURFACE('',#5752,0.239999999999995,0.120000000000001);
#71=TOROIDAL_SURFACE('',#5757,0.240000000000004,0.12);
#72=TOROIDAL_SURFACE('',#5762,0.240000000000003,0.119999999999999);
#73=TOROIDAL_SURFACE('',#5818,0.239999999999999,0.120000000000001);
#74=TOROIDAL_SURFACE('',#5824,0.240000000000001,0.12);
#75=TOROIDAL_SURFACE('',#5829,0.240000000000003,0.12);
#76=TOROIDAL_SURFACE('',#5834,0.239999999999993,0.12);
#77=FACE_BOUND('',#547,.T.);
#78=FACE_BOUND('',#548,.T.);
#79=FACE_BOUND('',#600,.T.);
#80=FACE_BOUND('',#601,.T.);
#81=FACE_BOUND('',#607,.T.);
#82=FACE_BOUND('',#620,.T.);
#83=FACE_BOUND('',#708,.T.);
#84=FACE_BOUND('',#712,.T.);
#85=B_SPLINE_CURVE_WITH_KNOTS('',3,(#7874,#7875,#7876,#7877,#7878,#7879,
#7880,#7881,#7882,#7883,#7884,#7885,#7886,#7887,#7888,#7889,#7890,#7891,
#7892,#7893,#7894,#7895,#7896,#7897,#7898,#7899,#7900,#7901,#7902,#7903,
#7904,#7905,#7906,#7907,#7908,#7909,#7910),.UNSPECIFIED.,.F.,.F.,(4,3,3,
3,3,3,3,3,3,3,3,3,4),(0.,0.08854060332113,0.18033275242394,0.274477707477694,
0.367850712701207,0.457785752223527,0.5,0.586254377384864,0.675185799386511,
0.76536505180925,0.854269284740172,0.939222834321883,1.),.UNSPECIFIED.);
#86=B_SPLINE_CURVE_WITH_KNOTS('',3,(#7914,#7915,#7916,#7917,#7918,#7919,
#7920,#7921,#7922,#7923,#7924,#7925,#7926,#7927,#7928,#7929,#7930,#7931,
#7932,#7933,#7934,#7935,#7936,#7937,#7938,#7939,#7940,#7941,#7942,#7943,
#7944,#7945,#7946,#7947,#7948,#7949,#7950),.UNSPECIFIED.,.F.,.F.,(4,3,3,
3,3,3,3,3,3,3,3,3,4),(0.,0.0885406033211264,0.180332752423895,0.274477707477645,
0.367850712701163,0.457785752223479,0.5,0.586254377384875,0.67518579938654,
0.765365051809272,0.85426928474021,0.93922283432192,1.),.UNSPECIFIED.);
#87=B_SPLINE_CURVE_WITH_KNOTS('',3,(#7954,#7955,#7956,#7957,#7958,#7959,
#7960,#7961,#7962,#7963,#7964,#7965,#7966,#7967,#7968,#7969,#7970,#7971,
#7972,#7973,#7974,#7975,#7976,#7977,#7978,#7979,#7980,#7981,#7982,#7983,
#7984,#7985,#7986,#7987,#7988,#7989,#7990),.UNSPECIFIED.,.F.,.F.,(4,3,3,
3,3,3,3,3,3,3,3,3,4),(0.,0.0885406033204169,0.180332752422423,0.274477707475377,
0.367850712698151,0.45778575221975,0.5,0.586254377384848,0.675185799386538,
0.76536505180935,0.854269284740393,0.939222834322249,1.),.UNSPECIFIED.);
#88=B_SPLINE_CURVE_WITH_KNOTS('',3,(#7993,#7994,#7995,#7996,#7997,#7998,
#7999,#8000,#8001,#8002,#8003,#8004,#8005,#8006,#8007,#8008,#8009,#8010,
#8011,#8012,#8013,#8014,#8015,#8016,#8017,#8018,#8019,#8020,#8021,#8022,
#8023,#8024,#8025,#8026,#8027,#8028,#8029),.UNSPECIFIED.,.F.,.F.,(4,3,3,
3,3,3,3,3,3,3,3,3,4),(0.,0.0885406033207417,0.180332752423041,0.274477707476343,
0.367850712699467,0.457785752221393,0.5,0.586254377384853,0.675185799386521,
0.7653650518093,0.854269284740306,0.939222834322103,1.),.UNSPECIFIED.);
#89=B_SPLINE_CURVE_WITH_KNOTS('',3,(#8034,#8035,#8036,#8037,#8038,#8039,
#8040,#8041,#8042,#8043,#8044,#8045,#8046,#8047,#8048,#8049,#8050,#8051,
#8052,#8053,#8054,#8055,#8056,#8057,#8058,#8059,#8060,#8061,#8062,#8063,
#8064,#8065,#8066,#8067,#8068,#8069,#8070),.UNSPECIFIED.,.F.,.F.,(4,3,3,
3,3,3,3,3,3,3,3,3,4),(0.,0.0885406033205313,0.180332752422636,0.274477707475714,
0.367850712698591,0.457785752220302,0.5,0.586254377384795,0.675185799386435,
0.765365051809182,0.854269284740176,0.93922283432196,1.),.UNSPECIFIED.);
#90=B_SPLINE_CURVE_WITH_KNOTS('',3,(#8074,#8075,#8076,#8077,#8078,#8079,
#8080,#8081,#8082,#8083,#8084,#8085,#8086,#8087,#8088,#8089,#8090,#8091,
#8092,#8093,#8094,#8095,#8096,#8097,#8098,#8099,#8100,#8101,#8102,#8103,
#8104,#8105,#8106,#8107,#8108,#8109,#8110),.UNSPECIFIED.,.F.,.F.,(4,3,3,
3,3,3,3,3,3,3,3,3,4),(0.,0.088540603320965,0.180332752423566,0.274477707477109,
0.367850712700438,0.457785752222574,0.5,0.586254377384872,0.675185799386505,
0.765365051809264,0.854269284740222,0.93922283432198,1.),.UNSPECIFIED.);
#91=B_SPLINE_CURVE_WITH_KNOTS('',3,(#8114,#8115,#8116,#8117,#8118,#8119,
#8120,#8121,#8122,#8123,#8124,#8125,#8126,#8127,#8128,#8129,#8130,#8131,
#8132,#8133,#8134,#8135,#8136,#8137,#8138,#8139,#8140,#8141,#8142,#8143,
#8144,#8145,#8146,#8147,#8148,#8149,#8150),.UNSPECIFIED.,.F.,.F.,(4,3,3,
3,3,3,3,3,3,3,3,3,4),(0.,0.0885406033215335,0.180332752424744,0.274477707478921,
0.367850712702862,0.457785752225579,0.5,0.586254377384859,0.675185799386471,
0.765365051809153,0.854269284740021,0.939222834321646,1.),.UNSPECIFIED.);
#92=B_SPLINE_CURVE_WITH_KNOTS('',3,(#8153,#8154,#8155,#8156,#8157,#8158,
#8159,#8160,#8161,#8162,#8163,#8164,#8165,#8166,#8167,#8168,#8169,#8170,
#8171,#8172,#8173,#8174,#8175,#8176,#8177,#8178,#8179,#8180,#8181,#8182,
#8183,#8184,#8185,#8186,#8187,#8188,#8189),.UNSPECIFIED.,.F.,.F.,(4,3,3,
3,3,3,3,3,3,3,3,3,4),(0.,0.088540603320327,0.180332752422218,0.274477707475084,
0.367850712697729,0.457785752219227,0.5,0.586254377384868,0.67518579938655,
0.765365051809392,0.854269284740463,0.939222834322357,1.),.UNSPECIFIED.);
#93=B_SPLINE_CURVE_WITH_KNOTS('',3,(#8606,#8607,#8608,#8609,#8610,#8611,
#8612,#8613,#8614,#8615,#8616,#8617,#8618,#8619,#8620,#8621,#8622,#8623,
#8624,#8625,#8626,#8627,#8628,#8629,#8630,#8631,#8632,#8633,#8634,#8635,
#8636,#8637,#8638,#8639,#8640,#8641,#8642),.UNSPECIFIED.,.F.,.F.,(4,3,3,
3,3,3,3,3,3,3,3,3,4),(0.,0.0885406033211555,0.180332752423928,0.274477707477686,
0.367850712701213,0.457785752223547,0.5,0.586254377384868,0.675185799386506,
0.765365051809228,0.854269284740147,0.939222834321839,1.),.UNSPECIFIED.);
#94=B_SPLINE_CURVE_WITH_KNOTS('',3,(#8646,#8647,#8648,#8649,#8650,#8651,
#8652,#8653,#8654,#8655,#8656,#8657,#8658,#8659,#8660,#8661,#8662,#8663,
#8664,#8665,#8666,#8667,#8668,#8669,#8670,#8671,#8672,#8673,#8674,#8675,
#8676,#8677,#8678,#8679,#8680,#8681,#8682),.UNSPECIFIED.,.F.,.F.,(4,3,3,
3,3,3,3,3,3,3,3,3,4),(0.,0.0885406033209166,0.180332752423466,0.274477707476978,
0.367850712700272,0.457785752222378,0.5,0.586254377384863,0.675185799386523,
0.765365051809292,0.854269284740268,0.939222834322029,1.),.UNSPECIFIED.);
#95=B_SPLINE_CURVE_WITH_KNOTS('',3,(#8686,#8687,#8688,#8689,#8690,#8691,
#8692,#8693,#8694,#8695,#8696,#8697,#8698,#8699,#8700,#8701,#8702,#8703,
#8704,#8705,#8706,#8707,#8708,#8709,#8710,#8711,#8712,#8713,#8714,#8715,
#8716,#8717,#8718,#8719,#8720,#8721,#8722),.UNSPECIFIED.,.F.,.F.,(4,3,3,
3,3,3,3,3,3,3,3,3,4),(0.,0.0885406033201196,0.18033275242181,0.27447770747447,
0.367850712696955,0.457785752218292,0.5,0.586254377384866,0.675185799386553,
0.765365051809412,0.854269284740524,0.939222834322449,1.),.UNSPECIFIED.);
#96=B_SPLINE_CURVE_WITH_KNOTS('',3,(#8725,#8726,#8727,#8728,#8729,#8730,
#8731,#8732,#8733,#8734,#8735,#8736,#8737,#8738,#8739,#8740,#8741,#8742,
#8743,#8744,#8745,#8746,#8747,#8748,#8749,#8750,#8751,#8752,#8753,#8754,
#8755,#8756,#8757,#8758,#8759,#8760,#8761),.UNSPECIFIED.,.F.,.F.,(4,3,3,
3,3,3,3,3,3,3,3,3,4),(0.,0.0885406033211593,0.180332752423929,0.274477707477673,
0.36785071270118,0.457785752223499,0.5,0.586254377384847,0.675185799386456,
0.765365051809172,0.854269284740094,0.939222834321785,1.),.UNSPECIFIED.);
#97=B_SPLINE_CURVE_WITH_KNOTS('',3,(#8851,#8852,#8853,#8854,#8855,#8856,
#8857,#8858,#8859,#8860,#8861,#8862,#8863,#8864,#8865,#8866,#8867,#8868,
#8869,#8870,#8871,#8872,#8873,#8874,#8875,#8876,#8877,#8878,#8879,#8880,
#8881,#8882,#8883,#8884,#8885,#8886,#8887),.UNSPECIFIED.,.F.,.F.,(4,3,3,
3,3,3,3,3,3,3,3,3,4),(0.,0.088540603320732,0.180332752423079,0.274477707476386,
0.367850712699495,0.457785752221415,0.5,0.586254377384863,0.67518579938652,
0.765365051809291,0.854269284740278,0.939222834322059,1.),.UNSPECIFIED.);
#98=B_SPLINE_CURVE_WITH_KNOTS('',3,(#8891,#8892,#8893,#8894,#8895,#8896,
#8897,#8898,#8899,#8900,#8901,#8902,#8903,#8904,#8905,#8906,#8907,#8908,
#8909,#8910,#8911,#8912,#8913,#8914,#8915,#8916,#8917,#8918,#8919,#8920,
#8921,#8922,#8923,#8924,#8925,#8926,#8927),.UNSPECIFIED.,.F.,.F.,(4,3,3,
3,3,3,3,3,3,3,3,3,4),(0.,0.0885406033212355,0.180332752424125,0.274477707477966,
0.367850712701606,0.457785752224015,0.5,0.586254377384863,0.675185799386508,
0.765365051809221,0.854269284740139,0.939222834321825,1.),.UNSPECIFIED.);
#99=B_SPLINE_CURVE_WITH_KNOTS('',3,(#8931,#8932,#8933,#8934,#8935,#8936,
#8937,#8938,#8939,#8940,#8941,#8942,#8943,#8944,#8945,#8946,#8947,#8948,
#8949,#8950,#8951,#8952,#8953,#8954,#8955,#8956,#8957,#8958,#8959,#8960,
#8961,#8962,#8963,#8964,#8965,#8966,#8967),.UNSPECIFIED.,.F.,.F.,(4,3,3,
3,3,3,3,3,3,3,3,3,4),(0.,0.088540603321141,0.180332752423887,0.274477707477623,
0.36785071270115,0.457785752223471,0.5,0.586254377384874,0.675185799386536,
0.76536505180927,0.854269284740203,0.939222834321916,1.),.UNSPECIFIED.);
#100=B_SPLINE_CURVE_WITH_KNOTS('',3,(#8970,#8971,#8972,#8973,#8974,#8975,
#8976,#8977,#8978,#8979,#8980,#8981,#8982,#8983,#8984,#8985,#8986,#8987,
#8988,#8989,#8990,#8991,#8992,#8993,#8994,#8995,#8996,#8997,#8998,#8999,
#9000,#9001,#9002,#9003,#9004,#9005,#9006),.UNSPECIFIED.,.F.,.F.,(4,3,3,
3,3,3,3,3,3,3,3,3,4),(0.,0.0885406033203241,0.180332752422227,0.274477707475094,
0.367850712697782,0.457785752219301,0.5,0.586254377384846,0.675185799386509,
0.765365051809333,0.854269284740393,0.939222834322273,1.),.UNSPECIFIED.);
#101=B_SPLINE_CURVE_WITH_KNOTS('',3,(#9011,#9012,#9013,#9014),
 .UNSPECIFIED.,.F.,.F.,(4,4),(-0.0841637838014289,-0.0792672470896862),
 .UNSPECIFIED.);
#102=B_SPLINE_CURVE_WITH_KNOTS('',3,(#9019,#9020,#9021,#9022),
 .UNSPECIFIED.,.F.,.F.,(4,4),(-0.0792079577813926,-0.0743115590089336),
 .UNSPECIFIED.);
#103=B_SPLINE_CURVE_WITH_KNOTS('',3,(#9233,#9234,#9235,#9236),
 .UNSPECIFIED.,.F.,.F.,(4,4),(0.102236472286407,0.107135384493034),
 .UNSPECIFIED.);
#104=B_SPLINE_CURVE_WITH_KNOTS('',3,(#9241,#9242,#9243,#9244),
 .UNSPECIFIED.,.F.,.F.,(4,4),(-0.0313385755916923,-0.0264421768192333),
 .UNSPECIFIED.);
#105=B_SPLINE_CURVE_WITH_KNOTS('',3,(#9251,#9252,#9253,#9254),
 .UNSPECIFIED.,.F.,.F.,(4,4),(0.0214950600081407,0.0263931842179239),
 .UNSPECIFIED.);
#106=B_SPLINE_CURVE_WITH_KNOTS('',3,(#9297,#9298,#9299,#9300),
 .UNSPECIFIED.,.F.,.F.,(4,4),(-0.0842805458264562,-0.079382421616673),
 .UNSPECIFIED.);
#107=B_SPLINE_CURVE_WITH_KNOTS('',3,(#9433,#9434,#9435,#9436),
 .UNSPECIFIED.,.F.,.F.,(4,4),(-0.0313929714885937,-0.0264946125891972),
 .UNSPECIFIED.);
#108=B_SPLINE_CURVE_WITH_KNOTS('',3,(#9556,#9557,#9558,#9559),
 .UNSPECIFIED.,.F.,.F.,(4,4),(-0.0263828904810797,-0.0214864917086204),
 .UNSPECIFIED.);
#109=B_SPLINE_CURVE_WITH_KNOTS('',3,(#9615,#9616,#9617,#9618),
 .UNSPECIFIED.,.F.,.F.,(4,4),(-0.0313929807124888,-0.0264946218130923),
 .UNSPECIFIED.);
#110=B_SPLINE_CURVE_WITH_KNOTS('',3,(#9624,#9625,#9626,#9627),
 .UNSPECIFIED.,.F.,.F.,(4,4),(-0.102065910601393,-0.0971669983947657),
 .UNSPECIFIED.);
#111=PLANE('',#5445);
#112=PLANE('',#5471);
#113=PLANE('',#5474);
#114=PLANE('',#5480);
#115=PLANE('',#5486);
#116=PLANE('',#5489);
#117=PLANE('',#5492);
#118=PLANE('',#5498);
#119=PLANE('',#5509);
#120=PLANE('',#5535);
#121=PLANE('',#5538);
#122=PLANE('',#5541);
#123=PLANE('',#5544);
#124=PLANE('',#5545);
#125=PLANE('',#5547);
#126=PLANE('',#5552);
#127=PLANE('',#5557);
#128=PLANE('',#5561);
#129=PLANE('',#5564);
#130=PLANE('',#5573);
#131=PLANE('',#5574);
#132=PLANE('',#5575);
#133=PLANE('',#5577);
#134=PLANE('',#5587);
#135=PLANE('',#5598);
#136=PLANE('',#5599);
#137=PLANE('',#5602);
#138=PLANE('',#5605);
#139=PLANE('',#5608);
#140=PLANE('',#5611);
#141=PLANE('',#5612);
#142=PLANE('',#5613);
#143=PLANE('',#5628);
#144=PLANE('',#5638);
#145=PLANE('',#5640);
#146=PLANE('',#5643);
#147=PLANE('',#5646);
#148=PLANE('',#5649);
#149=PLANE('',#5652);
#150=PLANE('',#5670);
#151=PLANE('',#5671);
#152=PLANE('',#5715);
#153=PLANE('',#5716);
#154=PLANE('',#5719);
#155=PLANE('',#5722);
#156=PLANE('',#5731);
#157=PLANE('',#5734);
#158=PLANE('',#5737);
#159=PLANE('',#5740);
#160=PLANE('',#5743);
#161=PLANE('',#5768);
#162=PLANE('',#5771);
#163=PLANE('',#5773);
#164=PLANE('',#5778);
#165=PLANE('',#5783);
#166=PLANE('',#5788);
#167=PLANE('',#5793);
#168=PLANE('',#5802);
#169=PLANE('',#5839);
#170=PLANE('',#5842);
#171=PLANE('',#5845);
#172=PLANE('',#5848);
#173=PLANE('',#5849);
#174=PLANE('',#5856);
#175=PLANE('',#5858);
#176=PLANE('',#5861);
#177=PLANE('',#5862);
#178=PLANE('',#5865);
#179=PLANE('',#5868);
#180=PLANE('',#5871);
#181=PLANE('',#5874);
#182=PLANE('',#5879);
#183=PLANE('',#5882);
#184=PLANE('',#5885);
#185=PLANE('',#5886);
#186=PLANE('',#5903);
#187=PLANE('',#5906);
#188=PLANE('',#5909);
#189=PLANE('',#5912);
#190=PLANE('',#5915);
#191=PLANE('',#5918);
#192=PLANE('',#5921);
#193=PLANE('',#5924);
#194=PLANE('',#5927);
#195=PLANE('',#5928);
#196=PLANE('',#5929);
#197=PLANE('',#5930);
#198=PLANE('',#5934);
#199=PLANE('',#5937);
#200=PLANE('',#5940);
#201=PLANE('',#5943);
#202=PLANE('',#5946);
#203=PLANE('',#5949);
#204=PLANE('',#5952);
#205=PLANE('',#5955);
#206=PLANE('',#5959);
#207=PLANE('',#5962);
#208=PLANE('',#5965);
#209=PLANE('',#5968);
#210=PLANE('',#5973);
#211=PLANE('',#5976);
#212=PLANE('',#5979);
#213=PLANE('',#5982);
#214=PLANE('',#5983);
#215=PLANE('',#5984);
#216=PLANE('',#6081);
#217=PLANE('',#6082);
#218=PLANE('',#6083);
#219=PLANE('',#6084);
#220=PLANE('',#6085);
#221=PLANE('',#6086);
#222=FACE_OUTER_BOUND('',#545,.T.);
#223=FACE_OUTER_BOUND('',#546,.T.);
#224=FACE_OUTER_BOUND('',#549,.T.);
#225=FACE_OUTER_BOUND('',#550,.T.);
#226=FACE_OUTER_BOUND('',#551,.T.);
#227=FACE_OUTER_BOUND('',#552,.T.);
#228=FACE_OUTER_BOUND('',#553,.T.);
#229=FACE_OUTER_BOUND('',#554,.T.);
#230=FACE_OUTER_BOUND('',#555,.T.);
#231=FACE_OUTER_BOUND('',#556,.T.);
#232=FACE_OUTER_BOUND('',#557,.T.);
#233=FACE_OUTER_BOUND('',#558,.T.);
#234=FACE_OUTER_BOUND('',#559,.T.);
#235=FACE_OUTER_BOUND('',#560,.T.);
#236=FACE_OUTER_BOUND('',#561,.T.);
#237=FACE_OUTER_BOUND('',#562,.T.);
#238=FACE_OUTER_BOUND('',#563,.T.);
#239=FACE_OUTER_BOUND('',#564,.T.);
#240=FACE_OUTER_BOUND('',#565,.T.);
#241=FACE_OUTER_BOUND('',#566,.T.);
#242=FACE_OUTER_BOUND('',#567,.T.);
#243=FACE_OUTER_BOUND('',#568,.T.);
#244=FACE_OUTER_BOUND('',#569,.T.);
#245=FACE_OUTER_BOUND('',#570,.T.);
#246=FACE_OUTER_BOUND('',#571,.T.);
#247=FACE_OUTER_BOUND('',#572,.T.);
#248=FACE_OUTER_BOUND('',#573,.T.);
#249=FACE_OUTER_BOUND('',#574,.T.);
#250=FACE_OUTER_BOUND('',#575,.T.);
#251=FACE_OUTER_BOUND('',#576,.T.);
#252=FACE_OUTER_BOUND('',#577,.T.);
#253=FACE_OUTER_BOUND('',#578,.T.);
#254=FACE_OUTER_BOUND('',#579,.T.);
#255=FACE_OUTER_BOUND('',#580,.T.);
#256=FACE_OUTER_BOUND('',#581,.T.);
#257=FACE_OUTER_BOUND('',#582,.T.);
#258=FACE_OUTER_BOUND('',#583,.T.);
#259=FACE_OUTER_BOUND('',#584,.T.);
#260=FACE_OUTER_BOUND('',#585,.T.);
#261=FACE_OUTER_BOUND('',#586,.T.);
#262=FACE_OUTER_BOUND('',#587,.T.);
#263=FACE_OUTER_BOUND('',#588,.T.);
#264=FACE_OUTER_BOUND('',#589,.T.);
#265=FACE_OUTER_BOUND('',#590,.T.);
#266=FACE_OUTER_BOUND('',#591,.T.);
#267=FACE_OUTER_BOUND('',#592,.T.);
#268=FACE_OUTER_BOUND('',#593,.T.);
#269=FACE_OUTER_BOUND('',#594,.T.);
#270=FACE_OUTER_BOUND('',#595,.T.);
#271=FACE_OUTER_BOUND('',#596,.T.);
#272=FACE_OUTER_BOUND('',#597,.T.);
#273=FACE_OUTER_BOUND('',#598,.T.);
#274=FACE_OUTER_BOUND('',#599,.T.);
#275=FACE_OUTER_BOUND('',#602,.T.);
#276=FACE_OUTER_BOUND('',#603,.T.);
#277=FACE_OUTER_BOUND('',#604,.T.);
#278=FACE_OUTER_BOUND('',#605,.T.);
#279=FACE_OUTER_BOUND('',#606,.T.);
#280=FACE_OUTER_BOUND('',#608,.T.);
#281=FACE_OUTER_BOUND('',#609,.T.);
#282=FACE_OUTER_BOUND('',#610,.T.);
#283=FACE_OUTER_BOUND('',#611,.T.);
#284=FACE_OUTER_BOUND('',#612,.T.);
#285=FACE_OUTER_BOUND('',#613,.T.);
#286=FACE_OUTER_BOUND('',#614,.T.);
#287=FACE_OUTER_BOUND('',#615,.T.);
#288=FACE_OUTER_BOUND('',#616,.T.);
#289=FACE_OUTER_BOUND('',#617,.T.);
#290=FACE_OUTER_BOUND('',#618,.T.);
#291=FACE_OUTER_BOUND('',#619,.T.);
#292=FACE_OUTER_BOUND('',#621,.T.);
#293=FACE_OUTER_BOUND('',#622,.T.);
#294=FACE_OUTER_BOUND('',#623,.T.);
#295=FACE_OUTER_BOUND('',#624,.T.);
#296=FACE_OUTER_BOUND('',#625,.T.);
#297=FACE_OUTER_BOUND('',#626,.T.);
#298=FACE_OUTER_BOUND('',#627,.T.);
#299=FACE_OUTER_BOUND('',#628,.T.);
#300=FACE_OUTER_BOUND('',#629,.T.);
#301=FACE_OUTER_BOUND('',#630,.T.);
#302=FACE_OUTER_BOUND('',#631,.T.);
#303=FACE_OUTER_BOUND('',#632,.T.);
#304=FACE_OUTER_BOUND('',#633,.T.);
#305=FACE_OUTER_BOUND('',#634,.T.);
#306=FACE_OUTER_BOUND('',#635,.T.);
#307=FACE_OUTER_BOUND('',#636,.T.);
#308=FACE_OUTER_BOUND('',#637,.T.);
#309=FACE_OUTER_BOUND('',#638,.T.);
#310=FACE_OUTER_BOUND('',#639,.T.);
#311=FACE_OUTER_BOUND('',#640,.T.);
#312=FACE_OUTER_BOUND('',#641,.T.);
#313=FACE_OUTER_BOUND('',#642,.T.);
#314=FACE_OUTER_BOUND('',#643,.T.);
#315=FACE_OUTER_BOUND('',#644,.T.);
#316=FACE_OUTER_BOUND('',#645,.T.);
#317=FACE_OUTER_BOUND('',#646,.T.);
#318=FACE_OUTER_BOUND('',#647,.T.);
#319=FACE_OUTER_BOUND('',#648,.T.);
#320=FACE_OUTER_BOUND('',#649,.T.);
#321=FACE_OUTER_BOUND('',#650,.T.);
#322=FACE_OUTER_BOUND('',#651,.T.);
#323=FACE_OUTER_BOUND('',#652,.T.);
#324=FACE_OUTER_BOUND('',#653,.T.);
#325=FACE_OUTER_BOUND('',#654,.T.);
#326=FACE_OUTER_BOUND('',#655,.T.);
#327=FACE_OUTER_BOUND('',#656,.T.);
#328=FACE_OUTER_BOUND('',#657,.T.);
#329=FACE_OUTER_BOUND('',#658,.T.);
#330=FACE_OUTER_BOUND('',#659,.T.);
#331=FACE_OUTER_BOUND('',#660,.T.);
#332=FACE_OUTER_BOUND('',#661,.T.);
#333=FACE_OUTER_BOUND('',#662,.T.);
#334=FACE_OUTER_BOUND('',#663,.T.);
#335=FACE_OUTER_BOUND('',#664,.T.);
#336=FACE_OUTER_BOUND('',#665,.T.);
#337=FACE_OUTER_BOUND('',#666,.T.);
#338=FACE_OUTER_BOUND('',#667,.T.);
#339=FACE_OUTER_BOUND('',#668,.T.);
#340=FACE_OUTER_BOUND('',#669,.T.);
#341=FACE_OUTER_BOUND('',#670,.T.);
#342=FACE_OUTER_BOUND('',#671,.T.);
#343=FACE_OUTER_BOUND('',#672,.T.);
#344=FACE_OUTER_BOUND('',#673,.T.);
#345=FACE_OUTER_BOUND('',#674,.T.);
#346=FACE_OUTER_BOUND('',#675,.T.);
#347=FACE_OUTER_BOUND('',#676,.T.);
#348=FACE_OUTER_BOUND('',#677,.T.);
#349=FACE_OUTER_BOUND('',#678,.T.);
#350=FACE_OUTER_BOUND('',#679,.T.);
#351=FACE_OUTER_BOUND('',#680,.T.);
#352=FACE_OUTER_BOUND('',#681,.T.);
#353=FACE_OUTER_BOUND('',#682,.T.);
#354=FACE_OUTER_BOUND('',#683,.T.);
#355=FACE_OUTER_BOUND('',#684,.T.);
#356=FACE_OUTER_BOUND('',#685,.T.);
#357=FACE_OUTER_BOUND('',#686,.T.);
#358=FACE_OUTER_BOUND('',#687,.T.);
#359=FACE_OUTER_BOUND('',#688,.T.);
#360=FACE_OUTER_BOUND('',#689,.T.);
#361=FACE_OUTER_BOUND('',#690,.T.);
#362=FACE_OUTER_BOUND('',#691,.T.);
#363=FACE_OUTER_BOUND('',#692,.T.);
#364=FACE_OUTER_BOUND('',#693,.T.);
#365=FACE_OUTER_BOUND('',#694,.T.);
#366=FACE_OUTER_BOUND('',#695,.T.);
#367=FACE_OUTER_BOUND('',#696,.T.);
#368=FACE_OUTER_BOUND('',#697,.T.);
#369=FACE_OUTER_BOUND('',#698,.T.);
#370=FACE_OUTER_BOUND('',#699,.T.);
#371=FACE_OUTER_BOUND('',#700,.T.);
#372=FACE_OUTER_BOUND('',#701,.T.);
#373=FACE_OUTER_BOUND('',#702,.T.);
#374=FACE_OUTER_BOUND('',#703,.T.);
#375=FACE_OUTER_BOUND('',#704,.T.);
#376=FACE_OUTER_BOUND('',#705,.T.);
#377=FACE_OUTER_BOUND('',#706,.T.);
#378=FACE_OUTER_BOUND('',#707,.T.);
#379=FACE_OUTER_BOUND('',#709,.T.);
#380=FACE_OUTER_BOUND('',#710,.T.);
#381=FACE_OUTER_BOUND('',#711,.T.);
#382=FACE_OUTER_BOUND('',#713,.T.);
#383=FACE_OUTER_BOUND('',#714,.T.);
#384=FACE_OUTER_BOUND('',#715,.T.);
#385=FACE_OUTER_BOUND('',#716,.T.);
#386=FACE_OUTER_BOUND('',#717,.T.);
#387=FACE_OUTER_BOUND('',#718,.T.);
#388=FACE_OUTER_BOUND('',#719,.T.);
#389=FACE_OUTER_BOUND('',#720,.T.);
#390=FACE_OUTER_BOUND('',#721,.T.);
#391=FACE_OUTER_BOUND('',#722,.T.);
#392=FACE_OUTER_BOUND('',#723,.T.);
#393=FACE_OUTER_BOUND('',#724,.T.);
#394=FACE_OUTER_BOUND('',#725,.T.);
#395=FACE_OUTER_BOUND('',#726,.T.);
#396=FACE_OUTER_BOUND('',#727,.T.);
#397=FACE_OUTER_BOUND('',#728,.T.);
#398=FACE_OUTER_BOUND('',#729,.T.);
#399=FACE_OUTER_BOUND('',#730,.T.);
#400=FACE_OUTER_BOUND('',#731,.T.);
#401=FACE_OUTER_BOUND('',#732,.T.);
#402=FACE_OUTER_BOUND('',#733,.T.);
#403=FACE_OUTER_BOUND('',#734,.T.);
#404=FACE_OUTER_BOUND('',#735,.T.);
#405=FACE_OUTER_BOUND('',#736,.T.);
#406=FACE_OUTER_BOUND('',#737,.T.);
#407=FACE_OUTER_BOUND('',#738,.T.);
#408=FACE_OUTER_BOUND('',#739,.T.);
#409=FACE_OUTER_BOUND('',#740,.T.);
#410=FACE_OUTER_BOUND('',#741,.T.);
#411=FACE_OUTER_BOUND('',#742,.T.);
#412=FACE_OUTER_BOUND('',#743,.T.);
#413=FACE_OUTER_BOUND('',#744,.T.);
#414=FACE_OUTER_BOUND('',#745,.T.);
#415=FACE_OUTER_BOUND('',#746,.T.);
#416=FACE_OUTER_BOUND('',#747,.T.);
#417=FACE_OUTER_BOUND('',#748,.T.);
#418=FACE_OUTER_BOUND('',#749,.T.);
#419=FACE_OUTER_BOUND('',#750,.T.);
#420=FACE_OUTER_BOUND('',#751,.T.);
#421=FACE_OUTER_BOUND('',#752,.T.);
#422=FACE_OUTER_BOUND('',#753,.T.);
#423=FACE_OUTER_BOUND('',#754,.T.);
#424=FACE_OUTER_BOUND('',#755,.T.);
#425=FACE_OUTER_BOUND('',#756,.T.);
#426=FACE_OUTER_BOUND('',#757,.T.);
#427=FACE_OUTER_BOUND('',#758,.T.);
#428=FACE_OUTER_BOUND('',#759,.T.);
#429=FACE_OUTER_BOUND('',#760,.T.);
#430=FACE_OUTER_BOUND('',#761,.T.);
#431=FACE_OUTER_BOUND('',#762,.T.);
#432=FACE_OUTER_BOUND('',#763,.T.);
#433=FACE_OUTER_BOUND('',#764,.T.);
#434=FACE_OUTER_BOUND('',#765,.T.);
#435=FACE_OUTER_BOUND('',#766,.T.);
#436=FACE_OUTER_BOUND('',#767,.T.);
#437=FACE_OUTER_BOUND('',#768,.T.);
#438=FACE_OUTER_BOUND('',#769,.T.);
#439=FACE_OUTER_BOUND('',#770,.T.);
#440=FACE_OUTER_BOUND('',#771,.T.);
#441=FACE_OUTER_BOUND('',#772,.T.);
#442=FACE_OUTER_BOUND('',#773,.T.);
#443=FACE_OUTER_BOUND('',#774,.T.);
#444=FACE_OUTER_BOUND('',#775,.T.);
#445=FACE_OUTER_BOUND('',#776,.T.);
#446=FACE_OUTER_BOUND('',#777,.T.);
#447=FACE_OUTER_BOUND('',#778,.T.);
#448=FACE_OUTER_BOUND('',#779,.T.);
#449=FACE_OUTER_BOUND('',#780,.T.);
#450=FACE_OUTER_BOUND('',#781,.T.);
#451=FACE_OUTER_BOUND('',#782,.T.);
#452=FACE_OUTER_BOUND('',#783,.T.);
#453=FACE_OUTER_BOUND('',#784,.T.);
#454=FACE_OUTER_BOUND('',#785,.T.);
#455=FACE_OUTER_BOUND('',#786,.T.);
#456=FACE_OUTER_BOUND('',#787,.T.);
#457=FACE_OUTER_BOUND('',#788,.T.);
#458=FACE_OUTER_BOUND('',#789,.T.);
#459=FACE_OUTER_BOUND('',#790,.T.);
#460=FACE_OUTER_BOUND('',#791,.T.);
#461=FACE_OUTER_BOUND('',#792,.T.);
#462=FACE_OUTER_BOUND('',#793,.T.);
#463=FACE_OUTER_BOUND('',#794,.T.);
#464=FACE_OUTER_BOUND('',#795,.T.);
#465=FACE_OUTER_BOUND('',#796,.T.);
#466=FACE_OUTER_BOUND('',#797,.T.);
#467=FACE_OUTER_BOUND('',#798,.T.);
#468=FACE_OUTER_BOUND('',#799,.T.);
#469=FACE_OUTER_BOUND('',#800,.T.);
#470=FACE_OUTER_BOUND('',#801,.T.);
#471=FACE_OUTER_BOUND('',#802,.T.);
#472=FACE_OUTER_BOUND('',#803,.T.);
#473=FACE_OUTER_BOUND('',#804,.T.);
#474=FACE_OUTER_BOUND('',#805,.T.);
#475=FACE_OUTER_BOUND('',#806,.T.);
#476=FACE_OUTER_BOUND('',#807,.T.);
#477=FACE_OUTER_BOUND('',#808,.T.);
#478=FACE_OUTER_BOUND('',#809,.T.);
#479=FACE_OUTER_BOUND('',#810,.T.);
#480=FACE_OUTER_BOUND('',#811,.T.);
#481=FACE_OUTER_BOUND('',#812,.T.);
#482=FACE_OUTER_BOUND('',#813,.T.);
#483=FACE_OUTER_BOUND('',#814,.T.);
#484=FACE_OUTER_BOUND('',#815,.T.);
#485=FACE_OUTER_BOUND('',#816,.T.);
#486=FACE_OUTER_BOUND('',#817,.T.);
#487=FACE_OUTER_BOUND('',#818,.T.);
#488=FACE_OUTER_BOUND('',#819,.T.);
#489=FACE_OUTER_BOUND('',#820,.T.);
#490=FACE_OUTER_BOUND('',#821,.T.);
#491=FACE_OUTER_BOUND('',#822,.T.);
#492=FACE_OUTER_BOUND('',#823,.T.);
#493=FACE_OUTER_BOUND('',#824,.T.);
#494=FACE_OUTER_BOUND('',#825,.T.);
#495=FACE_OUTER_BOUND('',#826,.T.);
#496=FACE_OUTER_BOUND('',#827,.T.);
#497=FACE_OUTER_BOUND('',#828,.T.);
#498=FACE_OUTER_BOUND('',#829,.T.);
#499=FACE_OUTER_BOUND('',#830,.T.);
#500=FACE_OUTER_BOUND('',#831,.T.);
#501=FACE_OUTER_BOUND('',#832,.T.);
#502=FACE_OUTER_BOUND('',#833,.T.);
#503=FACE_OUTER_BOUND('',#834,.T.);
#504=FACE_OUTER_BOUND('',#835,.T.);
#505=FACE_OUTER_BOUND('',#836,.T.);
#506=FACE_OUTER_BOUND('',#837,.T.);
#507=FACE_OUTER_BOUND('',#838,.T.);
#508=FACE_OUTER_BOUND('',#839,.T.);
#509=FACE_OUTER_BOUND('',#840,.T.);
#510=FACE_OUTER_BOUND('',#841,.T.);
#511=FACE_OUTER_BOUND('',#842,.T.);
#512=FACE_OUTER_BOUND('',#843,.T.);
#513=FACE_OUTER_BOUND('',#844,.T.);
#514=FACE_OUTER_BOUND('',#845,.T.);
#515=FACE_OUTER_BOUND('',#846,.T.);
#516=FACE_OUTER_BOUND('',#847,.T.);
#517=FACE_OUTER_BOUND('',#848,.T.);
#518=FACE_OUTER_BOUND('',#849,.T.);
#519=FACE_OUTER_BOUND('',#850,.T.);
#520=FACE_OUTER_BOUND('',#851,.T.);
#521=FACE_OUTER_BOUND('',#852,.T.);
#522=FACE_OUTER_BOUND('',#853,.T.);
#523=FACE_OUTER_BOUND('',#854,.T.);
#524=FACE_OUTER_BOUND('',#855,.T.);
#525=FACE_OUTER_BOUND('',#856,.T.);
#526=FACE_OUTER_BOUND('',#857,.T.);
#527=FACE_OUTER_BOUND('',#858,.T.);
#528=FACE_OUTER_BOUND('',#859,.T.);
#529=FACE_OUTER_BOUND('',#860,.T.);
#530=FACE_OUTER_BOUND('',#861,.T.);
#531=FACE_OUTER_BOUND('',#862,.T.);
#532=FACE_OUTER_BOUND('',#863,.T.);
#533=FACE_OUTER_BOUND('',#864,.T.);
#534=FACE_OUTER_BOUND('',#865,.T.);
#535=FACE_OUTER_BOUND('',#866,.T.);
#536=FACE_OUTER_BOUND('',#867,.T.);
#537=FACE_OUTER_BOUND('',#868,.T.);
#538=FACE_OUTER_BOUND('',#869,.T.);
#539=FACE_OUTER_BOUND('',#870,.T.);
#540=FACE_OUTER_BOUND('',#871,.T.);
#541=FACE_OUTER_BOUND('',#872,.T.);
#542=FACE_OUTER_BOUND('',#873,.T.);
#543=FACE_OUTER_BOUND('',#874,.T.);
#544=FACE_OUTER_BOUND('',#875,.T.);
#545=EDGE_LOOP('',(#3363,#3364,#3365,#3366));
#546=EDGE_LOOP('',(#3367,#3368,#3369,#3370,#3371,#3372,#3373,#3374,#3375,
#3376,#3377,#3378,#3379,#3380,#3381,#3382,#3383,#3384));
#547=EDGE_LOOP('',(#3385,#3386,#3387,#3388,#3389,#3390,#3391,#3392));
#548=EDGE_LOOP('',(#3393,#3394,#3395,#3396,#3397,#3398,#3399,#3400));
#549=EDGE_LOOP('',(#3401,#3402,#3403,#3404));
#550=EDGE_LOOP('',(#3405,#3406,#3407,#3408));
#551=EDGE_LOOP('',(#3409,#3410,#3411,#3412));
#552=EDGE_LOOP('',(#3413,#3414,#3415,#3416));
#553=EDGE_LOOP('',(#3417,#3418,#3419,#3420));
#554=EDGE_LOOP('',(#3421,#3422,#3423,#3424));
#555=EDGE_LOOP('',(#3425,#3426,#3427,#3428));
#556=EDGE_LOOP('',(#3429,#3430,#3431,#3432));
#557=EDGE_LOOP('',(#3433,#3434,#3435,#3436));
#558=EDGE_LOOP('',(#3437,#3438,#3439,#3440));
#559=EDGE_LOOP('',(#3441,#3442,#3443,#3444));
#560=EDGE_LOOP('',(#3445,#3446,#3447,#3448));
#561=EDGE_LOOP('',(#3449,#3450,#3451,#3452));
#562=EDGE_LOOP('',(#3453,#3454,#3455,#3456,#3457,#3458,#3459,#3460,#3461,
#3462,#3463,#3464));
#563=EDGE_LOOP('',(#3465,#3466,#3467,#3468));
#564=EDGE_LOOP('',(#3469,#3470,#3471,#3472));
#565=EDGE_LOOP('',(#3473,#3474,#3475,#3476));
#566=EDGE_LOOP('',(#3477,#3478,#3479,#3480));
#567=EDGE_LOOP('',(#3481,#3482,#3483,#3484));
#568=EDGE_LOOP('',(#3485,#3486,#3487,#3488,#3489,#3490));
#569=EDGE_LOOP('',(#3491,#3492,#3493,#3494,#3495,#3496));
#570=EDGE_LOOP('',(#3497,#3498,#3499,#3500,#3501,#3502,#3503,#3504,#3505,
#3506,#3507,#3508,#3509,#3510,#3511,#3512,#3513,#3514,#3515,#3516));
#571=EDGE_LOOP('',(#3517,#3518,#3519,#3520,#3521,#3522));
#572=EDGE_LOOP('',(#3523,#3524,#3525,#3526,#3527,#3528));
#573=EDGE_LOOP('',(#3529,#3530,#3531,#3532));
#574=EDGE_LOOP('',(#3533,#3534,#3535,#3536));
#575=EDGE_LOOP('',(#3537,#3538,#3539,#3540));
#576=EDGE_LOOP('',(#3541,#3542,#3543,#3544));
#577=EDGE_LOOP('',(#3545,#3546,#3547,#3548));
#578=EDGE_LOOP('',(#3549,#3550,#3551,#3552));
#579=EDGE_LOOP('',(#3553,#3554,#3555,#3556));
#580=EDGE_LOOP('',(#3557,#3558,#3559,#3560));
#581=EDGE_LOOP('',(#3561,#3562,#3563,#3564));
#582=EDGE_LOOP('',(#3565,#3566,#3567,#3568));
#583=EDGE_LOOP('',(#3569,#3570,#3571,#3572));
#584=EDGE_LOOP('',(#3573,#3574,#3575,#3576));
#585=EDGE_LOOP('',(#3577,#3578,#3579,#3580));
#586=EDGE_LOOP('',(#3581,#3582,#3583,#3584));
#587=EDGE_LOOP('',(#3585,#3586,#3587,#3588));
#588=EDGE_LOOP('',(#3589,#3590,#3591,#3592));
#589=EDGE_LOOP('',(#3593,#3594,#3595,#3596));
#590=EDGE_LOOP('',(#3597,#3598,#3599,#3600,#3601,#3602));
#591=EDGE_LOOP('',(#3603,#3604,#3605,#3606,#3607,#3608));
#592=EDGE_LOOP('',(#3609,#3610,#3611,#3612));
#593=EDGE_LOOP('',(#3613,#3614,#3615,#3616,#3617,#3618));
#594=EDGE_LOOP('',(#3619,#3620,#3621,#3622));
#595=EDGE_LOOP('',(#3623,#3624,#3625,#3626,#3627,#3628));
#596=EDGE_LOOP('',(#3629,#3630,#3631,#3632));
#597=EDGE_LOOP('',(#3633,#3634,#3635,#3636,#3637,#3638));
#598=EDGE_LOOP('',(#3639,#3640,#3641,#3642));
#599=EDGE_LOOP('',(#3643,#3644,#3645,#3646,#3647,#3648,#3649,#3650,#3651,
#3652,#3653,#3654,#3655,#3656,#3657,#3658,#3659,#3660));
#600=EDGE_LOOP('',(#3661,#3662,#3663,#3664,#3665,#3666,#3667,#3668));
#601=EDGE_LOOP('',(#3669,#3670,#3671,#3672,#3673,#3674,#3675,#3676));
#602=EDGE_LOOP('',(#3677,#3678,#3679,#3680,#3681,#3682));
#603=EDGE_LOOP('',(#3683,#3684,#3685,#3686));
#604=EDGE_LOOP('',(#3687,#3688,#3689,#3690,#3691,#3692));
#605=EDGE_LOOP('',(#3693,#3694,#3695,#3696,#3697,#3698,#3699,#3700,#3701,
#3702,#3703,#3704,#3705,#3706,#3707,#3708,#3709,#3710,#3711,#3712,#3713,
#3714,#3715));
#606=EDGE_LOOP('',(#3716,#3717,#3718,#3719,#3720,#3721,#3722,#3723,#3724,
#3725,#3726,#3727,#3728,#3729,#3730,#3731,#3732,#3733,#3734,#3735,#3736,
#3737));
#607=EDGE_LOOP('',(#3738,#3739,#3740,#3741,#3742,#3743,#3744,#3745));
#608=EDGE_LOOP('',(#3746,#3747,#3748,#3749,#3750));
#609=EDGE_LOOP('',(#3751,#3752,#3753,#3754));
#610=EDGE_LOOP('',(#3755,#3756,#3757,#3758));
#611=EDGE_LOOP('',(#3759,#3760,#3761,#3762));
#612=EDGE_LOOP('',(#3763,#3764,#3765,#3766));
#613=EDGE_LOOP('',(#3767,#3768,#3769,#3770));
#614=EDGE_LOOP('',(#3771,#3772,#3773,#3774));
#615=EDGE_LOOP('',(#3775,#3776,#3777,#3778));
#616=EDGE_LOOP('',(#3779,#3780,#3781,#3782));
#617=EDGE_LOOP('',(#3783,#3784,#3785,#3786));
#618=EDGE_LOOP('',(#3787,#3788,#3789,#3790,#3791));
#619=EDGE_LOOP('',(#3792,#3793,#3794,#3795,#3796,#3797,#3798,#3799,#3800,
#3801,#3802,#3803,#3804,#3805,#3806,#3807,#3808,#3809,#3810,#3811,#3812,
#3813));
#620=EDGE_LOOP('',(#3814,#3815,#3816,#3817,#3818,#3819,#3820,#3821));
#621=EDGE_LOOP('',(#3822,#3823,#3824,#3825,#3826));
#622=EDGE_LOOP('',(#3827,#3828,#3829,#3830,#3831));
#623=EDGE_LOOP('',(#3832,#3833,#3834,#3835,#3836,#3837,#3838,#3839,#3840,
#3841,#3842,#3843,#3844,#3845,#3846,#3847,#3848,#3849,#3850,#3851,#3852,
#3853,#3854));
#624=EDGE_LOOP('',(#3855,#3856,#3857,#3858,#3859,#3860));
#625=EDGE_LOOP('',(#3861,#3862,#3863,#3864));
#626=EDGE_LOOP('',(#3865,#3866,#3867,#3868));
#627=EDGE_LOOP('',(#3869,#3870,#3871,#3872));
#628=EDGE_LOOP('',(#3873,#3874,#3875,#3876));
#629=EDGE_LOOP('',(#3877,#3878,#3879,#3880));
#630=EDGE_LOOP('',(#3881,#3882,#3883,#3884));
#631=EDGE_LOOP('',(#3885,#3886,#3887,#3888));
#632=EDGE_LOOP('',(#3889,#3890,#3891,#3892));
#633=EDGE_LOOP('',(#3893,#3894,#3895,#3896));
#634=EDGE_LOOP('',(#3897,#3898,#3899));
#635=EDGE_LOOP('',(#3900,#3901,#3902,#3903));
#636=EDGE_LOOP('',(#3904,#3905,#3906));
#637=EDGE_LOOP('',(#3907,#3908,#3909,#3910));
#638=EDGE_LOOP('',(#3911,#3912,#3913));
#639=EDGE_LOOP('',(#3914,#3915,#3916,#3917));
#640=EDGE_LOOP('',(#3918,#3919,#3920));
#641=EDGE_LOOP('',(#3921,#3922,#3923,#3924));
#642=EDGE_LOOP('',(#3925,#3926,#3927,#3928));
#643=EDGE_LOOP('',(#3929,#3930,#3931,#3932));
#644=EDGE_LOOP('',(#3933,#3934,#3935,#3936));
#645=EDGE_LOOP('',(#3937,#3938,#3939,#3940));
#646=EDGE_LOOP('',(#3941,#3942,#3943,#3944));
#647=EDGE_LOOP('',(#3945,#3946,#3947,#3948));
#648=EDGE_LOOP('',(#3949,#3950,#3951,#3952));
#649=EDGE_LOOP('',(#3953,#3954,#3955,#3956));
#650=EDGE_LOOP('',(#3957,#3958,#3959,#3960));
#651=EDGE_LOOP('',(#3961,#3962,#3963,#3964));
#652=EDGE_LOOP('',(#3965,#3966,#3967,#3968));
#653=EDGE_LOOP('',(#3969,#3970,#3971,#3972));
#654=EDGE_LOOP('',(#3973,#3974,#3975,#3976));
#655=EDGE_LOOP('',(#3977,#3978,#3979,#3980));
#656=EDGE_LOOP('',(#3981,#3982,#3983,#3984));
#657=EDGE_LOOP('',(#3985,#3986,#3987,#3988));
#658=EDGE_LOOP('',(#3989,#3990,#3991,#3992));
#659=EDGE_LOOP('',(#3993,#3994,#3995,#3996));
#660=EDGE_LOOP('',(#3997,#3998,#3999,#4000));
#661=EDGE_LOOP('',(#4001,#4002,#4003,#4004));
#662=EDGE_LOOP('',(#4005,#4006,#4007,#4008,#4009,#4010));
#663=EDGE_LOOP('',(#4011,#4012,#4013,#4014,#4015,#4016));
#664=EDGE_LOOP('',(#4017,#4018,#4019,#4020));
#665=EDGE_LOOP('',(#4021,#4022,#4023,#4024));
#666=EDGE_LOOP('',(#4025,#4026,#4027,#4028));
#667=EDGE_LOOP('',(#4029,#4030,#4031,#4032));
#668=EDGE_LOOP('',(#4033,#4034,#4035,#4036));
#669=EDGE_LOOP('',(#4037,#4038,#4039,#4040));
#670=EDGE_LOOP('',(#4041,#4042,#4043,#4044,#4045,#4046));
#671=EDGE_LOOP('',(#4047,#4048,#4049,#4050,#4051,#4052));
#672=EDGE_LOOP('',(#4053,#4054,#4055,#4056,#4057,#4058));
#673=EDGE_LOOP('',(#4059,#4060,#4061,#4062));
#674=EDGE_LOOP('',(#4063,#4064,#4065,#4066));
#675=EDGE_LOOP('',(#4067,#4068,#4069,#4070));
#676=EDGE_LOOP('',(#4071,#4072,#4073,#4074));
#677=EDGE_LOOP('',(#4075,#4076,#4077,#4078));
#678=EDGE_LOOP('',(#4079,#4080,#4081,#4082));
#679=EDGE_LOOP('',(#4083,#4084,#4085,#4086));
#680=EDGE_LOOP('',(#4087,#4088,#4089,#4090));
#681=EDGE_LOOP('',(#4091,#4092,#4093,#4094));
#682=EDGE_LOOP('',(#4095,#4096,#4097,#4098,#4099,#4100));
#683=EDGE_LOOP('',(#4101,#4102,#4103,#4104));
#684=EDGE_LOOP('',(#4105,#4106,#4107,#4108));
#685=EDGE_LOOP('',(#4109,#4110,#4111,#4112));
#686=EDGE_LOOP('',(#4113,#4114,#4115,#4116));
#687=EDGE_LOOP('',(#4117,#4118,#4119,#4120));
#688=EDGE_LOOP('',(#4121,#4122,#4123,#4124));
#689=EDGE_LOOP('',(#4125,#4126,#4127,#4128));
#690=EDGE_LOOP('',(#4129,#4130,#4131,#4132));
#691=EDGE_LOOP('',(#4133,#4134,#4135,#4136));
#692=EDGE_LOOP('',(#4137,#4138,#4139,#4140));
#693=EDGE_LOOP('',(#4141,#4142,#4143,#4144));
#694=EDGE_LOOP('',(#4145,#4146,#4147,#4148,#4149,#4150));
#695=EDGE_LOOP('',(#4151,#4152,#4153,#4154));
#696=EDGE_LOOP('',(#4155,#4156,#4157,#4158));
#697=EDGE_LOOP('',(#4159,#4160,#4161,#4162));
#698=EDGE_LOOP('',(#4163,#4164,#4165,#4166));
#699=EDGE_LOOP('',(#4167,#4168,#4169,#4170));
#700=EDGE_LOOP('',(#4171,#4172,#4173,#4174));
#701=EDGE_LOOP('',(#4175,#4176,#4177,#4178));
#702=EDGE_LOOP('',(#4179,#4180,#4181,#4182));
#703=EDGE_LOOP('',(#4183,#4184,#4185,#4186));
#704=EDGE_LOOP('',(#4187,#4188,#4189,#4190));
#705=EDGE_LOOP('',(#4191,#4192,#4193,#4194));
#706=EDGE_LOOP('',(#4195,#4196,#4197,#4198));
#707=EDGE_LOOP('',(#4199,#4200,#4201,#4202,#4203,#4204,#4205,#4206,#4207,
#4208,#4209,#4210,#4211,#4212,#4213,#4214,#4215,#4216,#4217,#4218,#4219,
#4220));
#708=EDGE_LOOP('',(#4221,#4222,#4223,#4224,#4225,#4226,#4227,#4228));
#709=EDGE_LOOP('',(#4229,#4230,#4231,#4232,#4233));
#710=EDGE_LOOP('',(#4234,#4235,#4236,#4237,#4238));
#711=EDGE_LOOP('',(#4239,#4240,#4241,#4242,#4243,#4244,#4245,#4246,#4247,
#4248,#4249,#4250,#4251,#4252,#4253,#4254,#4255,#4256,#4257,#4258,#4259,
#4260));
#712=EDGE_LOOP('',(#4261,#4262,#4263,#4264,#4265,#4266,#4267,#4268));
#713=EDGE_LOOP('',(#4269,#4270,#4271,#4272));
#714=EDGE_LOOP('',(#4273,#4274,#4275,#4276));
#715=EDGE_LOOP('',(#4277,#4278,#4279,#4280));
#716=EDGE_LOOP('',(#4281,#4282,#4283,#4284));
#717=EDGE_LOOP('',(#4285,#4286,#4287,#4288));
#718=EDGE_LOOP('',(#4289,#4290,#4291,#4292));
#719=EDGE_LOOP('',(#4293,#4294,#4295,#4296));
#720=EDGE_LOOP('',(#4297,#4298,#4299,#4300));
#721=EDGE_LOOP('',(#4301,#4302,#4303,#4304));
#722=EDGE_LOOP('',(#4305,#4306,#4307,#4308));
#723=EDGE_LOOP('',(#4309,#4310,#4311,#4312));
#724=EDGE_LOOP('',(#4313,#4314,#4315,#4316));
#725=EDGE_LOOP('',(#4317,#4318,#4319,#4320));
#726=EDGE_LOOP('',(#4321,#4322,#4323,#4324));
#727=EDGE_LOOP('',(#4325,#4326,#4327,#4328));
#728=EDGE_LOOP('',(#4329,#4330,#4331,#4332));
#729=EDGE_LOOP('',(#4333,#4334,#4335,#4336));
#730=EDGE_LOOP('',(#4337,#4338,#4339,#4340));
#731=EDGE_LOOP('',(#4341,#4342,#4343,#4344));
#732=EDGE_LOOP('',(#4345,#4346,#4347,#4348));
#733=EDGE_LOOP('',(#4349,#4350,#4351,#4352,#4353,#4354));
#734=EDGE_LOOP('',(#4355,#4356,#4357,#4358,#4359,#4360));
#735=EDGE_LOOP('',(#4361,#4362,#4363,#4364));
#736=EDGE_LOOP('',(#4365,#4366,#4367,#4368));
#737=EDGE_LOOP('',(#4369,#4370,#4371,#4372));
#738=EDGE_LOOP('',(#4373,#4374,#4375,#4376,#4377,#4378));
#739=EDGE_LOOP('',(#4379,#4380,#4381,#4382,#4383,#4384));
#740=EDGE_LOOP('',(#4385,#4386,#4387,#4388,#4389,#4390));
#741=EDGE_LOOP('',(#4391,#4392,#4393,#4394));
#742=EDGE_LOOP('',(#4395,#4396,#4397,#4398));
#743=EDGE_LOOP('',(#4399,#4400,#4401,#4402));
#744=EDGE_LOOP('',(#4403,#4404,#4405,#4406));
#745=EDGE_LOOP('',(#4407,#4408,#4409,#4410));
#746=EDGE_LOOP('',(#4411,#4412,#4413,#4414));
#747=EDGE_LOOP('',(#4415,#4416,#4417,#4418));
#748=EDGE_LOOP('',(#4419,#4420,#4421,#4422));
#749=EDGE_LOOP('',(#4423,#4424,#4425,#4426));
#750=EDGE_LOOP('',(#4427,#4428,#4429,#4430,#4431,#4432));
#751=EDGE_LOOP('',(#4433,#4434,#4435,#4436,#4437,#4438));
#752=EDGE_LOOP('',(#4439,#4440,#4441,#4442));
#753=EDGE_LOOP('',(#4443,#4444,#4445,#4446));
#754=EDGE_LOOP('',(#4447,#4448,#4449,#4450));
#755=EDGE_LOOP('',(#4451,#4452,#4453,#4454));
#756=EDGE_LOOP('',(#4455,#4456,#4457,#4458));
#757=EDGE_LOOP('',(#4459,#4460,#4461,#4462));
#758=EDGE_LOOP('',(#4463,#4464,#4465));
#759=EDGE_LOOP('',(#4466,#4467,#4468,#4469));
#760=EDGE_LOOP('',(#4470,#4471,#4472));
#761=EDGE_LOOP('',(#4473,#4474,#4475,#4476));
#762=EDGE_LOOP('',(#4477,#4478,#4479));
#763=EDGE_LOOP('',(#4480,#4481,#4482,#4483));
#764=EDGE_LOOP('',(#4484,#4485,#4486));
#765=EDGE_LOOP('',(#4487,#4488,#4489,#4490));
#766=EDGE_LOOP('',(#4491,#4492,#4493,#4494));
#767=EDGE_LOOP('',(#4495,#4496,#4497,#4498));
#768=EDGE_LOOP('',(#4499,#4500,#4501,#4502));
#769=EDGE_LOOP('',(#4503,#4504,#4505,#4506));
#770=EDGE_LOOP('',(#4507,#4508,#4509,#4510));
#771=EDGE_LOOP('',(#4511,#4512,#4513,#4514));
#772=EDGE_LOOP('',(#4515,#4516,#4517,#4518));
#773=EDGE_LOOP('',(#4519,#4520,#4521,#4522));
#774=EDGE_LOOP('',(#4523,#4524,#4525,#4526));
#775=EDGE_LOOP('',(#4527,#4528,#4529,#4530));
#776=EDGE_LOOP('',(#4531,#4532,#4533,#4534));
#777=EDGE_LOOP('',(#4535,#4536,#4537,#4538));
#778=EDGE_LOOP('',(#4539,#4540,#4541,#4542));
#779=EDGE_LOOP('',(#4543,#4544,#4545,#4546));
#780=EDGE_LOOP('',(#4547,#4548,#4549,#4550));
#781=EDGE_LOOP('',(#4551,#4552,#4553,#4554));
#782=EDGE_LOOP('',(#4555,#4556,#4557,#4558));
#783=EDGE_LOOP('',(#4559,#4560,#4561,#4562,#4563,#4564,#4565,#4566,#4567,
#4568,#4569,#4570,#4571,#4572,#4573,#4574,#4575,#4576,#4577,#4578,#4579,
#4580,#4581));
#784=EDGE_LOOP('',(#4582,#4583,#4584,#4585,#4586,#4587,#4588,#4589,#4590,
#4591,#4592,#4593,#4594,#4595,#4596,#4597,#4598,#4599,#4600,#4601,#4602,
#4603,#4604));
#785=EDGE_LOOP('',(#4605,#4606,#4607,#4608,#4609,#4610));
#786=EDGE_LOOP('',(#4611,#4612,#4613,#4614));
#787=EDGE_LOOP('',(#4615,#4616,#4617,#4618));
#788=EDGE_LOOP('',(#4619,#4620,#4621,#4622));
#789=EDGE_LOOP('',(#4623,#4624,#4625,#4626));
#790=EDGE_LOOP('',(#4627,#4628,#4629,#4630));
#791=EDGE_LOOP('',(#4631,#4632,#4633,#4634));
#792=EDGE_LOOP('',(#4635,#4636,#4637,#4638));
#793=EDGE_LOOP('',(#4639,#4640,#4641,#4642));
#794=EDGE_LOOP('',(#4643,#4644,#4645,#4646));
#795=EDGE_LOOP('',(#4647,#4648,#4649,#4650));
#796=EDGE_LOOP('',(#4651,#4652,#4653,#4654));
#797=EDGE_LOOP('',(#4655,#4656,#4657,#4658));
#798=EDGE_LOOP('',(#4659,#4660,#4661,#4662));
#799=EDGE_LOOP('',(#4663,#4664,#4665,#4666));
#800=EDGE_LOOP('',(#4667,#4668,#4669,#4670));
#801=EDGE_LOOP('',(#4671,#4672,#4673,#4674));
#802=EDGE_LOOP('',(#4675,#4676,#4677,#4678,#4679,#4680));
#803=EDGE_LOOP('',(#4681,#4682,#4683,#4684));
#804=EDGE_LOOP('',(#4685,#4686,#4687,#4688));
#805=EDGE_LOOP('',(#4689,#4690,#4691,#4692));
#806=EDGE_LOOP('',(#4693,#4694,#4695,#4696));
#807=EDGE_LOOP('',(#4697,#4698,#4699,#4700));
#808=EDGE_LOOP('',(#4701,#4702,#4703,#4704));
#809=EDGE_LOOP('',(#4705,#4706,#4707,#4708));
#810=EDGE_LOOP('',(#4709,#4710,#4711,#4712));
#811=EDGE_LOOP('',(#4713,#4714,#4715,#4716,#4717,#4718));
#812=EDGE_LOOP('',(#4719,#4720,#4721,#4722));
#813=EDGE_LOOP('',(#4723,#4724,#4725,#4726));
#814=EDGE_LOOP('',(#4727,#4728,#4729,#4730));
#815=EDGE_LOOP('',(#4731,#4732,#4733,#4734));
#816=EDGE_LOOP('',(#4735,#4736,#4737,#4738));
#817=EDGE_LOOP('',(#4739,#4740,#4741,#4742));
#818=EDGE_LOOP('',(#4743,#4744,#4745,#4746));
#819=EDGE_LOOP('',(#4747,#4748,#4749,#4750));
#820=EDGE_LOOP('',(#4751,#4752,#4753,#4754,#4755,#4756));
#821=EDGE_LOOP('',(#4757,#4758,#4759,#4760));
#822=EDGE_LOOP('',(#4761,#4762,#4763));
#823=EDGE_LOOP('',(#4764,#4765,#4766,#4767));
#824=EDGE_LOOP('',(#4768,#4769,#4770));
#825=EDGE_LOOP('',(#4771,#4772,#4773,#4774));
#826=EDGE_LOOP('',(#4775,#4776,#4777));
#827=EDGE_LOOP('',(#4778,#4779,#4780,#4781));
#828=EDGE_LOOP('',(#4782,#4783,#4784));
#829=EDGE_LOOP('',(#4785,#4786,#4787,#4788));
#830=EDGE_LOOP('',(#4789,#4790,#4791));
#831=EDGE_LOOP('',(#4792,#4793,#4794,#4795));
#832=EDGE_LOOP('',(#4796,#4797,#4798));
#833=EDGE_LOOP('',(#4799,#4800,#4801,#4802));
#834=EDGE_LOOP('',(#4803,#4804,#4805));
#835=EDGE_LOOP('',(#4806,#4807,#4808,#4809));
#836=EDGE_LOOP('',(#4810,#4811,#4812));
#837=EDGE_LOOP('',(#4813,#4814,#4815,#4816));
#838=EDGE_LOOP('',(#4817,#4818,#4819));
#839=EDGE_LOOP('',(#4820,#4821,#4822,#4823));
#840=EDGE_LOOP('',(#4824,#4825,#4826));
#841=EDGE_LOOP('',(#4827,#4828,#4829,#4830));
#842=EDGE_LOOP('',(#4831,#4832,#4833));
#843=EDGE_LOOP('',(#4834,#4835,#4836,#4837));
#844=EDGE_LOOP('',(#4838,#4839,#4840));
#845=EDGE_LOOP('',(#4841,#4842,#4843,#4844));
#846=EDGE_LOOP('',(#4845,#4846,#4847));
#847=EDGE_LOOP('',(#4848,#4849,#4850,#4851));
#848=EDGE_LOOP('',(#4852,#4853,#4854));
#849=EDGE_LOOP('',(#4855,#4856,#4857,#4858));
#850=EDGE_LOOP('',(#4859,#4860,#4861));
#851=EDGE_LOOP('',(#4862,#4863,#4864,#4865));
#852=EDGE_LOOP('',(#4866,#4867,#4868));
#853=EDGE_LOOP('',(#4869,#4870,#4871,#4872));
#854=EDGE_LOOP('',(#4873,#4874,#4875));
#855=EDGE_LOOP('',(#4876,#4877,#4878,#4879));
#856=EDGE_LOOP('',(#4880,#4881,#4882));
#857=EDGE_LOOP('',(#4883,#4884,#4885,#4886));
#858=EDGE_LOOP('',(#4887,#4888,#4889));
#859=EDGE_LOOP('',(#4890,#4891,#4892,#4893));
#860=EDGE_LOOP('',(#4894,#4895,#4896));
#861=EDGE_LOOP('',(#4897,#4898,#4899,#4900));
#862=EDGE_LOOP('',(#4901,#4902,#4903));
#863=EDGE_LOOP('',(#4904,#4905,#4906,#4907));
#864=EDGE_LOOP('',(#4908,#4909,#4910));
#865=EDGE_LOOP('',(#4911,#4912,#4913,#4914));
#866=EDGE_LOOP('',(#4915,#4916,#4917));
#867=EDGE_LOOP('',(#4918,#4919,#4920,#4921));
#868=EDGE_LOOP('',(#4922,#4923,#4924));
#869=EDGE_LOOP('',(#4925,#4926,#4927,#4928));
#870=EDGE_LOOP('',(#4929,#4930,#4931,#4932));
#871=EDGE_LOOP('',(#4933,#4934,#4935,#4936));
#872=EDGE_LOOP('',(#4937,#4938,#4939,#4940));
#873=EDGE_LOOP('',(#4941,#4942,#4943,#4944));
#874=EDGE_LOOP('',(#4945,#4946,#4947,#4948));
#875=EDGE_LOOP('',(#4949,#4950,#4951,#4952));
#876=LINE('',#7832,#1323);
#877=LINE('',#7835,#1324);
#878=LINE('',#7841,#1325);
#879=LINE('',#7845,#1326);
#880=LINE('',#7847,#1327);
#881=LINE('',#7849,#1328);
#882=LINE('',#7851,#1329);
#883=LINE('',#7853,#1330);
#884=LINE('',#7857,#1331);
#885=LINE('',#7860,#1332);
#886=LINE('',#7862,#1333);
#887=LINE('',#7864,#1334);
#888=LINE('',#7866,#1335);
#889=LINE('',#7869,#1336);
#890=LINE('',#7872,#1337);
#891=LINE('',#7912,#1338);
#892=LINE('',#7952,#1339);
#893=LINE('',#7992,#1340);
#894=LINE('',#8032,#1341);
#895=LINE('',#8072,#1342);
#896=LINE('',#8112,#1343);
#897=LINE('',#8152,#1344);
#898=LINE('',#8199,#1345);
#899=LINE('',#8207,#1346);
#900=LINE('',#8215,#1347);
#901=LINE('',#8221,#1348);
#902=LINE('',#8224,#1349);
#903=LINE('',#8226,#1350);
#904=LINE('',#8227,#1351);
#905=LINE('',#8230,#1352);
#906=LINE('',#8234,#1353);
#907=LINE('',#8235,#1354);
#908=LINE('',#8238,#1355);
#909=LINE('',#8243,#1356);
#910=LINE('',#8249,#1357);
#911=LINE('',#8253,#1358);
#912=LINE('',#8257,#1359);
#913=LINE('',#8259,#1360);
#914=LINE('',#8260,#1361);
#915=LINE('',#8264,#1362);
#916=LINE('',#8265,#1363);
#917=LINE('',#8269,#1364);
#918=LINE('',#8272,#1365);
#919=LINE('',#8273,#1366);
#920=LINE('',#8276,#1367);
#921=LINE('',#8280,#1368);
#922=LINE('',#8281,#1369);
#923=LINE('',#8284,#1370);
#924=LINE('',#8290,#1371);
#925=LINE('',#8293,#1372);
#926=LINE('',#8296,#1373);
#927=LINE('',#8300,#1374);
#928=LINE('',#8305,#1375);
#929=LINE('',#8307,#1376);
#930=LINE('',#8310,#1377);
#931=LINE('',#8314,#1378);
#932=LINE('',#8318,#1379);
#933=LINE('',#8320,#1380);
#934=LINE('',#8322,#1381);
#935=LINE('',#8326,#1382);
#936=LINE('',#8330,#1383);
#937=LINE('',#8334,#1384);
#938=LINE('',#8337,#1385);
#939=LINE('',#8340,#1386);
#940=LINE('',#8344,#1387);
#941=LINE('',#8348,#1388);
#942=LINE('',#8350,#1389);
#943=LINE('',#8353,#1390);
#944=LINE('',#8365,#1391);
#945=LINE('',#8373,#1392);
#946=LINE('',#8381,#1393);
#947=LINE('',#8387,#1394);
#948=LINE('',#8390,#1395);
#949=LINE('',#8392,#1396);
#950=LINE('',#8396,#1397);
#951=LINE('',#8397,#1398);
#952=LINE('',#8400,#1399);
#953=LINE('',#8404,#1400);
#954=LINE('',#8405,#1401);
#955=LINE('',#8408,#1402);
#956=LINE('',#8412,#1403);
#957=LINE('',#8413,#1404);
#958=LINE('',#8416,#1405);
#959=LINE('',#8419,#1406);
#960=LINE('',#8423,#1407);
#961=LINE('',#8425,#1408);
#962=LINE('',#8427,#1409);
#963=LINE('',#8432,#1410);
#964=LINE('',#8436,#1411);
#965=LINE('',#8438,#1412);
#966=LINE('',#8443,#1413);
#967=LINE('',#8446,#1414);
#968=LINE('',#8449,#1415);
#969=LINE('',#8453,#1416);
#970=LINE('',#8456,#1417);
#971=LINE('',#8460,#1418);
#972=LINE('',#8462,#1419);
#973=LINE('',#8465,#1420);
#974=LINE('',#8467,#1421);
#975=LINE('',#8470,#1422);
#976=LINE('',#8472,#1423);
#977=LINE('',#8473,#1424);
#978=LINE('',#8476,#1425);
#979=LINE('',#8480,#1426);
#980=LINE('',#8484,#1427);
#981=LINE('',#8488,#1428);
#982=LINE('',#8492,#1429);
#983=LINE('',#8496,#1430);
#984=LINE('',#8500,#1431);
#985=LINE('',#8504,#1432);
#986=LINE('',#8507,#1433);
#987=LINE('',#8510,#1434);
#988=LINE('',#8511,#1435);
#989=LINE('',#8514,#1436);
#990=LINE('',#8516,#1437);
#991=LINE('',#8518,#1438);
#992=LINE('',#8522,#1439);
#993=LINE('',#8524,#1440);
#994=LINE('',#8528,#1441);
#995=LINE('',#8532,#1442);
#996=LINE('',#8536,#1443);
#997=LINE('',#8540,#1444);
#998=LINE('',#8544,#1445);
#999=LINE('',#8548,#1446);
#1000=LINE('',#8552,#1447);
#1001=LINE('',#8556,#1448);
#1002=LINE('',#8559,#1449);
#1003=LINE('',#8565,#1450);
#1004=LINE('',#8566,#1451);
#1005=LINE('',#8568,#1452);
#1006=LINE('',#8574,#1453);
#1007=LINE('',#8580,#1454);
#1008=LINE('',#8586,#1455);
#1009=LINE('',#8592,#1456);
#1010=LINE('',#8594,#1457);
#1011=LINE('',#8596,#1458);
#1012=LINE('',#8598,#1459);
#1013=LINE('',#8601,#1460);
#1014=LINE('',#8604,#1461);
#1015=LINE('',#8644,#1462);
#1016=LINE('',#8684,#1463);
#1017=LINE('',#8724,#1464);
#1018=LINE('',#8764,#1465);
#1019=LINE('',#8766,#1466);
#1020=LINE('',#8767,#1467);
#1021=LINE('',#8770,#1468);
#1022=LINE('',#8771,#1469);
#1023=LINE('',#8775,#1470);
#1024=LINE('',#8778,#1471);
#1025=LINE('',#8779,#1472);
#1026=LINE('',#8782,#1473);
#1027=LINE('',#8784,#1474);
#1028=LINE('',#8788,#1475);
#1029=LINE('',#8791,#1476);
#1030=LINE('',#8792,#1477);
#1031=LINE('',#8796,#1478);
#1032=LINE('',#8799,#1479);
#1033=LINE('',#8800,#1480);
#1034=LINE('',#8803,#1481);
#1035=LINE('',#8805,#1482);
#1036=LINE('',#8806,#1483);
#1037=LINE('',#8813,#1484);
#1038=LINE('',#8815,#1485);
#1039=LINE('',#8819,#1486);
#1040=LINE('',#8823,#1487);
#1041=LINE('',#8825,#1488);
#1042=LINE('',#8827,#1489);
#1043=LINE('',#8829,#1490);
#1044=LINE('',#8835,#1491);
#1045=LINE('',#8841,#1492);
#1046=LINE('',#8846,#1493);
#1047=LINE('',#8849,#1494);
#1048=LINE('',#8889,#1495);
#1049=LINE('',#8929,#1496);
#1050=LINE('',#8969,#1497);
#1051=LINE('',#9009,#1498);
#1052=LINE('',#9025,#1499);
#1053=LINE('',#9027,#1500);
#1054=LINE('',#9029,#1501);
#1055=LINE('',#9033,#1502);
#1056=LINE('',#9037,#1503);
#1057=LINE('',#9041,#1504);
#1058=LINE('',#9045,#1505);
#1059=LINE('',#9049,#1506);
#1060=LINE('',#9053,#1507);
#1061=LINE('',#9057,#1508);
#1062=LINE('',#9061,#1509);
#1063=LINE('',#9066,#1510);
#1064=LINE('',#9067,#1511);
#1065=LINE('',#9069,#1512);
#1066=LINE('',#9072,#1513);
#1067=LINE('',#9075,#1514);
#1068=LINE('',#9078,#1515);
#1069=LINE('',#9081,#1516);
#1070=LINE('',#9082,#1517);
#1071=LINE('',#9085,#1518);
#1072=LINE('',#9089,#1519);
#1073=LINE('',#9090,#1520);
#1074=LINE('',#9093,#1521);
#1075=LINE('',#9097,#1522);
#1076=LINE('',#9098,#1523);
#1077=LINE('',#9101,#1524);
#1078=LINE('',#9104,#1525);
#1079=LINE('',#9112,#1526);
#1080=LINE('',#9118,#1527);
#1081=LINE('',#9123,#1528);
#1082=LINE('',#9128,#1529);
#1083=LINE('',#9130,#1530);
#1084=LINE('',#9133,#1531);
#1085=LINE('',#9143,#1532);
#1086=LINE('',#9151,#1533);
#1087=LINE('',#9159,#1534);
#1088=LINE('',#9166,#1535);
#1089=LINE('',#9175,#1536);
#1090=LINE('',#9183,#1537);
#1091=LINE('',#9191,#1538);
#1092=LINE('',#9198,#1539);
#1093=LINE('',#9200,#1540);
#1094=LINE('',#9202,#1541);
#1095=LINE('',#9205,#1542);
#1096=LINE('',#9206,#1543);
#1097=LINE('',#9209,#1544);
#1098=LINE('',#9210,#1545);
#1099=LINE('',#9213,#1546);
#1100=LINE('',#9217,#1547);
#1101=LINE('',#9218,#1548);
#1102=LINE('',#9221,#1549);
#1103=LINE('',#9225,#1550);
#1104=LINE('',#9226,#1551);
#1105=LINE('',#9231,#1552);
#1106=LINE('',#9255,#1553);
#1107=LINE('',#9256,#1554);
#1108=LINE('',#9259,#1555);
#1109=LINE('',#9260,#1556);
#1110=LINE('',#9263,#1557);
#1111=LINE('',#9267,#1558);
#1112=LINE('',#9268,#1559);
#1113=LINE('',#9271,#1560);
#1114=LINE('',#9275,#1561);
#1115=LINE('',#9276,#1562);
#1116=LINE('',#9279,#1563);
#1117=LINE('',#9283,#1564);
#1118=LINE('',#9284,#1565);
#1119=LINE('',#9287,#1566);
#1120=LINE('',#9291,#1567);
#1121=LINE('',#9292,#1568);
#1122=LINE('',#9295,#1569);
#1123=LINE('',#9310,#1570);
#1124=LINE('',#9318,#1571);
#1125=LINE('',#9326,#1572);
#1126=LINE('',#9333,#1573);
#1127=LINE('',#9336,#1574);
#1128=LINE('',#9339,#1575);
#1129=LINE('',#9342,#1576);
#1130=LINE('',#9343,#1577);
#1131=LINE('',#9346,#1578);
#1132=LINE('',#9350,#1579);
#1133=LINE('',#9352,#1580);
#1134=LINE('',#9356,#1581);
#1135=LINE('',#9357,#1582);
#1136=LINE('',#9360,#1583);
#1137=LINE('',#9364,#1584);
#1138=LINE('',#9368,#1585);
#1139=LINE('',#9369,#1586);
#1140=LINE('',#9372,#1587);
#1141=LINE('',#9376,#1588);
#1142=LINE('',#9380,#1589);
#1143=LINE('',#9381,#1590);
#1144=LINE('',#9384,#1591);
#1145=LINE('',#9388,#1592);
#1146=LINE('',#9392,#1593);
#1147=LINE('',#9393,#1594);
#1148=LINE('',#9396,#1595);
#1149=LINE('',#9402,#1596);
#1150=LINE('',#9403,#1597);
#1151=LINE('',#9405,#1598);
#1152=LINE('',#9406,#1599);
#1153=LINE('',#9409,#1600);
#1154=LINE('',#9413,#1601);
#1155=LINE('',#9417,#1602);
#1156=LINE('',#9421,#1603);
#1157=LINE('',#9424,#1604);
#1158=LINE('',#9428,#1605);
#1159=LINE('',#9430,#1606);
#1160=LINE('',#9442,#1607);
#1161=LINE('',#9444,#1608);
#1162=LINE('',#9446,#1609);
#1163=LINE('',#9448,#1610);
#1164=LINE('',#9452,#1611);
#1165=LINE('',#9455,#1612);
#1166=LINE('',#9461,#1613);
#1167=LINE('',#9467,#1614);
#1168=LINE('',#9473,#1615);
#1169=LINE('',#9477,#1616);
#1170=LINE('',#9481,#1617);
#1171=LINE('',#9485,#1618);
#1172=LINE('',#9489,#1619);
#1173=LINE('',#9492,#1620);
#1174=LINE('',#9501,#1621);
#1175=LINE('',#9509,#1622);
#1176=LINE('',#9517,#1623);
#1177=LINE('',#9524,#1624);
#1178=LINE('',#9526,#1625);
#1179=LINE('',#9528,#1626);
#1180=LINE('',#9530,#1627);
#1181=LINE('',#9532,#1628);
#1182=LINE('',#9534,#1629);
#1183=LINE('',#9536,#1630);
#1184=LINE('',#9538,#1631);
#1185=LINE('',#9540,#1632);
#1186=LINE('',#9542,#1633);
#1187=LINE('',#9544,#1634);
#1188=LINE('',#9546,#1635);
#1189=LINE('',#9551,#1636);
#1190=LINE('',#9562,#1637);
#1191=LINE('',#9563,#1638);
#1192=LINE('',#9565,#1639);
#1193=LINE('',#9567,#1640);
#1194=LINE('',#9569,#1641);
#1195=LINE('',#9573,#1642);
#1196=LINE('',#9577,#1643);
#1197=LINE('',#9578,#1644);
#1198=LINE('',#9582,#1645);
#1199=LINE('',#9585,#1646);
#1200=LINE('',#9586,#1647);
#1201=LINE('',#9590,#1648);
#1202=LINE('',#9593,#1649);
#1203=LINE('',#9594,#1650);
#1204=LINE('',#9598,#1651);
#1205=LINE('',#9601,#1652);
#1206=LINE('',#9602,#1653);
#1207=LINE('',#9606,#1654);
#1208=LINE('',#9609,#1655);
#1209=LINE('',#9610,#1656);
#1210=LINE('',#9613,#1657);
#1211=LINE('',#9628,#1658);
#1212=LINE('',#9631,#1659);
#1213=LINE('',#9632,#1660);
#1214=LINE('',#9636,#1661);
#1215=LINE('',#9639,#1662);
#1216=LINE('',#9640,#1663);
#1217=LINE('',#9644,#1664);
#1218=LINE('',#9647,#1665);
#1219=LINE('',#9648,#1666);
#1220=LINE('',#9650,#1667);
#1221=LINE('',#9657,#1668);
#1222=LINE('',#9664,#1669);
#1223=LINE('',#9669,#1670);
#1224=LINE('',#9674,#1671);
#1225=LINE('',#9678,#1672);
#1226=LINE('',#9681,#1673);
#1227=LINE('',#9684,#1674);
#1228=LINE('',#9685,#1675);
#1229=LINE('',#9689,#1676);
#1230=LINE('',#9692,#1677);
#1231=LINE('',#9693,#1678);
#1232=LINE('',#9697,#1679);
#1233=LINE('',#9700,#1680);
#1234=LINE('',#9701,#1681);
#1235=LINE('',#9704,#1682);
#1236=LINE('',#9707,#1683);
#1237=LINE('',#9710,#1684);
#1238=LINE('',#9713,#1685);
#1239=LINE('',#9716,#1686);
#1240=LINE('',#9717,#1687);
#1241=LINE('',#9721,#1688);
#1242=LINE('',#9724,#1689);
#1243=LINE('',#9725,#1690);
#1244=LINE('',#9729,#1691);
#1245=LINE('',#9732,#1692);
#1246=LINE('',#9733,#1693);
#1247=LINE('',#9737,#1694);
#1248=LINE('',#9739,#1695);
#1249=LINE('',#9741,#1696);
#1250=LINE('',#9743,#1697);
#1251=LINE('',#9748,#1698);
#1252=LINE('',#9751,#1699);
#1253=LINE('',#9754,#1700);
#1254=LINE('',#9755,#1701);
#1255=LINE('',#9758,#1702);
#1256=LINE('',#9762,#1703);
#1257=LINE('',#9763,#1704);
#1258=LINE('',#9766,#1705);
#1259=LINE('',#9770,#1706);
#1260=LINE('',#9771,#1707);
#1261=LINE('',#9774,#1708);
#1262=LINE('',#9777,#1709);
#1263=LINE('',#9782,#1710);
#1264=LINE('',#9783,#1711);
#1265=LINE('',#9786,#1712);
#1266=LINE('',#9787,#1713);
#1267=LINE('',#9790,#1714);
#1268=LINE('',#9794,#1715);
#1269=LINE('',#9795,#1716);
#1270=LINE('',#9798,#1717);
#1271=LINE('',#9802,#1718);
#1272=LINE('',#9803,#1719);
#1273=LINE('',#9806,#1720);
#1274=LINE('',#9809,#1721);
#1275=LINE('',#9815,#1722);
#1276=LINE('',#9816,#1723);
#1277=LINE('',#9819,#1724);
#1278=LINE('',#9820,#1725);
#1279=LINE('',#9823,#1726);
#1280=LINE('',#9827,#1727);
#1281=LINE('',#9828,#1728);
#1282=LINE('',#9831,#1729);
#1283=LINE('',#9835,#1730);
#1284=LINE('',#9836,#1731);
#1285=LINE('',#9839,#1732);
#1286=LINE('',#9842,#1733);
#1287=LINE('',#9847,#1734);
#1288=LINE('',#9849,#1735);
#1289=LINE('',#9853,#1736);
#1290=LINE('',#9854,#1737);
#1291=LINE('',#9857,#1738);
#1292=LINE('',#9861,#1739);
#1293=LINE('',#9862,#1740);
#1294=LINE('',#9865,#1741);
#1295=LINE('',#9869,#1742);
#1296=LINE('',#9870,#1743);
#1297=LINE('',#9873,#1744);
#1298=LINE('',#9876,#1745);
#1299=LINE('',#9886,#1746);
#1300=LINE('',#9891,#1747);
#1301=LINE('',#9897,#1748);
#1302=LINE('',#9902,#1749);
#1303=LINE('',#9910,#1750);
#1304=LINE('',#9916,#1751);
#1305=LINE('',#9922,#1752);
#1306=LINE('',#9926,#1753);
#1307=LINE('',#9934,#1754);
#1308=LINE('',#9939,#1755);
#1309=LINE('',#9945,#1756);
#1310=LINE('',#9950,#1757);
#1311=LINE('',#9957,#1758);
#1312=LINE('',#9964,#1759);
#1313=LINE('',#9970,#1760);
#1314=LINE('',#9974,#1761);
#1315=LINE('',#9981,#1762);
#1316=LINE('',#9987,#1763);
#1317=LINE('',#9994,#1764);
#1318=LINE('',#9998,#1765);
#1319=LINE('',#10006,#1766);
#1320=LINE('',#10011,#1767);
#1321=LINE('',#10017,#1768);
#1322=LINE('',#10022,#1769);
#1323=VECTOR('',#6093,1000.);
#1324=VECTOR('',#6096,1000.);
#1325=VECTOR('',#6101,1000.);
#1326=VECTOR('',#6104,1000.);
#1327=VECTOR('',#6105,1000.);
#1328=VECTOR('',#6106,1000.);
#1329=VECTOR('',#6107,1000.);
#1330=VECTOR('',#6108,1000.);
#1331=VECTOR('',#6111,1000.);
#1332=VECTOR('',#6114,1000.);
#1333=VECTOR('',#6115,1000.);
#1334=VECTOR('',#6116,1000.);
#1335=VECTOR('',#6117,1000.);
#1336=VECTOR('',#6120,1000.);
#1337=VECTOR('',#6121,1000.);
#1338=VECTOR('',#6122,1000.);
#1339=VECTOR('',#6123,1000.);
#1340=VECTOR('',#6124,1000.);
#1341=VECTOR('',#6125,1000.);
#1342=VECTOR('',#6126,1000.);
#1343=VECTOR('',#6127,1000.);
#1344=VECTOR('',#6128,1000.);
#1345=VECTOR('',#6141,1000.);
#1346=VECTOR('',#6152,1000.);
#1347=VECTOR('',#6163,1000.);
#1348=VECTOR('',#6172,1000.);
#1349=VECTOR('',#6175,1000.);
#1350=VECTOR('',#6176,1000.);
#1351=VECTOR('',#6177,1000.);
#1352=VECTOR('',#6180,1000.);
#1353=VECTOR('',#6185,1000.);
#1354=VECTOR('',#6186,1000.);
#1355=VECTOR('',#6189,1000.);
#1356=VECTOR('',#6194,1000.);
#1357=VECTOR('',#6201,1000.);
#1358=VECTOR('',#6204,1000.);
#1359=VECTOR('',#6207,1000.);
#1360=VECTOR('',#6208,1000.);
#1361=VECTOR('',#6209,1000.);
#1362=VECTOR('',#6212,1000.);
#1363=VECTOR('',#6213,1000.);
#1364=VECTOR('',#6218,1000.);
#1365=VECTOR('',#6221,1000.);
#1366=VECTOR('',#6222,1000.);
#1367=VECTOR('',#6225,1000.);
#1368=VECTOR('',#6230,1000.);
#1369=VECTOR('',#6231,1000.);
#1370=VECTOR('',#6234,1000.);
#1371=VECTOR('',#6241,1000.);
#1372=VECTOR('',#6244,1000.);
#1373=VECTOR('',#6247,1000.);
#1374=VECTOR('',#6250,1000.);
#1375=VECTOR('',#6255,1000.);
#1376=VECTOR('',#6256,1000.);
#1377=VECTOR('',#6259,1000.);
#1378=VECTOR('',#6262,1000.);
#1379=VECTOR('',#6265,1000.);
#1380=VECTOR('',#6266,1000.);
#1381=VECTOR('',#6267,1000.);
#1382=VECTOR('',#6270,1000.);
#1383=VECTOR('',#6273,1000.);
#1384=VECTOR('',#6276,1000.);
#1385=VECTOR('',#6279,1000.);
#1386=VECTOR('',#6282,1000.);
#1387=VECTOR('',#6285,1000.);
#1388=VECTOR('',#6290,1000.);
#1389=VECTOR('',#6291,1000.);
#1390=VECTOR('',#6294,1000.);
#1391=VECTOR('',#6311,1000.);
#1392=VECTOR('',#6322,1000.);
#1393=VECTOR('',#6333,1000.);
#1394=VECTOR('',#6342,1000.);
#1395=VECTOR('',#6345,1000.);
#1396=VECTOR('',#6346,1000.);
#1397=VECTOR('',#6351,1000.);
#1398=VECTOR('',#6352,1000.);
#1399=VECTOR('',#6355,1000.);
#1400=VECTOR('',#6360,1000.);
#1401=VECTOR('',#6361,1000.);
#1402=VECTOR('',#6364,1000.);
#1403=VECTOR('',#6369,1000.);
#1404=VECTOR('',#6370,1000.);
#1405=VECTOR('',#6373,1000.);
#1406=VECTOR('',#6378,1000.);
#1407=VECTOR('',#6381,1000.);
#1408=VECTOR('',#6382,1000.);
#1409=VECTOR('',#6385,1000.);
#1410=VECTOR('',#6390,1000.);
#1411=VECTOR('',#6395,1000.);
#1412=VECTOR('',#6398,1000.);
#1413=VECTOR('',#6403,1000.);
#1414=VECTOR('',#6406,1000.);
#1415=VECTOR('',#6409,1000.);
#1416=VECTOR('',#6414,1000.);
#1417=VECTOR('',#6417,1000.);
#1418=VECTOR('',#6422,1000.);
#1419=VECTOR('',#6425,1000.);
#1420=VECTOR('',#6428,1000.);
#1421=VECTOR('',#6431,1000.);
#1422=VECTOR('',#6434,1000.);
#1423=VECTOR('',#6435,1000.);
#1424=VECTOR('',#6436,1000.);
#1425=VECTOR('',#6437,1000.);
#1426=VECTOR('',#6440,1000.);
#1427=VECTOR('',#6443,1000.);
#1428=VECTOR('',#6446,1000.);
#1429=VECTOR('',#6449,1000.);
#1430=VECTOR('',#6452,1000.);
#1431=VECTOR('',#6455,1000.);
#1432=VECTOR('',#6458,1000.);
#1433=VECTOR('',#6463,1000.);
#1434=VECTOR('',#6466,1000.);
#1435=VECTOR('',#6467,1000.);
#1436=VECTOR('',#6470,1000.);
#1437=VECTOR('',#6471,1000.);
#1438=VECTOR('',#6472,1000.);
#1439=VECTOR('',#6477,1000.);
#1440=VECTOR('',#6478,1000.);
#1441=VECTOR('',#6481,1000.);
#1442=VECTOR('',#6484,1000.);
#1443=VECTOR('',#6487,1000.);
#1444=VECTOR('',#6490,1000.);
#1445=VECTOR('',#6493,1000.);
#1446=VECTOR('',#6496,1000.);
#1447=VECTOR('',#6499,1000.);
#1448=VECTOR('',#6502,1000.);
#1449=VECTOR('',#6505,1000.);
#1450=VECTOR('',#6510,1000.);
#1451=VECTOR('',#6511,1000.);
#1452=VECTOR('',#6512,1000.);
#1453=VECTOR('',#6517,1000.);
#1454=VECTOR('',#6522,1000.);
#1455=VECTOR('',#6527,1000.);
#1456=VECTOR('',#6532,1000.);
#1457=VECTOR('',#6533,1000.);
#1458=VECTOR('',#6534,1000.);
#1459=VECTOR('',#6535,1000.);
#1460=VECTOR('',#6538,1000.);
#1461=VECTOR('',#6539,1000.);
#1462=VECTOR('',#6540,1000.);
#1463=VECTOR('',#6541,1000.);
#1464=VECTOR('',#6542,1000.);
#1465=VECTOR('',#6545,1000.);
#1466=VECTOR('',#6546,1000.);
#1467=VECTOR('',#6547,1000.);
#1468=VECTOR('',#6550,1000.);
#1469=VECTOR('',#6551,1000.);
#1470=VECTOR('',#6556,1000.);
#1471=VECTOR('',#6559,1000.);
#1472=VECTOR('',#6560,1000.);
#1473=VECTOR('',#6565,1000.);
#1474=VECTOR('',#6568,1000.);
#1475=VECTOR('',#6573,1000.);
#1476=VECTOR('',#6576,1000.);
#1477=VECTOR('',#6577,1000.);
#1478=VECTOR('',#6582,1000.);
#1479=VECTOR('',#6585,1000.);
#1480=VECTOR('',#6586,1000.);
#1481=VECTOR('',#6589,1000.);
#1482=VECTOR('',#6590,1000.);
#1483=VECTOR('',#6591,1000.);
#1484=VECTOR('',#6598,1000.);
#1485=VECTOR('',#6599,1000.);
#1486=VECTOR('',#6602,1000.);
#1487=VECTOR('',#6605,1000.);
#1488=VECTOR('',#6606,1000.);
#1489=VECTOR('',#6607,1000.);
#1490=VECTOR('',#6608,1000.);
#1491=VECTOR('',#6613,1000.);
#1492=VECTOR('',#6618,1000.);
#1493=VECTOR('',#6623,1000.);
#1494=VECTOR('',#6624,1000.);
#1495=VECTOR('',#6625,1000.);
#1496=VECTOR('',#6626,1000.);
#1497=VECTOR('',#6627,1000.);
#1498=VECTOR('',#6630,1000.);
#1499=VECTOR('',#6639,1000.);
#1500=VECTOR('',#6640,1000.);
#1501=VECTOR('',#6641,1000.);
#1502=VECTOR('',#6644,1000.);
#1503=VECTOR('',#6647,1000.);
#1504=VECTOR('',#6650,1000.);
#1505=VECTOR('',#6653,1000.);
#1506=VECTOR('',#6656,1000.);
#1507=VECTOR('',#6659,1000.);
#1508=VECTOR('',#6662,1000.);
#1509=VECTOR('',#6665,1000.);
#1510=VECTOR('',#6670,1000.);
#1511=VECTOR('',#6671,1000.);
#1512=VECTOR('',#6672,1000.);
#1513=VECTOR('',#6677,1000.);
#1514=VECTOR('',#6680,1000.);
#1515=VECTOR('',#6683,1000.);
#1516=VECTOR('',#6686,1000.);
#1517=VECTOR('',#6687,1000.);
#1518=VECTOR('',#6690,1000.);
#1519=VECTOR('',#6695,1000.);
#1520=VECTOR('',#6696,1000.);
#1521=VECTOR('',#6699,1000.);
#1522=VECTOR('',#6704,1000.);
#1523=VECTOR('',#6705,1000.);
#1524=VECTOR('',#6708,1000.);
#1525=VECTOR('',#6713,1000.);
#1526=VECTOR('',#6724,1000.);
#1527=VECTOR('',#6733,1000.);
#1528=VECTOR('',#6740,1000.);
#1529=VECTOR('',#6749,1000.);
#1530=VECTOR('',#6752,1000.);
#1531=VECTOR('',#6757,1000.);
#1532=VECTOR('',#6770,1000.);
#1533=VECTOR('',#6781,1000.);
#1534=VECTOR('',#6792,1000.);
#1535=VECTOR('',#6803,1000.);
#1536=VECTOR('',#6814,1000.);
#1537=VECTOR('',#6825,1000.);
#1538=VECTOR('',#6836,1000.);
#1539=VECTOR('',#6847,1000.);
#1540=VECTOR('',#6850,1000.);
#1541=VECTOR('',#6853,1000.);
#1542=VECTOR('',#6856,1000.);
#1543=VECTOR('',#6857,1000.);
#1544=VECTOR('',#6860,1000.);
#1545=VECTOR('',#6861,1000.);
#1546=VECTOR('',#6864,1000.);
#1547=VECTOR('',#6869,1000.);
#1548=VECTOR('',#6870,1000.);
#1549=VECTOR('',#6873,1000.);
#1550=VECTOR('',#6878,1000.);
#1551=VECTOR('',#6879,1000.);
#1552=VECTOR('',#6884,1000.);
#1553=VECTOR('',#6897,1000.);
#1554=VECTOR('',#6898,1000.);
#1555=VECTOR('',#6901,1000.);
#1556=VECTOR('',#6902,1000.);
#1557=VECTOR('',#6905,1000.);
#1558=VECTOR('',#6910,1000.);
#1559=VECTOR('',#6911,1000.);
#1560=VECTOR('',#6914,1000.);
#1561=VECTOR('',#6919,1000.);
#1562=VECTOR('',#6920,1000.);
#1563=VECTOR('',#6923,1000.);
#1564=VECTOR('',#6928,1000.);
#1565=VECTOR('',#6929,1000.);
#1566=VECTOR('',#6932,1000.);
#1567=VECTOR('',#6937,1000.);
#1568=VECTOR('',#6938,1000.);
#1569=VECTOR('',#6941,1000.);
#1570=VECTOR('',#6954,1000.);
#1571=VECTOR('',#6965,1000.);
#1572=VECTOR('',#6976,1000.);
#1573=VECTOR('',#6987,1000.);
#1574=VECTOR('',#6990,1000.);
#1575=VECTOR('',#6993,1000.);
#1576=VECTOR('',#6996,1000.);
#1577=VECTOR('',#6997,1000.);
#1578=VECTOR('',#7000,1000.);
#1579=VECTOR('',#7005,1000.);
#1580=VECTOR('',#7006,1000.);
#1581=VECTOR('',#7011,1000.);
#1582=VECTOR('',#7012,1000.);
#1583=VECTOR('',#7015,1000.);
#1584=VECTOR('',#7020,1000.);
#1585=VECTOR('',#7025,1000.);
#1586=VECTOR('',#7026,1000.);
#1587=VECTOR('',#7029,1000.);
#1588=VECTOR('',#7034,1000.);
#1589=VECTOR('',#7039,1000.);
#1590=VECTOR('',#7040,1000.);
#1591=VECTOR('',#7043,1000.);
#1592=VECTOR('',#7048,1000.);
#1593=VECTOR('',#7053,1000.);
#1594=VECTOR('',#7054,1000.);
#1595=VECTOR('',#7057,1000.);
#1596=VECTOR('',#7066,1000.);
#1597=VECTOR('',#7067,1000.);
#1598=VECTOR('',#7068,1000.);
#1599=VECTOR('',#7069,1000.);
#1600=VECTOR('',#7070,1000.);
#1601=VECTOR('',#7073,1000.);
#1602=VECTOR('',#7076,1000.);
#1603=VECTOR('',#7079,1000.);
#1604=VECTOR('',#7084,1000.);
#1605=VECTOR('',#7089,1000.);
#1606=VECTOR('',#7090,1000.);
#1607=VECTOR('',#7097,1000.);
#1608=VECTOR('',#7098,1000.);
#1609=VECTOR('',#7099,1000.);
#1610=VECTOR('',#7100,1000.);
#1611=VECTOR('',#7103,1000.);
#1612=VECTOR('',#7106,1000.);
#1613=VECTOR('',#7111,1000.);
#1614=VECTOR('',#7116,1000.);
#1615=VECTOR('',#7121,1000.);
#1616=VECTOR('',#7124,1000.);
#1617=VECTOR('',#7127,1000.);
#1618=VECTOR('',#7130,1000.);
#1619=VECTOR('',#7133,1000.);
#1620=VECTOR('',#7138,1000.);
#1621=VECTOR('',#7149,1000.);
#1622=VECTOR('',#7160,1000.);
#1623=VECTOR('',#7171,1000.);
#1624=VECTOR('',#7182,1000.);
#1625=VECTOR('',#7185,1000.);
#1626=VECTOR('',#7188,1000.);
#1627=VECTOR('',#7191,1000.);
#1628=VECTOR('',#7194,1000.);
#1629=VECTOR('',#7197,1000.);
#1630=VECTOR('',#7200,1000.);
#1631=VECTOR('',#7203,1000.);
#1632=VECTOR('',#7206,1000.);
#1633=VECTOR('',#7209,1000.);
#1634=VECTOR('',#7212,1000.);
#1635=VECTOR('',#7215,1000.);
#1636=VECTOR('',#7220,1000.);
#1637=VECTOR('',#7231,1000.);
#1638=VECTOR('',#7232,1000.);
#1639=VECTOR('',#7235,1000.);
#1640=VECTOR('',#7238,1000.);
#1641=VECTOR('',#7241,1000.);
#1642=VECTOR('',#7246,1000.);
#1643=VECTOR('',#7251,1000.);
#1644=VECTOR('',#7252,1000.);
#1645=VECTOR('',#7257,1000.);
#1646=VECTOR('',#7260,1000.);
#1647=VECTOR('',#7261,1000.);
#1648=VECTOR('',#7266,1000.);
#1649=VECTOR('',#7269,1000.);
#1650=VECTOR('',#7270,1000.);
#1651=VECTOR('',#7275,1000.);
#1652=VECTOR('',#7278,1000.);
#1653=VECTOR('',#7279,1000.);
#1654=VECTOR('',#7284,1000.);
#1655=VECTOR('',#7287,1000.);
#1656=VECTOR('',#7288,1000.);
#1657=VECTOR('',#7291,1000.);
#1658=VECTOR('',#7298,1000.);
#1659=VECTOR('',#7301,1000.);
#1660=VECTOR('',#7302,1000.);
#1661=VECTOR('',#7307,1000.);
#1662=VECTOR('',#7310,1000.);
#1663=VECTOR('',#7311,1000.);
#1664=VECTOR('',#7316,1000.);
#1665=VECTOR('',#7319,1000.);
#1666=VECTOR('',#7320,1000.);
#1667=VECTOR('',#7323,1000.);
#1668=VECTOR('',#7332,1000.);
#1669=VECTOR('',#7343,1000.);
#1670=VECTOR('',#7350,1000.);
#1671=VECTOR('',#7359,1000.);
#1672=VECTOR('',#7364,1000.);
#1673=VECTOR('',#7367,1000.);
#1674=VECTOR('',#7370,1000.);
#1675=VECTOR('',#7371,1000.);
#1676=VECTOR('',#7376,1000.);
#1677=VECTOR('',#7379,1000.);
#1678=VECTOR('',#7380,1000.);
#1679=VECTOR('',#7385,1000.);
#1680=VECTOR('',#7388,1000.);
#1681=VECTOR('',#7389,1000.);
#1682=VECTOR('',#7392,1000.);
#1683=VECTOR('',#7397,1000.);
#1684=VECTOR('',#7400,1000.);
#1685=VECTOR('',#7403,1000.);
#1686=VECTOR('',#7406,1000.);
#1687=VECTOR('',#7407,1000.);
#1688=VECTOR('',#7412,1000.);
#1689=VECTOR('',#7415,1000.);
#1690=VECTOR('',#7416,1000.);
#1691=VECTOR('',#7421,1000.);
#1692=VECTOR('',#7424,1000.);
#1693=VECTOR('',#7425,1000.);
#1694=VECTOR('',#7430,1000.);
#1695=VECTOR('',#7433,1000.);
#1696=VECTOR('',#7436,1000.);
#1697=VECTOR('',#7439,1000.);
#1698=VECTOR('',#7446,1000.);
#1699=VECTOR('',#7449,1000.);
#1700=VECTOR('',#7452,1000.);
#1701=VECTOR('',#7453,1000.);
#1702=VECTOR('',#7456,1000.);
#1703=VECTOR('',#7461,1000.);
#1704=VECTOR('',#7462,1000.);
#1705=VECTOR('',#7465,1000.);
#1706=VECTOR('',#7470,1000.);
#1707=VECTOR('',#7471,1000.);
#1708=VECTOR('',#7474,1000.);
#1709=VECTOR('',#7479,1000.);
#1710=VECTOR('',#7484,1000.);
#1711=VECTOR('',#7485,1000.);
#1712=VECTOR('',#7488,1000.);
#1713=VECTOR('',#7489,1000.);
#1714=VECTOR('',#7492,1000.);
#1715=VECTOR('',#7497,1000.);
#1716=VECTOR('',#7498,1000.);
#1717=VECTOR('',#7501,1000.);
#1718=VECTOR('',#7506,1000.);
#1719=VECTOR('',#7507,1000.);
#1720=VECTOR('',#7510,1000.);
#1721=VECTOR('',#7515,1000.);
#1722=VECTOR('',#7522,1000.);
#1723=VECTOR('',#7523,1000.);
#1724=VECTOR('',#7526,1000.);
#1725=VECTOR('',#7527,1000.);
#1726=VECTOR('',#7530,1000.);
#1727=VECTOR('',#7535,1000.);
#1728=VECTOR('',#7536,1000.);
#1729=VECTOR('',#7539,1000.);
#1730=VECTOR('',#7544,1000.);
#1731=VECTOR('',#7545,1000.);
#1732=VECTOR('',#7548,1000.);
#1733=VECTOR('',#7553,1000.);
#1734=VECTOR('',#7560,1000.);
#1735=VECTOR('',#7561,1000.);
#1736=VECTOR('',#7566,1000.);
#1737=VECTOR('',#7567,1000.);
#1738=VECTOR('',#7570,1000.);
#1739=VECTOR('',#7575,1000.);
#1740=VECTOR('',#7576,1000.);
#1741=VECTOR('',#7579,1000.);
#1742=VECTOR('',#7584,1000.);
#1743=VECTOR('',#7585,1000.);
#1744=VECTOR('',#7588,1000.);
#1745=VECTOR('',#7593,1000.);
#1746=VECTOR('',#7608,1000.);
#1747=VECTOR('',#7615,1000.);
#1748=VECTOR('',#7624,1000.);
#1749=VECTOR('',#7633,1000.);
#1750=VECTOR('',#7644,1000.);
#1751=VECTOR('',#7653,1000.);
#1752=VECTOR('',#7662,1000.);
#1753=VECTOR('',#7669,1000.);
#1754=VECTOR('',#7680,1000.);
#1755=VECTOR('',#7687,1000.);
#1756=VECTOR('',#7696,1000.);
#1757=VECTOR('',#7705,1000.);
#1758=VECTOR('',#7714,1000.);
#1759=VECTOR('',#7725,1000.);
#1760=VECTOR('',#7734,1000.);
#1761=VECTOR('',#7741,1000.);
#1762=VECTOR('',#7750,1000.);
#1763=VECTOR('',#7759,1000.);
#1764=VECTOR('',#7770,1000.);
#1765=VECTOR('',#7777,1000.);
#1766=VECTOR('',#7788,1000.);
#1767=VECTOR('',#7795,1000.);
#1768=VECTOR('',#7804,1000.);
#1769=VECTOR('',#7813,1000.);
#1770=CIRCLE('',#5443,0.2);
#1771=CIRCLE('',#5444,0.2);
#1772=CIRCLE('',#5446,0.2);
#1773=CIRCLE('',#5447,0.2);
#1774=CIRCLE('',#5448,0.2);
#1775=CIRCLE('',#5449,0.2);
#1776=CIRCLE('',#5450,0.2);
#1777=CIRCLE('',#5452,0.12);
#1778=CIRCLE('',#5453,0.119999999999999);
#1779=CIRCLE('',#5454,0.12);
#1780=CIRCLE('',#5456,0.12);
#1781=CIRCLE('',#5458,0.12);
#1782=CIRCLE('',#5459,0.119999999999999);
#1783=CIRCLE('',#5461,0.12);
#1784=CIRCLE('',#5463,0.12);
#1785=CIRCLE('',#5464,0.119999999999999);
#1786=CIRCLE('',#5466,0.12);
#1787=CIRCLE('',#5468,0.12);
#1788=CIRCLE('',#5469,0.119999999999999);
#1789=CIRCLE('',#5473,0.2);
#1790=CIRCLE('',#5476,0.2);
#1791=CIRCLE('',#5478,0.8);
#1792=CIRCLE('',#5479,0.8);
#1793=CIRCLE('',#5481,0.5);
#1794=CIRCLE('',#5482,0.5);
#1795=CIRCLE('',#5483,0.8);
#1796=CIRCLE('',#5485,0.8);
#1797=CIRCLE('',#5488,0.2);
#1798=CIRCLE('',#5491,0.2);
#1799=CIRCLE('',#5493,1.3);
#1800=CIRCLE('',#5494,1.);
#1801=CIRCLE('',#5496,1.3);
#1802=CIRCLE('',#5497,1.3);
#1803=CIRCLE('',#5499,1.3);
#1804=CIRCLE('',#5500,1.3);
#1805=CIRCLE('',#5501,1.3);
#1806=CIRCLE('',#5502,1.10500000001356);
#1807=CIRCLE('',#5503,1.10500000001743);
#1808=CIRCLE('',#5504,1.10500000001743);
#1809=CIRCLE('',#5505,1.10500000000784);
#1810=CIRCLE('',#5507,1.3);
#1811=CIRCLE('',#5508,1.3);
#1812=CIRCLE('',#5510,1.);
#1813=CIRCLE('',#5512,0.2);
#1814=CIRCLE('',#5514,0.12);
#1815=CIRCLE('',#5515,0.119999999999999);
#1816=CIRCLE('',#5516,0.12);
#1817=CIRCLE('',#5518,0.12);
#1818=CIRCLE('',#5520,0.12);
#1819=CIRCLE('',#5521,0.119999999999999);
#1820=CIRCLE('',#5523,0.12);
#1821=CIRCLE('',#5525,0.12);
#1822=CIRCLE('',#5526,0.12);
#1823=CIRCLE('',#5528,0.12);
#1824=CIRCLE('',#5530,0.12);
#1825=CIRCLE('',#5531,0.119999999999999);
#1826=CIRCLE('',#5534,0.12);
#1827=CIRCLE('',#5537,0.12);
#1828=CIRCLE('',#5540,0.12);
#1829=CIRCLE('',#5543,0.12);
#1830=CIRCLE('',#5546,0.5);
#1831=CIRCLE('',#5548,0.1);
#1832=CIRCLE('',#5549,0.0999999999999998);
#1833=CIRCLE('',#5551,0.5);
#1834=CIRCLE('',#5553,0.1);
#1835=CIRCLE('',#5554,0.0999999999999998);
#1836=CIRCLE('',#5556,0.0999999999999998);
#1837=CIRCLE('',#5558,0.0999999999999998);
#1838=CIRCLE('',#5560,0.0999999999999998);
#1839=CIRCLE('',#5562,0.0999999999999998);
#1840=CIRCLE('',#5565,0.240000000000005);
#1841=CIRCLE('',#5566,0.239999999999999);
#1842=CIRCLE('',#5567,0.240000000000001);
#1843=CIRCLE('',#5568,0.24);
#1844=CIRCLE('',#5569,0.240000000000002);
#1845=CIRCLE('',#5570,0.239999999999999);
#1846=CIRCLE('',#5571,0.24);
#1847=CIRCLE('',#5572,0.240000000000001);
#1848=CIRCLE('',#5576,1.);
#1849=CIRCLE('',#5578,0.175);
#1850=CIRCLE('',#5579,0.3);
#1851=CIRCLE('',#5580,0.3);
#1852=CIRCLE('',#5581,0.2);
#1853=CIRCLE('',#5582,0.2);
#1854=CIRCLE('',#5583,0.175);
#1855=CIRCLE('',#5584,0.225);
#1856=CIRCLE('',#5585,0.35);
#1857=CIRCLE('',#5586,0.35);
#1858=CIRCLE('',#5588,0.3);
#1859=CIRCLE('',#5589,0.195);
#1860=CIRCLE('',#5590,0.207595291314);
#1861=CIRCLE('',#5591,0.207595291314);
#1862=CIRCLE('',#5592,0.195);
#1863=CIRCLE('',#5593,0.195);
#1864=CIRCLE('',#5594,0.207595291314);
#1865=CIRCLE('',#5595,0.207595291314);
#1866=CIRCLE('',#5596,0.195);
#1867=CIRCLE('',#5597,0.3);
#1868=CIRCLE('',#5601,1.00000000004557);
#1869=CIRCLE('',#5604,1.00000000005515);
#1870=CIRCLE('',#5607,1.00000000005515);
#1871=CIRCLE('',#5610,1.00000000001846);
#1872=CIRCLE('',#5614,0.201041666667);
#1873=CIRCLE('',#5615,0.201041666667);
#1874=CIRCLE('',#5616,0.3);
#1875=CIRCLE('',#5617,0.3);
#1876=CIRCLE('',#5618,0.201041666667);
#1877=CIRCLE('',#5619,0.201041666667);
#1878=CIRCLE('',#5620,0.201041666667);
#1879=CIRCLE('',#5621,0.201041666667);
#1880=CIRCLE('',#5622,0.201041666667);
#1881=CIRCLE('',#5623,0.201041666667);
#1882=CIRCLE('',#5625,1.3);
#1883=CIRCLE('',#5627,1.3);
#1884=CIRCLE('',#5629,0.35);
#1885=CIRCLE('',#5630,0.35);
#1886=CIRCLE('',#5631,0.225);
#1887=CIRCLE('',#5632,0.175);
#1888=CIRCLE('',#5633,0.2);
#1889=CIRCLE('',#5634,0.2);
#1890=CIRCLE('',#5635,0.3);
#1891=CIRCLE('',#5636,0.3);
#1892=CIRCLE('',#5637,0.175);
#1893=CIRCLE('',#5639,1.);
#1894=CIRCLE('',#5642,0.12);
#1895=CIRCLE('',#5645,0.12);
#1896=CIRCLE('',#5648,0.12);
#1897=CIRCLE('',#5651,0.12);
#1898=CIRCLE('',#5654,0.12);
#1899=CIRCLE('',#5655,0.12);
#1900=CIRCLE('',#5657,0.12);
#1901=CIRCLE('',#5659,0.12);
#1902=CIRCLE('',#5661,0.12);
#1903=CIRCLE('',#5663,0.12);
#1904=CIRCLE('',#5665,0.12);
#1905=CIRCLE('',#5667,0.12);
#1906=CIRCLE('',#5674,0.12);
#1907=CIRCLE('',#5675,0.12);
#1908=CIRCLE('',#5676,0.119999999999999);
#1909=CIRCLE('',#5678,0.12);
#1910=CIRCLE('',#5680,0.12);
#1911=CIRCLE('',#5681,0.119999999999999);
#1912=CIRCLE('',#5683,0.12);
#1913=CIRCLE('',#5685,0.119999999999999);
#1914=CIRCLE('',#5686,0.12);
#1915=CIRCLE('',#5688,0.12);
#1916=CIRCLE('',#5690,0.119999999999999);
#1917=CIRCLE('',#5691,0.12);
#1918=CIRCLE('',#5694,0.12);
#1919=CIRCLE('',#5695,0.12);
#1920=CIRCLE('',#5696,0.119999999999999);
#1921=CIRCLE('',#5698,0.12);
#1922=CIRCLE('',#5700,0.12);
#1923=CIRCLE('',#5701,0.12);
#1924=CIRCLE('',#5703,0.12);
#1925=CIRCLE('',#5705,0.12);
#1926=CIRCLE('',#5706,0.12);
#1927=CIRCLE('',#5708,0.12);
#1928=CIRCLE('',#5710,0.119999999999999);
#1929=CIRCLE('',#5711,0.12);
#1930=CIRCLE('',#5718,0.35);
#1931=CIRCLE('',#5721,0.35);
#1932=CIRCLE('',#5725,0.225);
#1933=CIRCLE('',#5727,1.3);
#1934=CIRCLE('',#5728,1.3);
#1935=CIRCLE('',#5730,0.175);
#1936=CIRCLE('',#5733,0.2);
#1937=CIRCLE('',#5736,0.2);
#1938=CIRCLE('',#5739,0.3);
#1939=CIRCLE('',#5742,0.3);
#1940=CIRCLE('',#5745,0.175);
#1941=CIRCLE('',#5747,0.12);
#1942=CIRCLE('',#5748,0.119999999999999);
#1943=CIRCLE('',#5749,0.12);
#1944=CIRCLE('',#5751,0.12);
#1945=CIRCLE('',#5753,0.12);
#1946=CIRCLE('',#5754,0.119999999999999);
#1947=CIRCLE('',#5756,0.12);
#1948=CIRCLE('',#5758,0.12);
#1949=CIRCLE('',#5759,0.119999999999999);
#1950=CIRCLE('',#5761,0.12);
#1951=CIRCLE('',#5763,0.12);
#1952=CIRCLE('',#5764,0.119999999999999);
#1953=CIRCLE('',#5767,0.3);
#1954=CIRCLE('',#5770,0.3);
#1955=CIRCLE('',#5772,1.);
#1956=CIRCLE('',#5775,0.195);
#1957=CIRCLE('',#5777,0.207595291314);
#1958=CIRCLE('',#5780,0.207595291314);
#1959=CIRCLE('',#5782,0.195);
#1960=CIRCLE('',#5785,0.195);
#1961=CIRCLE('',#5787,0.207595291314);
#1962=CIRCLE('',#5790,0.207595291314);
#1963=CIRCLE('',#5792,0.195);
#1964=CIRCLE('',#5794,0.12);
#1965=CIRCLE('',#5795,0.12);
#1966=CIRCLE('',#5796,0.12);
#1967=CIRCLE('',#5797,0.12);
#1968=CIRCLE('',#5799,1.);
#1969=CIRCLE('',#5801,1.);
#1970=CIRCLE('',#5803,0.201041666667);
#1971=CIRCLE('',#5804,0.3);
#1972=CIRCLE('',#5805,0.3);
#1973=CIRCLE('',#5806,0.201041666667);
#1974=CIRCLE('',#5807,0.201041666667);
#1975=CIRCLE('',#5808,0.201041666667);
#1976=CIRCLE('',#5809,0.201041666667);
#1977=CIRCLE('',#5810,0.201041666667);
#1978=CIRCLE('',#5811,0.201041666667);
#1979=CIRCLE('',#5812,0.201041666667);
#1980=CIRCLE('',#5813,0.12);
#1981=CIRCLE('',#5814,0.12);
#1982=CIRCLE('',#5815,0.12);
#1983=CIRCLE('',#5816,0.12);
#1984=CIRCLE('',#5819,0.12);
#1985=CIRCLE('',#5820,0.12);
#1986=CIRCLE('',#5821,0.12);
#1987=CIRCLE('',#5823,0.12);
#1988=CIRCLE('',#5825,0.12);
#1989=CIRCLE('',#5826,0.12);
#1990=CIRCLE('',#5828,0.12);
#1991=CIRCLE('',#5830,0.12);
#1992=CIRCLE('',#5831,0.119999999999999);
#1993=CIRCLE('',#5833,0.12);
#1994=CIRCLE('',#5835,0.12);
#1995=CIRCLE('',#5836,0.12);
#1996=CIRCLE('',#5850,1.3);
#1997=CIRCLE('',#5851,1.);
#1998=CIRCLE('',#5853,1.3);
#1999=CIRCLE('',#5860,0.175);
#2000=CIRCLE('',#5864,0.3);
#2001=CIRCLE('',#5867,0.3);
#2002=CIRCLE('',#5870,0.2);
#2003=CIRCLE('',#5873,0.2);
#2004=CIRCLE('',#5876,0.175);
#2005=CIRCLE('',#5878,0.225);
#2006=CIRCLE('',#5881,0.35);
#2007=CIRCLE('',#5884,0.35);
#2008=CIRCLE('',#5888,0.12);
#2009=CIRCLE('',#5889,0.12);
#2010=CIRCLE('',#5891,0.12);
#2011=CIRCLE('',#5893,0.12);
#2012=CIRCLE('',#5895,0.12);
#2013=CIRCLE('',#5897,0.12);
#2014=CIRCLE('',#5899,0.12);
#2015=CIRCLE('',#5901,0.12);
#2016=CIRCLE('',#5905,0.12);
#2017=CIRCLE('',#5908,0.12);
#2018=CIRCLE('',#5911,0.12);
#2019=CIRCLE('',#5914,0.12);
#2020=CIRCLE('',#5917,0.12);
#2021=CIRCLE('',#5920,0.12);
#2022=CIRCLE('',#5923,0.12);
#2023=CIRCLE('',#5926,0.12);
#2024=CIRCLE('',#5931,1.);
#2025=CIRCLE('',#5933,0.12);
#2026=CIRCLE('',#5936,0.12);
#2027=CIRCLE('',#5939,0.12);
#2028=CIRCLE('',#5942,0.12);
#2029=CIRCLE('',#5945,0.12);
#2030=CIRCLE('',#5948,0.12);
#2031=CIRCLE('',#5951,0.12);
#2032=CIRCLE('',#5954,0.12);
#2033=CIRCLE('',#5958,0.12);
#2034=CIRCLE('',#5961,0.12);
#2035=CIRCLE('',#5964,0.12);
#2036=CIRCLE('',#5967,0.12);
#2037=CIRCLE('',#5970,1.);
#2038=CIRCLE('',#5972,0.12);
#2039=CIRCLE('',#5975,0.12);
#2040=CIRCLE('',#5978,0.12);
#2041=CIRCLE('',#5981,0.12);
#2042=CIRCLE('',#5986,0.12);
#2043=CIRCLE('',#5987,0.12);
#2044=CIRCLE('',#5989,0.12);
#2045=CIRCLE('',#5991,0.12);
#2046=CIRCLE('',#5993,0.12);
#2047=CIRCLE('',#5995,0.12);
#2048=CIRCLE('',#5997,0.12);
#2049=CIRCLE('',#5999,0.12);
#2050=CIRCLE('',#6002,0.12);
#2051=CIRCLE('',#6003,0.12);
#2052=CIRCLE('',#6005,0.12);
#2053=CIRCLE('',#6007,0.12);
#2054=CIRCLE('',#6009,0.12);
#2055=CIRCLE('',#6011,0.12);
#2056=CIRCLE('',#6013,0.12);
#2057=CIRCLE('',#6015,0.12);
#2058=CIRCLE('',#6018,0.12);
#2059=CIRCLE('',#6019,0.12);
#2060=CIRCLE('',#6021,0.12);
#2061=CIRCLE('',#6023,0.12);
#2062=CIRCLE('',#6025,0.12);
#2063=CIRCLE('',#6027,0.12);
#2064=CIRCLE('',#6029,0.12);
#2065=CIRCLE('',#6031,0.12);
#2066=CIRCLE('',#6034,0.12);
#2067=CIRCLE('',#6035,0.12);
#2068=CIRCLE('',#6037,0.12);
#2069=CIRCLE('',#6039,0.12);
#2070=CIRCLE('',#6041,0.12);
#2071=CIRCLE('',#6043,0.12);
#2072=CIRCLE('',#6045,0.12);
#2073=CIRCLE('',#6047,0.12);
#2074=CIRCLE('',#6050,0.12);
#2075=CIRCLE('',#6051,0.12);
#2076=CIRCLE('',#6053,0.12);
#2077=CIRCLE('',#6055,0.12);
#2078=CIRCLE('',#6057,0.12);
#2079=CIRCLE('',#6059,0.12);
#2080=CIRCLE('',#6061,0.12);
#2081=CIRCLE('',#6063,0.12);
#2082=CIRCLE('',#6066,0.12);
#2083=CIRCLE('',#6067,0.12);
#2084=CIRCLE('',#6069,0.12);
#2085=CIRCLE('',#6071,0.12);
#2086=CIRCLE('',#6073,0.12);
#2087=CIRCLE('',#6075,0.12);
#2088=CIRCLE('',#6077,0.12);
#2089=CIRCLE('',#6079,0.12);
#2090=VERTEX_POINT('',#7828);
#2091=VERTEX_POINT('',#7829);
#2092=VERTEX_POINT('',#7831);
#2093=VERTEX_POINT('',#7833);
#2094=VERTEX_POINT('',#7837);
#2095=VERTEX_POINT('',#7838);
#2096=VERTEX_POINT('',#7840);
#2097=VERTEX_POINT('',#7842);
#2098=VERTEX_POINT('',#7844);
#2099=VERTEX_POINT('',#7846);
#2100=VERTEX_POINT('',#7848);
#2101=VERTEX_POINT('',#7850);
#2102=VERTEX_POINT('',#7852);
#2103=VERTEX_POINT('',#7854);
#2104=VERTEX_POINT('',#7856);
#2105=VERTEX_POINT('',#7858);
#2106=VERTEX_POINT('',#7861);
#2107=VERTEX_POINT('',#7863);
#2108=VERTEX_POINT('',#7865);
#2109=VERTEX_POINT('',#7867);
#2110=VERTEX_POINT('',#7870);
#2111=VERTEX_POINT('',#7871);
#2112=VERTEX_POINT('',#7873);
#2113=VERTEX_POINT('',#7911);
#2114=VERTEX_POINT('',#7913);
#2115=VERTEX_POINT('',#7951);
#2116=VERTEX_POINT('',#7953);
#2117=VERTEX_POINT('',#7991);
#2118=VERTEX_POINT('',#8030);
#2119=VERTEX_POINT('',#8031);
#2120=VERTEX_POINT('',#8033);
#2121=VERTEX_POINT('',#8071);
#2122=VERTEX_POINT('',#8073);
#2123=VERTEX_POINT('',#8111);
#2124=VERTEX_POINT('',#8113);
#2125=VERTEX_POINT('',#8151);
#2126=VERTEX_POINT('',#8191);
#2127=VERTEX_POINT('',#8193);
#2128=VERTEX_POINT('',#8197);
#2129=VERTEX_POINT('',#8201);
#2130=VERTEX_POINT('',#8205);
#2131=VERTEX_POINT('',#8209);
#2132=VERTEX_POINT('',#8213);
#2133=VERTEX_POINT('',#8217);
#2134=VERTEX_POINT('',#8223);
#2135=VERTEX_POINT('',#8225);
#2136=VERTEX_POINT('',#8229);
#2137=VERTEX_POINT('',#8233);
#2138=VERTEX_POINT('',#8237);
#2139=VERTEX_POINT('',#8241);
#2140=VERTEX_POINT('',#8242);
#2141=VERTEX_POINT('',#8247);
#2142=VERTEX_POINT('',#8248);
#2143=VERTEX_POINT('',#8250);
#2144=VERTEX_POINT('',#8252);
#2145=VERTEX_POINT('',#8254);
#2146=VERTEX_POINT('',#8256);
#2147=VERTEX_POINT('',#8258);
#2148=VERTEX_POINT('',#8261);
#2149=VERTEX_POINT('',#8263);
#2150=VERTEX_POINT('',#8267);
#2151=VERTEX_POINT('',#8271);
#2152=VERTEX_POINT('',#8275);
#2153=VERTEX_POINT('',#8279);
#2154=VERTEX_POINT('',#8283);
#2155=VERTEX_POINT('',#8287);
#2156=VERTEX_POINT('',#8289);
#2157=VERTEX_POINT('',#8291);
#2158=VERTEX_POINT('',#8295);
#2159=VERTEX_POINT('',#8297);
#2160=VERTEX_POINT('',#8299);
#2161=VERTEX_POINT('',#8303);
#2162=VERTEX_POINT('',#8304);
#2163=VERTEX_POINT('',#8306);
#2164=VERTEX_POINT('',#8308);
#2165=VERTEX_POINT('',#8311);
#2166=VERTEX_POINT('',#8313);
#2167=VERTEX_POINT('',#8315);
#2168=VERTEX_POINT('',#8317);
#2169=VERTEX_POINT('',#8319);
#2170=VERTEX_POINT('',#8321);
#2171=VERTEX_POINT('',#8323);
#2172=VERTEX_POINT('',#8325);
#2173=VERTEX_POINT('',#8327);
#2174=VERTEX_POINT('',#8329);
#2175=VERTEX_POINT('',#8331);
#2176=VERTEX_POINT('',#8333);
#2177=VERTEX_POINT('',#8335);
#2178=VERTEX_POINT('',#8339);
#2179=VERTEX_POINT('',#8341);
#2180=VERTEX_POINT('',#8343);
#2181=VERTEX_POINT('',#8347);
#2182=VERTEX_POINT('',#8349);
#2183=VERTEX_POINT('',#8351);
#2184=VERTEX_POINT('',#8357);
#2185=VERTEX_POINT('',#8359);
#2186=VERTEX_POINT('',#8363);
#2187=VERTEX_POINT('',#8367);
#2188=VERTEX_POINT('',#8371);
#2189=VERTEX_POINT('',#8375);
#2190=VERTEX_POINT('',#8379);
#2191=VERTEX_POINT('',#8383);
#2192=VERTEX_POINT('',#8389);
#2193=VERTEX_POINT('',#8391);
#2194=VERTEX_POINT('',#8395);
#2195=VERTEX_POINT('',#8399);
#2196=VERTEX_POINT('',#8403);
#2197=VERTEX_POINT('',#8407);
#2198=VERTEX_POINT('',#8411);
#2199=VERTEX_POINT('',#8415);
#2200=VERTEX_POINT('',#8421);
#2201=VERTEX_POINT('',#8422);
#2202=VERTEX_POINT('',#8424);
#2203=VERTEX_POINT('',#8429);
#2204=VERTEX_POINT('',#8431);
#2205=VERTEX_POINT('',#8435);
#2206=VERTEX_POINT('',#8440);
#2207=VERTEX_POINT('',#8442);
#2208=VERTEX_POINT('',#8444);
#2209=VERTEX_POINT('',#8448);
#2210=VERTEX_POINT('',#8452);
#2211=VERTEX_POINT('',#8454);
#2212=VERTEX_POINT('',#8458);
#2213=VERTEX_POINT('',#8463);
#2214=VERTEX_POINT('',#8469);
#2215=VERTEX_POINT('',#8471);
#2216=VERTEX_POINT('',#8474);
#2217=VERTEX_POINT('',#8475);
#2218=VERTEX_POINT('',#8477);
#2219=VERTEX_POINT('',#8479);
#2220=VERTEX_POINT('',#8481);
#2221=VERTEX_POINT('',#8483);
#2222=VERTEX_POINT('',#8485);
#2223=VERTEX_POINT('',#8487);
#2224=VERTEX_POINT('',#8490);
#2225=VERTEX_POINT('',#8491);
#2226=VERTEX_POINT('',#8493);
#2227=VERTEX_POINT('',#8495);
#2228=VERTEX_POINT('',#8497);
#2229=VERTEX_POINT('',#8499);
#2230=VERTEX_POINT('',#8501);
#2231=VERTEX_POINT('',#8503);
#2232=VERTEX_POINT('',#8509);
#2233=VERTEX_POINT('',#8513);
#2234=VERTEX_POINT('',#8515);
#2235=VERTEX_POINT('',#8517);
#2236=VERTEX_POINT('',#8521);
#2237=VERTEX_POINT('',#8523);
#2238=VERTEX_POINT('',#8525);
#2239=VERTEX_POINT('',#8527);
#2240=VERTEX_POINT('',#8529);
#2241=VERTEX_POINT('',#8531);
#2242=VERTEX_POINT('',#8533);
#2243=VERTEX_POINT('',#8535);
#2244=VERTEX_POINT('',#8537);
#2245=VERTEX_POINT('',#8539);
#2246=VERTEX_POINT('',#8541);
#2247=VERTEX_POINT('',#8543);
#2248=VERTEX_POINT('',#8545);
#2249=VERTEX_POINT('',#8547);
#2250=VERTEX_POINT('',#8549);
#2251=VERTEX_POINT('',#8551);
#2252=VERTEX_POINT('',#8553);
#2253=VERTEX_POINT('',#8555);
#2254=VERTEX_POINT('',#8557);
#2255=VERTEX_POINT('',#8561);
#2256=VERTEX_POINT('',#8562);
#2257=VERTEX_POINT('',#8564);
#2258=VERTEX_POINT('',#8567);
#2259=VERTEX_POINT('',#8569);
#2260=VERTEX_POINT('',#8571);
#2261=VERTEX_POINT('',#8573);
#2262=VERTEX_POINT('',#8575);
#2263=VERTEX_POINT('',#8577);
#2264=VERTEX_POINT('',#8579);
#2265=VERTEX_POINT('',#8581);
#2266=VERTEX_POINT('',#8583);
#2267=VERTEX_POINT('',#8585);
#2268=VERTEX_POINT('',#8587);
#2269=VERTEX_POINT('',#8589);
#2270=VERTEX_POINT('',#8591);
#2271=VERTEX_POINT('',#8593);
#2272=VERTEX_POINT('',#8595);
#2273=VERTEX_POINT('',#8597);
#2274=VERTEX_POINT('',#8599);
#2275=VERTEX_POINT('',#8602);
#2276=VERTEX_POINT('',#8603);
#2277=VERTEX_POINT('',#8605);
#2278=VERTEX_POINT('',#8643);
#2279=VERTEX_POINT('',#8645);
#2280=VERTEX_POINT('',#8683);
#2281=VERTEX_POINT('',#8685);
#2282=VERTEX_POINT('',#8723);
#2283=VERTEX_POINT('',#8763);
#2284=VERTEX_POINT('',#8765);
#2285=VERTEX_POINT('',#8769);
#2286=VERTEX_POINT('',#8773);
#2287=VERTEX_POINT('',#8777);
#2288=VERTEX_POINT('',#8786);
#2289=VERTEX_POINT('',#8790);
#2290=VERTEX_POINT('',#8794);
#2291=VERTEX_POINT('',#8798);
#2292=VERTEX_POINT('',#8802);
#2293=VERTEX_POINT('',#8804);
#2294=VERTEX_POINT('',#8808);
#2295=VERTEX_POINT('',#8809);
#2296=VERTEX_POINT('',#8812);
#2297=VERTEX_POINT('',#8814);
#2298=VERTEX_POINT('',#8816);
#2299=VERTEX_POINT('',#8818);
#2300=VERTEX_POINT('',#8820);
#2301=VERTEX_POINT('',#8822);
#2302=VERTEX_POINT('',#8824);
#2303=VERTEX_POINT('',#8826);
#2304=VERTEX_POINT('',#8828);
#2305=VERTEX_POINT('',#8830);
#2306=VERTEX_POINT('',#8832);
#2307=VERTEX_POINT('',#8834);
#2308=VERTEX_POINT('',#8836);
#2309=VERTEX_POINT('',#8838);
#2310=VERTEX_POINT('',#8840);
#2311=VERTEX_POINT('',#8842);
#2312=VERTEX_POINT('',#8844);
#2313=VERTEX_POINT('',#8847);
#2314=VERTEX_POINT('',#8848);
#2315=VERTEX_POINT('',#8850);
#2316=VERTEX_POINT('',#8888);
#2317=VERTEX_POINT('',#8890);
#2318=VERTEX_POINT('',#8928);
#2319=VERTEX_POINT('',#8930);
#2320=VERTEX_POINT('',#8968);
#2321=VERTEX_POINT('',#9008);
#2322=VERTEX_POINT('',#9010);
#2323=VERTEX_POINT('',#9017);
#2324=VERTEX_POINT('',#9024);
#2325=VERTEX_POINT('',#9026);
#2326=VERTEX_POINT('',#9028);
#2327=VERTEX_POINT('',#9030);
#2328=VERTEX_POINT('',#9032);
#2329=VERTEX_POINT('',#9034);
#2330=VERTEX_POINT('',#9036);
#2331=VERTEX_POINT('',#9038);
#2332=VERTEX_POINT('',#9040);
#2333=VERTEX_POINT('',#9042);
#2334=VERTEX_POINT('',#9044);
#2335=VERTEX_POINT('',#9046);
#2336=VERTEX_POINT('',#9048);
#2337=VERTEX_POINT('',#9050);
#2338=VERTEX_POINT('',#9052);
#2339=VERTEX_POINT('',#9054);
#2340=VERTEX_POINT('',#9056);
#2341=VERTEX_POINT('',#9058);
#2342=VERTEX_POINT('',#9060);
#2343=VERTEX_POINT('',#9064);
#2344=VERTEX_POINT('',#9065);
#2345=VERTEX_POINT('',#9068);
#2346=VERTEX_POINT('',#9074);
#2347=VERTEX_POINT('',#9076);
#2348=VERTEX_POINT('',#9080);
#2349=VERTEX_POINT('',#9084);
#2350=VERTEX_POINT('',#9088);
#2351=VERTEX_POINT('',#9092);
#2352=VERTEX_POINT('',#9096);
#2353=VERTEX_POINT('',#9100);
#2354=VERTEX_POINT('',#9106);
#2355=VERTEX_POINT('',#9110);
#2356=VERTEX_POINT('',#9116);
#2357=VERTEX_POINT('',#9122);
#2358=VERTEX_POINT('',#9136);
#2359=VERTEX_POINT('',#9138);
#2360=VERTEX_POINT('',#9142);
#2361=VERTEX_POINT('',#9146);
#2362=VERTEX_POINT('',#9150);
#2363=VERTEX_POINT('',#9154);
#2364=VERTEX_POINT('',#9158);
#2365=VERTEX_POINT('',#9162);
#2366=VERTEX_POINT('',#9168);
#2367=VERTEX_POINT('',#9170);
#2368=VERTEX_POINT('',#9174);
#2369=VERTEX_POINT('',#9178);
#2370=VERTEX_POINT('',#9182);
#2371=VERTEX_POINT('',#9186);
#2372=VERTEX_POINT('',#9190);
#2373=VERTEX_POINT('',#9194);
#2374=VERTEX_POINT('',#9204);
#2375=VERTEX_POINT('',#9208);
#2376=VERTEX_POINT('',#9212);
#2377=VERTEX_POINT('',#9216);
#2378=VERTEX_POINT('',#9220);
#2379=VERTEX_POINT('',#9224);
#2380=VERTEX_POINT('',#9228);
#2381=VERTEX_POINT('',#9230);
#2382=VERTEX_POINT('',#9232);
#2383=VERTEX_POINT('',#9240);
#2384=VERTEX_POINT('',#9247);
#2385=VERTEX_POINT('',#9248);
#2386=VERTEX_POINT('',#9250);
#2387=VERTEX_POINT('',#9258);
#2388=VERTEX_POINT('',#9262);
#2389=VERTEX_POINT('',#9266);
#2390=VERTEX_POINT('',#9270);
#2391=VERTEX_POINT('',#9274);
#2392=VERTEX_POINT('',#9278);
#2393=VERTEX_POINT('',#9282);
#2394=VERTEX_POINT('',#9286);
#2395=VERTEX_POINT('',#9290);
#2396=VERTEX_POINT('',#9294);
#2397=VERTEX_POINT('',#9296);
#2398=VERTEX_POINT('',#9303);
#2399=VERTEX_POINT('',#9305);
#2400=VERTEX_POINT('',#9309);
#2401=VERTEX_POINT('',#9313);
#2402=VERTEX_POINT('',#9317);
#2403=VERTEX_POINT('',#9321);
#2404=VERTEX_POINT('',#9325);
#2405=VERTEX_POINT('',#9329);
#2406=VERTEX_POINT('',#9335);
#2407=VERTEX_POINT('',#9337);
#2408=VERTEX_POINT('',#9341);
#2409=VERTEX_POINT('',#9345);
#2410=VERTEX_POINT('',#9349);
#2411=VERTEX_POINT('',#9351);
#2412=VERTEX_POINT('',#9355);
#2413=VERTEX_POINT('',#9359);
#2414=VERTEX_POINT('',#9363);
#2415=VERTEX_POINT('',#9367);
#2416=VERTEX_POINT('',#9371);
#2417=VERTEX_POINT('',#9375);
#2418=VERTEX_POINT('',#9379);
#2419=VERTEX_POINT('',#9383);
#2420=VERTEX_POINT('',#9387);
#2421=VERTEX_POINT('',#9391);
#2422=VERTEX_POINT('',#9395);
#2423=VERTEX_POINT('',#9401);
#2424=VERTEX_POINT('',#9404);
#2425=VERTEX_POINT('',#9407);
#2426=VERTEX_POINT('',#9408);
#2427=VERTEX_POINT('',#9410);
#2428=VERTEX_POINT('',#9412);
#2429=VERTEX_POINT('',#9414);
#2430=VERTEX_POINT('',#9416);
#2431=VERTEX_POINT('',#9418);
#2432=VERTEX_POINT('',#9420);
#2433=VERTEX_POINT('',#9427);
#2434=VERTEX_POINT('',#9429);
#2435=VERTEX_POINT('',#9431);
#2436=VERTEX_POINT('',#9438);
#2437=VERTEX_POINT('',#9439);
#2438=VERTEX_POINT('',#9441);
#2439=VERTEX_POINT('',#9443);
#2440=VERTEX_POINT('',#9445);
#2441=VERTEX_POINT('',#9447);
#2442=VERTEX_POINT('',#9449);
#2443=VERTEX_POINT('',#9451);
#2444=VERTEX_POINT('',#9453);
#2445=VERTEX_POINT('',#9456);
#2446=VERTEX_POINT('',#9458);
#2447=VERTEX_POINT('',#9460);
#2448=VERTEX_POINT('',#9462);
#2449=VERTEX_POINT('',#9464);
#2450=VERTEX_POINT('',#9466);
#2451=VERTEX_POINT('',#9468);
#2452=VERTEX_POINT('',#9470);
#2453=VERTEX_POINT('',#9472);
#2454=VERTEX_POINT('',#9475);
#2455=VERTEX_POINT('',#9476);
#2456=VERTEX_POINT('',#9478);
#2457=VERTEX_POINT('',#9480);
#2458=VERTEX_POINT('',#9482);
#2459=VERTEX_POINT('',#9484);
#2460=VERTEX_POINT('',#9486);
#2461=VERTEX_POINT('',#9488);
#2462=VERTEX_POINT('',#9494);
#2463=VERTEX_POINT('',#9496);
#2464=VERTEX_POINT('',#9500);
#2465=VERTEX_POINT('',#9504);
#2466=VERTEX_POINT('',#9508);
#2467=VERTEX_POINT('',#9512);
#2468=VERTEX_POINT('',#9516);
#2469=VERTEX_POINT('',#9520);
#2470=VERTEX_POINT('',#9548);
#2471=VERTEX_POINT('',#9550);
#2472=VERTEX_POINT('',#9554);
#2473=VERTEX_POINT('',#9571);
#2474=VERTEX_POINT('',#9576);
#2475=VERTEX_POINT('',#9580);
#2476=VERTEX_POINT('',#9584);
#2477=VERTEX_POINT('',#9588);
#2478=VERTEX_POINT('',#9592);
#2479=VERTEX_POINT('',#9596);
#2480=VERTEX_POINT('',#9600);
#2481=VERTEX_POINT('',#9604);
#2482=VERTEX_POINT('',#9608);
#2483=VERTEX_POINT('',#9612);
#2484=VERTEX_POINT('',#9614);
#2485=VERTEX_POINT('',#9621);
#2486=VERTEX_POINT('',#9622);
#2487=VERTEX_POINT('',#9630);
#2488=VERTEX_POINT('',#9634);
#2489=VERTEX_POINT('',#9638);
#2490=VERTEX_POINT('',#9642);
#2491=VERTEX_POINT('',#9646);
#2492=VERTEX_POINT('',#9652);
#2493=VERTEX_POINT('',#9656);
#2494=VERTEX_POINT('',#9662);
#2495=VERTEX_POINT('',#9668);
#2496=VERTEX_POINT('',#9677);
#2497=VERTEX_POINT('',#9679);
#2498=VERTEX_POINT('',#9683);
#2499=VERTEX_POINT('',#9687);
#2500=VERTEX_POINT('',#9691);
#2501=VERTEX_POINT('',#9695);
#2502=VERTEX_POINT('',#9699);
#2503=VERTEX_POINT('',#9703);
#2504=VERTEX_POINT('',#9709);
#2505=VERTEX_POINT('',#9711);
#2506=VERTEX_POINT('',#9715);
#2507=VERTEX_POINT('',#9719);
#2508=VERTEX_POINT('',#9723);
#2509=VERTEX_POINT('',#9727);
#2510=VERTEX_POINT('',#9731);
#2511=VERTEX_POINT('',#9735);
#2512=VERTEX_POINT('',#9747);
#2513=VERTEX_POINT('',#9749);
#2514=VERTEX_POINT('',#9753);
#2515=VERTEX_POINT('',#9757);
#2516=VERTEX_POINT('',#9761);
#2517=VERTEX_POINT('',#9765);
#2518=VERTEX_POINT('',#9769);
#2519=VERTEX_POINT('',#9773);
#2520=VERTEX_POINT('',#9779);
#2521=VERTEX_POINT('',#9780);
#2522=VERTEX_POINT('',#9785);
#2523=VERTEX_POINT('',#9789);
#2524=VERTEX_POINT('',#9793);
#2525=VERTEX_POINT('',#9797);
#2526=VERTEX_POINT('',#9801);
#2527=VERTEX_POINT('',#9805);
#2528=VERTEX_POINT('',#9812);
#2529=VERTEX_POINT('',#9813);
#2530=VERTEX_POINT('',#9818);
#2531=VERTEX_POINT('',#9822);
#2532=VERTEX_POINT('',#9826);
#2533=VERTEX_POINT('',#9830);
#2534=VERTEX_POINT('',#9834);
#2535=VERTEX_POINT('',#9838);
#2536=VERTEX_POINT('',#9846);
#2537=VERTEX_POINT('',#9848);
#2538=VERTEX_POINT('',#9852);
#2539=VERTEX_POINT('',#9856);
#2540=VERTEX_POINT('',#9860);
#2541=VERTEX_POINT('',#9864);
#2542=VERTEX_POINT('',#9868);
#2543=VERTEX_POINT('',#9872);
#2544=VERTEX_POINT('',#9880);
#2545=VERTEX_POINT('',#9884);
#2546=VERTEX_POINT('',#9890);
#2547=VERTEX_POINT('',#9896);
#2548=VERTEX_POINT('',#9904);
#2549=VERTEX_POINT('',#9908);
#2550=VERTEX_POINT('',#9914);
#2551=VERTEX_POINT('',#9920);
#2552=VERTEX_POINT('',#9928);
#2553=VERTEX_POINT('',#9932);
#2554=VERTEX_POINT('',#9938);
#2555=VERTEX_POINT('',#9944);
#2556=VERTEX_POINT('',#9952);
#2557=VERTEX_POINT('',#9956);
#2558=VERTEX_POINT('',#9962);
#2559=VERTEX_POINT('',#9968);
#2560=VERTEX_POINT('',#9976);
#2561=VERTEX_POINT('',#9980);
#2562=VERTEX_POINT('',#9986);
#2563=VERTEX_POINT('',#9992);
#2564=VERTEX_POINT('',#10000);
#2565=VERTEX_POINT('',#10004);
#2566=VERTEX_POINT('',#10010);
#2567=VERTEX_POINT('',#10016);
#2568=EDGE_CURVE('',#2090,#2091,#1770,.T.);
#2569=EDGE_CURVE('',#2092,#2090,#876,.T.);
#2570=EDGE_CURVE('',#2093,#2092,#1771,.T.);
#2571=EDGE_CURVE('',#2091,#2093,#877,.T.);
#2572=EDGE_CURVE('',#2094,#2095,#1772,.T.);
#2573=EDGE_CURVE('',#2095,#2096,#878,.T.);
#2574=EDGE_CURVE('',#2096,#2097,#1773,.T.);
#2575=EDGE_CURVE('',#2097,#2098,#879,.T.);
#2576=EDGE_CURVE('',#2098,#2099,#880,.T.);
#2577=EDGE_CURVE('',#2099,#2100,#881,.T.);
#2578=EDGE_CURVE('',#2100,#2101,#882,.T.);
#2579=EDGE_CURVE('',#2101,#2102,#883,.T.);
#2580=EDGE_CURVE('',#2102,#2103,#1774,.T.);
#2581=EDGE_CURVE('',#2103,#2104,#884,.T.);
#2582=EDGE_CURVE('',#2104,#2105,#1775,.T.);
#2583=EDGE_CURVE('',#2105,#2090,#885,.T.);
#2584=EDGE_CURVE('',#2091,#2106,#886,.T.);
#2585=EDGE_CURVE('',#2106,#2107,#887,.T.);
#2586=EDGE_CURVE('',#2107,#2108,#888,.T.);
#2587=EDGE_CURVE('',#2108,#2109,#1776,.T.);
#2588=EDGE_CURVE('',#2109,#2094,#889,.T.);
#2589=EDGE_CURVE('',#2110,#2111,#890,.T.);
#2590=EDGE_CURVE('',#2111,#2112,#85,.T.);
#2591=EDGE_CURVE('',#2112,#2113,#891,.T.);
#2592=EDGE_CURVE('',#2113,#2114,#86,.T.);
#2593=EDGE_CURVE('',#2114,#2115,#892,.T.);
#2594=EDGE_CURVE('',#2115,#2116,#87,.T.);
#2595=EDGE_CURVE('',#2116,#2117,#893,.T.);
#2596=EDGE_CURVE('',#2117,#2110,#88,.T.);
#2597=EDGE_CURVE('',#2118,#2119,#894,.T.);
#2598=EDGE_CURVE('',#2119,#2120,#89,.T.);
#2599=EDGE_CURVE('',#2120,#2121,#895,.T.);
#2600=EDGE_CURVE('',#2121,#2122,#90,.T.);
#2601=EDGE_CURVE('',#2122,#2123,#896,.T.);
#2602=EDGE_CURVE('',#2123,#2124,#91,.T.);
#2603=EDGE_CURVE('',#2124,#2125,#897,.T.);
#2604=EDGE_CURVE('',#2125,#2118,#92,.T.);
#2605=EDGE_CURVE('',#2119,#2126,#1777,.T.);
#2606=EDGE_CURVE('',#2126,#2127,#1778,.T.);
#2607=EDGE_CURVE('',#2127,#2120,#1779,.T.);
#2608=EDGE_CURVE('',#2118,#2128,#1780,.T.);
#2609=EDGE_CURVE('',#2128,#2126,#898,.T.);
#2610=EDGE_CURVE('',#2125,#2129,#1781,.T.);
#2611=EDGE_CURVE('',#2129,#2128,#1782,.T.);
#2612=EDGE_CURVE('',#2124,#2130,#1783,.T.);
#2613=EDGE_CURVE('',#2130,#2129,#899,.T.);
#2614=EDGE_CURVE('',#2123,#2131,#1784,.T.);
#2615=EDGE_CURVE('',#2131,#2130,#1785,.T.);
#2616=EDGE_CURVE('',#2122,#2132,#1786,.T.);
#2617=EDGE_CURVE('',#2132,#2131,#900,.T.);
#2618=EDGE_CURVE('',#2121,#2133,#1787,.T.);
#2619=EDGE_CURVE('',#2133,#2132,#1788,.T.);
#2620=EDGE_CURVE('',#2127,#2133,#901,.T.);
#2621=EDGE_CURVE('',#2095,#2134,#902,.T.);
#2622=EDGE_CURVE('',#2134,#2135,#903,.T.);
#2623=EDGE_CURVE('',#2135,#2096,#904,.T.);
#2624=EDGE_CURVE('',#2136,#2094,#905,.T.);
#2625=EDGE_CURVE('',#2136,#2134,#1789,.T.);
#2626=EDGE_CURVE('',#2109,#2137,#906,.T.);
#2627=EDGE_CURVE('',#2137,#2136,#907,.T.);
#2628=EDGE_CURVE('',#2138,#2108,#908,.T.);
#2629=EDGE_CURVE('',#2138,#2137,#1790,.T.);
#2630=EDGE_CURVE('',#2139,#2140,#909,.T.);
#2631=EDGE_CURVE('',#2140,#2108,#1791,.T.);
#2632=EDGE_CURVE('',#2107,#2139,#1792,.T.);
#2633=EDGE_CURVE('',#2141,#2142,#910,.T.);
#2634=EDGE_CURVE('',#2142,#2143,#1793,.T.);
#2635=EDGE_CURVE('',#2143,#2144,#911,.T.);
#2636=EDGE_CURVE('',#2144,#2145,#1794,.T.);
#2637=EDGE_CURVE('',#2145,#2146,#912,.T.);
#2638=EDGE_CURVE('',#2146,#2147,#913,.T.);
#2639=EDGE_CURVE('',#2147,#2139,#914,.T.);
#2640=EDGE_CURVE('',#2106,#2148,#1795,.T.);
#2641=EDGE_CURVE('',#2148,#2149,#915,.T.);
#2642=EDGE_CURVE('',#2149,#2141,#916,.T.);
#2643=EDGE_CURVE('',#2091,#2150,#1796,.T.);
#2644=EDGE_CURVE('',#2150,#2148,#917,.T.);
#2645=EDGE_CURVE('',#2151,#2105,#918,.T.);
#2646=EDGE_CURVE('',#2092,#2151,#919,.T.);
#2647=EDGE_CURVE('',#2152,#2104,#920,.T.);
#2648=EDGE_CURVE('',#2151,#2152,#1797,.T.);
#2649=EDGE_CURVE('',#2153,#2103,#921,.T.);
#2650=EDGE_CURVE('',#2152,#2153,#922,.T.);
#2651=EDGE_CURVE('',#2102,#2154,#923,.T.);
#2652=EDGE_CURVE('',#2154,#2153,#1798,.T.);
#2653=EDGE_CURVE('',#2101,#2155,#1799,.T.);
#2654=EDGE_CURVE('',#2155,#2156,#924,.T.);
#2655=EDGE_CURVE('',#2156,#2157,#1800,.T.);
#2656=EDGE_CURVE('',#2157,#2154,#925,.T.);
#2657=EDGE_CURVE('',#2158,#2155,#926,.T.);
#2658=EDGE_CURVE('',#2100,#2159,#1801,.T.);
#2659=EDGE_CURVE('',#2159,#2160,#927,.T.);
#2660=EDGE_CURVE('',#2160,#2158,#1802,.T.);
#2661=EDGE_CURVE('',#2161,#2162,#928,.T.);
#2662=EDGE_CURVE('',#2162,#2163,#929,.T.);
#2663=EDGE_CURVE('',#2163,#2164,#1803,.T.);
#2664=EDGE_CURVE('',#2164,#2159,#930,.T.);
#2665=EDGE_CURVE('',#2099,#2165,#1804,.T.);
#2666=EDGE_CURVE('',#2166,#2165,#931,.T.);
#2667=EDGE_CURVE('',#2166,#2167,#1805,.T.);
#2668=EDGE_CURVE('',#2167,#2168,#932,.T.);
#2669=EDGE_CURVE('',#2168,#2169,#933,.T.);
#2670=EDGE_CURVE('',#2169,#2170,#934,.T.);
#2671=EDGE_CURVE('',#2170,#2171,#1806,.T.);
#2672=EDGE_CURVE('',#2171,#2172,#935,.T.);
#2673=EDGE_CURVE('',#2172,#2173,#1807,.T.);
#2674=EDGE_CURVE('',#2173,#2174,#936,.T.);
#2675=EDGE_CURVE('',#2174,#2175,#1808,.T.);
#2676=EDGE_CURVE('',#2175,#2176,#937,.T.);
#2677=EDGE_CURVE('',#2176,#2177,#1809,.T.);
#2678=EDGE_CURVE('',#2177,#2161,#938,.T.);
#2679=EDGE_CURVE('',#2178,#2165,#939,.T.);
#2680=EDGE_CURVE('',#2098,#2179,#1810,.T.);
#2681=EDGE_CURVE('',#2179,#2180,#940,.T.);
#2682=EDGE_CURVE('',#2180,#2178,#1811,.T.);
#2683=EDGE_CURVE('',#2097,#2181,#941,.T.);
#2684=EDGE_CURVE('',#2181,#2182,#942,.T.);
#2685=EDGE_CURVE('',#2182,#2183,#1812,.T.);
#2686=EDGE_CURVE('',#2183,#2179,#943,.T.);
#2687=EDGE_CURVE('',#2135,#2181,#1813,.T.);
#2688=EDGE_CURVE('',#2111,#2184,#1814,.T.);
#2689=EDGE_CURVE('',#2184,#2185,#1815,.T.);
#2690=EDGE_CURVE('',#2185,#2112,#1816,.T.);
#2691=EDGE_CURVE('',#2110,#2186,#1817,.T.);
#2692=EDGE_CURVE('',#2186,#2184,#944,.T.);
#2693=EDGE_CURVE('',#2117,#2187,#1818,.T.);
#2694=EDGE_CURVE('',#2187,#2186,#1819,.T.);
#2695=EDGE_CURVE('',#2116,#2188,#1820,.T.);
#2696=EDGE_CURVE('',#2188,#2187,#945,.T.);
#2697=EDGE_CURVE('',#2115,#2189,#1821,.T.);
#2698=EDGE_CURVE('',#2189,#2188,#1822,.T.);
#2699=EDGE_CURVE('',#2114,#2190,#1823,.T.);
#2700=EDGE_CURVE('',#2190,#2189,#946,.T.);
#2701=EDGE_CURVE('',#2113,#2191,#1824,.T.);
#2702=EDGE_CURVE('',#2191,#2190,#1825,.T.);
#2703=EDGE_CURVE('',#2185,#2191,#947,.T.);
#2704=EDGE_CURVE('',#2127,#2192,#948,.T.);
#2705=EDGE_CURVE('',#2193,#2126,#949,.T.);
#2706=EDGE_CURVE('',#2192,#2193,#1826,.T.);
#2707=EDGE_CURVE('',#2193,#2194,#950,.T.);
#2708=EDGE_CURVE('',#2194,#2128,#951,.T.);
#2709=EDGE_CURVE('',#2195,#2129,#952,.T.);
#2710=EDGE_CURVE('',#2194,#2195,#1827,.T.);
#2711=EDGE_CURVE('',#2195,#2196,#953,.T.);
#2712=EDGE_CURVE('',#2196,#2130,#954,.T.);
#2713=EDGE_CURVE('',#2197,#2131,#955,.T.);
#2714=EDGE_CURVE('',#2196,#2197,#1828,.T.);
#2715=EDGE_CURVE('',#2197,#2198,#956,.T.);
#2716=EDGE_CURVE('',#2198,#2132,#957,.T.);
#2717=EDGE_CURVE('',#2199,#2133,#958,.T.);
#2718=EDGE_CURVE('',#2198,#2199,#1829,.T.);
#2719=EDGE_CURVE('',#2199,#2192,#959,.T.);
#2720=EDGE_CURVE('',#2200,#2201,#960,.T.);
#2721=EDGE_CURVE('',#2201,#2202,#961,.T.);
#2722=EDGE_CURVE('',#2202,#2138,#1830,.T.);
#2723=EDGE_CURVE('',#2140,#2200,#962,.T.);
#2724=EDGE_CURVE('',#2203,#2147,#1831,.T.);
#2725=EDGE_CURVE('',#2204,#2203,#963,.T.);
#2726=EDGE_CURVE('',#2200,#2204,#1832,.T.);
#2727=EDGE_CURVE('',#2205,#2142,#964,.T.);
#2728=EDGE_CURVE('',#2093,#2205,#1833,.T.);
#2729=EDGE_CURVE('',#2143,#2093,#965,.T.);
#2730=EDGE_CURVE('',#2206,#2141,#1834,.T.);
#2731=EDGE_CURVE('',#2207,#2206,#966,.T.);
#2732=EDGE_CURVE('',#2208,#2207,#1835,.T.);
#2733=EDGE_CURVE('',#2205,#2208,#967,.T.);
#2734=EDGE_CURVE('',#2209,#2206,#968,.T.);
#2735=EDGE_CURVE('',#2149,#2209,#1836,.T.);
#2736=EDGE_CURVE('',#2150,#2210,#969,.T.);
#2737=EDGE_CURVE('',#2210,#2211,#1837,.T.);
#2738=EDGE_CURVE('',#2211,#2209,#970,.T.);
#2739=EDGE_CURVE('',#2146,#2212,#1838,.T.);
#2740=EDGE_CURVE('',#2212,#2203,#971,.T.);
#2741=EDGE_CURVE('',#2145,#2202,#972,.T.);
#2742=EDGE_CURVE('',#2201,#2213,#1839,.T.);
#2743=EDGE_CURVE('',#2213,#2212,#973,.T.);
#2744=EDGE_CURVE('',#2138,#2144,#974,.T.);
#2745=EDGE_CURVE('',#2214,#2157,#975,.T.);
#2746=EDGE_CURVE('',#2215,#2214,#976,.T.);
#2747=EDGE_CURVE('',#2182,#2215,#977,.T.);
#2748=EDGE_CURVE('',#2216,#2217,#978,.T.);
#2749=EDGE_CURVE('',#2218,#2216,#1840,.T.);
#2750=EDGE_CURVE('',#2219,#2218,#979,.T.);
#2751=EDGE_CURVE('',#2220,#2219,#1841,.T.);
#2752=EDGE_CURVE('',#2221,#2220,#980,.T.);
#2753=EDGE_CURVE('',#2222,#2221,#1842,.T.);
#2754=EDGE_CURVE('',#2223,#2222,#981,.T.);
#2755=EDGE_CURVE('',#2217,#2223,#1843,.T.);
#2756=EDGE_CURVE('',#2224,#2225,#982,.T.);
#2757=EDGE_CURVE('',#2226,#2224,#1844,.T.);
#2758=EDGE_CURVE('',#2227,#2226,#983,.T.);
#2759=EDGE_CURVE('',#2228,#2227,#1845,.T.);
#2760=EDGE_CURVE('',#2229,#2228,#984,.T.);
#2761=EDGE_CURVE('',#2230,#2229,#1846,.T.);
#2762=EDGE_CURVE('',#2231,#2230,#985,.T.);
#2763=EDGE_CURVE('',#2225,#2231,#1847,.T.);
#2764=EDGE_CURVE('',#2208,#2210,#986,.T.);
#2765=EDGE_CURVE('',#2232,#2158,#987,.T.);
#2766=EDGE_CURVE('',#2156,#2232,#988,.T.);
#2767=EDGE_CURVE('',#2160,#2233,#989,.T.);
#2768=EDGE_CURVE('',#2233,#2234,#990,.T.);
#2769=EDGE_CURVE('',#2235,#2234,#991,.T.);
#2770=EDGE_CURVE('',#2235,#2232,#1848,.T.);
#2771=EDGE_CURVE('',#2236,#2233,#992,.T.);
#2772=EDGE_CURVE('',#2164,#2237,#993,.T.);
#2773=EDGE_CURVE('',#2237,#2238,#1849,.T.);
#2774=EDGE_CURVE('',#2238,#2239,#994,.T.);
#2775=EDGE_CURVE('',#2239,#2240,#1850,.T.);
#2776=EDGE_CURVE('',#2240,#2241,#995,.T.);
#2777=EDGE_CURVE('',#2241,#2242,#1851,.T.);
#2778=EDGE_CURVE('',#2242,#2243,#996,.T.);
#2779=EDGE_CURVE('',#2243,#2244,#1852,.T.);
#2780=EDGE_CURVE('',#2244,#2245,#997,.T.);
#2781=EDGE_CURVE('',#2245,#2246,#1853,.T.);
#2782=EDGE_CURVE('',#2246,#2247,#998,.T.);
#2783=EDGE_CURVE('',#2247,#2248,#1854,.T.);
#2784=EDGE_CURVE('',#2248,#2249,#999,.T.);
#2785=EDGE_CURVE('',#2249,#2250,#1855,.T.);
#2786=EDGE_CURVE('',#2250,#2251,#1000,.T.);
#2787=EDGE_CURVE('',#2251,#2252,#1856,.T.);
#2788=EDGE_CURVE('',#2252,#2253,#1001,.T.);
#2789=EDGE_CURVE('',#2253,#2254,#1857,.T.);
#2790=EDGE_CURVE('',#2254,#2236,#1002,.T.);
#2791=EDGE_CURVE('',#2255,#2256,#1858,.T.);
#2792=EDGE_CURVE('',#2256,#2257,#1003,.T.);
#2793=EDGE_CURVE('',#2257,#2163,#1004,.T.);
#2794=EDGE_CURVE('',#2162,#2258,#1005,.T.);
#2795=EDGE_CURVE('',#2258,#2259,#1859,.T.);
#2796=EDGE_CURVE('',#2259,#2260,#1860,.T.);
#2797=EDGE_CURVE('',#2260,#2261,#1006,.T.);
#2798=EDGE_CURVE('',#2261,#2262,#1861,.T.);
#2799=EDGE_CURVE('',#2262,#2263,#1862,.T.);
#2800=EDGE_CURVE('',#2263,#2264,#1007,.T.);
#2801=EDGE_CURVE('',#2264,#2265,#1863,.T.);
#2802=EDGE_CURVE('',#2265,#2266,#1864,.T.);
#2803=EDGE_CURVE('',#2266,#2267,#1008,.T.);
#2804=EDGE_CURVE('',#2267,#2268,#1865,.T.);
#2805=EDGE_CURVE('',#2268,#2269,#1866,.T.);
#2806=EDGE_CURVE('',#2269,#2270,#1009,.T.);
#2807=EDGE_CURVE('',#2270,#2271,#1010,.T.);
#2808=EDGE_CURVE('',#2271,#2272,#1011,.T.);
#2809=EDGE_CURVE('',#2272,#2273,#1012,.T.);
#2810=EDGE_CURVE('',#2273,#2274,#1867,.T.);
#2811=EDGE_CURVE('',#2274,#2255,#1013,.T.);
#2812=EDGE_CURVE('',#2275,#2276,#1014,.T.);
#2813=EDGE_CURVE('',#2276,#2277,#93,.T.);
#2814=EDGE_CURVE('',#2277,#2278,#1015,.T.);
#2815=EDGE_CURVE('',#2278,#2279,#94,.T.);
#2816=EDGE_CURVE('',#2279,#2280,#1016,.T.);
#2817=EDGE_CURVE('',#2280,#2281,#95,.T.);
#2818=EDGE_CURVE('',#2281,#2282,#1017,.T.);
#2819=EDGE_CURVE('',#2282,#2275,#96,.T.);
#2820=EDGE_CURVE('',#2283,#2161,#1018,.T.);
#2821=EDGE_CURVE('',#2284,#2283,#1019,.T.);
#2822=EDGE_CURVE('',#2258,#2284,#1020,.T.);
#2823=EDGE_CURVE('',#2285,#2283,#1021,.T.);
#2824=EDGE_CURVE('',#2177,#2285,#1022,.T.);
#2825=EDGE_CURVE('',#2285,#2286,#1868,.T.);
#2826=EDGE_CURVE('',#2286,#2176,#1023,.T.);
#2827=EDGE_CURVE('',#2286,#2287,#1024,.T.);
#2828=EDGE_CURVE('',#2175,#2287,#1025,.T.);
#2829=EDGE_CURVE('',#2287,#2214,#1869,.T.);
#2830=EDGE_CURVE('',#2214,#2174,#1026,.T.);
#2831=EDGE_CURVE('',#2173,#2215,#1027,.T.);
#2832=EDGE_CURVE('',#2215,#2288,#1870,.T.);
#2833=EDGE_CURVE('',#2288,#2172,#1028,.T.);
#2834=EDGE_CURVE('',#2288,#2289,#1029,.T.);
#2835=EDGE_CURVE('',#2171,#2289,#1030,.T.);
#2836=EDGE_CURVE('',#2289,#2290,#1871,.T.);
#2837=EDGE_CURVE('',#2290,#2170,#1031,.T.);
#2838=EDGE_CURVE('',#2291,#2290,#1032,.T.);
#2839=EDGE_CURVE('',#2169,#2291,#1033,.T.);
#2840=EDGE_CURVE('',#2168,#2292,#1034,.T.);
#2841=EDGE_CURVE('',#2292,#2293,#1035,.T.);
#2842=EDGE_CURVE('',#2293,#2291,#1036,.T.);
#2843=EDGE_CURVE('',#2294,#2295,#1872,.T.);
#2844=EDGE_CURVE('',#2295,#2292,#1873,.T.);
#2845=EDGE_CURVE('',#2167,#2296,#1037,.T.);
#2846=EDGE_CURVE('',#2296,#2297,#1038,.T.);
#2847=EDGE_CURVE('',#2297,#2298,#1874,.T.);
#2848=EDGE_CURVE('',#2298,#2299,#1039,.T.);
#2849=EDGE_CURVE('',#2299,#2300,#1875,.T.);
#2850=EDGE_CURVE('',#2300,#2301,#1040,.T.);
#2851=EDGE_CURVE('',#2301,#2302,#1041,.T.);
#2852=EDGE_CURVE('',#2302,#2303,#1042,.T.);
#2853=EDGE_CURVE('',#2303,#2304,#1043,.T.);
#2854=EDGE_CURVE('',#2304,#2305,#1876,.T.);
#2855=EDGE_CURVE('',#2305,#2306,#1877,.T.);
#2856=EDGE_CURVE('',#2306,#2307,#1044,.T.);
#2857=EDGE_CURVE('',#2307,#2308,#1878,.T.);
#2858=EDGE_CURVE('',#2308,#2309,#1879,.T.);
#2859=EDGE_CURVE('',#2309,#2310,#1045,.T.);
#2860=EDGE_CURVE('',#2310,#2311,#1880,.T.);
#2861=EDGE_CURVE('',#2311,#2312,#1881,.T.);
#2862=EDGE_CURVE('',#2312,#2294,#1046,.T.);
#2863=EDGE_CURVE('',#2313,#2314,#1047,.T.);
#2864=EDGE_CURVE('',#2314,#2315,#97,.T.);
#2865=EDGE_CURVE('',#2315,#2316,#1048,.T.);
#2866=EDGE_CURVE('',#2316,#2317,#98,.T.);
#2867=EDGE_CURVE('',#2317,#2318,#1049,.T.);
#2868=EDGE_CURVE('',#2318,#2319,#99,.T.);
#2869=EDGE_CURVE('',#2319,#2320,#1050,.T.);
#2870=EDGE_CURVE('',#2320,#2313,#100,.T.);
#2871=EDGE_CURVE('',#2166,#2321,#1051,.T.);
#2872=EDGE_CURVE('',#2321,#2322,#101,.T.);
#2873=EDGE_CURVE('',#2322,#2296,#1882,.T.);
#2874=EDGE_CURVE('',#2257,#2323,#1883,.T.);
#2875=EDGE_CURVE('',#2323,#2237,#102,.T.);
#2876=EDGE_CURVE('',#2178,#2324,#1052,.T.);
#2877=EDGE_CURVE('',#2324,#2325,#1053,.T.);
#2878=EDGE_CURVE('',#2325,#2326,#1054,.T.);
#2879=EDGE_CURVE('',#2326,#2327,#1884,.T.);
#2880=EDGE_CURVE('',#2327,#2328,#1055,.T.);
#2881=EDGE_CURVE('',#2328,#2329,#1885,.T.);
#2882=EDGE_CURVE('',#2329,#2330,#1056,.T.);
#2883=EDGE_CURVE('',#2330,#2331,#1886,.T.);
#2884=EDGE_CURVE('',#2331,#2332,#1057,.T.);
#2885=EDGE_CURVE('',#2332,#2333,#1887,.T.);
#2886=EDGE_CURVE('',#2333,#2334,#1058,.T.);
#2887=EDGE_CURVE('',#2334,#2335,#1888,.T.);
#2888=EDGE_CURVE('',#2335,#2336,#1059,.T.);
#2889=EDGE_CURVE('',#2336,#2337,#1889,.T.);
#2890=EDGE_CURVE('',#2337,#2338,#1060,.T.);
#2891=EDGE_CURVE('',#2338,#2339,#1890,.T.);
#2892=EDGE_CURVE('',#2339,#2340,#1061,.T.);
#2893=EDGE_CURVE('',#2340,#2341,#1891,.T.);
#2894=EDGE_CURVE('',#2341,#2342,#1062,.T.);
#2895=EDGE_CURVE('',#2342,#2321,#1892,.T.);
#2896=EDGE_CURVE('',#2343,#2344,#1063,.T.);
#2897=EDGE_CURVE('',#2324,#2343,#1064,.T.);
#2898=EDGE_CURVE('',#2345,#2180,#1065,.T.);
#2899=EDGE_CURVE('',#2344,#2345,#1893,.T.);
#2900=EDGE_CURVE('',#2345,#2183,#1066,.T.);
#2901=EDGE_CURVE('',#2346,#2184,#1067,.T.);
#2902=EDGE_CURVE('',#2347,#2346,#1894,.T.);
#2903=EDGE_CURVE('',#2185,#2347,#1068,.T.);
#2904=EDGE_CURVE('',#2346,#2348,#1069,.T.);
#2905=EDGE_CURVE('',#2348,#2186,#1070,.T.);
#2906=EDGE_CURVE('',#2349,#2187,#1071,.T.);
#2907=EDGE_CURVE('',#2348,#2349,#1895,.T.);
#2908=EDGE_CURVE('',#2349,#2350,#1072,.T.);
#2909=EDGE_CURVE('',#2350,#2188,#1073,.T.);
#2910=EDGE_CURVE('',#2351,#2189,#1074,.T.);
#2911=EDGE_CURVE('',#2350,#2351,#1896,.T.);
#2912=EDGE_CURVE('',#2351,#2352,#1075,.T.);
#2913=EDGE_CURVE('',#2352,#2190,#1076,.T.);
#2914=EDGE_CURVE('',#2353,#2191,#1077,.T.);
#2915=EDGE_CURVE('',#2352,#2353,#1897,.T.);
#2916=EDGE_CURVE('',#2353,#2347,#1078,.T.);
#2917=EDGE_CURVE('',#2354,#2193,#1898,.T.);
#2918=EDGE_CURVE('',#2192,#2354,#1899,.T.);
#2919=EDGE_CURVE('',#2355,#2194,#1900,.T.);
#2920=EDGE_CURVE('',#2354,#2355,#1079,.T.);
#2921=EDGE_CURVE('',#2355,#2195,#1901,.T.);
#2922=EDGE_CURVE('',#2356,#2196,#1902,.T.);
#2923=EDGE_CURVE('',#2355,#2356,#1080,.T.);
#2924=EDGE_CURVE('',#2356,#2197,#1903,.T.);
#2925=EDGE_CURVE('',#2356,#2357,#1081,.T.);
#2926=EDGE_CURVE('',#2357,#2198,#1904,.T.);
#2927=EDGE_CURVE('',#2357,#2199,#1905,.T.);
#2928=EDGE_CURVE('',#2357,#2354,#1082,.T.);
#2929=EDGE_CURVE('',#2204,#2213,#1083,.T.);
#2930=EDGE_CURVE('',#2207,#2211,#1084,.T.);
#2931=EDGE_CURVE('',#2217,#2358,#1906,.T.);
#2932=EDGE_CURVE('',#2359,#2223,#1907,.T.);
#2933=EDGE_CURVE('',#2358,#2359,#1908,.T.);
#2934=EDGE_CURVE('',#2360,#2358,#1085,.T.);
#2935=EDGE_CURVE('',#2216,#2360,#1909,.T.);
#2936=EDGE_CURVE('',#2218,#2361,#1910,.T.);
#2937=EDGE_CURVE('',#2361,#2360,#1911,.T.);
#2938=EDGE_CURVE('',#2362,#2361,#1086,.T.);
#2939=EDGE_CURVE('',#2219,#2362,#1912,.T.);
#2940=EDGE_CURVE('',#2363,#2362,#1913,.T.);
#2941=EDGE_CURVE('',#2220,#2363,#1914,.T.);
#2942=EDGE_CURVE('',#2364,#2363,#1087,.T.);
#2943=EDGE_CURVE('',#2221,#2364,#1915,.T.);
#2944=EDGE_CURVE('',#2365,#2364,#1916,.T.);
#2945=EDGE_CURVE('',#2222,#2365,#1917,.T.);
#2946=EDGE_CURVE('',#2359,#2365,#1088,.T.);
#2947=EDGE_CURVE('',#2225,#2366,#1918,.T.);
#2948=EDGE_CURVE('',#2367,#2231,#1919,.T.);
#2949=EDGE_CURVE('',#2366,#2367,#1920,.T.);
#2950=EDGE_CURVE('',#2368,#2366,#1089,.T.);
#2951=EDGE_CURVE('',#2224,#2368,#1921,.T.);
#2952=EDGE_CURVE('',#2226,#2369,#1922,.T.);
#2953=EDGE_CURVE('',#2369,#2368,#1923,.T.);
#2954=EDGE_CURVE('',#2370,#2369,#1090,.T.);
#2955=EDGE_CURVE('',#2227,#2370,#1924,.T.);
#2956=EDGE_CURVE('',#2371,#2370,#1925,.T.);
#2957=EDGE_CURVE('',#2228,#2371,#1926,.T.);
#2958=EDGE_CURVE('',#2372,#2371,#1091,.T.);
#2959=EDGE_CURVE('',#2229,#2372,#1927,.T.);
#2960=EDGE_CURVE('',#2373,#2372,#1928,.T.);
#2961=EDGE_CURVE('',#2230,#2373,#1929,.T.);
#2962=EDGE_CURVE('',#2367,#2373,#1092,.T.);
#2963=EDGE_CURVE('',#2287,#2235,#1093,.T.);
#2964=EDGE_CURVE('',#2344,#2288,#1094,.T.);
#2965=EDGE_CURVE('',#2374,#2236,#1095,.T.);
#2966=EDGE_CURVE('',#2234,#2374,#1096,.T.);
#2967=EDGE_CURVE('',#2254,#2375,#1097,.T.);
#2968=EDGE_CURVE('',#2375,#2374,#1098,.T.);
#2969=EDGE_CURVE('',#2253,#2376,#1099,.T.);
#2970=EDGE_CURVE('',#2376,#2375,#1930,.T.);
#2971=EDGE_CURVE('',#2377,#2252,#1100,.T.);
#2972=EDGE_CURVE('',#2376,#2377,#1101,.T.);
#2973=EDGE_CURVE('',#2251,#2378,#1102,.T.);
#2974=EDGE_CURVE('',#2378,#2377,#1931,.T.);
#2975=EDGE_CURVE('',#2379,#2250,#1103,.T.);
#2976=EDGE_CURVE('',#2378,#2379,#1104,.T.);
#2977=EDGE_CURVE('',#2380,#2249,#15,.T.);
#2978=EDGE_CURVE('',#2381,#2380,#1105,.T.);
#2979=EDGE_CURVE('',#2381,#2382,#103,.T.);
#2980=EDGE_CURVE('',#2379,#2382,#1932,.T.);
#2981=EDGE_CURVE('',#2271,#2380,#1933,.T.);
#2982=EDGE_CURVE('',#2248,#2383,#104,.T.);
#2983=EDGE_CURVE('',#2383,#2272,#1934,.T.);
#2984=EDGE_CURVE('',#2384,#2385,#1935,.T.);
#2985=EDGE_CURVE('',#2384,#2386,#105,.T.);
#2986=EDGE_CURVE('',#2383,#2386,#1106,.T.);
#2987=EDGE_CURVE('',#2385,#2247,#1107,.T.);
#2988=EDGE_CURVE('',#2246,#2387,#1108,.T.);
#2989=EDGE_CURVE('',#2387,#2385,#1109,.T.);
#2990=EDGE_CURVE('',#2245,#2388,#1110,.T.);
#2991=EDGE_CURVE('',#2388,#2387,#1936,.T.);
#2992=EDGE_CURVE('',#2244,#2389,#1111,.T.);
#2993=EDGE_CURVE('',#2389,#2388,#1112,.T.);
#2994=EDGE_CURVE('',#2390,#2243,#1113,.T.);
#2995=EDGE_CURVE('',#2389,#2390,#1937,.T.);
#2996=EDGE_CURVE('',#2242,#2391,#1114,.T.);
#2997=EDGE_CURVE('',#2391,#2390,#1115,.T.);
#2998=EDGE_CURVE('',#2241,#2392,#1116,.T.);
#2999=EDGE_CURVE('',#2392,#2391,#1938,.T.);
#3000=EDGE_CURVE('',#2240,#2393,#1117,.T.);
#3001=EDGE_CURVE('',#2393,#2392,#1118,.T.);
#3002=EDGE_CURVE('',#2239,#2394,#1119,.T.);
#3003=EDGE_CURVE('',#2394,#2393,#1939,.T.);
#3004=EDGE_CURVE('',#2238,#2395,#1120,.T.);
#3005=EDGE_CURVE('',#2395,#2394,#1121,.T.);
#3006=EDGE_CURVE('',#2396,#2323,#1122,.T.);
#3007=EDGE_CURVE('',#2397,#2396,#106,.T.);
#3008=EDGE_CURVE('',#2395,#2397,#1940,.T.);
#3009=EDGE_CURVE('',#2276,#2398,#1941,.T.);
#3010=EDGE_CURVE('',#2398,#2399,#1942,.T.);
#3011=EDGE_CURVE('',#2399,#2277,#1943,.T.);
#3012=EDGE_CURVE('',#2400,#2398,#1123,.T.);
#3013=EDGE_CURVE('',#2275,#2400,#1944,.T.);
#3014=EDGE_CURVE('',#2282,#2401,#1945,.T.);
#3015=EDGE_CURVE('',#2401,#2400,#1946,.T.);
#3016=EDGE_CURVE('',#2402,#2401,#1124,.T.);
#3017=EDGE_CURVE('',#2281,#2402,#1947,.T.);
#3018=EDGE_CURVE('',#2280,#2403,#1948,.T.);
#3019=EDGE_CURVE('',#2403,#2402,#1949,.T.);
#3020=EDGE_CURVE('',#2404,#2403,#1125,.T.);
#3021=EDGE_CURVE('',#2279,#2404,#1950,.T.);
#3022=EDGE_CURVE('',#2278,#2405,#1951,.T.);
#3023=EDGE_CURVE('',#2405,#2404,#1952,.T.);
#3024=EDGE_CURVE('',#2399,#2405,#1126,.T.);
#3025=EDGE_CURVE('',#2406,#2255,#1127,.T.);
#3026=EDGE_CURVE('',#2407,#2406,#1953,.T.);
#3027=EDGE_CURVE('',#2256,#2407,#1128,.T.);
#3028=EDGE_CURVE('',#2406,#2408,#1129,.T.);
#3029=EDGE_CURVE('',#2408,#2274,#1130,.T.);
#3030=EDGE_CURVE('',#2409,#2273,#1131,.T.);
#3031=EDGE_CURVE('',#2408,#2409,#1954,.T.);
#3032=EDGE_CURVE('',#2270,#2410,#1132,.T.);
#3033=EDGE_CURVE('',#2410,#2411,#1133,.T.);
#3034=EDGE_CURVE('',#2411,#2381,#1955,.T.);
#3035=EDGE_CURVE('',#2410,#2412,#1134,.T.);
#3036=EDGE_CURVE('',#2412,#2269,#1135,.T.);
#3037=EDGE_CURVE('',#2268,#2413,#1136,.T.);
#3038=EDGE_CURVE('',#2413,#2412,#1956,.T.);
#3039=EDGE_CURVE('',#2414,#2267,#1137,.T.);
#3040=EDGE_CURVE('',#2413,#2414,#1957,.T.);
#3041=EDGE_CURVE('',#2414,#2415,#1138,.T.);
#3042=EDGE_CURVE('',#2415,#2266,#1139,.T.);
#3043=EDGE_CURVE('',#2416,#2265,#1140,.T.);
#3044=EDGE_CURVE('',#2415,#2416,#1958,.T.);
#3045=EDGE_CURVE('',#2264,#2417,#1141,.T.);
#3046=EDGE_CURVE('',#2417,#2416,#1959,.T.);
#3047=EDGE_CURVE('',#2417,#2418,#1142,.T.);
#3048=EDGE_CURVE('',#2418,#2263,#1143,.T.);
#3049=EDGE_CURVE('',#2262,#2419,#1144,.T.);
#3050=EDGE_CURVE('',#2419,#2418,#1960,.T.);
#3051=EDGE_CURVE('',#2420,#2261,#1145,.T.);
#3052=EDGE_CURVE('',#2419,#2420,#1961,.T.);
#3053=EDGE_CURVE('',#2420,#2421,#1146,.T.);
#3054=EDGE_CURVE('',#2421,#2260,#1147,.T.);
#3055=EDGE_CURVE('',#2422,#2259,#1148,.T.);
#3056=EDGE_CURVE('',#2421,#2422,#1962,.T.);
#3057=EDGE_CURVE('',#2284,#2422,#1963,.T.);
#3058=EDGE_CURVE('',#2409,#2423,#1149,.T.);
#3059=EDGE_CURVE('',#2423,#2411,#1150,.T.);
#3060=EDGE_CURVE('',#2285,#2424,#1151,.T.);
#3061=EDGE_CURVE('',#2424,#2407,#1152,.T.);
#3062=EDGE_CURVE('',#2425,#2426,#1153,.T.);
#3063=EDGE_CURVE('',#2426,#2427,#1964,.T.);
#3064=EDGE_CURVE('',#2427,#2428,#1154,.T.);
#3065=EDGE_CURVE('',#2428,#2429,#1965,.T.);
#3066=EDGE_CURVE('',#2429,#2430,#1155,.T.);
#3067=EDGE_CURVE('',#2430,#2431,#1966,.T.);
#3068=EDGE_CURVE('',#2431,#2432,#1156,.T.);
#3069=EDGE_CURVE('',#2432,#2425,#1967,.T.);
#3070=EDGE_CURVE('',#2397,#2286,#1157,.T.);
#3071=EDGE_CURVE('',#2424,#2396,#1968,.T.);
#3072=EDGE_CURVE('',#2289,#2433,#1158,.T.);
#3073=EDGE_CURVE('',#2434,#2290,#1159,.T.);
#3074=EDGE_CURVE('',#2435,#2434,#1969,.T.);
#3075=EDGE_CURVE('',#2433,#2435,#107,.T.);
#3076=EDGE_CURVE('',#2436,#2437,#1970,.T.);
#3077=EDGE_CURVE('',#2437,#2438,#1160,.T.);
#3078=EDGE_CURVE('',#2438,#2439,#1161,.T.);
#3079=EDGE_CURVE('',#2439,#2440,#1162,.T.);
#3080=EDGE_CURVE('',#2440,#2441,#1163,.T.);
#3081=EDGE_CURVE('',#2441,#2442,#1971,.T.);
#3082=EDGE_CURVE('',#2442,#2443,#1164,.T.);
#3083=EDGE_CURVE('',#2443,#2444,#1972,.T.);
#3084=EDGE_CURVE('',#2444,#2434,#1165,.T.);
#3085=EDGE_CURVE('',#2293,#2445,#1973,.T.);
#3086=EDGE_CURVE('',#2445,#2446,#1974,.T.);
#3087=EDGE_CURVE('',#2446,#2447,#1166,.T.);
#3088=EDGE_CURVE('',#2447,#2448,#1975,.T.);
#3089=EDGE_CURVE('',#2448,#2449,#1976,.T.);
#3090=EDGE_CURVE('',#2449,#2450,#1167,.T.);
#3091=EDGE_CURVE('',#2450,#2451,#1977,.T.);
#3092=EDGE_CURVE('',#2451,#2452,#1978,.T.);
#3093=EDGE_CURVE('',#2452,#2453,#1168,.T.);
#3094=EDGE_CURVE('',#2453,#2436,#1979,.T.);
#3095=EDGE_CURVE('',#2454,#2455,#1169,.T.);
#3096=EDGE_CURVE('',#2455,#2456,#1980,.T.);
#3097=EDGE_CURVE('',#2456,#2457,#1170,.T.);
#3098=EDGE_CURVE('',#2457,#2458,#1981,.T.);
#3099=EDGE_CURVE('',#2458,#2459,#1171,.T.);
#3100=EDGE_CURVE('',#2459,#2460,#1982,.T.);
#3101=EDGE_CURVE('',#2460,#2461,#1172,.T.);
#3102=EDGE_CURVE('',#2461,#2454,#1983,.T.);
#3103=EDGE_CURVE('',#2445,#2295,#1173,.T.);
#3104=EDGE_CURVE('',#2314,#2462,#1984,.T.);
#3105=EDGE_CURVE('',#2462,#2463,#1985,.T.);
#3106=EDGE_CURVE('',#2463,#2315,#1986,.T.);
#3107=EDGE_CURVE('',#2464,#2462,#1174,.T.);
#3108=EDGE_CURVE('',#2313,#2464,#1987,.T.);
#3109=EDGE_CURVE('',#2320,#2465,#1988,.T.);
#3110=EDGE_CURVE('',#2465,#2464,#1989,.T.);
#3111=EDGE_CURVE('',#2466,#2465,#1175,.T.);
#3112=EDGE_CURVE('',#2319,#2466,#1990,.T.);
#3113=EDGE_CURVE('',#2318,#2467,#1991,.T.);
#3114=EDGE_CURVE('',#2467,#2466,#1992,.T.);
#3115=EDGE_CURVE('',#2468,#2467,#1176,.T.);
#3116=EDGE_CURVE('',#2317,#2468,#1993,.T.);
#3117=EDGE_CURVE('',#2316,#2469,#1994,.T.);
#3118=EDGE_CURVE('',#2469,#2468,#1995,.T.);
#3119=EDGE_CURVE('',#2463,#2469,#1177,.T.);
#3120=EDGE_CURVE('',#2294,#2446,#1178,.T.);
#3121=EDGE_CURVE('',#2312,#2447,#1179,.T.);
#3122=EDGE_CURVE('',#2311,#2448,#1180,.T.);
#3123=EDGE_CURVE('',#2449,#2310,#1181,.T.);
#3124=EDGE_CURVE('',#2309,#2450,#1182,.T.);
#3125=EDGE_CURVE('',#2451,#2308,#1183,.T.);
#3126=EDGE_CURVE('',#2307,#2452,#1184,.T.);
#3127=EDGE_CURVE('',#2306,#2453,#1185,.T.);
#3128=EDGE_CURVE('',#2305,#2436,#1186,.T.);
#3129=EDGE_CURVE('',#2437,#2304,#1187,.T.);
#3130=EDGE_CURVE('',#2303,#2438,#1188,.T.);
#3131=EDGE_CURVE('',#2302,#2470,#1996,.T.);
#3132=EDGE_CURVE('',#2470,#2471,#1189,.T.);
#3133=EDGE_CURVE('',#2471,#2439,#1997,.T.);
#3134=EDGE_CURVE('',#2301,#2472,#1998,.T.);
#3135=EDGE_CURVE('',#2472,#2332,#108,.T.);
#3136=EDGE_CURVE('',#2331,#2470,#16,.T.);
#3137=EDGE_CURVE('',#2442,#2299,#1190,.T.);
#3138=EDGE_CURVE('',#2300,#2441,#1191,.T.);
#3139=EDGE_CURVE('',#2443,#2298,#1192,.T.);
#3140=EDGE_CURVE('',#2444,#2297,#1193,.T.);
#3141=EDGE_CURVE('',#2435,#2322,#1194,.T.);
#3142=EDGE_CURVE('',#2433,#2473,#1999,.T.);
#3143=EDGE_CURVE('',#2473,#2342,#1195,.T.);
#3144=EDGE_CURVE('',#2474,#2341,#1196,.T.);
#3145=EDGE_CURVE('',#2473,#2474,#1197,.T.);
#3146=EDGE_CURVE('',#2475,#2474,#2000,.T.);
#3147=EDGE_CURVE('',#2340,#2475,#1198,.T.);
#3148=EDGE_CURVE('',#2476,#2339,#1199,.T.);
#3149=EDGE_CURVE('',#2475,#2476,#1200,.T.);
#3150=EDGE_CURVE('',#2477,#2476,#2001,.T.);
#3151=EDGE_CURVE('',#2338,#2477,#1201,.T.);
#3152=EDGE_CURVE('',#2478,#2337,#1202,.T.);
#3153=EDGE_CURVE('',#2477,#2478,#1203,.T.);
#3154=EDGE_CURVE('',#2478,#2479,#2002,.T.);
#3155=EDGE_CURVE('',#2479,#2336,#1204,.T.);
#3156=EDGE_CURVE('',#2480,#2335,#1205,.T.);
#3157=EDGE_CURVE('',#2479,#2480,#1206,.T.);
#3158=EDGE_CURVE('',#2481,#2480,#2003,.T.);
#3159=EDGE_CURVE('',#2334,#2481,#1207,.T.);
#3160=EDGE_CURVE('',#2482,#2333,#1208,.T.);
#3161=EDGE_CURVE('',#2481,#2482,#1209,.T.);
#3162=EDGE_CURVE('',#2483,#2472,#1210,.T.);
#3163=EDGE_CURVE('',#2484,#2483,#109,.T.);
#3164=EDGE_CURVE('',#2482,#2484,#2004,.T.);
#3165=EDGE_CURVE('',#2485,#2486,#2005,.T.);
#3166=EDGE_CURVE('',#2471,#2485,#110,.T.);
#3167=EDGE_CURVE('',#2486,#2330,#1211,.T.);
#3168=EDGE_CURVE('',#2329,#2487,#1212,.T.);
#3169=EDGE_CURVE('',#2487,#2486,#1213,.T.);
#3170=EDGE_CURVE('',#2488,#2487,#2006,.T.);
#3171=EDGE_CURVE('',#2328,#2488,#1214,.T.);
#3172=EDGE_CURVE('',#2327,#2489,#1215,.T.);
#3173=EDGE_CURVE('',#2489,#2488,#1216,.T.);
#3174=EDGE_CURVE('',#2490,#2489,#2007,.T.);
#3175=EDGE_CURVE('',#2326,#2490,#1217,.T.);
#3176=EDGE_CURVE('',#2325,#2491,#1218,.T.);
#3177=EDGE_CURVE('',#2491,#2490,#1219,.T.);
#3178=EDGE_CURVE('',#2343,#2491,#1220,.T.);
#3179=EDGE_CURVE('',#2492,#2346,#2008,.T.);
#3180=EDGE_CURVE('',#2347,#2492,#2009,.T.);
#3181=EDGE_CURVE('',#2492,#2493,#1221,.T.);
#3182=EDGE_CURVE('',#2493,#2348,#2010,.T.);
#3183=EDGE_CURVE('',#2493,#2349,#2011,.T.);
#3184=EDGE_CURVE('',#2494,#2350,#2012,.T.);
#3185=EDGE_CURVE('',#2493,#2494,#1222,.T.);
#3186=EDGE_CURVE('',#2494,#2351,#2013,.T.);
#3187=EDGE_CURVE('',#2494,#2495,#1223,.T.);
#3188=EDGE_CURVE('',#2495,#2352,#2014,.T.);
#3189=EDGE_CURVE('',#2495,#2353,#2015,.T.);
#3190=EDGE_CURVE('',#2495,#2492,#1224,.T.);
#3191=EDGE_CURVE('',#2359,#2496,#1225,.T.);
#3192=EDGE_CURVE('',#2496,#2497,#2016,.T.);
#3193=EDGE_CURVE('',#2497,#2358,#1226,.T.);
#3194=EDGE_CURVE('',#2498,#2497,#1227,.T.);
#3195=EDGE_CURVE('',#2360,#2498,#1228,.T.);
#3196=EDGE_CURVE('',#2498,#2499,#2017,.T.);
#3197=EDGE_CURVE('',#2499,#2361,#1229,.T.);
#3198=EDGE_CURVE('',#2499,#2500,#1230,.T.);
#3199=EDGE_CURVE('',#2500,#2362,#1231,.T.);
#3200=EDGE_CURVE('',#2500,#2501,#2018,.T.);
#3201=EDGE_CURVE('',#2501,#2363,#1232,.T.);
#3202=EDGE_CURVE('',#2501,#2502,#1233,.T.);
#3203=EDGE_CURVE('',#2502,#2364,#1234,.T.);
#3204=EDGE_CURVE('',#2503,#2365,#1235,.T.);
#3205=EDGE_CURVE('',#2502,#2503,#2019,.T.);
#3206=EDGE_CURVE('',#2503,#2496,#1236,.T.);
#3207=EDGE_CURVE('',#2367,#2504,#1237,.T.);
#3208=EDGE_CURVE('',#2504,#2505,#2020,.T.);
#3209=EDGE_CURVE('',#2505,#2366,#1238,.T.);
#3210=EDGE_CURVE('',#2506,#2368,#1239,.T.);
#3211=EDGE_CURVE('',#2505,#2506,#1240,.T.);
#3212=EDGE_CURVE('',#2506,#2507,#2021,.T.);
#3213=EDGE_CURVE('',#2507,#2369,#1241,.T.);
#3214=EDGE_CURVE('',#2508,#2370,#1242,.T.);
#3215=EDGE_CURVE('',#2507,#2508,#1243,.T.);
#3216=EDGE_CURVE('',#2508,#2509,#2022,.T.);
#3217=EDGE_CURVE('',#2509,#2371,#1244,.T.);
#3218=EDGE_CURVE('',#2509,#2510,#1245,.T.);
#3219=EDGE_CURVE('',#2510,#2372,#1246,.T.);
#3220=EDGE_CURVE('',#2510,#2511,#2023,.T.);
#3221=EDGE_CURVE('',#2511,#2373,#1247,.T.);
#3222=EDGE_CURVE('',#2504,#2511,#1248,.T.);
#3223=EDGE_CURVE('',#2382,#2384,#1249,.T.);
#3224=EDGE_CURVE('',#2484,#2485,#1250,.T.);
#3225=EDGE_CURVE('',#2423,#2386,#2024,.T.);
#3226=EDGE_CURVE('',#2512,#2398,#1251,.T.);
#3227=EDGE_CURVE('',#2513,#2512,#2025,.T.);
#3228=EDGE_CURVE('',#2399,#2513,#1252,.T.);
#3229=EDGE_CURVE('',#2512,#2514,#1253,.T.);
#3230=EDGE_CURVE('',#2514,#2400,#1254,.T.);
#3231=EDGE_CURVE('',#2515,#2401,#1255,.T.);
#3232=EDGE_CURVE('',#2514,#2515,#2026,.T.);
#3233=EDGE_CURVE('',#2515,#2516,#1256,.T.);
#3234=EDGE_CURVE('',#2516,#2402,#1257,.T.);
#3235=EDGE_CURVE('',#2517,#2403,#1258,.T.);
#3236=EDGE_CURVE('',#2516,#2517,#2027,.T.);
#3237=EDGE_CURVE('',#2517,#2518,#1259,.T.);
#3238=EDGE_CURVE('',#2518,#2404,#1260,.T.);
#3239=EDGE_CURVE('',#2519,#2405,#1261,.T.);
#3240=EDGE_CURVE('',#2518,#2519,#2028,.T.);
#3241=EDGE_CURVE('',#2519,#2513,#1262,.T.);
#3242=EDGE_CURVE('',#2520,#2521,#2029,.T.);
#3243=EDGE_CURVE('',#2521,#2427,#1263,.T.);
#3244=EDGE_CURVE('',#2426,#2520,#1264,.T.);
#3245=EDGE_CURVE('',#2522,#2520,#1265,.T.);
#3246=EDGE_CURVE('',#2425,#2522,#1266,.T.);
#3247=EDGE_CURVE('',#2432,#2523,#1267,.T.);
#3248=EDGE_CURVE('',#2523,#2522,#2030,.T.);
#3249=EDGE_CURVE('',#2523,#2524,#1268,.T.);
#3250=EDGE_CURVE('',#2524,#2431,#1269,.T.);
#3251=EDGE_CURVE('',#2430,#2525,#1270,.T.);
#3252=EDGE_CURVE('',#2525,#2524,#2031,.T.);
#3253=EDGE_CURVE('',#2526,#2525,#1271,.T.);
#3254=EDGE_CURVE('',#2429,#2526,#1272,.T.);
#3255=EDGE_CURVE('',#2428,#2527,#1273,.T.);
#3256=EDGE_CURVE('',#2527,#2526,#2032,.T.);
#3257=EDGE_CURVE('',#2521,#2527,#1274,.T.);
#3258=EDGE_CURVE('',#2528,#2529,#2033,.T.);
#3259=EDGE_CURVE('',#2529,#2456,#1275,.T.);
#3260=EDGE_CURVE('',#2455,#2528,#1276,.T.);
#3261=EDGE_CURVE('',#2530,#2528,#1277,.T.);
#3262=EDGE_CURVE('',#2454,#2530,#1278,.T.);
#3263=EDGE_CURVE('',#2461,#2531,#1279,.T.);
#3264=EDGE_CURVE('',#2531,#2530,#2034,.T.);
#3265=EDGE_CURVE('',#2531,#2532,#1280,.T.);
#3266=EDGE_CURVE('',#2532,#2460,#1281,.T.);
#3267=EDGE_CURVE('',#2459,#2533,#1282,.T.);
#3268=EDGE_CURVE('',#2533,#2532,#2035,.T.);
#3269=EDGE_CURVE('',#2534,#2533,#1283,.T.);
#3270=EDGE_CURVE('',#2458,#2534,#1284,.T.);
#3271=EDGE_CURVE('',#2457,#2535,#1285,.T.);
#3272=EDGE_CURVE('',#2535,#2534,#2036,.T.);
#3273=EDGE_CURVE('',#2529,#2535,#1286,.T.);
#3274=EDGE_CURVE('',#2440,#2483,#2037,.T.);
#3275=EDGE_CURVE('',#2463,#2536,#1287,.T.);
#3276=EDGE_CURVE('',#2537,#2462,#1288,.T.);
#3277=EDGE_CURVE('',#2536,#2537,#2038,.T.);
#3278=EDGE_CURVE('',#2537,#2538,#1289,.T.);
#3279=EDGE_CURVE('',#2538,#2464,#1290,.T.);
#3280=EDGE_CURVE('',#2539,#2465,#1291,.T.);
#3281=EDGE_CURVE('',#2538,#2539,#2039,.T.);
#3282=EDGE_CURVE('',#2539,#2540,#1292,.T.);
#3283=EDGE_CURVE('',#2540,#2466,#1293,.T.);
#3284=EDGE_CURVE('',#2541,#2467,#1294,.T.);
#3285=EDGE_CURVE('',#2540,#2541,#2040,.T.);
#3286=EDGE_CURVE('',#2541,#2542,#1295,.T.);
#3287=EDGE_CURVE('',#2542,#2468,#1296,.T.);
#3288=EDGE_CURVE('',#2543,#2469,#1297,.T.);
#3289=EDGE_CURVE('',#2542,#2543,#2041,.T.);
#3290=EDGE_CURVE('',#2543,#2536,#1298,.T.);
#3291=EDGE_CURVE('',#2496,#2544,#2042,.T.);
#3292=EDGE_CURVE('',#2544,#2497,#2043,.T.);
#3293=EDGE_CURVE('',#2545,#2498,#2044,.T.);
#3294=EDGE_CURVE('',#2544,#2545,#1299,.T.);
#3295=EDGE_CURVE('',#2545,#2499,#2045,.T.);
#3296=EDGE_CURVE('',#2545,#2546,#1300,.T.);
#3297=EDGE_CURVE('',#2546,#2500,#2046,.T.);
#3298=EDGE_CURVE('',#2546,#2501,#2047,.T.);
#3299=EDGE_CURVE('',#2546,#2547,#1301,.T.);
#3300=EDGE_CURVE('',#2547,#2502,#2048,.T.);
#3301=EDGE_CURVE('',#2547,#2503,#2049,.T.);
#3302=EDGE_CURVE('',#2547,#2544,#1302,.T.);
#3303=EDGE_CURVE('',#2504,#2548,#2050,.T.);
#3304=EDGE_CURVE('',#2548,#2505,#2051,.T.);
#3305=EDGE_CURVE('',#2549,#2506,#2052,.T.);
#3306=EDGE_CURVE('',#2548,#2549,#1303,.T.);
#3307=EDGE_CURVE('',#2549,#2507,#2053,.T.);
#3308=EDGE_CURVE('',#2550,#2508,#2054,.T.);
#3309=EDGE_CURVE('',#2549,#2550,#1304,.T.);
#3310=EDGE_CURVE('',#2550,#2509,#2055,.T.);
#3311=EDGE_CURVE('',#2551,#2510,#2056,.T.);
#3312=EDGE_CURVE('',#2550,#2551,#1305,.T.);
#3313=EDGE_CURVE('',#2551,#2511,#2057,.T.);
#3314=EDGE_CURVE('',#2551,#2548,#1306,.T.);
#3315=EDGE_CURVE('',#2552,#2512,#2058,.T.);
#3316=EDGE_CURVE('',#2513,#2552,#2059,.T.);
#3317=EDGE_CURVE('',#2553,#2514,#2060,.T.);
#3318=EDGE_CURVE('',#2552,#2553,#1307,.T.);
#3319=EDGE_CURVE('',#2553,#2515,#2061,.T.);
#3320=EDGE_CURVE('',#2553,#2554,#1308,.T.);
#3321=EDGE_CURVE('',#2554,#2516,#2062,.T.);
#3322=EDGE_CURVE('',#2554,#2517,#2063,.T.);
#3323=EDGE_CURVE('',#2554,#2555,#1309,.T.);
#3324=EDGE_CURVE('',#2555,#2518,#2064,.T.);
#3325=EDGE_CURVE('',#2555,#2519,#2065,.T.);
#3326=EDGE_CURVE('',#2555,#2552,#1310,.T.);
#3327=EDGE_CURVE('',#2520,#2556,#2066,.T.);
#3328=EDGE_CURVE('',#2556,#2521,#2067,.T.);
#3329=EDGE_CURVE('',#2557,#2556,#1311,.T.);
#3330=EDGE_CURVE('',#2522,#2557,#2068,.T.);
#3331=EDGE_CURVE('',#2523,#2557,#2069,.T.);
#3332=EDGE_CURVE('',#2524,#2558,#2070,.T.);
#3333=EDGE_CURVE('',#2558,#2557,#1312,.T.);
#3334=EDGE_CURVE('',#2525,#2558,#2071,.T.);
#3335=EDGE_CURVE('',#2526,#2559,#2072,.T.);
#3336=EDGE_CURVE('',#2559,#2558,#1313,.T.);
#3337=EDGE_CURVE('',#2527,#2559,#2073,.T.);
#3338=EDGE_CURVE('',#2556,#2559,#1314,.T.);
#3339=EDGE_CURVE('',#2560,#2529,#2074,.T.);
#3340=EDGE_CURVE('',#2528,#2560,#2075,.T.);
#3341=EDGE_CURVE('',#2561,#2560,#1315,.T.);
#3342=EDGE_CURVE('',#2530,#2561,#2076,.T.);
#3343=EDGE_CURVE('',#2531,#2561,#2077,.T.);
#3344=EDGE_CURVE('',#2562,#2561,#1316,.T.);
#3345=EDGE_CURVE('',#2532,#2562,#2078,.T.);
#3346=EDGE_CURVE('',#2533,#2562,#2079,.T.);
#3347=EDGE_CURVE('',#2534,#2563,#2080,.T.);
#3348=EDGE_CURVE('',#2563,#2562,#1317,.T.);
#3349=EDGE_CURVE('',#2535,#2563,#2081,.T.);
#3350=EDGE_CURVE('',#2560,#2563,#1318,.T.);
#3351=EDGE_CURVE('',#2564,#2537,#2082,.T.);
#3352=EDGE_CURVE('',#2536,#2564,#2083,.T.);
#3353=EDGE_CURVE('',#2565,#2538,#2084,.T.);
#3354=EDGE_CURVE('',#2564,#2565,#1319,.T.);
#3355=EDGE_CURVE('',#2565,#2539,#2085,.T.);
#3356=EDGE_CURVE('',#2565,#2566,#1320,.T.);
#3357=EDGE_CURVE('',#2566,#2540,#2086,.T.);
#3358=EDGE_CURVE('',#2566,#2541,#2087,.T.);
#3359=EDGE_CURVE('',#2566,#2567,#1321,.T.);
#3360=EDGE_CURVE('',#2567,#2542,#2088,.T.);
#3361=EDGE_CURVE('',#2567,#2543,#2089,.T.);
#3362=EDGE_CURVE('',#2567,#2564,#1322,.T.);
#3363=ORIENTED_EDGE('',*,*,#2568,.F.);
#3364=ORIENTED_EDGE('',*,*,#2569,.F.);
#3365=ORIENTED_EDGE('',*,*,#2570,.F.);
#3366=ORIENTED_EDGE('',*,*,#2571,.F.);
#3367=ORIENTED_EDGE('',*,*,#2572,.T.);
#3368=ORIENTED_EDGE('',*,*,#2573,.T.);
#3369=ORIENTED_EDGE('',*,*,#2574,.T.);
#3370=ORIENTED_EDGE('',*,*,#2575,.T.);
#3371=ORIENTED_EDGE('',*,*,#2576,.T.);
#3372=ORIENTED_EDGE('',*,*,#2577,.T.);
#3373=ORIENTED_EDGE('',*,*,#2578,.T.);
#3374=ORIENTED_EDGE('',*,*,#2579,.T.);
#3375=ORIENTED_EDGE('',*,*,#2580,.T.);
#3376=ORIENTED_EDGE('',*,*,#2581,.T.);
#3377=ORIENTED_EDGE('',*,*,#2582,.T.);
#3378=ORIENTED_EDGE('',*,*,#2583,.T.);
#3379=ORIENTED_EDGE('',*,*,#2568,.T.);
#3380=ORIENTED_EDGE('',*,*,#2584,.T.);
#3381=ORIENTED_EDGE('',*,*,#2585,.T.);
#3382=ORIENTED_EDGE('',*,*,#2586,.T.);
#3383=ORIENTED_EDGE('',*,*,#2587,.T.);
#3384=ORIENTED_EDGE('',*,*,#2588,.T.);
#3385=ORIENTED_EDGE('',*,*,#2589,.T.);
#3386=ORIENTED_EDGE('',*,*,#2590,.T.);
#3387=ORIENTED_EDGE('',*,*,#2591,.T.);
#3388=ORIENTED_EDGE('',*,*,#2592,.T.);
#3389=ORIENTED_EDGE('',*,*,#2593,.T.);
#3390=ORIENTED_EDGE('',*,*,#2594,.T.);
#3391=ORIENTED_EDGE('',*,*,#2595,.T.);
#3392=ORIENTED_EDGE('',*,*,#2596,.T.);
#3393=ORIENTED_EDGE('',*,*,#2597,.T.);
#3394=ORIENTED_EDGE('',*,*,#2598,.T.);
#3395=ORIENTED_EDGE('',*,*,#2599,.T.);
#3396=ORIENTED_EDGE('',*,*,#2600,.T.);
#3397=ORIENTED_EDGE('',*,*,#2601,.T.);
#3398=ORIENTED_EDGE('',*,*,#2602,.T.);
#3399=ORIENTED_EDGE('',*,*,#2603,.T.);
#3400=ORIENTED_EDGE('',*,*,#2604,.T.);
#3401=ORIENTED_EDGE('',*,*,#2605,.T.);
#3402=ORIENTED_EDGE('',*,*,#2606,.T.);
#3403=ORIENTED_EDGE('',*,*,#2607,.T.);
#3404=ORIENTED_EDGE('',*,*,#2598,.F.);
#3405=ORIENTED_EDGE('',*,*,#2605,.F.);
#3406=ORIENTED_EDGE('',*,*,#2597,.F.);
#3407=ORIENTED_EDGE('',*,*,#2608,.T.);
#3408=ORIENTED_EDGE('',*,*,#2609,.T.);
#3409=ORIENTED_EDGE('',*,*,#2604,.F.);
#3410=ORIENTED_EDGE('',*,*,#2610,.T.);
#3411=ORIENTED_EDGE('',*,*,#2611,.T.);
#3412=ORIENTED_EDGE('',*,*,#2608,.F.);
#3413=ORIENTED_EDGE('',*,*,#2610,.F.);
#3414=ORIENTED_EDGE('',*,*,#2603,.F.);
#3415=ORIENTED_EDGE('',*,*,#2612,.T.);
#3416=ORIENTED_EDGE('',*,*,#2613,.T.);
#3417=ORIENTED_EDGE('',*,*,#2602,.F.);
#3418=ORIENTED_EDGE('',*,*,#2614,.T.);
#3419=ORIENTED_EDGE('',*,*,#2615,.T.);
#3420=ORIENTED_EDGE('',*,*,#2612,.F.);
#3421=ORIENTED_EDGE('',*,*,#2614,.F.);
#3422=ORIENTED_EDGE('',*,*,#2601,.F.);
#3423=ORIENTED_EDGE('',*,*,#2616,.T.);
#3424=ORIENTED_EDGE('',*,*,#2617,.T.);
#3425=ORIENTED_EDGE('',*,*,#2600,.F.);
#3426=ORIENTED_EDGE('',*,*,#2618,.T.);
#3427=ORIENTED_EDGE('',*,*,#2619,.T.);
#3428=ORIENTED_EDGE('',*,*,#2616,.F.);
#3429=ORIENTED_EDGE('',*,*,#2618,.F.);
#3430=ORIENTED_EDGE('',*,*,#2599,.F.);
#3431=ORIENTED_EDGE('',*,*,#2607,.F.);
#3432=ORIENTED_EDGE('',*,*,#2620,.T.);
#3433=ORIENTED_EDGE('',*,*,#2621,.T.);
#3434=ORIENTED_EDGE('',*,*,#2622,.T.);
#3435=ORIENTED_EDGE('',*,*,#2623,.T.);
#3436=ORIENTED_EDGE('',*,*,#2573,.F.);
#3437=ORIENTED_EDGE('',*,*,#2572,.F.);
#3438=ORIENTED_EDGE('',*,*,#2624,.F.);
#3439=ORIENTED_EDGE('',*,*,#2625,.T.);
#3440=ORIENTED_EDGE('',*,*,#2621,.F.);
#3441=ORIENTED_EDGE('',*,*,#2626,.T.);
#3442=ORIENTED_EDGE('',*,*,#2627,.T.);
#3443=ORIENTED_EDGE('',*,*,#2624,.T.);
#3444=ORIENTED_EDGE('',*,*,#2588,.F.);
#3445=ORIENTED_EDGE('',*,*,#2587,.F.);
#3446=ORIENTED_EDGE('',*,*,#2628,.F.);
#3447=ORIENTED_EDGE('',*,*,#2629,.T.);
#3448=ORIENTED_EDGE('',*,*,#2626,.F.);
#3449=ORIENTED_EDGE('',*,*,#2630,.T.);
#3450=ORIENTED_EDGE('',*,*,#2631,.T.);
#3451=ORIENTED_EDGE('',*,*,#2586,.F.);
#3452=ORIENTED_EDGE('',*,*,#2632,.T.);
#3453=ORIENTED_EDGE('',*,*,#2633,.T.);
#3454=ORIENTED_EDGE('',*,*,#2634,.T.);
#3455=ORIENTED_EDGE('',*,*,#2635,.T.);
#3456=ORIENTED_EDGE('',*,*,#2636,.T.);
#3457=ORIENTED_EDGE('',*,*,#2637,.T.);
#3458=ORIENTED_EDGE('',*,*,#2638,.T.);
#3459=ORIENTED_EDGE('',*,*,#2639,.T.);
#3460=ORIENTED_EDGE('',*,*,#2632,.F.);
#3461=ORIENTED_EDGE('',*,*,#2585,.F.);
#3462=ORIENTED_EDGE('',*,*,#2640,.T.);
#3463=ORIENTED_EDGE('',*,*,#2641,.T.);
#3464=ORIENTED_EDGE('',*,*,#2642,.T.);
#3465=ORIENTED_EDGE('',*,*,#2640,.F.);
#3466=ORIENTED_EDGE('',*,*,#2584,.F.);
#3467=ORIENTED_EDGE('',*,*,#2643,.T.);
#3468=ORIENTED_EDGE('',*,*,#2644,.T.);
#3469=ORIENTED_EDGE('',*,*,#2569,.T.);
#3470=ORIENTED_EDGE('',*,*,#2583,.F.);
#3471=ORIENTED_EDGE('',*,*,#2645,.F.);
#3472=ORIENTED_EDGE('',*,*,#2646,.F.);
#3473=ORIENTED_EDGE('',*,*,#2582,.F.);
#3474=ORIENTED_EDGE('',*,*,#2647,.F.);
#3475=ORIENTED_EDGE('',*,*,#2648,.F.);
#3476=ORIENTED_EDGE('',*,*,#2645,.T.);
#3477=ORIENTED_EDGE('',*,*,#2647,.T.);
#3478=ORIENTED_EDGE('',*,*,#2581,.F.);
#3479=ORIENTED_EDGE('',*,*,#2649,.F.);
#3480=ORIENTED_EDGE('',*,*,#2650,.F.);
#3481=ORIENTED_EDGE('',*,*,#2580,.F.);
#3482=ORIENTED_EDGE('',*,*,#2651,.T.);
#3483=ORIENTED_EDGE('',*,*,#2652,.T.);
#3484=ORIENTED_EDGE('',*,*,#2649,.T.);
#3485=ORIENTED_EDGE('',*,*,#2653,.T.);
#3486=ORIENTED_EDGE('',*,*,#2654,.T.);
#3487=ORIENTED_EDGE('',*,*,#2655,.T.);
#3488=ORIENTED_EDGE('',*,*,#2656,.T.);
#3489=ORIENTED_EDGE('',*,*,#2651,.F.);
#3490=ORIENTED_EDGE('',*,*,#2579,.F.);
#3491=ORIENTED_EDGE('',*,*,#2657,.T.);
#3492=ORIENTED_EDGE('',*,*,#2653,.F.);
#3493=ORIENTED_EDGE('',*,*,#2578,.F.);
#3494=ORIENTED_EDGE('',*,*,#2658,.T.);
#3495=ORIENTED_EDGE('',*,*,#2659,.T.);
#3496=ORIENTED_EDGE('',*,*,#2660,.T.);
#3497=ORIENTED_EDGE('',*,*,#2661,.T.);
#3498=ORIENTED_EDGE('',*,*,#2662,.T.);
#3499=ORIENTED_EDGE('',*,*,#2663,.T.);
#3500=ORIENTED_EDGE('',*,*,#2664,.T.);
#3501=ORIENTED_EDGE('',*,*,#2658,.F.);
#3502=ORIENTED_EDGE('',*,*,#2577,.F.);
#3503=ORIENTED_EDGE('',*,*,#2665,.T.);
#3504=ORIENTED_EDGE('',*,*,#2666,.F.);
#3505=ORIENTED_EDGE('',*,*,#2667,.T.);
#3506=ORIENTED_EDGE('',*,*,#2668,.T.);
#3507=ORIENTED_EDGE('',*,*,#2669,.T.);
#3508=ORIENTED_EDGE('',*,*,#2670,.T.);
#3509=ORIENTED_EDGE('',*,*,#2671,.T.);
#3510=ORIENTED_EDGE('',*,*,#2672,.T.);
#3511=ORIENTED_EDGE('',*,*,#2673,.T.);
#3512=ORIENTED_EDGE('',*,*,#2674,.T.);
#3513=ORIENTED_EDGE('',*,*,#2675,.T.);
#3514=ORIENTED_EDGE('',*,*,#2676,.T.);
#3515=ORIENTED_EDGE('',*,*,#2677,.T.);
#3516=ORIENTED_EDGE('',*,*,#2678,.T.);
#3517=ORIENTED_EDGE('',*,*,#2679,.T.);
#3518=ORIENTED_EDGE('',*,*,#2665,.F.);
#3519=ORIENTED_EDGE('',*,*,#2576,.F.);
#3520=ORIENTED_EDGE('',*,*,#2680,.T.);
#3521=ORIENTED_EDGE('',*,*,#2681,.T.);
#3522=ORIENTED_EDGE('',*,*,#2682,.T.);
#3523=ORIENTED_EDGE('',*,*,#2680,.F.);
#3524=ORIENTED_EDGE('',*,*,#2575,.F.);
#3525=ORIENTED_EDGE('',*,*,#2683,.T.);
#3526=ORIENTED_EDGE('',*,*,#2684,.T.);
#3527=ORIENTED_EDGE('',*,*,#2685,.T.);
#3528=ORIENTED_EDGE('',*,*,#2686,.T.);
#3529=ORIENTED_EDGE('',*,*,#2574,.F.);
#3530=ORIENTED_EDGE('',*,*,#2623,.F.);
#3531=ORIENTED_EDGE('',*,*,#2687,.T.);
#3532=ORIENTED_EDGE('',*,*,#2683,.F.);
#3533=ORIENTED_EDGE('',*,*,#2688,.T.);
#3534=ORIENTED_EDGE('',*,*,#2689,.T.);
#3535=ORIENTED_EDGE('',*,*,#2690,.T.);
#3536=ORIENTED_EDGE('',*,*,#2590,.F.);
#3537=ORIENTED_EDGE('',*,*,#2688,.F.);
#3538=ORIENTED_EDGE('',*,*,#2589,.F.);
#3539=ORIENTED_EDGE('',*,*,#2691,.T.);
#3540=ORIENTED_EDGE('',*,*,#2692,.T.);
#3541=ORIENTED_EDGE('',*,*,#2596,.F.);
#3542=ORIENTED_EDGE('',*,*,#2693,.T.);
#3543=ORIENTED_EDGE('',*,*,#2694,.T.);
#3544=ORIENTED_EDGE('',*,*,#2691,.F.);
#3545=ORIENTED_EDGE('',*,*,#2693,.F.);
#3546=ORIENTED_EDGE('',*,*,#2595,.F.);
#3547=ORIENTED_EDGE('',*,*,#2695,.T.);
#3548=ORIENTED_EDGE('',*,*,#2696,.T.);
#3549=ORIENTED_EDGE('',*,*,#2594,.F.);
#3550=ORIENTED_EDGE('',*,*,#2697,.T.);
#3551=ORIENTED_EDGE('',*,*,#2698,.T.);
#3552=ORIENTED_EDGE('',*,*,#2695,.F.);
#3553=ORIENTED_EDGE('',*,*,#2697,.F.);
#3554=ORIENTED_EDGE('',*,*,#2593,.F.);
#3555=ORIENTED_EDGE('',*,*,#2699,.T.);
#3556=ORIENTED_EDGE('',*,*,#2700,.T.);
#3557=ORIENTED_EDGE('',*,*,#2592,.F.);
#3558=ORIENTED_EDGE('',*,*,#2701,.T.);
#3559=ORIENTED_EDGE('',*,*,#2702,.T.);
#3560=ORIENTED_EDGE('',*,*,#2699,.F.);
#3561=ORIENTED_EDGE('',*,*,#2701,.F.);
#3562=ORIENTED_EDGE('',*,*,#2591,.F.);
#3563=ORIENTED_EDGE('',*,*,#2690,.F.);
#3564=ORIENTED_EDGE('',*,*,#2703,.T.);
#3565=ORIENTED_EDGE('',*,*,#2704,.F.);
#3566=ORIENTED_EDGE('',*,*,#2606,.F.);
#3567=ORIENTED_EDGE('',*,*,#2705,.F.);
#3568=ORIENTED_EDGE('',*,*,#2706,.F.);
#3569=ORIENTED_EDGE('',*,*,#2707,.F.);
#3570=ORIENTED_EDGE('',*,*,#2705,.T.);
#3571=ORIENTED_EDGE('',*,*,#2609,.F.);
#3572=ORIENTED_EDGE('',*,*,#2708,.F.);
#3573=ORIENTED_EDGE('',*,*,#2708,.T.);
#3574=ORIENTED_EDGE('',*,*,#2611,.F.);
#3575=ORIENTED_EDGE('',*,*,#2709,.F.);
#3576=ORIENTED_EDGE('',*,*,#2710,.F.);
#3577=ORIENTED_EDGE('',*,*,#2711,.F.);
#3578=ORIENTED_EDGE('',*,*,#2709,.T.);
#3579=ORIENTED_EDGE('',*,*,#2613,.F.);
#3580=ORIENTED_EDGE('',*,*,#2712,.F.);
#3581=ORIENTED_EDGE('',*,*,#2712,.T.);
#3582=ORIENTED_EDGE('',*,*,#2615,.F.);
#3583=ORIENTED_EDGE('',*,*,#2713,.F.);
#3584=ORIENTED_EDGE('',*,*,#2714,.F.);
#3585=ORIENTED_EDGE('',*,*,#2715,.F.);
#3586=ORIENTED_EDGE('',*,*,#2713,.T.);
#3587=ORIENTED_EDGE('',*,*,#2617,.F.);
#3588=ORIENTED_EDGE('',*,*,#2716,.F.);
#3589=ORIENTED_EDGE('',*,*,#2619,.F.);
#3590=ORIENTED_EDGE('',*,*,#2717,.F.);
#3591=ORIENTED_EDGE('',*,*,#2718,.F.);
#3592=ORIENTED_EDGE('',*,*,#2716,.T.);
#3593=ORIENTED_EDGE('',*,*,#2620,.F.);
#3594=ORIENTED_EDGE('',*,*,#2704,.T.);
#3595=ORIENTED_EDGE('',*,*,#2719,.F.);
#3596=ORIENTED_EDGE('',*,*,#2717,.T.);
#3597=ORIENTED_EDGE('',*,*,#2720,.T.);
#3598=ORIENTED_EDGE('',*,*,#2721,.T.);
#3599=ORIENTED_EDGE('',*,*,#2722,.T.);
#3600=ORIENTED_EDGE('',*,*,#2628,.T.);
#3601=ORIENTED_EDGE('',*,*,#2631,.F.);
#3602=ORIENTED_EDGE('',*,*,#2723,.T.);
#3603=ORIENTED_EDGE('',*,*,#2639,.F.);
#3604=ORIENTED_EDGE('',*,*,#2724,.F.);
#3605=ORIENTED_EDGE('',*,*,#2725,.F.);
#3606=ORIENTED_EDGE('',*,*,#2726,.F.);
#3607=ORIENTED_EDGE('',*,*,#2723,.F.);
#3608=ORIENTED_EDGE('',*,*,#2630,.F.);
#3609=ORIENTED_EDGE('',*,*,#2727,.F.);
#3610=ORIENTED_EDGE('',*,*,#2728,.F.);
#3611=ORIENTED_EDGE('',*,*,#2729,.F.);
#3612=ORIENTED_EDGE('',*,*,#2634,.F.);
#3613=ORIENTED_EDGE('',*,*,#2633,.F.);
#3614=ORIENTED_EDGE('',*,*,#2730,.F.);
#3615=ORIENTED_EDGE('',*,*,#2731,.F.);
#3616=ORIENTED_EDGE('',*,*,#2732,.F.);
#3617=ORIENTED_EDGE('',*,*,#2733,.F.);
#3618=ORIENTED_EDGE('',*,*,#2727,.T.);
#3619=ORIENTED_EDGE('',*,*,#2734,.T.);
#3620=ORIENTED_EDGE('',*,*,#2730,.T.);
#3621=ORIENTED_EDGE('',*,*,#2642,.F.);
#3622=ORIENTED_EDGE('',*,*,#2735,.T.);
#3623=ORIENTED_EDGE('',*,*,#2641,.F.);
#3624=ORIENTED_EDGE('',*,*,#2644,.F.);
#3625=ORIENTED_EDGE('',*,*,#2736,.T.);
#3626=ORIENTED_EDGE('',*,*,#2737,.T.);
#3627=ORIENTED_EDGE('',*,*,#2738,.T.);
#3628=ORIENTED_EDGE('',*,*,#2735,.F.);
#3629=ORIENTED_EDGE('',*,*,#2638,.F.);
#3630=ORIENTED_EDGE('',*,*,#2739,.T.);
#3631=ORIENTED_EDGE('',*,*,#2740,.T.);
#3632=ORIENTED_EDGE('',*,*,#2724,.T.);
#3633=ORIENTED_EDGE('',*,*,#2637,.F.);
#3634=ORIENTED_EDGE('',*,*,#2741,.T.);
#3635=ORIENTED_EDGE('',*,*,#2721,.F.);
#3636=ORIENTED_EDGE('',*,*,#2742,.T.);
#3637=ORIENTED_EDGE('',*,*,#2743,.T.);
#3638=ORIENTED_EDGE('',*,*,#2739,.F.);
#3639=ORIENTED_EDGE('',*,*,#2722,.F.);
#3640=ORIENTED_EDGE('',*,*,#2741,.F.);
#3641=ORIENTED_EDGE('',*,*,#2636,.F.);
#3642=ORIENTED_EDGE('',*,*,#2744,.F.);
#3643=ORIENTED_EDGE('',*,*,#2627,.F.);
#3644=ORIENTED_EDGE('',*,*,#2629,.F.);
#3645=ORIENTED_EDGE('',*,*,#2744,.T.);
#3646=ORIENTED_EDGE('',*,*,#2635,.F.);
#3647=ORIENTED_EDGE('',*,*,#2729,.T.);
#3648=ORIENTED_EDGE('',*,*,#2570,.T.);
#3649=ORIENTED_EDGE('',*,*,#2646,.T.);
#3650=ORIENTED_EDGE('',*,*,#2648,.T.);
#3651=ORIENTED_EDGE('',*,*,#2650,.T.);
#3652=ORIENTED_EDGE('',*,*,#2652,.F.);
#3653=ORIENTED_EDGE('',*,*,#2656,.F.);
#3654=ORIENTED_EDGE('',*,*,#2745,.F.);
#3655=ORIENTED_EDGE('',*,*,#2746,.F.);
#3656=ORIENTED_EDGE('',*,*,#2747,.F.);
#3657=ORIENTED_EDGE('',*,*,#2684,.F.);
#3658=ORIENTED_EDGE('',*,*,#2687,.F.);
#3659=ORIENTED_EDGE('',*,*,#2622,.F.);
#3660=ORIENTED_EDGE('',*,*,#2625,.F.);
#3661=ORIENTED_EDGE('',*,*,#2748,.F.);
#3662=ORIENTED_EDGE('',*,*,#2749,.F.);
#3663=ORIENTED_EDGE('',*,*,#2750,.F.);
#3664=ORIENTED_EDGE('',*,*,#2751,.F.);
#3665=ORIENTED_EDGE('',*,*,#2752,.F.);
#3666=ORIENTED_EDGE('',*,*,#2753,.F.);
#3667=ORIENTED_EDGE('',*,*,#2754,.F.);
#3668=ORIENTED_EDGE('',*,*,#2755,.F.);
#3669=ORIENTED_EDGE('',*,*,#2756,.F.);
#3670=ORIENTED_EDGE('',*,*,#2757,.F.);
#3671=ORIENTED_EDGE('',*,*,#2758,.F.);
#3672=ORIENTED_EDGE('',*,*,#2759,.F.);
#3673=ORIENTED_EDGE('',*,*,#2760,.F.);
#3674=ORIENTED_EDGE('',*,*,#2761,.F.);
#3675=ORIENTED_EDGE('',*,*,#2762,.F.);
#3676=ORIENTED_EDGE('',*,*,#2763,.F.);
#3677=ORIENTED_EDGE('',*,*,#2643,.F.);
#3678=ORIENTED_EDGE('',*,*,#2571,.T.);
#3679=ORIENTED_EDGE('',*,*,#2728,.T.);
#3680=ORIENTED_EDGE('',*,*,#2733,.T.);
#3681=ORIENTED_EDGE('',*,*,#2764,.T.);
#3682=ORIENTED_EDGE('',*,*,#2736,.F.);
#3683=ORIENTED_EDGE('',*,*,#2657,.F.);
#3684=ORIENTED_EDGE('',*,*,#2765,.F.);
#3685=ORIENTED_EDGE('',*,*,#2766,.F.);
#3686=ORIENTED_EDGE('',*,*,#2654,.F.);
#3687=ORIENTED_EDGE('',*,*,#2765,.T.);
#3688=ORIENTED_EDGE('',*,*,#2660,.F.);
#3689=ORIENTED_EDGE('',*,*,#2767,.T.);
#3690=ORIENTED_EDGE('',*,*,#2768,.T.);
#3691=ORIENTED_EDGE('',*,*,#2769,.F.);
#3692=ORIENTED_EDGE('',*,*,#2770,.T.);
#3693=ORIENTED_EDGE('',*,*,#2771,.T.);
#3694=ORIENTED_EDGE('',*,*,#2767,.F.);
#3695=ORIENTED_EDGE('',*,*,#2659,.F.);
#3696=ORIENTED_EDGE('',*,*,#2664,.F.);
#3697=ORIENTED_EDGE('',*,*,#2772,.T.);
#3698=ORIENTED_EDGE('',*,*,#2773,.T.);
#3699=ORIENTED_EDGE('',*,*,#2774,.T.);
#3700=ORIENTED_EDGE('',*,*,#2775,.T.);
#3701=ORIENTED_EDGE('',*,*,#2776,.T.);
#3702=ORIENTED_EDGE('',*,*,#2777,.T.);
#3703=ORIENTED_EDGE('',*,*,#2778,.T.);
#3704=ORIENTED_EDGE('',*,*,#2779,.T.);
#3705=ORIENTED_EDGE('',*,*,#2780,.T.);
#3706=ORIENTED_EDGE('',*,*,#2781,.T.);
#3707=ORIENTED_EDGE('',*,*,#2782,.T.);
#3708=ORIENTED_EDGE('',*,*,#2783,.T.);
#3709=ORIENTED_EDGE('',*,*,#2784,.T.);
#3710=ORIENTED_EDGE('',*,*,#2785,.T.);
#3711=ORIENTED_EDGE('',*,*,#2786,.T.);
#3712=ORIENTED_EDGE('',*,*,#2787,.T.);
#3713=ORIENTED_EDGE('',*,*,#2788,.T.);
#3714=ORIENTED_EDGE('',*,*,#2789,.T.);
#3715=ORIENTED_EDGE('',*,*,#2790,.T.);
#3716=ORIENTED_EDGE('',*,*,#2791,.T.);
#3717=ORIENTED_EDGE('',*,*,#2792,.T.);
#3718=ORIENTED_EDGE('',*,*,#2793,.T.);
#3719=ORIENTED_EDGE('',*,*,#2662,.F.);
#3720=ORIENTED_EDGE('',*,*,#2794,.T.);
#3721=ORIENTED_EDGE('',*,*,#2795,.T.);
#3722=ORIENTED_EDGE('',*,*,#2796,.T.);
#3723=ORIENTED_EDGE('',*,*,#2797,.T.);
#3724=ORIENTED_EDGE('',*,*,#2798,.T.);
#3725=ORIENTED_EDGE('',*,*,#2799,.T.);
#3726=ORIENTED_EDGE('',*,*,#2800,.T.);
#3727=ORIENTED_EDGE('',*,*,#2801,.T.);
#3728=ORIENTED_EDGE('',*,*,#2802,.T.);
#3729=ORIENTED_EDGE('',*,*,#2803,.T.);
#3730=ORIENTED_EDGE('',*,*,#2804,.T.);
#3731=ORIENTED_EDGE('',*,*,#2805,.T.);
#3732=ORIENTED_EDGE('',*,*,#2806,.T.);
#3733=ORIENTED_EDGE('',*,*,#2807,.T.);
#3734=ORIENTED_EDGE('',*,*,#2808,.T.);
#3735=ORIENTED_EDGE('',*,*,#2809,.T.);
#3736=ORIENTED_EDGE('',*,*,#2810,.T.);
#3737=ORIENTED_EDGE('',*,*,#2811,.T.);
#3738=ORIENTED_EDGE('',*,*,#2812,.T.);
#3739=ORIENTED_EDGE('',*,*,#2813,.T.);
#3740=ORIENTED_EDGE('',*,*,#2814,.T.);
#3741=ORIENTED_EDGE('',*,*,#2815,.T.);
#3742=ORIENTED_EDGE('',*,*,#2816,.T.);
#3743=ORIENTED_EDGE('',*,*,#2817,.T.);
#3744=ORIENTED_EDGE('',*,*,#2818,.T.);
#3745=ORIENTED_EDGE('',*,*,#2819,.T.);
#3746=ORIENTED_EDGE('',*,*,#2820,.F.);
#3747=ORIENTED_EDGE('',*,*,#2821,.F.);
#3748=ORIENTED_EDGE('',*,*,#2822,.F.);
#3749=ORIENTED_EDGE('',*,*,#2794,.F.);
#3750=ORIENTED_EDGE('',*,*,#2661,.F.);
#3751=ORIENTED_EDGE('',*,*,#2823,.T.);
#3752=ORIENTED_EDGE('',*,*,#2820,.T.);
#3753=ORIENTED_EDGE('',*,*,#2678,.F.);
#3754=ORIENTED_EDGE('',*,*,#2824,.T.);
#3755=ORIENTED_EDGE('',*,*,#2825,.F.);
#3756=ORIENTED_EDGE('',*,*,#2824,.F.);
#3757=ORIENTED_EDGE('',*,*,#2677,.F.);
#3758=ORIENTED_EDGE('',*,*,#2826,.F.);
#3759=ORIENTED_EDGE('',*,*,#2827,.F.);
#3760=ORIENTED_EDGE('',*,*,#2826,.T.);
#3761=ORIENTED_EDGE('',*,*,#2676,.F.);
#3762=ORIENTED_EDGE('',*,*,#2828,.T.);
#3763=ORIENTED_EDGE('',*,*,#2829,.F.);
#3764=ORIENTED_EDGE('',*,*,#2828,.F.);
#3765=ORIENTED_EDGE('',*,*,#2675,.F.);
#3766=ORIENTED_EDGE('',*,*,#2830,.F.);
#3767=ORIENTED_EDGE('',*,*,#2746,.T.);
#3768=ORIENTED_EDGE('',*,*,#2830,.T.);
#3769=ORIENTED_EDGE('',*,*,#2674,.F.);
#3770=ORIENTED_EDGE('',*,*,#2831,.T.);
#3771=ORIENTED_EDGE('',*,*,#2832,.F.);
#3772=ORIENTED_EDGE('',*,*,#2831,.F.);
#3773=ORIENTED_EDGE('',*,*,#2673,.F.);
#3774=ORIENTED_EDGE('',*,*,#2833,.F.);
#3775=ORIENTED_EDGE('',*,*,#2834,.F.);
#3776=ORIENTED_EDGE('',*,*,#2833,.T.);
#3777=ORIENTED_EDGE('',*,*,#2672,.F.);
#3778=ORIENTED_EDGE('',*,*,#2835,.T.);
#3779=ORIENTED_EDGE('',*,*,#2836,.F.);
#3780=ORIENTED_EDGE('',*,*,#2835,.F.);
#3781=ORIENTED_EDGE('',*,*,#2671,.F.);
#3782=ORIENTED_EDGE('',*,*,#2837,.F.);
#3783=ORIENTED_EDGE('',*,*,#2838,.T.);
#3784=ORIENTED_EDGE('',*,*,#2837,.T.);
#3785=ORIENTED_EDGE('',*,*,#2670,.F.);
#3786=ORIENTED_EDGE('',*,*,#2839,.T.);
#3787=ORIENTED_EDGE('',*,*,#2839,.F.);
#3788=ORIENTED_EDGE('',*,*,#2669,.F.);
#3789=ORIENTED_EDGE('',*,*,#2840,.T.);
#3790=ORIENTED_EDGE('',*,*,#2841,.T.);
#3791=ORIENTED_EDGE('',*,*,#2842,.T.);
#3792=ORIENTED_EDGE('',*,*,#2843,.T.);
#3793=ORIENTED_EDGE('',*,*,#2844,.T.);
#3794=ORIENTED_EDGE('',*,*,#2840,.F.);
#3795=ORIENTED_EDGE('',*,*,#2668,.F.);
#3796=ORIENTED_EDGE('',*,*,#2845,.T.);
#3797=ORIENTED_EDGE('',*,*,#2846,.T.);
#3798=ORIENTED_EDGE('',*,*,#2847,.T.);
#3799=ORIENTED_EDGE('',*,*,#2848,.T.);
#3800=ORIENTED_EDGE('',*,*,#2849,.T.);
#3801=ORIENTED_EDGE('',*,*,#2850,.T.);
#3802=ORIENTED_EDGE('',*,*,#2851,.T.);
#3803=ORIENTED_EDGE('',*,*,#2852,.T.);
#3804=ORIENTED_EDGE('',*,*,#2853,.T.);
#3805=ORIENTED_EDGE('',*,*,#2854,.T.);
#3806=ORIENTED_EDGE('',*,*,#2855,.T.);
#3807=ORIENTED_EDGE('',*,*,#2856,.T.);
#3808=ORIENTED_EDGE('',*,*,#2857,.T.);
#3809=ORIENTED_EDGE('',*,*,#2858,.T.);
#3810=ORIENTED_EDGE('',*,*,#2859,.T.);
#3811=ORIENTED_EDGE('',*,*,#2860,.T.);
#3812=ORIENTED_EDGE('',*,*,#2861,.T.);
#3813=ORIENTED_EDGE('',*,*,#2862,.T.);
#3814=ORIENTED_EDGE('',*,*,#2863,.T.);
#3815=ORIENTED_EDGE('',*,*,#2864,.T.);
#3816=ORIENTED_EDGE('',*,*,#2865,.T.);
#3817=ORIENTED_EDGE('',*,*,#2866,.T.);
#3818=ORIENTED_EDGE('',*,*,#2867,.T.);
#3819=ORIENTED_EDGE('',*,*,#2868,.T.);
#3820=ORIENTED_EDGE('',*,*,#2869,.T.);
#3821=ORIENTED_EDGE('',*,*,#2870,.T.);
#3822=ORIENTED_EDGE('',*,*,#2845,.F.);
#3823=ORIENTED_EDGE('',*,*,#2667,.F.);
#3824=ORIENTED_EDGE('',*,*,#2871,.T.);
#3825=ORIENTED_EDGE('',*,*,#2872,.T.);
#3826=ORIENTED_EDGE('',*,*,#2873,.T.);
#3827=ORIENTED_EDGE('',*,*,#2793,.F.);
#3828=ORIENTED_EDGE('',*,*,#2874,.T.);
#3829=ORIENTED_EDGE('',*,*,#2875,.T.);
#3830=ORIENTED_EDGE('',*,*,#2772,.F.);
#3831=ORIENTED_EDGE('',*,*,#2663,.F.);
#3832=ORIENTED_EDGE('',*,*,#2871,.F.);
#3833=ORIENTED_EDGE('',*,*,#2666,.T.);
#3834=ORIENTED_EDGE('',*,*,#2679,.F.);
#3835=ORIENTED_EDGE('',*,*,#2876,.T.);
#3836=ORIENTED_EDGE('',*,*,#2877,.T.);
#3837=ORIENTED_EDGE('',*,*,#2878,.T.);
#3838=ORIENTED_EDGE('',*,*,#2879,.T.);
#3839=ORIENTED_EDGE('',*,*,#2880,.T.);
#3840=ORIENTED_EDGE('',*,*,#2881,.T.);
#3841=ORIENTED_EDGE('',*,*,#2882,.T.);
#3842=ORIENTED_EDGE('',*,*,#2883,.T.);
#3843=ORIENTED_EDGE('',*,*,#2884,.T.);
#3844=ORIENTED_EDGE('',*,*,#2885,.T.);
#3845=ORIENTED_EDGE('',*,*,#2886,.T.);
#3846=ORIENTED_EDGE('',*,*,#2887,.T.);
#3847=ORIENTED_EDGE('',*,*,#2888,.T.);
#3848=ORIENTED_EDGE('',*,*,#2889,.T.);
#3849=ORIENTED_EDGE('',*,*,#2890,.T.);
#3850=ORIENTED_EDGE('',*,*,#2891,.T.);
#3851=ORIENTED_EDGE('',*,*,#2892,.T.);
#3852=ORIENTED_EDGE('',*,*,#2893,.T.);
#3853=ORIENTED_EDGE('',*,*,#2894,.T.);
#3854=ORIENTED_EDGE('',*,*,#2895,.T.);
#3855=ORIENTED_EDGE('',*,*,#2896,.F.);
#3856=ORIENTED_EDGE('',*,*,#2897,.F.);
#3857=ORIENTED_EDGE('',*,*,#2876,.F.);
#3858=ORIENTED_EDGE('',*,*,#2682,.F.);
#3859=ORIENTED_EDGE('',*,*,#2898,.F.);
#3860=ORIENTED_EDGE('',*,*,#2899,.F.);
#3861=ORIENTED_EDGE('',*,*,#2900,.F.);
#3862=ORIENTED_EDGE('',*,*,#2898,.T.);
#3863=ORIENTED_EDGE('',*,*,#2681,.F.);
#3864=ORIENTED_EDGE('',*,*,#2686,.F.);
#3865=ORIENTED_EDGE('',*,*,#2689,.F.);
#3866=ORIENTED_EDGE('',*,*,#2901,.F.);
#3867=ORIENTED_EDGE('',*,*,#2902,.F.);
#3868=ORIENTED_EDGE('',*,*,#2903,.F.);
#3869=ORIENTED_EDGE('',*,*,#2904,.F.);
#3870=ORIENTED_EDGE('',*,*,#2901,.T.);
#3871=ORIENTED_EDGE('',*,*,#2692,.F.);
#3872=ORIENTED_EDGE('',*,*,#2905,.F.);
#3873=ORIENTED_EDGE('',*,*,#2905,.T.);
#3874=ORIENTED_EDGE('',*,*,#2694,.F.);
#3875=ORIENTED_EDGE('',*,*,#2906,.F.);
#3876=ORIENTED_EDGE('',*,*,#2907,.F.);
#3877=ORIENTED_EDGE('',*,*,#2908,.F.);
#3878=ORIENTED_EDGE('',*,*,#2906,.T.);
#3879=ORIENTED_EDGE('',*,*,#2696,.F.);
#3880=ORIENTED_EDGE('',*,*,#2909,.F.);
#3881=ORIENTED_EDGE('',*,*,#2909,.T.);
#3882=ORIENTED_EDGE('',*,*,#2698,.F.);
#3883=ORIENTED_EDGE('',*,*,#2910,.F.);
#3884=ORIENTED_EDGE('',*,*,#2911,.F.);
#3885=ORIENTED_EDGE('',*,*,#2912,.F.);
#3886=ORIENTED_EDGE('',*,*,#2910,.T.);
#3887=ORIENTED_EDGE('',*,*,#2700,.F.);
#3888=ORIENTED_EDGE('',*,*,#2913,.F.);
#3889=ORIENTED_EDGE('',*,*,#2913,.T.);
#3890=ORIENTED_EDGE('',*,*,#2702,.F.);
#3891=ORIENTED_EDGE('',*,*,#2914,.F.);
#3892=ORIENTED_EDGE('',*,*,#2915,.F.);
#3893=ORIENTED_EDGE('',*,*,#2916,.F.);
#3894=ORIENTED_EDGE('',*,*,#2914,.T.);
#3895=ORIENTED_EDGE('',*,*,#2703,.F.);
#3896=ORIENTED_EDGE('',*,*,#2903,.T.);
#3897=ORIENTED_EDGE('',*,*,#2706,.T.);
#3898=ORIENTED_EDGE('',*,*,#2917,.F.);
#3899=ORIENTED_EDGE('',*,*,#2918,.F.);
#3900=ORIENTED_EDGE('',*,*,#2919,.F.);
#3901=ORIENTED_EDGE('',*,*,#2920,.F.);
#3902=ORIENTED_EDGE('',*,*,#2917,.T.);
#3903=ORIENTED_EDGE('',*,*,#2707,.T.);
#3904=ORIENTED_EDGE('',*,*,#2710,.T.);
#3905=ORIENTED_EDGE('',*,*,#2921,.F.);
#3906=ORIENTED_EDGE('',*,*,#2919,.T.);
#3907=ORIENTED_EDGE('',*,*,#2922,.F.);
#3908=ORIENTED_EDGE('',*,*,#2923,.F.);
#3909=ORIENTED_EDGE('',*,*,#2921,.T.);
#3910=ORIENTED_EDGE('',*,*,#2711,.T.);
#3911=ORIENTED_EDGE('',*,*,#2714,.T.);
#3912=ORIENTED_EDGE('',*,*,#2924,.F.);
#3913=ORIENTED_EDGE('',*,*,#2922,.T.);
#3914=ORIENTED_EDGE('',*,*,#2925,.F.);
#3915=ORIENTED_EDGE('',*,*,#2924,.T.);
#3916=ORIENTED_EDGE('',*,*,#2715,.T.);
#3917=ORIENTED_EDGE('',*,*,#2926,.F.);
#3918=ORIENTED_EDGE('',*,*,#2718,.T.);
#3919=ORIENTED_EDGE('',*,*,#2927,.F.);
#3920=ORIENTED_EDGE('',*,*,#2926,.T.);
#3921=ORIENTED_EDGE('',*,*,#2928,.F.);
#3922=ORIENTED_EDGE('',*,*,#2927,.T.);
#3923=ORIENTED_EDGE('',*,*,#2719,.T.);
#3924=ORIENTED_EDGE('',*,*,#2918,.T.);
#3925=ORIENTED_EDGE('',*,*,#2929,.T.);
#3926=ORIENTED_EDGE('',*,*,#2742,.F.);
#3927=ORIENTED_EDGE('',*,*,#2720,.F.);
#3928=ORIENTED_EDGE('',*,*,#2726,.T.);
#3929=ORIENTED_EDGE('',*,*,#2725,.T.);
#3930=ORIENTED_EDGE('',*,*,#2740,.F.);
#3931=ORIENTED_EDGE('',*,*,#2743,.F.);
#3932=ORIENTED_EDGE('',*,*,#2929,.F.);
#3933=ORIENTED_EDGE('',*,*,#2738,.F.);
#3934=ORIENTED_EDGE('',*,*,#2930,.F.);
#3935=ORIENTED_EDGE('',*,*,#2731,.T.);
#3936=ORIENTED_EDGE('',*,*,#2734,.F.);
#3937=ORIENTED_EDGE('',*,*,#2737,.F.);
#3938=ORIENTED_EDGE('',*,*,#2764,.F.);
#3939=ORIENTED_EDGE('',*,*,#2732,.T.);
#3940=ORIENTED_EDGE('',*,*,#2930,.T.);
#3941=ORIENTED_EDGE('',*,*,#2931,.F.);
#3942=ORIENTED_EDGE('',*,*,#2755,.T.);
#3943=ORIENTED_EDGE('',*,*,#2932,.F.);
#3944=ORIENTED_EDGE('',*,*,#2933,.F.);
#3945=ORIENTED_EDGE('',*,*,#2931,.T.);
#3946=ORIENTED_EDGE('',*,*,#2934,.F.);
#3947=ORIENTED_EDGE('',*,*,#2935,.F.);
#3948=ORIENTED_EDGE('',*,*,#2748,.T.);
#3949=ORIENTED_EDGE('',*,*,#2936,.F.);
#3950=ORIENTED_EDGE('',*,*,#2749,.T.);
#3951=ORIENTED_EDGE('',*,*,#2935,.T.);
#3952=ORIENTED_EDGE('',*,*,#2937,.F.);
#3953=ORIENTED_EDGE('',*,*,#2936,.T.);
#3954=ORIENTED_EDGE('',*,*,#2938,.F.);
#3955=ORIENTED_EDGE('',*,*,#2939,.F.);
#3956=ORIENTED_EDGE('',*,*,#2750,.T.);
#3957=ORIENTED_EDGE('',*,*,#2751,.T.);
#3958=ORIENTED_EDGE('',*,*,#2939,.T.);
#3959=ORIENTED_EDGE('',*,*,#2940,.F.);
#3960=ORIENTED_EDGE('',*,*,#2941,.F.);
#3961=ORIENTED_EDGE('',*,*,#2941,.T.);
#3962=ORIENTED_EDGE('',*,*,#2942,.F.);
#3963=ORIENTED_EDGE('',*,*,#2943,.F.);
#3964=ORIENTED_EDGE('',*,*,#2752,.T.);
#3965=ORIENTED_EDGE('',*,*,#2753,.T.);
#3966=ORIENTED_EDGE('',*,*,#2943,.T.);
#3967=ORIENTED_EDGE('',*,*,#2944,.F.);
#3968=ORIENTED_EDGE('',*,*,#2945,.F.);
#3969=ORIENTED_EDGE('',*,*,#2945,.T.);
#3970=ORIENTED_EDGE('',*,*,#2946,.F.);
#3971=ORIENTED_EDGE('',*,*,#2932,.T.);
#3972=ORIENTED_EDGE('',*,*,#2754,.T.);
#3973=ORIENTED_EDGE('',*,*,#2947,.F.);
#3974=ORIENTED_EDGE('',*,*,#2763,.T.);
#3975=ORIENTED_EDGE('',*,*,#2948,.F.);
#3976=ORIENTED_EDGE('',*,*,#2949,.F.);
#3977=ORIENTED_EDGE('',*,*,#2947,.T.);
#3978=ORIENTED_EDGE('',*,*,#2950,.F.);
#3979=ORIENTED_EDGE('',*,*,#2951,.F.);
#3980=ORIENTED_EDGE('',*,*,#2756,.T.);
#3981=ORIENTED_EDGE('',*,*,#2952,.F.);
#3982=ORIENTED_EDGE('',*,*,#2757,.T.);
#3983=ORIENTED_EDGE('',*,*,#2951,.T.);
#3984=ORIENTED_EDGE('',*,*,#2953,.F.);
#3985=ORIENTED_EDGE('',*,*,#2952,.T.);
#3986=ORIENTED_EDGE('',*,*,#2954,.F.);
#3987=ORIENTED_EDGE('',*,*,#2955,.F.);
#3988=ORIENTED_EDGE('',*,*,#2758,.T.);
#3989=ORIENTED_EDGE('',*,*,#2759,.T.);
#3990=ORIENTED_EDGE('',*,*,#2955,.T.);
#3991=ORIENTED_EDGE('',*,*,#2956,.F.);
#3992=ORIENTED_EDGE('',*,*,#2957,.F.);
#3993=ORIENTED_EDGE('',*,*,#2957,.T.);
#3994=ORIENTED_EDGE('',*,*,#2958,.F.);
#3995=ORIENTED_EDGE('',*,*,#2959,.F.);
#3996=ORIENTED_EDGE('',*,*,#2760,.T.);
#3997=ORIENTED_EDGE('',*,*,#2761,.T.);
#3998=ORIENTED_EDGE('',*,*,#2959,.T.);
#3999=ORIENTED_EDGE('',*,*,#2960,.F.);
#4000=ORIENTED_EDGE('',*,*,#2961,.F.);
#4001=ORIENTED_EDGE('',*,*,#2961,.T.);
#4002=ORIENTED_EDGE('',*,*,#2962,.F.);
#4003=ORIENTED_EDGE('',*,*,#2948,.T.);
#4004=ORIENTED_EDGE('',*,*,#2762,.T.);
#4005=ORIENTED_EDGE('',*,*,#2745,.T.);
#4006=ORIENTED_EDGE('',*,*,#2655,.F.);
#4007=ORIENTED_EDGE('',*,*,#2766,.T.);
#4008=ORIENTED_EDGE('',*,*,#2770,.F.);
#4009=ORIENTED_EDGE('',*,*,#2963,.F.);
#4010=ORIENTED_EDGE('',*,*,#2829,.T.);
#4011=ORIENTED_EDGE('',*,*,#2747,.T.);
#4012=ORIENTED_EDGE('',*,*,#2832,.T.);
#4013=ORIENTED_EDGE('',*,*,#2964,.F.);
#4014=ORIENTED_EDGE('',*,*,#2899,.T.);
#4015=ORIENTED_EDGE('',*,*,#2900,.T.);
#4016=ORIENTED_EDGE('',*,*,#2685,.F.);
#4017=ORIENTED_EDGE('',*,*,#2768,.F.);
#4018=ORIENTED_EDGE('',*,*,#2771,.F.);
#4019=ORIENTED_EDGE('',*,*,#2965,.F.);
#4020=ORIENTED_EDGE('',*,*,#2966,.F.);
#4021=ORIENTED_EDGE('',*,*,#2790,.F.);
#4022=ORIENTED_EDGE('',*,*,#2967,.T.);
#4023=ORIENTED_EDGE('',*,*,#2968,.T.);
#4024=ORIENTED_EDGE('',*,*,#2965,.T.);
#4025=ORIENTED_EDGE('',*,*,#2967,.F.);
#4026=ORIENTED_EDGE('',*,*,#2789,.F.);
#4027=ORIENTED_EDGE('',*,*,#2969,.T.);
#4028=ORIENTED_EDGE('',*,*,#2970,.T.);
#4029=ORIENTED_EDGE('',*,*,#2971,.F.);
#4030=ORIENTED_EDGE('',*,*,#2972,.F.);
#4031=ORIENTED_EDGE('',*,*,#2969,.F.);
#4032=ORIENTED_EDGE('',*,*,#2788,.F.);
#4033=ORIENTED_EDGE('',*,*,#2971,.T.);
#4034=ORIENTED_EDGE('',*,*,#2787,.F.);
#4035=ORIENTED_EDGE('',*,*,#2973,.T.);
#4036=ORIENTED_EDGE('',*,*,#2974,.T.);
#4037=ORIENTED_EDGE('',*,*,#2975,.F.);
#4038=ORIENTED_EDGE('',*,*,#2976,.F.);
#4039=ORIENTED_EDGE('',*,*,#2973,.F.);
#4040=ORIENTED_EDGE('',*,*,#2786,.F.);
#4041=ORIENTED_EDGE('',*,*,#2975,.T.);
#4042=ORIENTED_EDGE('',*,*,#2785,.F.);
#4043=ORIENTED_EDGE('',*,*,#2977,.F.);
#4044=ORIENTED_EDGE('',*,*,#2978,.F.);
#4045=ORIENTED_EDGE('',*,*,#2979,.T.);
#4046=ORIENTED_EDGE('',*,*,#2980,.F.);
#4047=ORIENTED_EDGE('',*,*,#2981,.T.);
#4048=ORIENTED_EDGE('',*,*,#2977,.T.);
#4049=ORIENTED_EDGE('',*,*,#2784,.F.);
#4050=ORIENTED_EDGE('',*,*,#2982,.T.);
#4051=ORIENTED_EDGE('',*,*,#2983,.T.);
#4052=ORIENTED_EDGE('',*,*,#2808,.F.);
#4053=ORIENTED_EDGE('',*,*,#2984,.F.);
#4054=ORIENTED_EDGE('',*,*,#2985,.T.);
#4055=ORIENTED_EDGE('',*,*,#2986,.F.);
#4056=ORIENTED_EDGE('',*,*,#2982,.F.);
#4057=ORIENTED_EDGE('',*,*,#2783,.F.);
#4058=ORIENTED_EDGE('',*,*,#2987,.F.);
#4059=ORIENTED_EDGE('',*,*,#2987,.T.);
#4060=ORIENTED_EDGE('',*,*,#2782,.F.);
#4061=ORIENTED_EDGE('',*,*,#2988,.T.);
#4062=ORIENTED_EDGE('',*,*,#2989,.T.);
#4063=ORIENTED_EDGE('',*,*,#2988,.F.);
#4064=ORIENTED_EDGE('',*,*,#2781,.F.);
#4065=ORIENTED_EDGE('',*,*,#2990,.T.);
#4066=ORIENTED_EDGE('',*,*,#2991,.T.);
#4067=ORIENTED_EDGE('',*,*,#2990,.F.);
#4068=ORIENTED_EDGE('',*,*,#2780,.F.);
#4069=ORIENTED_EDGE('',*,*,#2992,.T.);
#4070=ORIENTED_EDGE('',*,*,#2993,.T.);
#4071=ORIENTED_EDGE('',*,*,#2994,.F.);
#4072=ORIENTED_EDGE('',*,*,#2995,.F.);
#4073=ORIENTED_EDGE('',*,*,#2992,.F.);
#4074=ORIENTED_EDGE('',*,*,#2779,.F.);
#4075=ORIENTED_EDGE('',*,*,#2994,.T.);
#4076=ORIENTED_EDGE('',*,*,#2778,.F.);
#4077=ORIENTED_EDGE('',*,*,#2996,.T.);
#4078=ORIENTED_EDGE('',*,*,#2997,.T.);
#4079=ORIENTED_EDGE('',*,*,#2996,.F.);
#4080=ORIENTED_EDGE('',*,*,#2777,.F.);
#4081=ORIENTED_EDGE('',*,*,#2998,.T.);
#4082=ORIENTED_EDGE('',*,*,#2999,.T.);
#4083=ORIENTED_EDGE('',*,*,#2998,.F.);
#4084=ORIENTED_EDGE('',*,*,#2776,.F.);
#4085=ORIENTED_EDGE('',*,*,#3000,.T.);
#4086=ORIENTED_EDGE('',*,*,#3001,.T.);
#4087=ORIENTED_EDGE('',*,*,#3000,.F.);
#4088=ORIENTED_EDGE('',*,*,#2775,.F.);
#4089=ORIENTED_EDGE('',*,*,#3002,.T.);
#4090=ORIENTED_EDGE('',*,*,#3003,.T.);
#4091=ORIENTED_EDGE('',*,*,#3002,.F.);
#4092=ORIENTED_EDGE('',*,*,#2774,.F.);
#4093=ORIENTED_EDGE('',*,*,#3004,.T.);
#4094=ORIENTED_EDGE('',*,*,#3005,.T.);
#4095=ORIENTED_EDGE('',*,*,#3004,.F.);
#4096=ORIENTED_EDGE('',*,*,#2773,.F.);
#4097=ORIENTED_EDGE('',*,*,#2875,.F.);
#4098=ORIENTED_EDGE('',*,*,#3006,.F.);
#4099=ORIENTED_EDGE('',*,*,#3007,.F.);
#4100=ORIENTED_EDGE('',*,*,#3008,.F.);
#4101=ORIENTED_EDGE('',*,*,#3009,.T.);
#4102=ORIENTED_EDGE('',*,*,#3010,.T.);
#4103=ORIENTED_EDGE('',*,*,#3011,.T.);
#4104=ORIENTED_EDGE('',*,*,#2813,.F.);
#4105=ORIENTED_EDGE('',*,*,#3012,.T.);
#4106=ORIENTED_EDGE('',*,*,#3009,.F.);
#4107=ORIENTED_EDGE('',*,*,#2812,.F.);
#4108=ORIENTED_EDGE('',*,*,#3013,.T.);
#4109=ORIENTED_EDGE('',*,*,#2819,.F.);
#4110=ORIENTED_EDGE('',*,*,#3014,.T.);
#4111=ORIENTED_EDGE('',*,*,#3015,.T.);
#4112=ORIENTED_EDGE('',*,*,#3013,.F.);
#4113=ORIENTED_EDGE('',*,*,#3016,.T.);
#4114=ORIENTED_EDGE('',*,*,#3014,.F.);
#4115=ORIENTED_EDGE('',*,*,#2818,.F.);
#4116=ORIENTED_EDGE('',*,*,#3017,.T.);
#4117=ORIENTED_EDGE('',*,*,#2817,.F.);
#4118=ORIENTED_EDGE('',*,*,#3018,.T.);
#4119=ORIENTED_EDGE('',*,*,#3019,.T.);
#4120=ORIENTED_EDGE('',*,*,#3017,.F.);
#4121=ORIENTED_EDGE('',*,*,#3020,.T.);
#4122=ORIENTED_EDGE('',*,*,#3018,.F.);
#4123=ORIENTED_EDGE('',*,*,#2816,.F.);
#4124=ORIENTED_EDGE('',*,*,#3021,.T.);
#4125=ORIENTED_EDGE('',*,*,#2815,.F.);
#4126=ORIENTED_EDGE('',*,*,#3022,.T.);
#4127=ORIENTED_EDGE('',*,*,#3023,.T.);
#4128=ORIENTED_EDGE('',*,*,#3021,.F.);
#4129=ORIENTED_EDGE('',*,*,#3024,.T.);
#4130=ORIENTED_EDGE('',*,*,#3022,.F.);
#4131=ORIENTED_EDGE('',*,*,#2814,.F.);
#4132=ORIENTED_EDGE('',*,*,#3011,.F.);
#4133=ORIENTED_EDGE('',*,*,#3025,.F.);
#4134=ORIENTED_EDGE('',*,*,#3026,.F.);
#4135=ORIENTED_EDGE('',*,*,#3027,.F.);
#4136=ORIENTED_EDGE('',*,*,#2791,.F.);
#4137=ORIENTED_EDGE('',*,*,#3028,.F.);
#4138=ORIENTED_EDGE('',*,*,#3025,.T.);
#4139=ORIENTED_EDGE('',*,*,#2811,.F.);
#4140=ORIENTED_EDGE('',*,*,#3029,.F.);
#4141=ORIENTED_EDGE('',*,*,#3030,.F.);
#4142=ORIENTED_EDGE('',*,*,#3031,.F.);
#4143=ORIENTED_EDGE('',*,*,#3029,.T.);
#4144=ORIENTED_EDGE('',*,*,#2810,.F.);
#4145=ORIENTED_EDGE('',*,*,#2978,.T.);
#4146=ORIENTED_EDGE('',*,*,#2981,.F.);
#4147=ORIENTED_EDGE('',*,*,#2807,.F.);
#4148=ORIENTED_EDGE('',*,*,#3032,.T.);
#4149=ORIENTED_EDGE('',*,*,#3033,.T.);
#4150=ORIENTED_EDGE('',*,*,#3034,.T.);
#4151=ORIENTED_EDGE('',*,*,#3035,.F.);
#4152=ORIENTED_EDGE('',*,*,#3032,.F.);
#4153=ORIENTED_EDGE('',*,*,#2806,.F.);
#4154=ORIENTED_EDGE('',*,*,#3036,.F.);
#4155=ORIENTED_EDGE('',*,*,#3036,.T.);
#4156=ORIENTED_EDGE('',*,*,#2805,.F.);
#4157=ORIENTED_EDGE('',*,*,#3037,.T.);
#4158=ORIENTED_EDGE('',*,*,#3038,.T.);
#4159=ORIENTED_EDGE('',*,*,#3039,.F.);
#4160=ORIENTED_EDGE('',*,*,#3040,.F.);
#4161=ORIENTED_EDGE('',*,*,#3037,.F.);
#4162=ORIENTED_EDGE('',*,*,#2804,.F.);
#4163=ORIENTED_EDGE('',*,*,#3041,.F.);
#4164=ORIENTED_EDGE('',*,*,#3039,.T.);
#4165=ORIENTED_EDGE('',*,*,#2803,.F.);
#4166=ORIENTED_EDGE('',*,*,#3042,.F.);
#4167=ORIENTED_EDGE('',*,*,#3043,.F.);
#4168=ORIENTED_EDGE('',*,*,#3044,.F.);
#4169=ORIENTED_EDGE('',*,*,#3042,.T.);
#4170=ORIENTED_EDGE('',*,*,#2802,.F.);
#4171=ORIENTED_EDGE('',*,*,#3043,.T.);
#4172=ORIENTED_EDGE('',*,*,#2801,.F.);
#4173=ORIENTED_EDGE('',*,*,#3045,.T.);
#4174=ORIENTED_EDGE('',*,*,#3046,.T.);
#4175=ORIENTED_EDGE('',*,*,#3047,.F.);
#4176=ORIENTED_EDGE('',*,*,#3045,.F.);
#4177=ORIENTED_EDGE('',*,*,#2800,.F.);
#4178=ORIENTED_EDGE('',*,*,#3048,.F.);
#4179=ORIENTED_EDGE('',*,*,#3048,.T.);
#4180=ORIENTED_EDGE('',*,*,#2799,.F.);
#4181=ORIENTED_EDGE('',*,*,#3049,.T.);
#4182=ORIENTED_EDGE('',*,*,#3050,.T.);
#4183=ORIENTED_EDGE('',*,*,#3051,.F.);
#4184=ORIENTED_EDGE('',*,*,#3052,.F.);
#4185=ORIENTED_EDGE('',*,*,#3049,.F.);
#4186=ORIENTED_EDGE('',*,*,#2798,.F.);
#4187=ORIENTED_EDGE('',*,*,#3053,.F.);
#4188=ORIENTED_EDGE('',*,*,#3051,.T.);
#4189=ORIENTED_EDGE('',*,*,#2797,.F.);
#4190=ORIENTED_EDGE('',*,*,#3054,.F.);
#4191=ORIENTED_EDGE('',*,*,#3055,.F.);
#4192=ORIENTED_EDGE('',*,*,#3056,.F.);
#4193=ORIENTED_EDGE('',*,*,#3054,.T.);
#4194=ORIENTED_EDGE('',*,*,#2796,.F.);
#4195=ORIENTED_EDGE('',*,*,#3055,.T.);
#4196=ORIENTED_EDGE('',*,*,#2795,.F.);
#4197=ORIENTED_EDGE('',*,*,#2822,.T.);
#4198=ORIENTED_EDGE('',*,*,#3057,.T.);
#4199=ORIENTED_EDGE('',*,*,#3058,.T.);
#4200=ORIENTED_EDGE('',*,*,#3059,.T.);
#4201=ORIENTED_EDGE('',*,*,#3033,.F.);
#4202=ORIENTED_EDGE('',*,*,#3035,.T.);
#4203=ORIENTED_EDGE('',*,*,#3038,.F.);
#4204=ORIENTED_EDGE('',*,*,#3040,.T.);
#4205=ORIENTED_EDGE('',*,*,#3041,.T.);
#4206=ORIENTED_EDGE('',*,*,#3044,.T.);
#4207=ORIENTED_EDGE('',*,*,#3046,.F.);
#4208=ORIENTED_EDGE('',*,*,#3047,.T.);
#4209=ORIENTED_EDGE('',*,*,#3050,.F.);
#4210=ORIENTED_EDGE('',*,*,#3052,.T.);
#4211=ORIENTED_EDGE('',*,*,#3053,.T.);
#4212=ORIENTED_EDGE('',*,*,#3056,.T.);
#4213=ORIENTED_EDGE('',*,*,#3057,.F.);
#4214=ORIENTED_EDGE('',*,*,#2821,.T.);
#4215=ORIENTED_EDGE('',*,*,#2823,.F.);
#4216=ORIENTED_EDGE('',*,*,#3060,.T.);
#4217=ORIENTED_EDGE('',*,*,#3061,.T.);
#4218=ORIENTED_EDGE('',*,*,#3026,.T.);
#4219=ORIENTED_EDGE('',*,*,#3028,.T.);
#4220=ORIENTED_EDGE('',*,*,#3031,.T.);
#4221=ORIENTED_EDGE('',*,*,#3062,.T.);
#4222=ORIENTED_EDGE('',*,*,#3063,.T.);
#4223=ORIENTED_EDGE('',*,*,#3064,.T.);
#4224=ORIENTED_EDGE('',*,*,#3065,.T.);
#4225=ORIENTED_EDGE('',*,*,#3066,.T.);
#4226=ORIENTED_EDGE('',*,*,#3067,.T.);
#4227=ORIENTED_EDGE('',*,*,#3068,.T.);
#4228=ORIENTED_EDGE('',*,*,#3069,.T.);
#4229=ORIENTED_EDGE('',*,*,#3070,.F.);
#4230=ORIENTED_EDGE('',*,*,#3007,.T.);
#4231=ORIENTED_EDGE('',*,*,#3071,.F.);
#4232=ORIENTED_EDGE('',*,*,#3060,.F.);
#4233=ORIENTED_EDGE('',*,*,#2825,.T.);
#4234=ORIENTED_EDGE('',*,*,#3072,.F.);
#4235=ORIENTED_EDGE('',*,*,#2836,.T.);
#4236=ORIENTED_EDGE('',*,*,#3073,.F.);
#4237=ORIENTED_EDGE('',*,*,#3074,.F.);
#4238=ORIENTED_EDGE('',*,*,#3075,.F.);
#4239=ORIENTED_EDGE('',*,*,#3076,.T.);
#4240=ORIENTED_EDGE('',*,*,#3077,.T.);
#4241=ORIENTED_EDGE('',*,*,#3078,.T.);
#4242=ORIENTED_EDGE('',*,*,#3079,.T.);
#4243=ORIENTED_EDGE('',*,*,#3080,.T.);
#4244=ORIENTED_EDGE('',*,*,#3081,.T.);
#4245=ORIENTED_EDGE('',*,*,#3082,.T.);
#4246=ORIENTED_EDGE('',*,*,#3083,.T.);
#4247=ORIENTED_EDGE('',*,*,#3084,.T.);
#4248=ORIENTED_EDGE('',*,*,#3073,.T.);
#4249=ORIENTED_EDGE('',*,*,#2838,.F.);
#4250=ORIENTED_EDGE('',*,*,#2842,.F.);
#4251=ORIENTED_EDGE('',*,*,#3085,.T.);
#4252=ORIENTED_EDGE('',*,*,#3086,.T.);
#4253=ORIENTED_EDGE('',*,*,#3087,.T.);
#4254=ORIENTED_EDGE('',*,*,#3088,.T.);
#4255=ORIENTED_EDGE('',*,*,#3089,.T.);
#4256=ORIENTED_EDGE('',*,*,#3090,.T.);
#4257=ORIENTED_EDGE('',*,*,#3091,.T.);
#4258=ORIENTED_EDGE('',*,*,#3092,.T.);
#4259=ORIENTED_EDGE('',*,*,#3093,.T.);
#4260=ORIENTED_EDGE('',*,*,#3094,.T.);
#4261=ORIENTED_EDGE('',*,*,#3095,.T.);
#4262=ORIENTED_EDGE('',*,*,#3096,.T.);
#4263=ORIENTED_EDGE('',*,*,#3097,.T.);
#4264=ORIENTED_EDGE('',*,*,#3098,.T.);
#4265=ORIENTED_EDGE('',*,*,#3099,.T.);
#4266=ORIENTED_EDGE('',*,*,#3100,.T.);
#4267=ORIENTED_EDGE('',*,*,#3101,.T.);
#4268=ORIENTED_EDGE('',*,*,#3102,.T.);
#4269=ORIENTED_EDGE('',*,*,#3103,.F.);
#4270=ORIENTED_EDGE('',*,*,#3085,.F.);
#4271=ORIENTED_EDGE('',*,*,#2841,.F.);
#4272=ORIENTED_EDGE('',*,*,#2844,.F.);
#4273=ORIENTED_EDGE('',*,*,#3104,.T.);
#4274=ORIENTED_EDGE('',*,*,#3105,.T.);
#4275=ORIENTED_EDGE('',*,*,#3106,.T.);
#4276=ORIENTED_EDGE('',*,*,#2864,.F.);
#4277=ORIENTED_EDGE('',*,*,#3107,.T.);
#4278=ORIENTED_EDGE('',*,*,#3104,.F.);
#4279=ORIENTED_EDGE('',*,*,#2863,.F.);
#4280=ORIENTED_EDGE('',*,*,#3108,.T.);
#4281=ORIENTED_EDGE('',*,*,#2870,.F.);
#4282=ORIENTED_EDGE('',*,*,#3109,.T.);
#4283=ORIENTED_EDGE('',*,*,#3110,.T.);
#4284=ORIENTED_EDGE('',*,*,#3108,.F.);
#4285=ORIENTED_EDGE('',*,*,#3111,.T.);
#4286=ORIENTED_EDGE('',*,*,#3109,.F.);
#4287=ORIENTED_EDGE('',*,*,#2869,.F.);
#4288=ORIENTED_EDGE('',*,*,#3112,.T.);
#4289=ORIENTED_EDGE('',*,*,#2868,.F.);
#4290=ORIENTED_EDGE('',*,*,#3113,.T.);
#4291=ORIENTED_EDGE('',*,*,#3114,.T.);
#4292=ORIENTED_EDGE('',*,*,#3112,.F.);
#4293=ORIENTED_EDGE('',*,*,#3115,.T.);
#4294=ORIENTED_EDGE('',*,*,#3113,.F.);
#4295=ORIENTED_EDGE('',*,*,#2867,.F.);
#4296=ORIENTED_EDGE('',*,*,#3116,.T.);
#4297=ORIENTED_EDGE('',*,*,#2866,.F.);
#4298=ORIENTED_EDGE('',*,*,#3117,.T.);
#4299=ORIENTED_EDGE('',*,*,#3118,.T.);
#4300=ORIENTED_EDGE('',*,*,#3116,.F.);
#4301=ORIENTED_EDGE('',*,*,#3119,.T.);
#4302=ORIENTED_EDGE('',*,*,#3117,.F.);
#4303=ORIENTED_EDGE('',*,*,#2865,.F.);
#4304=ORIENTED_EDGE('',*,*,#3106,.F.);
#4305=ORIENTED_EDGE('',*,*,#3103,.T.);
#4306=ORIENTED_EDGE('',*,*,#2843,.F.);
#4307=ORIENTED_EDGE('',*,*,#3120,.T.);
#4308=ORIENTED_EDGE('',*,*,#3086,.F.);
#4309=ORIENTED_EDGE('',*,*,#3087,.F.);
#4310=ORIENTED_EDGE('',*,*,#3120,.F.);
#4311=ORIENTED_EDGE('',*,*,#2862,.F.);
#4312=ORIENTED_EDGE('',*,*,#3121,.T.);
#4313=ORIENTED_EDGE('',*,*,#3121,.F.);
#4314=ORIENTED_EDGE('',*,*,#2861,.F.);
#4315=ORIENTED_EDGE('',*,*,#3122,.T.);
#4316=ORIENTED_EDGE('',*,*,#3088,.F.);
#4317=ORIENTED_EDGE('',*,*,#3123,.F.);
#4318=ORIENTED_EDGE('',*,*,#3089,.F.);
#4319=ORIENTED_EDGE('',*,*,#3122,.F.);
#4320=ORIENTED_EDGE('',*,*,#2860,.F.);
#4321=ORIENTED_EDGE('',*,*,#3090,.F.);
#4322=ORIENTED_EDGE('',*,*,#3123,.T.);
#4323=ORIENTED_EDGE('',*,*,#2859,.F.);
#4324=ORIENTED_EDGE('',*,*,#3124,.T.);
#4325=ORIENTED_EDGE('',*,*,#3125,.F.);
#4326=ORIENTED_EDGE('',*,*,#3091,.F.);
#4327=ORIENTED_EDGE('',*,*,#3124,.F.);
#4328=ORIENTED_EDGE('',*,*,#2858,.F.);
#4329=ORIENTED_EDGE('',*,*,#3125,.T.);
#4330=ORIENTED_EDGE('',*,*,#2857,.F.);
#4331=ORIENTED_EDGE('',*,*,#3126,.T.);
#4332=ORIENTED_EDGE('',*,*,#3092,.F.);
#4333=ORIENTED_EDGE('',*,*,#3093,.F.);
#4334=ORIENTED_EDGE('',*,*,#3126,.F.);
#4335=ORIENTED_EDGE('',*,*,#2856,.F.);
#4336=ORIENTED_EDGE('',*,*,#3127,.T.);
#4337=ORIENTED_EDGE('',*,*,#3127,.F.);
#4338=ORIENTED_EDGE('',*,*,#2855,.F.);
#4339=ORIENTED_EDGE('',*,*,#3128,.T.);
#4340=ORIENTED_EDGE('',*,*,#3094,.F.);
#4341=ORIENTED_EDGE('',*,*,#3129,.F.);
#4342=ORIENTED_EDGE('',*,*,#3076,.F.);
#4343=ORIENTED_EDGE('',*,*,#3128,.F.);
#4344=ORIENTED_EDGE('',*,*,#2854,.F.);
#4345=ORIENTED_EDGE('',*,*,#3077,.F.);
#4346=ORIENTED_EDGE('',*,*,#3129,.T.);
#4347=ORIENTED_EDGE('',*,*,#2853,.F.);
#4348=ORIENTED_EDGE('',*,*,#3130,.T.);
#4349=ORIENTED_EDGE('',*,*,#3078,.F.);
#4350=ORIENTED_EDGE('',*,*,#3130,.F.);
#4351=ORIENTED_EDGE('',*,*,#2852,.F.);
#4352=ORIENTED_EDGE('',*,*,#3131,.T.);
#4353=ORIENTED_EDGE('',*,*,#3132,.T.);
#4354=ORIENTED_EDGE('',*,*,#3133,.T.);
#4355=ORIENTED_EDGE('',*,*,#3134,.T.);
#4356=ORIENTED_EDGE('',*,*,#3135,.T.);
#4357=ORIENTED_EDGE('',*,*,#2884,.F.);
#4358=ORIENTED_EDGE('',*,*,#3136,.T.);
#4359=ORIENTED_EDGE('',*,*,#3131,.F.);
#4360=ORIENTED_EDGE('',*,*,#2851,.F.);
#4361=ORIENTED_EDGE('',*,*,#3137,.F.);
#4362=ORIENTED_EDGE('',*,*,#3081,.F.);
#4363=ORIENTED_EDGE('',*,*,#3138,.F.);
#4364=ORIENTED_EDGE('',*,*,#2849,.F.);
#4365=ORIENTED_EDGE('',*,*,#3082,.F.);
#4366=ORIENTED_EDGE('',*,*,#3137,.T.);
#4367=ORIENTED_EDGE('',*,*,#2848,.F.);
#4368=ORIENTED_EDGE('',*,*,#3139,.F.);
#4369=ORIENTED_EDGE('',*,*,#3140,.F.);
#4370=ORIENTED_EDGE('',*,*,#3083,.F.);
#4371=ORIENTED_EDGE('',*,*,#3139,.T.);
#4372=ORIENTED_EDGE('',*,*,#2847,.F.);
#4373=ORIENTED_EDGE('',*,*,#3141,.F.);
#4374=ORIENTED_EDGE('',*,*,#3074,.T.);
#4375=ORIENTED_EDGE('',*,*,#3084,.F.);
#4376=ORIENTED_EDGE('',*,*,#3140,.T.);
#4377=ORIENTED_EDGE('',*,*,#2846,.F.);
#4378=ORIENTED_EDGE('',*,*,#2873,.F.);
#4379=ORIENTED_EDGE('',*,*,#3142,.F.);
#4380=ORIENTED_EDGE('',*,*,#3075,.T.);
#4381=ORIENTED_EDGE('',*,*,#3141,.T.);
#4382=ORIENTED_EDGE('',*,*,#2872,.F.);
#4383=ORIENTED_EDGE('',*,*,#2895,.F.);
#4384=ORIENTED_EDGE('',*,*,#3143,.F.);
#4385=ORIENTED_EDGE('',*,*,#3061,.F.);
#4386=ORIENTED_EDGE('',*,*,#3071,.T.);
#4387=ORIENTED_EDGE('',*,*,#3006,.T.);
#4388=ORIENTED_EDGE('',*,*,#2874,.F.);
#4389=ORIENTED_EDGE('',*,*,#2792,.F.);
#4390=ORIENTED_EDGE('',*,*,#3027,.T.);
#4391=ORIENTED_EDGE('',*,*,#3144,.F.);
#4392=ORIENTED_EDGE('',*,*,#3145,.F.);
#4393=ORIENTED_EDGE('',*,*,#3143,.T.);
#4394=ORIENTED_EDGE('',*,*,#2894,.F.);
#4395=ORIENTED_EDGE('',*,*,#3146,.T.);
#4396=ORIENTED_EDGE('',*,*,#3144,.T.);
#4397=ORIENTED_EDGE('',*,*,#2893,.F.);
#4398=ORIENTED_EDGE('',*,*,#3147,.T.);
#4399=ORIENTED_EDGE('',*,*,#3148,.F.);
#4400=ORIENTED_EDGE('',*,*,#3149,.F.);
#4401=ORIENTED_EDGE('',*,*,#3147,.F.);
#4402=ORIENTED_EDGE('',*,*,#2892,.F.);
#4403=ORIENTED_EDGE('',*,*,#3150,.T.);
#4404=ORIENTED_EDGE('',*,*,#3148,.T.);
#4405=ORIENTED_EDGE('',*,*,#2891,.F.);
#4406=ORIENTED_EDGE('',*,*,#3151,.T.);
#4407=ORIENTED_EDGE('',*,*,#3152,.F.);
#4408=ORIENTED_EDGE('',*,*,#3153,.F.);
#4409=ORIENTED_EDGE('',*,*,#3151,.F.);
#4410=ORIENTED_EDGE('',*,*,#2890,.F.);
#4411=ORIENTED_EDGE('',*,*,#3154,.F.);
#4412=ORIENTED_EDGE('',*,*,#3152,.T.);
#4413=ORIENTED_EDGE('',*,*,#2889,.F.);
#4414=ORIENTED_EDGE('',*,*,#3155,.F.);
#4415=ORIENTED_EDGE('',*,*,#3156,.F.);
#4416=ORIENTED_EDGE('',*,*,#3157,.F.);
#4417=ORIENTED_EDGE('',*,*,#3155,.T.);
#4418=ORIENTED_EDGE('',*,*,#2888,.F.);
#4419=ORIENTED_EDGE('',*,*,#3158,.T.);
#4420=ORIENTED_EDGE('',*,*,#3156,.T.);
#4421=ORIENTED_EDGE('',*,*,#2887,.F.);
#4422=ORIENTED_EDGE('',*,*,#3159,.T.);
#4423=ORIENTED_EDGE('',*,*,#3160,.F.);
#4424=ORIENTED_EDGE('',*,*,#3161,.F.);
#4425=ORIENTED_EDGE('',*,*,#3159,.F.);
#4426=ORIENTED_EDGE('',*,*,#2886,.F.);
#4427=ORIENTED_EDGE('',*,*,#3160,.T.);
#4428=ORIENTED_EDGE('',*,*,#2885,.F.);
#4429=ORIENTED_EDGE('',*,*,#3135,.F.);
#4430=ORIENTED_EDGE('',*,*,#3162,.F.);
#4431=ORIENTED_EDGE('',*,*,#3163,.F.);
#4432=ORIENTED_EDGE('',*,*,#3164,.F.);
#4433=ORIENTED_EDGE('',*,*,#3165,.F.);
#4434=ORIENTED_EDGE('',*,*,#3166,.F.);
#4435=ORIENTED_EDGE('',*,*,#3132,.F.);
#4436=ORIENTED_EDGE('',*,*,#3136,.F.);
#4437=ORIENTED_EDGE('',*,*,#2883,.F.);
#4438=ORIENTED_EDGE('',*,*,#3167,.F.);
#4439=ORIENTED_EDGE('',*,*,#3167,.T.);
#4440=ORIENTED_EDGE('',*,*,#2882,.F.);
#4441=ORIENTED_EDGE('',*,*,#3168,.T.);
#4442=ORIENTED_EDGE('',*,*,#3169,.T.);
#4443=ORIENTED_EDGE('',*,*,#3170,.T.);
#4444=ORIENTED_EDGE('',*,*,#3168,.F.);
#4445=ORIENTED_EDGE('',*,*,#2881,.F.);
#4446=ORIENTED_EDGE('',*,*,#3171,.T.);
#4447=ORIENTED_EDGE('',*,*,#3171,.F.);
#4448=ORIENTED_EDGE('',*,*,#2880,.F.);
#4449=ORIENTED_EDGE('',*,*,#3172,.T.);
#4450=ORIENTED_EDGE('',*,*,#3173,.T.);
#4451=ORIENTED_EDGE('',*,*,#3174,.T.);
#4452=ORIENTED_EDGE('',*,*,#3172,.F.);
#4453=ORIENTED_EDGE('',*,*,#2879,.F.);
#4454=ORIENTED_EDGE('',*,*,#3175,.T.);
#4455=ORIENTED_EDGE('',*,*,#2878,.F.);
#4456=ORIENTED_EDGE('',*,*,#3176,.T.);
#4457=ORIENTED_EDGE('',*,*,#3177,.T.);
#4458=ORIENTED_EDGE('',*,*,#3175,.F.);
#4459=ORIENTED_EDGE('',*,*,#2897,.T.);
#4460=ORIENTED_EDGE('',*,*,#3178,.T.);
#4461=ORIENTED_EDGE('',*,*,#3176,.F.);
#4462=ORIENTED_EDGE('',*,*,#2877,.F.);
#4463=ORIENTED_EDGE('',*,*,#2902,.T.);
#4464=ORIENTED_EDGE('',*,*,#3179,.F.);
#4465=ORIENTED_EDGE('',*,*,#3180,.F.);
#4466=ORIENTED_EDGE('',*,*,#3181,.F.);
#4467=ORIENTED_EDGE('',*,*,#3179,.T.);
#4468=ORIENTED_EDGE('',*,*,#2904,.T.);
#4469=ORIENTED_EDGE('',*,*,#3182,.F.);
#4470=ORIENTED_EDGE('',*,*,#2907,.T.);
#4471=ORIENTED_EDGE('',*,*,#3183,.F.);
#4472=ORIENTED_EDGE('',*,*,#3182,.T.);
#4473=ORIENTED_EDGE('',*,*,#3184,.F.);
#4474=ORIENTED_EDGE('',*,*,#3185,.F.);
#4475=ORIENTED_EDGE('',*,*,#3183,.T.);
#4476=ORIENTED_EDGE('',*,*,#2908,.T.);
#4477=ORIENTED_EDGE('',*,*,#2911,.T.);
#4478=ORIENTED_EDGE('',*,*,#3186,.F.);
#4479=ORIENTED_EDGE('',*,*,#3184,.T.);
#4480=ORIENTED_EDGE('',*,*,#3187,.F.);
#4481=ORIENTED_EDGE('',*,*,#3186,.T.);
#4482=ORIENTED_EDGE('',*,*,#2912,.T.);
#4483=ORIENTED_EDGE('',*,*,#3188,.F.);
#4484=ORIENTED_EDGE('',*,*,#2915,.T.);
#4485=ORIENTED_EDGE('',*,*,#3189,.F.);
#4486=ORIENTED_EDGE('',*,*,#3188,.T.);
#4487=ORIENTED_EDGE('',*,*,#3190,.F.);
#4488=ORIENTED_EDGE('',*,*,#3189,.T.);
#4489=ORIENTED_EDGE('',*,*,#2916,.T.);
#4490=ORIENTED_EDGE('',*,*,#3180,.T.);
#4491=ORIENTED_EDGE('',*,*,#2923,.T.);
#4492=ORIENTED_EDGE('',*,*,#2925,.T.);
#4493=ORIENTED_EDGE('',*,*,#2928,.T.);
#4494=ORIENTED_EDGE('',*,*,#2920,.T.);
#4495=ORIENTED_EDGE('',*,*,#3191,.T.);
#4496=ORIENTED_EDGE('',*,*,#3192,.T.);
#4497=ORIENTED_EDGE('',*,*,#3193,.T.);
#4498=ORIENTED_EDGE('',*,*,#2933,.T.);
#4499=ORIENTED_EDGE('',*,*,#2934,.T.);
#4500=ORIENTED_EDGE('',*,*,#3193,.F.);
#4501=ORIENTED_EDGE('',*,*,#3194,.F.);
#4502=ORIENTED_EDGE('',*,*,#3195,.F.);
#4503=ORIENTED_EDGE('',*,*,#3195,.T.);
#4504=ORIENTED_EDGE('',*,*,#3196,.T.);
#4505=ORIENTED_EDGE('',*,*,#3197,.T.);
#4506=ORIENTED_EDGE('',*,*,#2937,.T.);
#4507=ORIENTED_EDGE('',*,*,#3197,.F.);
#4508=ORIENTED_EDGE('',*,*,#3198,.T.);
#4509=ORIENTED_EDGE('',*,*,#3199,.T.);
#4510=ORIENTED_EDGE('',*,*,#2938,.T.);
#4511=ORIENTED_EDGE('',*,*,#3199,.F.);
#4512=ORIENTED_EDGE('',*,*,#3200,.T.);
#4513=ORIENTED_EDGE('',*,*,#3201,.T.);
#4514=ORIENTED_EDGE('',*,*,#2940,.T.);
#4515=ORIENTED_EDGE('',*,*,#3201,.F.);
#4516=ORIENTED_EDGE('',*,*,#3202,.T.);
#4517=ORIENTED_EDGE('',*,*,#3203,.T.);
#4518=ORIENTED_EDGE('',*,*,#2942,.T.);
#4519=ORIENTED_EDGE('',*,*,#3204,.T.);
#4520=ORIENTED_EDGE('',*,*,#2944,.T.);
#4521=ORIENTED_EDGE('',*,*,#3203,.F.);
#4522=ORIENTED_EDGE('',*,*,#3205,.T.);
#4523=ORIENTED_EDGE('',*,*,#3191,.F.);
#4524=ORIENTED_EDGE('',*,*,#2946,.T.);
#4525=ORIENTED_EDGE('',*,*,#3204,.F.);
#4526=ORIENTED_EDGE('',*,*,#3206,.T.);
#4527=ORIENTED_EDGE('',*,*,#3207,.T.);
#4528=ORIENTED_EDGE('',*,*,#3208,.T.);
#4529=ORIENTED_EDGE('',*,*,#3209,.T.);
#4530=ORIENTED_EDGE('',*,*,#2949,.T.);
#4531=ORIENTED_EDGE('',*,*,#3210,.T.);
#4532=ORIENTED_EDGE('',*,*,#2950,.T.);
#4533=ORIENTED_EDGE('',*,*,#3209,.F.);
#4534=ORIENTED_EDGE('',*,*,#3211,.T.);
#4535=ORIENTED_EDGE('',*,*,#3210,.F.);
#4536=ORIENTED_EDGE('',*,*,#3212,.T.);
#4537=ORIENTED_EDGE('',*,*,#3213,.T.);
#4538=ORIENTED_EDGE('',*,*,#2953,.T.);
#4539=ORIENTED_EDGE('',*,*,#3214,.T.);
#4540=ORIENTED_EDGE('',*,*,#2954,.T.);
#4541=ORIENTED_EDGE('',*,*,#3213,.F.);
#4542=ORIENTED_EDGE('',*,*,#3215,.T.);
#4543=ORIENTED_EDGE('',*,*,#2956,.T.);
#4544=ORIENTED_EDGE('',*,*,#3214,.F.);
#4545=ORIENTED_EDGE('',*,*,#3216,.T.);
#4546=ORIENTED_EDGE('',*,*,#3217,.T.);
#4547=ORIENTED_EDGE('',*,*,#2958,.T.);
#4548=ORIENTED_EDGE('',*,*,#3217,.F.);
#4549=ORIENTED_EDGE('',*,*,#3218,.T.);
#4550=ORIENTED_EDGE('',*,*,#3219,.T.);
#4551=ORIENTED_EDGE('',*,*,#3219,.F.);
#4552=ORIENTED_EDGE('',*,*,#3220,.T.);
#4553=ORIENTED_EDGE('',*,*,#3221,.T.);
#4554=ORIENTED_EDGE('',*,*,#2960,.T.);
#4555=ORIENTED_EDGE('',*,*,#3221,.F.);
#4556=ORIENTED_EDGE('',*,*,#3222,.F.);
#4557=ORIENTED_EDGE('',*,*,#3207,.F.);
#4558=ORIENTED_EDGE('',*,*,#2962,.T.);
#4559=ORIENTED_EDGE('',*,*,#2974,.F.);
#4560=ORIENTED_EDGE('',*,*,#2976,.T.);
#4561=ORIENTED_EDGE('',*,*,#2980,.T.);
#4562=ORIENTED_EDGE('',*,*,#3223,.T.);
#4563=ORIENTED_EDGE('',*,*,#2984,.T.);
#4564=ORIENTED_EDGE('',*,*,#2989,.F.);
#4565=ORIENTED_EDGE('',*,*,#2991,.F.);
#4566=ORIENTED_EDGE('',*,*,#2993,.F.);
#4567=ORIENTED_EDGE('',*,*,#2995,.T.);
#4568=ORIENTED_EDGE('',*,*,#2997,.F.);
#4569=ORIENTED_EDGE('',*,*,#2999,.F.);
#4570=ORIENTED_EDGE('',*,*,#3001,.F.);
#4571=ORIENTED_EDGE('',*,*,#3003,.F.);
#4572=ORIENTED_EDGE('',*,*,#3005,.F.);
#4573=ORIENTED_EDGE('',*,*,#3008,.T.);
#4574=ORIENTED_EDGE('',*,*,#3070,.T.);
#4575=ORIENTED_EDGE('',*,*,#2827,.T.);
#4576=ORIENTED_EDGE('',*,*,#2963,.T.);
#4577=ORIENTED_EDGE('',*,*,#2769,.T.);
#4578=ORIENTED_EDGE('',*,*,#2966,.T.);
#4579=ORIENTED_EDGE('',*,*,#2968,.F.);
#4580=ORIENTED_EDGE('',*,*,#2970,.F.);
#4581=ORIENTED_EDGE('',*,*,#2972,.T.);
#4582=ORIENTED_EDGE('',*,*,#2964,.T.);
#4583=ORIENTED_EDGE('',*,*,#2834,.T.);
#4584=ORIENTED_EDGE('',*,*,#3072,.T.);
#4585=ORIENTED_EDGE('',*,*,#3142,.T.);
#4586=ORIENTED_EDGE('',*,*,#3145,.T.);
#4587=ORIENTED_EDGE('',*,*,#3146,.F.);
#4588=ORIENTED_EDGE('',*,*,#3149,.T.);
#4589=ORIENTED_EDGE('',*,*,#3150,.F.);
#4590=ORIENTED_EDGE('',*,*,#3153,.T.);
#4591=ORIENTED_EDGE('',*,*,#3154,.T.);
#4592=ORIENTED_EDGE('',*,*,#3157,.T.);
#4593=ORIENTED_EDGE('',*,*,#3158,.F.);
#4594=ORIENTED_EDGE('',*,*,#3161,.T.);
#4595=ORIENTED_EDGE('',*,*,#3164,.T.);
#4596=ORIENTED_EDGE('',*,*,#3224,.T.);
#4597=ORIENTED_EDGE('',*,*,#3165,.T.);
#4598=ORIENTED_EDGE('',*,*,#3169,.F.);
#4599=ORIENTED_EDGE('',*,*,#3170,.F.);
#4600=ORIENTED_EDGE('',*,*,#3173,.F.);
#4601=ORIENTED_EDGE('',*,*,#3174,.F.);
#4602=ORIENTED_EDGE('',*,*,#3177,.F.);
#4603=ORIENTED_EDGE('',*,*,#3178,.F.);
#4604=ORIENTED_EDGE('',*,*,#2896,.T.);
#4605=ORIENTED_EDGE('',*,*,#2986,.T.);
#4606=ORIENTED_EDGE('',*,*,#3225,.F.);
#4607=ORIENTED_EDGE('',*,*,#3058,.F.);
#4608=ORIENTED_EDGE('',*,*,#3030,.T.);
#4609=ORIENTED_EDGE('',*,*,#2809,.F.);
#4610=ORIENTED_EDGE('',*,*,#2983,.F.);
#4611=ORIENTED_EDGE('',*,*,#3010,.F.);
#4612=ORIENTED_EDGE('',*,*,#3226,.F.);
#4613=ORIENTED_EDGE('',*,*,#3227,.F.);
#4614=ORIENTED_EDGE('',*,*,#3228,.F.);
#4615=ORIENTED_EDGE('',*,*,#3229,.F.);
#4616=ORIENTED_EDGE('',*,*,#3226,.T.);
#4617=ORIENTED_EDGE('',*,*,#3012,.F.);
#4618=ORIENTED_EDGE('',*,*,#3230,.F.);
#4619=ORIENTED_EDGE('',*,*,#3230,.T.);
#4620=ORIENTED_EDGE('',*,*,#3015,.F.);
#4621=ORIENTED_EDGE('',*,*,#3231,.F.);
#4622=ORIENTED_EDGE('',*,*,#3232,.F.);
#4623=ORIENTED_EDGE('',*,*,#3233,.F.);
#4624=ORIENTED_EDGE('',*,*,#3231,.T.);
#4625=ORIENTED_EDGE('',*,*,#3016,.F.);
#4626=ORIENTED_EDGE('',*,*,#3234,.F.);
#4627=ORIENTED_EDGE('',*,*,#3234,.T.);
#4628=ORIENTED_EDGE('',*,*,#3019,.F.);
#4629=ORIENTED_EDGE('',*,*,#3235,.F.);
#4630=ORIENTED_EDGE('',*,*,#3236,.F.);
#4631=ORIENTED_EDGE('',*,*,#3237,.F.);
#4632=ORIENTED_EDGE('',*,*,#3235,.T.);
#4633=ORIENTED_EDGE('',*,*,#3020,.F.);
#4634=ORIENTED_EDGE('',*,*,#3238,.F.);
#4635=ORIENTED_EDGE('',*,*,#3238,.T.);
#4636=ORIENTED_EDGE('',*,*,#3023,.F.);
#4637=ORIENTED_EDGE('',*,*,#3239,.F.);
#4638=ORIENTED_EDGE('',*,*,#3240,.F.);
#4639=ORIENTED_EDGE('',*,*,#3241,.F.);
#4640=ORIENTED_EDGE('',*,*,#3239,.T.);
#4641=ORIENTED_EDGE('',*,*,#3024,.F.);
#4642=ORIENTED_EDGE('',*,*,#3228,.T.);
#4643=ORIENTED_EDGE('',*,*,#3242,.T.);
#4644=ORIENTED_EDGE('',*,*,#3243,.T.);
#4645=ORIENTED_EDGE('',*,*,#3063,.F.);
#4646=ORIENTED_EDGE('',*,*,#3244,.T.);
#4647=ORIENTED_EDGE('',*,*,#3245,.T.);
#4648=ORIENTED_EDGE('',*,*,#3244,.F.);
#4649=ORIENTED_EDGE('',*,*,#3062,.F.);
#4650=ORIENTED_EDGE('',*,*,#3246,.T.);
#4651=ORIENTED_EDGE('',*,*,#3246,.F.);
#4652=ORIENTED_EDGE('',*,*,#3069,.F.);
#4653=ORIENTED_EDGE('',*,*,#3247,.T.);
#4654=ORIENTED_EDGE('',*,*,#3248,.T.);
#4655=ORIENTED_EDGE('',*,*,#3249,.F.);
#4656=ORIENTED_EDGE('',*,*,#3247,.F.);
#4657=ORIENTED_EDGE('',*,*,#3068,.F.);
#4658=ORIENTED_EDGE('',*,*,#3250,.F.);
#4659=ORIENTED_EDGE('',*,*,#3250,.T.);
#4660=ORIENTED_EDGE('',*,*,#3067,.F.);
#4661=ORIENTED_EDGE('',*,*,#3251,.T.);
#4662=ORIENTED_EDGE('',*,*,#3252,.T.);
#4663=ORIENTED_EDGE('',*,*,#3253,.T.);
#4664=ORIENTED_EDGE('',*,*,#3251,.F.);
#4665=ORIENTED_EDGE('',*,*,#3066,.F.);
#4666=ORIENTED_EDGE('',*,*,#3254,.T.);
#4667=ORIENTED_EDGE('',*,*,#3254,.F.);
#4668=ORIENTED_EDGE('',*,*,#3065,.F.);
#4669=ORIENTED_EDGE('',*,*,#3255,.T.);
#4670=ORIENTED_EDGE('',*,*,#3256,.T.);
#4671=ORIENTED_EDGE('',*,*,#3257,.T.);
#4672=ORIENTED_EDGE('',*,*,#3255,.F.);
#4673=ORIENTED_EDGE('',*,*,#3064,.F.);
#4674=ORIENTED_EDGE('',*,*,#3243,.F.);
#4675=ORIENTED_EDGE('',*,*,#3223,.F.);
#4676=ORIENTED_EDGE('',*,*,#2979,.F.);
#4677=ORIENTED_EDGE('',*,*,#3034,.F.);
#4678=ORIENTED_EDGE('',*,*,#3059,.F.);
#4679=ORIENTED_EDGE('',*,*,#3225,.T.);
#4680=ORIENTED_EDGE('',*,*,#2985,.F.);
#4681=ORIENTED_EDGE('',*,*,#3258,.T.);
#4682=ORIENTED_EDGE('',*,*,#3259,.T.);
#4683=ORIENTED_EDGE('',*,*,#3096,.F.);
#4684=ORIENTED_EDGE('',*,*,#3260,.T.);
#4685=ORIENTED_EDGE('',*,*,#3261,.T.);
#4686=ORIENTED_EDGE('',*,*,#3260,.F.);
#4687=ORIENTED_EDGE('',*,*,#3095,.F.);
#4688=ORIENTED_EDGE('',*,*,#3262,.T.);
#4689=ORIENTED_EDGE('',*,*,#3262,.F.);
#4690=ORIENTED_EDGE('',*,*,#3102,.F.);
#4691=ORIENTED_EDGE('',*,*,#3263,.T.);
#4692=ORIENTED_EDGE('',*,*,#3264,.T.);
#4693=ORIENTED_EDGE('',*,*,#3265,.F.);
#4694=ORIENTED_EDGE('',*,*,#3263,.F.);
#4695=ORIENTED_EDGE('',*,*,#3101,.F.);
#4696=ORIENTED_EDGE('',*,*,#3266,.F.);
#4697=ORIENTED_EDGE('',*,*,#3100,.F.);
#4698=ORIENTED_EDGE('',*,*,#3267,.T.);
#4699=ORIENTED_EDGE('',*,*,#3268,.T.);
#4700=ORIENTED_EDGE('',*,*,#3266,.T.);
#4701=ORIENTED_EDGE('',*,*,#3269,.T.);
#4702=ORIENTED_EDGE('',*,*,#3267,.F.);
#4703=ORIENTED_EDGE('',*,*,#3099,.F.);
#4704=ORIENTED_EDGE('',*,*,#3270,.T.);
#4705=ORIENTED_EDGE('',*,*,#3098,.F.);
#4706=ORIENTED_EDGE('',*,*,#3271,.T.);
#4707=ORIENTED_EDGE('',*,*,#3272,.T.);
#4708=ORIENTED_EDGE('',*,*,#3270,.F.);
#4709=ORIENTED_EDGE('',*,*,#3273,.T.);
#4710=ORIENTED_EDGE('',*,*,#3271,.F.);
#4711=ORIENTED_EDGE('',*,*,#3097,.F.);
#4712=ORIENTED_EDGE('',*,*,#3259,.F.);
#4713=ORIENTED_EDGE('',*,*,#3224,.F.);
#4714=ORIENTED_EDGE('',*,*,#3163,.T.);
#4715=ORIENTED_EDGE('',*,*,#3274,.F.);
#4716=ORIENTED_EDGE('',*,*,#3079,.F.);
#4717=ORIENTED_EDGE('',*,*,#3133,.F.);
#4718=ORIENTED_EDGE('',*,*,#3166,.T.);
#4719=ORIENTED_EDGE('',*,*,#3275,.F.);
#4720=ORIENTED_EDGE('',*,*,#3105,.F.);
#4721=ORIENTED_EDGE('',*,*,#3276,.F.);
#4722=ORIENTED_EDGE('',*,*,#3277,.F.);
#4723=ORIENTED_EDGE('',*,*,#3278,.F.);
#4724=ORIENTED_EDGE('',*,*,#3276,.T.);
#4725=ORIENTED_EDGE('',*,*,#3107,.F.);
#4726=ORIENTED_EDGE('',*,*,#3279,.F.);
#4727=ORIENTED_EDGE('',*,*,#3279,.T.);
#4728=ORIENTED_EDGE('',*,*,#3110,.F.);
#4729=ORIENTED_EDGE('',*,*,#3280,.F.);
#4730=ORIENTED_EDGE('',*,*,#3281,.F.);
#4731=ORIENTED_EDGE('',*,*,#3282,.F.);
#4732=ORIENTED_EDGE('',*,*,#3280,.T.);
#4733=ORIENTED_EDGE('',*,*,#3111,.F.);
#4734=ORIENTED_EDGE('',*,*,#3283,.F.);
#4735=ORIENTED_EDGE('',*,*,#3283,.T.);
#4736=ORIENTED_EDGE('',*,*,#3114,.F.);
#4737=ORIENTED_EDGE('',*,*,#3284,.F.);
#4738=ORIENTED_EDGE('',*,*,#3285,.F.);
#4739=ORIENTED_EDGE('',*,*,#3286,.F.);
#4740=ORIENTED_EDGE('',*,*,#3284,.T.);
#4741=ORIENTED_EDGE('',*,*,#3115,.F.);
#4742=ORIENTED_EDGE('',*,*,#3287,.F.);
#4743=ORIENTED_EDGE('',*,*,#3118,.F.);
#4744=ORIENTED_EDGE('',*,*,#3288,.F.);
#4745=ORIENTED_EDGE('',*,*,#3289,.F.);
#4746=ORIENTED_EDGE('',*,*,#3287,.T.);
#4747=ORIENTED_EDGE('',*,*,#3290,.F.);
#4748=ORIENTED_EDGE('',*,*,#3288,.T.);
#4749=ORIENTED_EDGE('',*,*,#3119,.F.);
#4750=ORIENTED_EDGE('',*,*,#3275,.T.);
#4751=ORIENTED_EDGE('',*,*,#3080,.F.);
#4752=ORIENTED_EDGE('',*,*,#3274,.T.);
#4753=ORIENTED_EDGE('',*,*,#3162,.T.);
#4754=ORIENTED_EDGE('',*,*,#3134,.F.);
#4755=ORIENTED_EDGE('',*,*,#2850,.F.);
#4756=ORIENTED_EDGE('',*,*,#3138,.T.);
#4757=ORIENTED_EDGE('',*,*,#3187,.T.);
#4758=ORIENTED_EDGE('',*,*,#3190,.T.);
#4759=ORIENTED_EDGE('',*,*,#3181,.T.);
#4760=ORIENTED_EDGE('',*,*,#3185,.T.);
#4761=ORIENTED_EDGE('',*,*,#3192,.F.);
#4762=ORIENTED_EDGE('',*,*,#3291,.T.);
#4763=ORIENTED_EDGE('',*,*,#3292,.T.);
#4764=ORIENTED_EDGE('',*,*,#3293,.T.);
#4765=ORIENTED_EDGE('',*,*,#3194,.T.);
#4766=ORIENTED_EDGE('',*,*,#3292,.F.);
#4767=ORIENTED_EDGE('',*,*,#3294,.T.);
#4768=ORIENTED_EDGE('',*,*,#3196,.F.);
#4769=ORIENTED_EDGE('',*,*,#3293,.F.);
#4770=ORIENTED_EDGE('',*,*,#3295,.T.);
#4771=ORIENTED_EDGE('',*,*,#3296,.T.);
#4772=ORIENTED_EDGE('',*,*,#3297,.T.);
#4773=ORIENTED_EDGE('',*,*,#3198,.F.);
#4774=ORIENTED_EDGE('',*,*,#3295,.F.);
#4775=ORIENTED_EDGE('',*,*,#3297,.F.);
#4776=ORIENTED_EDGE('',*,*,#3298,.T.);
#4777=ORIENTED_EDGE('',*,*,#3200,.F.);
#4778=ORIENTED_EDGE('',*,*,#3299,.T.);
#4779=ORIENTED_EDGE('',*,*,#3300,.T.);
#4780=ORIENTED_EDGE('',*,*,#3202,.F.);
#4781=ORIENTED_EDGE('',*,*,#3298,.F.);
#4782=ORIENTED_EDGE('',*,*,#3301,.T.);
#4783=ORIENTED_EDGE('',*,*,#3205,.F.);
#4784=ORIENTED_EDGE('',*,*,#3300,.F.);
#4785=ORIENTED_EDGE('',*,*,#3291,.F.);
#4786=ORIENTED_EDGE('',*,*,#3206,.F.);
#4787=ORIENTED_EDGE('',*,*,#3301,.F.);
#4788=ORIENTED_EDGE('',*,*,#3302,.T.);
#4789=ORIENTED_EDGE('',*,*,#3303,.T.);
#4790=ORIENTED_EDGE('',*,*,#3304,.T.);
#4791=ORIENTED_EDGE('',*,*,#3208,.F.);
#4792=ORIENTED_EDGE('',*,*,#3305,.T.);
#4793=ORIENTED_EDGE('',*,*,#3211,.F.);
#4794=ORIENTED_EDGE('',*,*,#3304,.F.);
#4795=ORIENTED_EDGE('',*,*,#3306,.T.);
#4796=ORIENTED_EDGE('',*,*,#3307,.T.);
#4797=ORIENTED_EDGE('',*,*,#3212,.F.);
#4798=ORIENTED_EDGE('',*,*,#3305,.F.);
#4799=ORIENTED_EDGE('',*,*,#3308,.T.);
#4800=ORIENTED_EDGE('',*,*,#3215,.F.);
#4801=ORIENTED_EDGE('',*,*,#3307,.F.);
#4802=ORIENTED_EDGE('',*,*,#3309,.T.);
#4803=ORIENTED_EDGE('',*,*,#3216,.F.);
#4804=ORIENTED_EDGE('',*,*,#3308,.F.);
#4805=ORIENTED_EDGE('',*,*,#3310,.T.);
#4806=ORIENTED_EDGE('',*,*,#3311,.T.);
#4807=ORIENTED_EDGE('',*,*,#3218,.F.);
#4808=ORIENTED_EDGE('',*,*,#3310,.F.);
#4809=ORIENTED_EDGE('',*,*,#3312,.T.);
#4810=ORIENTED_EDGE('',*,*,#3220,.F.);
#4811=ORIENTED_EDGE('',*,*,#3311,.F.);
#4812=ORIENTED_EDGE('',*,*,#3313,.T.);
#4813=ORIENTED_EDGE('',*,*,#3314,.T.);
#4814=ORIENTED_EDGE('',*,*,#3303,.F.);
#4815=ORIENTED_EDGE('',*,*,#3222,.T.);
#4816=ORIENTED_EDGE('',*,*,#3313,.F.);
#4817=ORIENTED_EDGE('',*,*,#3227,.T.);
#4818=ORIENTED_EDGE('',*,*,#3315,.F.);
#4819=ORIENTED_EDGE('',*,*,#3316,.F.);
#4820=ORIENTED_EDGE('',*,*,#3317,.F.);
#4821=ORIENTED_EDGE('',*,*,#3318,.F.);
#4822=ORIENTED_EDGE('',*,*,#3315,.T.);
#4823=ORIENTED_EDGE('',*,*,#3229,.T.);
#4824=ORIENTED_EDGE('',*,*,#3317,.T.);
#4825=ORIENTED_EDGE('',*,*,#3232,.T.);
#4826=ORIENTED_EDGE('',*,*,#3319,.F.);
#4827=ORIENTED_EDGE('',*,*,#3320,.F.);
#4828=ORIENTED_EDGE('',*,*,#3319,.T.);
#4829=ORIENTED_EDGE('',*,*,#3233,.T.);
#4830=ORIENTED_EDGE('',*,*,#3321,.F.);
#4831=ORIENTED_EDGE('',*,*,#3321,.T.);
#4832=ORIENTED_EDGE('',*,*,#3236,.T.);
#4833=ORIENTED_EDGE('',*,*,#3322,.F.);
#4834=ORIENTED_EDGE('',*,*,#3323,.F.);
#4835=ORIENTED_EDGE('',*,*,#3322,.T.);
#4836=ORIENTED_EDGE('',*,*,#3237,.T.);
#4837=ORIENTED_EDGE('',*,*,#3324,.F.);
#4838=ORIENTED_EDGE('',*,*,#3324,.T.);
#4839=ORIENTED_EDGE('',*,*,#3240,.T.);
#4840=ORIENTED_EDGE('',*,*,#3325,.F.);
#4841=ORIENTED_EDGE('',*,*,#3316,.T.);
#4842=ORIENTED_EDGE('',*,*,#3326,.F.);
#4843=ORIENTED_EDGE('',*,*,#3325,.T.);
#4844=ORIENTED_EDGE('',*,*,#3241,.T.);
#4845=ORIENTED_EDGE('',*,*,#3242,.F.);
#4846=ORIENTED_EDGE('',*,*,#3327,.T.);
#4847=ORIENTED_EDGE('',*,*,#3328,.T.);
#4848=ORIENTED_EDGE('',*,*,#3329,.T.);
#4849=ORIENTED_EDGE('',*,*,#3327,.F.);
#4850=ORIENTED_EDGE('',*,*,#3245,.F.);
#4851=ORIENTED_EDGE('',*,*,#3330,.T.);
#4852=ORIENTED_EDGE('',*,*,#3248,.F.);
#4853=ORIENTED_EDGE('',*,*,#3331,.T.);
#4854=ORIENTED_EDGE('',*,*,#3330,.F.);
#4855=ORIENTED_EDGE('',*,*,#3331,.F.);
#4856=ORIENTED_EDGE('',*,*,#3249,.T.);
#4857=ORIENTED_EDGE('',*,*,#3332,.T.);
#4858=ORIENTED_EDGE('',*,*,#3333,.T.);
#4859=ORIENTED_EDGE('',*,*,#3332,.F.);
#4860=ORIENTED_EDGE('',*,*,#3252,.F.);
#4861=ORIENTED_EDGE('',*,*,#3334,.T.);
#4862=ORIENTED_EDGE('',*,*,#3334,.F.);
#4863=ORIENTED_EDGE('',*,*,#3253,.F.);
#4864=ORIENTED_EDGE('',*,*,#3335,.T.);
#4865=ORIENTED_EDGE('',*,*,#3336,.T.);
#4866=ORIENTED_EDGE('',*,*,#3337,.T.);
#4867=ORIENTED_EDGE('',*,*,#3335,.F.);
#4868=ORIENTED_EDGE('',*,*,#3256,.F.);
#4869=ORIENTED_EDGE('',*,*,#3338,.T.);
#4870=ORIENTED_EDGE('',*,*,#3337,.F.);
#4871=ORIENTED_EDGE('',*,*,#3257,.F.);
#4872=ORIENTED_EDGE('',*,*,#3328,.F.);
#4873=ORIENTED_EDGE('',*,*,#3339,.T.);
#4874=ORIENTED_EDGE('',*,*,#3258,.F.);
#4875=ORIENTED_EDGE('',*,*,#3340,.T.);
#4876=ORIENTED_EDGE('',*,*,#3341,.T.);
#4877=ORIENTED_EDGE('',*,*,#3340,.F.);
#4878=ORIENTED_EDGE('',*,*,#3261,.F.);
#4879=ORIENTED_EDGE('',*,*,#3342,.T.);
#4880=ORIENTED_EDGE('',*,*,#3343,.T.);
#4881=ORIENTED_EDGE('',*,*,#3342,.F.);
#4882=ORIENTED_EDGE('',*,*,#3264,.F.);
#4883=ORIENTED_EDGE('',*,*,#3344,.T.);
#4884=ORIENTED_EDGE('',*,*,#3343,.F.);
#4885=ORIENTED_EDGE('',*,*,#3265,.T.);
#4886=ORIENTED_EDGE('',*,*,#3345,.T.);
#4887=ORIENTED_EDGE('',*,*,#3346,.T.);
#4888=ORIENTED_EDGE('',*,*,#3345,.F.);
#4889=ORIENTED_EDGE('',*,*,#3268,.F.);
#4890=ORIENTED_EDGE('',*,*,#3346,.F.);
#4891=ORIENTED_EDGE('',*,*,#3269,.F.);
#4892=ORIENTED_EDGE('',*,*,#3347,.T.);
#4893=ORIENTED_EDGE('',*,*,#3348,.T.);
#4894=ORIENTED_EDGE('',*,*,#3272,.F.);
#4895=ORIENTED_EDGE('',*,*,#3349,.T.);
#4896=ORIENTED_EDGE('',*,*,#3347,.F.);
#4897=ORIENTED_EDGE('',*,*,#3349,.F.);
#4898=ORIENTED_EDGE('',*,*,#3273,.F.);
#4899=ORIENTED_EDGE('',*,*,#3339,.F.);
#4900=ORIENTED_EDGE('',*,*,#3350,.T.);
#4901=ORIENTED_EDGE('',*,*,#3351,.F.);
#4902=ORIENTED_EDGE('',*,*,#3352,.F.);
#4903=ORIENTED_EDGE('',*,*,#3277,.T.);
#4904=ORIENTED_EDGE('',*,*,#3353,.F.);
#4905=ORIENTED_EDGE('',*,*,#3354,.F.);
#4906=ORIENTED_EDGE('',*,*,#3351,.T.);
#4907=ORIENTED_EDGE('',*,*,#3278,.T.);
#4908=ORIENTED_EDGE('',*,*,#3355,.F.);
#4909=ORIENTED_EDGE('',*,*,#3353,.T.);
#4910=ORIENTED_EDGE('',*,*,#3281,.T.);
#4911=ORIENTED_EDGE('',*,*,#3356,.F.);
#4912=ORIENTED_EDGE('',*,*,#3355,.T.);
#4913=ORIENTED_EDGE('',*,*,#3282,.T.);
#4914=ORIENTED_EDGE('',*,*,#3357,.F.);
#4915=ORIENTED_EDGE('',*,*,#3357,.T.);
#4916=ORIENTED_EDGE('',*,*,#3285,.T.);
#4917=ORIENTED_EDGE('',*,*,#3358,.F.);
#4918=ORIENTED_EDGE('',*,*,#3359,.F.);
#4919=ORIENTED_EDGE('',*,*,#3358,.T.);
#4920=ORIENTED_EDGE('',*,*,#3286,.T.);
#4921=ORIENTED_EDGE('',*,*,#3360,.F.);
#4922=ORIENTED_EDGE('',*,*,#3361,.F.);
#4923=ORIENTED_EDGE('',*,*,#3360,.T.);
#4924=ORIENTED_EDGE('',*,*,#3289,.T.);
#4925=ORIENTED_EDGE('',*,*,#3352,.T.);
#4926=ORIENTED_EDGE('',*,*,#3362,.F.);
#4927=ORIENTED_EDGE('',*,*,#3361,.T.);
#4928=ORIENTED_EDGE('',*,*,#3290,.T.);
#4929=ORIENTED_EDGE('',*,*,#3294,.F.);
#4930=ORIENTED_EDGE('',*,*,#3302,.F.);
#4931=ORIENTED_EDGE('',*,*,#3299,.F.);
#4932=ORIENTED_EDGE('',*,*,#3296,.F.);
#4933=ORIENTED_EDGE('',*,*,#3312,.F.);
#4934=ORIENTED_EDGE('',*,*,#3309,.F.);
#4935=ORIENTED_EDGE('',*,*,#3306,.F.);
#4936=ORIENTED_EDGE('',*,*,#3314,.F.);
#4937=ORIENTED_EDGE('',*,*,#3320,.T.);
#4938=ORIENTED_EDGE('',*,*,#3323,.T.);
#4939=ORIENTED_EDGE('',*,*,#3326,.T.);
#4940=ORIENTED_EDGE('',*,*,#3318,.T.);
#4941=ORIENTED_EDGE('',*,*,#3329,.F.);
#4942=ORIENTED_EDGE('',*,*,#3333,.F.);
#4943=ORIENTED_EDGE('',*,*,#3336,.F.);
#4944=ORIENTED_EDGE('',*,*,#3338,.F.);
#4945=ORIENTED_EDGE('',*,*,#3348,.F.);
#4946=ORIENTED_EDGE('',*,*,#3350,.F.);
#4947=ORIENTED_EDGE('',*,*,#3341,.F.);
#4948=ORIENTED_EDGE('',*,*,#3344,.F.);
#4949=ORIENTED_EDGE('',*,*,#3354,.T.);
#4950=ORIENTED_EDGE('',*,*,#3356,.T.);
#4951=ORIENTED_EDGE('',*,*,#3359,.T.);
#4952=ORIENTED_EDGE('',*,*,#3362,.T.);
#4953=CYLINDRICAL_SURFACE('',#5442,0.2);
#4954=CYLINDRICAL_SURFACE('',#5455,0.12);
#4955=CYLINDRICAL_SURFACE('',#5460,0.12);
#4956=CYLINDRICAL_SURFACE('',#5465,0.12);
#4957=CYLINDRICAL_SURFACE('',#5470,0.12);
#4958=CYLINDRICAL_SURFACE('',#5472,0.2);
#4959=CYLINDRICAL_SURFACE('',#5475,0.2);
#4960=CYLINDRICAL_SURFACE('',#5477,0.8);
#4961=CYLINDRICAL_SURFACE('',#5484,0.8);
#4962=CYLINDRICAL_SURFACE('',#5487,0.2);
#4963=CYLINDRICAL_SURFACE('',#5490,0.2);
#4964=CYLINDRICAL_SURFACE('',#5495,1.3);
#4965=CYLINDRICAL_SURFACE('',#5506,1.3);
#4966=CYLINDRICAL_SURFACE('',#5511,0.2);
#4967=CYLINDRICAL_SURFACE('',#5517,0.12);
#4968=CYLINDRICAL_SURFACE('',#5522,0.12);
#4969=CYLINDRICAL_SURFACE('',#5527,0.12);
#4970=CYLINDRICAL_SURFACE('',#5532,0.12);
#4971=CYLINDRICAL_SURFACE('',#5533,0.12);
#4972=CYLINDRICAL_SURFACE('',#5536,0.12);
#4973=CYLINDRICAL_SURFACE('',#5539,0.12);
#4974=CYLINDRICAL_SURFACE('',#5542,0.12);
#4975=CYLINDRICAL_SURFACE('',#5550,0.5);
#4976=CYLINDRICAL_SURFACE('',#5555,0.0999999999999998);
#4977=CYLINDRICAL_SURFACE('',#5559,0.0999999999999998);
#4978=CYLINDRICAL_SURFACE('',#5563,0.5);
#4979=CYLINDRICAL_SURFACE('',#5624,1.3);
#4980=CYLINDRICAL_SURFACE('',#5626,1.3);
#4981=CYLINDRICAL_SURFACE('',#5641,0.12);
#4982=CYLINDRICAL_SURFACE('',#5644,0.12);
#4983=CYLINDRICAL_SURFACE('',#5647,0.12);
#4984=CYLINDRICAL_SURFACE('',#5650,0.12);
#4985=CYLINDRICAL_SURFACE('',#5656,0.12);
#4986=CYLINDRICAL_SURFACE('',#5660,0.12);
#4987=CYLINDRICAL_SURFACE('',#5664,0.12);
#4988=CYLINDRICAL_SURFACE('',#5668,0.12);
#4989=CYLINDRICAL_SURFACE('',#5669,0.0999999999999998);
#4990=CYLINDRICAL_SURFACE('',#5672,0.0999999999999998);
#4991=CYLINDRICAL_SURFACE('',#5677,0.12);
#4992=CYLINDRICAL_SURFACE('',#5682,0.12);
#4993=CYLINDRICAL_SURFACE('',#5687,0.12);
#4994=CYLINDRICAL_SURFACE('',#5692,0.12);
#4995=CYLINDRICAL_SURFACE('',#5697,0.12);
#4996=CYLINDRICAL_SURFACE('',#5702,0.12);
#4997=CYLINDRICAL_SURFACE('',#5707,0.12);
#4998=CYLINDRICAL_SURFACE('',#5712,0.12);
#4999=CYLINDRICAL_SURFACE('',#5713,1.);
#5000=CYLINDRICAL_SURFACE('',#5714,1.);
#5001=CYLINDRICAL_SURFACE('',#5717,0.35);
#5002=CYLINDRICAL_SURFACE('',#5720,0.35);
#5003=CYLINDRICAL_SURFACE('',#5723,0.225);
#5004=CYLINDRICAL_SURFACE('',#5726,1.3);
#5005=CYLINDRICAL_SURFACE('',#5729,0.175);
#5006=CYLINDRICAL_SURFACE('',#5732,0.2);
#5007=CYLINDRICAL_SURFACE('',#5735,0.2);
#5008=CYLINDRICAL_SURFACE('',#5738,0.3);
#5009=CYLINDRICAL_SURFACE('',#5741,0.3);
#5010=CYLINDRICAL_SURFACE('',#5744,0.175);
#5011=CYLINDRICAL_SURFACE('',#5750,0.12);
#5012=CYLINDRICAL_SURFACE('',#5755,0.12);
#5013=CYLINDRICAL_SURFACE('',#5760,0.12);
#5014=CYLINDRICAL_SURFACE('',#5765,0.12);
#5015=CYLINDRICAL_SURFACE('',#5766,0.3);
#5016=CYLINDRICAL_SURFACE('',#5769,0.3);
#5017=CYLINDRICAL_SURFACE('',#5774,0.195);
#5018=CYLINDRICAL_SURFACE('',#5776,0.207595291314);
#5019=CYLINDRICAL_SURFACE('',#5779,0.207595291314);
#5020=CYLINDRICAL_SURFACE('',#5781,0.195);
#5021=CYLINDRICAL_SURFACE('',#5784,0.195);
#5022=CYLINDRICAL_SURFACE('',#5786,0.207595291314);
#5023=CYLINDRICAL_SURFACE('',#5789,0.207595291314);
#5024=CYLINDRICAL_SURFACE('',#5791,0.195);
#5025=CYLINDRICAL_SURFACE('',#5798,1.);
#5026=CYLINDRICAL_SURFACE('',#5800,1.);
#5027=CYLINDRICAL_SURFACE('',#5817,0.201041666667);
#5028=CYLINDRICAL_SURFACE('',#5822,0.12);
#5029=CYLINDRICAL_SURFACE('',#5827,0.12);
#5030=CYLINDRICAL_SURFACE('',#5832,0.12);
#5031=CYLINDRICAL_SURFACE('',#5837,0.12);
#5032=CYLINDRICAL_SURFACE('',#5838,0.201041666667);
#5033=CYLINDRICAL_SURFACE('',#5840,0.201041666667);
#5034=CYLINDRICAL_SURFACE('',#5841,0.201041666667);
#5035=CYLINDRICAL_SURFACE('',#5843,0.201041666667);
#5036=CYLINDRICAL_SURFACE('',#5844,0.201041666667);
#5037=CYLINDRICAL_SURFACE('',#5846,0.201041666667);
#5038=CYLINDRICAL_SURFACE('',#5847,0.201041666667);
#5039=CYLINDRICAL_SURFACE('',#5852,1.3);
#5040=CYLINDRICAL_SURFACE('',#5855,0.3);
#5041=CYLINDRICAL_SURFACE('',#5857,0.3);
#5042=CYLINDRICAL_SURFACE('',#5859,0.175);
#5043=CYLINDRICAL_SURFACE('',#5863,0.3);
#5044=CYLINDRICAL_SURFACE('',#5866,0.3);
#5045=CYLINDRICAL_SURFACE('',#5869,0.2);
#5046=CYLINDRICAL_SURFACE('',#5872,0.2);
#5047=CYLINDRICAL_SURFACE('',#5875,0.175);
#5048=CYLINDRICAL_SURFACE('',#5877,0.225);
#5049=CYLINDRICAL_SURFACE('',#5880,0.35);
#5050=CYLINDRICAL_SURFACE('',#5883,0.35);
#5051=CYLINDRICAL_SURFACE('',#5890,0.12);
#5052=CYLINDRICAL_SURFACE('',#5894,0.12);
#5053=CYLINDRICAL_SURFACE('',#5898,0.12);
#5054=CYLINDRICAL_SURFACE('',#5902,0.12);
#5055=CYLINDRICAL_SURFACE('',#5904,0.12);
#5056=CYLINDRICAL_SURFACE('',#5907,0.12);
#5057=CYLINDRICAL_SURFACE('',#5910,0.12);
#5058=CYLINDRICAL_SURFACE('',#5913,0.12);
#5059=CYLINDRICAL_SURFACE('',#5916,0.12);
#5060=CYLINDRICAL_SURFACE('',#5919,0.12);
#5061=CYLINDRICAL_SURFACE('',#5922,0.12);
#5062=CYLINDRICAL_SURFACE('',#5925,0.12);
#5063=CYLINDRICAL_SURFACE('',#5932,0.12);
#5064=CYLINDRICAL_SURFACE('',#5935,0.12);
#5065=CYLINDRICAL_SURFACE('',#5938,0.12);
#5066=CYLINDRICAL_SURFACE('',#5941,0.12);
#5067=CYLINDRICAL_SURFACE('',#5944,0.12);
#5068=CYLINDRICAL_SURFACE('',#5947,0.12);
#5069=CYLINDRICAL_SURFACE('',#5950,0.12);
#5070=CYLINDRICAL_SURFACE('',#5953,0.12);
#5071=CYLINDRICAL_SURFACE('',#5956,1.);
#5072=CYLINDRICAL_SURFACE('',#5957,0.12);
#5073=CYLINDRICAL_SURFACE('',#5960,0.12);
#5074=CYLINDRICAL_SURFACE('',#5963,0.12);
#5075=CYLINDRICAL_SURFACE('',#5966,0.12);
#5076=CYLINDRICAL_SURFACE('',#5969,1.);
#5077=CYLINDRICAL_SURFACE('',#5971,0.12);
#5078=CYLINDRICAL_SURFACE('',#5974,0.12);
#5079=CYLINDRICAL_SURFACE('',#5977,0.12);
#5080=CYLINDRICAL_SURFACE('',#5980,0.12);
#5081=CYLINDRICAL_SURFACE('',#5988,0.12);
#5082=CYLINDRICAL_SURFACE('',#5992,0.12);
#5083=CYLINDRICAL_SURFACE('',#5996,0.12);
#5084=CYLINDRICAL_SURFACE('',#6000,0.12);
#5085=CYLINDRICAL_SURFACE('',#6004,0.12);
#5086=CYLINDRICAL_SURFACE('',#6008,0.12);
#5087=CYLINDRICAL_SURFACE('',#6012,0.12);
#5088=CYLINDRICAL_SURFACE('',#6016,0.12);
#5089=CYLINDRICAL_SURFACE('',#6020,0.12);
#5090=CYLINDRICAL_SURFACE('',#6024,0.12);
#5091=CYLINDRICAL_SURFACE('',#6028,0.12);
#5092=CYLINDRICAL_SURFACE('',#6032,0.12);
#5093=CYLINDRICAL_SURFACE('',#6036,0.12);
#5094=CYLINDRICAL_SURFACE('',#6040,0.12);
#5095=CYLINDRICAL_SURFACE('',#6044,0.12);
#5096=CYLINDRICAL_SURFACE('',#6048,0.12);
#5097=CYLINDRICAL_SURFACE('',#6052,0.12);
#5098=CYLINDRICAL_SURFACE('',#6056,0.12);
#5099=CYLINDRICAL_SURFACE('',#6060,0.12);
#5100=CYLINDRICAL_SURFACE('',#6064,0.12);
#5101=CYLINDRICAL_SURFACE('',#6068,0.12);
#5102=CYLINDRICAL_SURFACE('',#6072,0.12);
#5103=CYLINDRICAL_SURFACE('',#6076,0.12);
#5104=CYLINDRICAL_SURFACE('',#6080,0.12);
#5105=ADVANCED_FACE('',(#222),#4953,.F.);
#5106=ADVANCED_FACE('',(#223,#77,#78),#111,.T.);
#5107=ADVANCED_FACE('',(#224),#53,.T.);
#5108=ADVANCED_FACE('',(#225),#4954,.T.);
#5109=ADVANCED_FACE('',(#226),#54,.T.);
#5110=ADVANCED_FACE('',(#227),#4955,.T.);
#5111=ADVANCED_FACE('',(#228),#55,.T.);
#5112=ADVANCED_FACE('',(#229),#4956,.T.);
#5113=ADVANCED_FACE('',(#230),#56,.T.);
#5114=ADVANCED_FACE('',(#231),#4957,.T.);
#5115=ADVANCED_FACE('',(#232),#112,.T.);
#5116=ADVANCED_FACE('',(#233),#4958,.F.);
#5117=ADVANCED_FACE('',(#234),#113,.T.);
#5118=ADVANCED_FACE('',(#235),#4959,.F.);
#5119=ADVANCED_FACE('',(#236),#4960,.T.);
#5120=ADVANCED_FACE('',(#237),#114,.T.);
#5121=ADVANCED_FACE('',(#238),#4961,.T.);
#5122=ADVANCED_FACE('',(#239),#115,.F.);
#5123=ADVANCED_FACE('',(#240),#4962,.F.);
#5124=ADVANCED_FACE('',(#241),#116,.F.);
#5125=ADVANCED_FACE('',(#242),#4963,.T.);
#5126=ADVANCED_FACE('',(#243),#117,.T.);
#5127=ADVANCED_FACE('',(#244),#4964,.T.);
#5128=ADVANCED_FACE('',(#245),#118,.T.);
#5129=ADVANCED_FACE('',(#246),#4965,.T.);
#5130=ADVANCED_FACE('',(#247),#119,.T.);
#5131=ADVANCED_FACE('',(#248),#4966,.T.);
#5132=ADVANCED_FACE('',(#249),#57,.T.);
#5133=ADVANCED_FACE('',(#250),#4967,.T.);
#5134=ADVANCED_FACE('',(#251),#58,.T.);
#5135=ADVANCED_FACE('',(#252),#4968,.T.);
#5136=ADVANCED_FACE('',(#253),#59,.T.);
#5137=ADVANCED_FACE('',(#254),#4969,.T.);
#5138=ADVANCED_FACE('',(#255),#60,.T.);
#5139=ADVANCED_FACE('',(#256),#4970,.T.);
#5140=ADVANCED_FACE('',(#257),#4971,.F.);
#5141=ADVANCED_FACE('',(#258),#120,.F.);
#5142=ADVANCED_FACE('',(#259),#4972,.F.);
#5143=ADVANCED_FACE('',(#260),#121,.F.);
#5144=ADVANCED_FACE('',(#261),#4973,.F.);
#5145=ADVANCED_FACE('',(#262),#122,.F.);
#5146=ADVANCED_FACE('',(#263),#4974,.F.);
#5147=ADVANCED_FACE('',(#264),#123,.F.);
#5148=ADVANCED_FACE('',(#265),#124,.T.);
#5149=ADVANCED_FACE('',(#266),#125,.F.);
#5150=ADVANCED_FACE('',(#267),#4975,.F.);
#5151=ADVANCED_FACE('',(#268),#126,.F.);
#5152=ADVANCED_FACE('',(#269),#4976,.T.);
#5153=ADVANCED_FACE('',(#270),#127,.T.);
#5154=ADVANCED_FACE('',(#271),#4977,.T.);
#5155=ADVANCED_FACE('',(#272),#128,.T.);
#5156=ADVANCED_FACE('',(#273),#4978,.F.);
#5157=ADVANCED_FACE('',(#274,#79,#80),#129,.F.);
#5158=ADVANCED_FACE('',(#275),#130,.T.);
#5159=ADVANCED_FACE('',(#276),#131,.F.);
#5160=ADVANCED_FACE('',(#277),#132,.T.);
#5161=ADVANCED_FACE('',(#278),#133,.T.);
#5162=ADVANCED_FACE('',(#279,#81),#134,.T.);
#5163=ADVANCED_FACE('',(#280),#135,.F.);
#5164=ADVANCED_FACE('',(#281),#136,.T.);
#5165=ADVANCED_FACE('',(#282),#49,.F.);
#5166=ADVANCED_FACE('',(#283),#137,.T.);
#5167=ADVANCED_FACE('',(#284),#50,.F.);
#5168=ADVANCED_FACE('',(#285),#138,.T.);
#5169=ADVANCED_FACE('',(#286),#51,.F.);
#5170=ADVANCED_FACE('',(#287),#139,.T.);
#5171=ADVANCED_FACE('',(#288),#52,.F.);
#5172=ADVANCED_FACE('',(#289),#140,.T.);
#5173=ADVANCED_FACE('',(#290),#141,.T.);
#5174=ADVANCED_FACE('',(#291,#82),#142,.T.);
#5175=ADVANCED_FACE('',(#292),#4979,.T.);
#5176=ADVANCED_FACE('',(#293),#4980,.T.);
#5177=ADVANCED_FACE('',(#294),#143,.T.);
#5178=ADVANCED_FACE('',(#295),#144,.F.);
#5179=ADVANCED_FACE('',(#296),#145,.F.);
#5180=ADVANCED_FACE('',(#297),#4981,.F.);
#5181=ADVANCED_FACE('',(#298),#146,.F.);
#5182=ADVANCED_FACE('',(#299),#4982,.F.);
#5183=ADVANCED_FACE('',(#300),#147,.F.);
#5184=ADVANCED_FACE('',(#301),#4983,.F.);
#5185=ADVANCED_FACE('',(#302),#148,.F.);
#5186=ADVANCED_FACE('',(#303),#4984,.F.);
#5187=ADVANCED_FACE('',(#304),#149,.F.);
#5188=ADVANCED_FACE('',(#305),#17,.F.);
#5189=ADVANCED_FACE('',(#306),#4985,.F.);
#5190=ADVANCED_FACE('',(#307),#18,.F.);
#5191=ADVANCED_FACE('',(#308),#4986,.F.);
#5192=ADVANCED_FACE('',(#309),#19,.F.);
#5193=ADVANCED_FACE('',(#310),#4987,.F.);
#5194=ADVANCED_FACE('',(#311),#20,.F.);
#5195=ADVANCED_FACE('',(#312),#4988,.F.);
#5196=ADVANCED_FACE('',(#313),#4989,.T.);
#5197=ADVANCED_FACE('',(#314),#150,.T.);
#5198=ADVANCED_FACE('',(#315),#151,.F.);
#5199=ADVANCED_FACE('',(#316),#4990,.T.);
#5200=ADVANCED_FACE('',(#317),#61,.F.);
#5201=ADVANCED_FACE('',(#318),#4991,.F.);
#5202=ADVANCED_FACE('',(#319),#62,.F.);
#5203=ADVANCED_FACE('',(#320),#4992,.F.);
#5204=ADVANCED_FACE('',(#321),#63,.F.);
#5205=ADVANCED_FACE('',(#322),#4993,.F.);
#5206=ADVANCED_FACE('',(#323),#64,.F.);
#5207=ADVANCED_FACE('',(#324),#4994,.F.);
#5208=ADVANCED_FACE('',(#325),#65,.F.);
#5209=ADVANCED_FACE('',(#326),#4995,.F.);
#5210=ADVANCED_FACE('',(#327),#66,.F.);
#5211=ADVANCED_FACE('',(#328),#4996,.F.);
#5212=ADVANCED_FACE('',(#329),#67,.F.);
#5213=ADVANCED_FACE('',(#330),#4997,.F.);
#5214=ADVANCED_FACE('',(#331),#68,.F.);
#5215=ADVANCED_FACE('',(#332),#4998,.F.);
#5216=ADVANCED_FACE('',(#333),#4999,.F.);
#5217=ADVANCED_FACE('',(#334),#5000,.F.);
#5218=ADVANCED_FACE('',(#335),#152,.F.);
#5219=ADVANCED_FACE('',(#336),#153,.T.);
#5220=ADVANCED_FACE('',(#337),#5001,.T.);
#5221=ADVANCED_FACE('',(#338),#154,.F.);
#5222=ADVANCED_FACE('',(#339),#5002,.T.);
#5223=ADVANCED_FACE('',(#340),#155,.F.);
#5224=ADVANCED_FACE('',(#341),#5003,.F.);
#5225=ADVANCED_FACE('',(#342),#5004,.T.);
#5226=ADVANCED_FACE('',(#343),#5005,.F.);
#5227=ADVANCED_FACE('',(#344),#156,.T.);
#5228=ADVANCED_FACE('',(#345),#5006,.T.);
#5229=ADVANCED_FACE('',(#346),#157,.T.);
#5230=ADVANCED_FACE('',(#347),#5007,.F.);
#5231=ADVANCED_FACE('',(#348),#158,.T.);
#5232=ADVANCED_FACE('',(#349),#5008,.T.);
#5233=ADVANCED_FACE('',(#350),#159,.T.);
#5234=ADVANCED_FACE('',(#351),#5009,.T.);
#5235=ADVANCED_FACE('',(#352),#160,.T.);
#5236=ADVANCED_FACE('',(#353),#5010,.F.);
#5237=ADVANCED_FACE('',(#354),#69,.T.);
#5238=ADVANCED_FACE('',(#355),#5011,.T.);
#5239=ADVANCED_FACE('',(#356),#70,.T.);
#5240=ADVANCED_FACE('',(#357),#5012,.T.);
#5241=ADVANCED_FACE('',(#358),#71,.T.);
#5242=ADVANCED_FACE('',(#359),#5013,.T.);
#5243=ADVANCED_FACE('',(#360),#72,.T.);
#5244=ADVANCED_FACE('',(#361),#5014,.T.);
#5245=ADVANCED_FACE('',(#362),#5015,.F.);
#5246=ADVANCED_FACE('',(#363),#161,.F.);
#5247=ADVANCED_FACE('',(#364),#5016,.F.);
#5248=ADVANCED_FACE('',(#365),#162,.T.);
#5249=ADVANCED_FACE('',(#366),#163,.F.);
#5250=ADVANCED_FACE('',(#367),#5017,.T.);
#5251=ADVANCED_FACE('',(#368),#5018,.F.);
#5252=ADVANCED_FACE('',(#369),#164,.F.);
#5253=ADVANCED_FACE('',(#370),#5019,.F.);
#5254=ADVANCED_FACE('',(#371),#5020,.T.);
#5255=ADVANCED_FACE('',(#372),#165,.F.);
#5256=ADVANCED_FACE('',(#373),#5021,.T.);
#5257=ADVANCED_FACE('',(#374),#5022,.F.);
#5258=ADVANCED_FACE('',(#375),#166,.F.);
#5259=ADVANCED_FACE('',(#376),#5023,.F.);
#5260=ADVANCED_FACE('',(#377),#5024,.T.);
#5261=ADVANCED_FACE('',(#378,#83),#167,.T.);
#5262=ADVANCED_FACE('',(#379),#5025,.F.);
#5263=ADVANCED_FACE('',(#380),#5026,.F.);
#5264=ADVANCED_FACE('',(#381,#84),#168,.T.);
#5265=ADVANCED_FACE('',(#382),#5027,.F.);
#5266=ADVANCED_FACE('',(#383),#73,.T.);
#5267=ADVANCED_FACE('',(#384),#5028,.T.);
#5268=ADVANCED_FACE('',(#385),#74,.T.);
#5269=ADVANCED_FACE('',(#386),#5029,.T.);
#5270=ADVANCED_FACE('',(#387),#75,.T.);
#5271=ADVANCED_FACE('',(#388),#5030,.T.);
#5272=ADVANCED_FACE('',(#389),#76,.T.);
#5273=ADVANCED_FACE('',(#390),#5031,.T.);
#5274=ADVANCED_FACE('',(#391),#5032,.T.);
#5275=ADVANCED_FACE('',(#392),#169,.T.);
#5276=ADVANCED_FACE('',(#393),#5033,.T.);
#5277=ADVANCED_FACE('',(#394),#5034,.F.);
#5278=ADVANCED_FACE('',(#395),#170,.T.);
#5279=ADVANCED_FACE('',(#396),#5035,.F.);
#5280=ADVANCED_FACE('',(#397),#5036,.T.);
#5281=ADVANCED_FACE('',(#398),#171,.T.);
#5282=ADVANCED_FACE('',(#399),#5037,.T.);
#5283=ADVANCED_FACE('',(#400),#5038,.F.);
#5284=ADVANCED_FACE('',(#401),#172,.T.);
#5285=ADVANCED_FACE('',(#402),#173,.T.);
#5286=ADVANCED_FACE('',(#403),#5039,.T.);
#5287=ADVANCED_FACE('',(#404),#5040,.F.);
#5288=ADVANCED_FACE('',(#405),#174,.F.);
#5289=ADVANCED_FACE('',(#406),#5041,.F.);
#5290=ADVANCED_FACE('',(#407),#175,.F.);
#5291=ADVANCED_FACE('',(#408),#5042,.F.);
#5292=ADVANCED_FACE('',(#409),#176,.F.);
#5293=ADVANCED_FACE('',(#410),#177,.F.);
#5294=ADVANCED_FACE('',(#411),#5043,.T.);
#5295=ADVANCED_FACE('',(#412),#178,.F.);
#5296=ADVANCED_FACE('',(#413),#5044,.T.);
#5297=ADVANCED_FACE('',(#414),#179,.F.);
#5298=ADVANCED_FACE('',(#415),#5045,.F.);
#5299=ADVANCED_FACE('',(#416),#180,.F.);
#5300=ADVANCED_FACE('',(#417),#5046,.T.);
#5301=ADVANCED_FACE('',(#418),#181,.F.);
#5302=ADVANCED_FACE('',(#419),#5047,.F.);
#5303=ADVANCED_FACE('',(#420),#5048,.F.);
#5304=ADVANCED_FACE('',(#421),#182,.T.);
#5305=ADVANCED_FACE('',(#422),#5049,.T.);
#5306=ADVANCED_FACE('',(#423),#183,.T.);
#5307=ADVANCED_FACE('',(#424),#5050,.T.);
#5308=ADVANCED_FACE('',(#425),#184,.T.);
#5309=ADVANCED_FACE('',(#426),#185,.T.);
#5310=ADVANCED_FACE('',(#427),#21,.F.);
#5311=ADVANCED_FACE('',(#428),#5051,.F.);
#5312=ADVANCED_FACE('',(#429),#22,.F.);
#5313=ADVANCED_FACE('',(#430),#5052,.F.);
#5314=ADVANCED_FACE('',(#431),#23,.F.);
#5315=ADVANCED_FACE('',(#432),#5053,.F.);
#5316=ADVANCED_FACE('',(#433),#24,.F.);
#5317=ADVANCED_FACE('',(#434),#5054,.F.);
#5318=ADVANCED_FACE('',(#435),#186,.T.);
#5319=ADVANCED_FACE('',(#436),#5055,.T.);
#5320=ADVANCED_FACE('',(#437),#187,.F.);
#5321=ADVANCED_FACE('',(#438),#5056,.T.);
#5322=ADVANCED_FACE('',(#439),#188,.T.);
#5323=ADVANCED_FACE('',(#440),#5057,.T.);
#5324=ADVANCED_FACE('',(#441),#189,.T.);
#5325=ADVANCED_FACE('',(#442),#5058,.T.);
#5326=ADVANCED_FACE('',(#443),#190,.T.);
#5327=ADVANCED_FACE('',(#444),#5059,.T.);
#5328=ADVANCED_FACE('',(#445),#191,.T.);
#5329=ADVANCED_FACE('',(#446),#5060,.T.);
#5330=ADVANCED_FACE('',(#447),#192,.T.);
#5331=ADVANCED_FACE('',(#448),#5061,.T.);
#5332=ADVANCED_FACE('',(#449),#193,.T.);
#5333=ADVANCED_FACE('',(#450),#5062,.T.);
#5334=ADVANCED_FACE('',(#451),#194,.F.);
#5335=ADVANCED_FACE('',(#452),#195,.T.);
#5336=ADVANCED_FACE('',(#453),#196,.T.);
#5337=ADVANCED_FACE('',(#454),#197,.F.);
#5338=ADVANCED_FACE('',(#455),#5063,.F.);
#5339=ADVANCED_FACE('',(#456),#198,.F.);
#5340=ADVANCED_FACE('',(#457),#5064,.F.);
#5341=ADVANCED_FACE('',(#458),#199,.F.);
#5342=ADVANCED_FACE('',(#459),#5065,.F.);
#5343=ADVANCED_FACE('',(#460),#200,.F.);
#5344=ADVANCED_FACE('',(#461),#5066,.F.);
#5345=ADVANCED_FACE('',(#462),#201,.F.);
#5346=ADVANCED_FACE('',(#463),#5067,.T.);
#5347=ADVANCED_FACE('',(#464),#202,.T.);
#5348=ADVANCED_FACE('',(#465),#5068,.T.);
#5349=ADVANCED_FACE('',(#466),#203,.F.);
#5350=ADVANCED_FACE('',(#467),#5069,.T.);
#5351=ADVANCED_FACE('',(#468),#204,.T.);
#5352=ADVANCED_FACE('',(#469),#5070,.T.);
#5353=ADVANCED_FACE('',(#470),#205,.T.);
#5354=ADVANCED_FACE('',(#471),#5071,.F.);
#5355=ADVANCED_FACE('',(#472),#5072,.T.);
#5356=ADVANCED_FACE('',(#473),#206,.T.);
#5357=ADVANCED_FACE('',(#474),#5073,.T.);
#5358=ADVANCED_FACE('',(#475),#207,.F.);
#5359=ADVANCED_FACE('',(#476),#5074,.T.);
#5360=ADVANCED_FACE('',(#477),#208,.T.);
#5361=ADVANCED_FACE('',(#478),#5075,.T.);
#5362=ADVANCED_FACE('',(#479),#209,.T.);
#5363=ADVANCED_FACE('',(#480),#5076,.F.);
#5364=ADVANCED_FACE('',(#481),#5077,.F.);
#5365=ADVANCED_FACE('',(#482),#210,.F.);
#5366=ADVANCED_FACE('',(#483),#5078,.F.);
#5367=ADVANCED_FACE('',(#484),#211,.F.);
#5368=ADVANCED_FACE('',(#485),#5079,.F.);
#5369=ADVANCED_FACE('',(#486),#212,.F.);
#5370=ADVANCED_FACE('',(#487),#5080,.F.);
#5371=ADVANCED_FACE('',(#488),#213,.F.);
#5372=ADVANCED_FACE('',(#489),#214,.F.);
#5373=ADVANCED_FACE('',(#490),#215,.T.);
#5374=ADVANCED_FACE('',(#491),#25,.T.);
#5375=ADVANCED_FACE('',(#492),#5081,.T.);
#5376=ADVANCED_FACE('',(#493),#26,.T.);
#5377=ADVANCED_FACE('',(#494),#5082,.T.);
#5378=ADVANCED_FACE('',(#495),#27,.T.);
#5379=ADVANCED_FACE('',(#496),#5083,.T.);
#5380=ADVANCED_FACE('',(#497),#28,.T.);
#5381=ADVANCED_FACE('',(#498),#5084,.T.);
#5382=ADVANCED_FACE('',(#499),#29,.T.);
#5383=ADVANCED_FACE('',(#500),#5085,.T.);
#5384=ADVANCED_FACE('',(#501),#30,.T.);
#5385=ADVANCED_FACE('',(#502),#5086,.T.);
#5386=ADVANCED_FACE('',(#503),#31,.T.);
#5387=ADVANCED_FACE('',(#504),#5087,.T.);
#5388=ADVANCED_FACE('',(#505),#32,.T.);
#5389=ADVANCED_FACE('',(#506),#5088,.T.);
#5390=ADVANCED_FACE('',(#507),#33,.F.);
#5391=ADVANCED_FACE('',(#508),#5089,.F.);
#5392=ADVANCED_FACE('',(#509),#34,.F.);
#5393=ADVANCED_FACE('',(#510),#5090,.F.);
#5394=ADVANCED_FACE('',(#511),#35,.F.);
#5395=ADVANCED_FACE('',(#512),#5091,.F.);
#5396=ADVANCED_FACE('',(#513),#36,.F.);
#5397=ADVANCED_FACE('',(#514),#5092,.F.);
#5398=ADVANCED_FACE('',(#515),#37,.T.);
#5399=ADVANCED_FACE('',(#516),#5093,.T.);
#5400=ADVANCED_FACE('',(#517),#38,.T.);
#5401=ADVANCED_FACE('',(#518),#5094,.T.);
#5402=ADVANCED_FACE('',(#519),#39,.T.);
#5403=ADVANCED_FACE('',(#520),#5095,.T.);
#5404=ADVANCED_FACE('',(#521),#40,.T.);
#5405=ADVANCED_FACE('',(#522),#5096,.T.);
#5406=ADVANCED_FACE('',(#523),#41,.T.);
#5407=ADVANCED_FACE('',(#524),#5097,.T.);
#5408=ADVANCED_FACE('',(#525),#42,.T.);
#5409=ADVANCED_FACE('',(#526),#5098,.T.);
#5410=ADVANCED_FACE('',(#527),#43,.T.);
#5411=ADVANCED_FACE('',(#528),#5099,.T.);
#5412=ADVANCED_FACE('',(#529),#44,.T.);
#5413=ADVANCED_FACE('',(#530),#5100,.T.);
#5414=ADVANCED_FACE('',(#531),#45,.F.);
#5415=ADVANCED_FACE('',(#532),#5101,.F.);
#5416=ADVANCED_FACE('',(#533),#46,.F.);
#5417=ADVANCED_FACE('',(#534),#5102,.F.);
#5418=ADVANCED_FACE('',(#535),#47,.F.);
#5419=ADVANCED_FACE('',(#536),#5103,.F.);
#5420=ADVANCED_FACE('',(#537),#48,.F.);
#5421=ADVANCED_FACE('',(#538),#5104,.F.);
#5422=ADVANCED_FACE('',(#539),#216,.T.);
#5423=ADVANCED_FACE('',(#540),#217,.T.);
#5424=ADVANCED_FACE('',(#541),#218,.T.);
#5425=ADVANCED_FACE('',(#542),#219,.T.);
#5426=ADVANCED_FACE('',(#543),#220,.T.);
#5427=ADVANCED_FACE('',(#544),#221,.T.);
#5428=CLOSED_SHELL('',(#5105,#5106,#5107,#5108,#5109,#5110,#5111,#5112,
#5113,#5114,#5115,#5116,#5117,#5118,#5119,#5120,#5121,#5122,#5123,#5124,
#5125,#5126,#5127,#5128,#5129,#5130,#5131,#5132,#5133,#5134,#5135,#5136,
#5137,#5138,#5139,#5140,#5141,#5142,#5143,#5144,#5145,#5146,#5147,#5148,
#5149,#5150,#5151,#5152,#5153,#5154,#5155,#5156,#5157,#5158,#5159,#5160,
#5161,#5162,#5163,#5164,#5165,#5166,#5167,#5168,#5169,#5170,#5171,#5172,
#5173,#5174,#5175,#5176,#5177,#5178,#5179,#5180,#5181,#5182,#5183,#5184,
#5185,#5186,#5187,#5188,#5189,#5190,#5191,#5192,#5193,#5194,#5195,#5196,
#5197,#5198,#5199,#5200,#5201,#5202,#5203,#5204,#5205,#5206,#5207,#5208,
#5209,#5210,#5211,#5212,#5213,#5214,#5215,#5216,#5217,#5218,#5219,#5220,
#5221,#5222,#5223,#5224,#5225,#5226,#5227,#5228,#5229,#5230,#5231,#5232,
#5233,#5234,#5235,#5236,#5237,#5238,#5239,#5240,#5241,#5242,#5243,#5244,
#5245,#5246,#5247,#5248,#5249,#5250,#5251,#5252,#5253,#5254,#5255,#5256,
#5257,#5258,#5259,#5260,#5261,#5262,#5263,#5264,#5265,#5266,#5267,#5268,
#5269,#5270,#5271,#5272,#5273,#5274,#5275,#5276,#5277,#5278,#5279,#5280,
#5281,#5282,#5283,#5284,#5285,#5286,#5287,#5288,#5289,#5290,#5291,#5292,
#5293,#5294,#5295,#5296,#5297,#5298,#5299,#5300,#5301,#5302,#5303,#5304,
#5305,#5306,#5307,#5308,#5309,#5310,#5311,#5312,#5313,#5314,#5315,#5316,
#5317,#5318,#5319,#5320,#5321,#5322,#5323,#5324,#5325,#5326,#5327,#5328,
#5329,#5330,#5331,#5332,#5333,#5334,#5335,#5336,#5337,#5338,#5339,#5340,
#5341,#5342,#5343,#5344,#5345,#5346,#5347,#5348,#5349,#5350,#5351,#5352,
#5353,#5354,#5355,#5356,#5357,#5358,#5359,#5360,#5361,#5362,#5363,#5364,
#5365,#5366,#5367,#5368,#5369,#5370,#5371,#5372,#5373,#5374,#5375,#5376,
#5377,#5378,#5379,#5380,#5381,#5382,#5383,#5384,#5385,#5386,#5387,#5388,
#5389,#5390,#5391,#5392,#5393,#5394,#5395,#5396,#5397,#5398,#5399,#5400,
#5401,#5402,#5403,#5404,#5405,#5406,#5407,#5408,#5409,#5410,#5411,#5412,
#5413,#5414,#5415,#5416,#5417,#5418,#5419,#5420,#5421,#5422,#5423,#5424,
#5425,#5426,#5427));
#5429=DERIVED_UNIT_ELEMENT(#5431,1.);
#5430=DERIVED_UNIT_ELEMENT(#10034,-3.);
#5431=(
MASS_UNIT()
NAMED_UNIT(*)
SI_UNIT(.KILO.,.GRAM.)
);
#5432=DERIVED_UNIT((#5429,#5430));
#5433=MEASURE_REPRESENTATION_ITEM('density measure',
POSITIVE_RATIO_MEASURE(7850.),#5432);
#5434=PROPERTY_DEFINITION_REPRESENTATION(#5439,#5436);
#5435=PROPERTY_DEFINITION_REPRESENTATION(#5440,#5437);
#5436=REPRESENTATION('material name',(#5438),#10031);
#5437=REPRESENTATION('density',(#5433),#10031);
#5438=DESCRIPTIVE_REPRESENTATION_ITEM('Acier','Acier');
#5439=PROPERTY_DEFINITION('material property','material name',#10041);
#5440=PROPERTY_DEFINITION('material property','density of part',#10041);
#5441=AXIS2_PLACEMENT_3D('',#7826,#6087,#6088);
#5442=AXIS2_PLACEMENT_3D('',#7827,#6089,#6090);
#5443=AXIS2_PLACEMENT_3D('',#7830,#6091,#6092);
#5444=AXIS2_PLACEMENT_3D('',#7834,#6094,#6095);
#5445=AXIS2_PLACEMENT_3D('',#7836,#6097,#6098);
#5446=AXIS2_PLACEMENT_3D('',#7839,#6099,#6100);
#5447=AXIS2_PLACEMENT_3D('',#7843,#6102,#6103);
#5448=AXIS2_PLACEMENT_3D('',#7855,#6109,#6110);
#5449=AXIS2_PLACEMENT_3D('',#7859,#6112,#6113);
#5450=AXIS2_PLACEMENT_3D('',#7868,#6118,#6119);
#5451=AXIS2_PLACEMENT_3D('',#8190,#6129,#6130);
#5452=AXIS2_PLACEMENT_3D('',#8192,#6131,#6132);
#5453=AXIS2_PLACEMENT_3D('',#8194,#6133,#6134);
#5454=AXIS2_PLACEMENT_3D('',#8195,#6135,#6136);
#5455=AXIS2_PLACEMENT_3D('',#8196,#6137,#6138);
#5456=AXIS2_PLACEMENT_3D('',#8198,#6139,#6140);
#5457=AXIS2_PLACEMENT_3D('',#8200,#6142,#6143);
#5458=AXIS2_PLACEMENT_3D('',#8202,#6144,#6145);
#5459=AXIS2_PLACEMENT_3D('',#8203,#6146,#6147);
#5460=AXIS2_PLACEMENT_3D('',#8204,#6148,#6149);
#5461=AXIS2_PLACEMENT_3D('',#8206,#6150,#6151);
#5462=AXIS2_PLACEMENT_3D('',#8208,#6153,#6154);
#5463=AXIS2_PLACEMENT_3D('',#8210,#6155,#6156);
#5464=AXIS2_PLACEMENT_3D('',#8211,#6157,#6158);
#5465=AXIS2_PLACEMENT_3D('',#8212,#6159,#6160);
#5466=AXIS2_PLACEMENT_3D('',#8214,#6161,#6162);
#5467=AXIS2_PLACEMENT_3D('',#8216,#6164,#6165);
#5468=AXIS2_PLACEMENT_3D('',#8218,#6166,#6167);
#5469=AXIS2_PLACEMENT_3D('',#8219,#6168,#6169);
#5470=AXIS2_PLACEMENT_3D('',#8220,#6170,#6171);
#5471=AXIS2_PLACEMENT_3D('',#8222,#6173,#6174);
#5472=AXIS2_PLACEMENT_3D('',#8228,#6178,#6179);
#5473=AXIS2_PLACEMENT_3D('',#8231,#6181,#6182);
#5474=AXIS2_PLACEMENT_3D('',#8232,#6183,#6184);
#5475=AXIS2_PLACEMENT_3D('',#8236,#6187,#6188);
#5476=AXIS2_PLACEMENT_3D('',#8239,#6190,#6191);
#5477=AXIS2_PLACEMENT_3D('',#8240,#6192,#6193);
#5478=AXIS2_PLACEMENT_3D('',#8244,#6195,#6196);
#5479=AXIS2_PLACEMENT_3D('',#8245,#6197,#6198);
#5480=AXIS2_PLACEMENT_3D('',#8246,#6199,#6200);
#5481=AXIS2_PLACEMENT_3D('',#8251,#6202,#6203);
#5482=AXIS2_PLACEMENT_3D('',#8255,#6205,#6206);
#5483=AXIS2_PLACEMENT_3D('',#8262,#6210,#6211);
#5484=AXIS2_PLACEMENT_3D('',#8266,#6214,#6215);
#5485=AXIS2_PLACEMENT_3D('',#8268,#6216,#6217);
#5486=AXIS2_PLACEMENT_3D('',#8270,#6219,#6220);
#5487=AXIS2_PLACEMENT_3D('',#8274,#6223,#6224);
#5488=AXIS2_PLACEMENT_3D('',#8277,#6226,#6227);
#5489=AXIS2_PLACEMENT_3D('',#8278,#6228,#6229);
#5490=AXIS2_PLACEMENT_3D('',#8282,#6232,#6233);
#5491=AXIS2_PLACEMENT_3D('',#8285,#6235,#6236);
#5492=AXIS2_PLACEMENT_3D('',#8286,#6237,#6238);
#5493=AXIS2_PLACEMENT_3D('',#8288,#6239,#6240);
#5494=AXIS2_PLACEMENT_3D('',#8292,#6242,#6243);
#5495=AXIS2_PLACEMENT_3D('',#8294,#6245,#6246);
#5496=AXIS2_PLACEMENT_3D('',#8298,#6248,#6249);
#5497=AXIS2_PLACEMENT_3D('',#8301,#6251,#6252);
#5498=AXIS2_PLACEMENT_3D('',#8302,#6253,#6254);
#5499=AXIS2_PLACEMENT_3D('',#8309,#6257,#6258);
#5500=AXIS2_PLACEMENT_3D('',#8312,#6260,#6261);
#5501=AXIS2_PLACEMENT_3D('',#8316,#6263,#6264);
#5502=AXIS2_PLACEMENT_3D('',#8324,#6268,#6269);
#5503=AXIS2_PLACEMENT_3D('',#8328,#6271,#6272);
#5504=AXIS2_PLACEMENT_3D('',#8332,#6274,#6275);
#5505=AXIS2_PLACEMENT_3D('',#8336,#6277,#6278);
#5506=AXIS2_PLACEMENT_3D('',#8338,#6280,#6281);
#5507=AXIS2_PLACEMENT_3D('',#8342,#6283,#6284);
#5508=AXIS2_PLACEMENT_3D('',#8345,#6286,#6287);
#5509=AXIS2_PLACEMENT_3D('',#8346,#6288,#6289);
#5510=AXIS2_PLACEMENT_3D('',#8352,#6292,#6293);
#5511=AXIS2_PLACEMENT_3D('',#8354,#6295,#6296);
#5512=AXIS2_PLACEMENT_3D('',#8355,#6297,#6298);
#5513=AXIS2_PLACEMENT_3D('',#8356,#6299,#6300);
#5514=AXIS2_PLACEMENT_3D('',#8358,#6301,#6302);
#5515=AXIS2_PLACEMENT_3D('',#8360,#6303,#6304);
#5516=AXIS2_PLACEMENT_3D('',#8361,#6305,#6306);
#5517=AXIS2_PLACEMENT_3D('',#8362,#6307,#6308);
#5518=AXIS2_PLACEMENT_3D('',#8364,#6309,#6310);
#5519=AXIS2_PLACEMENT_3D('',#8366,#6312,#6313);
#5520=AXIS2_PLACEMENT_3D('',#8368,#6314,#6315);
#5521=AXIS2_PLACEMENT_3D('',#8369,#6316,#6317);
#5522=AXIS2_PLACEMENT_3D('',#8370,#6318,#6319);
#5523=AXIS2_PLACEMENT_3D('',#8372,#6320,#6321);
#5524=AXIS2_PLACEMENT_3D('',#8374,#6323,#6324);
#5525=AXIS2_PLACEMENT_3D('',#8376,#6325,#6326);
#5526=AXIS2_PLACEMENT_3D('',#8377,#6327,#6328);
#5527=AXIS2_PLACEMENT_3D('',#8378,#6329,#6330);
#5528=AXIS2_PLACEMENT_3D('',#8380,#6331,#6332);
#5529=AXIS2_PLACEMENT_3D('',#8382,#6334,#6335);
#5530=AXIS2_PLACEMENT_3D('',#8384,#6336,#6337);
#5531=AXIS2_PLACEMENT_3D('',#8385,#6338,#6339);
#5532=AXIS2_PLACEMENT_3D('',#8386,#6340,#6341);
#5533=AXIS2_PLACEMENT_3D('',#8388,#6343,#6344);
#5534=AXIS2_PLACEMENT_3D('',#8393,#6347,#6348);
#5535=AXIS2_PLACEMENT_3D('',#8394,#6349,#6350);
#5536=AXIS2_PLACEMENT_3D('',#8398,#6353,#6354);
#5537=AXIS2_PLACEMENT_3D('',#8401,#6356,#6357);
#5538=AXIS2_PLACEMENT_3D('',#8402,#6358,#6359);
#5539=AXIS2_PLACEMENT_3D('',#8406,#6362,#6363);
#5540=AXIS2_PLACEMENT_3D('',#8409,#6365,#6366);
#5541=AXIS2_PLACEMENT_3D('',#8410,#6367,#6368);
#5542=AXIS2_PLACEMENT_3D('',#8414,#6371,#6372);
#5543=AXIS2_PLACEMENT_3D('',#8417,#6374,#6375);
#5544=AXIS2_PLACEMENT_3D('',#8418,#6376,#6377);
#5545=AXIS2_PLACEMENT_3D('',#8420,#6379,#6380);
#5546=AXIS2_PLACEMENT_3D('',#8426,#6383,#6384);
#5547=AXIS2_PLACEMENT_3D('',#8428,#6386,#6387);
#5548=AXIS2_PLACEMENT_3D('',#8430,#6388,#6389);
#5549=AXIS2_PLACEMENT_3D('',#8433,#6391,#6392);
#5550=AXIS2_PLACEMENT_3D('',#8434,#6393,#6394);
#5551=AXIS2_PLACEMENT_3D('',#8437,#6396,#6397);
#5552=AXIS2_PLACEMENT_3D('',#8439,#6399,#6400);
#5553=AXIS2_PLACEMENT_3D('',#8441,#6401,#6402);
#5554=AXIS2_PLACEMENT_3D('',#8445,#6404,#6405);
#5555=AXIS2_PLACEMENT_3D('',#8447,#6407,#6408);
#5556=AXIS2_PLACEMENT_3D('',#8450,#6410,#6411);
#5557=AXIS2_PLACEMENT_3D('',#8451,#6412,#6413);
#5558=AXIS2_PLACEMENT_3D('',#8455,#6415,#6416);
#5559=AXIS2_PLACEMENT_3D('',#8457,#6418,#6419);
#5560=AXIS2_PLACEMENT_3D('',#8459,#6420,#6421);
#5561=AXIS2_PLACEMENT_3D('',#8461,#6423,#6424);
#5562=AXIS2_PLACEMENT_3D('',#8464,#6426,#6427);
#5563=AXIS2_PLACEMENT_3D('',#8466,#6429,#6430);
#5564=AXIS2_PLACEMENT_3D('',#8468,#6432,#6433);
#5565=AXIS2_PLACEMENT_3D('',#8478,#6438,#6439);
#5566=AXIS2_PLACEMENT_3D('',#8482,#6441,#6442);
#5567=AXIS2_PLACEMENT_3D('',#8486,#6444,#6445);
#5568=AXIS2_PLACEMENT_3D('',#8489,#6447,#6448);
#5569=AXIS2_PLACEMENT_3D('',#8494,#6450,#6451);
#5570=AXIS2_PLACEMENT_3D('',#8498,#6453,#6454);
#5571=AXIS2_PLACEMENT_3D('',#8502,#6456,#6457);
#5572=AXIS2_PLACEMENT_3D('',#8505,#6459,#6460);
#5573=AXIS2_PLACEMENT_3D('',#8506,#6461,#6462);
#5574=AXIS2_PLACEMENT_3D('',#8508,#6464,#6465);
#5575=AXIS2_PLACEMENT_3D('',#8512,#6468,#6469);
#5576=AXIS2_PLACEMENT_3D('',#8519,#6473,#6474);
#5577=AXIS2_PLACEMENT_3D('',#8520,#6475,#6476);
#5578=AXIS2_PLACEMENT_3D('',#8526,#6479,#6480);
#5579=AXIS2_PLACEMENT_3D('',#8530,#6482,#6483);
#5580=AXIS2_PLACEMENT_3D('',#8534,#6485,#6486);
#5581=AXIS2_PLACEMENT_3D('',#8538,#6488,#6489);
#5582=AXIS2_PLACEMENT_3D('',#8542,#6491,#6492);
#5583=AXIS2_PLACEMENT_3D('',#8546,#6494,#6495);
#5584=AXIS2_PLACEMENT_3D('',#8550,#6497,#6498);
#5585=AXIS2_PLACEMENT_3D('',#8554,#6500,#6501);
#5586=AXIS2_PLACEMENT_3D('',#8558,#6503,#6504);
#5587=AXIS2_PLACEMENT_3D('',#8560,#6506,#6507);
#5588=AXIS2_PLACEMENT_3D('',#8563,#6508,#6509);
#5589=AXIS2_PLACEMENT_3D('',#8570,#6513,#6514);
#5590=AXIS2_PLACEMENT_3D('',#8572,#6515,#6516);
#5591=AXIS2_PLACEMENT_3D('',#8576,#6518,#6519);
#5592=AXIS2_PLACEMENT_3D('',#8578,#6520,#6521);
#5593=AXIS2_PLACEMENT_3D('',#8582,#6523,#6524);
#5594=AXIS2_PLACEMENT_3D('',#8584,#6525,#6526);
#5595=AXIS2_PLACEMENT_3D('',#8588,#6528,#6529);
#5596=AXIS2_PLACEMENT_3D('',#8590,#6530,#6531);
#5597=AXIS2_PLACEMENT_3D('',#8600,#6536,#6537);
#5598=AXIS2_PLACEMENT_3D('',#8762,#6543,#6544);
#5599=AXIS2_PLACEMENT_3D('',#8768,#6548,#6549);
#5600=AXIS2_PLACEMENT_3D('',#8772,#6552,#6553);
#5601=AXIS2_PLACEMENT_3D('',#8774,#6554,#6555);
#5602=AXIS2_PLACEMENT_3D('',#8776,#6557,#6558);
#5603=AXIS2_PLACEMENT_3D('',#8780,#6561,#6562);
#5604=AXIS2_PLACEMENT_3D('',#8781,#6563,#6564);
#5605=AXIS2_PLACEMENT_3D('',#8783,#6566,#6567);
#5606=AXIS2_PLACEMENT_3D('',#8785,#6569,#6570);
#5607=AXIS2_PLACEMENT_3D('',#8787,#6571,#6572);
#5608=AXIS2_PLACEMENT_3D('',#8789,#6574,#6575);
#5609=AXIS2_PLACEMENT_3D('',#8793,#6578,#6579);
#5610=AXIS2_PLACEMENT_3D('',#8795,#6580,#6581);
#5611=AXIS2_PLACEMENT_3D('',#8797,#6583,#6584);
#5612=AXIS2_PLACEMENT_3D('',#8801,#6587,#6588);
#5613=AXIS2_PLACEMENT_3D('',#8807,#6592,#6593);
#5614=AXIS2_PLACEMENT_3D('',#8810,#6594,#6595);
#5615=AXIS2_PLACEMENT_3D('',#8811,#6596,#6597);
#5616=AXIS2_PLACEMENT_3D('',#8817,#6600,#6601);
#5617=AXIS2_PLACEMENT_3D('',#8821,#6603,#6604);
#5618=AXIS2_PLACEMENT_3D('',#8831,#6609,#6610);
#5619=AXIS2_PLACEMENT_3D('',#8833,#6611,#6612);
#5620=AXIS2_PLACEMENT_3D('',#8837,#6614,#6615);
#5621=AXIS2_PLACEMENT_3D('',#8839,#6616,#6617);
#5622=AXIS2_PLACEMENT_3D('',#8843,#6619,#6620);
#5623=AXIS2_PLACEMENT_3D('',#8845,#6621,#6622);
#5624=AXIS2_PLACEMENT_3D('',#9007,#6628,#6629);
#5625=AXIS2_PLACEMENT_3D('',#9015,#6631,#6632);
#5626=AXIS2_PLACEMENT_3D('',#9016,#6633,#6634);
#5627=AXIS2_PLACEMENT_3D('',#9018,#6635,#6636);
#5628=AXIS2_PLACEMENT_3D('',#9023,#6637,#6638);
#5629=AXIS2_PLACEMENT_3D('',#9031,#6642,#6643);
#5630=AXIS2_PLACEMENT_3D('',#9035,#6645,#6646);
#5631=AXIS2_PLACEMENT_3D('',#9039,#6648,#6649);
#5632=AXIS2_PLACEMENT_3D('',#9043,#6651,#6652);
#5633=AXIS2_PLACEMENT_3D('',#9047,#6654,#6655);
#5634=AXIS2_PLACEMENT_3D('',#9051,#6657,#6658);
#5635=AXIS2_PLACEMENT_3D('',#9055,#6660,#6661);
#5636=AXIS2_PLACEMENT_3D('',#9059,#6663,#6664);
#5637=AXIS2_PLACEMENT_3D('',#9062,#6666,#6667);
#5638=AXIS2_PLACEMENT_3D('',#9063,#6668,#6669);
#5639=AXIS2_PLACEMENT_3D('',#9070,#6673,#6674);
#5640=AXIS2_PLACEMENT_3D('',#9071,#6675,#6676);
#5641=AXIS2_PLACEMENT_3D('',#9073,#6678,#6679);
#5642=AXIS2_PLACEMENT_3D('',#9077,#6681,#6682);
#5643=AXIS2_PLACEMENT_3D('',#9079,#6684,#6685);
#5644=AXIS2_PLACEMENT_3D('',#9083,#6688,#6689);
#5645=AXIS2_PLACEMENT_3D('',#9086,#6691,#6692);
#5646=AXIS2_PLACEMENT_3D('',#9087,#6693,#6694);
#5647=AXIS2_PLACEMENT_3D('',#9091,#6697,#6698);
#5648=AXIS2_PLACEMENT_3D('',#9094,#6700,#6701);
#5649=AXIS2_PLACEMENT_3D('',#9095,#6702,#6703);
#5650=AXIS2_PLACEMENT_3D('',#9099,#6706,#6707);
#5651=AXIS2_PLACEMENT_3D('',#9102,#6709,#6710);
#5652=AXIS2_PLACEMENT_3D('',#9103,#6711,#6712);
#5653=AXIS2_PLACEMENT_3D('',#9105,#6714,#6715);
#5654=AXIS2_PLACEMENT_3D('',#9107,#6716,#6717);
#5655=AXIS2_PLACEMENT_3D('',#9108,#6718,#6719);
#5656=AXIS2_PLACEMENT_3D('',#9109,#6720,#6721);
#5657=AXIS2_PLACEMENT_3D('',#9111,#6722,#6723);
#5658=AXIS2_PLACEMENT_3D('',#9113,#6725,#6726);
#5659=AXIS2_PLACEMENT_3D('',#9114,#6727,#6728);
#5660=AXIS2_PLACEMENT_3D('',#9115,#6729,#6730);
#5661=AXIS2_PLACEMENT_3D('',#9117,#6731,#6732);
#5662=AXIS2_PLACEMENT_3D('',#9119,#6734,#6735);
#5663=AXIS2_PLACEMENT_3D('',#9120,#6736,#6737);
#5664=AXIS2_PLACEMENT_3D('',#9121,#6738,#6739);
#5665=AXIS2_PLACEMENT_3D('',#9124,#6741,#6742);
#5666=AXIS2_PLACEMENT_3D('',#9125,#6743,#6744);
#5667=AXIS2_PLACEMENT_3D('',#9126,#6745,#6746);
#5668=AXIS2_PLACEMENT_3D('',#9127,#6747,#6748);
#5669=AXIS2_PLACEMENT_3D('',#9129,#6750,#6751);
#5670=AXIS2_PLACEMENT_3D('',#9131,#6753,#6754);
#5671=AXIS2_PLACEMENT_3D('',#9132,#6755,#6756);
#5672=AXIS2_PLACEMENT_3D('',#9134,#6758,#6759);
#5673=AXIS2_PLACEMENT_3D('',#9135,#6760,#6761);
#5674=AXIS2_PLACEMENT_3D('',#9137,#6762,#6763);
#5675=AXIS2_PLACEMENT_3D('',#9139,#6764,#6765);
#5676=AXIS2_PLACEMENT_3D('',#9140,#6766,#6767);
#5677=AXIS2_PLACEMENT_3D('',#9141,#6768,#6769);
#5678=AXIS2_PLACEMENT_3D('',#9144,#6771,#6772);
#5679=AXIS2_PLACEMENT_3D('',#9145,#6773,#6774);
#5680=AXIS2_PLACEMENT_3D('',#9147,#6775,#6776);
#5681=AXIS2_PLACEMENT_3D('',#9148,#6777,#6778);
#5682=AXIS2_PLACEMENT_3D('',#9149,#6779,#6780);
#5683=AXIS2_PLACEMENT_3D('',#9152,#6782,#6783);
#5684=AXIS2_PLACEMENT_3D('',#9153,#6784,#6785);
#5685=AXIS2_PLACEMENT_3D('',#9155,#6786,#6787);
#5686=AXIS2_PLACEMENT_3D('',#9156,#6788,#6789);
#5687=AXIS2_PLACEMENT_3D('',#9157,#6790,#6791);
#5688=AXIS2_PLACEMENT_3D('',#9160,#6793,#6794);
#5689=AXIS2_PLACEMENT_3D('',#9161,#6795,#6796);
#5690=AXIS2_PLACEMENT_3D('',#9163,#6797,#6798);
#5691=AXIS2_PLACEMENT_3D('',#9164,#6799,#6800);
#5692=AXIS2_PLACEMENT_3D('',#9165,#6801,#6802);
#5693=AXIS2_PLACEMENT_3D('',#9167,#6804,#6805);
#5694=AXIS2_PLACEMENT_3D('',#9169,#6806,#6807);
#5695=AXIS2_PLACEMENT_3D('',#9171,#6808,#6809);
#5696=AXIS2_PLACEMENT_3D('',#9172,#6810,#6811);
#5697=AXIS2_PLACEMENT_3D('',#9173,#6812,#6813);
#5698=AXIS2_PLACEMENT_3D('',#9176,#6815,#6816);
#5699=AXIS2_PLACEMENT_3D('',#9177,#6817,#6818);
#5700=AXIS2_PLACEMENT_3D('',#9179,#6819,#6820);
#5701=AXIS2_PLACEMENT_3D('',#9180,#6821,#6822);
#5702=AXIS2_PLACEMENT_3D('',#9181,#6823,#6824);
#5703=AXIS2_PLACEMENT_3D('',#9184,#6826,#6827);
#5704=AXIS2_PLACEMENT_3D('',#9185,#6828,#6829);
#5705=AXIS2_PLACEMENT_3D('',#9187,#6830,#6831);
#5706=AXIS2_PLACEMENT_3D('',#9188,#6832,#6833);
#5707=AXIS2_PLACEMENT_3D('',#9189,#6834,#6835);
#5708=AXIS2_PLACEMENT_3D('',#9192,#6837,#6838);
#5709=AXIS2_PLACEMENT_3D('',#9193,#6839,#6840);
#5710=AXIS2_PLACEMENT_3D('',#9195,#6841,#6842);
#5711=AXIS2_PLACEMENT_3D('',#9196,#6843,#6844);
#5712=AXIS2_PLACEMENT_3D('',#9197,#6845,#6846);
#5713=AXIS2_PLACEMENT_3D('',#9199,#6848,#6849);
#5714=AXIS2_PLACEMENT_3D('',#9201,#6851,#6852);
#5715=AXIS2_PLACEMENT_3D('',#9203,#6854,#6855);
#5716=AXIS2_PLACEMENT_3D('',#9207,#6858,#6859);
#5717=AXIS2_PLACEMENT_3D('',#9211,#6862,#6863);
#5718=AXIS2_PLACEMENT_3D('',#9214,#6865,#6866);
#5719=AXIS2_PLACEMENT_3D('',#9215,#6867,#6868);
#5720=AXIS2_PLACEMENT_3D('',#9219,#6871,#6872);
#5721=AXIS2_PLACEMENT_3D('',#9222,#6874,#6875);
#5722=AXIS2_PLACEMENT_3D('',#9223,#6876,#6877);
#5723=AXIS2_PLACEMENT_3D('',#9227,#6880,#6881);
#5724=AXIS2_PLACEMENT_3D('',#9229,#6882,#6883);
#5725=AXIS2_PLACEMENT_3D('',#9237,#6885,#6886);
#5726=AXIS2_PLACEMENT_3D('',#9238,#6887,#6888);
#5727=AXIS2_PLACEMENT_3D('',#9239,#6889,#6890);
#5728=AXIS2_PLACEMENT_3D('',#9245,#6891,#6892);
#5729=AXIS2_PLACEMENT_3D('',#9246,#6893,#6894);
#5730=AXIS2_PLACEMENT_3D('',#9249,#6895,#6896);
#5731=AXIS2_PLACEMENT_3D('',#9257,#6899,#6900);
#5732=AXIS2_PLACEMENT_3D('',#9261,#6903,#6904);
#5733=AXIS2_PLACEMENT_3D('',#9264,#6906,#6907);
#5734=AXIS2_PLACEMENT_3D('',#9265,#6908,#6909);
#5735=AXIS2_PLACEMENT_3D('',#9269,#6912,#6913);
#5736=AXIS2_PLACEMENT_3D('',#9272,#6915,#6916);
#5737=AXIS2_PLACEMENT_3D('',#9273,#6917,#6918);
#5738=AXIS2_PLACEMENT_3D('',#9277,#6921,#6922);
#5739=AXIS2_PLACEMENT_3D('',#9280,#6924,#6925);
#5740=AXIS2_PLACEMENT_3D('',#9281,#6926,#6927);
#5741=AXIS2_PLACEMENT_3D('',#9285,#6930,#6931);
#5742=AXIS2_PLACEMENT_3D('',#9288,#6933,#6934);
#5743=AXIS2_PLACEMENT_3D('',#9289,#6935,#6936);
#5744=AXIS2_PLACEMENT_3D('',#9293,#6939,#6940);
#5745=AXIS2_PLACEMENT_3D('',#9301,#6942,#6943);
#5746=AXIS2_PLACEMENT_3D('',#9302,#6944,#6945);
#5747=AXIS2_PLACEMENT_3D('',#9304,#6946,#6947);
#5748=AXIS2_PLACEMENT_3D('',#9306,#6948,#6949);
#5749=AXIS2_PLACEMENT_3D('',#9307,#6950,#6951);
#5750=AXIS2_PLACEMENT_3D('',#9308,#6952,#6953);
#5751=AXIS2_PLACEMENT_3D('',#9311,#6955,#6956);
#5752=AXIS2_PLACEMENT_3D('',#9312,#6957,#6958);
#5753=AXIS2_PLACEMENT_3D('',#9314,#6959,#6960);
#5754=AXIS2_PLACEMENT_3D('',#9315,#6961,#6962);
#5755=AXIS2_PLACEMENT_3D('',#9316,#6963,#6964);
#5756=AXIS2_PLACEMENT_3D('',#9319,#6966,#6967);
#5757=AXIS2_PLACEMENT_3D('',#9320,#6968,#6969);
#5758=AXIS2_PLACEMENT_3D('',#9322,#6970,#6971);
#5759=AXIS2_PLACEMENT_3D('',#9323,#6972,#6973);
#5760=AXIS2_PLACEMENT_3D('',#9324,#6974,#6975);
#5761=AXIS2_PLACEMENT_3D('',#9327,#6977,#6978);
#5762=AXIS2_PLACEMENT_3D('',#9328,#6979,#6980);
#5763=AXIS2_PLACEMENT_3D('',#9330,#6981,#6982);
#5764=AXIS2_PLACEMENT_3D('',#9331,#6983,#6984);
#5765=AXIS2_PLACEMENT_3D('',#9332,#6985,#6986);
#5766=AXIS2_PLACEMENT_3D('',#9334,#6988,#6989);
#5767=AXIS2_PLACEMENT_3D('',#9338,#6991,#6992);
#5768=AXIS2_PLACEMENT_3D('',#9340,#6994,#6995);
#5769=AXIS2_PLACEMENT_3D('',#9344,#6998,#6999);
#5770=AXIS2_PLACEMENT_3D('',#9347,#7001,#7002);
#5771=AXIS2_PLACEMENT_3D('',#9348,#7003,#7004);
#5772=AXIS2_PLACEMENT_3D('',#9353,#7007,#7008);
#5773=AXIS2_PLACEMENT_3D('',#9354,#7009,#7010);
#5774=AXIS2_PLACEMENT_3D('',#9358,#7013,#7014);
#5775=AXIS2_PLACEMENT_3D('',#9361,#7016,#7017);
#5776=AXIS2_PLACEMENT_3D('',#9362,#7018,#7019);
#5777=AXIS2_PLACEMENT_3D('',#9365,#7021,#7022);
#5778=AXIS2_PLACEMENT_3D('',#9366,#7023,#7024);
#5779=AXIS2_PLACEMENT_3D('',#9370,#7027,#7028);
#5780=AXIS2_PLACEMENT_3D('',#9373,#7030,#7031);
#5781=AXIS2_PLACEMENT_3D('',#9374,#7032,#7033);
#5782=AXIS2_PLACEMENT_3D('',#9377,#7035,#7036);
#5783=AXIS2_PLACEMENT_3D('',#9378,#7037,#7038);
#5784=AXIS2_PLACEMENT_3D('',#9382,#7041,#7042);
#5785=AXIS2_PLACEMENT_3D('',#9385,#7044,#7045);
#5786=AXIS2_PLACEMENT_3D('',#9386,#7046,#7047);
#5787=AXIS2_PLACEMENT_3D('',#9389,#7049,#7050);
#5788=AXIS2_PLACEMENT_3D('',#9390,#7051,#7052);
#5789=AXIS2_PLACEMENT_3D('',#9394,#7055,#7056);
#5790=AXIS2_PLACEMENT_3D('',#9397,#7058,#7059);
#5791=AXIS2_PLACEMENT_3D('',#9398,#7060,#7061);
#5792=AXIS2_PLACEMENT_3D('',#9399,#7062,#7063);
#5793=AXIS2_PLACEMENT_3D('',#9400,#7064,#7065);
#5794=AXIS2_PLACEMENT_3D('',#9411,#7071,#7072);
#5795=AXIS2_PLACEMENT_3D('',#9415,#7074,#7075);
#5796=AXIS2_PLACEMENT_3D('',#9419,#7077,#7078);
#5797=AXIS2_PLACEMENT_3D('',#9422,#7080,#7081);
#5798=AXIS2_PLACEMENT_3D('',#9423,#7082,#7083);
#5799=AXIS2_PLACEMENT_3D('',#9425,#7085,#7086);
#5800=AXIS2_PLACEMENT_3D('',#9426,#7087,#7088);
#5801=AXIS2_PLACEMENT_3D('',#9432,#7091,#7092);
#5802=AXIS2_PLACEMENT_3D('',#9437,#7093,#7094);
#5803=AXIS2_PLACEMENT_3D('',#9440,#7095,#7096);
#5804=AXIS2_PLACEMENT_3D('',#9450,#7101,#7102);
#5805=AXIS2_PLACEMENT_3D('',#9454,#7104,#7105);
#5806=AXIS2_PLACEMENT_3D('',#9457,#7107,#7108);
#5807=AXIS2_PLACEMENT_3D('',#9459,#7109,#7110);
#5808=AXIS2_PLACEMENT_3D('',#9463,#7112,#7113);
#5809=AXIS2_PLACEMENT_3D('',#9465,#7114,#7115);
#5810=AXIS2_PLACEMENT_3D('',#9469,#7117,#7118);
#5811=AXIS2_PLACEMENT_3D('',#9471,#7119,#7120);
#5812=AXIS2_PLACEMENT_3D('',#9474,#7122,#7123);
#5813=AXIS2_PLACEMENT_3D('',#9479,#7125,#7126);
#5814=AXIS2_PLACEMENT_3D('',#9483,#7128,#7129);
#5815=AXIS2_PLACEMENT_3D('',#9487,#7131,#7132);
#5816=AXIS2_PLACEMENT_3D('',#9490,#7134,#7135);
#5817=AXIS2_PLACEMENT_3D('',#9491,#7136,#7137);
#5818=AXIS2_PLACEMENT_3D('',#9493,#7139,#7140);
#5819=AXIS2_PLACEMENT_3D('',#9495,#7141,#7142);
#5820=AXIS2_PLACEMENT_3D('',#9497,#7143,#7144);
#5821=AXIS2_PLACEMENT_3D('',#9498,#7145,#7146);
#5822=AXIS2_PLACEMENT_3D('',#9499,#7147,#7148);
#5823=AXIS2_PLACEMENT_3D('',#9502,#7150,#7151);
#5824=AXIS2_PLACEMENT_3D('',#9503,#7152,#7153);
#5825=AXIS2_PLACEMENT_3D('',#9505,#7154,#7155);
#5826=AXIS2_PLACEMENT_3D('',#9506,#7156,#7157);
#5827=AXIS2_PLACEMENT_3D('',#9507,#7158,#7159);
#5828=AXIS2_PLACEMENT_3D('',#9510,#7161,#7162);
#5829=AXIS2_PLACEMENT_3D('',#9511,#7163,#7164);
#5830=AXIS2_PLACEMENT_3D('',#9513,#7165,#7166);
#5831=AXIS2_PLACEMENT_3D('',#9514,#7167,#7168);
#5832=AXIS2_PLACEMENT_3D('',#9515,#7169,#7170);
#5833=AXIS2_PLACEMENT_3D('',#9518,#7172,#7173);
#5834=AXIS2_PLACEMENT_3D('',#9519,#7174,#7175);
#5835=AXIS2_PLACEMENT_3D('',#9521,#7176,#7177);
#5836=AXIS2_PLACEMENT_3D('',#9522,#7178,#7179);
#5837=AXIS2_PLACEMENT_3D('',#9523,#7180,#7181);
#5838=AXIS2_PLACEMENT_3D('',#9525,#7183,#7184);
#5839=AXIS2_PLACEMENT_3D('',#9527,#7186,#7187);
#5840=AXIS2_PLACEMENT_3D('',#9529,#7189,#7190);
#5841=AXIS2_PLACEMENT_3D('',#9531,#7192,#7193);
#5842=AXIS2_PLACEMENT_3D('',#9533,#7195,#7196);
#5843=AXIS2_PLACEMENT_3D('',#9535,#7198,#7199);
#5844=AXIS2_PLACEMENT_3D('',#9537,#7201,#7202);
#5845=AXIS2_PLACEMENT_3D('',#9539,#7204,#7205);
#5846=AXIS2_PLACEMENT_3D('',#9541,#7207,#7208);
#5847=AXIS2_PLACEMENT_3D('',#9543,#7210,#7211);
#5848=AXIS2_PLACEMENT_3D('',#9545,#7213,#7214);
#5849=AXIS2_PLACEMENT_3D('',#9547,#7216,#7217);
#5850=AXIS2_PLACEMENT_3D('',#9549,#7218,#7219);
#5851=AXIS2_PLACEMENT_3D('',#9552,#7221,#7222);
#5852=AXIS2_PLACEMENT_3D('',#9553,#7223,#7224);
#5853=AXIS2_PLACEMENT_3D('',#9555,#7225,#7226);
#5854=AXIS2_PLACEMENT_3D('',#9560,#7227,#7228);
#5855=AXIS2_PLACEMENT_3D('',#9561,#7229,#7230);
#5856=AXIS2_PLACEMENT_3D('',#9564,#7233,#7234);
#5857=AXIS2_PLACEMENT_3D('',#9566,#7236,#7237);
#5858=AXIS2_PLACEMENT_3D('',#9568,#7239,#7240);
#5859=AXIS2_PLACEMENT_3D('',#9570,#7242,#7243);
#5860=AXIS2_PLACEMENT_3D('',#9572,#7244,#7245);
#5861=AXIS2_PLACEMENT_3D('',#9574,#7247,#7248);
#5862=AXIS2_PLACEMENT_3D('',#9575,#7249,#7250);
#5863=AXIS2_PLACEMENT_3D('',#9579,#7253,#7254);
#5864=AXIS2_PLACEMENT_3D('',#9581,#7255,#7256);
#5865=AXIS2_PLACEMENT_3D('',#9583,#7258,#7259);
#5866=AXIS2_PLACEMENT_3D('',#9587,#7262,#7263);
#5867=AXIS2_PLACEMENT_3D('',#9589,#7264,#7265);
#5868=AXIS2_PLACEMENT_3D('',#9591,#7267,#7268);
#5869=AXIS2_PLACEMENT_3D('',#9595,#7271,#7272);
#5870=AXIS2_PLACEMENT_3D('',#9597,#7273,#7274);
#5871=AXIS2_PLACEMENT_3D('',#9599,#7276,#7277);
#5872=AXIS2_PLACEMENT_3D('',#9603,#7280,#7281);
#5873=AXIS2_PLACEMENT_3D('',#9605,#7282,#7283);
#5874=AXIS2_PLACEMENT_3D('',#9607,#7285,#7286);
#5875=AXIS2_PLACEMENT_3D('',#9611,#7289,#7290);
#5876=AXIS2_PLACEMENT_3D('',#9619,#7292,#7293);
#5877=AXIS2_PLACEMENT_3D('',#9620,#7294,#7295);
#5878=AXIS2_PLACEMENT_3D('',#9623,#7296,#7297);
#5879=AXIS2_PLACEMENT_3D('',#9629,#7299,#7300);
#5880=AXIS2_PLACEMENT_3D('',#9633,#7303,#7304);
#5881=AXIS2_PLACEMENT_3D('',#9635,#7305,#7306);
#5882=AXIS2_PLACEMENT_3D('',#9637,#7308,#7309);
#5883=AXIS2_PLACEMENT_3D('',#9641,#7312,#7313);
#5884=AXIS2_PLACEMENT_3D('',#9643,#7314,#7315);
#5885=AXIS2_PLACEMENT_3D('',#9645,#7317,#7318);
#5886=AXIS2_PLACEMENT_3D('',#9649,#7321,#7322);
#5887=AXIS2_PLACEMENT_3D('',#9651,#7324,#7325);
#5888=AXIS2_PLACEMENT_3D('',#9653,#7326,#7327);
#5889=AXIS2_PLACEMENT_3D('',#9654,#7328,#7329);
#5890=AXIS2_PLACEMENT_3D('',#9655,#7330,#7331);
#5891=AXIS2_PLACEMENT_3D('',#9658,#7333,#7334);
#5892=AXIS2_PLACEMENT_3D('',#9659,#7335,#7336);
#5893=AXIS2_PLACEMENT_3D('',#9660,#7337,#7338);
#5894=AXIS2_PLACEMENT_3D('',#9661,#7339,#7340);
#5895=AXIS2_PLACEMENT_3D('',#9663,#7341,#7342);
#5896=AXIS2_PLACEMENT_3D('',#9665,#7344,#7345);
#5897=AXIS2_PLACEMENT_3D('',#9666,#7346,#7347);
#5898=AXIS2_PLACEMENT_3D('',#9667,#7348,#7349);
#5899=AXIS2_PLACEMENT_3D('',#9670,#7351,#7352);
#5900=AXIS2_PLACEMENT_3D('',#9671,#7353,#7354);
#5901=AXIS2_PLACEMENT_3D('',#9672,#7355,#7356);
#5902=AXIS2_PLACEMENT_3D('',#9673,#7357,#7358);
#5903=AXIS2_PLACEMENT_3D('',#9675,#7360,#7361);
#5904=AXIS2_PLACEMENT_3D('',#9676,#7362,#7363);
#5905=AXIS2_PLACEMENT_3D('',#9680,#7365,#7366);
#5906=AXIS2_PLACEMENT_3D('',#9682,#7368,#7369);
#5907=AXIS2_PLACEMENT_3D('',#9686,#7372,#7373);
#5908=AXIS2_PLACEMENT_3D('',#9688,#7374,#7375);
#5909=AXIS2_PLACEMENT_3D('',#9690,#7377,#7378);
#5910=AXIS2_PLACEMENT_3D('',#9694,#7381,#7382);
#5911=AXIS2_PLACEMENT_3D('',#9696,#7383,#7384);
#5912=AXIS2_PLACEMENT_3D('',#9698,#7386,#7387);
#5913=AXIS2_PLACEMENT_3D('',#9702,#7390,#7391);
#5914=AXIS2_PLACEMENT_3D('',#9705,#7393,#7394);
#5915=AXIS2_PLACEMENT_3D('',#9706,#7395,#7396);
#5916=AXIS2_PLACEMENT_3D('',#9708,#7398,#7399);
#5917=AXIS2_PLACEMENT_3D('',#9712,#7401,#7402);
#5918=AXIS2_PLACEMENT_3D('',#9714,#7404,#7405);
#5919=AXIS2_PLACEMENT_3D('',#9718,#7408,#7409);
#5920=AXIS2_PLACEMENT_3D('',#9720,#7410,#7411);
#5921=AXIS2_PLACEMENT_3D('',#9722,#7413,#7414);
#5922=AXIS2_PLACEMENT_3D('',#9726,#7417,#7418);
#5923=AXIS2_PLACEMENT_3D('',#9728,#7419,#7420);
#5924=AXIS2_PLACEMENT_3D('',#9730,#7422,#7423);
#5925=AXIS2_PLACEMENT_3D('',#9734,#7426,#7427);
#5926=AXIS2_PLACEMENT_3D('',#9736,#7428,#7429);
#5927=AXIS2_PLACEMENT_3D('',#9738,#7431,#7432);
#5928=AXIS2_PLACEMENT_3D('',#9740,#7434,#7435);
#5929=AXIS2_PLACEMENT_3D('',#9742,#7437,#7438);
#5930=AXIS2_PLACEMENT_3D('',#9744,#7440,#7441);
#5931=AXIS2_PLACEMENT_3D('',#9745,#7442,#7443);
#5932=AXIS2_PLACEMENT_3D('',#9746,#7444,#7445);
#5933=AXIS2_PLACEMENT_3D('',#9750,#7447,#7448);
#5934=AXIS2_PLACEMENT_3D('',#9752,#7450,#7451);
#5935=AXIS2_PLACEMENT_3D('',#9756,#7454,#7455);
#5936=AXIS2_PLACEMENT_3D('',#9759,#7457,#7458);
#5937=AXIS2_PLACEMENT_3D('',#9760,#7459,#7460);
#5938=AXIS2_PLACEMENT_3D('',#9764,#7463,#7464);
#5939=AXIS2_PLACEMENT_3D('',#9767,#7466,#7467);
#5940=AXIS2_PLACEMENT_3D('',#9768,#7468,#7469);
#5941=AXIS2_PLACEMENT_3D('',#9772,#7472,#7473);
#5942=AXIS2_PLACEMENT_3D('',#9775,#7475,#7476);
#5943=AXIS2_PLACEMENT_3D('',#9776,#7477,#7478);
#5944=AXIS2_PLACEMENT_3D('',#9778,#7480,#7481);
#5945=AXIS2_PLACEMENT_3D('',#9781,#7482,#7483);
#5946=AXIS2_PLACEMENT_3D('',#9784,#7486,#7487);
#5947=AXIS2_PLACEMENT_3D('',#9788,#7490,#7491);
#5948=AXIS2_PLACEMENT_3D('',#9791,#7493,#7494);
#5949=AXIS2_PLACEMENT_3D('',#9792,#7495,#7496);
#5950=AXIS2_PLACEMENT_3D('',#9796,#7499,#7500);
#5951=AXIS2_PLACEMENT_3D('',#9799,#7502,#7503);
#5952=AXIS2_PLACEMENT_3D('',#9800,#7504,#7505);
#5953=AXIS2_PLACEMENT_3D('',#9804,#7508,#7509);
#5954=AXIS2_PLACEMENT_3D('',#9807,#7511,#7512);
#5955=AXIS2_PLACEMENT_3D('',#9808,#7513,#7514);
#5956=AXIS2_PLACEMENT_3D('',#9810,#7516,#7517);
#5957=AXIS2_PLACEMENT_3D('',#9811,#7518,#7519);
#5958=AXIS2_PLACEMENT_3D('',#9814,#7520,#7521);
#5959=AXIS2_PLACEMENT_3D('',#9817,#7524,#7525);
#5960=AXIS2_PLACEMENT_3D('',#9821,#7528,#7529);
#5961=AXIS2_PLACEMENT_3D('',#9824,#7531,#7532);
#5962=AXIS2_PLACEMENT_3D('',#9825,#7533,#7534);
#5963=AXIS2_PLACEMENT_3D('',#9829,#7537,#7538);
#5964=AXIS2_PLACEMENT_3D('',#9832,#7540,#7541);
#5965=AXIS2_PLACEMENT_3D('',#9833,#7542,#7543);
#5966=AXIS2_PLACEMENT_3D('',#9837,#7546,#7547);
#5967=AXIS2_PLACEMENT_3D('',#9840,#7549,#7550);
#5968=AXIS2_PLACEMENT_3D('',#9841,#7551,#7552);
#5969=AXIS2_PLACEMENT_3D('',#9843,#7554,#7555);
#5970=AXIS2_PLACEMENT_3D('',#9844,#7556,#7557);
#5971=AXIS2_PLACEMENT_3D('',#9845,#7558,#7559);
#5972=AXIS2_PLACEMENT_3D('',#9850,#7562,#7563);
#5973=AXIS2_PLACEMENT_3D('',#9851,#7564,#7565);
#5974=AXIS2_PLACEMENT_3D('',#9855,#7568,#7569);
#5975=AXIS2_PLACEMENT_3D('',#9858,#7571,#7572);
#5976=AXIS2_PLACEMENT_3D('',#9859,#7573,#7574);
#5977=AXIS2_PLACEMENT_3D('',#9863,#7577,#7578);
#5978=AXIS2_PLACEMENT_3D('',#9866,#7580,#7581);
#5979=AXIS2_PLACEMENT_3D('',#9867,#7582,#7583);
#5980=AXIS2_PLACEMENT_3D('',#9871,#7586,#7587);
#5981=AXIS2_PLACEMENT_3D('',#9874,#7589,#7590);
#5982=AXIS2_PLACEMENT_3D('',#9875,#7591,#7592);
#5983=AXIS2_PLACEMENT_3D('',#9877,#7594,#7595);
#5984=AXIS2_PLACEMENT_3D('',#9878,#7596,#7597);
#5985=AXIS2_PLACEMENT_3D('',#9879,#7598,#7599);
#5986=AXIS2_PLACEMENT_3D('',#9881,#7600,#7601);
#5987=AXIS2_PLACEMENT_3D('',#9882,#7602,#7603);
#5988=AXIS2_PLACEMENT_3D('',#9883,#7604,#7605);
#5989=AXIS2_PLACEMENT_3D('',#9885,#7606,#7607);
#5990=AXIS2_PLACEMENT_3D('',#9887,#7609,#7610);
#5991=AXIS2_PLACEMENT_3D('',#9888,#7611,#7612);
#5992=AXIS2_PLACEMENT_3D('',#9889,#7613,#7614);
#5993=AXIS2_PLACEMENT_3D('',#9892,#7616,#7617);
#5994=AXIS2_PLACEMENT_3D('',#9893,#7618,#7619);
#5995=AXIS2_PLACEMENT_3D('',#9894,#7620,#7621);
#5996=AXIS2_PLACEMENT_3D('',#9895,#7622,#7623);
#5997=AXIS2_PLACEMENT_3D('',#9898,#7625,#7626);
#5998=AXIS2_PLACEMENT_3D('',#9899,#7627,#7628);
#5999=AXIS2_PLACEMENT_3D('',#9900,#7629,#7630);
#6000=AXIS2_PLACEMENT_3D('',#9901,#7631,#7632);
#6001=AXIS2_PLACEMENT_3D('',#9903,#7634,#7635);
#6002=AXIS2_PLACEMENT_3D('',#9905,#7636,#7637);
#6003=AXIS2_PLACEMENT_3D('',#9906,#7638,#7639);
#6004=AXIS2_PLACEMENT_3D('',#9907,#7640,#7641);
#6005=AXIS2_PLACEMENT_3D('',#9909,#7642,#7643);
#6006=AXIS2_PLACEMENT_3D('',#9911,#7645,#7646);
#6007=AXIS2_PLACEMENT_3D('',#9912,#7647,#7648);
#6008=AXIS2_PLACEMENT_3D('',#9913,#7649,#7650);
#6009=AXIS2_PLACEMENT_3D('',#9915,#7651,#7652);
#6010=AXIS2_PLACEMENT_3D('',#9917,#7654,#7655);
#6011=AXIS2_PLACEMENT_3D('',#9918,#7656,#7657);
#6012=AXIS2_PLACEMENT_3D('',#9919,#7658,#7659);
#6013=AXIS2_PLACEMENT_3D('',#9921,#7660,#7661);
#6014=AXIS2_PLACEMENT_3D('',#9923,#7663,#7664);
#6015=AXIS2_PLACEMENT_3D('',#9924,#7665,#7666);
#6016=AXIS2_PLACEMENT_3D('',#9925,#7667,#7668);
#6017=AXIS2_PLACEMENT_3D('',#9927,#7670,#7671);
#6018=AXIS2_PLACEMENT_3D('',#9929,#7672,#7673);
#6019=AXIS2_PLACEMENT_3D('',#9930,#7674,#7675);
#6020=AXIS2_PLACEMENT_3D('',#9931,#7676,#7677);
#6021=AXIS2_PLACEMENT_3D('',#9933,#7678,#7679);
#6022=AXIS2_PLACEMENT_3D('',#9935,#7681,#7682);
#6023=AXIS2_PLACEMENT_3D('',#9936,#7683,#7684);
#6024=AXIS2_PLACEMENT_3D('',#9937,#7685,#7686);
#6025=AXIS2_PLACEMENT_3D('',#9940,#7688,#7689);
#6026=AXIS2_PLACEMENT_3D('',#9941,#7690,#7691);
#6027=AXIS2_PLACEMENT_3D('',#9942,#7692,#7693);
#6028=AXIS2_PLACEMENT_3D('',#9943,#7694,#7695);
#6029=AXIS2_PLACEMENT_3D('',#9946,#7697,#7698);
#6030=AXIS2_PLACEMENT_3D('',#9947,#7699,#7700);
#6031=AXIS2_PLACEMENT_3D('',#9948,#7701,#7702);
#6032=AXIS2_PLACEMENT_3D('',#9949,#7703,#7704);
#6033=AXIS2_PLACEMENT_3D('',#9951,#7706,#7707);
#6034=AXIS2_PLACEMENT_3D('',#9953,#7708,#7709);
#6035=AXIS2_PLACEMENT_3D('',#9954,#7710,#7711);
#6036=AXIS2_PLACEMENT_3D('',#9955,#7712,#7713);
#6037=AXIS2_PLACEMENT_3D('',#9958,#7715,#7716);
#6038=AXIS2_PLACEMENT_3D('',#9959,#7717,#7718);
#6039=AXIS2_PLACEMENT_3D('',#9960,#7719,#7720);
#6040=AXIS2_PLACEMENT_3D('',#9961,#7721,#7722);
#6041=AXIS2_PLACEMENT_3D('',#9963,#7723,#7724);
#6042=AXIS2_PLACEMENT_3D('',#9965,#7726,#7727);
#6043=AXIS2_PLACEMENT_3D('',#9966,#7728,#7729);
#6044=AXIS2_PLACEMENT_3D('',#9967,#7730,#7731);
#6045=AXIS2_PLACEMENT_3D('',#9969,#7732,#7733);
#6046=AXIS2_PLACEMENT_3D('',#9971,#7735,#7736);
#6047=AXIS2_PLACEMENT_3D('',#9972,#7737,#7738);
#6048=AXIS2_PLACEMENT_3D('',#9973,#7739,#7740);
#6049=AXIS2_PLACEMENT_3D('',#9975,#7742,#7743);
#6050=AXIS2_PLACEMENT_3D('',#9977,#7744,#7745);
#6051=AXIS2_PLACEMENT_3D('',#9978,#7746,#7747);
#6052=AXIS2_PLACEMENT_3D('',#9979,#7748,#7749);
#6053=AXIS2_PLACEMENT_3D('',#9982,#7751,#7752);
#6054=AXIS2_PLACEMENT_3D('',#9983,#7753,#7754);
#6055=AXIS2_PLACEMENT_3D('',#9984,#7755,#7756);
#6056=AXIS2_PLACEMENT_3D('',#9985,#7757,#7758);
#6057=AXIS2_PLACEMENT_3D('',#9988,#7760,#7761);
#6058=AXIS2_PLACEMENT_3D('',#9989,#7762,#7763);
#6059=AXIS2_PLACEMENT_3D('',#9990,#7764,#7765);
#6060=AXIS2_PLACEMENT_3D('',#9991,#7766,#7767);
#6061=AXIS2_PLACEMENT_3D('',#9993,#7768,#7769);
#6062=AXIS2_PLACEMENT_3D('',#9995,#7771,#7772);
#6063=AXIS2_PLACEMENT_3D('',#9996,#7773,#7774);
#6064=AXIS2_PLACEMENT_3D('',#9997,#7775,#7776);
#6065=AXIS2_PLACEMENT_3D('',#9999,#7778,#7779);
#6066=AXIS2_PLACEMENT_3D('',#10001,#7780,#7781);
#6067=AXIS2_PLACEMENT_3D('',#10002,#7782,#7783);
#6068=AXIS2_PLACEMENT_3D('',#10003,#7784,#7785);
#6069=AXIS2_PLACEMENT_3D('',#10005,#7786,#7787);
#6070=AXIS2_PLACEMENT_3D('',#10007,#7789,#7790);
#6071=AXIS2_PLACEMENT_3D('',#10008,#7791,#7792);
#6072=AXIS2_PLACEMENT_3D('',#10009,#7793,#7794);
#6073=AXIS2_PLACEMENT_3D('',#10012,#7796,#7797);
#6074=AXIS2_PLACEMENT_3D('',#10013,#7798,#7799);
#6075=AXIS2_PLACEMENT_3D('',#10014,#7800,#7801);
#6076=AXIS2_PLACEMENT_3D('',#10015,#7802,#7803);
#6077=AXIS2_PLACEMENT_3D('',#10018,#7805,#7806);
#6078=AXIS2_PLACEMENT_3D('',#10019,#7807,#7808);
#6079=AXIS2_PLACEMENT_3D('',#10020,#7809,#7810);
#6080=AXIS2_PLACEMENT_3D('',#10021,#7811,#7812);
#6081=AXIS2_PLACEMENT_3D('',#10023,#7814,#7815);
#6082=AXIS2_PLACEMENT_3D('',#10024,#7816,#7817);
#6083=AXIS2_PLACEMENT_3D('',#10025,#7818,#7819);
#6084=AXIS2_PLACEMENT_3D('',#10026,#7820,#7821);
#6085=AXIS2_PLACEMENT_3D('',#10027,#7822,#7823);
#6086=AXIS2_PLACEMENT_3D('',#10028,#7824,#7825);
#6087=DIRECTION('axis',(0.,0.,1.));
#6088=DIRECTION('refdir',(1.,0.,0.));
#6089=DIRECTION('center_axis',(0.,0.,-1.));
#6090=DIRECTION('ref_axis',(-1.,0.,0.));
#6091=DIRECTION('center_axis',(0.,0.,-1.));
#6092=DIRECTION('ref_axis',(-1.,0.,0.));
#6093=DIRECTION('',(0.,0.,1.));
#6094=DIRECTION('center_axis',(0.,0.,1.));
#6095=DIRECTION('ref_axis',(-1.,0.,0.));
#6096=DIRECTION('',(0.,0.,-1.));
#6097=DIRECTION('center_axis',(0.,0.,1.));
#6098=DIRECTION('ref_axis',(1.,0.,0.));
#6099=DIRECTION('center_axis',(0.,0.,-1.));
#6100=DIRECTION('ref_axis',(-1.,0.,0.));
#6101=DIRECTION('',(0.,1.,0.));
#6102=DIRECTION('center_axis',(0.,0.,1.));
#6103=DIRECTION('ref_axis',(-1.,0.,0.));
#6104=DIRECTION('',(-1.,0.,0.));
#6105=DIRECTION('',(0.,-1.,0.));
#6106=DIRECTION('',(1.,0.,0.));
#6107=DIRECTION('',(0.,1.,0.));
#6108=DIRECTION('',(-1.,0.,0.));
#6109=DIRECTION('center_axis',(0.,0.,1.));
#6110=DIRECTION('ref_axis',(-1.,0.,0.));
#6111=DIRECTION('',(0.,-1.,0.));
#6112=DIRECTION('center_axis',(0.,0.,-1.));
#6113=DIRECTION('ref_axis',(-1.,0.,0.));
#6114=DIRECTION('',(-1.,0.,0.));
#6115=DIRECTION('',(0.,1.,0.));
#6116=DIRECTION('',(-1.,0.,0.));
#6117=DIRECTION('',(0.,-1.,0.));
#6118=DIRECTION('center_axis',(0.,0.,-1.));
#6119=DIRECTION('ref_axis',(-1.,0.,0.));
#6120=DIRECTION('',(-1.,0.,0.));
#6121=DIRECTION('',(0.,1.,0.));
#6122=DIRECTION('',(1.,0.,0.));
#6123=DIRECTION('',(0.,-1.,0.));
#6124=DIRECTION('',(-1.,0.,0.));
#6125=DIRECTION('',(-1.,0.,0.));
#6126=DIRECTION('',(0.,1.,0.));
#6127=DIRECTION('',(1.,0.,0.));
#6128=DIRECTION('',(0.,-1.,0.));
#6129=DIRECTION('center_axis',(-5.26099147388672E-14,-5.84686844071948E-14,
1.));
#6130=DIRECTION('ref_axis',(1.,0.,5.18104078158446E-14));
#6131=DIRECTION('center_axis',(-1.,6.12323399573677E-17,0.));
#6132=DIRECTION('ref_axis',(-6.12323399573677E-17,-1.,0.));
#6133=DIRECTION('center_axis',(0.,0.,-1.));
#6134=DIRECTION('ref_axis',(-1.,0.,0.));
#6135=DIRECTION('center_axis',(0.,-1.,0.));
#6136=DIRECTION('ref_axis',(-1.,0.,0.));
#6137=DIRECTION('center_axis',(-1.,0.,0.));
#6138=DIRECTION('ref_axis',(0.,0.,1.));
#6139=DIRECTION('center_axis',(-1.,0.,0.));
#6140=DIRECTION('ref_axis',(0.,0.,1.));
#6141=DIRECTION('',(-1.,0.,0.));
#6142=DIRECTION('center_axis',(-2.11930096708419E-15,9.396843061912E-15,
1.));
#6143=DIRECTION('ref_axis',(1.,0.,2.46716227694476E-15));
#6144=DIRECTION('center_axis',(0.,-1.,0.));
#6145=DIRECTION('ref_axis',(1.,0.,0.));
#6146=DIRECTION('center_axis',(0.,0.,-1.));
#6147=DIRECTION('ref_axis',(1.,0.,0.));
#6148=DIRECTION('center_axis',(0.,-1.,0.));
#6149=DIRECTION('ref_axis',(0.,0.,-1.));
#6150=DIRECTION('center_axis',(0.,-1.,0.));
#6151=DIRECTION('ref_axis',(0.,0.,-1.));
#6152=DIRECTION('',(0.,-1.,0.));
#6153=DIRECTION('center_axis',(0.,0.,1.));
#6154=DIRECTION('ref_axis',(1.,0.,0.));
#6155=DIRECTION('center_axis',(1.,0.,0.));
#6156=DIRECTION('ref_axis',(0.,1.,0.));
#6157=DIRECTION('center_axis',(0.,0.,-1.));
#6158=DIRECTION('ref_axis',(0.,1.,0.));
#6159=DIRECTION('center_axis',(1.,0.,0.));
#6160=DIRECTION('ref_axis',(0.,0.,-1.));
#6161=DIRECTION('center_axis',(1.,0.,0.));
#6162=DIRECTION('ref_axis',(0.,0.,-1.));
#6163=DIRECTION('',(1.,0.,0.));
#6164=DIRECTION('center_axis',(2.2315296091845E-14,-3.00657623288391E-14,
1.));
#6165=DIRECTION('ref_axis',(1.,0.,-2.22044604925027E-14));
#6166=DIRECTION('center_axis',(0.,1.,0.));
#6167=DIRECTION('ref_axis',(-1.,0.,0.));
#6168=DIRECTION('center_axis',(0.,0.,-1.));
#6169=DIRECTION('ref_axis',(-1.,0.,0.));
#6170=DIRECTION('center_axis',(0.,1.,0.));
#6171=DIRECTION('ref_axis',(0.,0.,1.));
#6172=DIRECTION('',(0.,1.,0.));
#6173=DIRECTION('center_axis',(1.,0.,0.));
#6174=DIRECTION('ref_axis',(0.,0.,-1.));
#6175=DIRECTION('',(0.,0.,-1.));
#6176=DIRECTION('',(0.,1.,0.));
#6177=DIRECTION('',(0.,0.,1.));
#6178=DIRECTION('center_axis',(0.,0.,-1.));
#6179=DIRECTION('ref_axis',(-1.,0.,0.));
#6180=DIRECTION('',(0.,0.,1.));
#6181=DIRECTION('center_axis',(0.,0.,-1.));
#6182=DIRECTION('ref_axis',(-1.,0.,0.));
#6183=DIRECTION('center_axis',(0.,1.,0.));
#6184=DIRECTION('ref_axis',(0.,0.,1.));
#6185=DIRECTION('',(0.,0.,-1.));
#6186=DIRECTION('',(-1.,0.,0.));
#6187=DIRECTION('center_axis',(0.,0.,-1.));
#6188=DIRECTION('ref_axis',(1.,1.22464679914735E-16,0.));
#6189=DIRECTION('',(0.,0.,1.));
#6190=DIRECTION('center_axis',(0.,0.,-1.));
#6191=DIRECTION('ref_axis',(-1.,0.,0.));
#6192=DIRECTION('center_axis',(0.,1.,0.));
#6193=DIRECTION('ref_axis',(0.,0.,1.));
#6194=DIRECTION('',(0.,-1.,0.));
#6195=DIRECTION('center_axis',(0.,1.,0.));
#6196=DIRECTION('ref_axis',(0.,0.,1.));
#6197=DIRECTION('center_axis',(0.,-1.,0.));
#6198=DIRECTION('ref_axis',(0.,0.,1.));
#6199=DIRECTION('center_axis',(6.E-16,1.,0.));
#6200=DIRECTION('ref_axis',(-1.,6.E-16,0.));
#6201=DIRECTION('',(-0.866025403784162,0.,0.50000000000048));
#6202=DIRECTION('center_axis',(0.,-1.,0.));
#6203=DIRECTION('ref_axis',(0.,0.,-1.));
#6204=DIRECTION('',(-1.,6.E-16,0.));
#6205=DIRECTION('center_axis',(0.,-1.,0.));
#6206=DIRECTION('ref_axis',(0.,0.,-1.));
#6207=DIRECTION('',(-0.866025403784162,0.,-0.500000000000479));
#6208=DIRECTION('',(-0.499999999999037,0.,0.866025403784995));
#6209=DIRECTION('',(0.866025403784163,0.,0.500000000000478));
#6210=DIRECTION('center_axis',(0.,1.,0.));
#6211=DIRECTION('ref_axis',(0.,0.,1.));
#6212=DIRECTION('',(0.866025403784163,0.,-0.500000000000477));
#6213=DIRECTION('',(-0.499999999999038,0.,-0.866025403784994));
#6214=DIRECTION('center_axis',(0.,1.,0.));
#6215=DIRECTION('ref_axis',(0.,0.,1.));
#6216=DIRECTION('center_axis',(0.,1.,0.));
#6217=DIRECTION('ref_axis',(0.,0.,1.));
#6218=DIRECTION('',(0.,1.,0.));
#6219=DIRECTION('center_axis',(0.,-1.,0.));
#6220=DIRECTION('ref_axis',(0.,0.,-1.));
#6221=DIRECTION('',(0.,0.,1.));
#6222=DIRECTION('',(1.,0.,0.));
#6223=DIRECTION('center_axis',(0.,0.,-1.));
#6224=DIRECTION('ref_axis',(-1.,0.,0.));
#6225=DIRECTION('',(0.,0.,1.));
#6226=DIRECTION('center_axis',(0.,0.,1.));
#6227=DIRECTION('ref_axis',(-1.,0.,0.));
#6228=DIRECTION('center_axis',(1.,0.,0.));
#6229=DIRECTION('ref_axis',(0.,0.,-1.));
#6230=DIRECTION('',(0.,0.,1.));
#6231=DIRECTION('',(0.,1.,0.));
#6232=DIRECTION('center_axis',(0.,0.,-1.));
#6233=DIRECTION('ref_axis',(-1.,0.,0.));
#6234=DIRECTION('',(0.,0.,-1.));
#6235=DIRECTION('center_axis',(0.,0.,1.));
#6236=DIRECTION('ref_axis',(-1.,0.,0.));
#6237=DIRECTION('center_axis',(4.2E-16,1.,-2.8E-16));
#6238=DIRECTION('ref_axis',(-1.,4.2E-16,0.));
#6239=DIRECTION('center_axis',(0.,1.,0.));
#6240=DIRECTION('ref_axis',(0.,0.,1.));
#6241=DIRECTION('',(-0.399999999920633,0.,-0.916515139025807));
#6242=DIRECTION('center_axis',(0.,-1.,0.));
#6243=DIRECTION('ref_axis',(0.,0.,-1.));
#6244=DIRECTION('',(-1.,4.2E-16,0.));
#6245=DIRECTION('center_axis',(0.,1.,0.));
#6246=DIRECTION('ref_axis',(0.,0.,1.));
#6247=DIRECTION('',(0.,1.,0.));
#6248=DIRECTION('center_axis',(0.,1.,0.));
#6249=DIRECTION('ref_axis',(0.,0.,1.));
#6250=DIRECTION('',(0.,1.,0.));
#6251=DIRECTION('center_axis',(0.,-1.,0.));
#6252=DIRECTION('ref_axis',(2.00160401074247E-15,0.,1.));
#6253=DIRECTION('center_axis',(0.,-1.,0.));
#6254=DIRECTION('ref_axis',(0.,0.,-1.));
#6255=DIRECTION('',(0.,0.,-1.));
#6256=DIRECTION('',(1.,0.,0.));
#6257=DIRECTION('center_axis',(0.,-1.,0.));
#6258=DIRECTION('ref_axis',(0.,0.,1.));
#6259=DIRECTION('',(0.,0.,1.));
#6260=DIRECTION('center_axis',(0.,-1.,0.));
#6261=DIRECTION('ref_axis',(0.,0.,-1.));
#6262=DIRECTION('',(-4.4E-16,0.,1.));
#6263=DIRECTION('center_axis',(0.,-1.,0.));
#6264=DIRECTION('ref_axis',(0.,0.,-1.));
#6265=DIRECTION('',(1.,0.,0.));
#6266=DIRECTION('',(0.,0.,1.));
#6267=DIRECTION('',(-1.,0.,0.));
#6268=DIRECTION('center_axis',(0.,1.,0.));
#6269=DIRECTION('ref_axis',(0.,0.,-1.));
#6270=DIRECTION('',(0.,0.,1.));
#6271=DIRECTION('center_axis',(0.,1.,0.));
#6272=DIRECTION('ref_axis',(0.,0.,-1.));
#6273=DIRECTION('',(1.,0.,0.));
#6274=DIRECTION('center_axis',(0.,1.,0.));
#6275=DIRECTION('ref_axis',(1.56988549859679E-15,0.,-1.));
#6276=DIRECTION('',(0.,0.,-1.));
#6277=DIRECTION('center_axis',(0.,1.,0.));
#6278=DIRECTION('ref_axis',(-1.56988549861041E-15,0.,-1.));
#6279=DIRECTION('',(-1.,0.,0.));
#6280=DIRECTION('center_axis',(0.,-1.,0.));
#6281=DIRECTION('ref_axis',(0.,0.,-1.));
#6282=DIRECTION('',(0.,-1.,0.));
#6283=DIRECTION('center_axis',(0.,-1.,0.));
#6284=DIRECTION('ref_axis',(0.,0.,-1.));
#6285=DIRECTION('',(0.,-1.,0.));
#6286=DIRECTION('center_axis',(0.,-1.,0.));
#6287=DIRECTION('ref_axis',(0.,0.,-1.));
#6288=DIRECTION('center_axis',(4.E-15,1.,3.4E-15));
#6289=DIRECTION('ref_axis',(-1.,4.E-15,0.));
#6290=DIRECTION('',(1.36E-29,3.4E-15,-1.));
#6291=DIRECTION('',(-1.,4.E-15,0.));
#6292=DIRECTION('center_axis',(0.,-1.,0.));
#6293=DIRECTION('ref_axis',(0.,0.,1.));
#6294=DIRECTION('',(-0.399999999999206,-2.89120579328894E-15,0.916515138991514));
#6295=DIRECTION('center_axis',(0.,0.,-1.));
#6296=DIRECTION('ref_axis',(-1.,0.,0.));
#6297=DIRECTION('center_axis',(0.,0.,1.));
#6298=DIRECTION('ref_axis',(-1.,0.,0.));
#6299=DIRECTION('center_axis',(2.01959951247618E-14,-2.0668919266929E-14,
1.));
#6300=DIRECTION('ref_axis',(1.,0.,-1.97372982155584E-14));
#6301=DIRECTION('center_axis',(6.12323399573677E-17,1.,0.));
#6302=DIRECTION('ref_axis',(-1.,6.12323399573676E-17,0.));
#6303=DIRECTION('center_axis',(0.,0.,-1.));
#6304=DIRECTION('ref_axis',(0.,1.,0.));
#6305=DIRECTION('center_axis',(-1.,0.,0.));
#6306=DIRECTION('ref_axis',(0.,1.,0.));
#6307=DIRECTION('center_axis',(0.,1.,0.));
#6308=DIRECTION('ref_axis',(0.,0.,1.));
#6309=DIRECTION('center_axis',(0.,1.,0.));
#6310=DIRECTION('ref_axis',(0.,0.,1.));
#6311=DIRECTION('',(0.,1.,0.));
#6312=DIRECTION('center_axis',(-4.69842153095582E-15,-1.0596504835419E-15,
1.));
#6313=DIRECTION('ref_axis',(1.,0.,4.93432455388942E-15));
#6314=DIRECTION('center_axis',(-1.,0.,0.));
#6315=DIRECTION('ref_axis',(0.,-1.,0.));
#6316=DIRECTION('center_axis',(0.,0.,-1.));
#6317=DIRECTION('ref_axis',(0.,-1.,0.));
#6318=DIRECTION('center_axis',(-1.,0.,0.));
#6319=DIRECTION('ref_axis',(0.,0.,1.));
#6320=DIRECTION('center_axis',(-1.,0.,0.));
#6321=DIRECTION('ref_axis',(0.,0.,1.));
#6322=DIRECTION('',(-1.,0.,0.));
#6323=DIRECTION('center_axis',(1.80766941576777E-14,-1.1272076205017E-14,
1.));
#6324=DIRECTION('ref_axis',(1.,0.,-1.85037170770866E-14));
#6325=DIRECTION('center_axis',(0.,-1.,0.));
#6326=DIRECTION('ref_axis',(1.,0.,0.));
#6327=DIRECTION('center_axis',(0.,0.,-1.));
#6328=DIRECTION('ref_axis',(1.,0.,0.));
#6329=DIRECTION('center_axis',(0.,-1.,0.));
#6330=DIRECTION('ref_axis',(0.,0.,-1.));
#6331=DIRECTION('center_axis',(0.,-1.,0.));
#6332=DIRECTION('ref_axis',(0.,0.,-1.));
#6333=DIRECTION('',(0.,-1.,0.));
#6334=DIRECTION('center_axis',(0.,0.,1.));
#6335=DIRECTION('ref_axis',(1.,0.,0.));
#6336=DIRECTION('center_axis',(1.,0.,0.));
#6337=DIRECTION('ref_axis',(0.,1.,0.));
#6338=DIRECTION('center_axis',(0.,0.,-1.));
#6339=DIRECTION('ref_axis',(0.,1.,0.));
#6340=DIRECTION('center_axis',(1.,0.,0.));
#6341=DIRECTION('ref_axis',(0.,0.,-1.));
#6342=DIRECTION('',(1.,0.,0.));
#6343=DIRECTION('center_axis',(0.,0.,1.));
#6344=DIRECTION('ref_axis',(1.,0.,0.));
#6345=DIRECTION('',(0.,0.,-1.));
#6346=DIRECTION('',(0.,0.,1.));
#6347=DIRECTION('center_axis',(0.,0.,1.));
#6348=DIRECTION('ref_axis',(1.,0.,0.));
#6349=DIRECTION('center_axis',(0.,-1.,0.));
#6350=DIRECTION('ref_axis',(0.,0.,-1.));
#6351=DIRECTION('',(1.,0.,0.));
#6352=DIRECTION('',(0.,0.,1.));
#6353=DIRECTION('center_axis',(0.,0.,1.));
#6354=DIRECTION('ref_axis',(1.,0.,0.));
#6355=DIRECTION('',(0.,0.,1.));
#6356=DIRECTION('center_axis',(0.,0.,1.));
#6357=DIRECTION('ref_axis',(1.,0.,0.));
#6358=DIRECTION('center_axis',(1.,0.,0.));
#6359=DIRECTION('ref_axis',(0.,0.,-1.));
#6360=DIRECTION('',(0.,1.,0.));
#6361=DIRECTION('',(0.,0.,1.));
#6362=DIRECTION('center_axis',(0.,0.,1.));
#6363=DIRECTION('ref_axis',(1.,0.,0.));
#6364=DIRECTION('',(0.,0.,1.));
#6365=DIRECTION('center_axis',(0.,0.,1.));
#6366=DIRECTION('ref_axis',(1.,0.,0.));
#6367=DIRECTION('center_axis',(0.,1.,0.));
#6368=DIRECTION('ref_axis',(0.,0.,1.));
#6369=DIRECTION('',(-1.,0.,0.));
#6370=DIRECTION('',(0.,0.,1.));
#6371=DIRECTION('center_axis',(0.,0.,1.));
#6372=DIRECTION('ref_axis',(1.,0.,0.));
#6373=DIRECTION('',(0.,0.,1.));
#6374=DIRECTION('center_axis',(0.,0.,1.));
#6375=DIRECTION('ref_axis',(1.,0.,0.));
#6376=DIRECTION('center_axis',(-1.,0.,0.));
#6377=DIRECTION('ref_axis',(0.,0.,1.));
#6378=DIRECTION('',(0.,-1.,0.));
#6379=DIRECTION('center_axis',(0.,-1.,0.));
#6380=DIRECTION('ref_axis',(0.,0.,-1.));
#6381=DIRECTION('',(0.499999999999037,0.,-0.866025403784995));
#6382=DIRECTION('',(0.866025403784162,0.,0.500000000000479));
#6383=DIRECTION('center_axis',(0.,1.,0.));
#6384=DIRECTION('ref_axis',(2.60208521396521E-15,0.,-1.));
#6385=DIRECTION('',(-0.866025403784163,0.,-0.500000000000478));
#6386=DIRECTION('center_axis',(0.50000000000019,0.,-0.866025403784329));
#6387=DIRECTION('ref_axis',(-0.866025403784329,0.,-0.50000000000019));
#6388=DIRECTION('center_axis',(0.50000000000019,0.,-0.866025403784329));
#6389=DIRECTION('ref_axis',(0.866025403784329,0.,0.50000000000019));
#6390=DIRECTION('',(0.,1.,0.));
#6391=DIRECTION('center_axis',(0.50000000000019,0.,-0.866025403784329));
#6392=DIRECTION('ref_axis',(0.866025403784329,0.,0.50000000000019));
#6393=DIRECTION('center_axis',(0.,-1.,0.));
#6394=DIRECTION('ref_axis',(0.,0.,-1.));
#6395=DIRECTION('',(0.,1.,0.));
#6396=DIRECTION('center_axis',(0.,1.,0.));
#6397=DIRECTION('ref_axis',(0.,0.,-1.));
#6398=DIRECTION('',(0.,-1.,0.));
#6399=DIRECTION('center_axis',(0.50000000000019,0.,0.866025403784329));
#6400=DIRECTION('ref_axis',(0.866025403784329,0.,-0.50000000000019));
#6401=DIRECTION('center_axis',(0.50000000000019,0.,0.866025403784329));
#6402=DIRECTION('ref_axis',(0.866025403784329,0.,-0.50000000000019));
#6403=DIRECTION('',(0.,1.,0.));
#6404=DIRECTION('center_axis',(0.50000000000019,0.,0.866025403784329));
#6405=DIRECTION('ref_axis',(0.866025403784329,0.,-0.50000000000019));
#6406=DIRECTION('',(0.866025403784329,0.,-0.50000000000019));
#6407=DIRECTION('center_axis',(0.50000000000019,0.,0.866025403784329));
#6408=DIRECTION('ref_axis',(0.866025403784329,0.,-0.50000000000019));
#6409=DIRECTION('',(-0.50000000000019,0.,-0.866025403784329));
#6410=DIRECTION('center_axis',(-0.50000000000019,0.,-0.866025403784329));
#6411=DIRECTION('ref_axis',(0.866025403784329,-8.67361737988405E-15,-0.50000000000019));
#6412=DIRECTION('center_axis',(0.50000000000019,0.,0.866025403784329));
#6413=DIRECTION('ref_axis',(0.866025403784329,0.,-0.50000000000019));
#6414=DIRECTION('',(0.866025403784329,0.,-0.50000000000019));
#6415=DIRECTION('center_axis',(0.50000000000019,0.,0.866025403784329));
#6416=DIRECTION('ref_axis',(0.866025403784329,0.,-0.50000000000019));
#6417=DIRECTION('',(0.,1.,0.));
#6418=DIRECTION('center_axis',(-0.50000000000019,0.,0.866025403784329));
#6419=DIRECTION('ref_axis',(0.866025403784329,0.,0.50000000000019));
#6420=DIRECTION('center_axis',(-0.50000000000019,0.,0.866025403784329));
#6421=DIRECTION('ref_axis',(0.866025403784329,0.,0.50000000000019));
#6422=DIRECTION('',(-0.50000000000019,0.,0.866025403784329));
#6423=DIRECTION('center_axis',(0.50000000000019,0.,-0.866025403784329));
#6424=DIRECTION('ref_axis',(-0.866025403784329,0.,-0.50000000000019));
#6425=DIRECTION('',(0.,-1.,0.));
#6426=DIRECTION('center_axis',(0.50000000000019,0.,-0.866025403784329));
#6427=DIRECTION('ref_axis',(0.866025403784329,0.,0.50000000000019));
#6428=DIRECTION('',(0.,1.,0.));
#6429=DIRECTION('center_axis',(0.,-1.,0.));
#6430=DIRECTION('ref_axis',(0.,0.,-1.));
#6431=DIRECTION('',(0.,1.,0.));
#6432=DIRECTION('center_axis',(0.,0.,1.));
#6433=DIRECTION('ref_axis',(1.,0.,0.));
#6434=DIRECTION('',(0.,1.,0.));
#6435=DIRECTION('',(1.,0.,0.));
#6436=DIRECTION('',(0.,-1.,0.));
#6437=DIRECTION('',(-1.,0.,0.));
#6438=DIRECTION('center_axis',(0.,0.,-1.));
#6439=DIRECTION('ref_axis',(1.85037170770856E-14,-1.,0.));
#6440=DIRECTION('',(0.,-1.,0.));
#6441=DIRECTION('center_axis',(0.,0.,-1.));
#6442=DIRECTION('ref_axis',(1.,0.,0.));
#6443=DIRECTION('',(1.,0.,0.));
#6444=DIRECTION('center_axis',(0.,0.,-1.));
#6445=DIRECTION('ref_axis',(-9.25185853854292E-15,1.,0.));
#6446=DIRECTION('',(0.,1.,0.));
#6447=DIRECTION('center_axis',(0.,0.,-1.));
#6448=DIRECTION('ref_axis',(-1.,0.,0.));
#6449=DIRECTION('',(0.,-1.,0.));
#6450=DIRECTION('center_axis',(0.,0.,-1.));
#6451=DIRECTION('ref_axis',(1.,4.62592926927145E-15,0.));
#6452=DIRECTION('',(1.,0.,0.));
#6453=DIRECTION('center_axis',(5.58399059022691E-15,-5.58399059022694E-15,
-1.));
#6454=DIRECTION('ref_axis',(4.6259292692715E-15,1.,-4.6259292692715E-15));
#6455=DIRECTION('',(0.,1.,0.));
#6456=DIRECTION('center_axis',(-1.11679811804539E-14,-1.11679811804538E-14,
-1.));
#6457=DIRECTION('ref_axis',(-1.,4.62592926927149E-15,1.15648231731787E-14));
#6458=DIRECTION('',(-1.,0.,0.));
#6459=DIRECTION('center_axis',(0.,0.,-1.));
#6460=DIRECTION('ref_axis',(4.62592926927146E-15,-1.,0.));
#6461=DIRECTION('center_axis',(0.,-1.,0.));
#6462=DIRECTION('ref_axis',(0.,0.,-1.));
#6463=DIRECTION('',(0.499999999999038,0.,0.866025403784994));
#6464=DIRECTION('center_axis',(-0.91651513902607,-9.00000000000068E-17,
0.39999999992003));
#6465=DIRECTION('ref_axis',(0.39999999992003,0.,0.91651513902607));
#6466=DIRECTION('',(0.39999999992003,0.,0.91651513902607));
#6467=DIRECTION('',(8.24863625123526E-17,-1.,-3.59999999928055E-17));
#6468=DIRECTION('center_axis',(-7.E-17,1.,7.E-16));
#6469=DIRECTION('ref_axis',(0.,-7.E-16,1.));
#6470=DIRECTION('',(0.,7.E-16,-1.));
#6471=DIRECTION('',(-1.,-7.E-17,-4.9E-32));
#6472=DIRECTION('',(-1.01E-15,0.,-1.));
#6473=DIRECTION('center_axis',(0.,-1.,0.));
#6474=DIRECTION('ref_axis',(0.,0.,-1.));
#6475=DIRECTION('center_axis',(1.,-1.1E-16,-3.5E-16));
#6476=DIRECTION('ref_axis',(-3.5E-16,0.,-1.));
#6477=DIRECTION('',(-1.1E-16,-1.,3.85E-32));
#6478=DIRECTION('',(1.1E-16,1.,-3.85E-32));
#6479=DIRECTION('center_axis',(-1.,2.2E-16,-2.2E-16));
#6480=DIRECTION('ref_axis',(2.2E-16,-4.84E-32,-1.));
#6481=DIRECTION('',(-3.5E-16,0.,-1.));
#6482=DIRECTION('center_axis',(1.,-2.2E-16,2.2E-16));
#6483=DIRECTION('ref_axis',(2.2E-16,-4.84E-32,-1.));
#6484=DIRECTION('',(1.1E-16,1.,-3.85E-32));
#6485=DIRECTION('center_axis',(1.,-2.2E-16,2.2E-16));
#6486=DIRECTION('ref_axis',(2.2E-16,-4.84E-32,-1.));
#6487=DIRECTION('',(3.5E-16,0.,1.));
#6488=DIRECTION('center_axis',(-1.,2.2E-16,-2.2E-16));
#6489=DIRECTION('ref_axis',(2.2E-16,-4.84E-32,-1.));
#6490=DIRECTION('',(1.1E-16,1.,-3.85E-32));
#6491=DIRECTION('center_axis',(1.,-2.2E-16,2.2E-16));
#6492=DIRECTION('ref_axis',(2.2E-16,-4.84E-32,-1.));
#6493=DIRECTION('',(3.5E-16,0.,1.));
#6494=DIRECTION('center_axis',(-1.,2.2E-16,-2.2E-16));
#6495=DIRECTION('ref_axis',(2.2E-16,-4.84E-32,-1.));
#6496=DIRECTION('',(1.1E-16,1.,-3.85E-32));
#6497=DIRECTION('center_axis',(-1.,2.2E-16,-2.2E-16));
#6498=DIRECTION('ref_axis',(2.2E-16,-4.84E-32,-1.));
#6499=DIRECTION('',(-3.5E-16,0.,-1.));
#6500=DIRECTION('center_axis',(1.,-2.2E-16,2.2E-16));
#6501=DIRECTION('ref_axis',(2.2E-16,-4.84E-32,-1.));
#6502=DIRECTION('',(1.1E-16,1.,-3.85E-32));
#6503=DIRECTION('center_axis',(1.,-2.2E-16,2.2E-16));
#6504=DIRECTION('ref_axis',(2.2E-16,-4.84E-32,-1.));
#6505=DIRECTION('',(3.5E-16,0.,1.));
#6506=DIRECTION('center_axis',(2.E-17,4.E-17,-1.));
#6507=DIRECTION('ref_axis',(0.,1.,4.E-17));
#6508=DIRECTION('center_axis',(0.,0.,1.));
#6509=DIRECTION('ref_axis',(-1.,0.,0.));
#6510=DIRECTION('',(1.,0.,0.));
#6511=DIRECTION('',(0.,-1.,-4.E-17));
#6512=DIRECTION('',(0.,1.,4.E-17));
#6513=DIRECTION('center_axis',(0.,0.,-1.));
#6514=DIRECTION('ref_axis',(-1.,0.,0.));
#6515=DIRECTION('center_axis',(0.,0.,1.));
#6516=DIRECTION('ref_axis',(-1.,0.,0.));
#6517=DIRECTION('',(0.,1.,4.E-17));
#6518=DIRECTION('center_axis',(0.,0.,1.));
#6519=DIRECTION('ref_axis',(-1.,-2.08906891022992E-15,0.));
#6520=DIRECTION('center_axis',(0.,0.,-1.));
#6521=DIRECTION('ref_axis',(-1.,0.,0.));
#6522=DIRECTION('',(0.,1.,4.E-17));
#6523=DIRECTION('center_axis',(0.,0.,-1.));
#6524=DIRECTION('ref_axis',(-1.,0.,0.));
#6525=DIRECTION('center_axis',(0.,0.,1.));
#6526=DIRECTION('ref_axis',(-1.,0.,0.));
#6527=DIRECTION('',(0.,1.,4.E-17));
#6528=DIRECTION('center_axis',(0.,0.,1.));
#6529=DIRECTION('ref_axis',(-1.,0.,0.));
#6530=DIRECTION('center_axis',(0.,0.,-1.));
#6531=DIRECTION('ref_axis',(-1.,0.,0.));
#6532=DIRECTION('',(0.,1.,4.E-17));
#6533=DIRECTION('',(1.,-8.E-34,2.E-17));
#6534=DIRECTION('',(0.,-1.,-4.E-17));
#6535=DIRECTION('',(-1.,0.,0.));
#6536=DIRECTION('center_axis',(0.,0.,1.));
#6537=DIRECTION('ref_axis',(-1.,0.,0.));
#6538=DIRECTION('',(0.,-1.,-4.E-17));
#6539=DIRECTION('',(0.,1.,4.E-17));
#6540=DIRECTION('',(-1.,8.E-34,-2.E-17));
#6541=DIRECTION('',(0.,-1.,-4.E-17));
#6542=DIRECTION('',(1.,-8.E-34,2.E-17));
#6543=DIRECTION('center_axis',(1.,0.,0.));
#6544=DIRECTION('ref_axis',(0.,0.,-1.));
#6545=DIRECTION('',(0.,-0.866025403784758,-0.499999999999447));
#6546=DIRECTION('',(0.,-1.,1.1E-16));
#6547=DIRECTION('',(0.,0.,1.));
#6548=DIRECTION('center_axis',(-1.00000000000038E-16,-0.50000000000019,
0.866025403784329));
#6549=DIRECTION('ref_axis',(6.16297582203915E-33,-0.866025403784329,-0.50000000000019));
#6550=DIRECTION('',(-1.,5.0000000000038E-17,-8.66025403784658E-17));
#6551=DIRECTION('',(0.,0.866025403784329,0.50000000000019));
#6552=DIRECTION('center_axis',(0.,-1.,0.));
#6553=DIRECTION('ref_axis',(0.,0.,-1.));
#6554=DIRECTION('center_axis',(0.,-1.,0.));
#6555=DIRECTION('ref_axis',(1.,0.,1.30104260692332E-15));
#6556=DIRECTION('',(0.499999999999741,-0.866025403784588,5.88707061982775E-16));
#6557=DIRECTION('center_axis',(-0.866025403784329,-0.50000000000019,-1.23259516440783E-32));
#6558=DIRECTION('ref_axis',(0.50000000000019,-0.866025403784329,6.84227765783602E-49));
#6559=DIRECTION('',(1.01E-15,0.,1.));
#6560=DIRECTION('',(-0.50000000000019,0.866025403784329,0.));
#6561=DIRECTION('center_axis',(0.,-1.,0.));
#6562=DIRECTION('ref_axis',(0.,0.,-1.));
#6563=DIRECTION('center_axis',(0.,-1.,0.));
#6564=DIRECTION('ref_axis',(-8.67361737940567E-16,0.,1.));
#6565=DIRECTION('',(-3.92471374655183E-16,-0.866025403784588,0.499999999999741));
#6566=DIRECTION('center_axis',(0.,-0.50000000000019,-0.866025403784329));
#6567=DIRECTION('ref_axis',(0.,0.866025403784329,-0.50000000000019));
#6568=DIRECTION('',(0.,0.866025403784329,-0.50000000000019));
#6569=DIRECTION('center_axis',(0.,-1.,0.));
#6570=DIRECTION('ref_axis',(0.,0.,-1.));
#6571=DIRECTION('center_axis',(0.,-1.,0.));
#6572=DIRECTION('ref_axis',(-1.08420217242571E-15,0.,1.));
#6573=DIRECTION('',(-0.499999999999741,-0.866025403784588,9.513846397198E-17));
#6574=DIRECTION('center_axis',(0.866025403784329,-0.50000000000019,0.));
#6575=DIRECTION('ref_axis',(0.50000000000019,0.866025403784329,0.));
#6576=DIRECTION('',(4.6E-16,0.,-1.));
#6577=DIRECTION('',(0.50000000000019,0.866025403784329,0.));
#6578=DIRECTION('center_axis',(0.,-1.,0.));
#6579=DIRECTION('ref_axis',(0.,0.,-1.));
#6580=DIRECTION('center_axis',(0.,-1.,0.));
#6581=DIRECTION('ref_axis',(-1.,0.,-1.08420217246549E-15));
#6582=DIRECTION('',(-9.513846397198E-17,-0.866025403784588,-0.499999999999741));
#6583=DIRECTION('center_axis',(-1.00000000000038E-16,-0.50000000000019,
0.866025403784329));
#6584=DIRECTION('ref_axis',(6.16297582203915E-33,-0.866025403784329,-0.50000000000019));
#6585=DIRECTION('',(-1.,5.0000000000038E-17,-8.66025403784658E-17));
#6586=DIRECTION('',(0.,0.866025403784329,0.50000000000019));
#6587=DIRECTION('center_axis',(1.,0.,0.));
#6588=DIRECTION('ref_axis',(0.,0.,-1.));
#6589=DIRECTION('',(0.,1.,0.));
#6590=DIRECTION('',(0.,0.,1.));
#6591=DIRECTION('',(0.,-1.,0.));
#6592=DIRECTION('center_axis',(2.E-17,4.E-17,-1.));
#6593=DIRECTION('ref_axis',(0.,1.,4.E-17));
#6594=DIRECTION('center_axis',(0.,0.,-1.));
#6595=DIRECTION('ref_axis',(-1.,0.,0.));
#6596=DIRECTION('center_axis',(0.,0.,1.));
#6597=DIRECTION('ref_axis',(-1.,0.,0.));
#6598=DIRECTION('',(0.,1.,4.E-17));
#6599=DIRECTION('',(1.,0.,0.));
#6600=DIRECTION('center_axis',(0.,0.,1.));
#6601=DIRECTION('ref_axis',(-1.,0.,0.));
#6602=DIRECTION('',(0.,1.,4.E-17));
#6603=DIRECTION('center_axis',(0.,0.,1.));
#6604=DIRECTION('ref_axis',(-1.,0.,0.));
#6605=DIRECTION('',(-1.,0.,0.));
#6606=DIRECTION('',(0.,1.,4.E-17));
#6607=DIRECTION('',(1.,-8.E-34,2.E-17));
#6608=DIRECTION('',(0.,-1.,-4.E-17));
#6609=DIRECTION('center_axis',(0.,0.,1.));
#6610=DIRECTION('ref_axis',(-1.,0.,0.));
#6611=DIRECTION('center_axis',(0.,0.,-1.));
#6612=DIRECTION('ref_axis',(-1.,0.,0.));
#6613=DIRECTION('',(0.,-1.,-4.E-17));
#6614=DIRECTION('center_axis',(0.,0.,-1.));
#6615=DIRECTION('ref_axis',(-1.,0.,0.));
#6616=DIRECTION('center_axis',(0.,0.,1.));
#6617=DIRECTION('ref_axis',(-1.,0.,0.));
#6618=DIRECTION('',(0.,-1.,-4.E-17));
#6619=DIRECTION('center_axis',(0.,0.,1.));
#6620=DIRECTION('ref_axis',(-1.,0.,0.));
#6621=DIRECTION('center_axis',(0.,0.,-1.));
#6622=DIRECTION('ref_axis',(-1.,0.,0.));
#6623=DIRECTION('',(0.,-1.,-4.E-17));
#6624=DIRECTION('',(1.,-8.E-34,2.E-17));
#6625=DIRECTION('',(0.,1.,4.E-17));
#6626=DIRECTION('',(-1.,8.E-34,-2.E-17));
#6627=DIRECTION('',(0.,-1.,-4.E-17));
#6628=DIRECTION('center_axis',(0.,-1.,0.));
#6629=DIRECTION('ref_axis',(0.,0.,-1.));
#6630=DIRECTION('',(0.,1.,0.));
#6631=DIRECTION('center_axis',(0.,-1.,0.));
#6632=DIRECTION('ref_axis',(0.,0.,-1.));
#6633=DIRECTION('center_axis',(0.,1.,0.));
#6634=DIRECTION('ref_axis',(0.,0.,1.));
#6635=DIRECTION('center_axis',(0.,-1.,0.));
#6636=DIRECTION('ref_axis',(0.,0.,1.));
#6637=DIRECTION('center_axis',(-1.,8.E-17,-4.4E-16));
#6638=DIRECTION('ref_axis',(-4.4E-16,0.,1.));
#6639=DIRECTION('',(4.4E-16,0.,-1.));
#6640=DIRECTION('',(8.E-17,1.,3.52E-32));
#6641=DIRECTION('',(4.4E-16,0.,-1.));
#6642=DIRECTION('center_axis',(-1.,2.2E-16,-2.2E-16));
#6643=DIRECTION('ref_axis',(-2.2E-16,-3.83167548838817E-47,1.));
#6644=DIRECTION('',(-8.E-17,-1.,-3.52E-32));
#6645=DIRECTION('center_axis',(-1.,2.2E-16,-2.2E-16));
#6646=DIRECTION('ref_axis',(-2.2E-16,-3.83167548838817E-47,1.));
#6647=DIRECTION('',(-4.4E-16,0.,1.));
#6648=DIRECTION('center_axis',(1.,-2.2E-16,2.2E-16));
#6649=DIRECTION('ref_axis',(2.2E-16,1.64214663788065E-47,-1.));
#6650=DIRECTION('',(-8.E-17,-1.,-3.52E-32));
#6651=DIRECTION('center_axis',(1.,-2.2E-16,2.2E-16));
#6652=DIRECTION('ref_axis',(2.2E-16,0.,-1.));
#6653=DIRECTION('',(4.4E-16,0.,-1.));
#6654=DIRECTION('center_axis',(-1.,2.2E-16,-2.2E-16));
#6655=DIRECTION('ref_axis',(-2.2E-16,9.30549761465699E-47,1.));
#6656=DIRECTION('',(-8.E-17,-1.,-3.52E-32));
#6657=DIRECTION('center_axis',(1.,-2.2E-16,2.2E-16));
#6658=DIRECTION('ref_axis',(-2.2E-16,9.30549761465699E-47,1.));
#6659=DIRECTION('',(4.4E-16,0.,-1.));
#6660=DIRECTION('center_axis',(-1.,2.2E-16,-2.2E-16));
#6661=DIRECTION('ref_axis',(-2.2E-16,-5.47382212626882E-47,1.));
#6662=DIRECTION('',(-8.E-17,-1.,-3.52E-32));
#6663=DIRECTION('center_axis',(-1.,2.2E-16,-2.2E-16));
#6664=DIRECTION('ref_axis',(-2.2E-16,-5.47382212626882E-47,1.));
#6665=DIRECTION('',(-4.4E-16,0.,1.));
#6666=DIRECTION('center_axis',(1.,-2.2E-16,2.2E-16));
#6667=DIRECTION('ref_axis',(2.2E-16,0.,-1.));
#6668=DIRECTION('center_axis',(-7.E-17,-1.,-7.E-16));
#6669=DIRECTION('ref_axis',(0.,7.E-16,-1.));
#6670=DIRECTION('',(-4.6E-16,0.,1.));
#6671=DIRECTION('',(1.,-7.E-17,-4.9E-32));
#6672=DIRECTION('',(-0.399999999999206,-2.89120579328894E-15,0.916515138991514));
#6673=DIRECTION('center_axis',(0.,1.,0.));
#6674=DIRECTION('ref_axis',(0.,0.,1.));
#6675=DIRECTION('center_axis',(0.916515138991141,-9.00000000000139E-17,
0.400000000000062));
#6676=DIRECTION('ref_axis',(0.400000000000062,0.,-0.916515138991141));
#6677=DIRECTION('',(8.24863625092154E-17,1.,3.60000000000111E-17));
#6678=DIRECTION('center_axis',(0.,0.,1.));
#6679=DIRECTION('ref_axis',(1.,0.,0.));
#6680=DIRECTION('',(0.,0.,1.));
#6681=DIRECTION('center_axis',(0.,0.,1.));
#6682=DIRECTION('ref_axis',(1.,0.,0.));
#6683=DIRECTION('',(0.,0.,-1.));
#6684=DIRECTION('center_axis',(-1.,0.,0.));
#6685=DIRECTION('ref_axis',(0.,0.,1.));
#6686=DIRECTION('',(0.,-1.,0.));
#6687=DIRECTION('',(0.,0.,1.));
#6688=DIRECTION('center_axis',(0.,0.,1.));
#6689=DIRECTION('ref_axis',(1.,0.,0.));
#6690=DIRECTION('',(0.,0.,1.));
#6691=DIRECTION('center_axis',(0.,0.,1.));
#6692=DIRECTION('ref_axis',(1.,0.,0.));
#6693=DIRECTION('center_axis',(0.,-1.,0.));
#6694=DIRECTION('ref_axis',(0.,0.,-1.));
#6695=DIRECTION('',(1.,0.,0.));
#6696=DIRECTION('',(0.,0.,1.));
#6697=DIRECTION('center_axis',(0.,0.,1.));
#6698=DIRECTION('ref_axis',(1.,0.,0.));
#6699=DIRECTION('',(0.,0.,1.));
#6700=DIRECTION('center_axis',(0.,0.,1.));
#6701=DIRECTION('ref_axis',(1.,0.,0.));
#6702=DIRECTION('center_axis',(1.,0.,0.));
#6703=DIRECTION('ref_axis',(0.,0.,-1.));
#6704=DIRECTION('',(0.,1.,0.));
#6705=DIRECTION('',(0.,0.,1.));
#6706=DIRECTION('center_axis',(0.,0.,1.));
#6707=DIRECTION('ref_axis',(1.,0.,0.));
#6708=DIRECTION('',(0.,0.,1.));
#6709=DIRECTION('center_axis',(0.,0.,1.));
#6710=DIRECTION('ref_axis',(1.,0.,0.));
#6711=DIRECTION('center_axis',(0.,1.,0.));
#6712=DIRECTION('ref_axis',(0.,0.,1.));
#6713=DIRECTION('',(-1.,0.,0.));
#6714=DIRECTION('center_axis',(2.22044604925039E-14,7.40148683083462E-15,
-1.));
#6715=DIRECTION('ref_axis',(1.,0.,1.85037170770866E-14));
#6716=DIRECTION('center_axis',(-1.,-1.83697019872103E-16,0.));
#6717=DIRECTION('ref_axis',(0.,0.,-1.));
#6718=DIRECTION('center_axis',(0.,-1.,0.));
#6719=DIRECTION('ref_axis',(0.,0.,-1.));
#6720=DIRECTION('center_axis',(1.,0.,0.));
#6721=DIRECTION('ref_axis',(0.,0.,-1.));
#6722=DIRECTION('center_axis',(-1.,0.,0.));
#6723=DIRECTION('ref_axis',(0.,0.,-1.));
#6724=DIRECTION('',(1.,0.,0.));
#6725=DIRECTION('center_axis',(0.,1.48029736616689E-14,-1.));
#6726=DIRECTION('ref_axis',(1.,0.,0.));
#6727=DIRECTION('center_axis',(-5.11082671077844E-11,-1.,0.));
#6728=DIRECTION('ref_axis',(0.,0.,-1.));
#6729=DIRECTION('center_axis',(0.,-1.,-2.2E-16));
#6730=DIRECTION('ref_axis',(0.,2.2E-16,-1.));
#6731=DIRECTION('center_axis',(0.,-1.,-2.2E-16));
#6732=DIRECTION('ref_axis',(0.,2.2E-16,-1.));
#6733=DIRECTION('',(0.,1.,2.2E-16));
#6734=DIRECTION('center_axis',(-7.40148683083445E-15,0.,-1.));
#6735=DIRECTION('ref_axis',(1.,0.,-7.40148683083448E-15));
#6736=DIRECTION('center_axis',(1.,1.83697019872103E-16,0.));
#6737=DIRECTION('ref_axis',(0.,0.,-1.));
#6738=DIRECTION('center_axis',(1.,0.,0.));
#6739=DIRECTION('ref_axis',(0.,0.,-1.));
#6740=DIRECTION('',(-1.,0.,0.));
#6741=DIRECTION('center_axis',(1.,0.,0.));
#6742=DIRECTION('ref_axis',(0.,0.,-1.));
#6743=DIRECTION('center_axis',(-7.40148683083415E-15,2.22044604925025E-14,
-1.));
#6744=DIRECTION('ref_axis',(1.,0.,-1.11022302462512E-14));
#6745=DIRECTION('center_axis',(-1.22464679914735E-16,1.,0.));
#6746=DIRECTION('ref_axis',(0.,0.,-1.));
#6747=DIRECTION('center_axis',(0.,-1.,-2.2E-16));
#6748=DIRECTION('ref_axis',(0.,2.2E-16,-1.));
#6749=DIRECTION('',(0.,-1.,-2.2E-16));
#6750=DIRECTION('center_axis',(-0.50000000000019,0.,0.866025403784329));
#6751=DIRECTION('ref_axis',(0.866025403784329,0.,0.50000000000019));
#6752=DIRECTION('',(0.50000000000019,0.,-0.866025403784329));
#6753=DIRECTION('center_axis',(-0.866025403784329,0.,-0.50000000000019));
#6754=DIRECTION('ref_axis',(-0.50000000000019,0.,0.866025403784329));
#6755=DIRECTION('center_axis',(-0.866025403784329,0.,0.50000000000019));
#6756=DIRECTION('ref_axis',(0.50000000000019,0.,0.866025403784329));
#6757=DIRECTION('',(0.50000000000019,0.,0.866025403784329));
#6758=DIRECTION('center_axis',(0.50000000000019,0.,0.866025403784329));
#6759=DIRECTION('ref_axis',(0.866025403784329,0.,-0.50000000000019));
#6760=DIRECTION('center_axis',(-2.72425739409849E-14,-3.72130387988932E-14,
1.));
#6761=DIRECTION('ref_axis',(1.,0.,2.71387850463948E-14));
#6762=DIRECTION('center_axis',(-1.,6.12323399573677E-17,0.));
#6763=DIRECTION('ref_axis',(-6.12323399573677E-17,-1.,0.));
#6764=DIRECTION('center_axis',(0.,-1.,0.));
#6765=DIRECTION('ref_axis',(-1.,0.,0.));
#6766=DIRECTION('center_axis',(0.,0.,-1.));
#6767=DIRECTION('ref_axis',(-1.,0.,0.));
#6768=DIRECTION('center_axis',(-1.,0.,0.));
#6769=DIRECTION('ref_axis',(0.,0.,1.));
#6770=DIRECTION('',(-1.,0.,0.));
#6771=DIRECTION('center_axis',(-1.,0.,0.));
#6772=DIRECTION('ref_axis',(0.,0.,1.));
#6773=DIRECTION('center_axis',(-2.0195995124763E-14,2.06689192669301E-14,
1.));
#6774=DIRECTION('ref_axis',(1.,0.,1.97372982155586E-14));
#6775=DIRECTION('center_axis',(-6.12323399573677E-17,-1.,0.));
#6776=DIRECTION('ref_axis',(1.,-6.12323399573677E-17,0.));
#6777=DIRECTION('center_axis',(0.,0.,-1.));
#6778=DIRECTION('ref_axis',(0.,-1.,0.));
#6779=DIRECTION('center_axis',(0.,-1.,0.));
#6780=DIRECTION('ref_axis',(0.,0.,-1.));
#6781=DIRECTION('',(0.,-1.,0.));
#6782=DIRECTION('center_axis',(0.,-1.,0.));
#6783=DIRECTION('ref_axis',(0.,0.,-1.));
#6784=DIRECTION('center_axis',(-4.69842153095533E-15,-1.05965048354166E-15,
1.));
#6785=DIRECTION('ref_axis',(1.,0.,4.93432455388973E-15));
#6786=DIRECTION('center_axis',(0.,0.,-1.));
#6787=DIRECTION('ref_axis',(0.,1.,0.));
#6788=DIRECTION('center_axis',(1.,0.,0.));
#6789=DIRECTION('ref_axis',(0.,1.,0.));
#6790=DIRECTION('center_axis',(1.,0.,0.));
#6791=DIRECTION('ref_axis',(0.,0.,-1.));
#6792=DIRECTION('',(1.,0.,0.));
#6793=DIRECTION('center_axis',(1.,0.,0.));
#6794=DIRECTION('ref_axis',(0.,0.,-1.));
#6795=DIRECTION('center_axis',(1.05965048354167E-15,-4.69842153095538E-15,
1.));
#6796=DIRECTION('ref_axis',(1.,0.,-1.23358113847242E-15));
#6797=DIRECTION('center_axis',(0.,0.,-1.));
#6798=DIRECTION('ref_axis',(-1.,0.,0.));
#6799=DIRECTION('center_axis',(0.,1.,0.));
#6800=DIRECTION('ref_axis',(-1.,0.,0.));
#6801=DIRECTION('center_axis',(0.,1.,0.));
#6802=DIRECTION('ref_axis',(0.,0.,1.));
#6803=DIRECTION('',(0.,1.,0.));
#6804=DIRECTION('center_axis',(0.,0.,1.));
#6805=DIRECTION('ref_axis',(1.,0.,0.));
#6806=DIRECTION('center_axis',(-6.12323399573677E-17,-1.,0.));
#6807=DIRECTION('ref_axis',(1.,-6.12323399573676E-17,0.));
#6808=DIRECTION('center_axis',(1.,0.,0.));
#6809=DIRECTION('ref_axis',(0.,-1.,0.));
#6810=DIRECTION('center_axis',(0.,0.,-1.));
#6811=DIRECTION('ref_axis',(0.,-1.,0.));
#6812=DIRECTION('center_axis',(0.,-1.,0.));
#6813=DIRECTION('ref_axis',(0.,0.,-1.));
#6814=DIRECTION('',(0.,-1.,0.));
#6815=DIRECTION('center_axis',(0.,-1.,0.));
#6816=DIRECTION('ref_axis',(0.,0.,-1.));
#6817=DIRECTION('center_axis',(4.13378385338626E-14,4.03919902495285E-14,
1.));
#6818=DIRECTION('ref_axis',(1.,0.,-4.07081775695865E-14));
#6819=DIRECTION('center_axis',(1.,-6.12323399573677E-17,0.));
#6820=DIRECTION('ref_axis',(6.12323399573677E-17,1.,0.));
#6821=DIRECTION('center_axis',(0.,0.,-1.));
#6822=DIRECTION('ref_axis',(1.,0.,0.));
#6823=DIRECTION('center_axis',(1.,0.,0.));
#6824=DIRECTION('ref_axis',(0.,0.,-1.));
#6825=DIRECTION('',(1.,0.,0.));
#6826=DIRECTION('center_axis',(1.,0.,0.));
#6827=DIRECTION('ref_axis',(0.,0.,-1.));
#6828=DIRECTION('center_axis',(-1.05965048354194E-15,4.6984215309558E-15,
1.));
#6829=DIRECTION('ref_axis',(1.,0.,1.23358113847236E-15));
#6830=DIRECTION('center_axis',(0.,0.,-1.));
#6831=DIRECTION('ref_axis',(-1.,0.,0.));
#6832=DIRECTION('center_axis',(0.,1.,0.));
#6833=DIRECTION('ref_axis',(-1.,0.,0.));
#6834=DIRECTION('center_axis',(0.,1.,0.));
#6835=DIRECTION('ref_axis',(0.,0.,1.));
#6836=DIRECTION('',(0.,1.,0.));
#6837=DIRECTION('center_axis',(0.,1.,0.));
#6838=DIRECTION('ref_axis',(0.,0.,1.));
#6839=DIRECTION('center_axis',(-4.69842153095567E-15,-1.05965048354174E-15,
1.));
#6840=DIRECTION('ref_axis',(1.,0.,4.93432455388963E-15));
#6841=DIRECTION('center_axis',(0.,0.,-1.));
#6842=DIRECTION('ref_axis',(0.,-1.,0.));
#6843=DIRECTION('center_axis',(-1.,0.,0.));
#6844=DIRECTION('ref_axis',(0.,-1.,0.));
#6845=DIRECTION('center_axis',(-1.,0.,0.));
#6846=DIRECTION('ref_axis',(0.,0.,1.));
#6847=DIRECTION('',(-1.,0.,0.));
#6848=DIRECTION('center_axis',(0.,-1.,0.));
#6849=DIRECTION('ref_axis',(0.,0.,-1.));
#6850=DIRECTION('',(0.,1.,0.));
#6851=DIRECTION('center_axis',(0.,1.,0.));
#6852=DIRECTION('ref_axis',(0.,0.,1.));
#6853=DIRECTION('',(0.,-1.,0.));
#6854=DIRECTION('center_axis',(0.,2.2E-16,-1.));
#6855=DIRECTION('ref_axis',(0.,1.,2.2E-16));
#6856=DIRECTION('',(1.,0.,0.));
#6857=DIRECTION('',(0.,1.,2.2E-16));
#6858=DIRECTION('center_axis',(0.,1.,-3.7E-16));
#6859=DIRECTION('ref_axis',(0.,3.7E-16,1.));
#6860=DIRECTION('',(-1.,0.,0.));
#6861=DIRECTION('',(0.,3.7E-16,1.));
#6862=DIRECTION('center_axis',(1.,-2.2E-16,2.2E-16));
#6863=DIRECTION('ref_axis',(2.2E-16,-4.84E-32,-1.));
#6864=DIRECTION('',(-1.,2.2E-16,-2.2E-16));
#6865=DIRECTION('center_axis',(1.,-2.2E-16,2.2E-16));
#6866=DIRECTION('ref_axis',(2.2E-16,-4.84E-32,-1.));
#6867=DIRECTION('center_axis',(-2.8E-16,2.2E-16,1.));
#6868=DIRECTION('ref_axis',(1.,0.,2.8E-16));
#6869=DIRECTION('',(1.,0.,2.8E-16));
#6870=DIRECTION('',(-6.16E-32,-1.,2.2E-16));
#6871=DIRECTION('center_axis',(1.,-2.2E-16,2.2E-16));
#6872=DIRECTION('ref_axis',(2.2E-16,-4.84E-32,-1.));
#6873=DIRECTION('',(-1.,2.2E-16,-2.2E-16));
#6874=DIRECTION('center_axis',(1.,-2.2E-16,2.2E-16));
#6875=DIRECTION('ref_axis',(2.2E-16,-4.84E-32,-1.));
#6876=DIRECTION('center_axis',(2.2E-16,1.,-2.2E-16));
#6877=DIRECTION('ref_axis',(0.,2.2E-16,1.));
#6878=DIRECTION('',(1.,-2.2E-16,4.84E-32));
#6879=DIRECTION('',(0.,2.2E-16,1.));
#6880=DIRECTION('center_axis',(1.,-2.2E-16,2.2E-16));
#6881=DIRECTION('ref_axis',(-2.2E-16,5.66553889764798E-16,1.));
#6882=DIRECTION('center_axis',(-0.985427939045918,-0.165880550583937,0.0376220664728034));
#6883=DIRECTION('ref_axis',(0.168991209362083,-0.979932784687618,0.105705764519781));
#6884=DIRECTION('',(1.,-2.2E-16,2.2E-16));
#6885=DIRECTION('center_axis',(1.,-2.2E-16,2.2E-16));
#6886=DIRECTION('ref_axis',(2.2E-16,-4.84E-32,-1.));
#6887=DIRECTION('center_axis',(0.,1.,0.));
#6888=DIRECTION('ref_axis',(0.,0.,1.));
#6889=DIRECTION('center_axis',(0.,-1.,0.));
#6890=DIRECTION('ref_axis',(0.,0.,1.));
#6891=DIRECTION('center_axis',(0.,1.,0.));
#6892=DIRECTION('ref_axis',(0.,0.,1.));
#6893=DIRECTION('center_axis',(1.,-2.2E-16,2.2E-16));
#6894=DIRECTION('ref_axis',(-2.2E-16,1.22464679914735E-16,1.));
#6895=DIRECTION('center_axis',(1.,-2.2E-16,2.2E-16));
#6896=DIRECTION('ref_axis',(2.2E-16,-4.84E-32,-1.));
#6897=DIRECTION('',(-1.,2.2E-16,-2.2E-16));
#6898=DIRECTION('',(1.,-2.2E-16,2.2E-16));
#6899=DIRECTION('center_axis',(2.2E-16,1.,-2.2E-16));
#6900=DIRECTION('ref_axis',(0.,2.2E-16,1.));
#6901=DIRECTION('',(-1.,2.2E-16,-4.84E-32));
#6902=DIRECTION('',(0.,2.2E-16,1.));
#6903=DIRECTION('center_axis',(1.,-2.2E-16,2.2E-16));
#6904=DIRECTION('ref_axis',(2.2E-16,-4.84E-32,-1.));
#6905=DIRECTION('',(-1.,2.2E-16,-2.2E-16));
#6906=DIRECTION('center_axis',(1.,-2.2E-16,2.2E-16));
#6907=DIRECTION('ref_axis',(2.2E-16,-4.84E-32,-1.));
#6908=DIRECTION('center_axis',(2.8E-16,-2.2E-16,-1.));
#6909=DIRECTION('ref_axis',(-1.,0.,-2.8E-16));
#6910=DIRECTION('',(-1.,0.,-2.8E-16));
#6911=DIRECTION('',(6.16E-32,1.,-2.2E-16));
#6912=DIRECTION('center_axis',(1.,-2.2E-16,2.2E-16));
#6913=DIRECTION('ref_axis',(2.2E-16,-4.84E-32,-1.));
#6914=DIRECTION('',(1.,-2.2E-16,2.2E-16));
#6915=DIRECTION('center_axis',(1.,-2.2E-16,2.2E-16));
#6916=DIRECTION('ref_axis',(2.2E-16,-4.84E-32,-1.));
#6917=DIRECTION('center_axis',(2.2E-16,1.,-2.2E-16));
#6918=DIRECTION('ref_axis',(0.,2.2E-16,1.));
#6919=DIRECTION('',(-1.,2.2E-16,-4.84E-32));
#6920=DIRECTION('',(0.,2.2E-16,1.));
#6921=DIRECTION('center_axis',(1.,-2.2E-16,2.2E-16));
#6922=DIRECTION('ref_axis',(2.2E-16,-4.84E-32,-1.));
#6923=DIRECTION('',(-1.,2.2E-16,-2.2E-16));
#6924=DIRECTION('center_axis',(1.,-2.2E-16,2.2E-16));
#6925=DIRECTION('ref_axis',(2.2E-16,-4.84E-32,-1.));
#6926=DIRECTION('center_axis',(2.8E-16,-2.2E-16,-1.));
#6927=DIRECTION('ref_axis',(-1.,0.,-2.8E-16));
#6928=DIRECTION('',(-1.,0.,-2.8E-16));
#6929=DIRECTION('',(6.16E-32,1.,-2.2E-16));
#6930=DIRECTION('center_axis',(1.,-2.2E-16,2.2E-16));
#6931=DIRECTION('ref_axis',(2.2E-16,-4.84E-32,-1.));
#6932=DIRECTION('',(-1.,2.2E-16,-2.2E-16));
#6933=DIRECTION('center_axis',(1.,-2.2E-16,2.2E-16));
#6934=DIRECTION('ref_axis',(2.2E-16,-4.84E-32,-1.));
#6935=DIRECTION('center_axis',(-2.2E-16,-1.,2.2E-16));
#6936=DIRECTION('ref_axis',(0.,-2.2E-16,-1.));
#6937=DIRECTION('',(-1.,2.2E-16,-4.84E-32));
#6938=DIRECTION('',(0.,-2.2E-16,-1.));
#6939=DIRECTION('center_axis',(1.,-2.2E-16,2.2E-16));
#6940=DIRECTION('ref_axis',(-2.2E-16,1.22464679914735E-16,1.));
#6941=DIRECTION('',(1.,-2.2E-16,2.2E-16));
#6942=DIRECTION('center_axis',(1.,-2.2E-16,2.2E-16));
#6943=DIRECTION('ref_axis',(2.2E-16,-4.84E-32,-1.));
#6944=DIRECTION('center_axis',(-4.01854762916772E-15,-4.90320207244583E-15,
-1.));
#6945=DIRECTION('ref_axis',(-1.,0.,4.00913870003519E-15));
#6946=DIRECTION('center_axis',(-6.12323399573677E-17,1.,4.E-17));
#6947=DIRECTION('ref_axis',(1.,6.12323399573677E-17,2.44929359829471E-33));
#6948=DIRECTION('center_axis',(-2.E-17,-4.E-17,1.));
#6949=DIRECTION('ref_axis',(-8.E-34,1.,4.E-17));
#6950=DIRECTION('center_axis',(1.,-8.E-34,2.E-17));
#6951=DIRECTION('ref_axis',(8.E-34,1.,1.6E-50));
#6952=DIRECTION('center_axis',(0.,-1.,0.));
#6953=DIRECTION('ref_axis',(0.,0.,-1.));
#6954=DIRECTION('',(0.,1.,0.));
#6955=DIRECTION('center_axis',(0.,1.,0.));
#6956=DIRECTION('ref_axis',(0.,0.,-1.));
#6957=DIRECTION('center_axis',(-3.78719772542848E-15,4.25230354548783E-15,
-1.));
#6958=DIRECTION('ref_axis',(-1.,0.,3.77784223657176E-15));
#6959=DIRECTION('center_axis',(1.,-8.E-34,2.E-17));
#6960=DIRECTION('ref_axis',(-8.E-34,-1.,-1.6E-50));
#6961=DIRECTION('center_axis',(-2.E-17,-4.E-17,1.));
#6962=DIRECTION('ref_axis',(8.E-34,-1.,-4.E-17));
#6963=DIRECTION('center_axis',(-1.,0.,0.));
#6964=DIRECTION('ref_axis',(0.,0.,1.));
#6965=DIRECTION('',(1.,0.,0.));
#6966=DIRECTION('center_axis',(1.,0.,0.));
#6967=DIRECTION('ref_axis',(0.,0.,1.));
#6968=DIRECTION('center_axis',(-1.22582420992584E-14,-1.13029921405643E-14,
-1.));
#6969=DIRECTION('ref_axis',(-1.,0.,1.22587125635693E-14));
#6970=DIRECTION('center_axis',(8.E-34,-1.,-4.E-17));
#6971=DIRECTION('ref_axis',(-1.,-8.E-34,-3.2E-50));
#6972=DIRECTION('center_axis',(-2.E-17,-4.E-17,1.));
#6973=DIRECTION('ref_axis',(-1.,8.E-34,-2.E-17));
#6974=DIRECTION('center_axis',(0.,1.,0.));
#6975=DIRECTION('ref_axis',(0.,0.,1.));
#6976=DIRECTION('',(0.,-1.,0.));
#6977=DIRECTION('center_axis',(0.,-1.,0.));
#6978=DIRECTION('ref_axis',(0.,0.,1.));
#6979=DIRECTION('center_axis',(-1.67928507373056E-14,1.88363605696783E-14,
-1.));
#6980=DIRECTION('ref_axis',(-1.,0.,1.6768993601109E-14));
#6981=DIRECTION('center_axis',(-1.,8.E-34,-2.E-17));
#6982=DIRECTION('ref_axis',(8.E-34,1.,1.6E-50));
#6983=DIRECTION('center_axis',(-2.E-17,-4.E-17,1.));
#6984=DIRECTION('ref_axis',(-8.E-34,1.,4.E-17));
#6985=DIRECTION('center_axis',(1.,0.,0.));
#6986=DIRECTION('ref_axis',(0.,0.,-1.));
#6987=DIRECTION('',(-1.,0.,0.));
#6988=DIRECTION('center_axis',(0.,0.,-1.));
#6989=DIRECTION('ref_axis',(-1.,0.,0.));
#6990=DIRECTION('',(0.,0.,-1.));
#6991=DIRECTION('center_axis',(0.,0.,-1.));
#6992=DIRECTION('ref_axis',(-1.,0.,0.));
#6993=DIRECTION('',(0.,0.,1.));
#6994=DIRECTION('center_axis',(-1.,0.,0.));
#6995=DIRECTION('ref_axis',(0.,0.,1.));
#6996=DIRECTION('',(0.,1.,0.));
#6997=DIRECTION('',(0.,0.,-1.));
#6998=DIRECTION('center_axis',(0.,0.,-1.));
#6999=DIRECTION('ref_axis',(-1.,0.,0.));
#7000=DIRECTION('',(0.,0.,-1.));
#7001=DIRECTION('center_axis',(0.,0.,-1.));
#7002=DIRECTION('ref_axis',(-1.,0.,0.));
#7003=DIRECTION('center_axis',(0.,1.,0.));
#7004=DIRECTION('ref_axis',(0.,0.,1.));
#7005=DIRECTION('',(0.,0.,1.));
#7006=DIRECTION('',(1.,0.,0.));
#7007=DIRECTION('center_axis',(0.,-1.,0.));
#7008=DIRECTION('ref_axis',(0.,0.,-1.));
#7009=DIRECTION('center_axis',(1.,0.,0.));
#7010=DIRECTION('ref_axis',(0.,0.,-1.));
#7011=DIRECTION('',(0.,-1.,0.));
#7012=DIRECTION('',(0.,0.,-1.));
#7013=DIRECTION('center_axis',(0.,0.,-1.));
#7014=DIRECTION('ref_axis',(-1.,0.,0.));
#7015=DIRECTION('',(0.,0.,1.));
#7016=DIRECTION('center_axis',(0.,0.,-1.));
#7017=DIRECTION('ref_axis',(-1.,0.,0.));
#7018=DIRECTION('center_axis',(0.,0.,-1.));
#7019=DIRECTION('ref_axis',(0.545184243467813,0.838316253376033,0.));
#7020=DIRECTION('',(0.,0.,-1.));
#7021=DIRECTION('center_axis',(0.,0.,-1.));
#7022=DIRECTION('ref_axis',(-1.,0.,0.));
#7023=DIRECTION('center_axis',(1.,0.,0.));
#7024=DIRECTION('ref_axis',(0.,0.,-1.));
#7025=DIRECTION('',(0.,-1.,0.));
#7026=DIRECTION('',(0.,0.,-1.));
#7027=DIRECTION('center_axis',(0.,0.,-1.));
#7028=DIRECTION('ref_axis',(0.545184243467638,-0.838316253376146,0.));
#7029=DIRECTION('',(0.,0.,-1.));
#7030=DIRECTION('center_axis',(0.,0.,-1.));
#7031=DIRECTION('ref_axis',(-1.,0.,0.));
#7032=DIRECTION('center_axis',(0.,0.,-1.));
#7033=DIRECTION('ref_axis',(-1.,0.,0.));
#7034=DIRECTION('',(0.,0.,1.));
#7035=DIRECTION('center_axis',(0.,0.,-1.));
#7036=DIRECTION('ref_axis',(-1.,0.,0.));
#7037=DIRECTION('center_axis',(1.,0.,0.));
#7038=DIRECTION('ref_axis',(0.,0.,-1.));
#7039=DIRECTION('',(0.,-1.,0.));
#7040=DIRECTION('',(0.,0.,-1.));
#7041=DIRECTION('center_axis',(0.,0.,-1.));
#7042=DIRECTION('ref_axis',(-1.,0.,0.));
#7043=DIRECTION('',(0.,0.,1.));
#7044=DIRECTION('center_axis',(0.,0.,-1.));
#7045=DIRECTION('ref_axis',(-1.,0.,0.));
#7046=DIRECTION('center_axis',(0.,0.,-1.));
#7047=DIRECTION('ref_axis',(0.545184243467811,0.838316253376034,0.));
#7048=DIRECTION('',(0.,0.,-1.));
#7049=DIRECTION('center_axis',(0.,0.,-1.));
#7050=DIRECTION('ref_axis',(-1.,0.,0.));
#7051=DIRECTION('center_axis',(1.,0.,0.));
#7052=DIRECTION('ref_axis',(0.,0.,-1.));
#7053=DIRECTION('',(0.,-1.,0.));
#7054=DIRECTION('',(0.,0.,-1.));
#7055=DIRECTION('center_axis',(0.,0.,-1.));
#7056=DIRECTION('ref_axis',(0.50080705822172,-0.865558946828757,0.));
#7057=DIRECTION('',(0.,0.,-1.));
#7058=DIRECTION('center_axis',(0.,0.,-1.));
#7059=DIRECTION('ref_axis',(-1.,0.,0.));
#7060=DIRECTION('center_axis',(0.,0.,-1.));
#7061=DIRECTION('ref_axis',(-1.,0.,0.));
#7062=DIRECTION('center_axis',(0.,0.,-1.));
#7063=DIRECTION('ref_axis',(-1.,0.,0.));
#7064=DIRECTION('center_axis',(-4.E-17,1.1E-16,1.));
#7065=DIRECTION('ref_axis',(0.,-1.,1.1E-16));
#7066=DIRECTION('',(1.,4.4E-33,4.E-17));
#7067=DIRECTION('',(0.,1.,-1.1E-16));
#7068=DIRECTION('',(0.,1.,-1.1E-16));
#7069=DIRECTION('',(-1.,-4.4E-33,-4.E-17));
#7070=DIRECTION('',(0.,1.,-1.1E-16));
#7071=DIRECTION('center_axis',(0.,2.2E-16,-1.));
#7072=DIRECTION('ref_axis',(0.,-1.,-2.2E-16));
#7073=DIRECTION('',(1.,4.4E-33,4.E-17));
#7074=DIRECTION('center_axis',(0.,2.2E-16,-1.));
#7075=DIRECTION('ref_axis',(0.,1.,2.2E-16));
#7076=DIRECTION('',(0.,-1.,1.1E-16));
#7077=DIRECTION('center_axis',(0.,2.2E-16,-1.));
#7078=DIRECTION('ref_axis',(0.,1.,2.2E-16));
#7079=DIRECTION('',(-1.,-4.4E-33,-4.E-17));
#7080=DIRECTION('center_axis',(0.,2.2E-16,-1.));
#7081=DIRECTION('ref_axis',(0.,-1.,-2.2E-16));
#7082=DIRECTION('center_axis',(0.,-1.,0.));
#7083=DIRECTION('ref_axis',(0.,0.,-1.));
#7084=DIRECTION('',(0.,-1.,0.));
#7085=DIRECTION('center_axis',(0.,-1.,0.));
#7086=DIRECTION('ref_axis',(0.,0.,-1.));
#7087=DIRECTION('center_axis',(0.,1.,0.));
#7088=DIRECTION('ref_axis',(0.,0.,1.));
#7089=DIRECTION('',(0.,1.,0.));
#7090=DIRECTION('',(0.,-1.,0.));
#7091=DIRECTION('center_axis',(0.,-1.,0.));
#7092=DIRECTION('ref_axis',(0.,0.,1.));
#7093=DIRECTION('center_axis',(-4.E-17,1.1E-16,1.));
#7094=DIRECTION('ref_axis',(0.,-1.,1.1E-16));
#7095=DIRECTION('center_axis',(0.,0.,-1.));
#7096=DIRECTION('ref_axis',(-1.,0.,0.));
#7097=DIRECTION('',(0.,1.,-1.1E-16));
#7098=DIRECTION('',(-1.,-4.4E-33,-4.E-17));
#7099=DIRECTION('',(0.,-1.,1.1E-16));
#7100=DIRECTION('',(1.,0.,0.));
#7101=DIRECTION('center_axis',(0.,0.,-1.));
#7102=DIRECTION('ref_axis',(-1.,0.,0.));
#7103=DIRECTION('',(0.,-1.,1.1E-16));
#7104=DIRECTION('center_axis',(0.,0.,-1.));
#7105=DIRECTION('ref_axis',(-1.,0.,0.));
#7106=DIRECTION('',(-1.,-4.4E-33,-4.E-17));
#7107=DIRECTION('center_axis',(0.,0.,-1.));
#7108=DIRECTION('ref_axis',(-1.,0.,0.));
#7109=DIRECTION('center_axis',(0.,0.,1.));
#7110=DIRECTION('ref_axis',(-1.,2.15716908929401E-15,0.));
#7111=DIRECTION('',(0.,1.,-1.1E-16));
#7112=DIRECTION('center_axis',(0.,0.,1.));
#7113=DIRECTION('ref_axis',(-1.,2.15716908929401E-15,0.));
#7114=DIRECTION('center_axis',(0.,0.,-1.));
#7115=DIRECTION('ref_axis',(-1.,0.,0.));
#7116=DIRECTION('',(0.,1.,-1.1E-16));
#7117=DIRECTION('center_axis',(0.,0.,-1.));
#7118=DIRECTION('ref_axis',(-1.,0.,0.));
#7119=DIRECTION('center_axis',(0.,0.,1.));
#7120=DIRECTION('ref_axis',(-1.,4.31433817858801E-15,0.));
#7121=DIRECTION('',(0.,1.,-1.1E-16));
#7122=DIRECTION('center_axis',(0.,0.,1.));
#7123=DIRECTION('ref_axis',(-1.,0.,0.));
#7124=DIRECTION('',(0.,1.,-1.1E-16));
#7125=DIRECTION('center_axis',(0.,2.2E-16,-1.));
#7126=DIRECTION('ref_axis',(0.,-1.,-2.2E-16));
#7127=DIRECTION('',(1.,4.4E-33,4.E-17));
#7128=DIRECTION('center_axis',(0.,2.2E-16,-1.));
#7129=DIRECTION('ref_axis',(0.,1.,2.2E-16));
#7130=DIRECTION('',(0.,-1.,1.1E-16));
#7131=DIRECTION('center_axis',(0.,2.2E-16,-1.));
#7132=DIRECTION('ref_axis',(0.,1.,2.2E-16));
#7133=DIRECTION('',(-1.,-4.4E-33,-4.E-17));
#7134=DIRECTION('center_axis',(0.,2.2E-16,-1.));
#7135=DIRECTION('ref_axis',(0.,-1.,-2.2E-16));
#7136=DIRECTION('center_axis',(0.,0.,-1.));
#7137=DIRECTION('ref_axis',(-1.,0.,0.));
#7138=DIRECTION('',(0.,0.,-1.));
#7139=DIRECTION('center_axis',(1.06281109791496E-14,-1.01642257176027E-14,
-1.));
#7140=DIRECTION('ref_axis',(-1.,0.,-1.06396373193244E-14));
#7141=DIRECTION('center_axis',(1.,6.12323399573677E-17,2.E-17));
#7142=DIRECTION('ref_axis',(6.12323399573677E-17,-1.,-1.12937726300573E-16));
#7143=DIRECTION('center_axis',(-2.E-17,-4.E-17,1.));
#7144=DIRECTION('ref_axis',(1.,-8.E-34,2.E-17));
#7145=DIRECTION('center_axis',(8.E-34,-1.,-4.E-17));
#7146=DIRECTION('ref_axis',(1.,8.E-34,3.2E-50));
#7147=DIRECTION('center_axis',(-1.,0.,0.));
#7148=DIRECTION('ref_axis',(0.,0.,1.));
#7149=DIRECTION('',(1.,0.,0.));
#7150=DIRECTION('center_axis',(1.,0.,0.));
#7151=DIRECTION('ref_axis',(0.,0.,1.));
#7152=DIRECTION('center_axis',(-8.7052489296865E-15,-6.31156543099864E-15,
-1.));
#7153=DIRECTION('ref_axis',(-1.,0.,8.71216679046128E-15));
#7154=DIRECTION('center_axis',(8.E-34,-1.,-4.E-17));
#7155=DIRECTION('ref_axis',(-1.,-8.E-34,-3.2E-50));
#7156=DIRECTION('center_axis',(-2.E-17,-4.E-17,1.));
#7157=DIRECTION('ref_axis',(-1.,8.E-34,-2.E-17));
#7158=DIRECTION('center_axis',(0.,1.,0.));
#7159=DIRECTION('ref_axis',(0.,0.,1.));
#7160=DIRECTION('',(0.,-1.,0.));
#7161=DIRECTION('center_axis',(0.,-1.,0.));
#7162=DIRECTION('ref_axis',(0.,0.,1.));
#7163=DIRECTION('center_axis',(8.89582650643931E-15,-8.80263378947302E-15,
-1.));
#7164=DIRECTION('ref_axis',(-1.,0.,-8.90491384334754E-15));
#7165=DIRECTION('center_axis',(-1.,8.E-34,-2.E-17));
#7166=DIRECTION('ref_axis',(8.E-34,1.,1.6E-50));
#7167=DIRECTION('center_axis',(-2.E-17,-4.E-17,1.));
#7168=DIRECTION('ref_axis',(-8.E-34,1.,4.E-17));
#7169=DIRECTION('center_axis',(1.,0.,0.));
#7170=DIRECTION('ref_axis',(0.,0.,-1.));
#7171=DIRECTION('',(-1.,0.,0.));
#7172=DIRECTION('center_axis',(-1.,0.,0.));
#7173=DIRECTION('ref_axis',(0.,0.,-1.));
#7174=DIRECTION('center_axis',(-2.06090230404574E-15,-5.28055488573035E-16,
-1.));
#7175=DIRECTION('ref_axis',(-1.,0.,2.08166817117221E-15));
#7176=DIRECTION('center_axis',(-8.E-34,1.,4.E-17));
#7177=DIRECTION('ref_axis',(1.,-3.53400724161835E-32,9.03501810404588E-16));
#7178=DIRECTION('center_axis',(-2.E-17,-4.E-17,1.));
#7179=DIRECTION('ref_axis',(1.,-8.E-34,2.E-17));
#7180=DIRECTION('center_axis',(0.,-1.,0.));
#7181=DIRECTION('ref_axis',(0.,0.,-1.));
#7182=DIRECTION('',(0.,1.,0.));
#7183=DIRECTION('center_axis',(0.,0.,-1.));
#7184=DIRECTION('ref_axis',(-1.,0.,0.));
#7185=DIRECTION('',(0.,0.,1.));
#7186=DIRECTION('center_axis',(1.,0.,0.));
#7187=DIRECTION('ref_axis',(0.,0.,-1.));
#7188=DIRECTION('',(0.,0.,1.));
#7189=DIRECTION('center_axis',(0.,0.,-1.));
#7190=DIRECTION('ref_axis',(-1.,0.,0.));
#7191=DIRECTION('',(0.,0.,1.));
#7192=DIRECTION('center_axis',(0.,0.,-1.));
#7193=DIRECTION('ref_axis',(-1.,0.,0.));
#7194=DIRECTION('',(0.,0.,-1.));
#7195=DIRECTION('center_axis',(1.,0.,0.));
#7196=DIRECTION('ref_axis',(0.,0.,-1.));
#7197=DIRECTION('',(0.,0.,1.));
#7198=DIRECTION('center_axis',(0.,0.,-1.));
#7199=DIRECTION('ref_axis',(-1.,0.,0.));
#7200=DIRECTION('',(0.,0.,-1.));
#7201=DIRECTION('center_axis',(0.,0.,-1.));
#7202=DIRECTION('ref_axis',(-1.,0.,0.));
#7203=DIRECTION('',(0.,0.,1.));
#7204=DIRECTION('center_axis',(1.,0.,0.));
#7205=DIRECTION('ref_axis',(0.,0.,-1.));
#7206=DIRECTION('',(0.,0.,1.));
#7207=DIRECTION('center_axis',(0.,0.,-1.));
#7208=DIRECTION('ref_axis',(-1.,0.,0.));
#7209=DIRECTION('',(0.,0.,1.));
#7210=DIRECTION('center_axis',(0.,0.,-1.));
#7211=DIRECTION('ref_axis',(-1.,0.,0.));
#7212=DIRECTION('',(0.,0.,-1.));
#7213=DIRECTION('center_axis',(1.,0.,0.));
#7214=DIRECTION('ref_axis',(0.,0.,-1.));
#7215=DIRECTION('',(0.,0.,1.));
#7216=DIRECTION('center_axis',(0.,1.,0.));
#7217=DIRECTION('ref_axis',(0.,0.,1.));
#7218=DIRECTION('center_axis',(0.,1.,0.));
#7219=DIRECTION('ref_axis',(0.,0.,-1.));
#7220=DIRECTION('',(1.,0.,0.));
#7221=DIRECTION('center_axis',(0.,-1.,0.));
#7222=DIRECTION('ref_axis',(0.,0.,1.));
#7223=DIRECTION('center_axis',(0.,-1.,0.));
#7224=DIRECTION('ref_axis',(0.,0.,-1.));
#7225=DIRECTION('center_axis',(0.,1.,0.));
#7226=DIRECTION('ref_axis',(0.,0.,-1.));
#7227=DIRECTION('center_axis',(0.985427939040782,-0.165880550614216,0.0376220664738299));
#7228=DIRECTION('ref_axis',(0.168991203634479,0.979932817599498,-0.105705468570353));
#7229=DIRECTION('center_axis',(0.,0.,-1.));
#7230=DIRECTION('ref_axis',(-1.,0.,0.));
#7231=DIRECTION('',(0.,0.,-1.));
#7232=DIRECTION('',(0.,0.,1.));
#7233=DIRECTION('center_axis',(1.,0.,0.));
#7234=DIRECTION('ref_axis',(0.,0.,-1.));
#7235=DIRECTION('',(0.,0.,-1.));
#7236=DIRECTION('center_axis',(0.,0.,-1.));
#7237=DIRECTION('ref_axis',(-1.,0.,0.));
#7238=DIRECTION('',(0.,0.,-1.));
#7239=DIRECTION('center_axis',(0.,-1.,0.));
#7240=DIRECTION('ref_axis',(0.,0.,-1.));
#7241=DIRECTION('',(-1.,0.,0.));
#7242=DIRECTION('center_axis',(1.,-2.2E-16,2.2E-16));
#7243=DIRECTION('ref_axis',(-2.20000000000001E-16,-2.54207057918564E-15,
1.));
#7244=DIRECTION('center_axis',(-1.,2.2E-16,-2.2E-16));
#7245=DIRECTION('ref_axis',(2.2E-16,1.9749850841946E-32,-1.));
#7246=DIRECTION('',(-1.,2.2E-16,-2.2E-16));
#7247=DIRECTION('center_axis',(0.,-1.,0.));
#7248=DIRECTION('ref_axis',(0.,0.,-1.));
#7249=DIRECTION('center_axis',(2.2E-16,1.,-2.2E-16));
#7250=DIRECTION('ref_axis',(0.,2.2E-16,1.));
#7251=DIRECTION('',(-1.,2.2E-16,-4.84E-32));
#7252=DIRECTION('',(0.,-2.2E-16,-1.));
#7253=DIRECTION('center_axis',(-1.,2.2E-16,-2.2E-16));
#7254=DIRECTION('ref_axis',(-2.2E-16,1.64214663788065E-47,1.));
#7255=DIRECTION('center_axis',(-1.,2.2E-16,-2.2E-16));
#7256=DIRECTION('ref_axis',(-2.2E-16,8.64592034219817E-33,1.));
#7257=DIRECTION('',(1.,-2.2E-16,2.2E-16));
#7258=DIRECTION('center_axis',(-2.8E-16,2.2E-16,1.));
#7259=DIRECTION('ref_axis',(1.,0.,2.8E-16));
#7260=DIRECTION('',(-1.,0.,-2.8E-16));
#7261=DIRECTION('',(6.16E-32,1.,-2.2E-16));
#7262=DIRECTION('center_axis',(-1.,2.2E-16,-2.2E-16));
#7263=DIRECTION('ref_axis',(-2.2E-16,1.64214663788065E-47,1.));
#7264=DIRECTION('center_axis',(-1.,2.2E-16,-2.2E-16));
#7265=DIRECTION('ref_axis',(-2.2E-16,8.64592034219817E-33,1.));
#7266=DIRECTION('',(1.,-2.2E-16,2.2E-16));
#7267=DIRECTION('center_axis',(-2.2E-16,-1.,2.2E-16));
#7268=DIRECTION('ref_axis',(0.,-2.2E-16,-1.));
#7269=DIRECTION('',(-1.,2.2E-16,-4.84E-32));
#7270=DIRECTION('',(0.,2.2E-16,1.));
#7271=DIRECTION('center_axis',(-1.,2.2E-16,-2.2E-16));
#7272=DIRECTION('ref_axis',(-2.2E-16,-1.64214663788065E-47,1.));
#7273=DIRECTION('center_axis',(-1.,2.2E-16,-2.2E-16));
#7274=DIRECTION('ref_axis',(-2.2E-16,-1.12311194867027E-32,1.));
#7275=DIRECTION('',(-1.,2.2E-16,-2.2E-16));
#7276=DIRECTION('center_axis',(-2.8E-16,2.2E-16,1.));
#7277=DIRECTION('ref_axis',(1.,0.,2.8E-16));
#7278=DIRECTION('',(-1.,0.,-2.8E-16));
#7279=DIRECTION('',(6.16E-32,1.,-2.2E-16));
#7280=DIRECTION('center_axis',(-1.,2.2E-16,-2.2E-16));
#7281=DIRECTION('ref_axis',(-2.2E-16,-1.64214663788065E-47,1.));
#7282=DIRECTION('center_axis',(-1.,2.2E-16,-2.2E-16));
#7283=DIRECTION('ref_axis',(-2.2E-16,-1.12311194867027E-32,1.));
#7284=DIRECTION('',(1.,-2.2E-16,2.2E-16));
#7285=DIRECTION('center_axis',(-2.2E-16,-1.,2.2E-16));
#7286=DIRECTION('ref_axis',(0.,-2.2E-16,-1.));
#7287=DIRECTION('',(-1.,2.2E-16,-4.84E-32));
#7288=DIRECTION('',(0.,2.2E-16,1.));
#7289=DIRECTION('center_axis',(1.,-2.2E-16,2.2E-16));
#7290=DIRECTION('ref_axis',(-2.2E-16,1.65389215948551E-15,1.));
#7291=DIRECTION('',(-1.,2.2E-16,-2.2E-16));
#7292=DIRECTION('center_axis',(-1.,2.2E-16,-2.2E-16));
#7293=DIRECTION('ref_axis',(2.2E-16,1.9749850841946E-32,-1.));
#7294=DIRECTION('center_axis',(1.,-2.2E-16,2.2E-16));
#7295=DIRECTION('ref_axis',(-2.2E-16,-1.65389215948552E-15,1.));
#7296=DIRECTION('center_axis',(-1.,2.2E-16,-2.2E-16));
#7297=DIRECTION('ref_axis',(2.2E-16,4.60543954373578E-33,-1.));
#7298=DIRECTION('',(-1.,2.2E-16,-2.2E-16));
#7299=DIRECTION('center_axis',(-2.2E-16,-1.,2.2E-16));
#7300=DIRECTION('ref_axis',(0.,-2.2E-16,-1.));
#7301=DIRECTION('',(1.,-2.2E-16,4.84E-32));
#7302=DIRECTION('',(0.,2.2E-16,1.));
#7303=DIRECTION('center_axis',(-1.,2.2E-16,-2.2E-16));
#7304=DIRECTION('ref_axis',(-2.2E-16,-3.83167548838817E-47,1.));
#7305=DIRECTION('center_axis',(-1.,2.2E-16,-2.2E-16));
#7306=DIRECTION('ref_axis',(-2.2E-16,1.4325074579027E-32,1.));
#7307=DIRECTION('',(1.,-2.2E-16,2.2E-16));
#7308=DIRECTION('center_axis',(2.8E-16,-2.2E-16,-1.));
#7309=DIRECTION('ref_axis',(-1.,0.,-2.8E-16));
#7310=DIRECTION('',(1.,0.,2.8E-16));
#7311=DIRECTION('',(-6.16E-32,-1.,2.2E-16));
#7312=DIRECTION('center_axis',(-1.,2.2E-16,-2.2E-16));
#7313=DIRECTION('ref_axis',(-2.2E-16,-3.83167548838817E-47,1.));
#7314=DIRECTION('center_axis',(-1.,2.2E-16,-2.2E-16));
#7315=DIRECTION('ref_axis',(-2.2E-16,1.4325074579027E-32,1.));
#7316=DIRECTION('',(1.,-2.2E-16,2.2E-16));
#7317=DIRECTION('center_axis',(0.,1.,1.66E-15));
#7318=DIRECTION('ref_axis',(0.,-1.66E-15,1.));
#7319=DIRECTION('',(1.,0.,0.));
#7320=DIRECTION('',(0.,1.66E-15,-1.));
#7321=DIRECTION('center_axis',(0.,-2.2E-16,1.));
#7322=DIRECTION('ref_axis',(0.,-1.,-2.2E-16));
#7323=DIRECTION('',(0.,1.,2.2E-16));
#7324=DIRECTION('center_axis',(1.11022302462517E-14,0.,-1.));
#7325=DIRECTION('ref_axis',(1.,0.,1.11022302462517E-14));
#7326=DIRECTION('center_axis',(-1.22464679914735E-16,1.,0.));
#7327=DIRECTION('ref_axis',(0.,0.,-1.));
#7328=DIRECTION('center_axis',(-1.,-1.83697019872103E-16,0.));
#7329=DIRECTION('ref_axis',(0.,0.,-1.));
#7330=DIRECTION('center_axis',(0.,-1.,-2.2E-16));
#7331=DIRECTION('ref_axis',(0.,2.2E-16,-1.));
#7332=DIRECTION('',(0.,-1.,-2.2E-16));
#7333=DIRECTION('center_axis',(0.,1.,2.2E-16));
#7334=DIRECTION('ref_axis',(0.,2.2E-16,-1.));
#7335=DIRECTION('center_axis',(2.22044604925039E-14,1.48029736616692E-14,
-1.));
#7336=DIRECTION('ref_axis',(1.,0.,2.22044604925039E-14));
#7337=DIRECTION('center_axis',(-1.,-1.83697019872103E-16,0.));
#7338=DIRECTION('ref_axis',(0.,0.,-1.));
#7339=DIRECTION('center_axis',(1.,0.,0.));
#7340=DIRECTION('ref_axis',(0.,0.,-1.));
#7341=DIRECTION('center_axis',(-1.,0.,0.));
#7342=DIRECTION('ref_axis',(0.,0.,-1.));
#7343=DIRECTION('',(1.,0.,0.));
#7344=DIRECTION('center_axis',(0.,0.,-1.));
#7345=DIRECTION('ref_axis',(1.,0.,0.));
#7346=DIRECTION('center_axis',(1.22464679914735E-16,-1.,0.));
#7347=DIRECTION('ref_axis',(0.,0.,-1.));
#7348=DIRECTION('center_axis',(0.,-1.,-2.2E-16));
#7349=DIRECTION('ref_axis',(0.,2.2E-16,-1.));
#7350=DIRECTION('',(0.,1.,2.2E-16));
#7351=DIRECTION('center_axis',(0.,-1.,-2.2E-16));
#7352=DIRECTION('ref_axis',(0.,2.2E-16,-1.));
#7353=DIRECTION('center_axis',(1.11022302462515E-14,0.,-1.));
#7354=DIRECTION('ref_axis',(1.,0.,1.11022302462515E-14));
#7355=DIRECTION('center_axis',(1.,2.55543478670821E-11,0.));
#7356=DIRECTION('ref_axis',(0.,0.,-1.));
#7357=DIRECTION('center_axis',(1.,0.,0.));
#7358=DIRECTION('ref_axis',(0.,0.,-1.));
#7359=DIRECTION('',(-1.,0.,0.));
#7360=DIRECTION('center_axis',(0.,-2.2E-16,1.));
#7361=DIRECTION('ref_axis',(0.,-1.,-2.2E-16));
#7362=DIRECTION('center_axis',(0.,-2.2E-16,1.));
#7363=DIRECTION('ref_axis',(0.,-1.,-2.2E-16));
#7364=DIRECTION('',(0.,2.2E-16,-1.));
#7365=DIRECTION('center_axis',(0.,-2.2E-16,1.));
#7366=DIRECTION('ref_axis',(0.,-1.,-2.2E-16));
#7367=DIRECTION('',(0.,-2.2E-16,1.));
#7368=DIRECTION('center_axis',(0.,1.,0.));
#7369=DIRECTION('ref_axis',(0.,0.,1.));
#7370=DIRECTION('',(-1.,0.,0.));
#7371=DIRECTION('',(0.,0.,-1.));
#7372=DIRECTION('center_axis',(0.,2.2E-16,-1.));
#7373=DIRECTION('ref_axis',(0.,1.,2.2E-16));
#7374=DIRECTION('center_axis',(0.,-2.2E-16,1.));
#7375=DIRECTION('ref_axis',(0.,1.,2.2E-16));
#7376=DIRECTION('',(0.,-2.2E-16,1.));
#7377=DIRECTION('center_axis',(1.,0.,0.));
#7378=DIRECTION('ref_axis',(0.,0.,-1.));
#7379=DIRECTION('',(0.,1.,0.));
#7380=DIRECTION('',(0.,0.,1.));
#7381=DIRECTION('center_axis',(0.,2.2E-16,-1.));
#7382=DIRECTION('ref_axis',(0.,1.,2.2E-16));
#7383=DIRECTION('center_axis',(0.,-2.2E-16,1.));
#7384=DIRECTION('ref_axis',(0.,1.,2.2E-16));
#7385=DIRECTION('',(0.,-2.2E-16,1.));
#7386=DIRECTION('center_axis',(0.,1.,0.));
#7387=DIRECTION('ref_axis',(0.,0.,1.));
#7388=DIRECTION('',(-1.,0.,0.));
#7389=DIRECTION('',(0.,0.,1.));
#7390=DIRECTION('center_axis',(0.,-2.2E-16,1.));
#7391=DIRECTION('ref_axis',(0.,-1.,-2.2E-16));
#7392=DIRECTION('',(0.,-2.2E-16,1.));
#7393=DIRECTION('center_axis',(0.,-2.2E-16,1.));
#7394=DIRECTION('ref_axis',(0.,-1.,-2.2E-16));
#7395=DIRECTION('center_axis',(-1.,0.,0.));
#7396=DIRECTION('ref_axis',(0.,0.,1.));
#7397=DIRECTION('',(0.,-1.,0.));
#7398=DIRECTION('center_axis',(0.,2.2E-16,-1.));
#7399=DIRECTION('ref_axis',(0.,1.,2.2E-16));
#7400=DIRECTION('',(0.,2.2E-16,-1.));
#7401=DIRECTION('center_axis',(0.,-2.2E-16,1.));
#7402=DIRECTION('ref_axis',(0.,1.,2.2E-16));
#7403=DIRECTION('',(0.,-2.2E-16,1.));
#7404=DIRECTION('center_axis',(1.,0.,0.));
#7405=DIRECTION('ref_axis',(0.,0.,-1.));
#7406=DIRECTION('',(0.,0.,1.));
#7407=DIRECTION('',(0.,1.,0.));
#7408=DIRECTION('center_axis',(0.,2.2E-16,-1.));
#7409=DIRECTION('ref_axis',(0.,1.,2.2E-16));
#7410=DIRECTION('center_axis',(0.,-2.2E-16,1.));
#7411=DIRECTION('ref_axis',(0.,1.,2.2E-16));
#7412=DIRECTION('',(0.,-2.2E-16,1.));
#7413=DIRECTION('center_axis',(0.,1.,0.));
#7414=DIRECTION('ref_axis',(0.,0.,1.));
#7415=DIRECTION('',(0.,0.,1.));
#7416=DIRECTION('',(-1.,0.,0.));
#7417=DIRECTION('center_axis',(0.,-2.2E-16,1.));
#7418=DIRECTION('ref_axis',(0.,-1.,-2.2E-16));
#7419=DIRECTION('center_axis',(0.,-2.2E-16,1.));
#7420=DIRECTION('ref_axis',(0.,-1.,-2.2E-16));
#7421=DIRECTION('',(0.,-2.2E-16,1.));
#7422=DIRECTION('center_axis',(-1.,0.,0.));
#7423=DIRECTION('ref_axis',(0.,0.,1.));
#7424=DIRECTION('',(0.,-1.,0.));
#7425=DIRECTION('',(0.,0.,1.));
#7426=DIRECTION('center_axis',(0.,-2.2E-16,1.));
#7427=DIRECTION('ref_axis',(0.,-1.,-2.2E-16));
#7428=DIRECTION('center_axis',(0.,-2.2E-16,1.));
#7429=DIRECTION('ref_axis',(0.,-1.,-2.2E-16));
#7430=DIRECTION('',(0.,-2.2E-16,1.));
#7431=DIRECTION('center_axis',(0.,1.,0.));
#7432=DIRECTION('ref_axis',(0.,0.,1.));
#7433=DIRECTION('',(-1.,0.,0.));
#7434=DIRECTION('center_axis',(-1.,6.E-17,1.01E-15));
#7435=DIRECTION('ref_axis',(1.01E-15,0.,1.));
#7436=DIRECTION('',(-6.E-17,-1.,6.06E-32));
#7437=DIRECTION('center_axis',(1.,-9.E-17,4.6E-16));
#7438=DIRECTION('ref_axis',(4.6E-16,0.,-1.));
#7439=DIRECTION('',(9.E-17,1.,4.14E-32));
#7440=DIRECTION('center_axis',(0.,1.,0.));
#7441=DIRECTION('ref_axis',(0.,0.,1.));
#7442=DIRECTION('center_axis',(0.,-1.,0.));
#7443=DIRECTION('ref_axis',(0.,0.,-1.));
#7444=DIRECTION('center_axis',(0.,0.,1.));
#7445=DIRECTION('ref_axis',(1.,0.,0.));
#7446=DIRECTION('',(0.,0.,-1.));
#7447=DIRECTION('center_axis',(0.,0.,-1.));
#7448=DIRECTION('ref_axis',(1.,0.,0.));
#7449=DIRECTION('',(0.,0.,1.));
#7450=DIRECTION('center_axis',(1.,0.,0.));
#7451=DIRECTION('ref_axis',(0.,0.,-1.));
#7452=DIRECTION('',(0.,-1.,0.));
#7453=DIRECTION('',(0.,0.,-1.));
#7454=DIRECTION('center_axis',(0.,0.,1.));
#7455=DIRECTION('ref_axis',(1.,0.,0.));
#7456=DIRECTION('',(0.,0.,-1.));
#7457=DIRECTION('center_axis',(0.,0.,-1.));
#7458=DIRECTION('ref_axis',(1.,0.,0.));
#7459=DIRECTION('center_axis',(0.,-1.,0.));
#7460=DIRECTION('ref_axis',(0.,0.,-1.));
#7461=DIRECTION('',(-1.,0.,0.));
#7462=DIRECTION('',(0.,0.,-1.));
#7463=DIRECTION('center_axis',(0.,0.,1.));
#7464=DIRECTION('ref_axis',(1.,0.,0.));
#7465=DIRECTION('',(0.,0.,-1.));
#7466=DIRECTION('center_axis',(0.,0.,-1.));
#7467=DIRECTION('ref_axis',(1.,0.,0.));
#7468=DIRECTION('center_axis',(-1.,0.,0.));
#7469=DIRECTION('ref_axis',(0.,0.,1.));
#7470=DIRECTION('',(0.,1.,0.));
#7471=DIRECTION('',(0.,0.,-1.));
#7472=DIRECTION('center_axis',(0.,0.,1.));
#7473=DIRECTION('ref_axis',(1.,0.,0.));
#7474=DIRECTION('',(0.,0.,-1.));
#7475=DIRECTION('center_axis',(0.,0.,-1.));
#7476=DIRECTION('ref_axis',(1.,0.,0.));
#7477=DIRECTION('center_axis',(0.,1.,0.));
#7478=DIRECTION('ref_axis',(0.,0.,1.));
#7479=DIRECTION('',(1.,0.,0.));
#7480=DIRECTION('center_axis',(0.,-2.2E-16,1.));
#7481=DIRECTION('ref_axis',(0.,-1.,-2.2E-16));
#7482=DIRECTION('center_axis',(0.,2.2E-16,-1.));
#7483=DIRECTION('ref_axis',(0.,-1.,-2.2E-16));
#7484=DIRECTION('',(0.,2.2E-16,-1.));
#7485=DIRECTION('',(0.,-2.2E-16,1.));
#7486=DIRECTION('center_axis',(-1.,0.,0.));
#7487=DIRECTION('ref_axis',(0.,0.,1.));
#7488=DIRECTION('',(0.,1.,0.));
#7489=DIRECTION('',(0.,0.,1.));
#7490=DIRECTION('center_axis',(0.,-2.2E-16,1.));
#7491=DIRECTION('ref_axis',(0.,-1.,-2.2E-16));
#7492=DIRECTION('',(0.,-2.2E-16,1.));
#7493=DIRECTION('center_axis',(0.,2.2E-16,-1.));
#7494=DIRECTION('ref_axis',(0.,-1.,-2.2E-16));
#7495=DIRECTION('center_axis',(0.,1.,0.));
#7496=DIRECTION('ref_axis',(0.,0.,1.));
#7497=DIRECTION('',(1.,0.,0.));
#7498=DIRECTION('',(0.,0.,-1.));
#7499=DIRECTION('center_axis',(0.,2.2E-16,-1.));
#7500=DIRECTION('ref_axis',(0.,1.,2.2E-16));
#7501=DIRECTION('',(0.,-2.2E-16,1.));
#7502=DIRECTION('center_axis',(0.,2.2E-16,-1.));
#7503=DIRECTION('ref_axis',(0.,1.,2.2E-16));
#7504=DIRECTION('center_axis',(1.,0.,0.));
#7505=DIRECTION('ref_axis',(0.,0.,-1.));
#7506=DIRECTION('',(0.,-1.,0.));
#7507=DIRECTION('',(0.,0.,1.));
#7508=DIRECTION('center_axis',(0.,2.2E-16,-1.));
#7509=DIRECTION('ref_axis',(0.,1.,2.2E-16));
#7510=DIRECTION('',(0.,-2.2E-16,1.));
#7511=DIRECTION('center_axis',(0.,2.2E-16,-1.));
#7512=DIRECTION('ref_axis',(0.,1.,2.2E-16));
#7513=DIRECTION('center_axis',(0.,1.,0.));
#7514=DIRECTION('ref_axis',(0.,0.,1.));
#7515=DIRECTION('',(1.,0.,0.));
#7516=DIRECTION('center_axis',(0.,-1.,0.));
#7517=DIRECTION('ref_axis',(0.,0.,-1.));
#7518=DIRECTION('center_axis',(0.,-2.2E-16,1.));
#7519=DIRECTION('ref_axis',(0.,-1.,-2.2E-16));
#7520=DIRECTION('center_axis',(0.,2.2E-16,-1.));
#7521=DIRECTION('ref_axis',(0.,-1.,-2.2E-16));
#7522=DIRECTION('',(0.,2.2E-16,-1.));
#7523=DIRECTION('',(0.,-2.2E-16,1.));
#7524=DIRECTION('center_axis',(-1.,0.,0.));
#7525=DIRECTION('ref_axis',(0.,0.,1.));
#7526=DIRECTION('',(0.,1.,0.));
#7527=DIRECTION('',(0.,0.,1.));
#7528=DIRECTION('center_axis',(0.,-2.2E-16,1.));
#7529=DIRECTION('ref_axis',(0.,-1.,-2.2E-16));
#7530=DIRECTION('',(0.,-2.2E-16,1.));
#7531=DIRECTION('center_axis',(0.,2.2E-16,-1.));
#7532=DIRECTION('ref_axis',(0.,-1.,-2.2E-16));
#7533=DIRECTION('center_axis',(0.,1.,0.));
#7534=DIRECTION('ref_axis',(0.,0.,1.));
#7535=DIRECTION('',(1.,0.,0.));
#7536=DIRECTION('',(0.,0.,-1.));
#7537=DIRECTION('center_axis',(0.,2.2E-16,-1.));
#7538=DIRECTION('ref_axis',(0.,1.,2.2E-16));
#7539=DIRECTION('',(0.,-2.2E-16,1.));
#7540=DIRECTION('center_axis',(0.,2.2E-16,-1.));
#7541=DIRECTION('ref_axis',(0.,1.,2.2E-16));
#7542=DIRECTION('center_axis',(1.,0.,0.));
#7543=DIRECTION('ref_axis',(0.,0.,-1.));
#7544=DIRECTION('',(0.,-1.,0.));
#7545=DIRECTION('',(0.,0.,1.));
#7546=DIRECTION('center_axis',(0.,2.2E-16,-1.));
#7547=DIRECTION('ref_axis',(0.,1.,2.2E-16));
#7548=DIRECTION('',(0.,-2.2E-16,1.));
#7549=DIRECTION('center_axis',(0.,2.2E-16,-1.));
#7550=DIRECTION('ref_axis',(0.,1.,2.2E-16));
#7551=DIRECTION('center_axis',(0.,1.,0.));
#7552=DIRECTION('ref_axis',(0.,0.,1.));
#7553=DIRECTION('',(1.,0.,0.));
#7554=DIRECTION('center_axis',(0.,1.,0.));
#7555=DIRECTION('ref_axis',(0.,0.,1.));
#7556=DIRECTION('center_axis',(0.,1.,0.));
#7557=DIRECTION('ref_axis',(0.,0.,1.));
#7558=DIRECTION('center_axis',(0.,0.,1.));
#7559=DIRECTION('ref_axis',(1.,0.,0.));
#7560=DIRECTION('',(0.,0.,1.));
#7561=DIRECTION('',(0.,0.,-1.));
#7562=DIRECTION('center_axis',(0.,0.,-1.));
#7563=DIRECTION('ref_axis',(1.,0.,0.));
#7564=DIRECTION('center_axis',(0.,-1.,0.));
#7565=DIRECTION('ref_axis',(0.,0.,-1.));
#7566=DIRECTION('',(-1.,0.,0.));
#7567=DIRECTION('',(0.,0.,-1.));
#7568=DIRECTION('center_axis',(0.,0.,1.));
#7569=DIRECTION('ref_axis',(1.,0.,0.));
#7570=DIRECTION('',(0.,0.,-1.));
#7571=DIRECTION('center_axis',(0.,0.,-1.));
#7572=DIRECTION('ref_axis',(1.,0.,0.));
#7573=DIRECTION('center_axis',(-1.,0.,0.));
#7574=DIRECTION('ref_axis',(0.,0.,1.));
#7575=DIRECTION('',(0.,1.,0.));
#7576=DIRECTION('',(0.,0.,-1.));
#7577=DIRECTION('center_axis',(0.,0.,1.));
#7578=DIRECTION('ref_axis',(1.,0.,0.));
#7579=DIRECTION('',(0.,0.,-1.));
#7580=DIRECTION('center_axis',(0.,0.,-1.));
#7581=DIRECTION('ref_axis',(1.,0.,0.));
#7582=DIRECTION('center_axis',(0.,1.,0.));
#7583=DIRECTION('ref_axis',(0.,0.,1.));
#7584=DIRECTION('',(1.,0.,0.));
#7585=DIRECTION('',(0.,0.,-1.));
#7586=DIRECTION('center_axis',(0.,0.,1.));
#7587=DIRECTION('ref_axis',(1.,0.,0.));
#7588=DIRECTION('',(0.,0.,-1.));
#7589=DIRECTION('center_axis',(0.,0.,-1.));
#7590=DIRECTION('ref_axis',(1.,0.,0.));
#7591=DIRECTION('center_axis',(1.,0.,0.));
#7592=DIRECTION('ref_axis',(0.,0.,-1.));
#7593=DIRECTION('',(0.,-1.,0.));
#7594=DIRECTION('center_axis',(0.,1.,0.));
#7595=DIRECTION('ref_axis',(0.,0.,1.));
#7596=DIRECTION('center_axis',(0.,-2.2E-16,1.));
#7597=DIRECTION('ref_axis',(0.,-1.,-2.2E-16));
#7598=DIRECTION('center_axis',(-7.40148683083432E-15,-7.40148683083432E-15,
-1.));
#7599=DIRECTION('ref_axis',(1.,0.,-1.11022302462515E-14));
#7600=DIRECTION('center_axis',(0.,-1.,0.));
#7601=DIRECTION('ref_axis',(0.,0.,-1.));
#7602=DIRECTION('center_axis',(-1.,-1.83697019872103E-16,0.));
#7603=DIRECTION('ref_axis',(0.,0.,-1.));
#7604=DIRECTION('center_axis',(-1.,0.,0.));
#7605=DIRECTION('ref_axis',(0.,0.,1.));
#7606=DIRECTION('center_axis',(-1.,0.,0.));
#7607=DIRECTION('ref_axis',(0.,0.,1.));
#7608=DIRECTION('',(1.,0.,0.));
#7609=DIRECTION('center_axis',(2.22044604925026E-14,0.,-1.));
#7610=DIRECTION('ref_axis',(1.,0.,1.85037170770855E-14));
#7611=DIRECTION('center_axis',(-5.11082671077844E-11,-1.,0.));
#7612=DIRECTION('ref_axis',(0.,0.,-1.));
#7613=DIRECTION('center_axis',(0.,-1.,-2.2E-16));
#7614=DIRECTION('ref_axis',(0.,2.2E-16,-1.));
#7615=DIRECTION('',(0.,1.,2.2E-16));
#7616=DIRECTION('center_axis',(0.,-1.,-2.2E-16));
#7617=DIRECTION('ref_axis',(0.,2.2E-16,-1.));
#7618=DIRECTION('center_axis',(-7.40148683083448E-15,1.,1.4802973661669E-14));
#7619=DIRECTION('ref_axis',(1.,7.40148683083448E-15,0.));
#7620=DIRECTION('center_axis',(1.,0.,0.));
#7621=DIRECTION('ref_axis',(0.,1.,0.));
#7622=DIRECTION('center_axis',(-1.,0.,0.));
#7623=DIRECTION('ref_axis',(0.,0.,1.));
#7624=DIRECTION('',(-1.,0.,0.));
#7625=DIRECTION('center_axis',(1.,0.,0.));
#7626=DIRECTION('ref_axis',(0.,0.,1.));
#7627=DIRECTION('center_axis',(2.22044604925036E-14,1.,7.40148683083454E-15));
#7628=DIRECTION('ref_axis',(1.,-1.48029736616691E-14,0.));
#7629=DIRECTION('center_axis',(0.,1.,2.2E-16));
#7630=DIRECTION('ref_axis',(-1.,0.,0.));
#7631=DIRECTION('center_axis',(0.,-1.,-2.2E-16));
#7632=DIRECTION('ref_axis',(0.,2.2E-16,-1.));
#7633=DIRECTION('',(0.,-1.,-2.2E-16));
#7634=DIRECTION('center_axis',(1.,0.,7.4014868308344E-15));
#7635=DIRECTION('ref_axis',(0.,1.,0.));
#7636=DIRECTION('center_axis',(1.,0.,0.));
#7637=DIRECTION('ref_axis',(0.,1.,0.));
#7638=DIRECTION('center_axis',(0.,-1.,-3.6302980127897E-17));
#7639=DIRECTION('ref_axis',(1.,0.,0.));
#7640=DIRECTION('center_axis',(0.,-1.,-2.2E-16));
#7641=DIRECTION('ref_axis',(0.,2.2E-16,-1.));
#7642=DIRECTION('center_axis',(0.,-1.,-2.2E-16));
#7643=DIRECTION('ref_axis',(0.,2.2E-16,-1.));
#7644=DIRECTION('',(0.,1.,2.2E-16));
#7645=DIRECTION('center_axis',(1.,-3.70074341541742E-14,3.33066907387568E-14));
#7646=DIRECTION('ref_axis',(3.70074341541743E-14,1.,0.));
#7647=DIRECTION('center_axis',(1.,0.,0.));
#7648=DIRECTION('ref_axis',(0.,0.,1.));
#7649=DIRECTION('center_axis',(-1.,0.,0.));
#7650=DIRECTION('ref_axis',(0.,0.,1.));
#7651=DIRECTION('center_axis',(1.,0.,0.));
#7652=DIRECTION('ref_axis',(0.,0.,1.));
#7653=DIRECTION('',(-1.,0.,0.));
#7654=DIRECTION('center_axis',(7.4014868308344E-15,7.4014868308344E-15,
-1.));
#7655=DIRECTION('ref_axis',(1.,0.,7.4014868308344E-15));
#7656=DIRECTION('center_axis',(-1.83697019872103E-16,1.,0.));
#7657=DIRECTION('ref_axis',(0.,0.,-1.));
#7658=DIRECTION('center_axis',(0.,-1.,-2.2E-16));
#7659=DIRECTION('ref_axis',(0.,2.2E-16,-1.));
#7660=DIRECTION('center_axis',(0.,1.,2.2E-16));
#7661=DIRECTION('ref_axis',(0.,2.2E-16,-1.));
#7662=DIRECTION('',(0.,-1.,-2.2E-16));
#7663=DIRECTION('center_axis',(-3.70074341541717E-15,0.,-1.));
#7664=DIRECTION('ref_axis',(1.,0.,-3.70074341541717E-15));
#7665=DIRECTION('center_axis',(-1.,2.55541029377222E-11,0.));
#7666=DIRECTION('ref_axis',(0.,0.,-1.));
#7667=DIRECTION('center_axis',(-1.,0.,0.));
#7668=DIRECTION('ref_axis',(0.,0.,1.));
#7669=DIRECTION('',(1.,0.,0.));
#7670=DIRECTION('center_axis',(-1.48029736616689E-14,0.,1.));
#7671=DIRECTION('ref_axis',(1.,0.,1.85037170770862E-14));
#7672=DIRECTION('center_axis',(1.83697019872103E-16,1.,0.));
#7673=DIRECTION('ref_axis',(0.,0.,1.));
#7674=DIRECTION('center_axis',(1.,0.,0.));
#7675=DIRECTION('ref_axis',(0.,0.,1.));
#7676=DIRECTION('center_axis',(0.,-1.,-2.2E-16));
#7677=DIRECTION('ref_axis',(0.,2.2E-16,-1.));
#7678=DIRECTION('center_axis',(0.,1.,2.2E-16));
#7679=DIRECTION('ref_axis',(0.,2.2E-16,-1.));
#7680=DIRECTION('',(0.,-1.,-2.2E-16));
#7681=DIRECTION('center_axis',(-7.40148683083442E-15,-1.,-7.86407975776158E-15));
#7682=DIRECTION('ref_axis',(1.,-7.40148683083442E-15,0.));
#7683=DIRECTION('center_axis',(1.,0.,0.));
#7684=DIRECTION('ref_axis',(0.,-1.,0.));
#7685=DIRECTION('center_axis',(-1.,0.,0.));
#7686=DIRECTION('ref_axis',(0.,0.,1.));
#7687=DIRECTION('',(-1.,0.,0.));
#7688=DIRECTION('center_axis',(1.,0.,0.));
#7689=DIRECTION('ref_axis',(0.,0.,1.));
#7690=DIRECTION('center_axis',(-1.,0.,4.85722573273495E-15));
#7691=DIRECTION('ref_axis',(0.,1.,0.));
#7692=DIRECTION('center_axis',(0.,-1.,0.));
#7693=DIRECTION('ref_axis',(-1.,0.,-6.77626357803438E-16));
#7694=DIRECTION('center_axis',(0.,-1.,-2.2E-16));
#7695=DIRECTION('ref_axis',(0.,2.2E-16,-1.));
#7696=DIRECTION('',(0.,1.,2.2E-16));
#7697=DIRECTION('center_axis',(0.,-1.,-2.2E-16));
#7698=DIRECTION('ref_axis',(0.,2.2E-16,-1.));
#7699=DIRECTION('center_axis',(-7.40148683083432E-15,1.,6.01370805005288E-15));
#7700=DIRECTION('ref_axis',(1.,7.40148683083432E-15,0.));
#7701=DIRECTION('center_axis',(-1.,4.93038065763132E-32,-1.83697019872103E-16));
#7702=DIRECTION('ref_axis',(7.81115907122024E-33,1.,2.25875452601146E-16));
#7703=DIRECTION('center_axis',(-1.,0.,0.));
#7704=DIRECTION('ref_axis',(0.,0.,1.));
#7705=DIRECTION('',(1.,0.,0.));
#7706=DIRECTION('center_axis',(7.40148683083442E-15,0.,1.));
#7707=DIRECTION('ref_axis',(1.,0.,-9.25185853854303E-15));
#7708=DIRECTION('center_axis',(1.83697019872103E-16,1.,0.));
#7709=DIRECTION('ref_axis',(0.,0.,1.));
#7710=DIRECTION('center_axis',(-1.,1.22464679914735E-16,0.));
#7711=DIRECTION('ref_axis',(0.,0.,1.));
#7712=DIRECTION('center_axis',(0.,-1.,-2.2E-16));
#7713=DIRECTION('ref_axis',(0.,2.2E-16,-1.));
#7714=DIRECTION('',(0.,1.,2.2E-16));
#7715=DIRECTION('center_axis',(0.,1.,2.2E-16));
#7716=DIRECTION('ref_axis',(0.,2.2E-16,-1.));
#7717=DIRECTION('center_axis',(-7.4014868308344E-15,0.,1.));
#7718=DIRECTION('ref_axis',(1.,0.,9.25185853854296E-15));
#7719=DIRECTION('center_axis',(-1.,0.,0.));
#7720=DIRECTION('ref_axis',(0.,0.,1.));
#7721=DIRECTION('center_axis',(1.,0.,0.));
#7722=DIRECTION('ref_axis',(0.,0.,-1.));
#7723=DIRECTION('center_axis',(-1.,0.,0.));
#7724=DIRECTION('ref_axis',(0.,0.,-1.));
#7725=DIRECTION('',(-1.,0.,0.));
#7726=DIRECTION('center_axis',(1.,2.22044604925038E-14,-9.7144514654704E-15));
#7727=DIRECTION('ref_axis',(-1.48029736616692E-14,1.,0.));
#7728=DIRECTION('center_axis',(0.,-1.,-5.11084871077844E-11));
#7729=DIRECTION('ref_axis',(1.,0.,0.));
#7730=DIRECTION('center_axis',(0.,-1.,-2.2E-16));
#7731=DIRECTION('ref_axis',(0.,2.2E-16,-1.));
#7732=DIRECTION('center_axis',(0.,-1.,-2.2E-16));
#7733=DIRECTION('ref_axis',(0.,2.2E-16,-1.));
#7734=DIRECTION('',(0.,-1.,-2.2E-16));
#7735=DIRECTION('center_axis',(1.,-2.96059473233397E-14,-5.27355936696988E-14));
#7736=DIRECTION('ref_axis',(2.96059473233397E-14,1.,0.));
#7737=DIRECTION('center_axis',(1.,0.,0.));
#7738=DIRECTION('ref_axis',(0.,-1.,0.));
#7739=DIRECTION('center_axis',(1.,0.,0.));
#7740=DIRECTION('ref_axis',(0.,0.,-1.));
#7741=DIRECTION('',(1.,0.,0.));
#7742=DIRECTION('center_axis',(-1.,0.,-5.08852219619867E-15));
#7743=DIRECTION('ref_axis',(0.,1.,0.));
#7744=DIRECTION('center_axis',(-1.,0.,0.));
#7745=DIRECTION('ref_axis',(0.,1.,0.));
#7746=DIRECTION('center_axis',(0.,1.,4.03697019872103E-16));
#7747=DIRECTION('ref_axis',(-1.,0.,0.));
#7748=DIRECTION('center_axis',(0.,-1.,-2.2E-16));
#7749=DIRECTION('ref_axis',(0.,2.2E-16,-1.));
#7750=DIRECTION('',(0.,1.,2.2E-16));
#7751=DIRECTION('center_axis',(0.,1.,2.2E-16));
#7752=DIRECTION('ref_axis',(0.,2.2E-16,-1.));
#7753=DIRECTION('center_axis',(-1.,0.,4.62592926927141E-15));
#7754=DIRECTION('ref_axis',(0.,1.,0.));
#7755=DIRECTION('center_axis',(-1.,0.,-9.3E-16));
#7756=DIRECTION('ref_axis',(-9.3E-16,0.,1.));
#7757=DIRECTION('center_axis',(1.,0.,0.));
#7758=DIRECTION('ref_axis',(0.,0.,-1.));
#7759=DIRECTION('',(-1.,0.,0.));
#7760=DIRECTION('center_axis',(-1.,0.,0.));
#7761=DIRECTION('ref_axis',(0.,0.,-1.));
#7762=DIRECTION('center_axis',(-3.70074341541724E-15,-1.,-9.2518585385431E-15));
#7763=DIRECTION('ref_axis',(1.,-7.40148683083448E-15,0.));
#7764=DIRECTION('center_axis',(0.,-1.,-4.6E-16));
#7765=DIRECTION('ref_axis',(0.,-4.6E-16,1.));
#7766=DIRECTION('center_axis',(0.,-1.,-2.2E-16));
#7767=DIRECTION('ref_axis',(0.,2.2E-16,-1.));
#7768=DIRECTION('center_axis',(0.,-1.,-2.2E-16));
#7769=DIRECTION('ref_axis',(0.,2.2E-16,-1.));
#7770=DIRECTION('',(0.,-1.,-2.2E-16));
#7771=DIRECTION('center_axis',(-7.40148683083452E-15,0.,1.));
#7772=DIRECTION('ref_axis',(1.,0.,9.25185853854313E-15));
#7773=DIRECTION('center_axis',(1.,0.,0.));
#7774=DIRECTION('ref_axis',(0.,0.,1.));
#7775=DIRECTION('center_axis',(1.,0.,0.));
#7776=DIRECTION('ref_axis',(0.,0.,-1.));
#7777=DIRECTION('',(1.,0.,0.));
#7778=DIRECTION('center_axis',(1.,-1.48029736616684E-14,4.39463280580779E-15));
#7779=DIRECTION('ref_axis',(1.85037170770854E-14,1.,0.));
#7780=DIRECTION('center_axis',(1.,0.,0.));
#7781=DIRECTION('ref_axis',(0.,-1.,-2.25875452601146E-16));
#7782=DIRECTION('center_axis',(0.,-1.,-5.11084871077844E-11));
#7783=DIRECTION('ref_axis',(1.,0.,0.));
#7784=DIRECTION('center_axis',(-1.,0.,0.));
#7785=DIRECTION('ref_axis',(0.,0.,1.));
#7786=DIRECTION('center_axis',(1.,0.,0.));
#7787=DIRECTION('ref_axis',(0.,0.,1.));
#7788=DIRECTION('',(-1.,0.,0.));
#7789=DIRECTION('center_axis',(7.40148683083442E-15,-1.,-4.16333634234436E-15));
#7790=DIRECTION('ref_axis',(1.,7.40148683083442E-15,0.));
#7791=DIRECTION('center_axis',(0.,-1.,-2.2E-16));
#7792=DIRECTION('ref_axis',(-1.,0.,0.));
#7793=DIRECTION('center_axis',(0.,-1.,-2.2E-16));
#7794=DIRECTION('ref_axis',(0.,2.2E-16,-1.));
#7795=DIRECTION('',(0.,1.,2.2E-16));
#7796=DIRECTION('center_axis',(0.,-1.,-2.2E-16));
#7797=DIRECTION('ref_axis',(0.,2.2E-16,-1.));
#7798=DIRECTION('center_axis',(-7.40148683083421E-15,1.,1.29526019539599E-14));
#7799=DIRECTION('ref_axis',(1.,7.40148683083423E-15,0.));
#7800=DIRECTION('center_axis',(-1.,4.93038065763132E-32,-1.83697019872103E-16));
#7801=DIRECTION('ref_axis',(7.81115907122024E-33,1.,2.25875452601146E-16));
#7802=DIRECTION('center_axis',(-1.,0.,0.));
#7803=DIRECTION('ref_axis',(0.,0.,1.));
#7804=DIRECTION('',(1.,0.,0.));
#7805=DIRECTION('center_axis',(-1.,0.,0.));
#7806=DIRECTION('ref_axis',(0.,0.,1.));
#7807=DIRECTION('center_axis',(-1.85037170770867E-14,1.,-2.45174251271399E-14));
#7808=DIRECTION('ref_axis',(1.,1.48029736616693E-14,0.));
#7809=DIRECTION('center_axis',(0.,1.,2.2E-16));
#7810=DIRECTION('ref_axis',(1.,0.,0.));
#7811=DIRECTION('center_axis',(0.,-1.,-2.2E-16));
#7812=DIRECTION('ref_axis',(0.,2.2E-16,-1.));
#7813=DIRECTION('',(0.,-1.,-2.2E-16));
#7814=DIRECTION('center_axis',(0.,2.2E-16,-1.));
#7815=DIRECTION('ref_axis',(0.,1.,2.2E-16));
#7816=DIRECTION('center_axis',(0.,2.2E-16,-1.));
#7817=DIRECTION('ref_axis',(0.,1.,2.2E-16));
#7818=DIRECTION('center_axis',(0.,2.2E-16,-1.));
#7819=DIRECTION('ref_axis',(0.,1.,2.2E-16));
#7820=DIRECTION('center_axis',(0.,-2.2E-16,1.));
#7821=DIRECTION('ref_axis',(0.,-1.,-2.2E-16));
#7822=DIRECTION('center_axis',(0.,-2.2E-16,1.));
#7823=DIRECTION('ref_axis',(0.,-1.,-2.2E-16));
#7824=DIRECTION('center_axis',(0.,2.2E-16,-1.));
#7825=DIRECTION('ref_axis',(0.,1.,2.2E-16));
#7826=CARTESIAN_POINT('',(0.,0.,0.));
#7827=CARTESIAN_POINT('Origin',(5.78,6.5,2.86));
#7828=CARTESIAN_POINT('',(5.78,6.3,3.16));
#7829=CARTESIAN_POINT('',(5.78,6.7,3.16));
#7830=CARTESIAN_POINT('Origin',(5.78,6.5,3.16));
#7831=CARTESIAN_POINT('',(5.78,6.3,2.86));
#7832=CARTESIAN_POINT('',(5.78,6.3,2.86));
#7833=CARTESIAN_POINT('',(5.78,6.7,2.86));
#7834=CARTESIAN_POINT('Origin',(5.78,6.5,2.86));
#7835=CARTESIAN_POINT('',(5.78,6.7,2.86));
#7836=CARTESIAN_POINT('Origin',(4.475,3.972673633546,3.16));
#7837=CARTESIAN_POINT('',(2.12,6.3,3.16));
#7838=CARTESIAN_POINT('',(1.92,6.5,3.16));
#7839=CARTESIAN_POINT('Origin',(2.12,6.5,3.16));
#7840=CARTESIAN_POINT('',(1.92,7.1,3.16));
#7841=CARTESIAN_POINT('',(1.92,3.972673633546,3.16));
#7842=CARTESIAN_POINT('',(1.72,7.3,3.16));
#7843=CARTESIAN_POINT('Origin',(1.72,7.1,3.16));
#7844=CARTESIAN_POINT('',(1.3,7.3,3.16));
#7845=CARTESIAN_POINT('',(4.475,7.3,3.16));
#7846=CARTESIAN_POINT('',(1.3,0.,3.16));
#7847=CARTESIAN_POINT('',(1.3,3.972673633546,3.16));
#7848=CARTESIAN_POINT('',(7.65,0.,3.16));
#7849=CARTESIAN_POINT('',(4.475,0.,3.16));
#7850=CARTESIAN_POINT('',(7.65,7.3,3.16));
#7851=CARTESIAN_POINT('',(7.65,3.972673633546,3.16));
#7852=CARTESIAN_POINT('',(7.23,7.3,3.16));
#7853=CARTESIAN_POINT('',(4.475,7.3,3.16));
#7854=CARTESIAN_POINT('',(7.03,7.1,3.16));
#7855=CARTESIAN_POINT('Origin',(7.23,7.1,3.16));
#7856=CARTESIAN_POINT('',(7.03,6.5,3.16));
#7857=CARTESIAN_POINT('',(7.03,3.972673633546,3.16));
#7858=CARTESIAN_POINT('',(6.83,6.3,3.16));
#7859=CARTESIAN_POINT('Origin',(6.83,6.5,3.16));
#7860=CARTESIAN_POINT('',(4.475,6.3,3.16));
#7861=CARTESIAN_POINT('',(5.78,7.3,3.16));
#7862=CARTESIAN_POINT('',(5.78,3.972673633546,3.16));
#7863=CARTESIAN_POINT('',(3.17,7.3,3.16));
#7864=CARTESIAN_POINT('',(4.475,7.3,3.16));
#7865=CARTESIAN_POINT('',(3.17,6.7,3.16));
#7866=CARTESIAN_POINT('',(3.17,3.972673633546,3.16));
#7867=CARTESIAN_POINT('',(3.17,6.3,3.16));
#7868=CARTESIAN_POINT('Origin',(3.17,6.5,3.16));
#7869=CARTESIAN_POINT('',(4.475,6.3,3.16));
#7870=CARTESIAN_POINT('',(2.18,5.02,3.16));
#7871=CARTESIAN_POINT('',(2.18,5.28,3.16));
#7872=CARTESIAN_POINT('',(2.18,3.972673633546,3.16));
#7873=CARTESIAN_POINT('',(2.42,5.52,3.16));
#7874=CARTESIAN_POINT('Ctrl Pts',(2.18,5.28,3.16));
#7875=CARTESIAN_POINT('Ctrl Pts',(2.18009490085493,5.29175296751477,3.16));
#7876=CARTESIAN_POINT('Ctrl Pts',(2.1810250874405,5.30319370565964,3.15999989650634));
#7877=CARTESIAN_POINT('Ctrl Pts',(2.18268622051981,5.31431936371211,3.15999980289557));
#7878=CARTESIAN_POINT('Ctrl Pts',(2.18440835668758,5.32585359800138,3.15999970584706));
#7879=CARTESIAN_POINT('Ctrl Pts',(2.18691606047966,5.33705052756586,3.15999961657051));
#7880=CARTESIAN_POINT('Ctrl Pts',(2.19014675671835,5.34792253044067,3.15999957044154));
#7881=CARTESIAN_POINT('Ctrl Pts',(2.19346026179647,5.35907320325962,3.15999952313021));
#7882=CARTESIAN_POINT('Ctrl Pts',(2.1975345716224,5.36988349540383,3.15999951848548));
#7883=CARTESIAN_POINT('Ctrl Pts',(2.20235579902007,5.38036142627132,3.15999954455629));
#7884=CARTESIAN_POINT('Ctrl Pts',(2.20713749434011,5.39075344242411,3.15999957041334));
#7885=CARTESIAN_POINT('Ctrl Pts',(2.21265463910571,5.40081976730153,3.15999962451201));
#7886=CARTESIAN_POINT('Ctrl Pts',(2.21893776727872,5.41054317043236,3.15999968233375));
#7887=CARTESIAN_POINT('Ctrl Pts',(2.22498955258017,5.41990856081226,3.15999973802651));
#7888=CARTESIAN_POINT('Ctrl Pts',(2.2317529187467,5.42895665120554,3.15999979638989));
#7889=CARTESIAN_POINT('Ctrl Pts',(2.23928361080642,5.43763398992583,3.15999984308367));
#7890=CARTESIAN_POINT('Ctrl Pts',(2.24281841217222,5.44170701117232,3.15999986500107));
#7891=CARTESIAN_POINT('Ctrl Pts',(2.24652260374731,5.44569771536941,3.15999988453014));
#7892=CARTESIAN_POINT('Ctrl Pts',(2.25040324943885,5.44959675056115,3.15999990121509));
#7893=CARTESIAN_POINT('Ctrl Pts',(2.25833238937634,5.45756346489528,3.15999993530666));
#7894=CARTESIAN_POINT('Ctrl Pts',(2.26664054965695,5.46476796717386,3.15999993854604));
#7895=CARTESIAN_POINT('Ctrl Pts',(2.27525725302155,5.47128101345103,3.15999993242642));
#7896=CARTESIAN_POINT('Ctrl Pts',(2.28414138976237,5.47799620269189,3.15999992611687));
#7897=CARTESIAN_POINT('Ctrl Pts',(2.29335432405792,5.48397741957979,3.15999990604933));
#7898=CARTESIAN_POINT('Ctrl Pts',(2.30286918295399,5.48927920648154,3.15999987656881));
#7899=CARTESIAN_POINT('Ctrl Pts',(2.31251754843429,5.49465538476075,3.15999984667464));
#7900=CARTESIAN_POINT('Ctrl Pts',(2.32247744253237,5.49933379880155,3.15999980627469));
#7901=CARTESIAN_POINT('Ctrl Pts',(2.33275726783405,5.50333330614176,3.15999977720679));
#7902=CARTESIAN_POINT('Ctrl Pts',(2.34289174953086,5.5072762655546,3.15999974854987));
#7903=CARTESIAN_POINT('Ctrl Pts',(2.35333840070167,5.51055987842536,3.15999973358703));
#7904=CARTESIAN_POINT('Ctrl Pts',(2.364123145604,5.51315571920682,3.15999975561997));
#7905=CARTESIAN_POINT('Ctrl Pts',(2.37442864322297,5.5156362072698,3.15999977667382));
#7906=CARTESIAN_POINT('Ctrl Pts',(2.38504398023434,5.51748875284646,3.15999983616982));
#7907=CARTESIAN_POINT('Ctrl Pts',(2.39599132941358,5.51864225564024,3.15999990235354));
#7908=CARTESIAN_POINT('Ctrl Pts',(2.40382324294843,5.51946749049803,3.15999994970245));
#7909=CARTESIAN_POINT('Ctrl Pts',(2.4118251549349,5.51993399115716,3.16));
#7910=CARTESIAN_POINT('Ctrl Pts',(2.42,5.52,3.16));
#7911=CARTESIAN_POINT('',(3.26,5.52,3.16));
#7912=CARTESIAN_POINT('',(4.475,5.52,3.16));
#7913=CARTESIAN_POINT('',(3.5,5.28,3.16));
#7914=CARTESIAN_POINT('Ctrl Pts',(3.26,5.52,3.16));
#7915=CARTESIAN_POINT('Ctrl Pts',(3.27175296751478,5.51990509914507,3.16));
#7916=CARTESIAN_POINT('Ctrl Pts',(3.28319370565965,5.5189749125595,3.15999989650634));
#7917=CARTESIAN_POINT('Ctrl Pts',(3.29431936371211,5.51731377948019,3.15999980289557));
#7918=CARTESIAN_POINT('Ctrl Pts',(3.30585359800138,5.51559164331242,3.15999970584706));
#7919=CARTESIAN_POINT('Ctrl Pts',(3.31705052756585,5.51308393952034,3.15999961657051));
#7920=CARTESIAN_POINT('Ctrl Pts',(3.32792253044066,5.50985324328165,3.15999957044154));
#7921=CARTESIAN_POINT('Ctrl Pts',(3.33907320325961,5.50653973820353,3.15999952313021));
#7922=CARTESIAN_POINT('Ctrl Pts',(3.34988349540381,5.5024654283776,3.15999951848548));
#7923=CARTESIAN_POINT('Ctrl Pts',(3.36036142627131,5.49764420097994,3.15999954455629));
#7924=CARTESIAN_POINT('Ctrl Pts',(3.3707534424241,5.4928625056599,3.15999957041334));
#7925=CARTESIAN_POINT('Ctrl Pts',(3.38081976730151,5.4873453608943,3.15999962451201));
#7926=CARTESIAN_POINT('Ctrl Pts',(3.39054317043235,5.48106223272129,3.15999968233375));
#7927=CARTESIAN_POINT('Ctrl Pts',(3.39990856081225,5.47501044741984,3.15999973802651));
#7928=CARTESIAN_POINT('Ctrl Pts',(3.40895665120552,5.46824708125331,3.15999979638989));
#7929=CARTESIAN_POINT('Ctrl Pts',(3.41763398992581,5.46071638919359,3.15999984308367));
#7930=CARTESIAN_POINT('Ctrl Pts',(3.42170701117231,5.45718158782779,3.15999986500107));
#7931=CARTESIAN_POINT('Ctrl Pts',(3.4256977153694,5.4534773962527,3.15999988453014));
#7932=CARTESIAN_POINT('Ctrl Pts',(3.42959675056115,5.44959675056115,3.15999990121509));
#7933=CARTESIAN_POINT('Ctrl Pts',(3.43756346489528,5.44166761062366,3.15999993530666));
#7934=CARTESIAN_POINT('Ctrl Pts',(3.44476796717386,5.43335945034305,3.15999993854604));
#7935=CARTESIAN_POINT('Ctrl Pts',(3.45128101345103,5.42474274697844,3.15999993242642));
#7936=CARTESIAN_POINT('Ctrl Pts',(3.45799620269189,5.41585861023763,3.15999992611687));
#7937=CARTESIAN_POINT('Ctrl Pts',(3.46397741957979,5.40664567594207,3.15999990604933));
#7938=CARTESIAN_POINT('Ctrl Pts',(3.46927920648154,5.397130817046,3.15999987656881));
#7939=CARTESIAN_POINT('Ctrl Pts',(3.47465538476076,5.3874824515657,3.15999984667464));
#7940=CARTESIAN_POINT('Ctrl Pts',(3.47933379880156,5.37752255746762,3.15999980627469));
#7941=CARTESIAN_POINT('Ctrl Pts',(3.48333330614177,5.36724273216594,3.15999977720679));
#7942=CARTESIAN_POINT('Ctrl Pts',(3.48727626555461,5.35710825046913,3.15999974854987));
#7943=CARTESIAN_POINT('Ctrl Pts',(3.49055987842536,5.34666159929832,3.15999973358703));
#7944=CARTESIAN_POINT('Ctrl Pts',(3.49315571920682,5.33587685439598,3.15999975561997));
#7945=CARTESIAN_POINT('Ctrl Pts',(3.49563620726981,5.32557135677701,3.15999977667382));
#7946=CARTESIAN_POINT('Ctrl Pts',(3.49748875284646,5.31495601976565,3.15999983616982));
#7947=CARTESIAN_POINT('Ctrl Pts',(3.49864225564024,5.30400867058641,3.15999990235354));
#7948=CARTESIAN_POINT('Ctrl Pts',(3.49946749049804,5.29617675705156,3.15999994970245));
#7949=CARTESIAN_POINT('Ctrl Pts',(3.49993399115716,5.28817484506509,3.16));
#7950=CARTESIAN_POINT('Ctrl Pts',(3.5,5.28,3.16));
#7951=CARTESIAN_POINT('',(3.5,5.02,3.16));
#7952=CARTESIAN_POINT('',(3.5,3.972673633546,3.16));
#7953=CARTESIAN_POINT('',(3.26,4.78,3.16));
#7954=CARTESIAN_POINT('Ctrl Pts',(3.5,5.02,3.16));
#7955=CARTESIAN_POINT('Ctrl Pts',(3.49990509914507,5.0082470324853,3.16));
#7956=CARTESIAN_POINT('Ctrl Pts',(3.49897491255951,4.99680629434051,3.15999989650634));
#7957=CARTESIAN_POINT('Ctrl Pts',(3.49731377948023,4.98568063628812,3.15999980289557));
#7958=CARTESIAN_POINT('Ctrl Pts',(3.49559164331249,4.97414640199895,3.15999970584706));
#7959=CARTESIAN_POINT('Ctrl Pts',(3.49308393952045,4.96294947243457,3.15999961657051));
#7960=CARTESIAN_POINT('Ctrl Pts',(3.48985324328182,4.95207746955984,3.15999957044154));
#7961=CARTESIAN_POINT('Ctrl Pts',(3.48653973820375,4.94092679674097,3.15999952313021));
#7962=CARTESIAN_POINT('Ctrl Pts',(3.4824654283779,4.93011650459685,3.15999951848548));
#7963=CARTESIAN_POINT('Ctrl Pts',(3.47764420098031,4.91963857372943,3.15999954455629));
#7964=CARTESIAN_POINT('Ctrl Pts',(3.47286250566035,4.90924655757671,3.15999957041334));
#7965=CARTESIAN_POINT('Ctrl Pts',(3.46734536089484,4.89918023269936,3.15999962451201));
#7966=CARTESIAN_POINT('Ctrl Pts',(3.46106223272194,4.88945682956859,3.15999968233375));
#7967=CARTESIAN_POINT('Ctrl Pts',(3.45501044742059,4.88009143918874,3.15999973802651));
#7968=CARTESIAN_POINT('Ctrl Pts',(3.44824708125416,4.87104334879551,3.15999979638989));
#7969=CARTESIAN_POINT('Ctrl Pts',(3.44071638919457,4.86236601007525,3.15999984308367));
#7970=CARTESIAN_POINT('Ctrl Pts',(3.43718158782847,4.85829298882838,3.15999986500107));
#7971=CARTESIAN_POINT('Ctrl Pts',(3.43347739625307,4.85430228463092,3.15999988453014));
#7972=CARTESIAN_POINT('Ctrl Pts',(3.42959675056117,4.85040324943883,3.15999990121509));
#7973=CARTESIAN_POINT('Ctrl Pts',(3.42166761062367,4.84243653510469,3.15999993530666));
#7974=CARTESIAN_POINT('Ctrl Pts',(3.41335945034305,4.83523203282611,3.15999993854603));
#7975=CARTESIAN_POINT('Ctrl Pts',(3.40474274697844,4.82871898654894,3.15999993242642));
#7976=CARTESIAN_POINT('Ctrl Pts',(3.39585861023761,4.82200379730808,3.15999992611687));
#7977=CARTESIAN_POINT('Ctrl Pts',(3.38664567594204,4.81602258042018,3.15999990604933));
#7978=CARTESIAN_POINT('Ctrl Pts',(3.37713081704597,4.81072079351842,3.15999987656881));
#7979=CARTESIAN_POINT('Ctrl Pts',(3.36748245156565,4.80534461523921,3.15999984667464));
#7980=CARTESIAN_POINT('Ctrl Pts',(3.35752255746755,4.80066620119841,3.15999980627469));
#7981=CARTESIAN_POINT('Ctrl Pts',(3.34724273216586,4.7966666938582,3.15999977720679));
#7982=CARTESIAN_POINT('Ctrl Pts',(3.33710825046904,4.79272373444536,3.15999974854987));
#7983=CARTESIAN_POINT('Ctrl Pts',(3.32666159929821,4.78944012157461,3.15999973358703));
#7984=CARTESIAN_POINT('Ctrl Pts',(3.31587685439587,4.78684428079315,3.15999975561997));
#7985=CARTESIAN_POINT('Ctrl Pts',(3.30557135677688,4.78436379273017,3.15999977667382));
#7986=CARTESIAN_POINT('Ctrl Pts',(3.2949560197655,4.78251124715352,3.15999983616982));
#7987=CARTESIAN_POINT('Ctrl Pts',(3.28400867058626,4.78135774435974,3.15999990235354));
#7988=CARTESIAN_POINT('Ctrl Pts',(3.27617675705146,4.78053250950196,3.15999994970246));
#7989=CARTESIAN_POINT('Ctrl Pts',(3.26817484506504,4.78006600884284,3.16));
#7990=CARTESIAN_POINT('Ctrl Pts',(3.26,4.78,3.16));
#7991=CARTESIAN_POINT('',(2.42,4.78,3.16));
#7992=CARTESIAN_POINT('',(4.475,4.78,3.16));
#7993=CARTESIAN_POINT('Ctrl Pts',(2.42,4.78,3.16));
#7994=CARTESIAN_POINT('Ctrl Pts',(2.40824703248527,4.78009490085493,3.16));
#7995=CARTESIAN_POINT('Ctrl Pts',(2.39680629434044,4.78102508744049,3.15999989650634));
#7996=CARTESIAN_POINT('Ctrl Pts',(2.38568063628801,4.78268622051979,3.15999980289557));
#7997=CARTESIAN_POINT('Ctrl Pts',(2.3741464019988,4.78440835668754,3.15999970584706));
#7998=CARTESIAN_POINT('Ctrl Pts',(2.36294947243439,4.7869160604796,3.15999961657051));
#7999=CARTESIAN_POINT('Ctrl Pts',(2.35207746955963,4.79014675671825,3.15999957044155));
#8000=CARTESIAN_POINT('Ctrl Pts',(2.34092679674073,4.79346026179634,3.15999952313021));
#8001=CARTESIAN_POINT('Ctrl Pts',(2.33011650459657,4.79753457162223,3.15999951848548));
#8002=CARTESIAN_POINT('Ctrl Pts',(2.31963857372912,4.80235579901985,3.15999954455629));
#8003=CARTESIAN_POINT('Ctrl Pts',(2.30924655757636,4.80713749433985,3.15999957041334));
#8004=CARTESIAN_POINT('Ctrl Pts',(2.29918023269898,4.81265463910539,3.15999962451201));
#8005=CARTESIAN_POINT('Ctrl Pts',(2.28945682956818,4.81893776727835,3.15999968233375));
#8006=CARTESIAN_POINT('Ctrl Pts',(2.2800914391883,4.82498955257974,3.15999973802651));
#8007=CARTESIAN_POINT('Ctrl Pts',(2.27104334879506,4.83175291874621,3.15999979638989));
#8008=CARTESIAN_POINT('Ctrl Pts',(2.26236601007478,4.83928361080586,3.15999984308367));
#8009=CARTESIAN_POINT('Ctrl Pts',(2.25829298882807,4.84281841217183,3.15999986500107));
#8010=CARTESIAN_POINT('Ctrl Pts',(2.25430228463078,4.8465226037471,3.15999988453014));
#8011=CARTESIAN_POINT('Ctrl Pts',(2.25040324943884,4.85040324943884,3.15999990121509));
#8012=CARTESIAN_POINT('Ctrl Pts',(2.2424365351047,4.85833238937633,3.15999993530666));
#8013=CARTESIAN_POINT('Ctrl Pts',(2.23523203282612,4.86664054965695,3.15999993854604));
#8014=CARTESIAN_POINT('Ctrl Pts',(2.22871898654895,4.87525725302156,3.15999993242642));
#8015=CARTESIAN_POINT('Ctrl Pts',(2.2220037973081,4.88414138976238,3.15999992611687));
#8016=CARTESIAN_POINT('Ctrl Pts',(2.21602258042019,4.89335432405794,3.15999990604933));
#8017=CARTESIAN_POINT('Ctrl Pts',(2.21072079351844,4.90286918295401,3.15999987656881));
#8018=CARTESIAN_POINT('Ctrl Pts',(2.20534461523923,4.91251754843432,3.15999984667464));
#8019=CARTESIAN_POINT('Ctrl Pts',(2.20066620119843,4.92247744253241,3.15999980627469));
#8020=CARTESIAN_POINT('Ctrl Pts',(2.19666669385822,4.9327572678341,3.15999977720679));
#8021=CARTESIAN_POINT('Ctrl Pts',(2.19272373444538,4.94289174953092,3.15999974854987));
#8022=CARTESIAN_POINT('Ctrl Pts',(2.18944012157462,4.95333840070174,3.15999973358703));
#8023=CARTESIAN_POINT('Ctrl Pts',(2.18684428079317,4.96412314560408,3.15999975561997));
#8024=CARTESIAN_POINT('Ctrl Pts',(2.18436379273018,4.97442864322306,3.15999977667382));
#8025=CARTESIAN_POINT('Ctrl Pts',(2.18251124715353,4.98504398023444,3.15999983616982));
#8026=CARTESIAN_POINT('Ctrl Pts',(2.18135774435975,4.99599132941368,3.15999990235354));
#8027=CARTESIAN_POINT('Ctrl Pts',(2.18053250950196,5.0038232429485,3.15999994970246));
#8028=CARTESIAN_POINT('Ctrl Pts',(2.18006600884284,5.01182515493494,3.16));
#8029=CARTESIAN_POINT('Ctrl Pts',(2.18,5.02,3.16));
#8030=CARTESIAN_POINT('',(6.53,4.78,3.16));
#8031=CARTESIAN_POINT('',(5.69,4.78,3.16));
#8032=CARTESIAN_POINT('',(4.475,4.78,3.16));
#8033=CARTESIAN_POINT('',(5.45,5.02,3.16));
#8034=CARTESIAN_POINT('Ctrl Pts',(5.69,4.78,3.16));
#8035=CARTESIAN_POINT('Ctrl Pts',(5.67824703248529,4.78009490085492,3.16));
#8036=CARTESIAN_POINT('Ctrl Pts',(5.66680629434049,4.78102508744049,3.15999989650634));
#8037=CARTESIAN_POINT('Ctrl Pts',(5.65568063628809,4.78268622051977,3.15999980289557));
#8038=CARTESIAN_POINT('Ctrl Pts',(5.6441464019989,4.78440835668752,3.15999970584705));
#8039=CARTESIAN_POINT('Ctrl Pts',(5.63294947243451,4.78691606047957,3.15999961657051));
#8040=CARTESIAN_POINT('Ctrl Pts',(5.62207746955977,4.7901467567182,3.15999957044154));
#8041=CARTESIAN_POINT('Ctrl Pts',(5.61092679674089,4.79346026179628,3.1599995231302));
#8042=CARTESIAN_POINT('Ctrl Pts',(5.60011650459676,4.79753457162215,3.15999951848548));
#8043=CARTESIAN_POINT('Ctrl Pts',(5.58963857372933,4.80235579901974,3.15999954455629));
#8044=CARTESIAN_POINT('Ctrl Pts',(5.5792465575766,4.80713749433972,3.15999957041333));
#8045=CARTESIAN_POINT('Ctrl Pts',(5.56918023269924,4.81265463910524,3.15999962451201));
#8046=CARTESIAN_POINT('Ctrl Pts',(5.55945682956845,4.81893776727816,3.15999968233374));
#8047=CARTESIAN_POINT('Ctrl Pts',(5.55009143918859,4.82498955257952,3.1599997380265));
#8048=CARTESIAN_POINT('Ctrl Pts',(5.54104334879536,4.83175291874596,3.15999979638989));
#8049=CARTESIAN_POINT('Ctrl Pts',(5.5323660100751,4.83928361080558,3.15999984308366));
#8050=CARTESIAN_POINT('Ctrl Pts',(5.52829298882828,4.84281841217163,3.15999986500107));
#8051=CARTESIAN_POINT('Ctrl Pts',(5.52430228463087,4.84652260374699,3.15999988453014));
#8052=CARTESIAN_POINT('Ctrl Pts',(5.52040324943883,4.85040324943883,3.15999990121509));
#8053=CARTESIAN_POINT('Ctrl Pts',(5.5124365351047,4.85833238937632,3.15999993530665));
#8054=CARTESIAN_POINT('Ctrl Pts',(5.50523203282613,4.86664054965693,3.15999993854603));
#8055=CARTESIAN_POINT('Ctrl Pts',(5.49871898654896,4.87525725302154,3.15999993242641));
#8056=CARTESIAN_POINT('Ctrl Pts',(5.4920037973081,4.88414138976236,3.15999992611686));
#8057=CARTESIAN_POINT('Ctrl Pts',(5.4860225804202,4.89335432405792,3.15999990604933));
#8058=CARTESIAN_POINT('Ctrl Pts',(5.48072079351845,4.90286918295399,3.15999987656881));
#8059=CARTESIAN_POINT('Ctrl Pts',(5.47534461523924,4.9125175484343,3.15999984667464));
#8060=CARTESIAN_POINT('Ctrl Pts',(5.47066620119844,4.92247744253238,3.15999980627469));
#8061=CARTESIAN_POINT('Ctrl Pts',(5.46666669385823,4.93275726783406,3.15999977720679));
#8062=CARTESIAN_POINT('Ctrl Pts',(5.46272373444538,4.94289174953087,3.15999974854987));
#8063=CARTESIAN_POINT('Ctrl Pts',(5.45944012157463,4.9533384007017,3.15999973358703));
#8064=CARTESIAN_POINT('Ctrl Pts',(5.45684428079317,4.96412314560403,3.15999975561997));
#8065=CARTESIAN_POINT('Ctrl Pts',(5.45436379273019,4.974428643223,3.15999977667382));
#8066=CARTESIAN_POINT('Ctrl Pts',(5.45251124715354,4.98504398023437,3.15999983616982));
#8067=CARTESIAN_POINT('Ctrl Pts',(5.45135774435975,4.99599132941361,3.15999990235354));
#8068=CARTESIAN_POINT('Ctrl Pts',(5.45053250950196,5.00382324294844,3.15999994970246));
#8069=CARTESIAN_POINT('Ctrl Pts',(5.45006600884284,5.0118251549349,3.16));
#8070=CARTESIAN_POINT('Ctrl Pts',(5.45,5.01999999999998,3.16));
#8071=CARTESIAN_POINT('',(5.45,5.28,3.16));
#8072=CARTESIAN_POINT('',(5.45,3.972673633546,3.16));
#8073=CARTESIAN_POINT('',(5.69,5.52,3.16));
#8074=CARTESIAN_POINT('Ctrl Pts',(5.45,5.27999999999999,3.16));
#8075=CARTESIAN_POINT('Ctrl Pts',(5.45009490085493,5.29175296751475,3.16));
#8076=CARTESIAN_POINT('Ctrl Pts',(5.4510250874405,5.3031937056596,3.15999989650634));
#8077=CARTESIAN_POINT('Ctrl Pts',(5.4526862205198,5.31431936371205,3.15999980289557));
#8078=CARTESIAN_POINT('Ctrl Pts',(5.45440835668756,5.3258535980013,3.15999970584705));
#8079=CARTESIAN_POINT('Ctrl Pts',(5.45691606047964,5.33705052756575,3.15999961657051));
#8080=CARTESIAN_POINT('Ctrl Pts',(5.46014675671831,5.34792253044054,3.15999957044154));
#8081=CARTESIAN_POINT('Ctrl Pts',(5.46346026179642,5.35907320325947,3.15999952313021));
#8082=CARTESIAN_POINT('Ctrl Pts',(5.46753457162233,5.36988349540366,3.15999951848548));
#8083=CARTESIAN_POINT('Ctrl Pts',(5.47235579901997,5.38036142627113,3.15999954455629));
#8084=CARTESIAN_POINT('Ctrl Pts',(5.47713749434,5.3907534424239,3.15999957041334));
#8085=CARTESIAN_POINT('Ctrl Pts',(5.48265463910557,5.4008197673013,3.15999962451201));
#8086=CARTESIAN_POINT('Ctrl Pts',(5.48893776727855,5.41054317043212,3.15999968233375));
#8087=CARTESIAN_POINT('Ctrl Pts',(5.49498955257998,5.41990856081201,3.15999973802651));
#8088=CARTESIAN_POINT('Ctrl Pts',(5.50175291874648,5.42895665120527,3.15999979638989));
#8089=CARTESIAN_POINT('Ctrl Pts',(5.50928361080617,5.43763398992555,3.15999984308367));
#8090=CARTESIAN_POINT('Ctrl Pts',(5.51281841217205,5.44170701117214,3.15999986500107));
#8091=CARTESIAN_POINT('Ctrl Pts',(5.51652260374721,5.44569771536933,3.15999988453014));
#8092=CARTESIAN_POINT('Ctrl Pts',(5.52040324943884,5.44959675056116,3.15999990121509));
#8093=CARTESIAN_POINT('Ctrl Pts',(5.52833238937634,5.45756346489529,3.15999993530666));
#8094=CARTESIAN_POINT('Ctrl Pts',(5.53664054965695,5.46476796717387,3.15999993854604));
#8095=CARTESIAN_POINT('Ctrl Pts',(5.54525725302156,5.47128101345104,3.15999993242642));
#8096=CARTESIAN_POINT('Ctrl Pts',(5.55414138976237,5.4779962026919,3.15999992611687));
#8097=CARTESIAN_POINT('Ctrl Pts',(5.56335432405793,5.48397741957979,3.15999990604933));
#8098=CARTESIAN_POINT('Ctrl Pts',(5.57286918295399,5.48927920648155,3.15999987656881));
#8099=CARTESIAN_POINT('Ctrl Pts',(5.5825175484343,5.49465538476076,3.15999984667464));
#8100=CARTESIAN_POINT('Ctrl Pts',(5.59247744253239,5.49933379880156,3.15999980627469));
#8101=CARTESIAN_POINT('Ctrl Pts',(5.60275726783407,5.50333330614177,3.15999977720679));
#8102=CARTESIAN_POINT('Ctrl Pts',(5.61289174953088,5.50727626555461,3.15999974854987));
#8103=CARTESIAN_POINT('Ctrl Pts',(5.6233384007017,5.51055987842536,3.15999973358703));
#8104=CARTESIAN_POINT('Ctrl Pts',(5.63412314560404,5.51315571920682,3.15999975561997));
#8105=CARTESIAN_POINT('Ctrl Pts',(5.64442864322301,5.51563620726981,3.15999977667382));
#8106=CARTESIAN_POINT('Ctrl Pts',(5.65504398023438,5.51748875284646,3.15999983616982));
#8107=CARTESIAN_POINT('Ctrl Pts',(5.66599132941362,5.51864225564025,3.15999990235354));
#8108=CARTESIAN_POINT('Ctrl Pts',(5.67382324294846,5.51946749049804,3.15999994970245));
#8109=CARTESIAN_POINT('Ctrl Pts',(5.68182515493492,5.51993399115716,3.16));
#8110=CARTESIAN_POINT('Ctrl Pts',(5.69,5.52,3.16));
#8111=CARTESIAN_POINT('',(6.53,5.52,3.16));
#8112=CARTESIAN_POINT('',(4.475,5.52,3.16));
#8113=CARTESIAN_POINT('',(6.77,5.28,3.16));
#8114=CARTESIAN_POINT('Ctrl Pts',(6.53,5.52,3.16));
#8115=CARTESIAN_POINT('Ctrl Pts',(6.54175296751482,5.51990509914507,3.16));
#8116=CARTESIAN_POINT('Ctrl Pts',(6.55319370565974,5.51897491255949,3.15999989650634));
#8117=CARTESIAN_POINT('Ctrl Pts',(6.56431936371225,5.51731377948017,3.15999980289557));
#8118=CARTESIAN_POINT('Ctrl Pts',(6.57585359800157,5.51559164331238,3.15999970584706));
#8119=CARTESIAN_POINT('Ctrl Pts',(6.58705052756608,5.51308393952028,3.15999961657051));
#8120=CARTESIAN_POINT('Ctrl Pts',(6.59792253044094,5.50985324328156,3.15999957044154));
#8121=CARTESIAN_POINT('Ctrl Pts',(6.60907320325994,5.50653973820341,3.15999952313021));
#8122=CARTESIAN_POINT('Ctrl Pts',(6.61988349540419,5.50246542837744,3.15999951848548));
#8123=CARTESIAN_POINT('Ctrl Pts',(6.63036142627173,5.49764420097973,3.15999954455629));
#8124=CARTESIAN_POINT('Ctrl Pts',(6.64075344242456,5.49286250565964,3.15999957041334));
#8125=CARTESIAN_POINT('Ctrl Pts',(6.65081976730201,5.48734536089399,3.15999962451201));
#8126=CARTESIAN_POINT('Ctrl Pts',(6.66054317043287,5.48106223272092,3.15999968233375));
#8127=CARTESIAN_POINT('Ctrl Pts',(6.6699085608128,5.47501044741942,3.15999973802651));
#8128=CARTESIAN_POINT('Ctrl Pts',(6.6789566512061,5.46824708125283,3.15999979638989));
#8129=CARTESIAN_POINT('Ctrl Pts',(6.68763398992641,5.46071638919305,3.15999984308367));
#8130=CARTESIAN_POINT('Ctrl Pts',(6.6917070111727,5.4571815878274,3.15999986500107));
#8131=CARTESIAN_POINT('Ctrl Pts',(6.69569771536959,5.45347739625249,3.15999988453014));
#8132=CARTESIAN_POINT('Ctrl Pts',(6.69959675056114,5.44959675056114,3.15999990121509));
#8133=CARTESIAN_POINT('Ctrl Pts',(6.70756346489527,5.44166761062366,3.15999993530666));
#8134=CARTESIAN_POINT('Ctrl Pts',(6.71476796717384,5.43335945034306,3.15999993854604));
#8135=CARTESIAN_POINT('Ctrl Pts',(6.72128101345101,5.42474274697846,3.15999993242642));
#8136=CARTESIAN_POINT('Ctrl Pts',(6.72799620269186,5.41585861023765,3.15999992611687));
#8137=CARTESIAN_POINT('Ctrl Pts',(6.73397741957976,5.40664567594211,3.15999990604933));
#8138=CARTESIAN_POINT('Ctrl Pts',(6.73927920648151,5.39713081704605,3.15999987656881));
#8139=CARTESIAN_POINT('Ctrl Pts',(6.74465538476073,5.38748245156576,3.15999984667464));
#8140=CARTESIAN_POINT('Ctrl Pts',(6.74933379880152,5.37752255746768,3.15999980627469));
#8141=CARTESIAN_POINT('Ctrl Pts',(6.75333330614174,5.36724273216601,3.15999977720679));
#8142=CARTESIAN_POINT('Ctrl Pts',(6.75727626555458,5.35710825046921,3.15999974854987));
#8143=CARTESIAN_POINT('Ctrl Pts',(6.76055987842533,5.3466615992984,3.15999973358703));
#8144=CARTESIAN_POINT('Ctrl Pts',(6.7631557192068,5.33587685439608,3.15999975561997));
#8145=CARTESIAN_POINT('Ctrl Pts',(6.76563620726978,5.32557135677712,3.15999977667382));
#8146=CARTESIAN_POINT('Ctrl Pts',(6.76748875284644,5.31495601976576,3.15999983616982));
#8147=CARTESIAN_POINT('Ctrl Pts',(6.76864225564023,5.30400867058653,3.15999990235354));
#8148=CARTESIAN_POINT('Ctrl Pts',(6.76946749049803,5.29617675705165,3.15999994970245));
#8149=CARTESIAN_POINT('Ctrl Pts',(6.76993399115716,5.28817484506514,3.16));
#8150=CARTESIAN_POINT('Ctrl Pts',(6.77,5.28,3.16));
#8151=CARTESIAN_POINT('',(6.77,5.02,3.16));
#8152=CARTESIAN_POINT('',(6.77,3.972673633546,3.16));
#8153=CARTESIAN_POINT('Ctrl Pts',(6.77,5.02,3.16));
#8154=CARTESIAN_POINT('Ctrl Pts',(6.76990509914507,5.00824703248531,3.16));
#8155=CARTESIAN_POINT('Ctrl Pts',(6.76897491255951,4.99680629434054,3.15999989650634));
#8156=CARTESIAN_POINT('Ctrl Pts',(6.76731377948024,4.98568063628816,3.15999980289557));
#8157=CARTESIAN_POINT('Ctrl Pts',(6.7655916433125,4.97414640199899,3.15999970584705));
#8158=CARTESIAN_POINT('Ctrl Pts',(6.76308393952047,4.96294947243462,3.15999961657051));
#8159=CARTESIAN_POINT('Ctrl Pts',(6.75985324328184,4.95207746955991,3.15999957044154));
#8160=CARTESIAN_POINT('Ctrl Pts',(6.75653973820379,4.94092679674105,3.15999952313021));
#8161=CARTESIAN_POINT('Ctrl Pts',(6.75246542837794,4.93011650459694,3.15999951848548));
#8162=CARTESIAN_POINT('Ctrl Pts',(6.74764420098036,4.91963857372953,3.15999954455629));
#8163=CARTESIAN_POINT('Ctrl Pts',(6.74286250566041,4.90924655757682,3.15999957041334));
#8164=CARTESIAN_POINT('Ctrl Pts',(6.73734536089492,4.89918023269948,3.15999962451201));
#8165=CARTESIAN_POINT('Ctrl Pts',(6.73106223272203,4.88945682956872,3.15999968233375));
#8166=CARTESIAN_POINT('Ctrl Pts',(6.7250104474207,4.88009143918888,3.15999973802651));
#8167=CARTESIAN_POINT('Ctrl Pts',(6.71824708125429,4.87104334879565,3.15999979638989));
#8168=CARTESIAN_POINT('Ctrl Pts',(6.71071638919471,4.8623660100754,3.15999984308367));
#8169=CARTESIAN_POINT('Ctrl Pts',(6.70718158782857,4.85829298882847,3.15999986500107));
#8170=CARTESIAN_POINT('Ctrl Pts',(6.70347739625313,4.85430228463097,3.15999988453014));
#8171=CARTESIAN_POINT('Ctrl Pts',(6.69959675056118,4.85040324943883,3.15999990121509));
#8172=CARTESIAN_POINT('Ctrl Pts',(6.69166761062367,4.84243653510469,3.15999993530666));
#8173=CARTESIAN_POINT('Ctrl Pts',(6.68335945034305,4.83523203282611,3.15999993854604));
#8174=CARTESIAN_POINT('Ctrl Pts',(6.67474274697844,4.82871898654893,3.15999993242642));
#8175=CARTESIAN_POINT('Ctrl Pts',(6.66585861023761,4.82200379730807,3.15999992611687));
#8176=CARTESIAN_POINT('Ctrl Pts',(6.65664567594204,4.81602258042017,3.15999990604933));
#8177=CARTESIAN_POINT('Ctrl Pts',(6.64713081704596,4.81072079351842,3.15999987656881));
#8178=CARTESIAN_POINT('Ctrl Pts',(6.63748245156564,4.8053446152392,3.15999984667464));
#8179=CARTESIAN_POINT('Ctrl Pts',(6.62752255746754,4.8006662011984,3.15999980627469));
#8180=CARTESIAN_POINT('Ctrl Pts',(6.61724273216584,4.79666669385819,3.15999977720679));
#8181=CARTESIAN_POINT('Ctrl Pts',(6.60710825046902,4.79272373444535,3.15999974854987));
#8182=CARTESIAN_POINT('Ctrl Pts',(6.59666159929818,4.7894401215746,3.15999973358703));
#8183=CARTESIAN_POINT('Ctrl Pts',(6.58587685439584,4.78684428079314,3.15999975561997));
#8184=CARTESIAN_POINT('Ctrl Pts',(6.57557135677685,4.78436379273016,3.15999977667382));
#8185=CARTESIAN_POINT('Ctrl Pts',(6.56495601976546,4.78251124715351,3.15999983616982));
#8186=CARTESIAN_POINT('Ctrl Pts',(6.55400867058621,4.78135774435974,3.15999990235354));
#8187=CARTESIAN_POINT('Ctrl Pts',(6.54617675705143,4.78053250950196,3.15999994970245));
#8188=CARTESIAN_POINT('Ctrl Pts',(6.53817484506502,4.78006600884284,3.16));
#8189=CARTESIAN_POINT('Ctrl Pts',(6.53,4.78,3.16));
#8190=CARTESIAN_POINT('Origin',(5.68999999999998,5.01999999999998,3.04000000000002));
#8191=CARTESIAN_POINT('',(5.69,4.9,3.04));
#8192=CARTESIAN_POINT('Origin',(5.69,4.78,3.04));
#8193=CARTESIAN_POINT('',(5.57,5.02,3.04));
#8194=CARTESIAN_POINT('Origin',(5.69,5.02,3.04));
#8195=CARTESIAN_POINT('Origin',(5.45,5.02,3.04));
#8196=CARTESIAN_POINT('Origin',(6.65,4.78,3.04));
#8197=CARTESIAN_POINT('',(6.53,4.9,3.04));
#8198=CARTESIAN_POINT('Origin',(6.53,4.78,3.04));
#8199=CARTESIAN_POINT('',(6.65,4.9,3.04));
#8200=CARTESIAN_POINT('Origin',(6.52999999999999,5.02000000000001,3.04));
#8201=CARTESIAN_POINT('',(6.65,5.02,3.04));
#8202=CARTESIAN_POINT('Origin',(6.77,5.02,3.04));
#8203=CARTESIAN_POINT('Origin',(6.53,5.02,3.04));
#8204=CARTESIAN_POINT('Origin',(6.77,5.4,3.04));
#8205=CARTESIAN_POINT('',(6.65,5.28,3.04));
#8206=CARTESIAN_POINT('Origin',(6.77,5.28,3.04));
#8207=CARTESIAN_POINT('',(6.65,5.4,3.04));
#8208=CARTESIAN_POINT('Origin',(6.53000000000001,5.28000000000001,3.04));
#8209=CARTESIAN_POINT('',(6.53,5.4,3.04));
#8210=CARTESIAN_POINT('Origin',(6.53,5.52,3.04));
#8211=CARTESIAN_POINT('Origin',(6.53,5.28,3.04));
#8212=CARTESIAN_POINT('Origin',(5.57,5.52,3.04));
#8213=CARTESIAN_POINT('',(5.69,5.4,3.04));
#8214=CARTESIAN_POINT('Origin',(5.69,5.52,3.04));
#8215=CARTESIAN_POINT('',(5.57,5.4,3.04));
#8216=CARTESIAN_POINT('Origin',(5.69,5.28,3.03999999999999));
#8217=CARTESIAN_POINT('',(5.57,5.28,3.04));
#8218=CARTESIAN_POINT('Origin',(5.45,5.28,3.04));
#8219=CARTESIAN_POINT('Origin',(5.69,5.28,3.04));
#8220=CARTESIAN_POINT('Origin',(5.45,4.9,3.04));
#8221=CARTESIAN_POINT('',(5.57,4.9,3.04));
#8222=CARTESIAN_POINT('Origin',(1.92,7.1,2.86));
#8223=CARTESIAN_POINT('',(1.92,6.5,2.86));
#8224=CARTESIAN_POINT('',(1.92,6.5,2.86));
#8225=CARTESIAN_POINT('',(1.92,7.1,2.86));
#8226=CARTESIAN_POINT('',(1.92,3.972673633546,2.86));
#8227=CARTESIAN_POINT('',(1.92,7.1,2.86));
#8228=CARTESIAN_POINT('Origin',(2.12,6.5,2.86));
#8229=CARTESIAN_POINT('',(2.12,6.3,2.86));
#8230=CARTESIAN_POINT('',(2.12,6.3,2.86));
#8231=CARTESIAN_POINT('Origin',(2.12,6.5,2.86));
#8232=CARTESIAN_POINT('Origin',(2.12,6.3,2.86));
#8233=CARTESIAN_POINT('',(3.17,6.3,2.86));
#8234=CARTESIAN_POINT('',(3.17,6.3,2.86));
#8235=CARTESIAN_POINT('',(4.475,6.3,2.86));
#8236=CARTESIAN_POINT('Origin',(3.17,6.5,2.86));
#8237=CARTESIAN_POINT('',(3.17,6.7,2.86));
#8238=CARTESIAN_POINT('',(3.17,6.7,2.86));
#8239=CARTESIAN_POINT('Origin',(3.17,6.5,2.86));
#8240=CARTESIAN_POINT('Origin',(3.17,6.7,2.36));
#8241=CARTESIAN_POINT('',(2.76999999999981,7.3,3.05282032302767));
#8242=CARTESIAN_POINT('',(2.76999999999981,6.7,3.05282032302767));
#8243=CARTESIAN_POINT('',(2.77000000000019,6.7,3.05282032302766));
#8244=CARTESIAN_POINT('Origin',(3.17,6.7,2.36));
#8245=CARTESIAN_POINT('Origin',(3.17,7.3,2.36));
#8246=CARTESIAN_POINT('Origin',(4.475,7.3,2.970153820134));
#8247=CARTESIAN_POINT('',(6.28980762113508,7.3,2.64301270189213));
#8248=CARTESIAN_POINT('',(6.03000000000012,7.3,2.79301270189204));
#8249=CARTESIAN_POINT('',(6.289807621135,7.3,2.643012701892));
#8250=CARTESIAN_POINT('',(5.78,7.3,2.86));
#8251=CARTESIAN_POINT('Origin',(5.78,7.3,2.36));
#8252=CARTESIAN_POINT('',(3.17,7.3,2.86));
#8253=CARTESIAN_POINT('',(4.475,7.3,2.86));
#8254=CARTESIAN_POINT('',(2.9199999999999,7.3,2.793012701892));
#8255=CARTESIAN_POINT('Origin',(3.17,7.3,2.36));
#8256=CARTESIAN_POINT('',(2.660192378865,7.3,2.643012701892));
#8257=CARTESIAN_POINT('',(2.92,7.3,2.793012701892));
#8258=CARTESIAN_POINT('',(2.51019237886475,7.3,2.90282032302803));
#8259=CARTESIAN_POINT('',(2.660192378865,7.3,2.643012701892));
#8260=CARTESIAN_POINT('',(2.510192378865,7.3,2.902820323028));
#8261=CARTESIAN_POINT('',(6.18000000000019,7.3,3.05282032302767));
#8262=CARTESIAN_POINT('Origin',(5.78,7.3,2.36));
#8263=CARTESIAN_POINT('',(6.43980762113517,7.3,2.9028203230279));
#8264=CARTESIAN_POINT('',(6.18,7.3,3.052820323028));
#8265=CARTESIAN_POINT('',(6.439807621135,7.3,2.902820323028));
#8266=CARTESIAN_POINT('Origin',(5.78,6.7,2.36));
#8267=CARTESIAN_POINT('',(6.1800000000001,6.7,3.05282032302777));
#8268=CARTESIAN_POINT('Origin',(5.78,6.7,2.36));
#8269=CARTESIAN_POINT('',(6.17999999999981,6.7,3.05282032302766));
#8270=CARTESIAN_POINT('Origin',(6.83,6.3,2.86));
#8271=CARTESIAN_POINT('',(6.83,6.3,2.86));
#8272=CARTESIAN_POINT('',(6.83,6.3,2.86));
#8273=CARTESIAN_POINT('',(6.83,6.3,2.86));
#8274=CARTESIAN_POINT('Origin',(6.83,6.5,2.86));
#8275=CARTESIAN_POINT('',(7.03,6.5,2.86));
#8276=CARTESIAN_POINT('',(7.03,6.5,2.86));
#8277=CARTESIAN_POINT('Origin',(6.83,6.5,2.86));
#8278=CARTESIAN_POINT('Origin',(7.03,7.1,2.86));
#8279=CARTESIAN_POINT('',(7.03,7.1,2.86));
#8280=CARTESIAN_POINT('',(7.03,7.1,2.86));
#8281=CARTESIAN_POINT('',(7.03,7.1,2.86));
#8282=CARTESIAN_POINT('Origin',(7.23,7.1,2.86));
#8283=CARTESIAN_POINT('',(7.23,7.3,2.86));
#8284=CARTESIAN_POINT('',(7.23,7.3,2.86));
#8285=CARTESIAN_POINT('Origin',(7.23,7.1,2.86));
#8286=CARTESIAN_POINT('Origin',(7.675001092343,7.3,2.992001040037));
#8287=CARTESIAN_POINT('',(8.16999999989597,7.3,3.05146968073392));
#8288=CARTESIAN_POINT('Origin',(7.65,7.3,1.86));
#8289=CARTESIAN_POINT('',(8.04999999995989,7.3,2.77651513911809));
#8290=CARTESIAN_POINT('',(8.169999999896,7.3,3.051469680734));
#8291=CARTESIAN_POINT('',(7.65,7.3,2.86));
#8292=CARTESIAN_POINT('Origin',(7.65,7.3,1.86));
#8293=CARTESIAN_POINT('',(7.675001092343,7.3,2.86));
#8294=CARTESIAN_POINT('Origin',(7.65,0.,1.86));
#8295=CARTESIAN_POINT('',(8.16999999989588,6.6,3.05146968073396));
#8296=CARTESIAN_POINT('',(8.16999999989597,0.,3.05146968073392));
#8297=CARTESIAN_POINT('',(8.95,0.,1.86));
#8298=CARTESIAN_POINT('Origin',(7.65,0.,1.86));
#8299=CARTESIAN_POINT('',(8.95,6.6,1.86));
#8300=CARTESIAN_POINT('',(8.95,0.,1.86));
#8301=CARTESIAN_POINT('Origin',(7.65,6.6,1.86));
#8302=CARTESIAN_POINT('Origin',(4.475,0.,1.58));
#8303=CARTESIAN_POINT('',(4.18,0.,0.195));
#8304=CARTESIAN_POINT('',(4.18,3.93333333333334E-35,-1.46224845196394E-16));
#8305=CARTESIAN_POINT('',(4.18,0.,1.58));
#8306=CARTESIAN_POINT('',(7.65,0.,-1.0842021724855E-16));
#8307=CARTESIAN_POINT('',(4.475,0.,0.));
#8308=CARTESIAN_POINT('',(8.95,0.,1.3));
#8309=CARTESIAN_POINT('Origin',(7.65,0.,1.3));
#8310=CARTESIAN_POINT('',(8.95,0.,1.58));
#8311=CARTESIAN_POINT('',(-1.0842021724855E-16,0.,1.86));
#8312=CARTESIAN_POINT('Origin',(1.3,0.,1.86));
#8313=CARTESIAN_POINT('',(-7.53374884534003E-18,0.,1.3));
#8314=CARTESIAN_POINT('',(1.4594111758832E-16,0.,0.899827015978));
#8315=CARTESIAN_POINT('',(1.3,0.,-2.16840434497101E-16));
#8316=CARTESIAN_POINT('Origin',(1.3,0.,1.3));
#8317=CARTESIAN_POINT('',(4.17,0.,0.));
#8318=CARTESIAN_POINT('',(4.475,0.,0.));
#8319=CARTESIAN_POINT('',(4.17,6.53596088114492E-17,0.195));
#8320=CARTESIAN_POINT('',(4.17,0.,1.58));
#8321=CARTESIAN_POINT('',(1.3,0.,0.194999999973843));
#8322=CARTESIAN_POINT('',(4.475,0.,0.195));
#8323=CARTESIAN_POINT('',(0.195,0.,1.3));
#8324=CARTESIAN_POINT('Origin',(1.3,0.,1.3));
#8325=CARTESIAN_POINT('',(0.194999999976394,2.8421709430404E-11,1.86));
#8326=CARTESIAN_POINT('',(0.195,0.,1.58));
#8327=CARTESIAN_POINT('',(1.3,2.8421709430404E-11,2.96499999998359));
#8328=CARTESIAN_POINT('Origin',(1.3,5.6843418860808E-11,1.86));
#8329=CARTESIAN_POINT('',(7.65,2.8421709430404E-11,2.9650000000163));
#8330=CARTESIAN_POINT('',(4.475,0.,2.965));
#8331=CARTESIAN_POINT('',(8.75499999998359,2.8421709430404E-11,1.86));
#8332=CARTESIAN_POINT('Origin',(7.65,5.6843418860808E-11,1.86));
#8333=CARTESIAN_POINT('',(8.75500000001391,2.8421709430404E-11,1.3));
#8334=CARTESIAN_POINT('',(8.755,0.,1.58));
#8335=CARTESIAN_POINT('',(7.65,2.84217152988204E-11,0.195000000016409));
#8336=CARTESIAN_POINT('Origin',(7.65,5.6843418860808E-11,1.3));
#8337=CARTESIAN_POINT('',(4.475,0.,0.195));
#8338=CARTESIAN_POINT('Origin',(1.3,7.3,1.86));
#8339=CARTESIAN_POINT('',(1.0842021724855E-16,6.6,1.86));
#8340=CARTESIAN_POINT('',(0.,7.3,1.86));
#8341=CARTESIAN_POINT('',(0.780000000000176,7.3,3.0514696806886));
#8342=CARTESIAN_POINT('Origin',(1.3,7.3,1.86));
#8343=CARTESIAN_POINT('',(0.780000000000177,6.6,3.0514696806886));
#8344=CARTESIAN_POINT('',(0.780000000000177,7.3,3.0514696806886));
#8345=CARTESIAN_POINT('Origin',(1.3,6.6,1.86));
#8346=CARTESIAN_POINT('Origin',(1.274998907576,7.3,2.992001040008));
#8347=CARTESIAN_POINT('',(1.72,7.3,2.86));
#8348=CARTESIAN_POINT('',(1.72,7.3,2.992001040008));
#8349=CARTESIAN_POINT('',(1.3,7.3,2.86));
#8350=CARTESIAN_POINT('',(1.274998907576,7.3,2.86));
#8351=CARTESIAN_POINT('',(0.900000000000097,7.3,2.77651513899113));
#8352=CARTESIAN_POINT('Origin',(1.3,7.3,1.86));
#8353=CARTESIAN_POINT('',(0.9,7.3,2.776515138991));
#8354=CARTESIAN_POINT('Origin',(1.72,7.1,2.86));
#8355=CARTESIAN_POINT('Origin',(1.72,7.1,2.86));
#8356=CARTESIAN_POINT('Origin',(2.42,5.28,3.03999999999999));
#8357=CARTESIAN_POINT('',(2.3,5.28,3.04));
#8358=CARTESIAN_POINT('Origin',(2.18,5.28,3.04));
#8359=CARTESIAN_POINT('',(2.42,5.4,3.04));
#8360=CARTESIAN_POINT('Origin',(2.42,5.28,3.04));
#8361=CARTESIAN_POINT('Origin',(2.42,5.52,3.04));
#8362=CARTESIAN_POINT('Origin',(2.18,4.9,3.04));
#8363=CARTESIAN_POINT('',(2.3,5.02,3.04));
#8364=CARTESIAN_POINT('Origin',(2.18,5.02,3.04));
#8365=CARTESIAN_POINT('',(2.3,4.9,3.04));
#8366=CARTESIAN_POINT('Origin',(2.42000000000001,5.02,3.04));
#8367=CARTESIAN_POINT('',(2.42,4.9,3.04));
#8368=CARTESIAN_POINT('Origin',(2.42,4.78,3.04));
#8369=CARTESIAN_POINT('Origin',(2.42,5.02,3.04));
#8370=CARTESIAN_POINT('Origin',(3.38,4.78,3.04));
#8371=CARTESIAN_POINT('',(3.26,4.9,3.04));
#8372=CARTESIAN_POINT('Origin',(3.26,4.78,3.04));
#8373=CARTESIAN_POINT('',(3.38,4.9,3.04));
#8374=CARTESIAN_POINT('Origin',(3.26000000000001,5.01999999999999,3.04000000000001));
#8375=CARTESIAN_POINT('',(3.38,5.02,3.04));
#8376=CARTESIAN_POINT('Origin',(3.5,5.02,3.04));
#8377=CARTESIAN_POINT('Origin',(3.26,5.02,3.04));
#8378=CARTESIAN_POINT('Origin',(3.5,5.4,3.04));
#8379=CARTESIAN_POINT('',(3.38,5.28,3.04));
#8380=CARTESIAN_POINT('Origin',(3.5,5.28,3.04));
#8381=CARTESIAN_POINT('',(3.38,5.4,3.04));
#8382=CARTESIAN_POINT('Origin',(3.26,5.28,3.04));
#8383=CARTESIAN_POINT('',(3.26,5.4,3.04));
#8384=CARTESIAN_POINT('Origin',(3.26,5.52,3.04));
#8385=CARTESIAN_POINT('Origin',(3.26,5.28,3.04));
#8386=CARTESIAN_POINT('Origin',(2.3,5.52,3.04));
#8387=CARTESIAN_POINT('',(2.3,5.4,3.04));
#8388=CARTESIAN_POINT('Origin',(5.69,5.02,2.91));
#8389=CARTESIAN_POINT('',(5.57,5.02,3.03));
#8390=CARTESIAN_POINT('',(5.57,5.02,2.91));
#8391=CARTESIAN_POINT('',(5.69,4.9,3.03));
#8392=CARTESIAN_POINT('',(5.69,4.9,2.91));
#8393=CARTESIAN_POINT('Origin',(5.69,5.02,3.03));
#8394=CARTESIAN_POINT('Origin',(6.65,4.9,2.86));
#8395=CARTESIAN_POINT('',(6.53,4.9,3.03));
#8396=CARTESIAN_POINT('',(6.65,4.9,3.03));
#8397=CARTESIAN_POINT('',(6.53,4.9,2.86));
#8398=CARTESIAN_POINT('Origin',(6.53,5.02,2.91));
#8399=CARTESIAN_POINT('',(6.65,5.01999999999847,3.03));
#8400=CARTESIAN_POINT('',(6.65,5.02,2.91));
#8401=CARTESIAN_POINT('Origin',(6.53,5.02,3.03));
#8402=CARTESIAN_POINT('Origin',(6.65,5.4,2.86));
#8403=CARTESIAN_POINT('',(6.65,5.28,3.03));
#8404=CARTESIAN_POINT('',(6.65,5.4,3.03));
#8405=CARTESIAN_POINT('',(6.65,5.28,2.86));
#8406=CARTESIAN_POINT('Origin',(6.53,5.28,2.91));
#8407=CARTESIAN_POINT('',(6.53,5.4,3.03));
#8408=CARTESIAN_POINT('',(6.53,5.4,2.91));
#8409=CARTESIAN_POINT('Origin',(6.53,5.28,3.03));
#8410=CARTESIAN_POINT('Origin',(5.57,5.4,2.86));
#8411=CARTESIAN_POINT('',(5.69,5.4,3.03));
#8412=CARTESIAN_POINT('',(5.57,5.4,3.03));
#8413=CARTESIAN_POINT('',(5.69,5.4,2.86));
#8414=CARTESIAN_POINT('Origin',(5.69,5.28,2.91));
#8415=CARTESIAN_POINT('',(5.57,5.28,3.03));
#8416=CARTESIAN_POINT('',(5.57,5.28,2.91));
#8417=CARTESIAN_POINT('Origin',(5.69,5.28,3.03));
#8418=CARTESIAN_POINT('Origin',(5.57,4.9,2.86));
#8419=CARTESIAN_POINT('',(5.57,4.9,3.03));
#8420=CARTESIAN_POINT('Origin',(2.868285048599,6.7,2.921189062641));
#8421=CARTESIAN_POINT('',(2.51019237886483,6.7,2.9028203230279));
#8422=CARTESIAN_POINT('',(2.66019237886493,6.7,2.64301270189213));
#8423=CARTESIAN_POINT('',(2.510192378865,6.7,2.902820323028));
#8424=CARTESIAN_POINT('',(2.9199999999999,6.7,2.793012701892));
#8425=CARTESIAN_POINT('',(2.660192378865,6.7,2.643012701892));
#8426=CARTESIAN_POINT('Origin',(3.17,6.7,2.36));
#8427=CARTESIAN_POINT('',(2.77,6.7,3.052820323028));
#8428=CARTESIAN_POINT('Origin',(2.596794919243,7.,2.952820323028));
#8429=CARTESIAN_POINT('',(2.42358983848604,7.2,2.85282032302797));
#8430=CARTESIAN_POINT('Origin',(2.5101923788645,7.2,2.90282032302806));
#8431=CARTESIAN_POINT('',(2.42358983848615,6.8,2.85282032302786));
#8432=CARTESIAN_POINT('',(2.42358983848605,7.,2.85282032302791));
#8433=CARTESIAN_POINT('Origin',(2.51019237886465,6.8,2.9028203230278));
#8434=CARTESIAN_POINT('Origin',(5.78,7.3,2.36));
#8435=CARTESIAN_POINT('',(6.03000000000007,6.7,2.79301270189213));
#8436=CARTESIAN_POINT('',(6.0300000000001,7.3,2.79301270189217));
#8437=CARTESIAN_POINT('Origin',(5.78,6.7,2.36));
#8438=CARTESIAN_POINT('',(5.78,7.3,2.86));
#8439=CARTESIAN_POINT('Origin',(6.203205080757,7.,2.693012701892));
#8440=CARTESIAN_POINT('',(6.37641016151379,7.2,2.59301270189212));
#8441=CARTESIAN_POINT('Origin',(6.28980762113515,7.2,2.64301270189226));
#8442=CARTESIAN_POINT('',(6.3764101615139,6.8,2.59301270189183));
#8443=CARTESIAN_POINT('',(6.37641016151395,7.,2.59301270189191));
#8444=CARTESIAN_POINT('',(6.28980762113505,6.7,2.64301270189209));
#8445=CARTESIAN_POINT('Origin',(6.289807621135,6.8,2.643012701892));
#8446=CARTESIAN_POINT('',(6.203205080757,6.7,2.693012701892));
#8447=CARTESIAN_POINT('Origin',(6.289807621135,7.2,2.643012701892));
#8448=CARTESIAN_POINT('',(6.52641016151388,7.2,2.85282032302784));
#8449=CARTESIAN_POINT('',(6.37641016151343,7.2,2.59301270189198));
#8450=CARTESIAN_POINT('Origin',(6.43980762113535,7.2,2.9028203230278));
#8451=CARTESIAN_POINT('Origin',(6.353205080757,7.,2.952820323028));
#8452=CARTESIAN_POINT('',(6.4398076211353,6.7,2.90282032302812));
#8453=CARTESIAN_POINT('',(6.353205080757,6.7,2.952820323028));
#8454=CARTESIAN_POINT('',(6.52641016151417,6.8,2.8528203230279));
#8455=CARTESIAN_POINT('Origin',(6.4398076211355,6.8,2.90282032302806));
#8456=CARTESIAN_POINT('',(6.52641016151395,7.,2.85282032302791));
#8457=CARTESIAN_POINT('Origin',(2.660192378865,7.2,2.643012701892));
#8458=CARTESIAN_POINT('',(2.57358983848636,7.2,2.59301270189186));
#8459=CARTESIAN_POINT('Origin',(2.660192378865,7.2,2.643012701892));
#8460=CARTESIAN_POINT('',(2.57358983848657,7.2,2.59301270189198));
#8461=CARTESIAN_POINT('Origin',(2.746794919243,7.,2.693012701892));
#8462=CARTESIAN_POINT('',(2.91999999999995,7.,2.79301270189209));
#8463=CARTESIAN_POINT('',(2.57358983848621,6.8,2.59301270189212));
#8464=CARTESIAN_POINT('Origin',(2.66019237886485,6.8,2.64301270189226));
#8465=CARTESIAN_POINT('',(2.57358983848605,7.,2.59301270189191));
#8466=CARTESIAN_POINT('Origin',(3.17,7.3,2.36));
#8467=CARTESIAN_POINT('',(3.17,7.3,2.86));
#8468=CARTESIAN_POINT('Origin',(4.475,3.972673633546,2.86));
#8469=CARTESIAN_POINT('',(7.65,0.181865334830708,2.86000000001336));
#8470=CARTESIAN_POINT('',(7.65,3.972673633546,2.86));
#8471=CARTESIAN_POINT('',(1.3,0.181865334798621,2.86000000001375));
#8472=CARTESIAN_POINT('',(4.475,0.181865334795,2.86));
#8473=CARTESIAN_POINT('',(1.3,3.972673633546,2.86));
#8474=CARTESIAN_POINT('',(6.53,4.78,2.86));
#8475=CARTESIAN_POINT('',(5.69,4.78,2.86));
#8476=CARTESIAN_POINT('',(4.475,4.78,2.86));
#8477=CARTESIAN_POINT('',(6.77,5.02,2.86));
#8478=CARTESIAN_POINT('Origin',(6.53,5.02,2.86));
#8479=CARTESIAN_POINT('',(6.77,5.28,2.86));
#8480=CARTESIAN_POINT('',(6.77,3.972673633546,2.86));
#8481=CARTESIAN_POINT('',(6.53,5.52,2.86));
#8482=CARTESIAN_POINT('Origin',(6.53,5.28,2.86));
#8483=CARTESIAN_POINT('',(5.69,5.52,2.86));
#8484=CARTESIAN_POINT('',(4.475,5.52,2.86));
#8485=CARTESIAN_POINT('',(5.45,5.28,2.86));
#8486=CARTESIAN_POINT('Origin',(5.69,5.28,2.86));
#8487=CARTESIAN_POINT('',(5.45,5.02,2.86));
#8488=CARTESIAN_POINT('',(5.45,3.972673633546,2.86));
#8489=CARTESIAN_POINT('Origin',(5.69,5.02,2.86));
#8490=CARTESIAN_POINT('',(3.5,5.28,2.86));
#8491=CARTESIAN_POINT('',(3.5,5.02,2.86));
#8492=CARTESIAN_POINT('',(3.5,3.972673633546,2.86));
#8493=CARTESIAN_POINT('',(3.26,5.52,2.86));
#8494=CARTESIAN_POINT('Origin',(3.26,5.28,2.86));
#8495=CARTESIAN_POINT('',(2.42,5.52,2.86));
#8496=CARTESIAN_POINT('',(4.475,5.52,2.86));
#8497=CARTESIAN_POINT('',(2.18,5.28,2.86));
#8498=CARTESIAN_POINT('Origin',(2.42,5.28,2.86));
#8499=CARTESIAN_POINT('',(2.18,5.02,2.86));
#8500=CARTESIAN_POINT('',(2.18,3.972673633546,2.86));
#8501=CARTESIAN_POINT('',(2.42,4.78,2.86));
#8502=CARTESIAN_POINT('Origin',(2.42,5.02,2.86));
#8503=CARTESIAN_POINT('',(3.26,4.78,2.86));
#8504=CARTESIAN_POINT('',(4.475,4.78,2.86));
#8505=CARTESIAN_POINT('Origin',(3.26,5.02,2.86));
#8506=CARTESIAN_POINT('Origin',(6.081714951401,6.7,2.921189062641));
#8507=CARTESIAN_POINT('',(6.289807621135,6.7,2.643012701892));
#8508=CARTESIAN_POINT('Origin',(8.05,7.3,2.77651513921));
#8509=CARTESIAN_POINT('',(8.04999999995989,6.6,2.77651513911809));
#8510=CARTESIAN_POINT('',(8.05,6.6,2.77651513921));
#8511=CARTESIAN_POINT('',(8.05,7.3,2.77651513921));
#8512=CARTESIAN_POINT('Origin',(8.512283095496,6.6,2.372993772707));
#8513=CARTESIAN_POINT('',(8.95,6.6,1.725));
#8514=CARTESIAN_POINT('',(8.95,6.6,2.372993772707));
#8515=CARTESIAN_POINT('',(8.65,6.6,1.725));
#8516=CARTESIAN_POINT('',(8.512283095496,6.6,1.725));
#8517=CARTESIAN_POINT('',(8.65,6.6,1.86));
#8518=CARTESIAN_POINT('',(8.65,6.6,0.899827015978));
#8519=CARTESIAN_POINT('Origin',(7.65,6.6,1.86));
#8520=CARTESIAN_POINT('Origin',(8.95,4.050736030146,0.899827015978));
#8521=CARTESIAN_POINT('',(8.95,7.3,1.725));
#8522=CARTESIAN_POINT('',(8.95,4.050736030146,1.725));
#8523=CARTESIAN_POINT('',(8.95,1.85729490168754,1.30000000000007));
#8524=CARTESIAN_POINT('',(8.95,4.050736030146,1.3));
#8525=CARTESIAN_POINT('',(8.95,2.2,1.25));
#8526=CARTESIAN_POINT('Origin',(8.95,2.025,1.25));
#8527=CARTESIAN_POINT('',(8.95,2.2,-0.74));
#8528=CARTESIAN_POINT('',(8.95,2.2,0.899827015978));
#8529=CARTESIAN_POINT('',(8.95,2.5,-1.04));
#8530=CARTESIAN_POINT('Origin',(8.95,2.5,-0.74));
#8531=CARTESIAN_POINT('',(8.95,2.7,-1.04));
#8532=CARTESIAN_POINT('',(8.95,4.050736030146,-1.04));
#8533=CARTESIAN_POINT('',(8.95,3.,-0.74));
#8534=CARTESIAN_POINT('Origin',(8.95,2.7,-0.74));
#8535=CARTESIAN_POINT('',(8.95,3.,-0.25));
#8536=CARTESIAN_POINT('',(8.95,3.,0.899827015978));
#8537=CARTESIAN_POINT('',(8.95,3.2,-0.05));
#8538=CARTESIAN_POINT('Origin',(8.95,3.2,-0.25));
#8539=CARTESIAN_POINT('',(8.95,3.3,-0.05));
#8540=CARTESIAN_POINT('',(8.95,4.050736030146,-0.05));
#8541=CARTESIAN_POINT('',(8.95,3.5,0.15));
#8542=CARTESIAN_POINT('Origin',(8.95,3.3,0.15));
#8543=CARTESIAN_POINT('',(8.95,3.5,1.25));
#8544=CARTESIAN_POINT('',(8.95,3.5,0.899827015978));
#8545=CARTESIAN_POINT('',(8.95,3.84270509831246,1.30000000000007));
#8546=CARTESIAN_POINT('Origin',(8.95,3.675,1.25));
#8547=CARTESIAN_POINT('',(8.95,5.81562589031447,1.29999999999998));
#8548=CARTESIAN_POINT('',(8.95,4.050736030146,1.3));
#8549=CARTESIAN_POINT('',(8.95,6.26,1.25));
#8550=CARTESIAN_POINT('Origin',(8.95,6.035,1.25));
#8551=CARTESIAN_POINT('',(8.95,6.26,-0.69));
#8552=CARTESIAN_POINT('',(8.95,6.26,0.899827015978));
#8553=CARTESIAN_POINT('',(8.95,6.61,-1.04));
#8554=CARTESIAN_POINT('Origin',(8.95,6.61,-0.69));
#8555=CARTESIAN_POINT('',(8.95,6.95,-1.04));
#8556=CARTESIAN_POINT('',(8.95,4.050736030146,-1.04));
#8557=CARTESIAN_POINT('',(8.95,7.3,-0.69));
#8558=CARTESIAN_POINT('Origin',(8.95,6.95,-0.69));
#8559=CARTESIAN_POINT('',(8.95,7.3,0.899827015978));
#8560=CARTESIAN_POINT('Origin',(4.475,2.898352527302,-1.E-16));
#8561=CARTESIAN_POINT('',(6.68,2.15,-4.291705054604E-17));
#8562=CARTESIAN_POINT('',(6.98,1.85,0.));
#8563=CARTESIAN_POINT('Origin',(6.98,2.15,0.));
#8564=CARTESIAN_POINT('',(7.65,1.85,-1.960852527302E-17));
#8565=CARTESIAN_POINT('',(8.95,1.85,0.));
#8566=CARTESIAN_POINT('',(7.65,2.898352527302,-3.65E-17));
#8567=CARTESIAN_POINT('',(4.18,0.949999999995234,1.85504943829365E-19));
#8568=CARTESIAN_POINT('',(4.18,2.898352527302,-1.059E-16));
#8569=CARTESIAN_POINT('',(4.461185576472,1.11553594454722,0.));
#8570=CARTESIAN_POINT('Origin',(4.374779284806,0.940724752799,0.));
#8571=CARTESIAN_POINT('',(4.78,1.29999999999419,-7.87308894972725E-17));
#8572=CARTESIAN_POINT('Origin',(4.57261348854,1.29069194755,0.));
#8573=CARTESIAN_POINT('',(4.77999999999974,2.10000000000582,-1.86161048767528E-19));
#8574=CARTESIAN_POINT('',(4.78,2.898352527302,-9.39E-17));
#8575=CARTESIAN_POINT('',(4.48000000000244,2.29509972803462,0.));
#8576=CARTESIAN_POINT('Origin',(4.57261348854,2.10930805245,0.));
#8577=CARTESIAN_POINT('',(4.18,2.45000000000477,-6.21025554898694E-17));
#8578=CARTESIAN_POINT('Origin',(4.374779284806,2.459275247201,0.));
#8579=CARTESIAN_POINT('',(4.18000000000023,3.94999999999522,1.85504943829365E-19));
#8580=CARTESIAN_POINT('',(4.18,2.898352527302,-1.059E-16));
#8581=CARTESIAN_POINT('',(4.48000000000228,4.10490027196517,0.));
#8582=CARTESIAN_POINT('Origin',(4.374779284806,3.940724752799,0.));
#8583=CARTESIAN_POINT('',(4.78,4.29999999999419,-1.87308894972725E-17));
#8584=CARTESIAN_POINT('Origin',(4.57261348854,4.29069194755,0.));
#8585=CARTESIAN_POINT('',(4.77999999999974,5.10000000000582,-1.86161048767528E-19));
#8586=CARTESIAN_POINT('',(4.78,2.898352527302,-9.39E-17));
#8587=CARTESIAN_POINT('',(4.48000000000244,5.29509972803462,0.));
#8588=CARTESIAN_POINT('Origin',(4.57261348854,5.10930805245,0.));
#8589=CARTESIAN_POINT('',(4.18,5.45000000000477,-2.10255548986937E-18));
#8590=CARTESIAN_POINT('Origin',(4.374779284806,5.459275247201,0.));
#8591=CARTESIAN_POINT('',(4.18,5.81,1.056589890792E-17));
#8592=CARTESIAN_POINT('',(4.18,2.898352527302,-1.059E-16));
#8593=CARTESIAN_POINT('',(7.65,5.81,1.0842021724855E-16));
#8594=CARTESIAN_POINT('',(4.475,5.81,1.646589890792E-17));
#8595=CARTESIAN_POINT('',(7.65,3.85,3.91474726980004E-19));
#8596=CARTESIAN_POINT('',(7.65,2.898352527302,-3.65E-17));
#8597=CARTESIAN_POINT('',(6.98,3.85,0.));
#8598=CARTESIAN_POINT('',(6.98,3.85,0.));
#8599=CARTESIAN_POINT('',(6.68,3.55,-1.491705054604E-17));
#8600=CARTESIAN_POINT('Origin',(6.98,3.55,0.));
#8601=CARTESIAN_POINT('',(6.68,2.898352527302,-5.59E-17));
#8602=CARTESIAN_POINT('',(6.77,5.02,1.55948176649428E-17));
#8603=CARTESIAN_POINT('',(6.77,5.28,2.27710812429772E-17));
#8604=CARTESIAN_POINT('',(6.77,2.898352527302,-5.41E-17));
#8605=CARTESIAN_POINT('',(6.53,5.52,2.97592130319944E-17));
#8606=CARTESIAN_POINT('Ctrl Pts',(6.77,5.27999999999999,3.88578058618805E-16));
#8607=CARTESIAN_POINT('Ctrl Pts',(6.76990509914507,5.29175296751477,3.3265398658598E-16));
#8608=CARTESIAN_POINT('Ctrl Pts',(6.7689749125595,5.30319370565965,1.03493662614616E-7));
#8609=CARTESIAN_POINT('Ctrl Pts',(6.76731377948019,5.31431936371212,1.97104432858586E-7));
#8610=CARTESIAN_POINT('Ctrl Pts',(6.76559164331242,5.32585359800138,2.94152944587066E-7));
#8611=CARTESIAN_POINT('Ctrl Pts',(6.76308393952034,5.33705052756585,3.83429492549139E-7));
#8612=CARTESIAN_POINT('Ctrl Pts',(6.75985324328165,5.34792253044066,4.29558456818691E-7));
#8613=CARTESIAN_POINT('Ctrl Pts',(6.75653973820353,5.35907320325962,4.76869793466567E-7));
#8614=CARTESIAN_POINT('Ctrl Pts',(6.7524654283776,5.36988349540382,4.81514520986097E-7));
#8615=CARTESIAN_POINT('Ctrl Pts',(6.74764420097993,5.38036142627132,4.55443706692815E-7));
#8616=CARTESIAN_POINT('Ctrl Pts',(6.74286250565989,5.39075344242411,4.29586662331828E-7));
#8617=CARTESIAN_POINT('Ctrl Pts',(6.73734536089429,5.40081976730153,3.75487991591087E-7));
#8618=CARTESIAN_POINT('Ctrl Pts',(6.73106223272128,5.41054317043236,3.17666252511173E-7));
#8619=CARTESIAN_POINT('Ctrl Pts',(6.72501044741983,5.41990856081226,2.61973492307586E-7));
#8620=CARTESIAN_POINT('Ctrl Pts',(6.7182470812533,5.42895665120554,2.03610106776703E-7));
#8621=CARTESIAN_POINT('Ctrl Pts',(6.71071638919358,5.43763398992583,1.56916333829415E-7));
#8622=CARTESIAN_POINT('Ctrl Pts',(6.70718158782777,5.44170701117232,1.34998930876313E-7));
#8623=CARTESIAN_POINT('Ctrl Pts',(6.7034773962527,5.44569771536941,1.1546986010102E-7));
#8624=CARTESIAN_POINT('Ctrl Pts',(6.69959675056115,5.44959675056115,9.87849112926709E-8));
#8625=CARTESIAN_POINT('Ctrl Pts',(6.69166761062366,5.45756346489528,6.4693343943564E-8));
#8626=CARTESIAN_POINT('Ctrl Pts',(6.68335945034305,5.46476796717386,6.14539648077278E-8));
#8627=CARTESIAN_POINT('Ctrl Pts',(6.67474274697845,5.47128101345103,6.7573582479552E-8));
#8628=CARTESIAN_POINT('Ctrl Pts',(6.66585861023764,5.47799620269189,7.38831324196476E-8));
#8629=CARTESIAN_POINT('Ctrl Pts',(6.65664567594208,5.48397741957978,9.39506678672102E-8));
#8630=CARTESIAN_POINT('Ctrl Pts',(6.64713081704602,5.48927920648154,1.23431188311929E-7));
#8631=CARTESIAN_POINT('Ctrl Pts',(6.63748245156571,5.49465538476075,1.53325361090236E-7));
#8632=CARTESIAN_POINT('Ctrl Pts',(6.62752255746764,5.49933379880155,1.93725312474282E-7));
#8633=CARTESIAN_POINT('Ctrl Pts',(6.61724273216596,5.50333330614176,2.22793211615557E-7));
#8634=CARTESIAN_POINT('Ctrl Pts',(6.60710825046915,5.5072762655546,2.51450127775768E-7));
#8635=CARTESIAN_POINT('Ctrl Pts',(6.59666159929834,5.51055987842535,2.66412968523664E-7));
#8636=CARTESIAN_POINT('Ctrl Pts',(6.58587685439601,5.51315571920681,2.44380029906788E-7));
#8637=CARTESIAN_POINT('Ctrl Pts',(6.57557135677704,5.5156362072698,2.23326180371034E-7));
#8638=CARTESIAN_POINT('Ctrl Pts',(6.56495601976568,5.51748875284645,1.63830176395466E-7));
#8639=CARTESIAN_POINT('Ctrl Pts',(6.55400867058644,5.51864225564024,9.76464624991014E-8));
#8640=CARTESIAN_POINT('Ctrl Pts',(6.54617675705159,5.51946749049803,5.02975457736459E-8));
#8641=CARTESIAN_POINT('Ctrl Pts',(6.53817484506511,5.51993399115716,1.34251229683983E-16));
#8642=CARTESIAN_POINT('Ctrl Pts',(6.53,5.52,1.66533453693773E-16));
#8643=CARTESIAN_POINT('',(5.69,5.52,2.13592130319944E-17));
#8644=CARTESIAN_POINT('',(4.475,5.52,4.86589890792E-18));
#8645=CARTESIAN_POINT('',(5.45,5.28,7.1710812429772E-18));
#8646=CARTESIAN_POINT('Ctrl Pts',(5.69,5.52,-3.46944695195361E-16));
#8647=CARTESIAN_POINT('Ctrl Pts',(5.67824703248525,5.51990509914507,-1.5074009703775E-16));
#8648=CARTESIAN_POINT('Ctrl Pts',(5.6668062943404,5.5189749125595,1.03493662357381E-7));
#8649=CARTESIAN_POINT('Ctrl Pts',(5.65568063628796,5.5173137794802,1.97104432803075E-7));
#8650=CARTESIAN_POINT('Ctrl Pts',(5.64414640199872,5.51559164331244,2.94152944740712E-7));
#8651=CARTESIAN_POINT('Ctrl Pts',(5.63294947243428,5.51308393952037,3.8342949288952E-7));
#8652=CARTESIAN_POINT('Ctrl Pts',(5.62207746955949,5.5098532432817,4.29558457318291E-7));
#8653=CARTESIAN_POINT('Ctrl Pts',(5.61092679674056,5.5065397382036,4.76869794129459E-7));
#8654=CARTESIAN_POINT('Ctrl Pts',(5.60011650459638,5.50246542837769,4.81514521786399E-7));
#8655=CARTESIAN_POINT('Ctrl Pts',(5.58963857372891,5.49764420098005,4.55443707608749E-7));
#8656=CARTESIAN_POINT('Ctrl Pts',(5.57924655757614,5.49286250566003,4.29586663362442E-7));
#8657=CARTESIAN_POINT('Ctrl Pts',(5.56918023269875,5.48734536089446,3.75487992702009E-7));
#8658=CARTESIAN_POINT('Ctrl Pts',(5.55945682956793,5.48106223272148,3.17666253690785E-7));
#8659=CARTESIAN_POINT('Ctrl Pts',(5.55009143918805,5.47501044742007,2.61973493553361E-7));
#8660=CARTESIAN_POINT('Ctrl Pts',(5.54104334879479,5.46824708125356,2.03610108075962E-7));
#8661=CARTESIAN_POINT('Ctrl Pts',(5.53236601007451,5.46071638919388,1.56916335147805E-7));
#8662=CARTESIAN_POINT('Ctrl Pts',(5.52829298882789,5.45718158782799,1.3499893220302E-7));
#8663=CARTESIAN_POINT('Ctrl Pts',(5.52430228463069,5.45347739625281,1.15469861450181E-7));
#8664=CARTESIAN_POINT('Ctrl Pts',(5.52040324943885,5.44959675056116,9.87849126388163E-8));
#8665=CARTESIAN_POINT('Ctrl Pts',(5.51243653510471,5.44166761062367,6.46933452845059E-8));
#8666=CARTESIAN_POINT('Ctrl Pts',(5.50523203282613,5.43335945034306,6.14539661113728E-8));
#8667=CARTESIAN_POINT('Ctrl Pts',(5.49871898654896,5.42474274697845,6.75735837285529E-8));
#8668=CARTESIAN_POINT('Ctrl Pts',(5.49200379730811,5.41585861023763,7.38831336123105E-8));
#8669=CARTESIAN_POINT('Ctrl Pts',(5.4860225804202,5.40664567594207,9.3950668981625E-8));
#8670=CARTESIAN_POINT('Ctrl Pts',(5.48072079351845,5.397130817046,1.23431189325007E-7));
#8671=CARTESIAN_POINT('Ctrl Pts',(5.47534461523924,5.38748245156569,1.53325362000564E-7));
#8672=CARTESIAN_POINT('Ctrl Pts',(5.47066620119844,5.37752255746761,1.93725313259841E-7));
#8673=CARTESIAN_POINT('Ctrl Pts',(5.46666669385822,5.36724273216592,2.22793212253936E-7));
#8674=CARTESIAN_POINT('Ctrl Pts',(5.46272373444538,5.35710825046911,2.51450128269049E-7));
#8675=CARTESIAN_POINT('Ctrl Pts',(5.45944012157463,5.34666159929828,2.66412968852826E-7));
#8676=CARTESIAN_POINT('Ctrl Pts',(5.45684428079317,5.33587685439595,2.44380030045566E-7));
#8677=CARTESIAN_POINT('Ctrl Pts',(5.45436379273019,5.32557135677697,2.23326180327884E-7));
#8678=CARTESIAN_POINT('Ctrl Pts',(5.45251124715354,5.3149560197656,1.63830176150099E-7));
#8679=CARTESIAN_POINT('Ctrl Pts',(5.45135774435975,5.30400867058636,9.76464620272566E-8));
#8680=CARTESIAN_POINT('Ctrl Pts',(5.45053250950196,5.29617675705153,5.02975451399619E-8));
#8681=CARTESIAN_POINT('Ctrl Pts',(5.45006600884284,5.28817484506508,-6.92749860382618E-16));
#8682=CARTESIAN_POINT('Ctrl Pts',(5.45,5.28,-8.46545056276682E-16));
#8683=CARTESIAN_POINT('',(5.45,5.02,2.18294945395999E-18));
#8684=CARTESIAN_POINT('',(5.45,2.898352527302,-8.05E-17));
#8685=CARTESIAN_POINT('',(5.69,4.78,-1.41705054603998E-18));
#8686=CARTESIAN_POINT('Ctrl Pts',(5.45,5.02,-6.10622663543836E-16));
#8687=CARTESIAN_POINT('Ctrl Pts',(5.45009490085493,5.00824703248534,-4.75576537099573E-16));
#8688=CARTESIAN_POINT('Ctrl Pts',(5.45102508744048,4.99680629434058,1.03493661985764E-7));
#8689=CARTESIAN_POINT('Ctrl Pts',(5.45268622051975,4.98568063628823,1.97104432372863E-7));
#8690=CARTESIAN_POINT('Ctrl Pts',(5.45440835668748,4.97414640199908,2.9415294424972E-7));
#8691=CARTESIAN_POINT('Ctrl Pts',(5.45691606047951,4.96294947243474,3.83429492346538E-7));
#8692=CARTESIAN_POINT('Ctrl Pts',(5.46014675671811,4.95207746956005,4.29558456721546E-7));
#8693=CARTESIAN_POINT('Ctrl Pts',(5.46346026179615,4.94092679674121,4.76869793477588E-7));
#8694=CARTESIAN_POINT('Ctrl Pts',(5.46753457162199,4.93011650459712,4.81514521085121E-7));
#8695=CARTESIAN_POINT('Ctrl Pts',(5.47235579901954,4.91963857372973,4.55443706873226E-7));
#8696=CARTESIAN_POINT('Ctrl Pts',(5.47713749433947,4.90924655757704,4.29586662592946E-7));
#8697=CARTESIAN_POINT('Ctrl Pts',(5.48265463910494,4.89918023269971,3.7548799190336E-7));
#8698=CARTESIAN_POINT('Ctrl Pts',(5.48893776727781,4.88945682956895,3.17666252885873E-7));
#8699=CARTESIAN_POINT('Ctrl Pts',(5.49498955257912,4.88009143918913,2.6197349274241E-7));
#8700=CARTESIAN_POINT('Ctrl Pts',(5.5017529187455,4.87104334879591,2.03610107268786E-7));
#8701=CARTESIAN_POINT('Ctrl Pts',(5.50928361080505,4.86236601007567,1.56916334356771E-7));
#8702=CARTESIAN_POINT('Ctrl Pts',(5.51281841217126,4.85829298882865,1.34998931417254E-7));
#8703=CARTESIAN_POINT('Ctrl Pts',(5.51652260374679,4.85430228463105,1.15469860663194E-7));
#8704=CARTESIAN_POINT('Ctrl Pts',(5.52040324943882,4.85040324943882,9.87849118616602E-8));
#8705=CARTESIAN_POINT('Ctrl Pts',(5.52833238937633,4.84243653510468,6.46933445307301E-8));
#8706=CARTESIAN_POINT('Ctrl Pts',(5.53664054965695,4.8352320328261,6.14539653931913E-8));
#8707=CARTESIAN_POINT('Ctrl Pts',(5.54525725302157,4.82871898654892,6.75735830346635E-8));
#8708=CARTESIAN_POINT('Ctrl Pts',(5.5541413897624,4.82200379730806,7.38831329434688E-8));
#8709=CARTESIAN_POINT('Ctrl Pts',(5.56335432405797,4.81602258042016,9.3950668321489E-8));
#8710=CARTESIAN_POINT('Ctrl Pts',(5.57286918295405,4.81072079351841,1.23431188700507E-7));
#8711=CARTESIAN_POINT('Ctrl Pts',(5.58251754843438,4.80534461523919,1.5332536141222E-7));
#8712=CARTESIAN_POINT('Ctrl Pts',(5.59247744253248,4.80066620119839,1.93725312712416E-7));
#8713=CARTESIAN_POINT('Ctrl Pts',(5.60275726783418,4.79666669385818,2.22793211754335E-7));
#8714=CARTESIAN_POINT('Ctrl Pts',(5.61289174953101,4.79272373444534,2.51450127816614E-7));
#8715=CARTESIAN_POINT('Ctrl Pts',(5.62333840070185,4.78944012157459,2.66412968462283E-7));
#8716=CARTESIAN_POINT('Ctrl Pts',(5.6341231456042,4.78684428079313,2.44380029712499E-7));
#8717=CARTESIAN_POINT('Ctrl Pts',(5.64442864322319,4.78436379273015,2.23326180049731E-7));
#8718=CARTESIAN_POINT('Ctrl Pts',(5.65504398023458,4.78251124715351,1.63830175931907E-7));
#8719=CARTESIAN_POINT('Ctrl Pts',(5.66599132941383,4.78135774435973,9.76464618746009E-8));
#8720=CARTESIAN_POINT('Ctrl Pts',(5.6738232429486,4.78053250950195,5.02975450346111E-8));
#8721=CARTESIAN_POINT('Ctrl Pts',(5.68182515493499,4.78006600884284,-7.46016011411247E-16));
#8722=CARTESIAN_POINT('Ctrl Pts',(5.69,4.78,-8.46545056276682E-16));
#8723=CARTESIAN_POINT('',(6.53,4.78,1.40668587592561E-18));
#8724=CARTESIAN_POINT('',(4.475,4.78,-2.473410109208E-17));
#8725=CARTESIAN_POINT('Ctrl Pts',(6.53,4.78,1.66533453693773E-16));
#8726=CARTESIAN_POINT('Ctrl Pts',(6.54175296751478,4.78009490085492,1.21303550284744E-16));
#8727=CARTESIAN_POINT('Ctrl Pts',(6.55319370565965,4.7810250874405,1.03493662434209E-7));
#8728=CARTESIAN_POINT('Ctrl Pts',(6.56431936371213,4.78268622051981,1.97104432692052E-7));
#8729=CARTESIAN_POINT('Ctrl Pts',(6.57585359800139,4.78440835668758,2.94152944434908E-7));
#8730=CARTESIAN_POINT('Ctrl Pts',(6.58705052756586,4.78691606047966,3.83429492409405E-7));
#8731=CARTESIAN_POINT('Ctrl Pts',(6.59792253044067,4.79014675671835,4.2955845669379E-7));
#8732=CARTESIAN_POINT('Ctrl Pts',(6.60907320325962,4.79346026179647,4.76869793356875E-7));
#8733=CARTESIAN_POINT('Ctrl Pts',(6.61988349540383,4.7975345716224,4.81514520902796E-7));
#8734=CARTESIAN_POINT('Ctrl Pts',(6.63036142627132,4.80235579902007,4.55443706623426E-7));
#8735=CARTESIAN_POINT('Ctrl Pts',(6.64075344242411,4.80713749434011,4.29586662276238E-7));
#8736=CARTESIAN_POINT('Ctrl Pts',(6.65081976730152,4.81265463910571,3.75487991523515E-7));
#8737=CARTESIAN_POINT('Ctrl Pts',(6.66054317043235,4.81893776727872,3.17666252455662E-7));
#8738=CARTESIAN_POINT('Ctrl Pts',(6.66990856081226,4.82498955258016,2.61973492263689E-7));
#8739=CARTESIAN_POINT('Ctrl Pts',(6.67895665120553,4.8317529187467,2.03610106766332E-7));
#8740=CARTESIAN_POINT('Ctrl Pts',(6.68763398992582,4.83928361080641,1.56916333829415E-7));
#8741=CARTESIAN_POINT('Ctrl Pts',(6.69170701117232,4.84281841217222,1.34998930881152E-7));
#8742=CARTESIAN_POINT('Ctrl Pts',(6.69569771536941,4.8465226037473,1.15469860110216E-7));
#8743=CARTESIAN_POINT('Ctrl Pts',(6.69959675056115,4.85040324943885,9.87849113065487E-8));
#8744=CARTESIAN_POINT('Ctrl Pts',(6.70756346489528,4.85833238937634,6.46933439670619E-8));
#8745=CARTESIAN_POINT('Ctrl Pts',(6.71476796717386,4.86664054965694,6.14539648399346E-8));
#8746=CARTESIAN_POINT('Ctrl Pts',(6.72128101345103,4.87525725302155,6.75735825211854E-8));
#8747=CARTESIAN_POINT('Ctrl Pts',(6.72799620269188,4.88414138976236,7.38831324709997E-8));
#8748=CARTESIAN_POINT('Ctrl Pts',(6.73397741957978,4.89335432405791,9.39506679278941E-8));
#8749=CARTESIAN_POINT('Ctrl Pts',(6.73927920648153,4.90286918295397,1.23431188381318E-7));
#8750=CARTESIAN_POINT('Ctrl Pts',(6.74465538476074,4.91251754843427,1.5332536116846E-7));
#8751=CARTESIAN_POINT('Ctrl Pts',(6.74933379880154,4.92247744253235,1.93725312550604E-7));
#8752=CARTESIAN_POINT('Ctrl Pts',(6.75333330614175,4.93275726783402,2.22793211698824E-7));
#8753=CARTESIAN_POINT('Ctrl Pts',(6.75727626555459,4.94289174953083,2.51450127865884E-7));
#8754=CARTESIAN_POINT('Ctrl Pts',(6.76055987842535,4.95333840070164,2.66412968630221E-7));
#8755=CARTESIAN_POINT('Ctrl Pts',(6.76315571920681,4.96412314560397,2.4438003001781E-7));
#8756=CARTESIAN_POINT('Ctrl Pts',(6.76563620726979,4.97442864322294,2.23326180486324E-7));
#8757=CARTESIAN_POINT('Ctrl Pts',(6.76748875284645,4.9850439802343,1.63830176504044E-7));
#8758=CARTESIAN_POINT('Ctrl Pts',(6.76864225564024,4.99599132941353,9.76464626101237E-8));
#8759=CARTESIAN_POINT('Ctrl Pts',(6.76946749049803,5.00382324294839,5.02975458863742E-8));
#8760=CARTESIAN_POINT('Ctrl Pts',(6.76993399115716,5.01182515493488,2.57401245918643E-16));
#8761=CARTESIAN_POINT('Ctrl Pts',(6.77,5.01999999999999,2.91433543964104E-16));
#8762=CARTESIAN_POINT('Origin',(4.18,0.95,0.));
#8763=CARTESIAN_POINT('',(4.18,0.18186533479497,0.300000000000052));
#8764=CARTESIAN_POINT('',(4.18,0.181865334795,0.3));
#8765=CARTESIAN_POINT('',(4.18,0.949999999995234,0.3));
#8766=CARTESIAN_POINT('',(4.18,2.898352527302,0.3));
#8767=CARTESIAN_POINT('',(4.18,0.95,0.));
#8768=CARTESIAN_POINT('Origin',(7.65,0.,0.195));
#8769=CARTESIAN_POINT('',(7.65,0.181865334798576,0.299999999988687));
#8770=CARTESIAN_POINT('',(7.65,0.18186533479491,0.300000000000156));
#8771=CARTESIAN_POINT('',(7.65,0.,0.195));
#8772=CARTESIAN_POINT('Origin',(7.65,5.6843418860808E-11,1.3));
#8773=CARTESIAN_POINT('',(8.65000000000857,0.181865334830708,1.3));
#8774=CARTESIAN_POINT('Origin',(7.65,0.181865334809572,1.3));
#8775=CARTESIAN_POINT('',(8.65000000000857,0.181865334830708,1.3));
#8776=CARTESIAN_POINT('Origin',(8.755,0.,1.86));
#8777=CARTESIAN_POINT('',(8.65000000001375,0.18186533479862,1.86));
#8778=CARTESIAN_POINT('',(8.65,0.181865334795,0.899827015978));
#8779=CARTESIAN_POINT('',(8.755,0.,1.86));
#8780=CARTESIAN_POINT('Origin',(7.65,5.6843418860808E-11,1.86));
#8781=CARTESIAN_POINT('Origin',(7.65,0.181865334809572,1.86));
#8782=CARTESIAN_POINT('',(7.65,0.181865334830708,2.86000000001336));
#8783=CARTESIAN_POINT('Origin',(1.3,0.,2.965));
#8784=CARTESIAN_POINT('',(1.3,0.,2.965));
#8785=CARTESIAN_POINT('Origin',(1.3,5.6843418860808E-11,1.86));
#8786=CARTESIAN_POINT('',(0.299999999981596,0.181865334830708,1.86));
#8787=CARTESIAN_POINT('Origin',(1.3,0.181865334809572,1.86));
#8788=CARTESIAN_POINT('',(0.299999999981596,0.181865334830708,1.86));
#8789=CARTESIAN_POINT('Origin',(0.195,0.,1.3));
#8790=CARTESIAN_POINT('',(0.299999999995423,0.181865334798621,1.3));
#8791=CARTESIAN_POINT('',(0.3,0.181865334795,0.899827015978));
#8792=CARTESIAN_POINT('',(0.195,0.,1.3));
#8793=CARTESIAN_POINT('Origin',(1.3,5.6843418860808E-11,1.3));
#8794=CARTESIAN_POINT('',(1.3,0.181865334830685,0.300000000005018));
#8795=CARTESIAN_POINT('Origin',(1.3,0.181865334809572,1.3));
#8796=CARTESIAN_POINT('',(1.3,0.181865334830685,0.300000000005018));
#8797=CARTESIAN_POINT('Origin',(7.65,0.,0.195));
#8798=CARTESIAN_POINT('',(4.17,0.18186533479494,0.300000000000104));
#8799=CARTESIAN_POINT('',(7.65,0.18186533479491,0.300000000000156));
#8800=CARTESIAN_POINT('',(4.17,1.74000000000132E-16,0.195));
#8801=CARTESIAN_POINT('Origin',(4.17,0.95,0.));
#8802=CARTESIAN_POINT('',(4.17,0.95,0.));
#8803=CARTESIAN_POINT('',(4.17,0.95,0.));
#8804=CARTESIAN_POINT('',(4.17,0.95,0.3));
#8805=CARTESIAN_POINT('',(4.17,0.95,0.));
#8806=CARTESIAN_POINT('',(4.17,0.95,0.3));
#8807=CARTESIAN_POINT('Origin',(4.475,2.898352527302,-1.E-16));
#8808=CARTESIAN_POINT('',(4.77,1.3,-7.901705054604E-17));
#8809=CARTESIAN_POINT('',(4.47000017840156,1.12499989911832,0.));
#8810=CARTESIAN_POINT('Origin',(4.568958333333,1.3,0.));
#8811=CARTESIAN_POINT('Origin',(4.371041666667,0.95,0.));
#8812=CARTESIAN_POINT('',(1.3,1.85,-1.0842021724855E-16));
#8813=CARTESIAN_POINT('',(1.3,2.898352527302,-1.635E-16));
#8814=CARTESIAN_POINT('',(1.97,1.85,0.));
#8815=CARTESIAN_POINT('',(1.97,1.85,0.));
#8816=CARTESIAN_POINT('',(2.27,2.15,-8.701705054604E-17));
#8817=CARTESIAN_POINT('Origin',(1.97,2.15,0.));
#8818=CARTESIAN_POINT('',(2.27,3.55,-5.901705054604E-17));
#8819=CARTESIAN_POINT('',(2.27,2.898352527302,-1.441E-16));
#8820=CARTESIAN_POINT('',(1.97,3.85,0.));
#8821=CARTESIAN_POINT('Origin',(1.97,3.55,0.));
#8822=CARTESIAN_POINT('',(1.3,3.85,-1.0842021724855E-16));
#8823=CARTESIAN_POINT('',(0.,3.85,0.));
#8824=CARTESIAN_POINT('',(1.3,5.81,-2.351705054604E-17));
#8825=CARTESIAN_POINT('',(1.3,2.898352527302,-1.635E-16));
#8826=CARTESIAN_POINT('',(4.17,5.81,1.036589890792E-17));
#8827=CARTESIAN_POINT('',(4.475,5.81,1.646589890792E-17));
#8828=CARTESIAN_POINT('',(4.17,5.45,-2.01705054604E-18));
#8829=CARTESIAN_POINT('',(4.17,2.898352527302,-1.061E-16));
#8830=CARTESIAN_POINT('',(4.46999999999976,5.27500000000043,0.));
#8831=CARTESIAN_POINT('Origin',(4.371041666667,5.45,0.));
#8832=CARTESIAN_POINT('',(4.77,5.1,-3.01705054604001E-18));
#8833=CARTESIAN_POINT('Origin',(4.568958333333,5.1,0.));
#8834=CARTESIAN_POINT('',(4.77,4.3,-1.901705054604E-17));
#8835=CARTESIAN_POINT('',(4.77,2.898352527302,-9.41E-17));
#8836=CARTESIAN_POINT('',(4.47000000000024,4.12500000000043,0.));
#8837=CARTESIAN_POINT('Origin',(4.568958333333,4.3,0.));
#8838=CARTESIAN_POINT('',(4.17,3.95,-3.201705054604E-17));
#8839=CARTESIAN_POINT('Origin',(4.371041666667,3.95,0.));
#8840=CARTESIAN_POINT('',(4.17,2.45,-6.201705054604E-17));
#8841=CARTESIAN_POINT('',(4.17,2.898352527302,-1.061E-16));
#8842=CARTESIAN_POINT('',(4.46999999999976,2.27500000000043,0.));
#8843=CARTESIAN_POINT('Origin',(4.371041666667,2.45,0.));
#8844=CARTESIAN_POINT('',(4.77,2.1,-6.301705054604E-17));
#8845=CARTESIAN_POINT('Origin',(4.568958333333,2.1,0.));
#8846=CARTESIAN_POINT('',(4.77,2.898352527302,-9.41E-17));
#8847=CARTESIAN_POINT('',(2.42,4.78,-3.411705054604E-17));
#8848=CARTESIAN_POINT('',(3.26,4.78,-3.15051823350572E-17));
#8849=CARTESIAN_POINT('',(4.475,4.78,-2.473410109208E-17));
#8850=CARTESIAN_POINT('',(3.5,5.02,-1.731705054604E-17));
#8851=CARTESIAN_POINT('Ctrl Pts',(3.26,4.78,-1.01307850997046E-15));
#8852=CARTESIAN_POINT('Ctrl Pts',(3.27175296751473,4.78009490085493,-8.87598799333966E-16));
#8853=CARTESIAN_POINT('Ctrl Pts',(3.28319370565956,4.78102508744049,1.03493661552789E-7));
#8854=CARTESIAN_POINT('Ctrl Pts',(3.29431936371198,4.78268622051978,1.97104431942652E-7));
#8855=CARTESIAN_POINT('Ctrl Pts',(3.3058535980012,4.78440835668754,2.94152943822396E-7));
#8856=CARTESIAN_POINT('Ctrl Pts',(3.31705052756562,4.7869160604796,3.83429491946316E-7));
#8857=CARTESIAN_POINT('Ctrl Pts',(3.32792253044038,4.79014675671826,4.29558456332968E-7));
#8858=CARTESIAN_POINT('Ctrl Pts',(3.33907320325929,4.79346026179634,4.7686979310094E-7));
#8859=CARTESIAN_POINT('Ctrl Pts',(3.34988349540345,4.79753457162223,4.81514520728372E-7));
#8860=CARTESIAN_POINT('Ctrl Pts',(3.3603614262709,4.80235579901985,4.55443706526282E-7));
#8861=CARTESIAN_POINT('Ctrl Pts',(3.37075344242365,4.80713749433985,4.2958666225573E-7));
#8862=CARTESIAN_POINT('Ctrl Pts',(3.38081976730103,4.8126546391054,3.75487991568169E-7));
#8863=CARTESIAN_POINT('Ctrl Pts',(3.39054317043183,4.81893776727835,3.17666252552806E-7));
#8864=CARTESIAN_POINT('Ctrl Pts',(3.3999085608117,4.82498955257974,2.61973492411401E-7));
#8865=CARTESIAN_POINT('Ctrl Pts',(3.40895665120495,4.83175291874622,2.03610106937042E-7));
#8866=CARTESIAN_POINT('Ctrl Pts',(3.41763398992522,4.83928361080587,1.56916334023705E-7));
#8867=CARTESIAN_POINT('Ctrl Pts',(3.42170701117193,4.84281841217183,1.34998931085329E-7));
#8868=CARTESIAN_POINT('Ctrl Pts',(3.42569771536923,4.8465226037471,1.1546986031532E-7));
#8869=CARTESIAN_POINT('Ctrl Pts',(3.42959675056116,4.85040324943884,9.87849115147155E-8));
#8870=CARTESIAN_POINT('Ctrl Pts',(3.4375634648953,4.85833238937633,6.4693344183163E-8));
#8871=CARTESIAN_POINT('Ctrl Pts',(3.44476796717388,4.86664054965695,6.14539650628904E-8));
#8872=CARTESIAN_POINT('Ctrl Pts',(3.45128101345105,4.87525725302156,6.75735827154744E-8));
#8873=CARTESIAN_POINT('Ctrl Pts',(3.45799620269191,4.88414138976238,7.38831326357344E-8));
#8874=CARTESIAN_POINT('Ctrl Pts',(3.46397741957981,4.89335432405794,9.39506680291096E-8));
#8875=CARTESIAN_POINT('Ctrl Pts',(3.46927920648156,4.90286918295401,1.23431188422951E-7));
#8876=CARTESIAN_POINT('Ctrl Pts',(3.47465538476077,4.91251754843432,1.53325361149677E-7));
#8877=CARTESIAN_POINT('Ctrl Pts',(3.47933379880157,4.92247744253241,1.93725312473319E-7));
#8878=CARTESIAN_POINT('Ctrl Pts',(3.48333330614178,4.93275726783409,2.22793211532291E-7));
#8879=CARTESIAN_POINT('Ctrl Pts',(3.48727626555462,4.94289174953091,2.51450127611367E-7));
#8880=CARTESIAN_POINT('Ctrl Pts',(3.49055987842537,4.95333840070173,2.66412968275858E-7));
#8881=CARTESIAN_POINT('Ctrl Pts',(3.49315571920683,4.96412314560407,2.44380029545965E-7));
#8882=CARTESIAN_POINT('Ctrl Pts',(3.49563620726982,4.97442864322304,2.23326179902211E-7));
#8883=CARTESIAN_POINT('Ctrl Pts',(3.49748875284647,4.98504398023442,1.63830175785077E-7));
#8884=CARTESIAN_POINT('Ctrl Pts',(3.49864225564025,4.99599132941366,9.76464617497008E-8));
#8885=CARTESIAN_POINT('Ctrl Pts',(3.49946749049804,5.00382324294848,5.02975449250159E-8));
#8886=CARTESIAN_POINT('Ctrl Pts',(3.49993399115716,5.01182515493493,-8.18556903278692E-16));
#8887=CARTESIAN_POINT('Ctrl Pts',(3.5,5.02,-9.0205620750794E-16));
#8888=CARTESIAN_POINT('',(3.5,5.28,-1.211705054604E-17));
#8889=CARTESIAN_POINT('',(3.5,2.898352527302,-1.195E-16));
#8890=CARTESIAN_POINT('',(3.26,5.52,-8.51705054604E-18));
#8891=CARTESIAN_POINT('Ctrl Pts',(3.5,5.28,-3.33066907387547E-16));
#8892=CARTESIAN_POINT('Ctrl Pts',(3.49990509914507,5.29175296751479,-3.41548806073787E-16));
#8893=CARTESIAN_POINT('Ctrl Pts',(3.4989749125595,5.30319370565967,1.03493661985484E-7));
#8894=CARTESIAN_POINT('Ctrl Pts',(3.49731377948019,5.31431936371215,1.97104432275719E-7));
#8895=CARTESIAN_POINT('Ctrl Pts',(3.49559164331241,5.32585359800143,2.94152944052199E-7));
#8896=CARTESIAN_POINT('Ctrl Pts',(3.49308393952032,5.33705052756591,3.83429492074412E-7));
#8897=CARTESIAN_POINT('Ctrl Pts',(3.48985324328163,5.34792253044074,4.29558456388479E-7));
#8898=CARTESIAN_POINT('Ctrl Pts',(3.4865397382035,5.3590732032597,4.76869793081994E-7));
#8899=CARTESIAN_POINT('Ctrl Pts',(3.48246542837756,5.36988349540391,4.8151452065591E-7));
#8900=CARTESIAN_POINT('Ctrl Pts',(3.47764420097989,5.38036142627141,4.55443706401382E-7));
#8901=CARTESIAN_POINT('Ctrl Pts',(3.47286250565983,5.39075344242422,4.29586662078821E-7));
#8902=CARTESIAN_POINT('Ctrl Pts',(3.46734536089422,5.40081976730164,3.7548799135307E-7));
#8903=CARTESIAN_POINT('Ctrl Pts',(3.46106223272119,5.41054317043248,3.17666252303006E-7));
#8904=CARTESIAN_POINT('Ctrl Pts',(3.45501044741973,5.41990856081239,2.6197349212819E-7));
#8905=CARTESIAN_POINT('Ctrl Pts',(3.44824708125319,5.42895665120567,2.03610106630793E-7));
#8906=CARTESIAN_POINT('Ctrl Pts',(3.44071638919345,5.43763398992597,1.56916333704515E-7));
#8907=CARTESIAN_POINT('Ctrl Pts',(3.43718158782769,5.44170701117241,1.34998930761535E-7));
#8908=CARTESIAN_POINT('Ctrl Pts',(3.43347739625265,5.44569771536945,1.15469859995433E-7));
#8909=CARTESIAN_POINT('Ctrl Pts',(3.42959675056115,5.44959675056115,9.87849111955263E-8));
#8910=CARTESIAN_POINT('Ctrl Pts',(3.42166761062366,5.45756346489528,6.4693343863301E-8));
#8911=CARTESIAN_POINT('Ctrl Pts',(3.41335945034305,5.46476796717386,6.14539647546467E-8));
#8912=CARTESIAN_POINT('Ctrl Pts',(3.40474274697845,5.47128101345103,6.75735824379187E-8));
#8913=CARTESIAN_POINT('Ctrl Pts',(3.39585861023764,5.47799620269188,7.38831323898183E-8));
#8914=CARTESIAN_POINT('Ctrl Pts',(3.38664567594209,5.48397741957978,9.39506678482803E-8));
#8915=CARTESIAN_POINT('Ctrl Pts',(3.37713081704602,5.48927920648153,1.23431188298051E-7));
#8916=CARTESIAN_POINT('Ctrl Pts',(3.36748245156572,5.49465538476075,1.53325361081475E-7));
#8917=CARTESIAN_POINT('Ctrl Pts',(3.35752255746764,5.49933379880155,1.93725312462804E-7));
#8918=CARTESIAN_POINT('Ctrl Pts',(3.34724273216597,5.50333330614176,2.2279321160168E-7));
#8919=CARTESIAN_POINT('Ctrl Pts',(3.33710825046916,5.5072762655546,2.51450127759527E-7));
#8920=CARTESIAN_POINT('Ctrl Pts',(3.32666159929835,5.51055987842535,2.66412968506476E-7));
#8921=CARTESIAN_POINT('Ctrl Pts',(3.31587685439602,5.51315571920681,2.44380029879032E-7));
#8922=CARTESIAN_POINT('Ctrl Pts',(3.30557135677705,5.5156362072698,2.23326180333182E-7));
#8923=CARTESIAN_POINT('Ctrl Pts',(3.29495601976569,5.51748875284645,1.63830176330153E-7));
#8924=CARTESIAN_POINT('Ctrl Pts',(3.28400867058645,5.51864225564024,9.76464624158346E-8));
#8925=CARTESIAN_POINT('Ctrl Pts',(3.27617675705159,5.51946749049803,5.02975456775209E-8));
#8926=CARTESIAN_POINT('Ctrl Pts',(3.26817484506511,5.51993399115716,2.5329612609434E-17));
#8927=CARTESIAN_POINT('Ctrl Pts',(3.26,5.52,4.16333634234434E-17));
#8928=CARTESIAN_POINT('',(2.42,5.52,-1.13407869680056E-17));
#8929=CARTESIAN_POINT('',(4.475,5.52,4.86589890792E-18));
#8930=CARTESIAN_POINT('',(2.18,5.28,-2.55289187570228E-17));
#8931=CARTESIAN_POINT('Ctrl Pts',(2.42,5.52,5.27355936696949E-16));
#8932=CARTESIAN_POINT('Ctrl Pts',(2.40824703248522,5.51990509914507,4.23127409872356E-16));
#8933=CARTESIAN_POINT('Ctrl Pts',(2.39680629434035,5.5189749125595,1.03493662651509E-7));
#8934=CARTESIAN_POINT('Ctrl Pts',(2.38568063628788,5.51731377948019,1.97104432858586E-7));
#8935=CARTESIAN_POINT('Ctrl Pts',(2.37414640199862,5.51559164331242,2.94152944548805E-7));
#8936=CARTESIAN_POINT('Ctrl Pts',(2.36294947243416,5.51308393952034,3.83429492493704E-7));
#8937=CARTESIAN_POINT('Ctrl Pts',(2.35207746955935,5.50985324328165,4.29558456735424E-7));
#8938=CARTESIAN_POINT('Ctrl Pts',(2.3409267967404,5.50653973820354,4.76869793354758E-7));
#8939=CARTESIAN_POINT('Ctrl Pts',(2.33011650459619,5.50246542837761,4.81514520852001E-7));
#8940=CARTESIAN_POINT('Ctrl Pts',(2.3196385737287,5.49764420097994,4.5544370654016E-7));
#8941=CARTESIAN_POINT('Ctrl Pts',(2.30924655757591,5.4928625056599,4.29586662160759E-7));
#8942=CARTESIAN_POINT('Ctrl Pts',(2.29918023269849,5.4873453608943,3.75487991405364E-7));
#8943=CARTESIAN_POINT('Ctrl Pts',(2.28945682956766,5.48106223272129,3.17666252316884E-7));
#8944=CARTESIAN_POINT('Ctrl Pts',(2.28009143918776,5.47501044741985,2.61973492105055E-7));
#8945=CARTESIAN_POINT('Ctrl Pts',(2.27104334879448,5.46824708125331,2.03610106566937E-7));
#8946=CARTESIAN_POINT('Ctrl Pts',(2.26236601007419,5.4607163891936,1.56916333621249E-7));
#8947=CARTESIAN_POINT('Ctrl Pts',(2.25829298882769,5.45718158782779,1.34998930668854E-7));
#8948=CARTESIAN_POINT('Ctrl Pts',(2.2543022846306,5.4534773962527,1.15469859903659E-7));
#8949=CARTESIAN_POINT('Ctrl Pts',(2.25040324943885,5.44959675056115,9.87849110983818E-8));
#8950=CARTESIAN_POINT('Ctrl Pts',(2.24243653510472,5.44166761062366,6.46933437556108E-8));
#8951=CARTESIAN_POINT('Ctrl Pts',(2.23523203282614,5.43335945034305,6.14539646257907E-8));
#8952=CARTESIAN_POINT('Ctrl Pts',(2.22871898654897,5.42474274697845,6.75735823130186E-8));
#8953=CARTESIAN_POINT('Ctrl Pts',(2.22200379730811,5.41585861023763,7.38831322689972E-8));
#8954=CARTESIAN_POINT('Ctrl Pts',(2.21602258042021,5.40664567594207,9.39506677313616E-8));
#8955=CARTESIAN_POINT('Ctrl Pts',(2.21072079351846,5.39713081704601,1.23431188200906E-7));
#8956=CARTESIAN_POINT('Ctrl Pts',(2.20534461523924,5.3874824515657,1.53325361004384E-7));
#8957=CARTESIAN_POINT('Ctrl Pts',(2.20066620119844,5.37752255746762,1.9372531241271E-7));
#8958=CARTESIAN_POINT('Ctrl Pts',(2.19666669385823,5.36724273216594,2.22793211587802E-7));
#8959=CARTESIAN_POINT('Ctrl Pts',(2.19272373444539,5.35710825046914,2.51450127781351E-7));
#8960=CARTESIAN_POINT('Ctrl Pts',(2.18944012157464,5.34666159929832,2.66412968579652E-7));
#8961=CARTESIAN_POINT('Ctrl Pts',(2.18684428079318,5.33587685439599,2.44380030003932E-7));
#8962=CARTESIAN_POINT('Ctrl Pts',(2.1843637927302,5.32557135677702,2.23326180507505E-7));
#8963=CARTESIAN_POINT('Ctrl Pts',(2.18251124715354,5.31495601976565,1.63830176570588E-7));
#8964=CARTESIAN_POINT('Ctrl Pts',(2.18135774435976,5.30400867058641,9.7646462721146E-8));
#8965=CARTESIAN_POINT('Ctrl Pts',(2.18053250950196,5.29617675705157,5.02975460293317E-8));
#8966=CARTESIAN_POINT('Ctrl Pts',(2.18006600884284,5.28817484506509,4.28604434618659E-16));
#8967=CARTESIAN_POINT('Ctrl Pts',(2.18,5.28,4.9960036108132E-16));
#8968=CARTESIAN_POINT('',(2.18,5.02,-3.051705054604E-17));
#8969=CARTESIAN_POINT('',(2.18,2.898352527302,-1.459E-16));
#8970=CARTESIAN_POINT('Ctrl Pts',(2.18,5.02,6.93889390390723E-17));
#8971=CARTESIAN_POINT('Ctrl Pts',(2.18009490085493,5.00824703248531,1.44274888216484E-16));
#8972=CARTESIAN_POINT('Ctrl Pts',(2.18102508744049,4.99680629434054,1.03493662546915E-7));
#8973=CARTESIAN_POINT('Ctrl Pts',(2.18268622051976,4.98568063628816,1.97104432886341E-7));
#8974=CARTESIAN_POINT('Ctrl Pts',(2.1844083566875,4.97414640199899,2.94152944713775E-7));
#8975=CARTESIAN_POINT('Ctrl Pts',(2.18691606047954,4.96294947243462,3.83429492746036E-7));
#8976=CARTESIAN_POINT('Ctrl Pts',(2.19014675671816,4.95207746955991,4.29558457082369E-7));
#8977=CARTESIAN_POINT('Ctrl Pts',(2.19346026179622,4.94092679674105,4.76869793798738E-7));
#8978=CARTESIAN_POINT('Ctrl Pts',(2.19753457162207,4.93011650459694,4.81514521381548E-7));
#8979=CARTESIAN_POINT('Ctrl Pts',(2.20235579901964,4.91963857372953,4.55443707136904E-7));
#8980=CARTESIAN_POINT('Ctrl Pts',(2.20713749433959,4.90924655757682,4.29586662824144E-7));
#8981=CARTESIAN_POINT('Ctrl Pts',(2.21265463910509,4.89918023269947,3.75487992111275E-7));
#8982=CARTESIAN_POINT('Ctrl Pts',(2.21893776727798,4.8894568295687,3.17666253066284E-7));
#8983=CARTESIAN_POINT('Ctrl Pts',(2.22498955257932,4.88009143918886,2.6197349289634E-7));
#8984=CARTESIAN_POINT('Ctrl Pts',(2.23175291874573,4.87104334879564,2.03610107399922E-7));
#8985=CARTESIAN_POINT('Ctrl Pts',(2.23928361080532,4.86236601007538,1.56916334467794E-7));
#8986=CARTESIAN_POINT('Ctrl Pts',(2.24281841217145,4.85829298882846,1.34998931519403E-7));
#8987=CARTESIAN_POINT('Ctrl Pts',(2.24652260374688,4.85430228463096,1.15469860753586E-7));
#8988=CARTESIAN_POINT('Ctrl Pts',(2.25040324943883,4.85040324943883,9.87849119449269E-8));
#8989=CARTESIAN_POINT('Ctrl Pts',(2.25833238937633,4.84243653510469,6.46933445986309E-8));
#8990=CARTESIAN_POINT('Ctrl Pts',(2.26664054965695,4.83523203282611,6.14539654513705E-8));
#8991=CARTESIAN_POINT('Ctrl Pts',(2.27525725302156,4.82871898654894,6.75735830901747E-8));
#8992=CARTESIAN_POINT('Ctrl Pts',(2.28414138976239,4.82200379730808,7.38831329962289E-8));
#8993=CARTESIAN_POINT('Ctrl Pts',(2.29335432405795,4.81602258042018,9.39506683977862E-8));
#8994=CARTESIAN_POINT('Ctrl Pts',(2.30286918295403,4.81072079351843,1.23431188783774E-7));
#8995=CARTESIAN_POINT('Ctrl Pts',(2.31251754843435,4.80534461523921,1.53325361502551E-7));
#8996=CARTESIAN_POINT('Ctrl Pts',(2.32247744253245,4.80066620119841,1.93725312793403E-7));
#8997=CARTESIAN_POINT('Ctrl Pts',(2.33275726783414,4.7966666938582,2.2279321185148E-7));
#8998=CARTESIAN_POINT('Ctrl Pts',(2.34289174953096,4.79272373444536,2.5145012792968E-7));
#8999=CARTESIAN_POINT('Ctrl Pts',(2.3533384007018,4.78944012157461,2.66412968603788E-7));
#9000=CARTESIAN_POINT('Ctrl Pts',(2.36412314560414,4.78684428079315,2.44380029879032E-7));
#9001=CARTESIAN_POINT('Ctrl Pts',(2.37442864322313,4.78436379273017,2.23326180240179E-7));
#9002=CARTESIAN_POINT('Ctrl Pts',(2.38504398023451,4.78251124715352,1.6383017614887E-7));
#9003=CARTESIAN_POINT('Ctrl Pts',(2.39599132941376,4.78135774435974,9.76464621244011E-8));
#9004=CARTESIAN_POINT('Ctrl Pts',(2.40382324294855,4.78053250950196,5.02975453077417E-8));
#9005=CARTESIAN_POINT('Ctrl Pts',(2.41182515493497,4.78006600884284,-4.4181136347483E-16));
#9006=CARTESIAN_POINT('Ctrl Pts',(2.42,4.78,-5.13478148889135E-16));
#9007=CARTESIAN_POINT('Origin',(1.3,7.3,1.3));
#9008=CARTESIAN_POINT('',(-2.94475608143839E-17,1.85729490168754,1.30000000000007));
#9009=CARTESIAN_POINT('',(0.,7.3,1.3));
#9010=CARTESIAN_POINT('',(0.000961894323342006,1.85,1.25));
#9011=CARTESIAN_POINT('Ctrl Pts',(0.,1.85729490168754,1.30000000000006));
#9012=CARTESIAN_POINT('Ctrl Pts',(-7.59715798803423E-16,1.85236040025069,
1.28344917902828));
#9013=CARTESIAN_POINT('Ctrl Pts',(0.000334133206451807,1.85,1.26630971224205));
#9014=CARTESIAN_POINT('Ctrl Pts',(0.000961894323341927,1.85,1.25));
#9015=CARTESIAN_POINT('Origin',(1.3,1.85,1.3));
#9016=CARTESIAN_POINT('Origin',(7.65,0.,1.3));
#9017=CARTESIAN_POINT('',(8.94903810567666,1.85,1.25000000000001));
#9018=CARTESIAN_POINT('Origin',(7.65,1.85,1.3));
#9019=CARTESIAN_POINT('Ctrl Pts',(8.94903810567666,1.85,1.25));
#9020=CARTESIAN_POINT('Ctrl Pts',(8.94966584910903,1.85,1.26630925278465));
#9021=CARTESIAN_POINT('Ctrl Pts',(8.95,1.85236034511264,1.28344899408965));
#9022=CARTESIAN_POINT('Ctrl Pts',(8.95,1.85729490168753,1.30000000000006));
#9023=CARTESIAN_POINT('Origin',(4.7E-16,4.050736030146,0.899827015978));
#9024=CARTESIAN_POINT('',(2.07243336412427E-16,6.6,1.725));
#9025=CARTESIAN_POINT('',(6.7394111758832E-16,6.6,0.899827015978));
#9026=CARTESIAN_POINT('',(3.71066923202402E-16,7.3,1.725));
#9027=CARTESIAN_POINT('',(1.0692388703032E-16,4.050736030146,1.725));
#9028=CARTESIAN_POINT('',(1.71473250230932E-15,7.3,-0.69));
#9029=CARTESIAN_POINT('',(7.2994111758832E-16,7.3,0.899827015978));
#9030=CARTESIAN_POINT('',(1.77773250230932E-15,6.95,-1.04));
#9031=CARTESIAN_POINT('Origin',(1.923E-15,6.95,-0.69));
#9032=CARTESIAN_POINT('',(1.84113250230932E-15,6.61,-1.04));
#9033=CARTESIAN_POINT('',(1.32352388703032E-15,4.050736030146,-1.04));
#9034=CARTESIAN_POINT('',(1.67313250230932E-15,6.26,-0.69));
#9035=CARTESIAN_POINT('Origin',(2.077E-15,6.61,-0.69));
#9036=CARTESIAN_POINT('',(1.75947347597681E-15,6.26,1.25));
#9037=CARTESIAN_POINT('',(6.4674111758832E-16,6.26,0.899827015978));
#9038=CARTESIAN_POINT('',(-4.75246272924466E-17,5.81562589031519,1.29999999999998));
#9039=CARTESIAN_POINT('Origin',(0.,6.035,1.25));
#9040=CARTESIAN_POINT('',(-4.50942487049775E-18,3.84270509831247,1.30000000000007));
#9041=CARTESIAN_POINT('',(2.9392388703032E-16,4.050736030146,1.3));
#9042=CARTESIAN_POINT('',(1.1668250230932E-16,3.5,1.25));
#9043=CARTESIAN_POINT('Origin',(0.,3.675,1.25));
#9044=CARTESIAN_POINT('',(8.7793250230932E-16,3.5,0.15));
#9045=CARTESIAN_POINT('',(4.2594111758832E-16,3.5,0.899827015978));
#9046=CARTESIAN_POINT('',(9.1393250230932E-16,3.3,-0.05));
#9047=CARTESIAN_POINT('Origin',(9.56E-16,3.3,0.15));
#9048=CARTESIAN_POINT('',(9.0993250230932E-16,3.2,-0.05));
#9049=CARTESIAN_POINT('',(8.8792388703032E-16,4.050736030146,-0.05));
#9050=CARTESIAN_POINT('',(9.4593250230932E-16,3.,-0.25));
#9051=CARTESIAN_POINT('Origin',(1.044E-15,3.2,-0.25));
#9052=CARTESIAN_POINT('',(1.05373250230932E-15,3.,-0.74));
#9053=CARTESIAN_POINT('',(3.8594111758832E-16,3.,0.899827015978));
#9054=CARTESIAN_POINT('',(1.10773250230932E-15,2.7,-1.04));
#9055=CARTESIAN_POINT('Origin',(9.34E-16,2.7,-0.74));
#9056=CARTESIAN_POINT('',(1.16573250230932E-15,2.5,-1.04));
#9057=CARTESIAN_POINT('',(1.32352388703032E-15,4.050736030146,-1.04));
#9058=CARTESIAN_POINT('',(1.02173250230932E-15,2.2,-0.74));
#9059=CARTESIAN_POINT('Origin',(1.066E-15,2.5,-0.74));
#9060=CARTESIAN_POINT('',(1.92499999999998E-17,2.2,1.25));
#9061=CARTESIAN_POINT('',(3.2194111758832E-16,2.2,0.899827015978));
#9062=CARTESIAN_POINT('Origin',(0.,2.025,1.25));
#9063=CARTESIAN_POINT('Origin',(0.437716904492,6.6,2.372993772671));
#9064=CARTESIAN_POINT('',(0.3,6.6,1.725));
#9065=CARTESIAN_POINT('',(0.3,6.6,1.86));
#9066=CARTESIAN_POINT('',(0.3,6.6,0.899827015978));
#9067=CARTESIAN_POINT('',(0.437716904492,6.6,1.725));
#9068=CARTESIAN_POINT('',(0.900000000000097,6.6,2.77651513899113));
#9069=CARTESIAN_POINT('',(0.9,6.6,2.776515138991));
#9070=CARTESIAN_POINT('Origin',(1.3,6.6,1.86));
#9071=CARTESIAN_POINT('Origin',(0.78,7.3,3.051469680689));
#9072=CARTESIAN_POINT('',(0.900000000000257,7.3,2.77651513899111));
#9073=CARTESIAN_POINT('Origin',(2.42,5.28,2.91));
#9074=CARTESIAN_POINT('',(2.3,5.28,3.03));
#9075=CARTESIAN_POINT('',(2.3,5.28,2.91));
#9076=CARTESIAN_POINT('',(2.42,5.4,3.03));
#9077=CARTESIAN_POINT('Origin',(2.42,5.28,3.03));
#9078=CARTESIAN_POINT('',(2.42,5.4,2.91));
#9079=CARTESIAN_POINT('Origin',(2.3,4.9,2.86));
#9080=CARTESIAN_POINT('',(2.3,5.02,3.03));
#9081=CARTESIAN_POINT('',(2.3,4.9,3.03));
#9082=CARTESIAN_POINT('',(2.3,5.02,2.86));
#9083=CARTESIAN_POINT('Origin',(2.42,5.02,2.91));
#9084=CARTESIAN_POINT('',(2.42,4.9,3.03));
#9085=CARTESIAN_POINT('',(2.42,4.9,2.91));
#9086=CARTESIAN_POINT('Origin',(2.42,5.02,3.03));
#9087=CARTESIAN_POINT('Origin',(3.38,4.9,2.86));
#9088=CARTESIAN_POINT('',(3.26,4.9,3.03));
#9089=CARTESIAN_POINT('',(3.38,4.9,3.03));
#9090=CARTESIAN_POINT('',(3.26,4.9,2.86));
#9091=CARTESIAN_POINT('Origin',(3.26,5.02,2.91));
#9092=CARTESIAN_POINT('',(3.38,5.02,3.03));
#9093=CARTESIAN_POINT('',(3.38,5.02,2.91));
#9094=CARTESIAN_POINT('Origin',(3.26,5.02,3.03));
#9095=CARTESIAN_POINT('Origin',(3.38,5.4,2.86));
#9096=CARTESIAN_POINT('',(3.38,5.28,3.03));
#9097=CARTESIAN_POINT('',(3.38,5.4,3.03));
#9098=CARTESIAN_POINT('',(3.38,5.28,2.86));
#9099=CARTESIAN_POINT('Origin',(3.26,5.28,2.91));
#9100=CARTESIAN_POINT('',(3.25999999999923,5.4,3.03));
#9101=CARTESIAN_POINT('',(3.26,5.4,2.91));
#9102=CARTESIAN_POINT('Origin',(3.26,5.28,3.03));
#9103=CARTESIAN_POINT('Origin',(2.3,5.4,2.86));
#9104=CARTESIAN_POINT('',(2.3,5.4,3.03));
#9105=CARTESIAN_POINT('Origin',(5.69,5.02,3.03));
#9106=CARTESIAN_POINT('',(5.69,5.02,2.91));
#9107=CARTESIAN_POINT('Origin',(5.69,5.02,3.03));
#9108=CARTESIAN_POINT('Origin',(5.69,5.02,3.03));
#9109=CARTESIAN_POINT('Origin',(5.57,5.02,3.03));
#9110=CARTESIAN_POINT('',(6.53,5.02,2.91));
#9111=CARTESIAN_POINT('Origin',(6.53,5.02,3.03));
#9112=CARTESIAN_POINT('',(5.57,5.02,2.91));
#9113=CARTESIAN_POINT('Origin',(6.53,5.02,3.03));
#9114=CARTESIAN_POINT('Origin',(6.53,5.02,3.03));
#9115=CARTESIAN_POINT('Origin',(6.53,5.4,3.03));
#9116=CARTESIAN_POINT('',(6.53,5.28,2.91));
#9117=CARTESIAN_POINT('Origin',(6.53,5.28,3.03));
#9118=CARTESIAN_POINT('',(6.53,5.4,2.91));
#9119=CARTESIAN_POINT('Origin',(6.53,5.28,3.03));
#9120=CARTESIAN_POINT('Origin',(6.53,5.28,3.03));
#9121=CARTESIAN_POINT('Origin',(5.57,5.28,3.03));
#9122=CARTESIAN_POINT('',(5.69,5.28,2.91));
#9123=CARTESIAN_POINT('',(5.57,5.28,2.91));
#9124=CARTESIAN_POINT('Origin',(5.69,5.28,3.03));
#9125=CARTESIAN_POINT('Origin',(5.69,5.28,3.03));
#9126=CARTESIAN_POINT('Origin',(5.69,5.28,3.03));
#9127=CARTESIAN_POINT('Origin',(5.69,5.4,3.03));
#9128=CARTESIAN_POINT('',(5.69,5.4,2.91));
#9129=CARTESIAN_POINT('Origin',(2.660192378865,6.8,2.643012701892));
#9130=CARTESIAN_POINT('',(2.57358983848657,6.8,2.59301270189198));
#9131=CARTESIAN_POINT('Origin',(2.573589838486,6.7,2.593012701892));
#9132=CARTESIAN_POINT('Origin',(6.376410161514,6.7,2.593012701892));
#9133=CARTESIAN_POINT('',(6.376410161514,6.8,2.593012701892));
#9134=CARTESIAN_POINT('Origin',(6.289807621135,6.8,2.643012701892));
#9135=CARTESIAN_POINT('Origin',(5.68999999999998,5.01999999999998,2.74000000000001));
#9136=CARTESIAN_POINT('',(5.69,4.9,2.74));
#9137=CARTESIAN_POINT('Origin',(5.69,4.78,2.74));
#9138=CARTESIAN_POINT('',(5.57,5.02,2.74));
#9139=CARTESIAN_POINT('Origin',(5.45,5.02,2.74));
#9140=CARTESIAN_POINT('Origin',(5.69,5.02,2.74));
#9141=CARTESIAN_POINT('Origin',(6.65,4.78,2.74));
#9142=CARTESIAN_POINT('',(6.53,4.9,2.74));
#9143=CARTESIAN_POINT('',(6.65,4.9,2.74));
#9144=CARTESIAN_POINT('Origin',(6.53,4.78,2.74));
#9145=CARTESIAN_POINT('Origin',(6.53,5.02,2.73999999999999));
#9146=CARTESIAN_POINT('',(6.65,5.02,2.74));
#9147=CARTESIAN_POINT('Origin',(6.77,5.02,2.74));
#9148=CARTESIAN_POINT('Origin',(6.53,5.02,2.74));
#9149=CARTESIAN_POINT('Origin',(6.77,5.4,2.74));
#9150=CARTESIAN_POINT('',(6.65,5.28,2.74));
#9151=CARTESIAN_POINT('',(6.65,5.4,2.74));
#9152=CARTESIAN_POINT('Origin',(6.77,5.28,2.74));
#9153=CARTESIAN_POINT('Origin',(6.53000000000001,5.28000000000001,2.74));
#9154=CARTESIAN_POINT('',(6.53,5.4,2.74));
#9155=CARTESIAN_POINT('Origin',(6.53,5.28,2.74));
#9156=CARTESIAN_POINT('Origin',(6.53,5.52,2.74));
#9157=CARTESIAN_POINT('Origin',(5.57,5.52,2.74));
#9158=CARTESIAN_POINT('',(5.69,5.4,2.74));
#9159=CARTESIAN_POINT('',(5.57,5.4,2.74));
#9160=CARTESIAN_POINT('Origin',(5.69,5.52,2.74));
#9161=CARTESIAN_POINT('Origin',(5.68999999999999,5.28000000000001,2.74));
#9162=CARTESIAN_POINT('',(5.57,5.28,2.74));
#9163=CARTESIAN_POINT('Origin',(5.69,5.28,2.74));
#9164=CARTESIAN_POINT('Origin',(5.45,5.28,2.74));
#9165=CARTESIAN_POINT('Origin',(5.45,4.9,2.74));
#9166=CARTESIAN_POINT('',(5.57,4.9,2.74));
#9167=CARTESIAN_POINT('Origin',(3.26000000000001,5.01999999999999,2.74));
#9168=CARTESIAN_POINT('',(3.38,5.02,2.74));
#9169=CARTESIAN_POINT('Origin',(3.5,5.02,2.74));
#9170=CARTESIAN_POINT('',(3.26,4.9,2.74));
#9171=CARTESIAN_POINT('Origin',(3.26,4.78,2.74));
#9172=CARTESIAN_POINT('Origin',(3.26,5.02,2.74));
#9173=CARTESIAN_POINT('Origin',(3.5,5.4,2.74));
#9174=CARTESIAN_POINT('',(3.38,5.28,2.74));
#9175=CARTESIAN_POINT('',(3.38,5.4,2.74));
#9176=CARTESIAN_POINT('Origin',(3.5,5.28,2.74));
#9177=CARTESIAN_POINT('Origin',(3.25999999999998,5.27999999999999,2.74000000000001));
#9178=CARTESIAN_POINT('',(3.26,5.4,2.74));
#9179=CARTESIAN_POINT('Origin',(3.26,5.52,2.74));
#9180=CARTESIAN_POINT('Origin',(3.26,5.28,2.74));
#9181=CARTESIAN_POINT('Origin',(2.3,5.52,2.74));
#9182=CARTESIAN_POINT('',(2.42,5.4,2.74));
#9183=CARTESIAN_POINT('',(2.3,5.4,2.74));
#9184=CARTESIAN_POINT('Origin',(2.42,5.52,2.74));
#9185=CARTESIAN_POINT('Origin',(2.42000000000001,5.27999999999999,2.74));
#9186=CARTESIAN_POINT('',(2.3,5.28,2.74));
#9187=CARTESIAN_POINT('Origin',(2.42,5.28,2.74));
#9188=CARTESIAN_POINT('Origin',(2.18,5.28,2.74));
#9189=CARTESIAN_POINT('Origin',(2.18,4.9,2.74));
#9190=CARTESIAN_POINT('',(2.3,5.02,2.74));
#9191=CARTESIAN_POINT('',(2.3,4.9,2.74));
#9192=CARTESIAN_POINT('Origin',(2.18,5.02,2.74));
#9193=CARTESIAN_POINT('Origin',(2.42,5.02,2.74));
#9194=CARTESIAN_POINT('',(2.42,4.9,2.74));
#9195=CARTESIAN_POINT('Origin',(2.42,5.02,2.74));
#9196=CARTESIAN_POINT('Origin',(2.42,4.78,2.74));
#9197=CARTESIAN_POINT('Origin',(3.38,4.78,2.74));
#9198=CARTESIAN_POINT('',(3.38,4.9,2.74));
#9199=CARTESIAN_POINT('Origin',(7.65,7.3,1.86));
#9200=CARTESIAN_POINT('',(8.65,7.3,1.86));
#9201=CARTESIAN_POINT('Origin',(1.3,0.,1.86));
#9202=CARTESIAN_POINT('',(0.3,0.,1.86));
#9203=CARTESIAN_POINT('Origin',(8.95,7.3,1.725));
#9204=CARTESIAN_POINT('',(8.65,7.3,1.725));
#9205=CARTESIAN_POINT('',(8.95,7.3,1.725));
#9206=CARTESIAN_POINT('',(8.65,7.3,1.725));
#9207=CARTESIAN_POINT('Origin',(8.8,7.3,0.5175));
#9208=CARTESIAN_POINT('',(8.65,7.3,-0.69));
#9209=CARTESIAN_POINT('',(8.8,7.3,-0.69));
#9210=CARTESIAN_POINT('',(8.65,7.3,0.5175));
#9211=CARTESIAN_POINT('Origin',(8.95,6.95,-0.69));
#9212=CARTESIAN_POINT('',(8.65,6.95,-1.04));
#9213=CARTESIAN_POINT('',(8.95,6.95,-1.04));
#9214=CARTESIAN_POINT('Origin',(8.65,6.95,-0.69));
#9215=CARTESIAN_POINT('Origin',(8.95,6.95,-1.04));
#9216=CARTESIAN_POINT('',(8.65,6.61,-1.04));
#9217=CARTESIAN_POINT('',(8.95,6.61,-1.04));
#9218=CARTESIAN_POINT('',(8.65,6.95,-1.04));
#9219=CARTESIAN_POINT('Origin',(8.95,6.61,-0.69));
#9220=CARTESIAN_POINT('',(8.65,6.26,-0.69));
#9221=CARTESIAN_POINT('',(8.95,6.26,-0.69));
#9222=CARTESIAN_POINT('Origin',(8.65,6.61,-0.69));
#9223=CARTESIAN_POINT('Origin',(8.95,6.26,-0.69));
#9224=CARTESIAN_POINT('',(8.65,6.26,1.25));
#9225=CARTESIAN_POINT('',(8.95,6.26,1.25));
#9226=CARTESIAN_POINT('',(8.65,6.26,-0.69));
#9227=CARTESIAN_POINT('Origin',(8.95,6.035,1.25));
#9228=CARTESIAN_POINT('',(8.94903810567666,5.81,1.25000000000001));
#9229=CARTESIAN_POINT('Origin',(8.91225207611776,6.02885019048937,1.25140898161213));
#9230=CARTESIAN_POINT('',(8.64874921777191,5.81,1.25));
#9231=CARTESIAN_POINT('',(8.95,5.81,1.25));
#9232=CARTESIAN_POINT('',(8.65,5.81562589031441,1.29999999999998));
#9233=CARTESIAN_POINT('Ctrl Pts',(8.64874921777191,5.81,1.25));
#9234=CARTESIAN_POINT('Ctrl Pts',(8.64956570313968,5.81,1.26630928244767));
#9235=CARTESIAN_POINT('Ctrl Pts',(8.65,5.81181167247828,1.28326518715756));
#9236=CARTESIAN_POINT('Ctrl Pts',(8.65,5.81562589031515,1.29999999999981));
#9237=CARTESIAN_POINT('Origin',(8.65,6.035,1.25));
#9238=CARTESIAN_POINT('Origin',(7.65,0.,1.3));
#9239=CARTESIAN_POINT('Origin',(7.65,5.81,1.3));
#9240=CARTESIAN_POINT('',(8.94903810567666,3.85,1.25000000000001));
#9241=CARTESIAN_POINT('Ctrl Pts',(8.95,3.84270509831247,1.30000000000006));
#9242=CARTESIAN_POINT('Ctrl Pts',(8.95,3.84763965488736,1.28344899408965));
#9243=CARTESIAN_POINT('Ctrl Pts',(8.94966584910903,3.85,1.26630925278465));
#9244=CARTESIAN_POINT('Ctrl Pts',(8.94903810567666,3.85,1.25));
#9245=CARTESIAN_POINT('Origin',(7.65,3.85,1.3));
#9246=CARTESIAN_POINT('Origin',(8.95,3.675,1.25));
#9247=CARTESIAN_POINT('',(8.65,3.84270509831246,1.30000000000007));
#9248=CARTESIAN_POINT('',(8.65,3.5,1.25));
#9249=CARTESIAN_POINT('Origin',(8.65,3.675,1.25));
#9250=CARTESIAN_POINT('',(8.64874921777191,3.85,1.25));
#9251=CARTESIAN_POINT('Ctrl Pts',(8.65,3.84270509831247,1.30000000000006));
#9252=CARTESIAN_POINT('Ctrl Pts',(8.65,3.84764004068898,1.28344770007167));
#9253=CARTESIAN_POINT('Ctrl Pts',(8.64956557180687,3.85,1.2663066590769));
#9254=CARTESIAN_POINT('Ctrl Pts',(8.64874921777191,3.85,1.25));
#9255=CARTESIAN_POINT('',(8.95,3.85,1.25));
#9256=CARTESIAN_POINT('',(8.95,3.5,1.25));
#9257=CARTESIAN_POINT('Origin',(8.95,3.5,0.15));
#9258=CARTESIAN_POINT('',(8.65,3.5,0.15));
#9259=CARTESIAN_POINT('',(8.95,3.5,0.15));
#9260=CARTESIAN_POINT('',(8.65,3.5,0.15));
#9261=CARTESIAN_POINT('Origin',(8.95,3.3,0.15));
#9262=CARTESIAN_POINT('',(8.65,3.3,-0.0500000000000001));
#9263=CARTESIAN_POINT('',(8.95,3.3,-0.05));
#9264=CARTESIAN_POINT('Origin',(8.65,3.3,0.15));
#9265=CARTESIAN_POINT('Origin',(8.95,3.2,-0.05));
#9266=CARTESIAN_POINT('',(8.65,3.2,-0.0500000000000001));
#9267=CARTESIAN_POINT('',(8.95,3.2,-0.05));
#9268=CARTESIAN_POINT('',(8.65,3.2,-0.0500000000000001));
#9269=CARTESIAN_POINT('Origin',(8.95,3.2,-0.25));
#9270=CARTESIAN_POINT('',(8.65,3.,-0.25));
#9271=CARTESIAN_POINT('',(8.95,3.,-0.25));
#9272=CARTESIAN_POINT('Origin',(8.65,3.2,-0.25));
#9273=CARTESIAN_POINT('Origin',(8.95,3.,-0.74));
#9274=CARTESIAN_POINT('',(8.65,3.,-0.74));
#9275=CARTESIAN_POINT('',(8.95,3.,-0.74));
#9276=CARTESIAN_POINT('',(8.65,3.,-0.74));
#9277=CARTESIAN_POINT('Origin',(8.95,2.7,-0.74));
#9278=CARTESIAN_POINT('',(8.65,2.7,-1.04));
#9279=CARTESIAN_POINT('',(8.95,2.7,-1.04));
#9280=CARTESIAN_POINT('Origin',(8.65,2.7,-0.74));
#9281=CARTESIAN_POINT('Origin',(8.95,2.5,-1.04));
#9282=CARTESIAN_POINT('',(8.65,2.5,-1.04));
#9283=CARTESIAN_POINT('',(8.95,2.5,-1.04));
#9284=CARTESIAN_POINT('',(8.65,2.5,-1.04));
#9285=CARTESIAN_POINT('Origin',(8.95,2.5,-0.74));
#9286=CARTESIAN_POINT('',(8.65,2.2,-0.74));
#9287=CARTESIAN_POINT('',(8.95,2.2,-0.74));
#9288=CARTESIAN_POINT('Origin',(8.65,2.5,-0.74));
#9289=CARTESIAN_POINT('Origin',(8.95,2.2,1.25));
#9290=CARTESIAN_POINT('',(8.65,2.2,1.25));
#9291=CARTESIAN_POINT('',(8.95,2.2,1.25));
#9292=CARTESIAN_POINT('',(8.65,2.2,1.25));
#9293=CARTESIAN_POINT('Origin',(8.95,2.025,1.25));
#9294=CARTESIAN_POINT('',(8.64874921777191,1.85,1.25));
#9295=CARTESIAN_POINT('',(8.95,1.85,1.25));
#9296=CARTESIAN_POINT('',(8.65,1.85729490168754,1.30000000000007));
#9297=CARTESIAN_POINT('Ctrl Pts',(8.65,1.85729490168753,1.30000000000006));
#9298=CARTESIAN_POINT('Ctrl Pts',(8.65,1.85235995931102,1.28344770007167));
#9299=CARTESIAN_POINT('Ctrl Pts',(8.64956557180687,1.85,1.2663066590769));
#9300=CARTESIAN_POINT('Ctrl Pts',(8.64874921777191,1.85,1.25));
#9301=CARTESIAN_POINT('Origin',(8.65,2.025,1.25));
#9302=CARTESIAN_POINT('Origin',(6.52999999999999,5.27999999999999,0.120000000000001));
#9303=CARTESIAN_POINT('',(6.65,5.28,0.12));
#9304=CARTESIAN_POINT('Origin',(6.77,5.28,0.12));
#9305=CARTESIAN_POINT('',(6.53,5.4,0.12));
#9306=CARTESIAN_POINT('Origin',(6.53,5.28,0.12));
#9307=CARTESIAN_POINT('Origin',(6.53,5.52,0.12));
#9308=CARTESIAN_POINT('Origin',(6.77,5.4,0.12));
#9309=CARTESIAN_POINT('',(6.65,5.02,0.12));
#9310=CARTESIAN_POINT('',(6.65,5.4,0.12));
#9311=CARTESIAN_POINT('Origin',(6.77,5.02,0.12));
#9312=CARTESIAN_POINT('Origin',(6.53000000000001,5.01999999999999,0.120000000000002));
#9313=CARTESIAN_POINT('',(6.53,4.9,0.12));
#9314=CARTESIAN_POINT('Origin',(6.53,4.78,0.12));
#9315=CARTESIAN_POINT('Origin',(6.53,5.02,0.12));
#9316=CARTESIAN_POINT('Origin',(6.65,4.78,0.12));
#9317=CARTESIAN_POINT('',(5.69,4.9,0.12));
#9318=CARTESIAN_POINT('',(6.65,4.9,0.12));
#9319=CARTESIAN_POINT('Origin',(5.69,4.78,0.12));
#9320=CARTESIAN_POINT('Origin',(5.69,5.02,0.119999999999997));
#9321=CARTESIAN_POINT('',(5.57,5.02,0.12));
#9322=CARTESIAN_POINT('Origin',(5.45,5.02,0.12));
#9323=CARTESIAN_POINT('Origin',(5.69,5.02,0.12));
#9324=CARTESIAN_POINT('Origin',(5.45,4.9,0.12));
#9325=CARTESIAN_POINT('',(5.57,5.28,0.12));
#9326=CARTESIAN_POINT('',(5.57,4.9,0.12));
#9327=CARTESIAN_POINT('Origin',(5.45,5.28,0.12));
#9328=CARTESIAN_POINT('Origin',(5.69,5.28,0.119999999999994));
#9329=CARTESIAN_POINT('',(5.69,5.4,0.12));
#9330=CARTESIAN_POINT('Origin',(5.69,5.52,0.12));
#9331=CARTESIAN_POINT('Origin',(5.69,5.28,0.12));
#9332=CARTESIAN_POINT('Origin',(5.57,5.52,0.12));
#9333=CARTESIAN_POINT('',(5.57,5.4,0.12));
#9334=CARTESIAN_POINT('Origin',(6.98,2.15,0.));
#9335=CARTESIAN_POINT('',(6.68,2.15,0.3));
#9336=CARTESIAN_POINT('',(6.68,2.15,0.));
#9337=CARTESIAN_POINT('',(6.98,1.85,0.3));
#9338=CARTESIAN_POINT('Origin',(6.98,2.15,0.3));
#9339=CARTESIAN_POINT('',(6.98,1.85,0.));
#9340=CARTESIAN_POINT('Origin',(6.68,2.15,0.));
#9341=CARTESIAN_POINT('',(6.68,3.55,0.3));
#9342=CARTESIAN_POINT('',(6.68,2.15,0.3));
#9343=CARTESIAN_POINT('',(6.68,3.55,0.));
#9344=CARTESIAN_POINT('Origin',(6.98,3.55,0.));
#9345=CARTESIAN_POINT('',(6.98,3.85,0.3));
#9346=CARTESIAN_POINT('',(6.98,3.85,0.));
#9347=CARTESIAN_POINT('Origin',(6.98,3.55,0.3));
#9348=CARTESIAN_POINT('Origin',(0.,5.81,0.));
#9349=CARTESIAN_POINT('',(4.18,5.81,0.3));
#9350=CARTESIAN_POINT('',(4.18,5.81,0.));
#9351=CARTESIAN_POINT('',(7.65,5.81,0.3));
#9352=CARTESIAN_POINT('',(0.,5.81,0.3));
#9353=CARTESIAN_POINT('Origin',(7.65,5.81,1.3));
#9354=CARTESIAN_POINT('Origin',(4.18,5.81,0.));
#9355=CARTESIAN_POINT('',(4.18,5.45000000000477,0.3));
#9356=CARTESIAN_POINT('',(4.18,5.81,0.3));
#9357=CARTESIAN_POINT('',(4.18,5.45,0.));
#9358=CARTESIAN_POINT('Origin',(4.374779284806,5.459275247201,0.));
#9359=CARTESIAN_POINT('',(4.48000000000244,5.29509972803462,0.3));
#9360=CARTESIAN_POINT('',(4.48000000000043,5.29509972803333,0.));
#9361=CARTESIAN_POINT('Origin',(4.374779284806,5.459275247201,0.3));
#9362=CARTESIAN_POINT('Origin',(4.57261348854,5.10930805245,0.));
#9363=CARTESIAN_POINT('',(4.77999999999974,5.10000000000582,0.3));
#9364=CARTESIAN_POINT('',(4.77999999999948,5.10000000000002,0.));
#9365=CARTESIAN_POINT('Origin',(4.57261348854,5.10930805245,0.3));
#9366=CARTESIAN_POINT('Origin',(4.78,5.1,0.));
#9367=CARTESIAN_POINT('',(4.78,4.29999999999419,0.3));
#9368=CARTESIAN_POINT('',(4.78,5.1,0.3));
#9369=CARTESIAN_POINT('',(4.78,4.3,0.));
#9370=CARTESIAN_POINT('Origin',(4.57261348854,4.29069194755,0.));
#9371=CARTESIAN_POINT('',(4.48000000000228,4.10490027196517,0.3));
#9372=CARTESIAN_POINT('',(4.48000000000012,4.10490027196625,0.));
#9373=CARTESIAN_POINT('Origin',(4.57261348854,4.29069194755,0.3));
#9374=CARTESIAN_POINT('Origin',(4.374779284806,3.940724752799,0.));
#9375=CARTESIAN_POINT('',(4.18000000000023,3.94999999999522,0.3));
#9376=CARTESIAN_POINT('',(4.18000000000045,3.94999999999998,0.));
#9377=CARTESIAN_POINT('Origin',(4.374779284806,3.940724752799,0.3));
#9378=CARTESIAN_POINT('Origin',(4.18,3.95,0.));
#9379=CARTESIAN_POINT('',(4.18,2.45000000000477,0.3));
#9380=CARTESIAN_POINT('',(4.18,3.95,0.3));
#9381=CARTESIAN_POINT('',(4.18,2.45,0.));
#9382=CARTESIAN_POINT('Origin',(4.374779284806,2.459275247201,0.));
#9383=CARTESIAN_POINT('',(4.48000000000244,2.29509972803462,0.3));
#9384=CARTESIAN_POINT('',(4.48000000000043,2.29509972803333,0.));
#9385=CARTESIAN_POINT('Origin',(4.374779284806,2.459275247201,0.3));
#9386=CARTESIAN_POINT('Origin',(4.57261348854,2.10930805245,0.));
#9387=CARTESIAN_POINT('',(4.77999999999974,2.10000000000582,0.3));
#9388=CARTESIAN_POINT('',(4.77999999999948,2.10000000000002,0.));
#9389=CARTESIAN_POINT('Origin',(4.57261348854,2.10930805245,0.3));
#9390=CARTESIAN_POINT('Origin',(4.78,2.1,0.));
#9391=CARTESIAN_POINT('',(4.78,1.29999999999419,0.3));
#9392=CARTESIAN_POINT('',(4.78,2.1,0.3));
#9393=CARTESIAN_POINT('',(4.78,1.3,0.));
#9394=CARTESIAN_POINT('Origin',(4.57261348854,1.29069194755,0.));
#9395=CARTESIAN_POINT('',(4.461185576472,1.11553594454722,0.3));
#9396=CARTESIAN_POINT('',(4.46118557647398,1.11553594454596,0.));
#9397=CARTESIAN_POINT('Origin',(4.57261348854,1.29069194755,0.3));
#9398=CARTESIAN_POINT('Origin',(4.374779284806,0.940724752799,0.));
#9399=CARTESIAN_POINT('Origin',(4.374779284806,0.940724752799,0.3));
#9400=CARTESIAN_POINT('Origin',(4.475,2.898352527302,0.3));
#9401=CARTESIAN_POINT('',(7.65,3.85,0.3));
#9402=CARTESIAN_POINT('',(4.475,3.85,0.3));
#9403=CARTESIAN_POINT('',(7.65,2.898352527302,0.3));
#9404=CARTESIAN_POINT('',(7.65,1.85,0.3));
#9405=CARTESIAN_POINT('',(7.65,2.898352527302,0.3));
#9406=CARTESIAN_POINT('',(4.475,1.85,0.3));
#9407=CARTESIAN_POINT('',(5.57,5.02,0.3));
#9408=CARTESIAN_POINT('',(5.57,5.28,0.3));
#9409=CARTESIAN_POINT('',(5.57,2.898352527302,0.3));
#9410=CARTESIAN_POINT('',(5.69,5.4,0.3));
#9411=CARTESIAN_POINT('Origin',(5.69,5.28,0.3));
#9412=CARTESIAN_POINT('',(6.53,5.4,0.3));
#9413=CARTESIAN_POINT('',(4.475,5.4,0.3));
#9414=CARTESIAN_POINT('',(6.65,5.28,0.3));
#9415=CARTESIAN_POINT('Origin',(6.53,5.28,0.3));
#9416=CARTESIAN_POINT('',(6.65,5.02,0.3));
#9417=CARTESIAN_POINT('',(6.65,2.898352527302,0.3));
#9418=CARTESIAN_POINT('',(6.53,4.9,0.3));
#9419=CARTESIAN_POINT('Origin',(6.53,5.02,0.3));
#9420=CARTESIAN_POINT('',(5.69,4.9,0.3));
#9421=CARTESIAN_POINT('',(4.475,4.9,0.3));
#9422=CARTESIAN_POINT('Origin',(5.69,5.02,0.3));
#9423=CARTESIAN_POINT('Origin',(7.65,7.3,1.3));
#9424=CARTESIAN_POINT('',(8.65,7.3,1.3));
#9425=CARTESIAN_POINT('Origin',(7.65,1.85,1.3));
#9426=CARTESIAN_POINT('Origin',(1.3,0.,1.3));
#9427=CARTESIAN_POINT('',(0.3,1.85729490168754,1.30000000000007));
#9428=CARTESIAN_POINT('',(0.3,0.,1.3));
#9429=CARTESIAN_POINT('',(1.3,1.85,0.3));
#9430=CARTESIAN_POINT('',(1.3,0.,0.3));
#9431=CARTESIAN_POINT('',(0.301250782228091,1.85,1.25));
#9432=CARTESIAN_POINT('Origin',(1.3,1.85,1.3));
#9433=CARTESIAN_POINT('Ctrl Pts',(0.300000000000001,1.85729490168754,1.30000000000006));
#9434=CARTESIAN_POINT('Ctrl Pts',(0.3,1.85236005323784,1.28344801511182));
#9435=CARTESIAN_POINT('Ctrl Pts',(0.300434389078192,1.85,1.26630744039713));
#9436=CARTESIAN_POINT('Ctrl Pts',(0.301250782228092,1.85,1.25));
#9437=CARTESIAN_POINT('Origin',(4.475,2.898352527302,0.3));
#9438=CARTESIAN_POINT('',(4.47,5.275,0.3));
#9439=CARTESIAN_POINT('',(4.17,5.45,0.3));
#9440=CARTESIAN_POINT('Origin',(4.371041666667,5.45,0.3));
#9441=CARTESIAN_POINT('',(4.17,5.81,0.3));
#9442=CARTESIAN_POINT('',(4.17,2.898352527302,0.3));
#9443=CARTESIAN_POINT('',(1.3,5.81,0.3));
#9444=CARTESIAN_POINT('',(4.475,5.81,0.3));
#9445=CARTESIAN_POINT('',(1.3,3.85,0.3));
#9446=CARTESIAN_POINT('',(1.3,2.898352527302,0.3));
#9447=CARTESIAN_POINT('',(1.97,3.85,0.3));
#9448=CARTESIAN_POINT('',(0.,3.85,0.3));
#9449=CARTESIAN_POINT('',(2.27,3.55,0.3));
#9450=CARTESIAN_POINT('Origin',(1.97,3.55,0.3));
#9451=CARTESIAN_POINT('',(2.27,2.15,0.3));
#9452=CARTESIAN_POINT('',(2.27,2.898352527302,0.3));
#9453=CARTESIAN_POINT('',(1.97,1.85,0.3));
#9454=CARTESIAN_POINT('Origin',(1.97,2.15,0.3));
#9455=CARTESIAN_POINT('',(4.475,1.85,0.3));
#9456=CARTESIAN_POINT('',(4.47000017840156,1.12499989911832,0.3));
#9457=CARTESIAN_POINT('Origin',(4.371041666667,0.95,0.3));
#9458=CARTESIAN_POINT('',(4.77,1.3,0.3));
#9459=CARTESIAN_POINT('Origin',(4.568958333333,1.3,0.3));
#9460=CARTESIAN_POINT('',(4.77,2.1,0.3));
#9461=CARTESIAN_POINT('',(4.77,2.898352527302,0.3));
#9462=CARTESIAN_POINT('',(4.47,2.275,0.3));
#9463=CARTESIAN_POINT('Origin',(4.568958333333,2.1,0.3));
#9464=CARTESIAN_POINT('',(4.17,2.45,0.3));
#9465=CARTESIAN_POINT('Origin',(4.371041666667,2.45,0.3));
#9466=CARTESIAN_POINT('',(4.17,3.95,0.3));
#9467=CARTESIAN_POINT('',(4.17,2.898352527302,0.3));
#9468=CARTESIAN_POINT('',(4.47,4.125,0.3));
#9469=CARTESIAN_POINT('Origin',(4.371041666667,3.95,0.3));
#9470=CARTESIAN_POINT('',(4.77,4.3,0.3));
#9471=CARTESIAN_POINT('Origin',(4.568958333333,4.3,0.3));
#9472=CARTESIAN_POINT('',(4.77,5.1,0.3));
#9473=CARTESIAN_POINT('',(4.77,2.898352527302,0.3));
#9474=CARTESIAN_POINT('Origin',(4.568958333333,5.1,0.3));
#9475=CARTESIAN_POINT('',(2.3,5.02,0.3));
#9476=CARTESIAN_POINT('',(2.3,5.28,0.3));
#9477=CARTESIAN_POINT('',(2.3,2.898352527302,0.3));
#9478=CARTESIAN_POINT('',(2.42,5.4,0.3));
#9479=CARTESIAN_POINT('Origin',(2.42,5.28,0.3));
#9480=CARTESIAN_POINT('',(3.26,5.4,0.3));
#9481=CARTESIAN_POINT('',(4.475,5.4,0.3));
#9482=CARTESIAN_POINT('',(3.38,5.28,0.3));
#9483=CARTESIAN_POINT('Origin',(3.26,5.28,0.3));
#9484=CARTESIAN_POINT('',(3.38,5.02,0.3));
#9485=CARTESIAN_POINT('',(3.38,2.898352527302,0.3));
#9486=CARTESIAN_POINT('',(3.26,4.9,0.3));
#9487=CARTESIAN_POINT('Origin',(3.26,5.02,0.3));
#9488=CARTESIAN_POINT('',(2.42,4.9,0.3));
#9489=CARTESIAN_POINT('',(4.475,4.9,0.3));
#9490=CARTESIAN_POINT('Origin',(2.42,5.02,0.3));
#9491=CARTESIAN_POINT('Origin',(4.371041666667,0.95,0.));
#9492=CARTESIAN_POINT('',(4.4700001799621,1.12499989823617,0.));
#9493=CARTESIAN_POINT('Origin',(3.26,5.02,0.119999999999998));
#9494=CARTESIAN_POINT('',(3.26,4.9,0.12));
#9495=CARTESIAN_POINT('Origin',(3.26,4.78,0.12));
#9496=CARTESIAN_POINT('',(3.38,5.02,0.12));
#9497=CARTESIAN_POINT('Origin',(3.26,5.02,0.12));
#9498=CARTESIAN_POINT('Origin',(3.5,5.02,0.12));
#9499=CARTESIAN_POINT('Origin',(3.38,4.78,0.12));
#9500=CARTESIAN_POINT('',(2.42,4.9,0.12));
#9501=CARTESIAN_POINT('',(3.38,4.9,0.12));
#9502=CARTESIAN_POINT('Origin',(2.42,4.78,0.12));
#9503=CARTESIAN_POINT('Origin',(2.42,5.02,0.119999999999998));
#9504=CARTESIAN_POINT('',(2.3,5.02,0.12));
#9505=CARTESIAN_POINT('Origin',(2.18,5.02,0.12));
#9506=CARTESIAN_POINT('Origin',(2.42,5.02,0.12));
#9507=CARTESIAN_POINT('Origin',(2.18,4.9,0.12));
#9508=CARTESIAN_POINT('',(2.3,5.28,0.12));
#9509=CARTESIAN_POINT('',(2.3,4.9,0.12));
#9510=CARTESIAN_POINT('Origin',(2.18,5.28,0.12));
#9511=CARTESIAN_POINT('Origin',(2.42,5.28,0.120000000000003));
#9512=CARTESIAN_POINT('',(2.42,5.4,0.12));
#9513=CARTESIAN_POINT('Origin',(2.42,5.52,0.12));
#9514=CARTESIAN_POINT('Origin',(2.42,5.28,0.12));
#9515=CARTESIAN_POINT('Origin',(2.3,5.52,0.12));
#9516=CARTESIAN_POINT('',(3.26,5.4,0.12));
#9517=CARTESIAN_POINT('',(2.3,5.4,0.12));
#9518=CARTESIAN_POINT('Origin',(3.26,5.52,0.12));
#9519=CARTESIAN_POINT('Origin',(3.26,5.28000000000001,0.12));
#9520=CARTESIAN_POINT('',(3.38,5.28,0.12));
#9521=CARTESIAN_POINT('Origin',(3.5,5.28,0.12));
#9522=CARTESIAN_POINT('Origin',(3.26,5.28,0.12));
#9523=CARTESIAN_POINT('Origin',(3.5,5.4,0.12));
#9524=CARTESIAN_POINT('',(3.38,5.4,0.12));
#9525=CARTESIAN_POINT('Origin',(4.568958333333,1.3,0.));
#9526=CARTESIAN_POINT('',(4.77,1.3,0.));
#9527=CARTESIAN_POINT('Origin',(4.77,2.1,0.));
#9528=CARTESIAN_POINT('',(4.77,2.1,0.));
#9529=CARTESIAN_POINT('Origin',(4.568958333333,2.1,0.));
#9530=CARTESIAN_POINT('',(4.46999999999976,2.27500000000043,0.));
#9531=CARTESIAN_POINT('Origin',(4.371041666667,2.45,0.));
#9532=CARTESIAN_POINT('',(4.17,2.45,0.));
#9533=CARTESIAN_POINT('Origin',(4.17,3.95,0.));
#9534=CARTESIAN_POINT('',(4.17,3.95,0.));
#9535=CARTESIAN_POINT('Origin',(4.371041666667,3.95,0.));
#9536=CARTESIAN_POINT('',(4.47000000000024,4.12500000000043,0.));
#9537=CARTESIAN_POINT('Origin',(4.568958333333,4.3,0.));
#9538=CARTESIAN_POINT('',(4.77,4.3,0.));
#9539=CARTESIAN_POINT('Origin',(4.77,5.1,0.));
#9540=CARTESIAN_POINT('',(4.77,5.1,0.));
#9541=CARTESIAN_POINT('Origin',(4.568958333333,5.1,0.));
#9542=CARTESIAN_POINT('',(4.46999999999976,5.27500000000043,0.));
#9543=CARTESIAN_POINT('Origin',(4.371041666667,5.45,0.));
#9544=CARTESIAN_POINT('',(4.17,5.45,0.));
#9545=CARTESIAN_POINT('Origin',(4.17,5.81,0.));
#9546=CARTESIAN_POINT('',(4.17,5.81,0.));
#9547=CARTESIAN_POINT('Origin',(0.,5.81,0.));
#9548=CARTESIAN_POINT('',(0.00096189432321991,5.80999999999937,1.25000000000014));
#9549=CARTESIAN_POINT('Origin',(1.3,5.81,1.3));
#9550=CARTESIAN_POINT('',(0.301250782228091,5.81,1.25));
#9551=CARTESIAN_POINT('',(0.,5.81,1.25));
#9552=CARTESIAN_POINT('Origin',(1.3,5.81,1.3));
#9553=CARTESIAN_POINT('Origin',(1.3,7.3,1.3));
#9554=CARTESIAN_POINT('',(0.000961894323341966,3.85,1.25));
#9555=CARTESIAN_POINT('Origin',(1.3,3.85,1.3));
#9556=CARTESIAN_POINT('Ctrl Pts',(0.000961894323341928,3.85,1.25));
#9557=CARTESIAN_POINT('Ctrl Pts',(0.000334150890975328,3.85,1.26630925278465));
#9558=CARTESIAN_POINT('Ctrl Pts',(-7.56049226288244E-16,3.84763965488737,
1.28344899408965));
#9559=CARTESIAN_POINT('Ctrl Pts',(0.,3.84270509831247,1.30000000000006));
#9560=CARTESIAN_POINT('Origin',(0.0377479238753383,6.02885019041405,1.25140898163884));
#9561=CARTESIAN_POINT('Origin',(1.97,3.55,0.));
#9562=CARTESIAN_POINT('',(2.27,3.55,0.));
#9563=CARTESIAN_POINT('',(1.97,3.85,0.));
#9564=CARTESIAN_POINT('Origin',(2.27,3.55,0.));
#9565=CARTESIAN_POINT('',(2.27,2.15,0.));
#9566=CARTESIAN_POINT('Origin',(1.97,2.15,0.));
#9567=CARTESIAN_POINT('',(1.97,1.85,0.));
#9568=CARTESIAN_POINT('Origin',(1.97,1.85,0.));
#9569=CARTESIAN_POINT('',(1.97,1.85,1.25));
#9570=CARTESIAN_POINT('Origin',(8.95,2.025,1.25));
#9571=CARTESIAN_POINT('',(0.3,2.2,1.25));
#9572=CARTESIAN_POINT('Origin',(0.3,2.025,1.25));
#9573=CARTESIAN_POINT('',(8.95,2.2,1.25));
#9574=CARTESIAN_POINT('Origin',(8.95,1.85,0.));
#9575=CARTESIAN_POINT('Origin',(2.1E-16,2.2,1.25));
#9576=CARTESIAN_POINT('',(0.3,2.2,-0.74));
#9577=CARTESIAN_POINT('',(2.1E-16,2.2,-0.74));
#9578=CARTESIAN_POINT('',(0.3,2.2,1.25));
#9579=CARTESIAN_POINT('Origin',(7.2E-16,2.5,-0.74));
#9580=CARTESIAN_POINT('',(0.3,2.5,-1.04));
#9581=CARTESIAN_POINT('Origin',(0.3,2.5,-0.74));
#9582=CARTESIAN_POINT('',(7.86E-16,2.5,-1.04));
#9583=CARTESIAN_POINT('Origin',(7.9E-16,2.5,-1.04));
#9584=CARTESIAN_POINT('',(0.3,2.7,-1.04));
#9585=CARTESIAN_POINT('',(7.9E-16,2.7,-1.04));
#9586=CARTESIAN_POINT('',(0.3,2.5,-1.04));
#9587=CARTESIAN_POINT('Origin',(7.6E-16,2.7,-0.74));
#9588=CARTESIAN_POINT('',(0.3,3.,-0.74));
#9589=CARTESIAN_POINT('Origin',(0.3,2.7,-0.74));
#9590=CARTESIAN_POINT('',(8.26E-16,3.,-0.74));
#9591=CARTESIAN_POINT('Origin',(8.3E-16,3.,-0.74));
#9592=CARTESIAN_POINT('',(0.3,3.,-0.25));
#9593=CARTESIAN_POINT('',(8.3E-16,3.,-0.25));
#9594=CARTESIAN_POINT('',(0.3,3.,-0.74));
#9595=CARTESIAN_POINT('Origin',(7.7E-16,3.2,-0.25));
#9596=CARTESIAN_POINT('',(0.3,3.2,-0.0499999999999999));
#9597=CARTESIAN_POINT('Origin',(0.3,3.2,-0.25));
#9598=CARTESIAN_POINT('',(7.26E-16,3.2,-0.05));
#9599=CARTESIAN_POINT('Origin',(7.2E-16,3.2,-0.05));
#9600=CARTESIAN_POINT('',(0.3,3.3,-0.0499999999999999));
#9601=CARTESIAN_POINT('',(7.2E-16,3.3,-0.05));
#9602=CARTESIAN_POINT('',(0.3,3.2,-0.0499999999999999));
#9603=CARTESIAN_POINT('Origin',(7.E-16,3.3,0.15));
#9604=CARTESIAN_POINT('',(0.3,3.5,0.15));
#9605=CARTESIAN_POINT('Origin',(0.3,3.3,0.15));
#9606=CARTESIAN_POINT('',(7.44E-16,3.5,0.15));
#9607=CARTESIAN_POINT('Origin',(7.4E-16,3.5,0.15));
#9608=CARTESIAN_POINT('',(0.3,3.5,1.25));
#9609=CARTESIAN_POINT('',(7.4E-16,3.5,1.25));
#9610=CARTESIAN_POINT('',(0.3,3.5,0.15));
#9611=CARTESIAN_POINT('Origin',(8.95,3.675,1.25));
#9612=CARTESIAN_POINT('',(0.301250782228091,3.85,1.25));
#9613=CARTESIAN_POINT('',(8.95,3.85,1.25));
#9614=CARTESIAN_POINT('',(0.3,3.84270509831247,1.30000000000007));
#9615=CARTESIAN_POINT('Ctrl Pts',(0.300000000000001,3.84270509831247,1.30000000000006));
#9616=CARTESIAN_POINT('Ctrl Pts',(0.3,3.84763994676216,1.28344801511182));
#9617=CARTESIAN_POINT('Ctrl Pts',(0.300434389078192,3.85,1.26630744039713));
#9618=CARTESIAN_POINT('Ctrl Pts',(0.301250782228092,3.85,1.25));
#9619=CARTESIAN_POINT('Origin',(0.3,3.675,1.25));
#9620=CARTESIAN_POINT('Origin',(8.95,6.035,1.25));
#9621=CARTESIAN_POINT('',(0.3,5.81562589031441,1.29999999999998));
#9622=CARTESIAN_POINT('',(0.3,6.26,1.25));
#9623=CARTESIAN_POINT('Origin',(0.3,6.035,1.25));
#9624=CARTESIAN_POINT('Ctrl Pts',(0.301250782228092,5.81,1.25));
#9625=CARTESIAN_POINT('Ctrl Pts',(0.30043429686032,5.81,1.26630928244767));
#9626=CARTESIAN_POINT('Ctrl Pts',(0.300000000000004,5.81181167247828,1.28326518715756));
#9627=CARTESIAN_POINT('Ctrl Pts',(0.300000000000001,5.81562589031516,1.29999999999981));
#9628=CARTESIAN_POINT('',(8.95,6.26,1.25));
#9629=CARTESIAN_POINT('Origin',(1.54E-15,6.26,-0.69));
#9630=CARTESIAN_POINT('',(0.3,6.26,-0.69));
#9631=CARTESIAN_POINT('',(1.54E-15,6.26,-0.69));
#9632=CARTESIAN_POINT('',(0.3,6.26,-0.69));
#9633=CARTESIAN_POINT('Origin',(1.62E-15,6.61,-0.69));
#9634=CARTESIAN_POINT('',(0.3,6.61,-1.04));
#9635=CARTESIAN_POINT('Origin',(0.3,6.61,-0.69));
#9636=CARTESIAN_POINT('',(1.697E-15,6.61,-1.04));
#9637=CARTESIAN_POINT('Origin',(1.77E-15,6.95,-1.04));
#9638=CARTESIAN_POINT('',(0.3,6.95,-1.04));
#9639=CARTESIAN_POINT('',(1.77E-15,6.95,-1.04));
#9640=CARTESIAN_POINT('',(0.3,6.95,-1.04));
#9641=CARTESIAN_POINT('Origin',(1.7E-15,6.95,-0.69));
#9642=CARTESIAN_POINT('',(0.3,7.3,-0.69));
#9643=CARTESIAN_POINT('Origin',(0.3,6.95,-0.69));
#9644=CARTESIAN_POINT('',(1.777E-15,7.3,-0.69));
#9645=CARTESIAN_POINT('Origin',(0.15,7.3,0.5175));
#9646=CARTESIAN_POINT('',(0.3,7.3,1.725));
#9647=CARTESIAN_POINT('',(0.15,7.3,1.725));
#9648=CARTESIAN_POINT('',(0.3,7.3,0.5175));
#9649=CARTESIAN_POINT('Origin',(0.,7.3,1.725));
#9650=CARTESIAN_POINT('',(0.3,7.3,1.725));
#9651=CARTESIAN_POINT('Origin',(2.42,5.28,3.03));
#9652=CARTESIAN_POINT('',(2.42,5.28,2.91));
#9653=CARTESIAN_POINT('Origin',(2.42,5.28,3.03));
#9654=CARTESIAN_POINT('Origin',(2.42,5.28,3.03));
#9655=CARTESIAN_POINT('Origin',(2.42,5.4,3.03));
#9656=CARTESIAN_POINT('',(2.42,5.02,2.91));
#9657=CARTESIAN_POINT('',(2.42,5.4,2.91));
#9658=CARTESIAN_POINT('Origin',(2.42,5.02,3.03));
#9659=CARTESIAN_POINT('Origin',(2.42,5.02,3.03));
#9660=CARTESIAN_POINT('Origin',(2.42,5.02,3.03));
#9661=CARTESIAN_POINT('Origin',(2.3,5.02,3.03));
#9662=CARTESIAN_POINT('',(3.26,5.02,2.91));
#9663=CARTESIAN_POINT('Origin',(3.26,5.02,3.03));
#9664=CARTESIAN_POINT('',(2.3,5.02,2.91));
#9665=CARTESIAN_POINT('Origin',(3.26,5.02,3.03));
#9666=CARTESIAN_POINT('Origin',(3.26,5.02,3.03));
#9667=CARTESIAN_POINT('Origin',(3.26,5.4,3.03));
#9668=CARTESIAN_POINT('',(3.26,5.28,2.91));
#9669=CARTESIAN_POINT('',(3.26,5.4,2.91));
#9670=CARTESIAN_POINT('Origin',(3.26,5.28,3.03));
#9671=CARTESIAN_POINT('Origin',(3.26,5.28,3.03));
#9672=CARTESIAN_POINT('Origin',(3.26,5.28,3.03));
#9673=CARTESIAN_POINT('Origin',(2.3,5.28,3.03));
#9674=CARTESIAN_POINT('',(2.3,5.28,2.91));
#9675=CARTESIAN_POINT('Origin',(5.57,5.4,2.91));
#9676=CARTESIAN_POINT('Origin',(5.69,5.02,2.61));
#9677=CARTESIAN_POINT('',(5.57,5.02,2.73));
#9678=CARTESIAN_POINT('',(5.57,5.02,2.61));
#9679=CARTESIAN_POINT('',(5.69,4.9,2.73));
#9680=CARTESIAN_POINT('Origin',(5.69,5.02,2.73));
#9681=CARTESIAN_POINT('',(5.69,4.9,2.61));
#9682=CARTESIAN_POINT('Origin',(6.11,4.9,2.76));
#9683=CARTESIAN_POINT('',(6.53,4.9,2.73));
#9684=CARTESIAN_POINT('',(6.11,4.9,2.73));
#9685=CARTESIAN_POINT('',(6.53,4.9,2.76));
#9686=CARTESIAN_POINT('Origin',(6.53,5.02,2.86));
#9687=CARTESIAN_POINT('',(6.65,5.01999999999847,2.73));
#9688=CARTESIAN_POINT('Origin',(6.53,5.02,2.73));
#9689=CARTESIAN_POINT('',(6.65,5.02,2.86));
#9690=CARTESIAN_POINT('Origin',(6.65,5.4,2.91));
#9691=CARTESIAN_POINT('',(6.65,5.28,2.73));
#9692=CARTESIAN_POINT('',(6.65,5.4,2.73));
#9693=CARTESIAN_POINT('',(6.65,5.28,2.91));
#9694=CARTESIAN_POINT('Origin',(6.53,5.28,2.86));
#9695=CARTESIAN_POINT('',(6.53,5.4,2.73));
#9696=CARTESIAN_POINT('Origin',(6.53,5.28,2.73));
#9697=CARTESIAN_POINT('',(6.53,5.4,2.86));
#9698=CARTESIAN_POINT('Origin',(6.11,5.4,2.76));
#9699=CARTESIAN_POINT('',(5.69,5.4,2.73));
#9700=CARTESIAN_POINT('',(6.11,5.4,2.73));
#9701=CARTESIAN_POINT('',(5.69,5.4,2.76));
#9702=CARTESIAN_POINT('Origin',(5.69,5.28,2.61));
#9703=CARTESIAN_POINT('',(5.57,5.28,2.73));
#9704=CARTESIAN_POINT('',(5.57,5.28,2.61));
#9705=CARTESIAN_POINT('Origin',(5.69,5.28,2.73));
#9706=CARTESIAN_POINT('Origin',(5.57,5.4,2.61));
#9707=CARTESIAN_POINT('',(5.57,5.4,2.73));
#9708=CARTESIAN_POINT('Origin',(3.26,5.02,2.86));
#9709=CARTESIAN_POINT('',(3.26,4.9,2.73));
#9710=CARTESIAN_POINT('',(3.26,4.9,2.86));
#9711=CARTESIAN_POINT('',(3.38,5.02,2.73));
#9712=CARTESIAN_POINT('Origin',(3.26,5.02,2.73));
#9713=CARTESIAN_POINT('',(3.38,5.02,2.86));
#9714=CARTESIAN_POINT('Origin',(3.38,5.4,2.91));
#9715=CARTESIAN_POINT('',(3.38,5.28,2.73));
#9716=CARTESIAN_POINT('',(3.38,5.28,2.91));
#9717=CARTESIAN_POINT('',(3.38,5.4,2.73));
#9718=CARTESIAN_POINT('Origin',(3.26,5.28,2.86));
#9719=CARTESIAN_POINT('',(3.26,5.4,2.73));
#9720=CARTESIAN_POINT('Origin',(3.26,5.28,2.73));
#9721=CARTESIAN_POINT('',(3.26,5.4,2.86));
#9722=CARTESIAN_POINT('Origin',(2.84,5.4,2.76));
#9723=CARTESIAN_POINT('',(2.42,5.4,2.73));
#9724=CARTESIAN_POINT('',(2.42,5.4,2.76));
#9725=CARTESIAN_POINT('',(2.84,5.4,2.73));
#9726=CARTESIAN_POINT('Origin',(2.42,5.28,2.61));
#9727=CARTESIAN_POINT('',(2.3,5.28,2.73));
#9728=CARTESIAN_POINT('Origin',(2.42,5.28,2.73));
#9729=CARTESIAN_POINT('',(2.3,5.28,2.61));
#9730=CARTESIAN_POINT('Origin',(2.3,5.4,2.61));
#9731=CARTESIAN_POINT('',(2.3,5.02,2.73));
#9732=CARTESIAN_POINT('',(2.3,5.4,2.73));
#9733=CARTESIAN_POINT('',(2.3,5.02,2.61));
#9734=CARTESIAN_POINT('Origin',(2.42,5.02,2.61));
#9735=CARTESIAN_POINT('',(2.41999999999923,4.9,2.73));
#9736=CARTESIAN_POINT('Origin',(2.42,5.02,2.73));
#9737=CARTESIAN_POINT('',(2.42,4.9,2.61));
#9738=CARTESIAN_POINT('Origin',(2.84,4.9,2.76));
#9739=CARTESIAN_POINT('',(2.84,4.9,2.73));
#9740=CARTESIAN_POINT('Origin',(8.65,4.050736030146,0.899827015978));
#9741=CARTESIAN_POINT('',(8.65,4.050736030146,1.3));
#9742=CARTESIAN_POINT('Origin',(0.3,4.050736030146,0.899827015978));
#9743=CARTESIAN_POINT('',(0.3,4.050736030146,1.3));
#9744=CARTESIAN_POINT('Origin',(6.98,3.85,0.));
#9745=CARTESIAN_POINT('Origin',(7.65,3.85,1.3));
#9746=CARTESIAN_POINT('Origin',(6.53,5.28,0.));
#9747=CARTESIAN_POINT('',(6.65,5.28,0.13));
#9748=CARTESIAN_POINT('',(6.65,5.28,0.));
#9749=CARTESIAN_POINT('',(6.53,5.4,0.13));
#9750=CARTESIAN_POINT('Origin',(6.53,5.28,0.13));
#9751=CARTESIAN_POINT('',(6.53,5.4,0.));
#9752=CARTESIAN_POINT('Origin',(6.65,5.4,0.));
#9753=CARTESIAN_POINT('',(6.65,5.02,0.13));
#9754=CARTESIAN_POINT('',(6.65,5.4,0.13));
#9755=CARTESIAN_POINT('',(6.65,5.02,0.));
#9756=CARTESIAN_POINT('Origin',(6.53,5.02,0.));
#9757=CARTESIAN_POINT('',(6.53,4.9,0.13));
#9758=CARTESIAN_POINT('',(6.53,4.9,0.));
#9759=CARTESIAN_POINT('Origin',(6.53,5.02,0.13));
#9760=CARTESIAN_POINT('Origin',(6.65,4.9,0.));
#9761=CARTESIAN_POINT('',(5.69,4.9,0.13));
#9762=CARTESIAN_POINT('',(6.65,4.9,0.13));
#9763=CARTESIAN_POINT('',(5.69,4.9,0.));
#9764=CARTESIAN_POINT('Origin',(5.69,5.02,0.));
#9765=CARTESIAN_POINT('',(5.57,5.02,0.13));
#9766=CARTESIAN_POINT('',(5.57,5.02,0.));
#9767=CARTESIAN_POINT('Origin',(5.69,5.02,0.13));
#9768=CARTESIAN_POINT('Origin',(5.57,4.9,0.));
#9769=CARTESIAN_POINT('',(5.57,5.28,0.13));
#9770=CARTESIAN_POINT('',(5.57,4.9,0.13));
#9771=CARTESIAN_POINT('',(5.57,5.28,0.));
#9772=CARTESIAN_POINT('Origin',(5.69,5.28,0.));
#9773=CARTESIAN_POINT('',(5.69,5.4,0.13));
#9774=CARTESIAN_POINT('',(5.69,5.4,0.));
#9775=CARTESIAN_POINT('Origin',(5.69,5.28,0.13));
#9776=CARTESIAN_POINT('Origin',(5.57,5.4,0.));
#9777=CARTESIAN_POINT('',(5.57,5.4,0.13));
#9778=CARTESIAN_POINT('Origin',(5.69,5.28,0.3));
#9779=CARTESIAN_POINT('',(5.57,5.28,0.43));
#9780=CARTESIAN_POINT('',(5.69,5.4,0.43));
#9781=CARTESIAN_POINT('Origin',(5.69,5.28,0.43));
#9782=CARTESIAN_POINT('',(5.69,5.4,0.3));
#9783=CARTESIAN_POINT('',(5.57,5.28,0.3));
#9784=CARTESIAN_POINT('Origin',(5.57,5.4,0.25));
#9785=CARTESIAN_POINT('',(5.57,5.02,0.43));
#9786=CARTESIAN_POINT('',(5.57,5.4,0.43));
#9787=CARTESIAN_POINT('',(5.57,5.02,0.25));
#9788=CARTESIAN_POINT('Origin',(5.69,5.02,0.3));
#9789=CARTESIAN_POINT('',(5.69,4.9,0.43));
#9790=CARTESIAN_POINT('',(5.69,4.9,0.3));
#9791=CARTESIAN_POINT('Origin',(5.69,5.02,0.43));
#9792=CARTESIAN_POINT('Origin',(6.11,4.9,0.4));
#9793=CARTESIAN_POINT('',(6.53,4.9,0.43));
#9794=CARTESIAN_POINT('',(6.11,4.9,0.43));
#9795=CARTESIAN_POINT('',(6.53,4.9,0.4));
#9796=CARTESIAN_POINT('Origin',(6.53,5.02,0.55));
#9797=CARTESIAN_POINT('',(6.65,5.02,0.43));
#9798=CARTESIAN_POINT('',(6.65,5.02,0.55));
#9799=CARTESIAN_POINT('Origin',(6.53,5.02,0.43));
#9800=CARTESIAN_POINT('Origin',(6.65,5.4,0.55));
#9801=CARTESIAN_POINT('',(6.65,5.28,0.43));
#9802=CARTESIAN_POINT('',(6.65,5.4,0.43));
#9803=CARTESIAN_POINT('',(6.65,5.28,0.55));
#9804=CARTESIAN_POINT('Origin',(6.53,5.28,0.55));
#9805=CARTESIAN_POINT('',(6.53,5.4,0.43));
#9806=CARTESIAN_POINT('',(6.53,5.4,0.55));
#9807=CARTESIAN_POINT('Origin',(6.53,5.28,0.43));
#9808=CARTESIAN_POINT('Origin',(6.11,5.4,0.4));
#9809=CARTESIAN_POINT('',(6.11,5.4,0.43));
#9810=CARTESIAN_POINT('Origin',(7.65,7.3,1.3));
#9811=CARTESIAN_POINT('Origin',(2.42,5.28,0.3));
#9812=CARTESIAN_POINT('',(2.3,5.28,0.43));
#9813=CARTESIAN_POINT('',(2.42,5.4,0.43));
#9814=CARTESIAN_POINT('Origin',(2.42,5.28,0.43));
#9815=CARTESIAN_POINT('',(2.42,5.4,0.3));
#9816=CARTESIAN_POINT('',(2.3,5.28,0.3));
#9817=CARTESIAN_POINT('Origin',(2.3,5.4,0.25));
#9818=CARTESIAN_POINT('',(2.3,5.02,0.43));
#9819=CARTESIAN_POINT('',(2.3,5.4,0.43));
#9820=CARTESIAN_POINT('',(2.3,5.02,0.25));
#9821=CARTESIAN_POINT('Origin',(2.42,5.02,0.3));
#9822=CARTESIAN_POINT('',(2.42,4.9,0.43));
#9823=CARTESIAN_POINT('',(2.42,4.9,0.3));
#9824=CARTESIAN_POINT('Origin',(2.42,5.02,0.43));
#9825=CARTESIAN_POINT('Origin',(2.84,4.9,0.4));
#9826=CARTESIAN_POINT('',(3.26,4.9,0.43));
#9827=CARTESIAN_POINT('',(2.84,4.9,0.43));
#9828=CARTESIAN_POINT('',(3.26,4.9,0.4));
#9829=CARTESIAN_POINT('Origin',(3.26,5.02,0.55));
#9830=CARTESIAN_POINT('',(3.38,5.02,0.430000000000096));
#9831=CARTESIAN_POINT('',(3.38,5.02,0.55));
#9832=CARTESIAN_POINT('Origin',(3.26,5.02,0.43));
#9833=CARTESIAN_POINT('Origin',(3.38,5.4,0.55));
#9834=CARTESIAN_POINT('',(3.38,5.28,0.43));
#9835=CARTESIAN_POINT('',(3.38,5.4,0.43));
#9836=CARTESIAN_POINT('',(3.38,5.28,0.55));
#9837=CARTESIAN_POINT('Origin',(3.26,5.28,0.55));
#9838=CARTESIAN_POINT('',(3.26,5.4,0.43));
#9839=CARTESIAN_POINT('',(3.26,5.4,0.55));
#9840=CARTESIAN_POINT('Origin',(3.26,5.28,0.43));
#9841=CARTESIAN_POINT('Origin',(2.84,5.4,0.4));
#9842=CARTESIAN_POINT('',(2.84,5.4,0.43));
#9843=CARTESIAN_POINT('Origin',(1.3,0.,1.3));
#9844=CARTESIAN_POINT('Origin',(1.3,3.85,1.3));
#9845=CARTESIAN_POINT('Origin',(3.26,5.02,0.));
#9846=CARTESIAN_POINT('',(3.38,5.02,0.13));
#9847=CARTESIAN_POINT('',(3.38,5.02,0.));
#9848=CARTESIAN_POINT('',(3.26,4.9,0.13));
#9849=CARTESIAN_POINT('',(3.26,4.9,0.));
#9850=CARTESIAN_POINT('Origin',(3.26,5.02,0.13));
#9851=CARTESIAN_POINT('Origin',(3.38,4.9,0.));
#9852=CARTESIAN_POINT('',(2.42,4.9,0.13));
#9853=CARTESIAN_POINT('',(3.38,4.9,0.13));
#9854=CARTESIAN_POINT('',(2.42,4.9,0.));
#9855=CARTESIAN_POINT('Origin',(2.42,5.02,0.));
#9856=CARTESIAN_POINT('',(2.3,5.02,0.13));
#9857=CARTESIAN_POINT('',(2.3,5.02,0.));
#9858=CARTESIAN_POINT('Origin',(2.42,5.02,0.13));
#9859=CARTESIAN_POINT('Origin',(2.3,4.9,0.));
#9860=CARTESIAN_POINT('',(2.3,5.28,0.13));
#9861=CARTESIAN_POINT('',(2.3,4.9,0.13));
#9862=CARTESIAN_POINT('',(2.3,5.28,0.));
#9863=CARTESIAN_POINT('Origin',(2.42,5.28,0.));
#9864=CARTESIAN_POINT('',(2.42,5.4,0.13));
#9865=CARTESIAN_POINT('',(2.42,5.4,0.));
#9866=CARTESIAN_POINT('Origin',(2.42,5.28,0.13));
#9867=CARTESIAN_POINT('Origin',(2.3,5.4,0.));
#9868=CARTESIAN_POINT('',(3.26,5.4,0.13));
#9869=CARTESIAN_POINT('',(2.3,5.4,0.13));
#9870=CARTESIAN_POINT('',(3.26,5.4,0.));
#9871=CARTESIAN_POINT('Origin',(3.26,5.28,0.));
#9872=CARTESIAN_POINT('',(3.38,5.28,0.13));
#9873=CARTESIAN_POINT('',(3.38,5.28,0.));
#9874=CARTESIAN_POINT('Origin',(3.26,5.28,0.13));
#9875=CARTESIAN_POINT('Origin',(3.38,5.4,0.));
#9876=CARTESIAN_POINT('',(3.38,5.4,0.13));
#9877=CARTESIAN_POINT('Origin',(0.,3.85,0.));
#9878=CARTESIAN_POINT('Origin',(2.3,5.4,2.91));
#9879=CARTESIAN_POINT('Origin',(5.69,5.02,2.73));
#9880=CARTESIAN_POINT('',(5.69,5.02,2.61));
#9881=CARTESIAN_POINT('Origin',(5.69,5.02,2.73));
#9882=CARTESIAN_POINT('Origin',(5.69,5.02,2.73));
#9883=CARTESIAN_POINT('Origin',(6.65,5.02,2.73));
#9884=CARTESIAN_POINT('',(6.53,5.02,2.61));
#9885=CARTESIAN_POINT('Origin',(6.53,5.02,2.73));
#9886=CARTESIAN_POINT('',(6.65,5.02,2.61));
#9887=CARTESIAN_POINT('Origin',(6.53,5.02,2.73));
#9888=CARTESIAN_POINT('Origin',(6.53,5.02,2.73));
#9889=CARTESIAN_POINT('Origin',(6.53,5.4,2.73));
#9890=CARTESIAN_POINT('',(6.53,5.28,2.61));
#9891=CARTESIAN_POINT('',(6.53,5.4,2.61));
#9892=CARTESIAN_POINT('Origin',(6.53,5.28,2.73));
#9893=CARTESIAN_POINT('Origin',(6.53,5.28,2.73));
#9894=CARTESIAN_POINT('Origin',(6.53,5.28,2.73));
#9895=CARTESIAN_POINT('Origin',(6.65,5.28,2.73));
#9896=CARTESIAN_POINT('',(5.69,5.28,2.61));
#9897=CARTESIAN_POINT('',(6.65,5.28,2.61));
#9898=CARTESIAN_POINT('Origin',(5.69,5.28,2.73));
#9899=CARTESIAN_POINT('Origin',(5.69,5.28,2.73));
#9900=CARTESIAN_POINT('Origin',(5.69,5.28,2.73));
#9901=CARTESIAN_POINT('Origin',(5.69,5.4,2.73));
#9902=CARTESIAN_POINT('',(5.69,5.4,2.61));
#9903=CARTESIAN_POINT('Origin',(3.26,5.02,2.73));
#9904=CARTESIAN_POINT('',(3.26,5.02,2.61));
#9905=CARTESIAN_POINT('Origin',(3.26,5.02,2.73));
#9906=CARTESIAN_POINT('Origin',(3.26,5.02,2.73));
#9907=CARTESIAN_POINT('Origin',(3.26,5.4,2.73));
#9908=CARTESIAN_POINT('',(3.26,5.28,2.61));
#9909=CARTESIAN_POINT('Origin',(3.26,5.28,2.73));
#9910=CARTESIAN_POINT('',(3.26,5.4,2.61));
#9911=CARTESIAN_POINT('Origin',(3.26,5.28,2.73));
#9912=CARTESIAN_POINT('Origin',(3.26,5.28,2.73));
#9913=CARTESIAN_POINT('Origin',(3.38,5.28,2.73));
#9914=CARTESIAN_POINT('',(2.42,5.28,2.61));
#9915=CARTESIAN_POINT('Origin',(2.42,5.28,2.73));
#9916=CARTESIAN_POINT('',(3.38,5.28,2.61));
#9917=CARTESIAN_POINT('Origin',(2.42,5.28,2.73));
#9918=CARTESIAN_POINT('Origin',(2.42,5.28,2.73));
#9919=CARTESIAN_POINT('Origin',(2.42,5.4,2.73));
#9920=CARTESIAN_POINT('',(2.42,5.02,2.61));
#9921=CARTESIAN_POINT('Origin',(2.42,5.02,2.73));
#9922=CARTESIAN_POINT('',(2.42,5.4,2.61));
#9923=CARTESIAN_POINT('Origin',(2.42,5.02,2.73));
#9924=CARTESIAN_POINT('Origin',(2.42,5.02,2.73));
#9925=CARTESIAN_POINT('Origin',(3.38,5.02,2.73));
#9926=CARTESIAN_POINT('',(3.38,5.02,2.61));
#9927=CARTESIAN_POINT('Origin',(6.53,5.28,0.130000000000002));
#9928=CARTESIAN_POINT('',(6.53,5.28,0.25));
#9929=CARTESIAN_POINT('Origin',(6.53,5.28,0.13));
#9930=CARTESIAN_POINT('Origin',(6.53,5.28,0.13));
#9931=CARTESIAN_POINT('Origin',(6.53,5.4,0.13));
#9932=CARTESIAN_POINT('',(6.53,5.02,0.25));
#9933=CARTESIAN_POINT('Origin',(6.53,5.02,0.13));
#9934=CARTESIAN_POINT('',(6.53,5.4,0.25));
#9935=CARTESIAN_POINT('Origin',(6.53,5.02,0.130000000000002));
#9936=CARTESIAN_POINT('Origin',(6.53,5.02,0.13));
#9937=CARTESIAN_POINT('Origin',(6.65,5.02,0.13));
#9938=CARTESIAN_POINT('',(5.69,5.02,0.25));
#9939=CARTESIAN_POINT('',(6.65,5.02,0.25));
#9940=CARTESIAN_POINT('Origin',(5.69,5.02,0.13));
#9941=CARTESIAN_POINT('Origin',(5.69,5.02,0.13));
#9942=CARTESIAN_POINT('Origin',(5.69,5.02,0.13));
#9943=CARTESIAN_POINT('Origin',(5.69,5.4,0.13));
#9944=CARTESIAN_POINT('',(5.69,5.28,0.25));
#9945=CARTESIAN_POINT('',(5.69,5.4,0.25));
#9946=CARTESIAN_POINT('Origin',(5.69,5.28,0.13));
#9947=CARTESIAN_POINT('Origin',(5.69,5.28,0.129999999999999));
#9948=CARTESIAN_POINT('Origin',(5.69,5.28,0.13));
#9949=CARTESIAN_POINT('Origin',(6.65,5.28,0.13));
#9950=CARTESIAN_POINT('',(6.65,5.28,0.25));
#9951=CARTESIAN_POINT('Origin',(5.69,5.28,0.43));
#9952=CARTESIAN_POINT('',(5.69,5.28,0.55));
#9953=CARTESIAN_POINT('Origin',(5.69,5.28,0.43));
#9954=CARTESIAN_POINT('Origin',(5.69,5.28,0.43));
#9955=CARTESIAN_POINT('Origin',(5.69,5.4,0.43));
#9956=CARTESIAN_POINT('',(5.69,5.02,0.55));
#9957=CARTESIAN_POINT('',(5.69,5.4,0.55));
#9958=CARTESIAN_POINT('Origin',(5.69,5.02,0.43));
#9959=CARTESIAN_POINT('Origin',(5.69,5.02,0.43));
#9960=CARTESIAN_POINT('Origin',(5.69,5.02,0.43));
#9961=CARTESIAN_POINT('Origin',(5.57,5.02,0.43));
#9962=CARTESIAN_POINT('',(6.53,5.01999999999847,0.55));
#9963=CARTESIAN_POINT('Origin',(6.53,5.02,0.43));
#9964=CARTESIAN_POINT('',(5.57,5.02,0.55));
#9965=CARTESIAN_POINT('Origin',(6.53,5.02,0.430000000000001));
#9966=CARTESIAN_POINT('Origin',(6.53,5.02,0.43));
#9967=CARTESIAN_POINT('Origin',(6.53,5.4,0.43));
#9968=CARTESIAN_POINT('',(6.53,5.28,0.55));
#9969=CARTESIAN_POINT('Origin',(6.53,5.28,0.43));
#9970=CARTESIAN_POINT('',(6.53,5.4,0.55));
#9971=CARTESIAN_POINT('Origin',(6.53000000000001,5.28,0.430000000000007));
#9972=CARTESIAN_POINT('Origin',(6.53,5.28,0.43));
#9973=CARTESIAN_POINT('Origin',(5.57,5.28,0.43));
#9974=CARTESIAN_POINT('',(5.57,5.28,0.55));
#9975=CARTESIAN_POINT('Origin',(2.42,5.28,0.43));
#9976=CARTESIAN_POINT('',(2.42,5.28,0.55));
#9977=CARTESIAN_POINT('Origin',(2.42,5.28,0.43));
#9978=CARTESIAN_POINT('Origin',(2.42,5.28,0.43));
#9979=CARTESIAN_POINT('Origin',(2.42,5.4,0.43));
#9980=CARTESIAN_POINT('',(2.42,5.02,0.55));
#9981=CARTESIAN_POINT('',(2.42,5.4,0.55));
#9982=CARTESIAN_POINT('Origin',(2.42,5.02,0.43));
#9983=CARTESIAN_POINT('Origin',(2.42,5.02,0.429999999999999));
#9984=CARTESIAN_POINT('Origin',(2.42,5.02,0.43));
#9985=CARTESIAN_POINT('Origin',(2.3,5.02,0.43));
#9986=CARTESIAN_POINT('',(3.26,5.02,0.55));
#9987=CARTESIAN_POINT('',(2.3,5.02,0.55));
#9988=CARTESIAN_POINT('Origin',(3.26,5.02,0.43));
#9989=CARTESIAN_POINT('Origin',(3.26,5.02,0.430000000000001));
#9990=CARTESIAN_POINT('Origin',(3.26,5.02,0.43));
#9991=CARTESIAN_POINT('Origin',(3.26,5.4,0.43));
#9992=CARTESIAN_POINT('',(3.26,5.28,0.55));
#9993=CARTESIAN_POINT('Origin',(3.26,5.28,0.43));
#9994=CARTESIAN_POINT('',(3.26,5.4,0.55));
#9995=CARTESIAN_POINT('Origin',(3.26,5.28,0.430000000000002));
#9996=CARTESIAN_POINT('Origin',(3.26,5.28,0.43));
#9997=CARTESIAN_POINT('Origin',(2.3,5.28,0.43));
#9998=CARTESIAN_POINT('',(2.3,5.28,0.55));
#9999=CARTESIAN_POINT('Origin',(3.26,5.02,0.129999999999999));
#10000=CARTESIAN_POINT('',(3.26,5.01999999999693,0.25));
#10001=CARTESIAN_POINT('Origin',(3.26,5.02,0.13));
#10002=CARTESIAN_POINT('Origin',(3.26,5.02,0.13));
#10003=CARTESIAN_POINT('Origin',(3.38,5.02,0.13));
#10004=CARTESIAN_POINT('',(2.42,5.02,0.25));
#10005=CARTESIAN_POINT('Origin',(2.42,5.02,0.13));
#10006=CARTESIAN_POINT('',(3.38,5.02,0.25));
#10007=CARTESIAN_POINT('Origin',(2.42,5.02,0.130000000000001));
#10008=CARTESIAN_POINT('Origin',(2.42,5.02,0.13));
#10009=CARTESIAN_POINT('Origin',(2.42,5.4,0.13));
#10010=CARTESIAN_POINT('',(2.42,5.28,0.25));
#10011=CARTESIAN_POINT('',(2.42,5.4,0.25));
#10012=CARTESIAN_POINT('Origin',(2.42,5.28,0.13));
#10013=CARTESIAN_POINT('Origin',(2.42,5.28,0.129999999999998));
#10014=CARTESIAN_POINT('Origin',(2.42,5.28,0.13));
#10015=CARTESIAN_POINT('Origin',(3.38,5.28,0.13));
#10016=CARTESIAN_POINT('',(3.26,5.28,0.25));
#10017=CARTESIAN_POINT('',(3.38,5.28,0.25));
#10018=CARTESIAN_POINT('Origin',(3.26,5.28,0.13));
#10019=CARTESIAN_POINT('Origin',(3.26,5.28,0.130000000000003));
#10020=CARTESIAN_POINT('Origin',(3.26,5.28,0.13));
#10021=CARTESIAN_POINT('Origin',(3.26,5.4,0.13));
#10022=CARTESIAN_POINT('',(3.26,5.4,0.25));
#10023=CARTESIAN_POINT('Origin',(6.65,5.4,2.61));
#10024=CARTESIAN_POINT('Origin',(3.38,5.4,2.61));
#10025=CARTESIAN_POINT('Origin',(6.65,5.4,0.25));
#10026=CARTESIAN_POINT('Origin',(5.57,5.4,0.55));
#10027=CARTESIAN_POINT('Origin',(2.3,5.4,0.55));
#10028=CARTESIAN_POINT('Origin',(3.38,5.4,0.25));
#10029=UNCERTAINTY_MEASURE_WITH_UNIT(LENGTH_MEASURE(0.01),#10033,
'DISTANCE_ACCURACY_VALUE',
'Maximum model space distance between geometric entities at asserted c
onnectivities');
#10030=UNCERTAINTY_MEASURE_WITH_UNIT(LENGTH_MEASURE(0.01),#10033,
'DISTANCE_ACCURACY_VALUE',
'Maximum model space distance between geometric entities at asserted c
onnectivities');
#10031=(
GEOMETRIC_REPRESENTATION_CONTEXT(3)
GLOBAL_UNCERTAINTY_ASSIGNED_CONTEXT((#10029))
GLOBAL_UNIT_ASSIGNED_CONTEXT((#10033,#10035,#10036))
REPRESENTATION_CONTEXT('','3D')
);
#10032=(
GEOMETRIC_REPRESENTATION_CONTEXT(3)
GLOBAL_UNCERTAINTY_ASSIGNED_CONTEXT((#10030))
GLOBAL_UNIT_ASSIGNED_CONTEXT((#10033,#10035,#10036))
REPRESENTATION_CONTEXT('','3D')
);
#10033=(
LENGTH_UNIT()
NAMED_UNIT(*)
SI_UNIT(.MILLI.,.METRE.)
);
#10034=(
LENGTH_UNIT()
NAMED_UNIT(*)
SI_UNIT($,.METRE.)
);
#10035=(
NAMED_UNIT(*)
PLANE_ANGLE_UNIT()
SI_UNIT($,.RADIAN.)
);
#10036=(
NAMED_UNIT(*)
SI_UNIT($,.STERADIAN.)
SOLID_ANGLE_UNIT()
);
#10037=SHAPE_DEFINITION_REPRESENTATION(#10038,#10039);
#10038=PRODUCT_DEFINITION_SHAPE('',$,#10041);
#10039=SHAPE_REPRESENTATION('',(#5441),#10031);
#10040=PRODUCT_DEFINITION_CONTEXT('part definition',#10045,'design');
#10041=PRODUCT_DEFINITION('Frame','Frame',#10042,#10040);
#10042=PRODUCT_DEFINITION_FORMATION('',$,#10047);
#10043=PRODUCT_RELATED_PRODUCT_CATEGORY('Frame','Frame',(#10047));
#10044=APPLICATION_PROTOCOL_DEFINITION('international standard',
'automotive_design',2009,#10045);
#10045=APPLICATION_CONTEXT(
'Core Data for Automotive Mechanical Design Process');
#10046=PRODUCT_CONTEXT('part definition',#10045,'mechanical');
#10047=PRODUCT('Frame','Frame',$,(#10046));
#10048=PRESENTATION_STYLE_ASSIGNMENT((#10050));
#10049=PRESENTATION_STYLE_ASSIGNMENT((#10051));
#10050=SURFACE_STYLE_USAGE(.BOTH.,#10052);
#10051=SURFACE_STYLE_USAGE(.BOTH.,#10053);
#10052=SURFACE_SIDE_STYLE('',(#10054));
#10053=SURFACE_SIDE_STYLE('',(#10055));
#10054=SURFACE_STYLE_FILL_AREA(#10056);
#10055=SURFACE_STYLE_FILL_AREA(#10057);
#10056=FILL_AREA_STYLE('Acier - Satin\X\E9',(#10058));
#10057=FILL_AREA_STYLE('Opaque(204,204,204)',(#10059));
#10058=FILL_AREA_STYLE_COLOUR('Acier - Satin\X\E9',#10060);
#10059=FILL_AREA_STYLE_COLOUR('Opaque(204,204,204)',#10061);
#10060=COLOUR_RGB('Acier - Satin\X\E9',0.627450980392157,0.627450980392157,
0.627450980392157);
#10061=COLOUR_RGB('Opaque(204,204,204)',0.8,0.8,0.8);
ENDSEC;
END-ISO-10303-21;
