ISO-10303-21;
HEADER;
/* Generated by software containing ST-Developer
 * from STEP Tools, Inc. (www.steptools.com) 
 */

FILE_DESCRIPTION(
/* description */ (''),
/* implementation_level */ '2;1');

FILE_NAME(
/* name */ 'SOP-16_4.4x10.4mm_P1.27mm.step',
/* time_stamp */ '2026-02-08T19:08:37+01:00',
/* author */ (''),
/* organization */ (''),
/* preprocessor_version */ 'ST-DEVELOPER v20.1',
/* originating_system */ 'Autodesk Translation Framework v14.24.0.0',
/* authorisation */ '');

FILE_SCHEMA (('AUTOMOTIVE_DESIGN { 1 0 10303 214 3 1 1 }'));
ENDSEC;

DATA;
#10=MECHANICAL_DESIGN_GEOMETRIC_PRESENTATION_REPRESENTATION('',(#4320,#4321,
#4322,#4323,#4324,#4325,#4326,#4327,#4328,#4329,#4330,#4331,#4332,#4333,
#4334,#4335,#4336,#4337,#4338,#4339,#4340,#4341,#4342,#4343,#4344,#4345,
#4346,#4347,#4348,#4349,#4350,#4351,#4352,#4353,#4354,#4355,#4356,#4357,
#4358,#4359,#4360,#4361,#4362,#4363,#4364,#4365),#7575);
#11=SHAPE_REPRESENTATION_RELATIONSHIP('SRR','None',#7582,#12);
#12=ADVANCED_BREP_SHAPE_REPRESENTATION('',(#13),#7574);
#13=MANIFOLD_SOLID_BREP('Corps1',#4603);
#14=FACE_BOUND('',#476,.T.);
#15=FACE_BOUND('',#660,.T.);
#16=PLANE('',#4620);
#17=PLANE('',#4621);
#18=PLANE('',#4622);
#19=PLANE('',#4623);
#20=PLANE('',#4624);
#21=PLANE('',#4625);
#22=PLANE('',#4626);
#23=PLANE('',#4627);
#24=PLANE('',#4628);
#25=PLANE('',#4629);
#26=PLANE('',#4630);
#27=PLANE('',#4631);
#28=PLANE('',#4632);
#29=PLANE('',#4633);
#30=PLANE('',#4634);
#31=PLANE('',#4635);
#32=PLANE('',#4636);
#33=PLANE('',#4637);
#34=PLANE('',#4638);
#35=PLANE('',#4639);
#36=PLANE('',#4640);
#37=PLANE('',#4641);
#38=PLANE('',#4642);
#39=PLANE('',#4643);
#40=PLANE('',#4644);
#41=PLANE('',#4645);
#42=PLANE('',#4646);
#43=PLANE('',#4647);
#44=PLANE('',#4648);
#45=PLANE('',#4649);
#46=PLANE('',#4650);
#47=PLANE('',#4651);
#48=PLANE('',#4652);
#49=PLANE('',#4653);
#50=PLANE('',#4654);
#51=PLANE('',#4655);
#52=PLANE('',#4656);
#53=PLANE('',#4657);
#54=PLANE('',#4658);
#55=PLANE('',#4659);
#56=PLANE('',#4660);
#57=PLANE('',#4661);
#58=PLANE('',#4662);
#59=PLANE('',#4663);
#60=PLANE('',#4664);
#61=PLANE('',#4665);
#62=PLANE('',#4666);
#63=PLANE('',#4667);
#64=PLANE('',#4668);
#65=PLANE('',#4669);
#66=PLANE('',#4670);
#67=PLANE('',#4677);
#68=PLANE('',#4681);
#69=PLANE('',#4688);
#70=PLANE('',#4692);
#71=PLANE('',#4699);
#72=PLANE('',#4703);
#73=PLANE('',#4710);
#74=PLANE('',#4714);
#75=PLANE('',#4721);
#76=PLANE('',#4725);
#77=PLANE('',#4732);
#78=PLANE('',#4736);
#79=PLANE('',#4743);
#80=PLANE('',#4747);
#81=PLANE('',#4754);
#82=PLANE('',#4758);
#83=PLANE('',#4765);
#84=PLANE('',#4769);
#85=PLANE('',#4776);
#86=PLANE('',#4780);
#87=PLANE('',#4787);
#88=PLANE('',#4791);
#89=PLANE('',#4798);
#90=PLANE('',#4802);
#91=PLANE('',#4809);
#92=PLANE('',#4813);
#93=PLANE('',#4820);
#94=PLANE('',#4824);
#95=PLANE('',#4831);
#96=PLANE('',#4835);
#97=PLANE('',#4842);
#98=PLANE('',#4846);
#99=PLANE('',#4848);
#100=PLANE('',#4850);
#101=PLANE('',#4851);
#102=PLANE('',#4852);
#103=PLANE('',#4854);
#104=PLANE('',#4856);
#105=PLANE('',#4858);
#106=PLANE('',#4859);
#107=PLANE('',#4860);
#108=PLANE('',#4862);
#109=PLANE('',#4864);
#110=PLANE('',#4866);
#111=PLANE('',#4867);
#112=PLANE('',#4868);
#113=PLANE('',#4870);
#114=PLANE('',#4872);
#115=PLANE('',#4874);
#116=PLANE('',#4875);
#117=PLANE('',#4876);
#118=PLANE('',#4878);
#119=PLANE('',#4880);
#120=PLANE('',#4882);
#121=PLANE('',#4883);
#122=PLANE('',#4884);
#123=PLANE('',#4886);
#124=PLANE('',#4888);
#125=PLANE('',#4890);
#126=PLANE('',#4891);
#127=PLANE('',#4892);
#128=PLANE('',#4894);
#129=PLANE('',#4896);
#130=PLANE('',#4898);
#131=PLANE('',#4899);
#132=PLANE('',#4900);
#133=PLANE('',#4902);
#134=PLANE('',#4904);
#135=PLANE('',#4906);
#136=PLANE('',#4907);
#137=PLANE('',#4908);
#138=PLANE('',#4910);
#139=PLANE('',#4911);
#140=PLANE('',#4912);
#141=PLANE('',#4913);
#142=PLANE('',#4915);
#143=PLANE('',#4917);
#144=PLANE('',#4918);
#145=PLANE('',#4919);
#146=PLANE('',#4921);
#147=PLANE('',#4923);
#148=PLANE('',#4925);
#149=PLANE('',#4926);
#150=PLANE('',#4927);
#151=PLANE('',#4929);
#152=PLANE('',#4931);
#153=PLANE('',#4933);
#154=PLANE('',#4934);
#155=PLANE('',#4935);
#156=PLANE('',#4937);
#157=PLANE('',#4939);
#158=PLANE('',#4941);
#159=PLANE('',#4942);
#160=PLANE('',#4943);
#161=PLANE('',#4945);
#162=PLANE('',#4947);
#163=PLANE('',#4949);
#164=PLANE('',#4950);
#165=PLANE('',#4951);
#166=PLANE('',#4953);
#167=PLANE('',#4955);
#168=PLANE('',#4957);
#169=PLANE('',#4958);
#170=PLANE('',#4959);
#171=PLANE('',#4961);
#172=PLANE('',#4963);
#173=PLANE('',#4965);
#174=PLANE('',#4966);
#175=PLANE('',#4967);
#176=PLANE('',#4969);
#177=PLANE('',#4971);
#178=PLANE('',#4973);
#179=PLANE('',#4974);
#180=PLANE('',#4975);
#181=PLANE('',#4977);
#182=PLANE('',#4978);
#183=PLANE('',#4979);
#184=PLANE('',#4980);
#185=PLANE('',#4981);
#186=PLANE('',#4982);
#187=PLANE('',#4983);
#188=FACE_OUTER_BOUND('',#425,.T.);
#189=FACE_OUTER_BOUND('',#426,.T.);
#190=FACE_OUTER_BOUND('',#427,.T.);
#191=FACE_OUTER_BOUND('',#428,.T.);
#192=FACE_OUTER_BOUND('',#429,.T.);
#193=FACE_OUTER_BOUND('',#430,.T.);
#194=FACE_OUTER_BOUND('',#431,.T.);
#195=FACE_OUTER_BOUND('',#432,.T.);
#196=FACE_OUTER_BOUND('',#433,.T.);
#197=FACE_OUTER_BOUND('',#434,.T.);
#198=FACE_OUTER_BOUND('',#435,.T.);
#199=FACE_OUTER_BOUND('',#436,.T.);
#200=FACE_OUTER_BOUND('',#437,.T.);
#201=FACE_OUTER_BOUND('',#438,.T.);
#202=FACE_OUTER_BOUND('',#439,.T.);
#203=FACE_OUTER_BOUND('',#440,.T.);
#204=FACE_OUTER_BOUND('',#441,.T.);
#205=FACE_OUTER_BOUND('',#442,.T.);
#206=FACE_OUTER_BOUND('',#443,.T.);
#207=FACE_OUTER_BOUND('',#444,.T.);
#208=FACE_OUTER_BOUND('',#445,.T.);
#209=FACE_OUTER_BOUND('',#446,.T.);
#210=FACE_OUTER_BOUND('',#447,.T.);
#211=FACE_OUTER_BOUND('',#448,.T.);
#212=FACE_OUTER_BOUND('',#449,.T.);
#213=FACE_OUTER_BOUND('',#450,.T.);
#214=FACE_OUTER_BOUND('',#451,.T.);
#215=FACE_OUTER_BOUND('',#452,.T.);
#216=FACE_OUTER_BOUND('',#453,.T.);
#217=FACE_OUTER_BOUND('',#454,.T.);
#218=FACE_OUTER_BOUND('',#455,.T.);
#219=FACE_OUTER_BOUND('',#456,.T.);
#220=FACE_OUTER_BOUND('',#457,.T.);
#221=FACE_OUTER_BOUND('',#458,.T.);
#222=FACE_OUTER_BOUND('',#459,.T.);
#223=FACE_OUTER_BOUND('',#460,.T.);
#224=FACE_OUTER_BOUND('',#461,.T.);
#225=FACE_OUTER_BOUND('',#462,.T.);
#226=FACE_OUTER_BOUND('',#463,.T.);
#227=FACE_OUTER_BOUND('',#464,.T.);
#228=FACE_OUTER_BOUND('',#465,.T.);
#229=FACE_OUTER_BOUND('',#466,.T.);
#230=FACE_OUTER_BOUND('',#467,.T.);
#231=FACE_OUTER_BOUND('',#468,.T.);
#232=FACE_OUTER_BOUND('',#469,.T.);
#233=FACE_OUTER_BOUND('',#470,.T.);
#234=FACE_OUTER_BOUND('',#471,.T.);
#235=FACE_OUTER_BOUND('',#472,.T.);
#236=FACE_OUTER_BOUND('',#473,.T.);
#237=FACE_OUTER_BOUND('',#474,.T.);
#238=FACE_OUTER_BOUND('',#475,.T.);
#239=FACE_OUTER_BOUND('',#477,.T.);
#240=FACE_OUTER_BOUND('',#478,.T.);
#241=FACE_OUTER_BOUND('',#479,.T.);
#242=FACE_OUTER_BOUND('',#480,.T.);
#243=FACE_OUTER_BOUND('',#481,.T.);
#244=FACE_OUTER_BOUND('',#482,.T.);
#245=FACE_OUTER_BOUND('',#483,.T.);
#246=FACE_OUTER_BOUND('',#484,.T.);
#247=FACE_OUTER_BOUND('',#485,.T.);
#248=FACE_OUTER_BOUND('',#486,.T.);
#249=FACE_OUTER_BOUND('',#487,.T.);
#250=FACE_OUTER_BOUND('',#488,.T.);
#251=FACE_OUTER_BOUND('',#489,.T.);
#252=FACE_OUTER_BOUND('',#490,.T.);
#253=FACE_OUTER_BOUND('',#491,.T.);
#254=FACE_OUTER_BOUND('',#492,.T.);
#255=FACE_OUTER_BOUND('',#493,.T.);
#256=FACE_OUTER_BOUND('',#494,.T.);
#257=FACE_OUTER_BOUND('',#495,.T.);
#258=FACE_OUTER_BOUND('',#496,.T.);
#259=FACE_OUTER_BOUND('',#497,.T.);
#260=FACE_OUTER_BOUND('',#498,.T.);
#261=FACE_OUTER_BOUND('',#499,.T.);
#262=FACE_OUTER_BOUND('',#500,.T.);
#263=FACE_OUTER_BOUND('',#501,.T.);
#264=FACE_OUTER_BOUND('',#502,.T.);
#265=FACE_OUTER_BOUND('',#503,.T.);
#266=FACE_OUTER_BOUND('',#504,.T.);
#267=FACE_OUTER_BOUND('',#505,.T.);
#268=FACE_OUTER_BOUND('',#506,.T.);
#269=FACE_OUTER_BOUND('',#507,.T.);
#270=FACE_OUTER_BOUND('',#508,.T.);
#271=FACE_OUTER_BOUND('',#509,.T.);
#272=FACE_OUTER_BOUND('',#510,.T.);
#273=FACE_OUTER_BOUND('',#511,.T.);
#274=FACE_OUTER_BOUND('',#512,.T.);
#275=FACE_OUTER_BOUND('',#513,.T.);
#276=FACE_OUTER_BOUND('',#514,.T.);
#277=FACE_OUTER_BOUND('',#515,.T.);
#278=FACE_OUTER_BOUND('',#516,.T.);
#279=FACE_OUTER_BOUND('',#517,.T.);
#280=FACE_OUTER_BOUND('',#518,.T.);
#281=FACE_OUTER_BOUND('',#519,.T.);
#282=FACE_OUTER_BOUND('',#520,.T.);
#283=FACE_OUTER_BOUND('',#521,.T.);
#284=FACE_OUTER_BOUND('',#522,.T.);
#285=FACE_OUTER_BOUND('',#523,.T.);
#286=FACE_OUTER_BOUND('',#524,.T.);
#287=FACE_OUTER_BOUND('',#525,.T.);
#288=FACE_OUTER_BOUND('',#526,.T.);
#289=FACE_OUTER_BOUND('',#527,.T.);
#290=FACE_OUTER_BOUND('',#528,.T.);
#291=FACE_OUTER_BOUND('',#529,.T.);
#292=FACE_OUTER_BOUND('',#530,.T.);
#293=FACE_OUTER_BOUND('',#531,.T.);
#294=FACE_OUTER_BOUND('',#532,.T.);
#295=FACE_OUTER_BOUND('',#533,.T.);
#296=FACE_OUTER_BOUND('',#534,.T.);
#297=FACE_OUTER_BOUND('',#535,.T.);
#298=FACE_OUTER_BOUND('',#536,.T.);
#299=FACE_OUTER_BOUND('',#537,.T.);
#300=FACE_OUTER_BOUND('',#538,.T.);
#301=FACE_OUTER_BOUND('',#539,.T.);
#302=FACE_OUTER_BOUND('',#540,.T.);
#303=FACE_OUTER_BOUND('',#541,.T.);
#304=FACE_OUTER_BOUND('',#542,.T.);
#305=FACE_OUTER_BOUND('',#543,.T.);
#306=FACE_OUTER_BOUND('',#544,.T.);
#307=FACE_OUTER_BOUND('',#545,.T.);
#308=FACE_OUTER_BOUND('',#546,.T.);
#309=FACE_OUTER_BOUND('',#547,.T.);
#310=FACE_OUTER_BOUND('',#548,.T.);
#311=FACE_OUTER_BOUND('',#549,.T.);
#312=FACE_OUTER_BOUND('',#550,.T.);
#313=FACE_OUTER_BOUND('',#551,.T.);
#314=FACE_OUTER_BOUND('',#552,.T.);
#315=FACE_OUTER_BOUND('',#553,.T.);
#316=FACE_OUTER_BOUND('',#554,.T.);
#317=FACE_OUTER_BOUND('',#555,.T.);
#318=FACE_OUTER_BOUND('',#556,.T.);
#319=FACE_OUTER_BOUND('',#557,.T.);
#320=FACE_OUTER_BOUND('',#558,.T.);
#321=FACE_OUTER_BOUND('',#559,.T.);
#322=FACE_OUTER_BOUND('',#560,.T.);
#323=FACE_OUTER_BOUND('',#561,.T.);
#324=FACE_OUTER_BOUND('',#562,.T.);
#325=FACE_OUTER_BOUND('',#563,.T.);
#326=FACE_OUTER_BOUND('',#564,.T.);
#327=FACE_OUTER_BOUND('',#565,.T.);
#328=FACE_OUTER_BOUND('',#566,.T.);
#329=FACE_OUTER_BOUND('',#567,.T.);
#330=FACE_OUTER_BOUND('',#568,.T.);
#331=FACE_OUTER_BOUND('',#569,.T.);
#332=FACE_OUTER_BOUND('',#570,.T.);
#333=FACE_OUTER_BOUND('',#571,.T.);
#334=FACE_OUTER_BOUND('',#572,.T.);
#335=FACE_OUTER_BOUND('',#573,.T.);
#336=FACE_OUTER_BOUND('',#574,.T.);
#337=FACE_OUTER_BOUND('',#575,.T.);
#338=FACE_OUTER_BOUND('',#576,.T.);
#339=FACE_OUTER_BOUND('',#577,.T.);
#340=FACE_OUTER_BOUND('',#578,.T.);
#341=FACE_OUTER_BOUND('',#579,.T.);
#342=FACE_OUTER_BOUND('',#580,.T.);
#343=FACE_OUTER_BOUND('',#581,.T.);
#344=FACE_OUTER_BOUND('',#582,.T.);
#345=FACE_OUTER_BOUND('',#583,.T.);
#346=FACE_OUTER_BOUND('',#584,.T.);
#347=FACE_OUTER_BOUND('',#585,.T.);
#348=FACE_OUTER_BOUND('',#586,.T.);
#349=FACE_OUTER_BOUND('',#587,.T.);
#350=FACE_OUTER_BOUND('',#588,.T.);
#351=FACE_OUTER_BOUND('',#589,.T.);
#352=FACE_OUTER_BOUND('',#590,.T.);
#353=FACE_OUTER_BOUND('',#591,.T.);
#354=FACE_OUTER_BOUND('',#592,.T.);
#355=FACE_OUTER_BOUND('',#593,.T.);
#356=FACE_OUTER_BOUND('',#594,.T.);
#357=FACE_OUTER_BOUND('',#595,.T.);
#358=FACE_OUTER_BOUND('',#596,.T.);
#359=FACE_OUTER_BOUND('',#597,.T.);
#360=FACE_OUTER_BOUND('',#598,.T.);
#361=FACE_OUTER_BOUND('',#599,.T.);
#362=FACE_OUTER_BOUND('',#600,.T.);
#363=FACE_OUTER_BOUND('',#601,.T.);
#364=FACE_OUTER_BOUND('',#602,.T.);
#365=FACE_OUTER_BOUND('',#603,.T.);
#366=FACE_OUTER_BOUND('',#604,.T.);
#367=FACE_OUTER_BOUND('',#605,.T.);
#368=FACE_OUTER_BOUND('',#606,.T.);
#369=FACE_OUTER_BOUND('',#607,.T.);
#370=FACE_OUTER_BOUND('',#608,.T.);
#371=FACE_OUTER_BOUND('',#609,.T.);
#372=FACE_OUTER_BOUND('',#610,.T.);
#373=FACE_OUTER_BOUND('',#611,.T.);
#374=FACE_OUTER_BOUND('',#612,.T.);
#375=FACE_OUTER_BOUND('',#613,.T.);
#376=FACE_OUTER_BOUND('',#614,.T.);
#377=FACE_OUTER_BOUND('',#615,.T.);
#378=FACE_OUTER_BOUND('',#616,.T.);
#379=FACE_OUTER_BOUND('',#617,.T.);
#380=FACE_OUTER_BOUND('',#618,.T.);
#381=FACE_OUTER_BOUND('',#619,.T.);
#382=FACE_OUTER_BOUND('',#620,.T.);
#383=FACE_OUTER_BOUND('',#621,.T.);
#384=FACE_OUTER_BOUND('',#622,.T.);
#385=FACE_OUTER_BOUND('',#623,.T.);
#386=FACE_OUTER_BOUND('',#624,.T.);
#387=FACE_OUTER_BOUND('',#625,.T.);
#388=FACE_OUTER_BOUND('',#626,.T.);
#389=FACE_OUTER_BOUND('',#627,.T.);
#390=FACE_OUTER_BOUND('',#628,.T.);
#391=FACE_OUTER_BOUND('',#629,.T.);
#392=FACE_OUTER_BOUND('',#630,.T.);
#393=FACE_OUTER_BOUND('',#631,.T.);
#394=FACE_OUTER_BOUND('',#632,.T.);
#395=FACE_OUTER_BOUND('',#633,.T.);
#396=FACE_OUTER_BOUND('',#634,.T.);
#397=FACE_OUTER_BOUND('',#635,.T.);
#398=FACE_OUTER_BOUND('',#636,.T.);
#399=FACE_OUTER_BOUND('',#637,.T.);
#400=FACE_OUTER_BOUND('',#638,.T.);
#401=FACE_OUTER_BOUND('',#639,.T.);
#402=FACE_OUTER_BOUND('',#640,.T.);
#403=FACE_OUTER_BOUND('',#641,.T.);
#404=FACE_OUTER_BOUND('',#642,.T.);
#405=FACE_OUTER_BOUND('',#643,.T.);
#406=FACE_OUTER_BOUND('',#644,.T.);
#407=FACE_OUTER_BOUND('',#645,.T.);
#408=FACE_OUTER_BOUND('',#646,.T.);
#409=FACE_OUTER_BOUND('',#647,.T.);
#410=FACE_OUTER_BOUND('',#648,.T.);
#411=FACE_OUTER_BOUND('',#649,.T.);
#412=FACE_OUTER_BOUND('',#650,.T.);
#413=FACE_OUTER_BOUND('',#651,.T.);
#414=FACE_OUTER_BOUND('',#652,.T.);
#415=FACE_OUTER_BOUND('',#653,.T.);
#416=FACE_OUTER_BOUND('',#654,.T.);
#417=FACE_OUTER_BOUND('',#655,.T.);
#418=FACE_OUTER_BOUND('',#656,.T.);
#419=FACE_OUTER_BOUND('',#657,.T.);
#420=FACE_OUTER_BOUND('',#658,.T.);
#421=FACE_OUTER_BOUND('',#659,.T.);
#422=FACE_OUTER_BOUND('',#661,.T.);
#423=FACE_OUTER_BOUND('',#662,.T.);
#424=FACE_OUTER_BOUND('',#663,.T.);
#425=EDGE_LOOP('',(#2937,#2938,#2939,#2940));
#426=EDGE_LOOP('',(#2941,#2942,#2943,#2944,#2945,#2946,#2947,#2948));
#427=EDGE_LOOP('',(#2949,#2950,#2951,#2952));
#428=EDGE_LOOP('',(#2953,#2954,#2955,#2956,#2957,#2958,#2959,#2960,#2961,
#2962,#2963,#2964,#2965,#2966,#2967,#2968,#2969,#2970,#2971,#2972));
#429=EDGE_LOOP('',(#2973,#2974,#2975,#2976));
#430=EDGE_LOOP('',(#2977,#2978,#2979,#2980));
#431=EDGE_LOOP('',(#2981,#2982,#2983,#2984));
#432=EDGE_LOOP('',(#2985,#2986,#2987,#2988,#2989,#2990,#2991,#2992,#2993,
#2994,#2995,#2996,#2997,#2998,#2999,#3000,#3001,#3002,#3003,#3004));
#433=EDGE_LOOP('',(#3005,#3006,#3007,#3008));
#434=EDGE_LOOP('',(#3009,#3010,#3011,#3012));
#435=EDGE_LOOP('',(#3013,#3014,#3015,#3016));
#436=EDGE_LOOP('',(#3017,#3018,#3019,#3020));
#437=EDGE_LOOP('',(#3021,#3022,#3023,#3024));
#438=EDGE_LOOP('',(#3025,#3026,#3027,#3028));
#439=EDGE_LOOP('',(#3029,#3030,#3031,#3032));
#440=EDGE_LOOP('',(#3033,#3034,#3035,#3036));
#441=EDGE_LOOP('',(#3037,#3038,#3039,#3040));
#442=EDGE_LOOP('',(#3041,#3042,#3043,#3044));
#443=EDGE_LOOP('',(#3045,#3046,#3047,#3048));
#444=EDGE_LOOP('',(#3049,#3050,#3051,#3052));
#445=EDGE_LOOP('',(#3053,#3054,#3055,#3056));
#446=EDGE_LOOP('',(#3057,#3058,#3059,#3060));
#447=EDGE_LOOP('',(#3061,#3062,#3063,#3064));
#448=EDGE_LOOP('',(#3065,#3066,#3067,#3068));
#449=EDGE_LOOP('',(#3069,#3070,#3071,#3072));
#450=EDGE_LOOP('',(#3073,#3074,#3075,#3076));
#451=EDGE_LOOP('',(#3077,#3078,#3079,#3080));
#452=EDGE_LOOP('',(#3081,#3082,#3083,#3084));
#453=EDGE_LOOP('',(#3085,#3086,#3087,#3088));
#454=EDGE_LOOP('',(#3089,#3090,#3091,#3092));
#455=EDGE_LOOP('',(#3093,#3094,#3095,#3096));
#456=EDGE_LOOP('',(#3097,#3098,#3099,#3100));
#457=EDGE_LOOP('',(#3101,#3102,#3103,#3104));
#458=EDGE_LOOP('',(#3105,#3106,#3107,#3108));
#459=EDGE_LOOP('',(#3109,#3110,#3111,#3112));
#460=EDGE_LOOP('',(#3113,#3114,#3115,#3116));
#461=EDGE_LOOP('',(#3117,#3118,#3119,#3120));
#462=EDGE_LOOP('',(#3121,#3122,#3123,#3124));
#463=EDGE_LOOP('',(#3125,#3126,#3127,#3128));
#464=EDGE_LOOP('',(#3129,#3130,#3131,#3132));
#465=EDGE_LOOP('',(#3133,#3134,#3135,#3136));
#466=EDGE_LOOP('',(#3137,#3138,#3139,#3140));
#467=EDGE_LOOP('',(#3141,#3142,#3143,#3144));
#468=EDGE_LOOP('',(#3145,#3146,#3147,#3148));
#469=EDGE_LOOP('',(#3149,#3150,#3151,#3152));
#470=EDGE_LOOP('',(#3153,#3154,#3155,#3156));
#471=EDGE_LOOP('',(#3157,#3158,#3159,#3160));
#472=EDGE_LOOP('',(#3161,#3162,#3163,#3164));
#473=EDGE_LOOP('',(#3165,#3166,#3167,#3168));
#474=EDGE_LOOP('',(#3169,#3170,#3171,#3172));
#475=EDGE_LOOP('',(#3173,#3174,#3175,#3176,#3177,#3178,#3179,#3180,#3181,
#3182,#3183,#3184,#3185,#3186,#3187,#3188,#3189,#3190,#3191,#3192,#3193,
#3194,#3195,#3196,#3197,#3198,#3199,#3200,#3201,#3202,#3203,#3204,#3205,
#3206,#3207,#3208,#3209,#3210,#3211,#3212,#3213,#3214,#3215,#3216,#3217,
#3218,#3219,#3220,#3221,#3222,#3223,#3224,#3225,#3226,#3227,#3228,#3229,
#3230,#3231,#3232,#3233,#3234,#3235,#3236,#3237,#3238,#3239,#3240,#3241,
#3242,#3243,#3244));
#476=EDGE_LOOP('',(#3245,#3246,#3247,#3248,#3249,#3250,#3251,#3252));
#477=EDGE_LOOP('',(#3253,#3254,#3255,#3256,#3257,#3258,#3259,#3260,#3261,
#3262,#3263,#3264));
#478=EDGE_LOOP('',(#3265,#3266,#3267,#3268));
#479=EDGE_LOOP('',(#3269,#3270,#3271,#3272,#3273,#3274,#3275,#3276,#3277,
#3278,#3279,#3280));
#480=EDGE_LOOP('',(#3281,#3282,#3283,#3284,#3285,#3286,#3287,#3288,#3289,
#3290,#3291,#3292));
#481=EDGE_LOOP('',(#3293,#3294,#3295,#3296));
#482=EDGE_LOOP('',(#3297,#3298,#3299,#3300,#3301,#3302,#3303,#3304,#3305,
#3306,#3307,#3308));
#483=EDGE_LOOP('',(#3309,#3310,#3311,#3312,#3313,#3314,#3315,#3316,#3317,
#3318,#3319,#3320));
#484=EDGE_LOOP('',(#3321,#3322,#3323,#3324));
#485=EDGE_LOOP('',(#3325,#3326,#3327,#3328,#3329,#3330,#3331,#3332,#3333,
#3334,#3335,#3336));
#486=EDGE_LOOP('',(#3337,#3338,#3339,#3340,#3341,#3342,#3343,#3344,#3345,
#3346,#3347,#3348));
#487=EDGE_LOOP('',(#3349,#3350,#3351,#3352));
#488=EDGE_LOOP('',(#3353,#3354,#3355,#3356,#3357,#3358,#3359,#3360,#3361,
#3362,#3363,#3364));
#489=EDGE_LOOP('',(#3365,#3366,#3367,#3368,#3369,#3370,#3371,#3372,#3373,
#3374,#3375,#3376));
#490=EDGE_LOOP('',(#3377,#3378,#3379,#3380));
#491=EDGE_LOOP('',(#3381,#3382,#3383,#3384,#3385,#3386,#3387,#3388,#3389,
#3390,#3391,#3392));
#492=EDGE_LOOP('',(#3393,#3394,#3395,#3396,#3397,#3398,#3399,#3400,#3401,
#3402,#3403,#3404));
#493=EDGE_LOOP('',(#3405,#3406,#3407,#3408));
#494=EDGE_LOOP('',(#3409,#3410,#3411,#3412,#3413,#3414,#3415,#3416,#3417,
#3418,#3419,#3420));
#495=EDGE_LOOP('',(#3421,#3422,#3423,#3424,#3425,#3426,#3427,#3428,#3429,
#3430,#3431,#3432));
#496=EDGE_LOOP('',(#3433,#3434,#3435,#3436));
#497=EDGE_LOOP('',(#3437,#3438,#3439,#3440,#3441,#3442,#3443,#3444,#3445,
#3446,#3447,#3448));
#498=EDGE_LOOP('',(#3449,#3450,#3451,#3452,#3453,#3454,#3455,#3456,#3457,
#3458,#3459,#3460));
#499=EDGE_LOOP('',(#3461,#3462,#3463,#3464));
#500=EDGE_LOOP('',(#3465,#3466,#3467,#3468,#3469,#3470,#3471,#3472,#3473,
#3474,#3475,#3476));
#501=EDGE_LOOP('',(#3477,#3478,#3479,#3480,#3481,#3482,#3483,#3484,#3485,
#3486,#3487,#3488));
#502=EDGE_LOOP('',(#3489,#3490,#3491,#3492));
#503=EDGE_LOOP('',(#3493,#3494,#3495,#3496,#3497,#3498,#3499,#3500,#3501,
#3502,#3503,#3504));
#504=EDGE_LOOP('',(#3505,#3506,#3507,#3508,#3509,#3510,#3511,#3512,#3513,
#3514,#3515,#3516));
#505=EDGE_LOOP('',(#3517,#3518,#3519,#3520));
#506=EDGE_LOOP('',(#3521,#3522,#3523,#3524,#3525,#3526,#3527,#3528,#3529,
#3530,#3531,#3532));
#507=EDGE_LOOP('',(#3533,#3534,#3535,#3536,#3537,#3538,#3539,#3540,#3541,
#3542,#3543,#3544));
#508=EDGE_LOOP('',(#3545,#3546,#3547,#3548));
#509=EDGE_LOOP('',(#3549,#3550,#3551,#3552,#3553,#3554,#3555,#3556,#3557,
#3558,#3559,#3560));
#510=EDGE_LOOP('',(#3561,#3562,#3563,#3564,#3565,#3566,#3567,#3568,#3569,
#3570,#3571,#3572));
#511=EDGE_LOOP('',(#3573,#3574,#3575,#3576));
#512=EDGE_LOOP('',(#3577,#3578,#3579,#3580,#3581,#3582,#3583,#3584,#3585,
#3586,#3587,#3588));
#513=EDGE_LOOP('',(#3589,#3590,#3591,#3592,#3593,#3594,#3595,#3596,#3597,
#3598,#3599,#3600));
#514=EDGE_LOOP('',(#3601,#3602,#3603,#3604));
#515=EDGE_LOOP('',(#3605,#3606,#3607,#3608,#3609,#3610,#3611,#3612,#3613,
#3614,#3615,#3616));
#516=EDGE_LOOP('',(#3617,#3618,#3619,#3620,#3621,#3622,#3623,#3624,#3625,
#3626,#3627,#3628));
#517=EDGE_LOOP('',(#3629,#3630,#3631,#3632));
#518=EDGE_LOOP('',(#3633,#3634,#3635,#3636,#3637,#3638,#3639,#3640,#3641,
#3642,#3643,#3644));
#519=EDGE_LOOP('',(#3645,#3646,#3647,#3648,#3649,#3650,#3651,#3652,#3653,
#3654,#3655,#3656));
#520=EDGE_LOOP('',(#3657,#3658,#3659,#3660));
#521=EDGE_LOOP('',(#3661,#3662,#3663,#3664,#3665,#3666,#3667,#3668,#3669,
#3670,#3671,#3672));
#522=EDGE_LOOP('',(#3673,#3674,#3675,#3676,#3677,#3678,#3679,#3680,#3681,
#3682,#3683,#3684));
#523=EDGE_LOOP('',(#3685,#3686,#3687,#3688));
#524=EDGE_LOOP('',(#3689,#3690,#3691,#3692,#3693,#3694,#3695,#3696,#3697,
#3698,#3699,#3700));
#525=EDGE_LOOP('',(#3701,#3702,#3703,#3704));
#526=EDGE_LOOP('',(#3705,#3706,#3707,#3708));
#527=EDGE_LOOP('',(#3709,#3710,#3711,#3712));
#528=EDGE_LOOP('',(#3713,#3714,#3715,#3716));
#529=EDGE_LOOP('',(#3717,#3718,#3719,#3720));
#530=EDGE_LOOP('',(#3721,#3722,#3723,#3724));
#531=EDGE_LOOP('',(#3725,#3726,#3727,#3728));
#532=EDGE_LOOP('',(#3729,#3730,#3731,#3732));
#533=EDGE_LOOP('',(#3733,#3734,#3735,#3736));
#534=EDGE_LOOP('',(#3737,#3738,#3739,#3740));
#535=EDGE_LOOP('',(#3741,#3742,#3743,#3744));
#536=EDGE_LOOP('',(#3745,#3746,#3747,#3748));
#537=EDGE_LOOP('',(#3749,#3750,#3751,#3752));
#538=EDGE_LOOP('',(#3753,#3754,#3755,#3756));
#539=EDGE_LOOP('',(#3757,#3758,#3759,#3760));
#540=EDGE_LOOP('',(#3761,#3762,#3763,#3764));
#541=EDGE_LOOP('',(#3765,#3766,#3767,#3768));
#542=EDGE_LOOP('',(#3769,#3770,#3771,#3772));
#543=EDGE_LOOP('',(#3773,#3774,#3775,#3776));
#544=EDGE_LOOP('',(#3777,#3778,#3779,#3780));
#545=EDGE_LOOP('',(#3781,#3782,#3783,#3784));
#546=EDGE_LOOP('',(#3785,#3786,#3787,#3788));
#547=EDGE_LOOP('',(#3789,#3790,#3791,#3792));
#548=EDGE_LOOP('',(#3793,#3794,#3795,#3796));
#549=EDGE_LOOP('',(#3797,#3798,#3799,#3800));
#550=EDGE_LOOP('',(#3801,#3802,#3803,#3804));
#551=EDGE_LOOP('',(#3805,#3806,#3807,#3808));
#552=EDGE_LOOP('',(#3809,#3810,#3811,#3812));
#553=EDGE_LOOP('',(#3813,#3814,#3815,#3816));
#554=EDGE_LOOP('',(#3817,#3818,#3819,#3820));
#555=EDGE_LOOP('',(#3821,#3822,#3823,#3824));
#556=EDGE_LOOP('',(#3825,#3826,#3827,#3828));
#557=EDGE_LOOP('',(#3829,#3830,#3831,#3832));
#558=EDGE_LOOP('',(#3833,#3834,#3835,#3836));
#559=EDGE_LOOP('',(#3837,#3838,#3839,#3840));
#560=EDGE_LOOP('',(#3841,#3842,#3843,#3844));
#561=EDGE_LOOP('',(#3845,#3846,#3847,#3848));
#562=EDGE_LOOP('',(#3849,#3850,#3851,#3852));
#563=EDGE_LOOP('',(#3853,#3854,#3855,#3856));
#564=EDGE_LOOP('',(#3857,#3858,#3859,#3860));
#565=EDGE_LOOP('',(#3861,#3862,#3863,#3864));
#566=EDGE_LOOP('',(#3865,#3866,#3867,#3868));
#567=EDGE_LOOP('',(#3869,#3870,#3871,#3872));
#568=EDGE_LOOP('',(#3873,#3874,#3875,#3876));
#569=EDGE_LOOP('',(#3877,#3878,#3879,#3880));
#570=EDGE_LOOP('',(#3881,#3882,#3883,#3884));
#571=EDGE_LOOP('',(#3885,#3886,#3887,#3888));
#572=EDGE_LOOP('',(#3889,#3890,#3891,#3892));
#573=EDGE_LOOP('',(#3893,#3894,#3895,#3896));
#574=EDGE_LOOP('',(#3897,#3898,#3899,#3900));
#575=EDGE_LOOP('',(#3901,#3902,#3903,#3904));
#576=EDGE_LOOP('',(#3905,#3906,#3907,#3908));
#577=EDGE_LOOP('',(#3909,#3910,#3911,#3912));
#578=EDGE_LOOP('',(#3913,#3914,#3915,#3916));
#579=EDGE_LOOP('',(#3917,#3918,#3919,#3920));
#580=EDGE_LOOP('',(#3921,#3922,#3923,#3924));
#581=EDGE_LOOP('',(#3925,#3926,#3927,#3928));
#582=EDGE_LOOP('',(#3929,#3930,#3931,#3932));
#583=EDGE_LOOP('',(#3933,#3934,#3935,#3936));
#584=EDGE_LOOP('',(#3937,#3938,#3939,#3940));
#585=EDGE_LOOP('',(#3941,#3942,#3943,#3944));
#586=EDGE_LOOP('',(#3945,#3946,#3947,#3948));
#587=EDGE_LOOP('',(#3949,#3950,#3951,#3952));
#588=EDGE_LOOP('',(#3953,#3954,#3955,#3956));
#589=EDGE_LOOP('',(#3957,#3958,#3959,#3960));
#590=EDGE_LOOP('',(#3961,#3962,#3963,#3964));
#591=EDGE_LOOP('',(#3965,#3966,#3967,#3968));
#592=EDGE_LOOP('',(#3969,#3970,#3971,#3972));
#593=EDGE_LOOP('',(#3973,#3974,#3975,#3976));
#594=EDGE_LOOP('',(#3977,#3978,#3979,#3980));
#595=EDGE_LOOP('',(#3981,#3982,#3983,#3984));
#596=EDGE_LOOP('',(#3985,#3986,#3987,#3988));
#597=EDGE_LOOP('',(#3989,#3990,#3991,#3992));
#598=EDGE_LOOP('',(#3993,#3994,#3995,#3996));
#599=EDGE_LOOP('',(#3997,#3998,#3999,#4000));
#600=EDGE_LOOP('',(#4001,#4002,#4003,#4004));
#601=EDGE_LOOP('',(#4005,#4006,#4007,#4008));
#602=EDGE_LOOP('',(#4009,#4010,#4011,#4012));
#603=EDGE_LOOP('',(#4013,#4014,#4015,#4016));
#604=EDGE_LOOP('',(#4017,#4018,#4019,#4020));
#605=EDGE_LOOP('',(#4021,#4022,#4023,#4024));
#606=EDGE_LOOP('',(#4025,#4026,#4027,#4028));
#607=EDGE_LOOP('',(#4029,#4030,#4031,#4032));
#608=EDGE_LOOP('',(#4033,#4034,#4035,#4036));
#609=EDGE_LOOP('',(#4037,#4038,#4039,#4040));
#610=EDGE_LOOP('',(#4041,#4042,#4043,#4044));
#611=EDGE_LOOP('',(#4045,#4046,#4047,#4048));
#612=EDGE_LOOP('',(#4049,#4050,#4051,#4052));
#613=EDGE_LOOP('',(#4053,#4054,#4055,#4056));
#614=EDGE_LOOP('',(#4057,#4058,#4059,#4060));
#615=EDGE_LOOP('',(#4061,#4062,#4063,#4064));
#616=EDGE_LOOP('',(#4065,#4066,#4067,#4068));
#617=EDGE_LOOP('',(#4069,#4070,#4071,#4072));
#618=EDGE_LOOP('',(#4073,#4074,#4075,#4076));
#619=EDGE_LOOP('',(#4077,#4078,#4079,#4080));
#620=EDGE_LOOP('',(#4081,#4082,#4083,#4084));
#621=EDGE_LOOP('',(#4085,#4086,#4087,#4088));
#622=EDGE_LOOP('',(#4089,#4090,#4091,#4092));
#623=EDGE_LOOP('',(#4093,#4094,#4095,#4096));
#624=EDGE_LOOP('',(#4097,#4098,#4099,#4100));
#625=EDGE_LOOP('',(#4101,#4102,#4103,#4104));
#626=EDGE_LOOP('',(#4105,#4106,#4107,#4108));
#627=EDGE_LOOP('',(#4109,#4110,#4111,#4112));
#628=EDGE_LOOP('',(#4113,#4114,#4115,#4116));
#629=EDGE_LOOP('',(#4117,#4118,#4119,#4120));
#630=EDGE_LOOP('',(#4121,#4122,#4123,#4124));
#631=EDGE_LOOP('',(#4125,#4126,#4127,#4128));
#632=EDGE_LOOP('',(#4129,#4130,#4131,#4132));
#633=EDGE_LOOP('',(#4133,#4134,#4135,#4136));
#634=EDGE_LOOP('',(#4137,#4138,#4139,#4140));
#635=EDGE_LOOP('',(#4141,#4142,#4143,#4144));
#636=EDGE_LOOP('',(#4145,#4146,#4147,#4148));
#637=EDGE_LOOP('',(#4149,#4150,#4151,#4152));
#638=EDGE_LOOP('',(#4153,#4154,#4155,#4156));
#639=EDGE_LOOP('',(#4157,#4158,#4159,#4160));
#640=EDGE_LOOP('',(#4161,#4162,#4163,#4164));
#641=EDGE_LOOP('',(#4165,#4166,#4167,#4168));
#642=EDGE_LOOP('',(#4169,#4170,#4171,#4172));
#643=EDGE_LOOP('',(#4173,#4174,#4175,#4176));
#644=EDGE_LOOP('',(#4177,#4178,#4179,#4180));
#645=EDGE_LOOP('',(#4181,#4182,#4183,#4184));
#646=EDGE_LOOP('',(#4185,#4186,#4187,#4188));
#647=EDGE_LOOP('',(#4189,#4190,#4191,#4192));
#648=EDGE_LOOP('',(#4193,#4194,#4195,#4196));
#649=EDGE_LOOP('',(#4197,#4198,#4199,#4200));
#650=EDGE_LOOP('',(#4201,#4202,#4203,#4204));
#651=EDGE_LOOP('',(#4205,#4206,#4207,#4208));
#652=EDGE_LOOP('',(#4209,#4210,#4211,#4212));
#653=EDGE_LOOP('',(#4213,#4214,#4215,#4216));
#654=EDGE_LOOP('',(#4217,#4218,#4219,#4220));
#655=EDGE_LOOP('',(#4221,#4222,#4223,#4224));
#656=EDGE_LOOP('',(#4225,#4226,#4227,#4228));
#657=EDGE_LOOP('',(#4229,#4230,#4231,#4232));
#658=EDGE_LOOP('',(#4233,#4234,#4235,#4236));
#659=EDGE_LOOP('',(#4237,#4238,#4239,#4240,#4241,#4242,#4243,#4244));
#660=EDGE_LOOP('',(#4245));
#661=EDGE_LOOP('',(#4246,#4247,#4248,#4249));
#662=EDGE_LOOP('',(#4250,#4251,#4252,#4253));
#663=EDGE_LOOP('',(#4254));
#664=LINE('',#6254,#1193);
#665=LINE('',#6259,#1194);
#666=LINE('',#6261,#1195);
#667=LINE('',#6263,#1196);
#668=LINE('',#6265,#1197);
#669=LINE('',#6267,#1198);
#670=LINE('',#6269,#1199);
#671=LINE('',#6271,#1200);
#672=LINE('',#6272,#1201);
#673=LINE('',#6276,#1202);
#674=LINE('',#6277,#1203);
#675=LINE('',#6278,#1204);
#676=LINE('',#6282,#1205);
#677=LINE('',#6284,#1206);
#678=LINE('',#6286,#1207);
#679=LINE('',#6288,#1208);
#680=LINE('',#6290,#1209);
#681=LINE('',#6292,#1210);
#682=LINE('',#6294,#1211);
#683=LINE('',#6296,#1212);
#684=LINE('',#6298,#1213);
#685=LINE('',#6300,#1214);
#686=LINE('',#6302,#1215);
#687=LINE('',#6304,#1216);
#688=LINE('',#6306,#1217);
#689=LINE('',#6308,#1218);
#690=LINE('',#6310,#1219);
#691=LINE('',#6312,#1220);
#692=LINE('',#6313,#1221);
#693=LINE('',#6314,#1222);
#694=LINE('',#6317,#1223);
#695=LINE('',#6318,#1224);
#696=LINE('',#6321,#1225);
#697=LINE('',#6322,#1226);
#698=LINE('',#6325,#1227);
#699=LINE('',#6326,#1228);
#700=LINE('',#6330,#1229);
#701=LINE('',#6332,#1230);
#702=LINE('',#6334,#1231);
#703=LINE('',#6336,#1232);
#704=LINE('',#6338,#1233);
#705=LINE('',#6340,#1234);
#706=LINE('',#6342,#1235);
#707=LINE('',#6344,#1236);
#708=LINE('',#6346,#1237);
#709=LINE('',#6348,#1238);
#710=LINE('',#6350,#1239);
#711=LINE('',#6352,#1240);
#712=LINE('',#6354,#1241);
#713=LINE('',#6356,#1242);
#714=LINE('',#6358,#1243);
#715=LINE('',#6360,#1244);
#716=LINE('',#6361,#1245);
#717=LINE('',#6362,#1246);
#718=LINE('',#6365,#1247);
#719=LINE('',#6366,#1248);
#720=LINE('',#6368,#1249);
#721=LINE('',#6372,#1250);
#722=LINE('',#6373,#1251);
#723=LINE('',#6374,#1252);
#724=LINE('',#6377,#1253);
#725=LINE('',#6379,#1254);
#726=LINE('',#6380,#1255);
#727=LINE('',#6383,#1256);
#728=LINE('',#6385,#1257);
#729=LINE('',#6386,#1258);
#730=LINE('',#6389,#1259);
#731=LINE('',#6391,#1260);
#732=LINE('',#6392,#1261);
#733=LINE('',#6395,#1262);
#734=LINE('',#6397,#1263);
#735=LINE('',#6398,#1264);
#736=LINE('',#6401,#1265);
#737=LINE('',#6403,#1266);
#738=LINE('',#6404,#1267);
#739=LINE('',#6407,#1268);
#740=LINE('',#6409,#1269);
#741=LINE('',#6410,#1270);
#742=LINE('',#6413,#1271);
#743=LINE('',#6415,#1272);
#744=LINE('',#6416,#1273);
#745=LINE('',#6419,#1274);
#746=LINE('',#6421,#1275);
#747=LINE('',#6422,#1276);
#748=LINE('',#6425,#1277);
#749=LINE('',#6427,#1278);
#750=LINE('',#6428,#1279);
#751=LINE('',#6431,#1280);
#752=LINE('',#6433,#1281);
#753=LINE('',#6434,#1282);
#754=LINE('',#6437,#1283);
#755=LINE('',#6439,#1284);
#756=LINE('',#6440,#1285);
#757=LINE('',#6443,#1286);
#758=LINE('',#6445,#1287);
#759=LINE('',#6446,#1288);
#760=LINE('',#6449,#1289);
#761=LINE('',#6451,#1290);
#762=LINE('',#6452,#1291);
#763=LINE('',#6455,#1292);
#764=LINE('',#6457,#1293);
#765=LINE('',#6458,#1294);
#766=LINE('',#6461,#1295);
#767=LINE('',#6463,#1296);
#768=LINE('',#6464,#1297);
#769=LINE('',#6467,#1298);
#770=LINE('',#6469,#1299);
#771=LINE('',#6470,#1300);
#772=LINE('',#6473,#1301);
#773=LINE('',#6474,#1302);
#774=LINE('',#6477,#1303);
#775=LINE('',#6478,#1304);
#776=LINE('',#6481,#1305);
#777=LINE('',#6482,#1306);
#778=LINE('',#6485,#1307);
#779=LINE('',#6486,#1308);
#780=LINE('',#6489,#1309);
#781=LINE('',#6491,#1310);
#782=LINE('',#6492,#1311);
#783=LINE('',#6495,#1312);
#784=LINE('',#6497,#1313);
#785=LINE('',#6498,#1314);
#786=LINE('',#6501,#1315);
#787=LINE('',#6503,#1316);
#788=LINE('',#6504,#1317);
#789=LINE('',#6507,#1318);
#790=LINE('',#6509,#1319);
#791=LINE('',#6510,#1320);
#792=LINE('',#6513,#1321);
#793=LINE('',#6515,#1322);
#794=LINE('',#6516,#1323);
#795=LINE('',#6519,#1324);
#796=LINE('',#6521,#1325);
#797=LINE('',#6522,#1326);
#798=LINE('',#6525,#1327);
#799=LINE('',#6527,#1328);
#800=LINE('',#6528,#1329);
#801=LINE('',#6531,#1330);
#802=LINE('',#6533,#1331);
#803=LINE('',#6534,#1332);
#804=LINE('',#6537,#1333);
#805=LINE('',#6539,#1334);
#806=LINE('',#6540,#1335);
#807=LINE('',#6543,#1336);
#808=LINE('',#6545,#1337);
#809=LINE('',#6546,#1338);
#810=LINE('',#6549,#1339);
#811=LINE('',#6551,#1340);
#812=LINE('',#6552,#1341);
#813=LINE('',#6555,#1342);
#814=LINE('',#6557,#1343);
#815=LINE('',#6558,#1344);
#816=LINE('',#6561,#1345);
#817=LINE('',#6563,#1346);
#818=LINE('',#6564,#1347);
#819=LINE('',#6567,#1348);
#820=LINE('',#6569,#1349);
#821=LINE('',#6570,#1350);
#822=LINE('',#6573,#1351);
#823=LINE('',#6575,#1352);
#824=LINE('',#6576,#1353);
#825=LINE('',#6579,#1354);
#826=LINE('',#6581,#1355);
#827=LINE('',#6582,#1356);
#828=LINE('',#6585,#1357);
#829=LINE('',#6586,#1358);
#830=LINE('',#6589,#1359);
#831=LINE('',#6590,#1360);
#832=LINE('',#6592,#1361);
#833=LINE('',#6595,#1362);
#834=LINE('',#6597,#1363);
#835=LINE('',#6598,#1364);
#836=LINE('',#6600,#1365);
#837=LINE('',#6602,#1366);
#838=LINE('',#6603,#1367);
#839=LINE('',#6605,#1368);
#840=LINE('',#6607,#1369);
#841=LINE('',#6608,#1370);
#842=LINE('',#6610,#1371);
#843=LINE('',#6612,#1372);
#844=LINE('',#6613,#1373);
#845=LINE('',#6615,#1374);
#846=LINE('',#6617,#1375);
#847=LINE('',#6618,#1376);
#848=LINE('',#6620,#1377);
#849=LINE('',#6622,#1378);
#850=LINE('',#6623,#1379);
#851=LINE('',#6625,#1380);
#852=LINE('',#6627,#1381);
#853=LINE('',#6628,#1382);
#854=LINE('',#6630,#1383);
#855=LINE('',#6632,#1384);
#856=LINE('',#6633,#1385);
#857=LINE('',#6635,#1386);
#858=LINE('',#6637,#1387);
#859=LINE('',#6638,#1388);
#860=LINE('',#6640,#1389);
#861=LINE('',#6642,#1390);
#862=LINE('',#6643,#1391);
#863=LINE('',#6645,#1392);
#864=LINE('',#6647,#1393);
#865=LINE('',#6648,#1394);
#866=LINE('',#6650,#1395);
#867=LINE('',#6652,#1396);
#868=LINE('',#6653,#1397);
#869=LINE('',#6655,#1398);
#870=LINE('',#6657,#1399);
#871=LINE('',#6658,#1400);
#872=LINE('',#6660,#1401);
#873=LINE('',#6662,#1402);
#874=LINE('',#6663,#1403);
#875=LINE('',#6665,#1404);
#876=LINE('',#6667,#1405);
#877=LINE('',#6668,#1406);
#878=LINE('',#6670,#1407);
#879=LINE('',#6672,#1408);
#880=LINE('',#6673,#1409);
#881=LINE('',#6676,#1410);
#882=LINE('',#6678,#1411);
#883=LINE('',#6680,#1412);
#884=LINE('',#6682,#1413);
#885=LINE('',#6684,#1414);
#886=LINE('',#6686,#1415);
#887=LINE('',#6688,#1416);
#888=LINE('',#6689,#1417);
#889=LINE('',#6694,#1418);
#890=LINE('',#6698,#1419);
#891=LINE('',#6700,#1420);
#892=LINE('',#6702,#1421);
#893=LINE('',#6706,#1422);
#894=LINE('',#6710,#1423);
#895=LINE('',#6716,#1424);
#896=LINE('',#6720,#1425);
#897=LINE('',#6722,#1426);
#898=LINE('',#6724,#1427);
#899=LINE('',#6727,#1428);
#900=LINE('',#6732,#1429);
#901=LINE('',#6736,#1430);
#902=LINE('',#6738,#1431);
#903=LINE('',#6740,#1432);
#904=LINE('',#6744,#1433);
#905=LINE('',#6748,#1434);
#906=LINE('',#6754,#1435);
#907=LINE('',#6758,#1436);
#908=LINE('',#6760,#1437);
#909=LINE('',#6762,#1438);
#910=LINE('',#6765,#1439);
#911=LINE('',#6770,#1440);
#912=LINE('',#6774,#1441);
#913=LINE('',#6776,#1442);
#914=LINE('',#6778,#1443);
#915=LINE('',#6782,#1444);
#916=LINE('',#6786,#1445);
#917=LINE('',#6792,#1446);
#918=LINE('',#6796,#1447);
#919=LINE('',#6798,#1448);
#920=LINE('',#6800,#1449);
#921=LINE('',#6803,#1450);
#922=LINE('',#6808,#1451);
#923=LINE('',#6812,#1452);
#924=LINE('',#6814,#1453);
#925=LINE('',#6816,#1454);
#926=LINE('',#6820,#1455);
#927=LINE('',#6824,#1456);
#928=LINE('',#6830,#1457);
#929=LINE('',#6834,#1458);
#930=LINE('',#6836,#1459);
#931=LINE('',#6838,#1460);
#932=LINE('',#6841,#1461);
#933=LINE('',#6846,#1462);
#934=LINE('',#6850,#1463);
#935=LINE('',#6852,#1464);
#936=LINE('',#6854,#1465);
#937=LINE('',#6858,#1466);
#938=LINE('',#6862,#1467);
#939=LINE('',#6868,#1468);
#940=LINE('',#6872,#1469);
#941=LINE('',#6874,#1470);
#942=LINE('',#6876,#1471);
#943=LINE('',#6879,#1472);
#944=LINE('',#6884,#1473);
#945=LINE('',#6888,#1474);
#946=LINE('',#6890,#1475);
#947=LINE('',#6892,#1476);
#948=LINE('',#6896,#1477);
#949=LINE('',#6900,#1478);
#950=LINE('',#6906,#1479);
#951=LINE('',#6910,#1480);
#952=LINE('',#6912,#1481);
#953=LINE('',#6914,#1482);
#954=LINE('',#6917,#1483);
#955=LINE('',#6922,#1484);
#956=LINE('',#6926,#1485);
#957=LINE('',#6928,#1486);
#958=LINE('',#6930,#1487);
#959=LINE('',#6934,#1488);
#960=LINE('',#6938,#1489);
#961=LINE('',#6944,#1490);
#962=LINE('',#6948,#1491);
#963=LINE('',#6950,#1492);
#964=LINE('',#6952,#1493);
#965=LINE('',#6955,#1494);
#966=LINE('',#6960,#1495);
#967=LINE('',#6964,#1496);
#968=LINE('',#6966,#1497);
#969=LINE('',#6968,#1498);
#970=LINE('',#6972,#1499);
#971=LINE('',#6976,#1500);
#972=LINE('',#6982,#1501);
#973=LINE('',#6986,#1502);
#974=LINE('',#6988,#1503);
#975=LINE('',#6990,#1504);
#976=LINE('',#6993,#1505);
#977=LINE('',#6998,#1506);
#978=LINE('',#7002,#1507);
#979=LINE('',#7004,#1508);
#980=LINE('',#7006,#1509);
#981=LINE('',#7010,#1510);
#982=LINE('',#7014,#1511);
#983=LINE('',#7020,#1512);
#984=LINE('',#7024,#1513);
#985=LINE('',#7026,#1514);
#986=LINE('',#7028,#1515);
#987=LINE('',#7031,#1516);
#988=LINE('',#7036,#1517);
#989=LINE('',#7040,#1518);
#990=LINE('',#7042,#1519);
#991=LINE('',#7044,#1520);
#992=LINE('',#7048,#1521);
#993=LINE('',#7052,#1522);
#994=LINE('',#7058,#1523);
#995=LINE('',#7062,#1524);
#996=LINE('',#7064,#1525);
#997=LINE('',#7066,#1526);
#998=LINE('',#7069,#1527);
#999=LINE('',#7074,#1528);
#1000=LINE('',#7078,#1529);
#1001=LINE('',#7080,#1530);
#1002=LINE('',#7082,#1531);
#1003=LINE('',#7086,#1532);
#1004=LINE('',#7090,#1533);
#1005=LINE('',#7096,#1534);
#1006=LINE('',#7100,#1535);
#1007=LINE('',#7102,#1536);
#1008=LINE('',#7104,#1537);
#1009=LINE('',#7107,#1538);
#1010=LINE('',#7112,#1539);
#1011=LINE('',#7116,#1540);
#1012=LINE('',#7118,#1541);
#1013=LINE('',#7120,#1542);
#1014=LINE('',#7124,#1543);
#1015=LINE('',#7128,#1544);
#1016=LINE('',#7134,#1545);
#1017=LINE('',#7138,#1546);
#1018=LINE('',#7140,#1547);
#1019=LINE('',#7142,#1548);
#1020=LINE('',#7145,#1549);
#1021=LINE('',#7150,#1550);
#1022=LINE('',#7154,#1551);
#1023=LINE('',#7156,#1552);
#1024=LINE('',#7158,#1553);
#1025=LINE('',#7162,#1554);
#1026=LINE('',#7166,#1555);
#1027=LINE('',#7172,#1556);
#1028=LINE('',#7176,#1557);
#1029=LINE('',#7178,#1558);
#1030=LINE('',#7180,#1559);
#1031=LINE('',#7183,#1560);
#1032=LINE('',#7188,#1561);
#1033=LINE('',#7192,#1562);
#1034=LINE('',#7194,#1563);
#1035=LINE('',#7196,#1564);
#1036=LINE('',#7200,#1565);
#1037=LINE('',#7204,#1566);
#1038=LINE('',#7210,#1567);
#1039=LINE('',#7214,#1568);
#1040=LINE('',#7216,#1569);
#1041=LINE('',#7218,#1570);
#1042=LINE('',#7221,#1571);
#1043=LINE('',#7226,#1572);
#1044=LINE('',#7230,#1573);
#1045=LINE('',#7232,#1574);
#1046=LINE('',#7234,#1575);
#1047=LINE('',#7238,#1576);
#1048=LINE('',#7242,#1577);
#1049=LINE('',#7248,#1578);
#1050=LINE('',#7252,#1579);
#1051=LINE('',#7254,#1580);
#1052=LINE('',#7256,#1581);
#1053=LINE('',#7259,#1582);
#1054=LINE('',#7264,#1583);
#1055=LINE('',#7268,#1584);
#1056=LINE('',#7270,#1585);
#1057=LINE('',#7272,#1586);
#1058=LINE('',#7276,#1587);
#1059=LINE('',#7280,#1588);
#1060=LINE('',#7286,#1589);
#1061=LINE('',#7290,#1590);
#1062=LINE('',#7292,#1591);
#1063=LINE('',#7294,#1592);
#1064=LINE('',#7297,#1593);
#1065=LINE('',#7301,#1594);
#1066=LINE('',#7302,#1595);
#1067=LINE('',#7303,#1596);
#1068=LINE('',#7305,#1597);
#1069=LINE('',#7307,#1598);
#1070=LINE('',#7309,#1599);
#1071=LINE('',#7311,#1600);
#1072=LINE('',#7313,#1601);
#1073=LINE('',#7315,#1602);
#1074=LINE('',#7317,#1603);
#1075=LINE('',#7320,#1604);
#1076=LINE('',#7322,#1605);
#1077=LINE('',#7324,#1606);
#1078=LINE('',#7326,#1607);
#1079=LINE('',#7328,#1608);
#1080=LINE('',#7330,#1609);
#1081=LINE('',#7332,#1610);
#1082=LINE('',#7335,#1611);
#1083=LINE('',#7337,#1612);
#1084=LINE('',#7339,#1613);
#1085=LINE('',#7341,#1614);
#1086=LINE('',#7343,#1615);
#1087=LINE('',#7345,#1616);
#1088=LINE('',#7347,#1617);
#1089=LINE('',#7350,#1618);
#1090=LINE('',#7352,#1619);
#1091=LINE('',#7354,#1620);
#1092=LINE('',#7356,#1621);
#1093=LINE('',#7358,#1622);
#1094=LINE('',#7360,#1623);
#1095=LINE('',#7362,#1624);
#1096=LINE('',#7365,#1625);
#1097=LINE('',#7367,#1626);
#1098=LINE('',#7369,#1627);
#1099=LINE('',#7371,#1628);
#1100=LINE('',#7373,#1629);
#1101=LINE('',#7375,#1630);
#1102=LINE('',#7377,#1631);
#1103=LINE('',#7380,#1632);
#1104=LINE('',#7382,#1633);
#1105=LINE('',#7384,#1634);
#1106=LINE('',#7386,#1635);
#1107=LINE('',#7388,#1636);
#1108=LINE('',#7390,#1637);
#1109=LINE('',#7392,#1638);
#1110=LINE('',#7395,#1639);
#1111=LINE('',#7397,#1640);
#1112=LINE('',#7399,#1641);
#1113=LINE('',#7401,#1642);
#1114=LINE('',#7403,#1643);
#1115=LINE('',#7405,#1644);
#1116=LINE('',#7407,#1645);
#1117=LINE('',#7410,#1646);
#1118=LINE('',#7412,#1647);
#1119=LINE('',#7414,#1648);
#1120=LINE('',#7416,#1649);
#1121=LINE('',#7418,#1650);
#1122=LINE('',#7420,#1651);
#1123=LINE('',#7422,#1652);
#1124=LINE('',#7427,#1653);
#1125=LINE('',#7428,#1654);
#1126=LINE('',#7429,#1655);
#1127=LINE('',#7432,#1656);
#1128=LINE('',#7433,#1657);
#1129=LINE('',#7436,#1658);
#1130=LINE('',#7437,#1659);
#1131=LINE('',#7439,#1660);
#1132=LINE('',#7441,#1661);
#1133=LINE('',#7443,#1662);
#1134=LINE('',#7445,#1663);
#1135=LINE('',#7447,#1664);
#1136=LINE('',#7449,#1665);
#1137=LINE('',#7451,#1666);
#1138=LINE('',#7454,#1667);
#1139=LINE('',#7456,#1668);
#1140=LINE('',#7458,#1669);
#1141=LINE('',#7460,#1670);
#1142=LINE('',#7462,#1671);
#1143=LINE('',#7464,#1672);
#1144=LINE('',#7466,#1673);
#1145=LINE('',#7469,#1674);
#1146=LINE('',#7471,#1675);
#1147=LINE('',#7473,#1676);
#1148=LINE('',#7475,#1677);
#1149=LINE('',#7477,#1678);
#1150=LINE('',#7479,#1679);
#1151=LINE('',#7481,#1680);
#1152=LINE('',#7484,#1681);
#1153=LINE('',#7486,#1682);
#1154=LINE('',#7488,#1683);
#1155=LINE('',#7490,#1684);
#1156=LINE('',#7492,#1685);
#1157=LINE('',#7494,#1686);
#1158=LINE('',#7496,#1687);
#1159=LINE('',#7499,#1688);
#1160=LINE('',#7501,#1689);
#1161=LINE('',#7503,#1690);
#1162=LINE('',#7505,#1691);
#1163=LINE('',#7507,#1692);
#1164=LINE('',#7509,#1693);
#1165=LINE('',#7511,#1694);
#1166=LINE('',#7514,#1695);
#1167=LINE('',#7516,#1696);
#1168=LINE('',#7518,#1697);
#1169=LINE('',#7520,#1698);
#1170=LINE('',#7522,#1699);
#1171=LINE('',#7524,#1700);
#1172=LINE('',#7526,#1701);
#1173=LINE('',#7529,#1702);
#1174=LINE('',#7531,#1703);
#1175=LINE('',#7533,#1704);
#1176=LINE('',#7535,#1705);
#1177=LINE('',#7537,#1706);
#1178=LINE('',#7539,#1707);
#1179=LINE('',#7541,#1708);
#1180=LINE('',#7544,#1709);
#1181=LINE('',#7546,#1710);
#1182=LINE('',#7548,#1711);
#1183=LINE('',#7550,#1712);
#1184=LINE('',#7552,#1713);
#1185=LINE('',#7554,#1714);
#1186=LINE('',#7556,#1715);
#1187=LINE('',#7561,#1716);
#1188=LINE('',#7562,#1717);
#1189=LINE('',#7563,#1718);
#1190=LINE('',#7565,#1719);
#1191=LINE('',#7567,#1720);
#1192=LINE('',#7568,#1721);
#1193=VECTOR('',#4990,0.25);
#1194=VECTOR('',#4995,1000.);
#1195=VECTOR('',#4996,1000.);
#1196=VECTOR('',#4997,1000.);
#1197=VECTOR('',#4998,1000.);
#1198=VECTOR('',#4999,1000.);
#1199=VECTOR('',#5000,1000.);
#1200=VECTOR('',#5001,1000.);
#1201=VECTOR('',#5002,1000.);
#1202=VECTOR('',#5005,1000.);
#1203=VECTOR('',#5006,1000.);
#1204=VECTOR('',#5007,1000.);
#1205=VECTOR('',#5010,1000.);
#1206=VECTOR('',#5011,1000.);
#1207=VECTOR('',#5012,1000.);
#1208=VECTOR('',#5013,1000.);
#1209=VECTOR('',#5014,1000.);
#1210=VECTOR('',#5015,1000.);
#1211=VECTOR('',#5016,1000.);
#1212=VECTOR('',#5017,1000.);
#1213=VECTOR('',#5018,1000.);
#1214=VECTOR('',#5019,1000.);
#1215=VECTOR('',#5020,1000.);
#1216=VECTOR('',#5021,1000.);
#1217=VECTOR('',#5022,1000.);
#1218=VECTOR('',#5023,1000.);
#1219=VECTOR('',#5024,1000.);
#1220=VECTOR('',#5025,1000.);
#1221=VECTOR('',#5026,1000.);
#1222=VECTOR('',#5027,1000.);
#1223=VECTOR('',#5030,1000.);
#1224=VECTOR('',#5031,1000.);
#1225=VECTOR('',#5034,1000.);
#1226=VECTOR('',#5035,1000.);
#1227=VECTOR('',#5038,1000.);
#1228=VECTOR('',#5039,1000.);
#1229=VECTOR('',#5042,1000.);
#1230=VECTOR('',#5043,1000.);
#1231=VECTOR('',#5044,1000.);
#1232=VECTOR('',#5045,1000.);
#1233=VECTOR('',#5046,1000.);
#1234=VECTOR('',#5047,1000.);
#1235=VECTOR('',#5048,1000.);
#1236=VECTOR('',#5049,1000.);
#1237=VECTOR('',#5050,1000.);
#1238=VECTOR('',#5051,1000.);
#1239=VECTOR('',#5052,1000.);
#1240=VECTOR('',#5053,1000.);
#1241=VECTOR('',#5054,1000.);
#1242=VECTOR('',#5055,1000.);
#1243=VECTOR('',#5056,1000.);
#1244=VECTOR('',#5057,1000.);
#1245=VECTOR('',#5058,1000.);
#1246=VECTOR('',#5059,1000.);
#1247=VECTOR('',#5062,1000.);
#1248=VECTOR('',#5063,1000.);
#1249=VECTOR('',#5066,1000.);
#1250=VECTOR('',#5069,1000.);
#1251=VECTOR('',#5070,1000.);
#1252=VECTOR('',#5071,1000.);
#1253=VECTOR('',#5074,1000.);
#1254=VECTOR('',#5075,1000.);
#1255=VECTOR('',#5076,1000.);
#1256=VECTOR('',#5079,1000.);
#1257=VECTOR('',#5080,1000.);
#1258=VECTOR('',#5081,1000.);
#1259=VECTOR('',#5084,1000.);
#1260=VECTOR('',#5085,1000.);
#1261=VECTOR('',#5086,1000.);
#1262=VECTOR('',#5089,1000.);
#1263=VECTOR('',#5090,1000.);
#1264=VECTOR('',#5091,1000.);
#1265=VECTOR('',#5094,1000.);
#1266=VECTOR('',#5095,1000.);
#1267=VECTOR('',#5096,1000.);
#1268=VECTOR('',#5099,1000.);
#1269=VECTOR('',#5100,1000.);
#1270=VECTOR('',#5101,1000.);
#1271=VECTOR('',#5104,1000.);
#1272=VECTOR('',#5105,1000.);
#1273=VECTOR('',#5106,1000.);
#1274=VECTOR('',#5109,1000.);
#1275=VECTOR('',#5110,1000.);
#1276=VECTOR('',#5111,1000.);
#1277=VECTOR('',#5114,1000.);
#1278=VECTOR('',#5115,1000.);
#1279=VECTOR('',#5116,1000.);
#1280=VECTOR('',#5119,1000.);
#1281=VECTOR('',#5120,1000.);
#1282=VECTOR('',#5121,1000.);
#1283=VECTOR('',#5124,1000.);
#1284=VECTOR('',#5125,1000.);
#1285=VECTOR('',#5126,1000.);
#1286=VECTOR('',#5129,1000.);
#1287=VECTOR('',#5130,1000.);
#1288=VECTOR('',#5131,1000.);
#1289=VECTOR('',#5134,1000.);
#1290=VECTOR('',#5135,1000.);
#1291=VECTOR('',#5136,1000.);
#1292=VECTOR('',#5139,1000.);
#1293=VECTOR('',#5140,1000.);
#1294=VECTOR('',#5141,1000.);
#1295=VECTOR('',#5144,1000.);
#1296=VECTOR('',#5145,1000.);
#1297=VECTOR('',#5146,1000.);
#1298=VECTOR('',#5149,1000.);
#1299=VECTOR('',#5150,1000.);
#1300=VECTOR('',#5151,1000.);
#1301=VECTOR('',#5154,1000.);
#1302=VECTOR('',#5155,1000.);
#1303=VECTOR('',#5158,1000.);
#1304=VECTOR('',#5159,1000.);
#1305=VECTOR('',#5162,1000.);
#1306=VECTOR('',#5163,1000.);
#1307=VECTOR('',#5166,1000.);
#1308=VECTOR('',#5167,1000.);
#1309=VECTOR('',#5170,1000.);
#1310=VECTOR('',#5171,1000.);
#1311=VECTOR('',#5172,1000.);
#1312=VECTOR('',#5175,1000.);
#1313=VECTOR('',#5176,1000.);
#1314=VECTOR('',#5177,1000.);
#1315=VECTOR('',#5180,1000.);
#1316=VECTOR('',#5181,1000.);
#1317=VECTOR('',#5182,1000.);
#1318=VECTOR('',#5185,1000.);
#1319=VECTOR('',#5186,1000.);
#1320=VECTOR('',#5187,1000.);
#1321=VECTOR('',#5190,1000.);
#1322=VECTOR('',#5191,1000.);
#1323=VECTOR('',#5192,1000.);
#1324=VECTOR('',#5195,1000.);
#1325=VECTOR('',#5196,1000.);
#1326=VECTOR('',#5197,1000.);
#1327=VECTOR('',#5200,1000.);
#1328=VECTOR('',#5201,1000.);
#1329=VECTOR('',#5202,1000.);
#1330=VECTOR('',#5205,1000.);
#1331=VECTOR('',#5206,1000.);
#1332=VECTOR('',#5207,1000.);
#1333=VECTOR('',#5210,1000.);
#1334=VECTOR('',#5211,1000.);
#1335=VECTOR('',#5212,1000.);
#1336=VECTOR('',#5215,1000.);
#1337=VECTOR('',#5216,1000.);
#1338=VECTOR('',#5217,1000.);
#1339=VECTOR('',#5220,1000.);
#1340=VECTOR('',#5221,1000.);
#1341=VECTOR('',#5222,1000.);
#1342=VECTOR('',#5225,1000.);
#1343=VECTOR('',#5226,1000.);
#1344=VECTOR('',#5227,1000.);
#1345=VECTOR('',#5230,1000.);
#1346=VECTOR('',#5231,1000.);
#1347=VECTOR('',#5232,1000.);
#1348=VECTOR('',#5235,1000.);
#1349=VECTOR('',#5236,1000.);
#1350=VECTOR('',#5237,1000.);
#1351=VECTOR('',#5240,1000.);
#1352=VECTOR('',#5241,1000.);
#1353=VECTOR('',#5242,1000.);
#1354=VECTOR('',#5245,1000.);
#1355=VECTOR('',#5246,1000.);
#1356=VECTOR('',#5247,1000.);
#1357=VECTOR('',#5250,1000.);
#1358=VECTOR('',#5251,1000.);
#1359=VECTOR('',#5254,1000.);
#1360=VECTOR('',#5255,1000.);
#1361=VECTOR('',#5258,1000.);
#1362=VECTOR('',#5261,1000.);
#1363=VECTOR('',#5262,1000.);
#1364=VECTOR('',#5263,1000.);
#1365=VECTOR('',#5264,1000.);
#1366=VECTOR('',#5265,1000.);
#1367=VECTOR('',#5266,1000.);
#1368=VECTOR('',#5267,1000.);
#1369=VECTOR('',#5268,1000.);
#1370=VECTOR('',#5269,1000.);
#1371=VECTOR('',#5270,1000.);
#1372=VECTOR('',#5271,1000.);
#1373=VECTOR('',#5272,1000.);
#1374=VECTOR('',#5273,1000.);
#1375=VECTOR('',#5274,1000.);
#1376=VECTOR('',#5275,1000.);
#1377=VECTOR('',#5276,1000.);
#1378=VECTOR('',#5277,1000.);
#1379=VECTOR('',#5278,1000.);
#1380=VECTOR('',#5279,1000.);
#1381=VECTOR('',#5280,1000.);
#1382=VECTOR('',#5281,1000.);
#1383=VECTOR('',#5282,1000.);
#1384=VECTOR('',#5283,1000.);
#1385=VECTOR('',#5284,1000.);
#1386=VECTOR('',#5285,1000.);
#1387=VECTOR('',#5286,1000.);
#1388=VECTOR('',#5287,1000.);
#1389=VECTOR('',#5288,1000.);
#1390=VECTOR('',#5289,1000.);
#1391=VECTOR('',#5290,1000.);
#1392=VECTOR('',#5291,1000.);
#1393=VECTOR('',#5292,1000.);
#1394=VECTOR('',#5293,1000.);
#1395=VECTOR('',#5294,1000.);
#1396=VECTOR('',#5295,1000.);
#1397=VECTOR('',#5296,1000.);
#1398=VECTOR('',#5297,1000.);
#1399=VECTOR('',#5298,1000.);
#1400=VECTOR('',#5299,1000.);
#1401=VECTOR('',#5300,1000.);
#1402=VECTOR('',#5301,1000.);
#1403=VECTOR('',#5302,1000.);
#1404=VECTOR('',#5303,1000.);
#1405=VECTOR('',#5304,1000.);
#1406=VECTOR('',#5305,1000.);
#1407=VECTOR('',#5306,1000.);
#1408=VECTOR('',#5307,1000.);
#1409=VECTOR('',#5308,1000.);
#1410=VECTOR('',#5309,1000.);
#1411=VECTOR('',#5310,1000.);
#1412=VECTOR('',#5311,1000.);
#1413=VECTOR('',#5312,1000.);
#1414=VECTOR('',#5313,1000.);
#1415=VECTOR('',#5314,1000.);
#1416=VECTOR('',#5315,1000.);
#1417=VECTOR('',#5316,1000.);
#1418=VECTOR('',#5321,1000.);
#1419=VECTOR('',#5324,1000.);
#1420=VECTOR('',#5325,1000.);
#1421=VECTOR('',#5326,1000.);
#1422=VECTOR('',#5329,1000.);
#1423=VECTOR('',#5334,1000.);
#1424=VECTOR('',#5341,1000.);
#1425=VECTOR('',#5344,1000.);
#1426=VECTOR('',#5345,1000.);
#1427=VECTOR('',#5346,1000.);
#1428=VECTOR('',#5349,1000.);
#1429=VECTOR('',#5354,1000.);
#1430=VECTOR('',#5357,1000.);
#1431=VECTOR('',#5358,1000.);
#1432=VECTOR('',#5359,1000.);
#1433=VECTOR('',#5362,1000.);
#1434=VECTOR('',#5367,1000.);
#1435=VECTOR('',#5374,1000.);
#1436=VECTOR('',#5377,1000.);
#1437=VECTOR('',#5378,1000.);
#1438=VECTOR('',#5379,1000.);
#1439=VECTOR('',#5382,1000.);
#1440=VECTOR('',#5387,1000.);
#1441=VECTOR('',#5390,1000.);
#1442=VECTOR('',#5391,1000.);
#1443=VECTOR('',#5392,1000.);
#1444=VECTOR('',#5395,1000.);
#1445=VECTOR('',#5400,1000.);
#1446=VECTOR('',#5407,1000.);
#1447=VECTOR('',#5410,1000.);
#1448=VECTOR('',#5411,1000.);
#1449=VECTOR('',#5412,1000.);
#1450=VECTOR('',#5415,1000.);
#1451=VECTOR('',#5420,1000.);
#1452=VECTOR('',#5423,1000.);
#1453=VECTOR('',#5424,1000.);
#1454=VECTOR('',#5425,1000.);
#1455=VECTOR('',#5428,1000.);
#1456=VECTOR('',#5433,1000.);
#1457=VECTOR('',#5440,1000.);
#1458=VECTOR('',#5443,1000.);
#1459=VECTOR('',#5444,1000.);
#1460=VECTOR('',#5445,1000.);
#1461=VECTOR('',#5448,1000.);
#1462=VECTOR('',#5453,1000.);
#1463=VECTOR('',#5456,1000.);
#1464=VECTOR('',#5457,1000.);
#1465=VECTOR('',#5458,1000.);
#1466=VECTOR('',#5461,1000.);
#1467=VECTOR('',#5466,1000.);
#1468=VECTOR('',#5473,1000.);
#1469=VECTOR('',#5476,1000.);
#1470=VECTOR('',#5477,1000.);
#1471=VECTOR('',#5478,1000.);
#1472=VECTOR('',#5481,1000.);
#1473=VECTOR('',#5486,1000.);
#1474=VECTOR('',#5489,1000.);
#1475=VECTOR('',#5490,1000.);
#1476=VECTOR('',#5491,1000.);
#1477=VECTOR('',#5494,1000.);
#1478=VECTOR('',#5499,1000.);
#1479=VECTOR('',#5506,1000.);
#1480=VECTOR('',#5509,1000.);
#1481=VECTOR('',#5510,1000.);
#1482=VECTOR('',#5511,1000.);
#1483=VECTOR('',#5514,1000.);
#1484=VECTOR('',#5519,1000.);
#1485=VECTOR('',#5522,1000.);
#1486=VECTOR('',#5523,1000.);
#1487=VECTOR('',#5524,1000.);
#1488=VECTOR('',#5527,1000.);
#1489=VECTOR('',#5532,1000.);
#1490=VECTOR('',#5539,1000.);
#1491=VECTOR('',#5542,1000.);
#1492=VECTOR('',#5543,1000.);
#1493=VECTOR('',#5544,1000.);
#1494=VECTOR('',#5547,1000.);
#1495=VECTOR('',#5552,1000.);
#1496=VECTOR('',#5555,1000.);
#1497=VECTOR('',#5556,1000.);
#1498=VECTOR('',#5557,1000.);
#1499=VECTOR('',#5560,1000.);
#1500=VECTOR('',#5565,1000.);
#1501=VECTOR('',#5572,1000.);
#1502=VECTOR('',#5575,1000.);
#1503=VECTOR('',#5576,1000.);
#1504=VECTOR('',#5577,1000.);
#1505=VECTOR('',#5580,1000.);
#1506=VECTOR('',#5585,1000.);
#1507=VECTOR('',#5588,1000.);
#1508=VECTOR('',#5589,1000.);
#1509=VECTOR('',#5590,1000.);
#1510=VECTOR('',#5593,1000.);
#1511=VECTOR('',#5598,1000.);
#1512=VECTOR('',#5605,1000.);
#1513=VECTOR('',#5608,1000.);
#1514=VECTOR('',#5609,1000.);
#1515=VECTOR('',#5610,1000.);
#1516=VECTOR('',#5613,1000.);
#1517=VECTOR('',#5618,1000.);
#1518=VECTOR('',#5621,1000.);
#1519=VECTOR('',#5622,1000.);
#1520=VECTOR('',#5623,1000.);
#1521=VECTOR('',#5626,1000.);
#1522=VECTOR('',#5631,1000.);
#1523=VECTOR('',#5638,1000.);
#1524=VECTOR('',#5641,1000.);
#1525=VECTOR('',#5642,1000.);
#1526=VECTOR('',#5643,1000.);
#1527=VECTOR('',#5646,1000.);
#1528=VECTOR('',#5651,1000.);
#1529=VECTOR('',#5654,1000.);
#1530=VECTOR('',#5655,1000.);
#1531=VECTOR('',#5656,1000.);
#1532=VECTOR('',#5659,1000.);
#1533=VECTOR('',#5664,1000.);
#1534=VECTOR('',#5671,1000.);
#1535=VECTOR('',#5674,1000.);
#1536=VECTOR('',#5675,1000.);
#1537=VECTOR('',#5676,1000.);
#1538=VECTOR('',#5679,1000.);
#1539=VECTOR('',#5684,1000.);
#1540=VECTOR('',#5687,1000.);
#1541=VECTOR('',#5688,1000.);
#1542=VECTOR('',#5689,1000.);
#1543=VECTOR('',#5692,1000.);
#1544=VECTOR('',#5697,1000.);
#1545=VECTOR('',#5704,1000.);
#1546=VECTOR('',#5707,1000.);
#1547=VECTOR('',#5708,1000.);
#1548=VECTOR('',#5709,1000.);
#1549=VECTOR('',#5712,1000.);
#1550=VECTOR('',#5717,1000.);
#1551=VECTOR('',#5720,1000.);
#1552=VECTOR('',#5721,1000.);
#1553=VECTOR('',#5722,1000.);
#1554=VECTOR('',#5725,1000.);
#1555=VECTOR('',#5730,1000.);
#1556=VECTOR('',#5737,1000.);
#1557=VECTOR('',#5740,1000.);
#1558=VECTOR('',#5741,1000.);
#1559=VECTOR('',#5742,1000.);
#1560=VECTOR('',#5745,1000.);
#1561=VECTOR('',#5750,1000.);
#1562=VECTOR('',#5753,1000.);
#1563=VECTOR('',#5754,1000.);
#1564=VECTOR('',#5755,1000.);
#1565=VECTOR('',#5758,1000.);
#1566=VECTOR('',#5763,1000.);
#1567=VECTOR('',#5770,1000.);
#1568=VECTOR('',#5773,1000.);
#1569=VECTOR('',#5774,1000.);
#1570=VECTOR('',#5775,1000.);
#1571=VECTOR('',#5778,1000.);
#1572=VECTOR('',#5783,1000.);
#1573=VECTOR('',#5786,1000.);
#1574=VECTOR('',#5787,1000.);
#1575=VECTOR('',#5788,1000.);
#1576=VECTOR('',#5791,1000.);
#1577=VECTOR('',#5796,1000.);
#1578=VECTOR('',#5803,1000.);
#1579=VECTOR('',#5806,1000.);
#1580=VECTOR('',#5807,1000.);
#1581=VECTOR('',#5808,1000.);
#1582=VECTOR('',#5811,1000.);
#1583=VECTOR('',#5816,1000.);
#1584=VECTOR('',#5819,1000.);
#1585=VECTOR('',#5820,1000.);
#1586=VECTOR('',#5821,1000.);
#1587=VECTOR('',#5824,1000.);
#1588=VECTOR('',#5829,1000.);
#1589=VECTOR('',#5836,1000.);
#1590=VECTOR('',#5839,1000.);
#1591=VECTOR('',#5840,1000.);
#1592=VECTOR('',#5841,1000.);
#1593=VECTOR('',#5844,1000.);
#1594=VECTOR('',#5847,1000.);
#1595=VECTOR('',#5848,1000.);
#1596=VECTOR('',#5849,1000.);
#1597=VECTOR('',#5852,1000.);
#1598=VECTOR('',#5855,1000.);
#1599=VECTOR('',#5858,1000.);
#1600=VECTOR('',#5861,1000.);
#1601=VECTOR('',#5864,1000.);
#1602=VECTOR('',#5867,1000.);
#1603=VECTOR('',#5870,1000.);
#1604=VECTOR('',#5875,1000.);
#1605=VECTOR('',#5878,1000.);
#1606=VECTOR('',#5881,1000.);
#1607=VECTOR('',#5884,1000.);
#1608=VECTOR('',#5887,1000.);
#1609=VECTOR('',#5890,1000.);
#1610=VECTOR('',#5893,1000.);
#1611=VECTOR('',#5898,1000.);
#1612=VECTOR('',#5901,1000.);
#1613=VECTOR('',#5904,1000.);
#1614=VECTOR('',#5907,1000.);
#1615=VECTOR('',#5910,1000.);
#1616=VECTOR('',#5913,1000.);
#1617=VECTOR('',#5916,1000.);
#1618=VECTOR('',#5921,1000.);
#1619=VECTOR('',#5924,1000.);
#1620=VECTOR('',#5927,1000.);
#1621=VECTOR('',#5930,1000.);
#1622=VECTOR('',#5933,1000.);
#1623=VECTOR('',#5936,1000.);
#1624=VECTOR('',#5939,1000.);
#1625=VECTOR('',#5944,1000.);
#1626=VECTOR('',#5947,1000.);
#1627=VECTOR('',#5950,1000.);
#1628=VECTOR('',#5953,1000.);
#1629=VECTOR('',#5956,1000.);
#1630=VECTOR('',#5959,1000.);
#1631=VECTOR('',#5962,1000.);
#1632=VECTOR('',#5967,1000.);
#1633=VECTOR('',#5970,1000.);
#1634=VECTOR('',#5973,1000.);
#1635=VECTOR('',#5976,1000.);
#1636=VECTOR('',#5979,1000.);
#1637=VECTOR('',#5982,1000.);
#1638=VECTOR('',#5985,1000.);
#1639=VECTOR('',#5990,1000.);
#1640=VECTOR('',#5993,1000.);
#1641=VECTOR('',#5996,1000.);
#1642=VECTOR('',#5999,1000.);
#1643=VECTOR('',#6002,1000.);
#1644=VECTOR('',#6005,1000.);
#1645=VECTOR('',#6008,1000.);
#1646=VECTOR('',#6013,1000.);
#1647=VECTOR('',#6016,1000.);
#1648=VECTOR('',#6019,1000.);
#1649=VECTOR('',#6022,1000.);
#1650=VECTOR('',#6025,1000.);
#1651=VECTOR('',#6028,1000.);
#1652=VECTOR('',#6031,1000.);
#1653=VECTOR('',#6036,1000.);
#1654=VECTOR('',#6037,1000.);
#1655=VECTOR('',#6038,1000.);
#1656=VECTOR('',#6041,1000.);
#1657=VECTOR('',#6042,1000.);
#1658=VECTOR('',#6045,1000.);
#1659=VECTOR('',#6046,1000.);
#1660=VECTOR('',#6049,1000.);
#1661=VECTOR('',#6052,1000.);
#1662=VECTOR('',#6055,1000.);
#1663=VECTOR('',#6058,1000.);
#1664=VECTOR('',#6061,1000.);
#1665=VECTOR('',#6064,1000.);
#1666=VECTOR('',#6067,1000.);
#1667=VECTOR('',#6072,1000.);
#1668=VECTOR('',#6075,1000.);
#1669=VECTOR('',#6078,1000.);
#1670=VECTOR('',#6081,1000.);
#1671=VECTOR('',#6084,1000.);
#1672=VECTOR('',#6087,1000.);
#1673=VECTOR('',#6090,1000.);
#1674=VECTOR('',#6095,1000.);
#1675=VECTOR('',#6098,1000.);
#1676=VECTOR('',#6101,1000.);
#1677=VECTOR('',#6104,1000.);
#1678=VECTOR('',#6107,1000.);
#1679=VECTOR('',#6110,1000.);
#1680=VECTOR('',#6113,1000.);
#1681=VECTOR('',#6118,1000.);
#1682=VECTOR('',#6121,1000.);
#1683=VECTOR('',#6124,1000.);
#1684=VECTOR('',#6127,1000.);
#1685=VECTOR('',#6130,1000.);
#1686=VECTOR('',#6133,1000.);
#1687=VECTOR('',#6136,1000.);
#1688=VECTOR('',#6141,1000.);
#1689=VECTOR('',#6144,1000.);
#1690=VECTOR('',#6147,1000.);
#1691=VECTOR('',#6150,1000.);
#1692=VECTOR('',#6153,1000.);
#1693=VECTOR('',#6156,1000.);
#1694=VECTOR('',#6159,1000.);
#1695=VECTOR('',#6164,1000.);
#1696=VECTOR('',#6167,1000.);
#1697=VECTOR('',#6170,1000.);
#1698=VECTOR('',#6173,1000.);
#1699=VECTOR('',#6176,1000.);
#1700=VECTOR('',#6179,1000.);
#1701=VECTOR('',#6182,1000.);
#1702=VECTOR('',#6187,1000.);
#1703=VECTOR('',#6190,1000.);
#1704=VECTOR('',#6193,1000.);
#1705=VECTOR('',#6196,1000.);
#1706=VECTOR('',#6199,1000.);
#1707=VECTOR('',#6202,1000.);
#1708=VECTOR('',#6205,1000.);
#1709=VECTOR('',#6210,1000.);
#1710=VECTOR('',#6213,1000.);
#1711=VECTOR('',#6216,1000.);
#1712=VECTOR('',#6219,1000.);
#1713=VECTOR('',#6222,1000.);
#1714=VECTOR('',#6225,1000.);
#1715=VECTOR('',#6228,1000.);
#1716=VECTOR('',#6233,1000.);
#1717=VECTOR('',#6234,1000.);
#1718=VECTOR('',#6235,1000.);
#1719=VECTOR('',#6238,1000.);
#1720=VECTOR('',#6241,1000.);
#1721=VECTOR('',#6242,1000.);
#1722=CIRCLE('',#4618,0.25);
#1723=CIRCLE('',#4619,0.25);
#1724=CIRCLE('',#4671,0.3);
#1725=CIRCLE('',#4672,0.0999999999999998);
#1726=CIRCLE('',#4673,0.3);
#1727=CIRCLE('',#4674,0.0999999999999998);
#1728=CIRCLE('',#4676,0.0999999999999998);
#1729=CIRCLE('',#4678,0.3);
#1730=CIRCLE('',#4679,0.3);
#1731=CIRCLE('',#4680,0.0999999999999998);
#1732=CIRCLE('',#4682,0.3);
#1733=CIRCLE('',#4683,0.0999999999999998);
#1734=CIRCLE('',#4684,0.3);
#1735=CIRCLE('',#4685,0.0999999999999998);
#1736=CIRCLE('',#4687,0.0999999999999998);
#1737=CIRCLE('',#4689,0.3);
#1738=CIRCLE('',#4690,0.3);
#1739=CIRCLE('',#4691,0.0999999999999998);
#1740=CIRCLE('',#4693,0.3);
#1741=CIRCLE('',#4694,0.0999999999999998);
#1742=CIRCLE('',#4695,0.3);
#1743=CIRCLE('',#4696,0.0999999999999998);
#1744=CIRCLE('',#4698,0.0999999999999998);
#1745=CIRCLE('',#4700,0.3);
#1746=CIRCLE('',#4701,0.3);
#1747=CIRCLE('',#4702,0.0999999999999998);
#1748=CIRCLE('',#4704,0.3);
#1749=CIRCLE('',#4705,0.0999999999999998);
#1750=CIRCLE('',#4706,0.3);
#1751=CIRCLE('',#4707,0.0999999999999998);
#1752=CIRCLE('',#4709,0.0999999999999998);
#1753=CIRCLE('',#4711,0.3);
#1754=CIRCLE('',#4712,0.3);
#1755=CIRCLE('',#4713,0.0999999999999998);
#1756=CIRCLE('',#4715,0.3);
#1757=CIRCLE('',#4716,0.0999999999999998);
#1758=CIRCLE('',#4717,0.3);
#1759=CIRCLE('',#4718,0.0999999999999998);
#1760=CIRCLE('',#4720,0.0999999999999998);
#1761=CIRCLE('',#4722,0.3);
#1762=CIRCLE('',#4723,0.3);
#1763=CIRCLE('',#4724,0.0999999999999998);
#1764=CIRCLE('',#4726,0.3);
#1765=CIRCLE('',#4727,0.0999999999999998);
#1766=CIRCLE('',#4728,0.3);
#1767=CIRCLE('',#4729,0.0999999999999998);
#1768=CIRCLE('',#4731,0.0999999999999998);
#1769=CIRCLE('',#4733,0.3);
#1770=CIRCLE('',#4734,0.3);
#1771=CIRCLE('',#4735,0.0999999999999998);
#1772=CIRCLE('',#4737,0.3);
#1773=CIRCLE('',#4738,0.0999999999999998);
#1774=CIRCLE('',#4739,0.3);
#1775=CIRCLE('',#4740,0.0999999999999998);
#1776=CIRCLE('',#4742,0.0999999999999998);
#1777=CIRCLE('',#4744,0.3);
#1778=CIRCLE('',#4745,0.3);
#1779=CIRCLE('',#4746,0.0999999999999998);
#1780=CIRCLE('',#4748,0.3);
#1781=CIRCLE('',#4749,0.0999999999999998);
#1782=CIRCLE('',#4750,0.3);
#1783=CIRCLE('',#4751,0.0999999999999998);
#1784=CIRCLE('',#4753,0.0999999999999998);
#1785=CIRCLE('',#4755,0.3);
#1786=CIRCLE('',#4756,0.3);
#1787=CIRCLE('',#4757,0.0999999999999998);
#1788=CIRCLE('',#4759,0.3);
#1789=CIRCLE('',#4760,0.0999999999999998);
#1790=CIRCLE('',#4761,0.3);
#1791=CIRCLE('',#4762,0.0999999999999998);
#1792=CIRCLE('',#4764,0.0999999999999998);
#1793=CIRCLE('',#4766,0.3);
#1794=CIRCLE('',#4767,0.3);
#1795=CIRCLE('',#4768,0.0999999999999998);
#1796=CIRCLE('',#4770,0.3);
#1797=CIRCLE('',#4771,0.0999999999999998);
#1798=CIRCLE('',#4772,0.3);
#1799=CIRCLE('',#4773,0.0999999999999998);
#1800=CIRCLE('',#4775,0.0999999999999998);
#1801=CIRCLE('',#4777,0.3);
#1802=CIRCLE('',#4778,0.3);
#1803=CIRCLE('',#4779,0.0999999999999998);
#1804=CIRCLE('',#4781,0.3);
#1805=CIRCLE('',#4782,0.0999999999999998);
#1806=CIRCLE('',#4783,0.3);
#1807=CIRCLE('',#4784,0.0999999999999998);
#1808=CIRCLE('',#4786,0.0999999999999998);
#1809=CIRCLE('',#4788,0.3);
#1810=CIRCLE('',#4789,0.3);
#1811=CIRCLE('',#4790,0.0999999999999998);
#1812=CIRCLE('',#4792,0.3);
#1813=CIRCLE('',#4793,0.0999999999999998);
#1814=CIRCLE('',#4794,0.3);
#1815=CIRCLE('',#4795,0.0999999999999998);
#1816=CIRCLE('',#4797,0.0999999999999998);
#1817=CIRCLE('',#4799,0.3);
#1818=CIRCLE('',#4800,0.3);
#1819=CIRCLE('',#4801,0.0999999999999998);
#1820=CIRCLE('',#4803,0.3);
#1821=CIRCLE('',#4804,0.0999999999999998);
#1822=CIRCLE('',#4805,0.3);
#1823=CIRCLE('',#4806,0.0999999999999998);
#1824=CIRCLE('',#4808,0.0999999999999998);
#1825=CIRCLE('',#4810,0.3);
#1826=CIRCLE('',#4811,0.3);
#1827=CIRCLE('',#4812,0.0999999999999998);
#1828=CIRCLE('',#4814,0.3);
#1829=CIRCLE('',#4815,0.0999999999999998);
#1830=CIRCLE('',#4816,0.3);
#1831=CIRCLE('',#4817,0.0999999999999998);
#1832=CIRCLE('',#4819,0.0999999999999998);
#1833=CIRCLE('',#4821,0.3);
#1834=CIRCLE('',#4822,0.3);
#1835=CIRCLE('',#4823,0.0999999999999998);
#1836=CIRCLE('',#4825,0.3);
#1837=CIRCLE('',#4826,0.0999999999999998);
#1838=CIRCLE('',#4827,0.3);
#1839=CIRCLE('',#4828,0.0999999999999998);
#1840=CIRCLE('',#4830,0.0999999999999998);
#1841=CIRCLE('',#4832,0.3);
#1842=CIRCLE('',#4833,0.3);
#1843=CIRCLE('',#4834,0.0999999999999998);
#1844=CIRCLE('',#4836,0.3);
#1845=CIRCLE('',#4837,0.0999999999999998);
#1846=CIRCLE('',#4838,0.3);
#1847=CIRCLE('',#4839,0.0999999999999998);
#1848=CIRCLE('',#4841,0.0999999999999998);
#1849=CIRCLE('',#4843,0.3);
#1850=CIRCLE('',#4844,0.3);
#1851=CIRCLE('',#4845,0.0999999999999998);
#1852=VERTEX_POINT('',#6251);
#1853=VERTEX_POINT('',#6253);
#1854=VERTEX_POINT('',#6257);
#1855=VERTEX_POINT('',#6258);
#1856=VERTEX_POINT('',#6260);
#1857=VERTEX_POINT('',#6262);
#1858=VERTEX_POINT('',#6264);
#1859=VERTEX_POINT('',#6266);
#1860=VERTEX_POINT('',#6268);
#1861=VERTEX_POINT('',#6270);
#1862=VERTEX_POINT('',#6274);
#1863=VERTEX_POINT('',#6275);
#1864=VERTEX_POINT('',#6280);
#1865=VERTEX_POINT('',#6281);
#1866=VERTEX_POINT('',#6283);
#1867=VERTEX_POINT('',#6285);
#1868=VERTEX_POINT('',#6287);
#1869=VERTEX_POINT('',#6289);
#1870=VERTEX_POINT('',#6291);
#1871=VERTEX_POINT('',#6293);
#1872=VERTEX_POINT('',#6295);
#1873=VERTEX_POINT('',#6297);
#1874=VERTEX_POINT('',#6299);
#1875=VERTEX_POINT('',#6301);
#1876=VERTEX_POINT('',#6303);
#1877=VERTEX_POINT('',#6305);
#1878=VERTEX_POINT('',#6307);
#1879=VERTEX_POINT('',#6309);
#1880=VERTEX_POINT('',#6311);
#1881=VERTEX_POINT('',#6316);
#1882=VERTEX_POINT('',#6320);
#1883=VERTEX_POINT('',#6324);
#1884=VERTEX_POINT('',#6328);
#1885=VERTEX_POINT('',#6329);
#1886=VERTEX_POINT('',#6331);
#1887=VERTEX_POINT('',#6333);
#1888=VERTEX_POINT('',#6335);
#1889=VERTEX_POINT('',#6337);
#1890=VERTEX_POINT('',#6339);
#1891=VERTEX_POINT('',#6341);
#1892=VERTEX_POINT('',#6343);
#1893=VERTEX_POINT('',#6345);
#1894=VERTEX_POINT('',#6347);
#1895=VERTEX_POINT('',#6349);
#1896=VERTEX_POINT('',#6351);
#1897=VERTEX_POINT('',#6353);
#1898=VERTEX_POINT('',#6355);
#1899=VERTEX_POINT('',#6357);
#1900=VERTEX_POINT('',#6359);
#1901=VERTEX_POINT('',#6364);
#1902=VERTEX_POINT('',#6370);
#1903=VERTEX_POINT('',#6371);
#1904=VERTEX_POINT('',#6376);
#1905=VERTEX_POINT('',#6378);
#1906=VERTEX_POINT('',#6382);
#1907=VERTEX_POINT('',#6384);
#1908=VERTEX_POINT('',#6388);
#1909=VERTEX_POINT('',#6390);
#1910=VERTEX_POINT('',#6394);
#1911=VERTEX_POINT('',#6396);
#1912=VERTEX_POINT('',#6400);
#1913=VERTEX_POINT('',#6402);
#1914=VERTEX_POINT('',#6406);
#1915=VERTEX_POINT('',#6408);
#1916=VERTEX_POINT('',#6412);
#1917=VERTEX_POINT('',#6414);
#1918=VERTEX_POINT('',#6418);
#1919=VERTEX_POINT('',#6420);
#1920=VERTEX_POINT('',#6424);
#1921=VERTEX_POINT('',#6426);
#1922=VERTEX_POINT('',#6430);
#1923=VERTEX_POINT('',#6432);
#1924=VERTEX_POINT('',#6436);
#1925=VERTEX_POINT('',#6438);
#1926=VERTEX_POINT('',#6442);
#1927=VERTEX_POINT('',#6444);
#1928=VERTEX_POINT('',#6448);
#1929=VERTEX_POINT('',#6450);
#1930=VERTEX_POINT('',#6454);
#1931=VERTEX_POINT('',#6456);
#1932=VERTEX_POINT('',#6460);
#1933=VERTEX_POINT('',#6462);
#1934=VERTEX_POINT('',#6466);
#1935=VERTEX_POINT('',#6468);
#1936=VERTEX_POINT('',#6472);
#1937=VERTEX_POINT('',#6476);
#1938=VERTEX_POINT('',#6480);
#1939=VERTEX_POINT('',#6484);
#1940=VERTEX_POINT('',#6488);
#1941=VERTEX_POINT('',#6490);
#1942=VERTEX_POINT('',#6494);
#1943=VERTEX_POINT('',#6496);
#1944=VERTEX_POINT('',#6500);
#1945=VERTEX_POINT('',#6502);
#1946=VERTEX_POINT('',#6506);
#1947=VERTEX_POINT('',#6508);
#1948=VERTEX_POINT('',#6512);
#1949=VERTEX_POINT('',#6514);
#1950=VERTEX_POINT('',#6518);
#1951=VERTEX_POINT('',#6520);
#1952=VERTEX_POINT('',#6524);
#1953=VERTEX_POINT('',#6526);
#1954=VERTEX_POINT('',#6530);
#1955=VERTEX_POINT('',#6532);
#1956=VERTEX_POINT('',#6536);
#1957=VERTEX_POINT('',#6538);
#1958=VERTEX_POINT('',#6542);
#1959=VERTEX_POINT('',#6544);
#1960=VERTEX_POINT('',#6548);
#1961=VERTEX_POINT('',#6550);
#1962=VERTEX_POINT('',#6554);
#1963=VERTEX_POINT('',#6556);
#1964=VERTEX_POINT('',#6560);
#1965=VERTEX_POINT('',#6562);
#1966=VERTEX_POINT('',#6566);
#1967=VERTEX_POINT('',#6568);
#1968=VERTEX_POINT('',#6572);
#1969=VERTEX_POINT('',#6574);
#1970=VERTEX_POINT('',#6578);
#1971=VERTEX_POINT('',#6580);
#1972=VERTEX_POINT('',#6584);
#1973=VERTEX_POINT('',#6588);
#1974=VERTEX_POINT('',#6594);
#1975=VERTEX_POINT('',#6596);
#1976=VERTEX_POINT('',#6599);
#1977=VERTEX_POINT('',#6601);
#1978=VERTEX_POINT('',#6604);
#1979=VERTEX_POINT('',#6606);
#1980=VERTEX_POINT('',#6609);
#1981=VERTEX_POINT('',#6611);
#1982=VERTEX_POINT('',#6614);
#1983=VERTEX_POINT('',#6616);
#1984=VERTEX_POINT('',#6619);
#1985=VERTEX_POINT('',#6621);
#1986=VERTEX_POINT('',#6624);
#1987=VERTEX_POINT('',#6626);
#1988=VERTEX_POINT('',#6629);
#1989=VERTEX_POINT('',#6631);
#1990=VERTEX_POINT('',#6634);
#1991=VERTEX_POINT('',#6636);
#1992=VERTEX_POINT('',#6639);
#1993=VERTEX_POINT('',#6641);
#1994=VERTEX_POINT('',#6644);
#1995=VERTEX_POINT('',#6646);
#1996=VERTEX_POINT('',#6649);
#1997=VERTEX_POINT('',#6651);
#1998=VERTEX_POINT('',#6654);
#1999=VERTEX_POINT('',#6656);
#2000=VERTEX_POINT('',#6659);
#2001=VERTEX_POINT('',#6661);
#2002=VERTEX_POINT('',#6664);
#2003=VERTEX_POINT('',#6666);
#2004=VERTEX_POINT('',#6669);
#2005=VERTEX_POINT('',#6671);
#2006=VERTEX_POINT('',#6674);
#2007=VERTEX_POINT('',#6675);
#2008=VERTEX_POINT('',#6677);
#2009=VERTEX_POINT('',#6679);
#2010=VERTEX_POINT('',#6681);
#2011=VERTEX_POINT('',#6683);
#2012=VERTEX_POINT('',#6685);
#2013=VERTEX_POINT('',#6687);
#2014=VERTEX_POINT('',#6691);
#2015=VERTEX_POINT('',#6693);
#2016=VERTEX_POINT('',#6695);
#2017=VERTEX_POINT('',#6697);
#2018=VERTEX_POINT('',#6699);
#2019=VERTEX_POINT('',#6701);
#2020=VERTEX_POINT('',#6703);
#2021=VERTEX_POINT('',#6705);
#2022=VERTEX_POINT('',#6709);
#2023=VERTEX_POINT('',#6713);
#2024=VERTEX_POINT('',#6715);
#2025=VERTEX_POINT('',#6717);
#2026=VERTEX_POINT('',#6719);
#2027=VERTEX_POINT('',#6721);
#2028=VERTEX_POINT('',#6723);
#2029=VERTEX_POINT('',#6725);
#2030=VERTEX_POINT('',#6729);
#2031=VERTEX_POINT('',#6731);
#2032=VERTEX_POINT('',#6733);
#2033=VERTEX_POINT('',#6735);
#2034=VERTEX_POINT('',#6737);
#2035=VERTEX_POINT('',#6739);
#2036=VERTEX_POINT('',#6741);
#2037=VERTEX_POINT('',#6743);
#2038=VERTEX_POINT('',#6747);
#2039=VERTEX_POINT('',#6751);
#2040=VERTEX_POINT('',#6753);
#2041=VERTEX_POINT('',#6755);
#2042=VERTEX_POINT('',#6757);
#2043=VERTEX_POINT('',#6759);
#2044=VERTEX_POINT('',#6761);
#2045=VERTEX_POINT('',#6763);
#2046=VERTEX_POINT('',#6767);
#2047=VERTEX_POINT('',#6769);
#2048=VERTEX_POINT('',#6771);
#2049=VERTEX_POINT('',#6773);
#2050=VERTEX_POINT('',#6775);
#2051=VERTEX_POINT('',#6777);
#2052=VERTEX_POINT('',#6779);
#2053=VERTEX_POINT('',#6781);
#2054=VERTEX_POINT('',#6785);
#2055=VERTEX_POINT('',#6789);
#2056=VERTEX_POINT('',#6791);
#2057=VERTEX_POINT('',#6793);
#2058=VERTEX_POINT('',#6795);
#2059=VERTEX_POINT('',#6797);
#2060=VERTEX_POINT('',#6799);
#2061=VERTEX_POINT('',#6801);
#2062=VERTEX_POINT('',#6805);
#2063=VERTEX_POINT('',#6807);
#2064=VERTEX_POINT('',#6809);
#2065=VERTEX_POINT('',#6811);
#2066=VERTEX_POINT('',#6813);
#2067=VERTEX_POINT('',#6815);
#2068=VERTEX_POINT('',#6817);
#2069=VERTEX_POINT('',#6819);
#2070=VERTEX_POINT('',#6823);
#2071=VERTEX_POINT('',#6827);
#2072=VERTEX_POINT('',#6829);
#2073=VERTEX_POINT('',#6831);
#2074=VERTEX_POINT('',#6833);
#2075=VERTEX_POINT('',#6835);
#2076=VERTEX_POINT('',#6837);
#2077=VERTEX_POINT('',#6839);
#2078=VERTEX_POINT('',#6843);
#2079=VERTEX_POINT('',#6845);
#2080=VERTEX_POINT('',#6847);
#2081=VERTEX_POINT('',#6849);
#2082=VERTEX_POINT('',#6851);
#2083=VERTEX_POINT('',#6853);
#2084=VERTEX_POINT('',#6855);
#2085=VERTEX_POINT('',#6857);
#2086=VERTEX_POINT('',#6861);
#2087=VERTEX_POINT('',#6865);
#2088=VERTEX_POINT('',#6867);
#2089=VERTEX_POINT('',#6869);
#2090=VERTEX_POINT('',#6871);
#2091=VERTEX_POINT('',#6873);
#2092=VERTEX_POINT('',#6875);
#2093=VERTEX_POINT('',#6877);
#2094=VERTEX_POINT('',#6881);
#2095=VERTEX_POINT('',#6883);
#2096=VERTEX_POINT('',#6885);
#2097=VERTEX_POINT('',#6887);
#2098=VERTEX_POINT('',#6889);
#2099=VERTEX_POINT('',#6891);
#2100=VERTEX_POINT('',#6893);
#2101=VERTEX_POINT('',#6895);
#2102=VERTEX_POINT('',#6899);
#2103=VERTEX_POINT('',#6903);
#2104=VERTEX_POINT('',#6905);
#2105=VERTEX_POINT('',#6907);
#2106=VERTEX_POINT('',#6909);
#2107=VERTEX_POINT('',#6911);
#2108=VERTEX_POINT('',#6913);
#2109=VERTEX_POINT('',#6915);
#2110=VERTEX_POINT('',#6919);
#2111=VERTEX_POINT('',#6921);
#2112=VERTEX_POINT('',#6923);
#2113=VERTEX_POINT('',#6925);
#2114=VERTEX_POINT('',#6927);
#2115=VERTEX_POINT('',#6929);
#2116=VERTEX_POINT('',#6931);
#2117=VERTEX_POINT('',#6933);
#2118=VERTEX_POINT('',#6937);
#2119=VERTEX_POINT('',#6941);
#2120=VERTEX_POINT('',#6943);
#2121=VERTEX_POINT('',#6945);
#2122=VERTEX_POINT('',#6947);
#2123=VERTEX_POINT('',#6949);
#2124=VERTEX_POINT('',#6951);
#2125=VERTEX_POINT('',#6953);
#2126=VERTEX_POINT('',#6957);
#2127=VERTEX_POINT('',#6959);
#2128=VERTEX_POINT('',#6961);
#2129=VERTEX_POINT('',#6963);
#2130=VERTEX_POINT('',#6965);
#2131=VERTEX_POINT('',#6967);
#2132=VERTEX_POINT('',#6969);
#2133=VERTEX_POINT('',#6971);
#2134=VERTEX_POINT('',#6975);
#2135=VERTEX_POINT('',#6979);
#2136=VERTEX_POINT('',#6981);
#2137=VERTEX_POINT('',#6983);
#2138=VERTEX_POINT('',#6985);
#2139=VERTEX_POINT('',#6987);
#2140=VERTEX_POINT('',#6989);
#2141=VERTEX_POINT('',#6991);
#2142=VERTEX_POINT('',#6995);
#2143=VERTEX_POINT('',#6997);
#2144=VERTEX_POINT('',#6999);
#2145=VERTEX_POINT('',#7001);
#2146=VERTEX_POINT('',#7003);
#2147=VERTEX_POINT('',#7005);
#2148=VERTEX_POINT('',#7007);
#2149=VERTEX_POINT('',#7009);
#2150=VERTEX_POINT('',#7013);
#2151=VERTEX_POINT('',#7017);
#2152=VERTEX_POINT('',#7019);
#2153=VERTEX_POINT('',#7021);
#2154=VERTEX_POINT('',#7023);
#2155=VERTEX_POINT('',#7025);
#2156=VERTEX_POINT('',#7027);
#2157=VERTEX_POINT('',#7029);
#2158=VERTEX_POINT('',#7033);
#2159=VERTEX_POINT('',#7035);
#2160=VERTEX_POINT('',#7037);
#2161=VERTEX_POINT('',#7039);
#2162=VERTEX_POINT('',#7041);
#2163=VERTEX_POINT('',#7043);
#2164=VERTEX_POINT('',#7045);
#2165=VERTEX_POINT('',#7047);
#2166=VERTEX_POINT('',#7051);
#2167=VERTEX_POINT('',#7055);
#2168=VERTEX_POINT('',#7057);
#2169=VERTEX_POINT('',#7059);
#2170=VERTEX_POINT('',#7061);
#2171=VERTEX_POINT('',#7063);
#2172=VERTEX_POINT('',#7065);
#2173=VERTEX_POINT('',#7067);
#2174=VERTEX_POINT('',#7071);
#2175=VERTEX_POINT('',#7073);
#2176=VERTEX_POINT('',#7075);
#2177=VERTEX_POINT('',#7077);
#2178=VERTEX_POINT('',#7079);
#2179=VERTEX_POINT('',#7081);
#2180=VERTEX_POINT('',#7083);
#2181=VERTEX_POINT('',#7085);
#2182=VERTEX_POINT('',#7089);
#2183=VERTEX_POINT('',#7093);
#2184=VERTEX_POINT('',#7095);
#2185=VERTEX_POINT('',#7097);
#2186=VERTEX_POINT('',#7099);
#2187=VERTEX_POINT('',#7101);
#2188=VERTEX_POINT('',#7103);
#2189=VERTEX_POINT('',#7105);
#2190=VERTEX_POINT('',#7109);
#2191=VERTEX_POINT('',#7111);
#2192=VERTEX_POINT('',#7113);
#2193=VERTEX_POINT('',#7115);
#2194=VERTEX_POINT('',#7117);
#2195=VERTEX_POINT('',#7119);
#2196=VERTEX_POINT('',#7121);
#2197=VERTEX_POINT('',#7123);
#2198=VERTEX_POINT('',#7127);
#2199=VERTEX_POINT('',#7131);
#2200=VERTEX_POINT('',#7133);
#2201=VERTEX_POINT('',#7135);
#2202=VERTEX_POINT('',#7137);
#2203=VERTEX_POINT('',#7139);
#2204=VERTEX_POINT('',#7141);
#2205=VERTEX_POINT('',#7143);
#2206=VERTEX_POINT('',#7147);
#2207=VERTEX_POINT('',#7149);
#2208=VERTEX_POINT('',#7151);
#2209=VERTEX_POINT('',#7153);
#2210=VERTEX_POINT('',#7155);
#2211=VERTEX_POINT('',#7157);
#2212=VERTEX_POINT('',#7159);
#2213=VERTEX_POINT('',#7161);
#2214=VERTEX_POINT('',#7165);
#2215=VERTEX_POINT('',#7169);
#2216=VERTEX_POINT('',#7171);
#2217=VERTEX_POINT('',#7173);
#2218=VERTEX_POINT('',#7175);
#2219=VERTEX_POINT('',#7177);
#2220=VERTEX_POINT('',#7179);
#2221=VERTEX_POINT('',#7181);
#2222=VERTEX_POINT('',#7185);
#2223=VERTEX_POINT('',#7187);
#2224=VERTEX_POINT('',#7189);
#2225=VERTEX_POINT('',#7191);
#2226=VERTEX_POINT('',#7193);
#2227=VERTEX_POINT('',#7195);
#2228=VERTEX_POINT('',#7197);
#2229=VERTEX_POINT('',#7199);
#2230=VERTEX_POINT('',#7203);
#2231=VERTEX_POINT('',#7207);
#2232=VERTEX_POINT('',#7209);
#2233=VERTEX_POINT('',#7211);
#2234=VERTEX_POINT('',#7213);
#2235=VERTEX_POINT('',#7215);
#2236=VERTEX_POINT('',#7217);
#2237=VERTEX_POINT('',#7219);
#2238=VERTEX_POINT('',#7223);
#2239=VERTEX_POINT('',#7225);
#2240=VERTEX_POINT('',#7227);
#2241=VERTEX_POINT('',#7229);
#2242=VERTEX_POINT('',#7231);
#2243=VERTEX_POINT('',#7233);
#2244=VERTEX_POINT('',#7235);
#2245=VERTEX_POINT('',#7237);
#2246=VERTEX_POINT('',#7241);
#2247=VERTEX_POINT('',#7245);
#2248=VERTEX_POINT('',#7247);
#2249=VERTEX_POINT('',#7249);
#2250=VERTEX_POINT('',#7251);
#2251=VERTEX_POINT('',#7253);
#2252=VERTEX_POINT('',#7255);
#2253=VERTEX_POINT('',#7257);
#2254=VERTEX_POINT('',#7261);
#2255=VERTEX_POINT('',#7263);
#2256=VERTEX_POINT('',#7265);
#2257=VERTEX_POINT('',#7267);
#2258=VERTEX_POINT('',#7269);
#2259=VERTEX_POINT('',#7271);
#2260=VERTEX_POINT('',#7273);
#2261=VERTEX_POINT('',#7275);
#2262=VERTEX_POINT('',#7279);
#2263=VERTEX_POINT('',#7283);
#2264=VERTEX_POINT('',#7285);
#2265=VERTEX_POINT('',#7287);
#2266=VERTEX_POINT('',#7289);
#2267=VERTEX_POINT('',#7291);
#2268=VERTEX_POINT('',#7293);
#2269=VERTEX_POINT('',#7295);
#2270=VERTEX_POINT('',#7299);
#2271=VERTEX_POINT('',#7300);
#2272=VERTEX_POINT('',#7425);
#2273=VERTEX_POINT('',#7426);
#2274=VERTEX_POINT('',#7431);
#2275=VERTEX_POINT('',#7435);
#2276=VERTEX_POINT('',#7559);
#2277=VERTEX_POINT('',#7560);
#2278=EDGE_CURVE('',#1852,#1852,#1722,.T.);
#2279=EDGE_CURVE('',#1852,#1853,#664,.T.);
#2280=EDGE_CURVE('',#1853,#1853,#1723,.T.);
#2281=EDGE_CURVE('',#1854,#1855,#665,.T.);
#2282=EDGE_CURVE('',#1855,#1856,#666,.T.);
#2283=EDGE_CURVE('',#1856,#1857,#667,.T.);
#2284=EDGE_CURVE('',#1857,#1858,#668,.T.);
#2285=EDGE_CURVE('',#1858,#1859,#669,.T.);
#2286=EDGE_CURVE('',#1859,#1860,#670,.T.);
#2287=EDGE_CURVE('',#1860,#1861,#671,.T.);
#2288=EDGE_CURVE('',#1861,#1854,#672,.T.);
#2289=EDGE_CURVE('',#1862,#1863,#673,.T.);
#2290=EDGE_CURVE('',#1856,#1862,#674,.T.);
#2291=EDGE_CURVE('',#1863,#1855,#675,.T.);
#2292=EDGE_CURVE('',#1864,#1865,#676,.T.);
#2293=EDGE_CURVE('',#1866,#1864,#677,.T.);
#2294=EDGE_CURVE('',#1867,#1866,#678,.T.);
#2295=EDGE_CURVE('',#1868,#1867,#679,.T.);
#2296=EDGE_CURVE('',#1869,#1868,#680,.T.);
#2297=EDGE_CURVE('',#1870,#1869,#681,.T.);
#2298=EDGE_CURVE('',#1871,#1870,#682,.T.);
#2299=EDGE_CURVE('',#1872,#1871,#683,.T.);
#2300=EDGE_CURVE('',#1873,#1872,#684,.T.);
#2301=EDGE_CURVE('',#1874,#1873,#685,.T.);
#2302=EDGE_CURVE('',#1875,#1874,#686,.T.);
#2303=EDGE_CURVE('',#1876,#1875,#687,.T.);
#2304=EDGE_CURVE('',#1877,#1876,#688,.T.);
#2305=EDGE_CURVE('',#1878,#1877,#689,.T.);
#2306=EDGE_CURVE('',#1879,#1878,#690,.T.);
#2307=EDGE_CURVE('',#1880,#1879,#691,.T.);
#2308=EDGE_CURVE('',#1863,#1880,#692,.T.);
#2309=EDGE_CURVE('',#1865,#1854,#693,.T.);
#2310=EDGE_CURVE('',#1865,#1881,#694,.T.);
#2311=EDGE_CURVE('',#1881,#1861,#695,.T.);
#2312=EDGE_CURVE('',#1881,#1882,#696,.T.);
#2313=EDGE_CURVE('',#1882,#1860,#697,.T.);
#2314=EDGE_CURVE('',#1882,#1883,#698,.T.);
#2315=EDGE_CURVE('',#1883,#1859,#699,.T.);
#2316=EDGE_CURVE('',#1884,#1885,#700,.T.);
#2317=EDGE_CURVE('',#1886,#1884,#701,.T.);
#2318=EDGE_CURVE('',#1887,#1886,#702,.T.);
#2319=EDGE_CURVE('',#1888,#1887,#703,.T.);
#2320=EDGE_CURVE('',#1889,#1888,#704,.T.);
#2321=EDGE_CURVE('',#1890,#1889,#705,.T.);
#2322=EDGE_CURVE('',#1891,#1890,#706,.T.);
#2323=EDGE_CURVE('',#1892,#1891,#707,.T.);
#2324=EDGE_CURVE('',#1893,#1892,#708,.T.);
#2325=EDGE_CURVE('',#1894,#1893,#709,.T.);
#2326=EDGE_CURVE('',#1895,#1894,#710,.T.);
#2327=EDGE_CURVE('',#1896,#1895,#711,.T.);
#2328=EDGE_CURVE('',#1897,#1896,#712,.T.);
#2329=EDGE_CURVE('',#1898,#1897,#713,.T.);
#2330=EDGE_CURVE('',#1899,#1898,#714,.T.);
#2331=EDGE_CURVE('',#1900,#1899,#715,.T.);
#2332=EDGE_CURVE('',#1883,#1900,#716,.T.);
#2333=EDGE_CURVE('',#1885,#1858,#717,.T.);
#2334=EDGE_CURVE('',#1885,#1901,#718,.T.);
#2335=EDGE_CURVE('',#1901,#1857,#719,.T.);
#2336=EDGE_CURVE('',#1901,#1862,#720,.T.);
#2337=EDGE_CURVE('',#1902,#1903,#721,.T.);
#2338=EDGE_CURVE('',#1862,#1902,#722,.T.);
#2339=EDGE_CURVE('',#1903,#1863,#723,.T.);
#2340=EDGE_CURVE('',#1864,#1904,#724,.T.);
#2341=EDGE_CURVE('',#1905,#1865,#725,.T.);
#2342=EDGE_CURVE('',#1904,#1905,#726,.T.);
#2343=EDGE_CURVE('',#1866,#1906,#727,.T.);
#2344=EDGE_CURVE('',#1907,#1864,#728,.T.);
#2345=EDGE_CURVE('',#1906,#1907,#729,.T.);
#2346=EDGE_CURVE('',#1867,#1908,#730,.T.);
#2347=EDGE_CURVE('',#1909,#1866,#731,.T.);
#2348=EDGE_CURVE('',#1908,#1909,#732,.T.);
#2349=EDGE_CURVE('',#1868,#1910,#733,.T.);
#2350=EDGE_CURVE('',#1911,#1867,#734,.T.);
#2351=EDGE_CURVE('',#1910,#1911,#735,.T.);
#2352=EDGE_CURVE('',#1869,#1912,#736,.T.);
#2353=EDGE_CURVE('',#1913,#1868,#737,.T.);
#2354=EDGE_CURVE('',#1912,#1913,#738,.T.);
#2355=EDGE_CURVE('',#1870,#1914,#739,.T.);
#2356=EDGE_CURVE('',#1915,#1869,#740,.T.);
#2357=EDGE_CURVE('',#1914,#1915,#741,.T.);
#2358=EDGE_CURVE('',#1871,#1916,#742,.T.);
#2359=EDGE_CURVE('',#1917,#1870,#743,.T.);
#2360=EDGE_CURVE('',#1916,#1917,#744,.T.);
#2361=EDGE_CURVE('',#1872,#1918,#745,.T.);
#2362=EDGE_CURVE('',#1919,#1871,#746,.T.);
#2363=EDGE_CURVE('',#1918,#1919,#747,.T.);
#2364=EDGE_CURVE('',#1873,#1920,#748,.T.);
#2365=EDGE_CURVE('',#1921,#1872,#749,.T.);
#2366=EDGE_CURVE('',#1920,#1921,#750,.T.);
#2367=EDGE_CURVE('',#1874,#1922,#751,.T.);
#2368=EDGE_CURVE('',#1923,#1873,#752,.T.);
#2369=EDGE_CURVE('',#1922,#1923,#753,.T.);
#2370=EDGE_CURVE('',#1875,#1924,#754,.T.);
#2371=EDGE_CURVE('',#1925,#1874,#755,.T.);
#2372=EDGE_CURVE('',#1924,#1925,#756,.T.);
#2373=EDGE_CURVE('',#1876,#1926,#757,.T.);
#2374=EDGE_CURVE('',#1927,#1875,#758,.T.);
#2375=EDGE_CURVE('',#1926,#1927,#759,.T.);
#2376=EDGE_CURVE('',#1877,#1928,#760,.T.);
#2377=EDGE_CURVE('',#1929,#1876,#761,.T.);
#2378=EDGE_CURVE('',#1928,#1929,#762,.T.);
#2379=EDGE_CURVE('',#1878,#1930,#763,.T.);
#2380=EDGE_CURVE('',#1931,#1877,#764,.T.);
#2381=EDGE_CURVE('',#1930,#1931,#765,.T.);
#2382=EDGE_CURVE('',#1879,#1932,#766,.T.);
#2383=EDGE_CURVE('',#1933,#1878,#767,.T.);
#2384=EDGE_CURVE('',#1932,#1933,#768,.T.);
#2385=EDGE_CURVE('',#1880,#1934,#769,.T.);
#2386=EDGE_CURVE('',#1935,#1879,#770,.T.);
#2387=EDGE_CURVE('',#1934,#1935,#771,.T.);
#2388=EDGE_CURVE('',#1936,#1880,#772,.T.);
#2389=EDGE_CURVE('',#1903,#1936,#773,.T.);
#2390=EDGE_CURVE('',#1905,#1937,#774,.T.);
#2391=EDGE_CURVE('',#1937,#1881,#775,.T.);
#2392=EDGE_CURVE('',#1937,#1938,#776,.T.);
#2393=EDGE_CURVE('',#1938,#1882,#777,.T.);
#2394=EDGE_CURVE('',#1938,#1939,#778,.T.);
#2395=EDGE_CURVE('',#1939,#1883,#779,.T.);
#2396=EDGE_CURVE('',#1884,#1940,#780,.T.);
#2397=EDGE_CURVE('',#1941,#1885,#781,.T.);
#2398=EDGE_CURVE('',#1940,#1941,#782,.T.);
#2399=EDGE_CURVE('',#1886,#1942,#783,.T.);
#2400=EDGE_CURVE('',#1943,#1884,#784,.T.);
#2401=EDGE_CURVE('',#1942,#1943,#785,.T.);
#2402=EDGE_CURVE('',#1887,#1944,#786,.T.);
#2403=EDGE_CURVE('',#1945,#1886,#787,.T.);
#2404=EDGE_CURVE('',#1944,#1945,#788,.T.);
#2405=EDGE_CURVE('',#1888,#1946,#789,.T.);
#2406=EDGE_CURVE('',#1947,#1887,#790,.T.);
#2407=EDGE_CURVE('',#1946,#1947,#791,.T.);
#2408=EDGE_CURVE('',#1889,#1948,#792,.T.);
#2409=EDGE_CURVE('',#1949,#1888,#793,.T.);
#2410=EDGE_CURVE('',#1948,#1949,#794,.T.);
#2411=EDGE_CURVE('',#1890,#1950,#795,.T.);
#2412=EDGE_CURVE('',#1951,#1889,#796,.T.);
#2413=EDGE_CURVE('',#1950,#1951,#797,.T.);
#2414=EDGE_CURVE('',#1891,#1952,#798,.T.);
#2415=EDGE_CURVE('',#1953,#1890,#799,.T.);
#2416=EDGE_CURVE('',#1952,#1953,#800,.T.);
#2417=EDGE_CURVE('',#1892,#1954,#801,.T.);
#2418=EDGE_CURVE('',#1955,#1891,#802,.T.);
#2419=EDGE_CURVE('',#1954,#1955,#803,.T.);
#2420=EDGE_CURVE('',#1893,#1956,#804,.T.);
#2421=EDGE_CURVE('',#1957,#1892,#805,.T.);
#2422=EDGE_CURVE('',#1956,#1957,#806,.T.);
#2423=EDGE_CURVE('',#1894,#1958,#807,.T.);
#2424=EDGE_CURVE('',#1959,#1893,#808,.T.);
#2425=EDGE_CURVE('',#1958,#1959,#809,.T.);
#2426=EDGE_CURVE('',#1895,#1960,#810,.T.);
#2427=EDGE_CURVE('',#1961,#1894,#811,.T.);
#2428=EDGE_CURVE('',#1960,#1961,#812,.T.);
#2429=EDGE_CURVE('',#1896,#1962,#813,.T.);
#2430=EDGE_CURVE('',#1963,#1895,#814,.T.);
#2431=EDGE_CURVE('',#1962,#1963,#815,.T.);
#2432=EDGE_CURVE('',#1897,#1964,#816,.T.);
#2433=EDGE_CURVE('',#1965,#1896,#817,.T.);
#2434=EDGE_CURVE('',#1964,#1965,#818,.T.);
#2435=EDGE_CURVE('',#1898,#1966,#819,.T.);
#2436=EDGE_CURVE('',#1967,#1897,#820,.T.);
#2437=EDGE_CURVE('',#1966,#1967,#821,.T.);
#2438=EDGE_CURVE('',#1899,#1968,#822,.T.);
#2439=EDGE_CURVE('',#1969,#1898,#823,.T.);
#2440=EDGE_CURVE('',#1968,#1969,#824,.T.);
#2441=EDGE_CURVE('',#1900,#1970,#825,.T.);
#2442=EDGE_CURVE('',#1971,#1899,#826,.T.);
#2443=EDGE_CURVE('',#1970,#1971,#827,.T.);
#2444=EDGE_CURVE('',#1972,#1900,#828,.T.);
#2445=EDGE_CURVE('',#1939,#1972,#829,.T.);
#2446=EDGE_CURVE('',#1941,#1973,#830,.T.);
#2447=EDGE_CURVE('',#1973,#1901,#831,.T.);
#2448=EDGE_CURVE('',#1973,#1902,#832,.T.);
#2449=EDGE_CURVE('',#1974,#1936,#833,.T.);
#2450=EDGE_CURVE('',#1975,#1974,#834,.T.);
#2451=EDGE_CURVE('',#1975,#1932,#835,.T.);
#2452=EDGE_CURVE('',#1976,#1933,#836,.T.);
#2453=EDGE_CURVE('',#1977,#1976,#837,.T.);
#2454=EDGE_CURVE('',#1977,#1928,#838,.T.);
#2455=EDGE_CURVE('',#1978,#1929,#839,.T.);
#2456=EDGE_CURVE('',#1979,#1978,#840,.T.);
#2457=EDGE_CURVE('',#1979,#1924,#841,.T.);
#2458=EDGE_CURVE('',#1980,#1925,#842,.T.);
#2459=EDGE_CURVE('',#1981,#1980,#843,.T.);
#2460=EDGE_CURVE('',#1981,#1920,#844,.T.);
#2461=EDGE_CURVE('',#1982,#1921,#845,.T.);
#2462=EDGE_CURVE('',#1983,#1982,#846,.T.);
#2463=EDGE_CURVE('',#1983,#1916,#847,.T.);
#2464=EDGE_CURVE('',#1984,#1917,#848,.T.);
#2465=EDGE_CURVE('',#1985,#1984,#849,.T.);
#2466=EDGE_CURVE('',#1985,#1912,#850,.T.);
#2467=EDGE_CURVE('',#1986,#1913,#851,.T.);
#2468=EDGE_CURVE('',#1987,#1986,#852,.T.);
#2469=EDGE_CURVE('',#1987,#1908,#853,.T.);
#2470=EDGE_CURVE('',#1988,#1909,#854,.T.);
#2471=EDGE_CURVE('',#1989,#1988,#855,.T.);
#2472=EDGE_CURVE('',#1989,#1904,#856,.T.);
#2473=EDGE_CURVE('',#1990,#1972,#857,.T.);
#2474=EDGE_CURVE('',#1991,#1990,#858,.T.);
#2475=EDGE_CURVE('',#1991,#1968,#859,.T.);
#2476=EDGE_CURVE('',#1992,#1969,#860,.T.);
#2477=EDGE_CURVE('',#1993,#1992,#861,.T.);
#2478=EDGE_CURVE('',#1993,#1964,#862,.T.);
#2479=EDGE_CURVE('',#1994,#1965,#863,.T.);
#2480=EDGE_CURVE('',#1995,#1994,#864,.T.);
#2481=EDGE_CURVE('',#1995,#1960,#865,.T.);
#2482=EDGE_CURVE('',#1996,#1961,#866,.T.);
#2483=EDGE_CURVE('',#1997,#1996,#867,.T.);
#2484=EDGE_CURVE('',#1997,#1956,#868,.T.);
#2485=EDGE_CURVE('',#1998,#1957,#869,.T.);
#2486=EDGE_CURVE('',#1999,#1998,#870,.T.);
#2487=EDGE_CURVE('',#1999,#1952,#871,.T.);
#2488=EDGE_CURVE('',#2000,#1953,#872,.T.);
#2489=EDGE_CURVE('',#2001,#2000,#873,.T.);
#2490=EDGE_CURVE('',#2001,#1948,#874,.T.);
#2491=EDGE_CURVE('',#2002,#1949,#875,.T.);
#2492=EDGE_CURVE('',#2003,#2002,#876,.T.);
#2493=EDGE_CURVE('',#2003,#1944,#877,.T.);
#2494=EDGE_CURVE('',#2004,#1945,#878,.T.);
#2495=EDGE_CURVE('',#2005,#2004,#879,.T.);
#2496=EDGE_CURVE('',#2005,#1940,#880,.T.);
#2497=EDGE_CURVE('',#2006,#2007,#881,.T.);
#2498=EDGE_CURVE('',#2008,#2006,#882,.T.);
#2499=EDGE_CURVE('',#2009,#2008,#883,.T.);
#2500=EDGE_CURVE('',#2009,#2010,#884,.T.);
#2501=EDGE_CURVE('',#2011,#2010,#885,.T.);
#2502=EDGE_CURVE('',#2012,#2011,#886,.T.);
#2503=EDGE_CURVE('',#2013,#2012,#887,.T.);
#2504=EDGE_CURVE('',#2013,#2007,#888,.T.);
#2505=EDGE_CURVE('',#2014,#1989,#1724,.T.);
#2506=EDGE_CURVE('',#2015,#2014,#889,.T.);
#2507=EDGE_CURVE('',#2016,#2015,#1725,.T.);
#2508=EDGE_CURVE('',#2017,#2016,#890,.T.);
#2509=EDGE_CURVE('',#2018,#2017,#891,.T.);
#2510=EDGE_CURVE('',#2019,#2018,#892,.T.);
#2511=EDGE_CURVE('',#2020,#2019,#1726,.T.);
#2512=EDGE_CURVE('',#2021,#2020,#893,.T.);
#2513=EDGE_CURVE('',#1907,#2021,#1727,.T.);
#2514=EDGE_CURVE('',#2022,#2021,#894,.T.);
#2515=EDGE_CURVE('',#1906,#2022,#1728,.T.);
#2516=EDGE_CURVE('',#2023,#1988,#1729,.T.);
#2517=EDGE_CURVE('',#2022,#2024,#895,.T.);
#2518=EDGE_CURVE('',#2024,#2025,#1730,.T.);
#2519=EDGE_CURVE('',#2025,#2026,#896,.T.);
#2520=EDGE_CURVE('',#2026,#2027,#897,.T.);
#2521=EDGE_CURVE('',#2027,#2028,#898,.T.);
#2522=EDGE_CURVE('',#2028,#2029,#1731,.T.);
#2523=EDGE_CURVE('',#2029,#2023,#899,.T.);
#2524=EDGE_CURVE('',#2030,#1987,#1732,.T.);
#2525=EDGE_CURVE('',#2031,#2030,#900,.T.);
#2526=EDGE_CURVE('',#2032,#2031,#1733,.T.);
#2527=EDGE_CURVE('',#2033,#2032,#901,.T.);
#2528=EDGE_CURVE('',#2034,#2033,#902,.T.);
#2529=EDGE_CURVE('',#2035,#2034,#903,.T.);
#2530=EDGE_CURVE('',#2036,#2035,#1734,.T.);
#2531=EDGE_CURVE('',#2037,#2036,#904,.T.);
#2532=EDGE_CURVE('',#1911,#2037,#1735,.T.);
#2533=EDGE_CURVE('',#2038,#2037,#905,.T.);
#2534=EDGE_CURVE('',#1910,#2038,#1736,.T.);
#2535=EDGE_CURVE('',#2039,#1986,#1737,.T.);
#2536=EDGE_CURVE('',#2038,#2040,#906,.T.);
#2537=EDGE_CURVE('',#2040,#2041,#1738,.T.);
#2538=EDGE_CURVE('',#2041,#2042,#907,.T.);
#2539=EDGE_CURVE('',#2042,#2043,#908,.T.);
#2540=EDGE_CURVE('',#2043,#2044,#909,.T.);
#2541=EDGE_CURVE('',#2044,#2045,#1739,.T.);
#2542=EDGE_CURVE('',#2045,#2039,#910,.T.);
#2543=EDGE_CURVE('',#2046,#1985,#1740,.T.);
#2544=EDGE_CURVE('',#2047,#2046,#911,.T.);
#2545=EDGE_CURVE('',#2048,#2047,#1741,.T.);
#2546=EDGE_CURVE('',#2049,#2048,#912,.T.);
#2547=EDGE_CURVE('',#2050,#2049,#913,.T.);
#2548=EDGE_CURVE('',#2051,#2050,#914,.T.);
#2549=EDGE_CURVE('',#2052,#2051,#1742,.T.);
#2550=EDGE_CURVE('',#2053,#2052,#915,.T.);
#2551=EDGE_CURVE('',#1915,#2053,#1743,.T.);
#2552=EDGE_CURVE('',#2054,#2053,#916,.T.);
#2553=EDGE_CURVE('',#1914,#2054,#1744,.T.);
#2554=EDGE_CURVE('',#2055,#1984,#1745,.T.);
#2555=EDGE_CURVE('',#2054,#2056,#917,.T.);
#2556=EDGE_CURVE('',#2056,#2057,#1746,.T.);
#2557=EDGE_CURVE('',#2057,#2058,#918,.T.);
#2558=EDGE_CURVE('',#2058,#2059,#919,.T.);
#2559=EDGE_CURVE('',#2059,#2060,#920,.T.);
#2560=EDGE_CURVE('',#2060,#2061,#1747,.T.);
#2561=EDGE_CURVE('',#2061,#2055,#921,.T.);
#2562=EDGE_CURVE('',#2062,#1983,#1748,.T.);
#2563=EDGE_CURVE('',#2063,#2062,#922,.T.);
#2564=EDGE_CURVE('',#2064,#2063,#1749,.T.);
#2565=EDGE_CURVE('',#2065,#2064,#923,.T.);
#2566=EDGE_CURVE('',#2066,#2065,#924,.T.);
#2567=EDGE_CURVE('',#2067,#2066,#925,.T.);
#2568=EDGE_CURVE('',#2068,#2067,#1750,.T.);
#2569=EDGE_CURVE('',#2069,#2068,#926,.T.);
#2570=EDGE_CURVE('',#1919,#2069,#1751,.T.);
#2571=EDGE_CURVE('',#2070,#2069,#927,.T.);
#2572=EDGE_CURVE('',#1918,#2070,#1752,.T.);
#2573=EDGE_CURVE('',#2071,#1982,#1753,.T.);
#2574=EDGE_CURVE('',#2070,#2072,#928,.T.);
#2575=EDGE_CURVE('',#2072,#2073,#1754,.T.);
#2576=EDGE_CURVE('',#2073,#2074,#929,.T.);
#2577=EDGE_CURVE('',#2074,#2075,#930,.T.);
#2578=EDGE_CURVE('',#2075,#2076,#931,.T.);
#2579=EDGE_CURVE('',#2076,#2077,#1755,.T.);
#2580=EDGE_CURVE('',#2077,#2071,#932,.T.);
#2581=EDGE_CURVE('',#2078,#1981,#1756,.T.);
#2582=EDGE_CURVE('',#2079,#2078,#933,.T.);
#2583=EDGE_CURVE('',#2080,#2079,#1757,.T.);
#2584=EDGE_CURVE('',#2081,#2080,#934,.T.);
#2585=EDGE_CURVE('',#2082,#2081,#935,.T.);
#2586=EDGE_CURVE('',#2083,#2082,#936,.T.);
#2587=EDGE_CURVE('',#2084,#2083,#1758,.T.);
#2588=EDGE_CURVE('',#2085,#2084,#937,.T.);
#2589=EDGE_CURVE('',#1923,#2085,#1759,.T.);
#2590=EDGE_CURVE('',#2086,#2085,#938,.T.);
#2591=EDGE_CURVE('',#1922,#2086,#1760,.T.);
#2592=EDGE_CURVE('',#2087,#1980,#1761,.T.);
#2593=EDGE_CURVE('',#2086,#2088,#939,.T.);
#2594=EDGE_CURVE('',#2088,#2089,#1762,.T.);
#2595=EDGE_CURVE('',#2089,#2090,#940,.T.);
#2596=EDGE_CURVE('',#2090,#2091,#941,.T.);
#2597=EDGE_CURVE('',#2091,#2092,#942,.T.);
#2598=EDGE_CURVE('',#2092,#2093,#1763,.T.);
#2599=EDGE_CURVE('',#2093,#2087,#943,.T.);
#2600=EDGE_CURVE('',#2094,#1979,#1764,.T.);
#2601=EDGE_CURVE('',#2095,#2094,#944,.T.);
#2602=EDGE_CURVE('',#2096,#2095,#1765,.T.);
#2603=EDGE_CURVE('',#2097,#2096,#945,.T.);
#2604=EDGE_CURVE('',#2098,#2097,#946,.T.);
#2605=EDGE_CURVE('',#2099,#2098,#947,.T.);
#2606=EDGE_CURVE('',#2100,#2099,#1766,.T.);
#2607=EDGE_CURVE('',#2101,#2100,#948,.T.);
#2608=EDGE_CURVE('',#1927,#2101,#1767,.T.);
#2609=EDGE_CURVE('',#2102,#2101,#949,.T.);
#2610=EDGE_CURVE('',#1926,#2102,#1768,.T.);
#2611=EDGE_CURVE('',#2103,#1978,#1769,.T.);
#2612=EDGE_CURVE('',#2102,#2104,#950,.T.);
#2613=EDGE_CURVE('',#2104,#2105,#1770,.T.);
#2614=EDGE_CURVE('',#2105,#2106,#951,.T.);
#2615=EDGE_CURVE('',#2106,#2107,#952,.T.);
#2616=EDGE_CURVE('',#2107,#2108,#953,.T.);
#2617=EDGE_CURVE('',#2108,#2109,#1771,.T.);
#2618=EDGE_CURVE('',#2109,#2103,#954,.T.);
#2619=EDGE_CURVE('',#2110,#1977,#1772,.T.);
#2620=EDGE_CURVE('',#2111,#2110,#955,.T.);
#2621=EDGE_CURVE('',#2112,#2111,#1773,.T.);
#2622=EDGE_CURVE('',#2113,#2112,#956,.T.);
#2623=EDGE_CURVE('',#2114,#2113,#957,.T.);
#2624=EDGE_CURVE('',#2115,#2114,#958,.T.);
#2625=EDGE_CURVE('',#2116,#2115,#1774,.T.);
#2626=EDGE_CURVE('',#2117,#2116,#959,.T.);
#2627=EDGE_CURVE('',#1931,#2117,#1775,.T.);
#2628=EDGE_CURVE('',#2118,#2117,#960,.T.);
#2629=EDGE_CURVE('',#1930,#2118,#1776,.T.);
#2630=EDGE_CURVE('',#2119,#1976,#1777,.T.);
#2631=EDGE_CURVE('',#2118,#2120,#961,.T.);
#2632=EDGE_CURVE('',#2120,#2121,#1778,.T.);
#2633=EDGE_CURVE('',#2121,#2122,#962,.T.);
#2634=EDGE_CURVE('',#2122,#2123,#963,.T.);
#2635=EDGE_CURVE('',#2123,#2124,#964,.T.);
#2636=EDGE_CURVE('',#2124,#2125,#1779,.T.);
#2637=EDGE_CURVE('',#2125,#2119,#965,.T.);
#2638=EDGE_CURVE('',#2126,#1975,#1780,.T.);
#2639=EDGE_CURVE('',#2127,#2126,#966,.T.);
#2640=EDGE_CURVE('',#2128,#2127,#1781,.T.);
#2641=EDGE_CURVE('',#2129,#2128,#967,.T.);
#2642=EDGE_CURVE('',#2130,#2129,#968,.T.);
#2643=EDGE_CURVE('',#2131,#2130,#969,.T.);
#2644=EDGE_CURVE('',#2132,#2131,#1782,.T.);
#2645=EDGE_CURVE('',#2133,#2132,#970,.T.);
#2646=EDGE_CURVE('',#1935,#2133,#1783,.T.);
#2647=EDGE_CURVE('',#2134,#2133,#971,.T.);
#2648=EDGE_CURVE('',#1934,#2134,#1784,.T.);
#2649=EDGE_CURVE('',#2135,#1974,#1785,.T.);
#2650=EDGE_CURVE('',#2134,#2136,#972,.T.);
#2651=EDGE_CURVE('',#2136,#2137,#1786,.T.);
#2652=EDGE_CURVE('',#2137,#2138,#973,.T.);
#2653=EDGE_CURVE('',#2138,#2139,#974,.T.);
#2654=EDGE_CURVE('',#2139,#2140,#975,.T.);
#2655=EDGE_CURVE('',#2140,#2141,#1787,.T.);
#2656=EDGE_CURVE('',#2141,#2135,#976,.T.);
#2657=EDGE_CURVE('',#2142,#2005,#1788,.T.);
#2658=EDGE_CURVE('',#2143,#2142,#977,.T.);
#2659=EDGE_CURVE('',#2144,#2143,#1789,.T.);
#2660=EDGE_CURVE('',#2145,#2144,#978,.T.);
#2661=EDGE_CURVE('',#2146,#2145,#979,.T.);
#2662=EDGE_CURVE('',#2147,#2146,#980,.T.);
#2663=EDGE_CURVE('',#2148,#2147,#1790,.T.);
#2664=EDGE_CURVE('',#2149,#2148,#981,.T.);
#2665=EDGE_CURVE('',#1943,#2149,#1791,.T.);
#2666=EDGE_CURVE('',#2150,#2149,#982,.T.);
#2667=EDGE_CURVE('',#1942,#2150,#1792,.T.);
#2668=EDGE_CURVE('',#2151,#2004,#1793,.T.);
#2669=EDGE_CURVE('',#2150,#2152,#983,.T.);
#2670=EDGE_CURVE('',#2152,#2153,#1794,.T.);
#2671=EDGE_CURVE('',#2153,#2154,#984,.T.);
#2672=EDGE_CURVE('',#2154,#2155,#985,.T.);
#2673=EDGE_CURVE('',#2155,#2156,#986,.T.);
#2674=EDGE_CURVE('',#2156,#2157,#1795,.T.);
#2675=EDGE_CURVE('',#2157,#2151,#987,.T.);
#2676=EDGE_CURVE('',#2158,#2003,#1796,.T.);
#2677=EDGE_CURVE('',#2159,#2158,#988,.T.);
#2678=EDGE_CURVE('',#2160,#2159,#1797,.T.);
#2679=EDGE_CURVE('',#2161,#2160,#989,.T.);
#2680=EDGE_CURVE('',#2162,#2161,#990,.T.);
#2681=EDGE_CURVE('',#2163,#2162,#991,.T.);
#2682=EDGE_CURVE('',#2164,#2163,#1798,.T.);
#2683=EDGE_CURVE('',#2165,#2164,#992,.T.);
#2684=EDGE_CURVE('',#1947,#2165,#1799,.T.);
#2685=EDGE_CURVE('',#2166,#2165,#993,.T.);
#2686=EDGE_CURVE('',#1946,#2166,#1800,.T.);
#2687=EDGE_CURVE('',#2167,#2002,#1801,.T.);
#2688=EDGE_CURVE('',#2166,#2168,#994,.T.);
#2689=EDGE_CURVE('',#2168,#2169,#1802,.T.);
#2690=EDGE_CURVE('',#2169,#2170,#995,.T.);
#2691=EDGE_CURVE('',#2170,#2171,#996,.T.);
#2692=EDGE_CURVE('',#2171,#2172,#997,.T.);
#2693=EDGE_CURVE('',#2172,#2173,#1803,.T.);
#2694=EDGE_CURVE('',#2173,#2167,#998,.T.);
#2695=EDGE_CURVE('',#2174,#2001,#1804,.T.);
#2696=EDGE_CURVE('',#2175,#2174,#999,.T.);
#2697=EDGE_CURVE('',#2176,#2175,#1805,.T.);
#2698=EDGE_CURVE('',#2177,#2176,#1000,.T.);
#2699=EDGE_CURVE('',#2178,#2177,#1001,.T.);
#2700=EDGE_CURVE('',#2179,#2178,#1002,.T.);
#2701=EDGE_CURVE('',#2180,#2179,#1806,.T.);
#2702=EDGE_CURVE('',#2181,#2180,#1003,.T.);
#2703=EDGE_CURVE('',#1951,#2181,#1807,.T.);
#2704=EDGE_CURVE('',#2182,#2181,#1004,.T.);
#2705=EDGE_CURVE('',#1950,#2182,#1808,.T.);
#2706=EDGE_CURVE('',#2183,#2000,#1809,.T.);
#2707=EDGE_CURVE('',#2182,#2184,#1005,.T.);
#2708=EDGE_CURVE('',#2184,#2185,#1810,.T.);
#2709=EDGE_CURVE('',#2185,#2186,#1006,.T.);
#2710=EDGE_CURVE('',#2186,#2187,#1007,.T.);
#2711=EDGE_CURVE('',#2187,#2188,#1008,.T.);
#2712=EDGE_CURVE('',#2188,#2189,#1811,.T.);
#2713=EDGE_CURVE('',#2189,#2183,#1009,.T.);
#2714=EDGE_CURVE('',#2190,#1999,#1812,.T.);
#2715=EDGE_CURVE('',#2191,#2190,#1010,.T.);
#2716=EDGE_CURVE('',#2192,#2191,#1813,.T.);
#2717=EDGE_CURVE('',#2193,#2192,#1011,.T.);
#2718=EDGE_CURVE('',#2194,#2193,#1012,.T.);
#2719=EDGE_CURVE('',#2195,#2194,#1013,.T.);
#2720=EDGE_CURVE('',#2196,#2195,#1814,.T.);
#2721=EDGE_CURVE('',#2197,#2196,#1014,.T.);
#2722=EDGE_CURVE('',#1955,#2197,#1815,.T.);
#2723=EDGE_CURVE('',#2198,#2197,#1015,.T.);
#2724=EDGE_CURVE('',#1954,#2198,#1816,.T.);
#2725=EDGE_CURVE('',#2199,#1998,#1817,.T.);
#2726=EDGE_CURVE('',#2198,#2200,#1016,.T.);
#2727=EDGE_CURVE('',#2200,#2201,#1818,.T.);
#2728=EDGE_CURVE('',#2201,#2202,#1017,.T.);
#2729=EDGE_CURVE('',#2202,#2203,#1018,.T.);
#2730=EDGE_CURVE('',#2203,#2204,#1019,.T.);
#2731=EDGE_CURVE('',#2204,#2205,#1819,.T.);
#2732=EDGE_CURVE('',#2205,#2199,#1020,.T.);
#2733=EDGE_CURVE('',#2206,#1997,#1820,.T.);
#2734=EDGE_CURVE('',#2207,#2206,#1021,.T.);
#2735=EDGE_CURVE('',#2208,#2207,#1821,.T.);
#2736=EDGE_CURVE('',#2209,#2208,#1022,.T.);
#2737=EDGE_CURVE('',#2210,#2209,#1023,.T.);
#2738=EDGE_CURVE('',#2211,#2210,#1024,.T.);
#2739=EDGE_CURVE('',#2212,#2211,#1822,.T.);
#2740=EDGE_CURVE('',#2213,#2212,#1025,.T.);
#2741=EDGE_CURVE('',#1959,#2213,#1823,.T.);
#2742=EDGE_CURVE('',#2214,#2213,#1026,.T.);
#2743=EDGE_CURVE('',#1958,#2214,#1824,.T.);
#2744=EDGE_CURVE('',#2215,#1996,#1825,.T.);
#2745=EDGE_CURVE('',#2214,#2216,#1027,.T.);
#2746=EDGE_CURVE('',#2216,#2217,#1826,.T.);
#2747=EDGE_CURVE('',#2217,#2218,#1028,.T.);
#2748=EDGE_CURVE('',#2218,#2219,#1029,.T.);
#2749=EDGE_CURVE('',#2219,#2220,#1030,.T.);
#2750=EDGE_CURVE('',#2220,#2221,#1827,.T.);
#2751=EDGE_CURVE('',#2221,#2215,#1031,.T.);
#2752=EDGE_CURVE('',#2222,#1995,#1828,.T.);
#2753=EDGE_CURVE('',#2223,#2222,#1032,.T.);
#2754=EDGE_CURVE('',#2224,#2223,#1829,.T.);
#2755=EDGE_CURVE('',#2225,#2224,#1033,.T.);
#2756=EDGE_CURVE('',#2226,#2225,#1034,.T.);
#2757=EDGE_CURVE('',#2227,#2226,#1035,.T.);
#2758=EDGE_CURVE('',#2228,#2227,#1830,.T.);
#2759=EDGE_CURVE('',#2229,#2228,#1036,.T.);
#2760=EDGE_CURVE('',#1963,#2229,#1831,.T.);
#2761=EDGE_CURVE('',#2230,#2229,#1037,.T.);
#2762=EDGE_CURVE('',#1962,#2230,#1832,.T.);
#2763=EDGE_CURVE('',#2231,#1994,#1833,.T.);
#2764=EDGE_CURVE('',#2230,#2232,#1038,.T.);
#2765=EDGE_CURVE('',#2232,#2233,#1834,.T.);
#2766=EDGE_CURVE('',#2233,#2234,#1039,.T.);
#2767=EDGE_CURVE('',#2234,#2235,#1040,.T.);
#2768=EDGE_CURVE('',#2235,#2236,#1041,.T.);
#2769=EDGE_CURVE('',#2236,#2237,#1835,.T.);
#2770=EDGE_CURVE('',#2237,#2231,#1042,.T.);
#2771=EDGE_CURVE('',#2238,#1993,#1836,.T.);
#2772=EDGE_CURVE('',#2239,#2238,#1043,.T.);
#2773=EDGE_CURVE('',#2240,#2239,#1837,.T.);
#2774=EDGE_CURVE('',#2241,#2240,#1044,.T.);
#2775=EDGE_CURVE('',#2242,#2241,#1045,.T.);
#2776=EDGE_CURVE('',#2243,#2242,#1046,.T.);
#2777=EDGE_CURVE('',#2244,#2243,#1838,.T.);
#2778=EDGE_CURVE('',#2245,#2244,#1047,.T.);
#2779=EDGE_CURVE('',#1967,#2245,#1839,.T.);
#2780=EDGE_CURVE('',#2246,#2245,#1048,.T.);
#2781=EDGE_CURVE('',#1966,#2246,#1840,.T.);
#2782=EDGE_CURVE('',#2247,#1992,#1841,.T.);
#2783=EDGE_CURVE('',#2246,#2248,#1049,.T.);
#2784=EDGE_CURVE('',#2248,#2249,#1842,.T.);
#2785=EDGE_CURVE('',#2249,#2250,#1050,.T.);
#2786=EDGE_CURVE('',#2250,#2251,#1051,.T.);
#2787=EDGE_CURVE('',#2251,#2252,#1052,.T.);
#2788=EDGE_CURVE('',#2252,#2253,#1843,.T.);
#2789=EDGE_CURVE('',#2253,#2247,#1053,.T.);
#2790=EDGE_CURVE('',#2254,#1991,#1844,.T.);
#2791=EDGE_CURVE('',#2255,#2254,#1054,.T.);
#2792=EDGE_CURVE('',#2256,#2255,#1845,.T.);
#2793=EDGE_CURVE('',#2257,#2256,#1055,.T.);
#2794=EDGE_CURVE('',#2258,#2257,#1056,.T.);
#2795=EDGE_CURVE('',#2259,#2258,#1057,.T.);
#2796=EDGE_CURVE('',#2260,#2259,#1846,.T.);
#2797=EDGE_CURVE('',#2261,#2260,#1058,.T.);
#2798=EDGE_CURVE('',#1971,#2261,#1847,.T.);
#2799=EDGE_CURVE('',#2262,#2261,#1059,.T.);
#2800=EDGE_CURVE('',#1970,#2262,#1848,.T.);
#2801=EDGE_CURVE('',#2263,#1990,#1849,.T.);
#2802=EDGE_CURVE('',#2262,#2264,#1060,.T.);
#2803=EDGE_CURVE('',#2264,#2265,#1850,.T.);
#2804=EDGE_CURVE('',#2265,#2266,#1061,.T.);
#2805=EDGE_CURVE('',#2266,#2267,#1062,.T.);
#2806=EDGE_CURVE('',#2267,#2268,#1063,.T.);
#2807=EDGE_CURVE('',#2268,#2269,#1851,.T.);
#2808=EDGE_CURVE('',#2269,#2263,#1064,.T.);
#2809=EDGE_CURVE('',#2270,#2271,#1065,.T.);
#2810=EDGE_CURVE('',#2006,#2270,#1066,.T.);
#2811=EDGE_CURVE('',#2007,#2271,#1067,.T.);
#2812=EDGE_CURVE('',#2023,#2014,#1068,.T.);
#2813=EDGE_CURVE('',#2015,#2029,#1069,.T.);
#2814=EDGE_CURVE('',#2016,#2028,#1070,.T.);
#2815=EDGE_CURVE('',#2017,#2027,#1071,.T.);
#2816=EDGE_CURVE('',#2018,#2026,#1072,.T.);
#2817=EDGE_CURVE('',#2019,#2025,#1073,.T.);
#2818=EDGE_CURVE('',#2024,#2020,#1074,.T.);
#2819=EDGE_CURVE('',#2039,#2030,#1075,.T.);
#2820=EDGE_CURVE('',#2031,#2045,#1076,.T.);
#2821=EDGE_CURVE('',#2032,#2044,#1077,.T.);
#2822=EDGE_CURVE('',#2033,#2043,#1078,.T.);
#2823=EDGE_CURVE('',#2034,#2042,#1079,.T.);
#2824=EDGE_CURVE('',#2035,#2041,#1080,.T.);
#2825=EDGE_CURVE('',#2040,#2036,#1081,.T.);
#2826=EDGE_CURVE('',#2055,#2046,#1082,.T.);
#2827=EDGE_CURVE('',#2047,#2061,#1083,.T.);
#2828=EDGE_CURVE('',#2048,#2060,#1084,.T.);
#2829=EDGE_CURVE('',#2049,#2059,#1085,.T.);
#2830=EDGE_CURVE('',#2050,#2058,#1086,.T.);
#2831=EDGE_CURVE('',#2051,#2057,#1087,.T.);
#2832=EDGE_CURVE('',#2056,#2052,#1088,.T.);
#2833=EDGE_CURVE('',#2071,#2062,#1089,.T.);
#2834=EDGE_CURVE('',#2063,#2077,#1090,.T.);
#2835=EDGE_CURVE('',#2064,#2076,#1091,.T.);
#2836=EDGE_CURVE('',#2065,#2075,#1092,.T.);
#2837=EDGE_CURVE('',#2066,#2074,#1093,.T.);
#2838=EDGE_CURVE('',#2067,#2073,#1094,.T.);
#2839=EDGE_CURVE('',#2072,#2068,#1095,.T.);
#2840=EDGE_CURVE('',#2087,#2078,#1096,.T.);
#2841=EDGE_CURVE('',#2079,#2093,#1097,.T.);
#2842=EDGE_CURVE('',#2080,#2092,#1098,.T.);
#2843=EDGE_CURVE('',#2081,#2091,#1099,.T.);
#2844=EDGE_CURVE('',#2082,#2090,#1100,.T.);
#2845=EDGE_CURVE('',#2083,#2089,#1101,.T.);
#2846=EDGE_CURVE('',#2088,#2084,#1102,.T.);
#2847=EDGE_CURVE('',#2103,#2094,#1103,.T.);
#2848=EDGE_CURVE('',#2095,#2109,#1104,.T.);
#2849=EDGE_CURVE('',#2096,#2108,#1105,.T.);
#2850=EDGE_CURVE('',#2097,#2107,#1106,.T.);
#2851=EDGE_CURVE('',#2098,#2106,#1107,.T.);
#2852=EDGE_CURVE('',#2099,#2105,#1108,.T.);
#2853=EDGE_CURVE('',#2104,#2100,#1109,.T.);
#2854=EDGE_CURVE('',#2119,#2110,#1110,.T.);
#2855=EDGE_CURVE('',#2111,#2125,#1111,.T.);
#2856=EDGE_CURVE('',#2112,#2124,#1112,.T.);
#2857=EDGE_CURVE('',#2113,#2123,#1113,.T.);
#2858=EDGE_CURVE('',#2114,#2122,#1114,.T.);
#2859=EDGE_CURVE('',#2115,#2121,#1115,.T.);
#2860=EDGE_CURVE('',#2120,#2116,#1116,.T.);
#2861=EDGE_CURVE('',#2135,#2126,#1117,.T.);
#2862=EDGE_CURVE('',#2127,#2141,#1118,.T.);
#2863=EDGE_CURVE('',#2128,#2140,#1119,.T.);
#2864=EDGE_CURVE('',#2129,#2139,#1120,.T.);
#2865=EDGE_CURVE('',#2130,#2138,#1121,.T.);
#2866=EDGE_CURVE('',#2131,#2137,#1122,.T.);
#2867=EDGE_CURVE('',#2136,#2132,#1123,.T.);
#2868=EDGE_CURVE('',#2272,#2273,#1124,.T.);
#2869=EDGE_CURVE('',#2272,#2013,#1125,.T.);
#2870=EDGE_CURVE('',#2273,#2012,#1126,.T.);
#2871=EDGE_CURVE('',#2273,#2274,#1127,.T.);
#2872=EDGE_CURVE('',#2274,#2011,#1128,.T.);
#2873=EDGE_CURVE('',#2274,#2275,#1129,.T.);
#2874=EDGE_CURVE('',#2010,#2275,#1130,.T.);
#2875=EDGE_CURVE('',#2151,#2142,#1131,.T.);
#2876=EDGE_CURVE('',#2143,#2157,#1132,.T.);
#2877=EDGE_CURVE('',#2144,#2156,#1133,.T.);
#2878=EDGE_CURVE('',#2145,#2155,#1134,.T.);
#2879=EDGE_CURVE('',#2146,#2154,#1135,.T.);
#2880=EDGE_CURVE('',#2147,#2153,#1136,.T.);
#2881=EDGE_CURVE('',#2152,#2148,#1137,.T.);
#2882=EDGE_CURVE('',#2167,#2158,#1138,.T.);
#2883=EDGE_CURVE('',#2159,#2173,#1139,.T.);
#2884=EDGE_CURVE('',#2160,#2172,#1140,.T.);
#2885=EDGE_CURVE('',#2161,#2171,#1141,.T.);
#2886=EDGE_CURVE('',#2162,#2170,#1142,.T.);
#2887=EDGE_CURVE('',#2163,#2169,#1143,.T.);
#2888=EDGE_CURVE('',#2168,#2164,#1144,.T.);
#2889=EDGE_CURVE('',#2183,#2174,#1145,.T.);
#2890=EDGE_CURVE('',#2175,#2189,#1146,.T.);
#2891=EDGE_CURVE('',#2176,#2188,#1147,.T.);
#2892=EDGE_CURVE('',#2177,#2187,#1148,.T.);
#2893=EDGE_CURVE('',#2178,#2186,#1149,.T.);
#2894=EDGE_CURVE('',#2179,#2185,#1150,.T.);
#2895=EDGE_CURVE('',#2184,#2180,#1151,.T.);
#2896=EDGE_CURVE('',#2199,#2190,#1152,.T.);
#2897=EDGE_CURVE('',#2191,#2205,#1153,.T.);
#2898=EDGE_CURVE('',#2192,#2204,#1154,.T.);
#2899=EDGE_CURVE('',#2193,#2203,#1155,.T.);
#2900=EDGE_CURVE('',#2194,#2202,#1156,.T.);
#2901=EDGE_CURVE('',#2195,#2201,#1157,.T.);
#2902=EDGE_CURVE('',#2200,#2196,#1158,.T.);
#2903=EDGE_CURVE('',#2215,#2206,#1159,.T.);
#2904=EDGE_CURVE('',#2207,#2221,#1160,.T.);
#2905=EDGE_CURVE('',#2208,#2220,#1161,.T.);
#2906=EDGE_CURVE('',#2209,#2219,#1162,.T.);
#2907=EDGE_CURVE('',#2210,#2218,#1163,.T.);
#2908=EDGE_CURVE('',#2211,#2217,#1164,.T.);
#2909=EDGE_CURVE('',#2216,#2212,#1165,.T.);
#2910=EDGE_CURVE('',#2231,#2222,#1166,.T.);
#2911=EDGE_CURVE('',#2223,#2237,#1167,.T.);
#2912=EDGE_CURVE('',#2224,#2236,#1168,.T.);
#2913=EDGE_CURVE('',#2225,#2235,#1169,.T.);
#2914=EDGE_CURVE('',#2226,#2234,#1170,.T.);
#2915=EDGE_CURVE('',#2227,#2233,#1171,.T.);
#2916=EDGE_CURVE('',#2232,#2228,#1172,.T.);
#2917=EDGE_CURVE('',#2247,#2238,#1173,.T.);
#2918=EDGE_CURVE('',#2239,#2253,#1174,.T.);
#2919=EDGE_CURVE('',#2240,#2252,#1175,.T.);
#2920=EDGE_CURVE('',#2241,#2251,#1176,.T.);
#2921=EDGE_CURVE('',#2242,#2250,#1177,.T.);
#2922=EDGE_CURVE('',#2243,#2249,#1178,.T.);
#2923=EDGE_CURVE('',#2248,#2244,#1179,.T.);
#2924=EDGE_CURVE('',#2263,#2254,#1180,.T.);
#2925=EDGE_CURVE('',#2255,#2269,#1181,.T.);
#2926=EDGE_CURVE('',#2256,#2268,#1182,.T.);
#2927=EDGE_CURVE('',#2257,#2267,#1183,.T.);
#2928=EDGE_CURVE('',#2258,#2266,#1184,.T.);
#2929=EDGE_CURVE('',#2259,#2265,#1185,.T.);
#2930=EDGE_CURVE('',#2264,#2260,#1186,.T.);
#2931=EDGE_CURVE('',#2276,#2277,#1187,.T.);
#2932=EDGE_CURVE('',#2276,#2009,#1188,.T.);
#2933=EDGE_CURVE('',#2277,#2008,#1189,.T.);
#2934=EDGE_CURVE('',#2277,#2270,#1190,.T.);
#2935=EDGE_CURVE('',#2275,#2276,#1191,.T.);
#2936=EDGE_CURVE('',#2271,#2272,#1192,.T.);
#2937=ORIENTED_EDGE('',*,*,#2278,.F.);
#2938=ORIENTED_EDGE('',*,*,#2279,.T.);
#2939=ORIENTED_EDGE('',*,*,#2280,.F.);
#2940=ORIENTED_EDGE('',*,*,#2279,.F.);
#2941=ORIENTED_EDGE('',*,*,#2281,.T.);
#2942=ORIENTED_EDGE('',*,*,#2282,.T.);
#2943=ORIENTED_EDGE('',*,*,#2283,.T.);
#2944=ORIENTED_EDGE('',*,*,#2284,.T.);
#2945=ORIENTED_EDGE('',*,*,#2285,.T.);
#2946=ORIENTED_EDGE('',*,*,#2286,.T.);
#2947=ORIENTED_EDGE('',*,*,#2287,.T.);
#2948=ORIENTED_EDGE('',*,*,#2288,.T.);
#2949=ORIENTED_EDGE('',*,*,#2289,.F.);
#2950=ORIENTED_EDGE('',*,*,#2290,.F.);
#2951=ORIENTED_EDGE('',*,*,#2282,.F.);
#2952=ORIENTED_EDGE('',*,*,#2291,.F.);
#2953=ORIENTED_EDGE('',*,*,#2292,.F.);
#2954=ORIENTED_EDGE('',*,*,#2293,.F.);
#2955=ORIENTED_EDGE('',*,*,#2294,.F.);
#2956=ORIENTED_EDGE('',*,*,#2295,.F.);
#2957=ORIENTED_EDGE('',*,*,#2296,.F.);
#2958=ORIENTED_EDGE('',*,*,#2297,.F.);
#2959=ORIENTED_EDGE('',*,*,#2298,.F.);
#2960=ORIENTED_EDGE('',*,*,#2299,.F.);
#2961=ORIENTED_EDGE('',*,*,#2300,.F.);
#2962=ORIENTED_EDGE('',*,*,#2301,.F.);
#2963=ORIENTED_EDGE('',*,*,#2302,.F.);
#2964=ORIENTED_EDGE('',*,*,#2303,.F.);
#2965=ORIENTED_EDGE('',*,*,#2304,.F.);
#2966=ORIENTED_EDGE('',*,*,#2305,.F.);
#2967=ORIENTED_EDGE('',*,*,#2306,.F.);
#2968=ORIENTED_EDGE('',*,*,#2307,.F.);
#2969=ORIENTED_EDGE('',*,*,#2308,.F.);
#2970=ORIENTED_EDGE('',*,*,#2291,.T.);
#2971=ORIENTED_EDGE('',*,*,#2281,.F.);
#2972=ORIENTED_EDGE('',*,*,#2309,.F.);
#2973=ORIENTED_EDGE('',*,*,#2310,.F.);
#2974=ORIENTED_EDGE('',*,*,#2309,.T.);
#2975=ORIENTED_EDGE('',*,*,#2288,.F.);
#2976=ORIENTED_EDGE('',*,*,#2311,.F.);
#2977=ORIENTED_EDGE('',*,*,#2312,.F.);
#2978=ORIENTED_EDGE('',*,*,#2311,.T.);
#2979=ORIENTED_EDGE('',*,*,#2287,.F.);
#2980=ORIENTED_EDGE('',*,*,#2313,.F.);
#2981=ORIENTED_EDGE('',*,*,#2314,.F.);
#2982=ORIENTED_EDGE('',*,*,#2313,.T.);
#2983=ORIENTED_EDGE('',*,*,#2286,.F.);
#2984=ORIENTED_EDGE('',*,*,#2315,.F.);
#2985=ORIENTED_EDGE('',*,*,#2316,.F.);
#2986=ORIENTED_EDGE('',*,*,#2317,.F.);
#2987=ORIENTED_EDGE('',*,*,#2318,.F.);
#2988=ORIENTED_EDGE('',*,*,#2319,.F.);
#2989=ORIENTED_EDGE('',*,*,#2320,.F.);
#2990=ORIENTED_EDGE('',*,*,#2321,.F.);
#2991=ORIENTED_EDGE('',*,*,#2322,.F.);
#2992=ORIENTED_EDGE('',*,*,#2323,.F.);
#2993=ORIENTED_EDGE('',*,*,#2324,.F.);
#2994=ORIENTED_EDGE('',*,*,#2325,.F.);
#2995=ORIENTED_EDGE('',*,*,#2326,.F.);
#2996=ORIENTED_EDGE('',*,*,#2327,.F.);
#2997=ORIENTED_EDGE('',*,*,#2328,.F.);
#2998=ORIENTED_EDGE('',*,*,#2329,.F.);
#2999=ORIENTED_EDGE('',*,*,#2330,.F.);
#3000=ORIENTED_EDGE('',*,*,#2331,.F.);
#3001=ORIENTED_EDGE('',*,*,#2332,.F.);
#3002=ORIENTED_EDGE('',*,*,#2315,.T.);
#3003=ORIENTED_EDGE('',*,*,#2285,.F.);
#3004=ORIENTED_EDGE('',*,*,#2333,.F.);
#3005=ORIENTED_EDGE('',*,*,#2334,.F.);
#3006=ORIENTED_EDGE('',*,*,#2333,.T.);
#3007=ORIENTED_EDGE('',*,*,#2284,.F.);
#3008=ORIENTED_EDGE('',*,*,#2335,.F.);
#3009=ORIENTED_EDGE('',*,*,#2336,.F.);
#3010=ORIENTED_EDGE('',*,*,#2335,.T.);
#3011=ORIENTED_EDGE('',*,*,#2283,.F.);
#3012=ORIENTED_EDGE('',*,*,#2290,.T.);
#3013=ORIENTED_EDGE('',*,*,#2337,.F.);
#3014=ORIENTED_EDGE('',*,*,#2338,.F.);
#3015=ORIENTED_EDGE('',*,*,#2289,.T.);
#3016=ORIENTED_EDGE('',*,*,#2339,.F.);
#3017=ORIENTED_EDGE('',*,*,#2340,.F.);
#3018=ORIENTED_EDGE('',*,*,#2292,.T.);
#3019=ORIENTED_EDGE('',*,*,#2341,.F.);
#3020=ORIENTED_EDGE('',*,*,#2342,.F.);
#3021=ORIENTED_EDGE('',*,*,#2343,.F.);
#3022=ORIENTED_EDGE('',*,*,#2293,.T.);
#3023=ORIENTED_EDGE('',*,*,#2344,.F.);
#3024=ORIENTED_EDGE('',*,*,#2345,.F.);
#3025=ORIENTED_EDGE('',*,*,#2346,.F.);
#3026=ORIENTED_EDGE('',*,*,#2294,.T.);
#3027=ORIENTED_EDGE('',*,*,#2347,.F.);
#3028=ORIENTED_EDGE('',*,*,#2348,.F.);
#3029=ORIENTED_EDGE('',*,*,#2349,.F.);
#3030=ORIENTED_EDGE('',*,*,#2295,.T.);
#3031=ORIENTED_EDGE('',*,*,#2350,.F.);
#3032=ORIENTED_EDGE('',*,*,#2351,.F.);
#3033=ORIENTED_EDGE('',*,*,#2352,.F.);
#3034=ORIENTED_EDGE('',*,*,#2296,.T.);
#3035=ORIENTED_EDGE('',*,*,#2353,.F.);
#3036=ORIENTED_EDGE('',*,*,#2354,.F.);
#3037=ORIENTED_EDGE('',*,*,#2355,.F.);
#3038=ORIENTED_EDGE('',*,*,#2297,.T.);
#3039=ORIENTED_EDGE('',*,*,#2356,.F.);
#3040=ORIENTED_EDGE('',*,*,#2357,.F.);
#3041=ORIENTED_EDGE('',*,*,#2358,.F.);
#3042=ORIENTED_EDGE('',*,*,#2298,.T.);
#3043=ORIENTED_EDGE('',*,*,#2359,.F.);
#3044=ORIENTED_EDGE('',*,*,#2360,.F.);
#3045=ORIENTED_EDGE('',*,*,#2361,.F.);
#3046=ORIENTED_EDGE('',*,*,#2299,.T.);
#3047=ORIENTED_EDGE('',*,*,#2362,.F.);
#3048=ORIENTED_EDGE('',*,*,#2363,.F.);
#3049=ORIENTED_EDGE('',*,*,#2364,.F.);
#3050=ORIENTED_EDGE('',*,*,#2300,.T.);
#3051=ORIENTED_EDGE('',*,*,#2365,.F.);
#3052=ORIENTED_EDGE('',*,*,#2366,.F.);
#3053=ORIENTED_EDGE('',*,*,#2367,.F.);
#3054=ORIENTED_EDGE('',*,*,#2301,.T.);
#3055=ORIENTED_EDGE('',*,*,#2368,.F.);
#3056=ORIENTED_EDGE('',*,*,#2369,.F.);
#3057=ORIENTED_EDGE('',*,*,#2370,.F.);
#3058=ORIENTED_EDGE('',*,*,#2302,.T.);
#3059=ORIENTED_EDGE('',*,*,#2371,.F.);
#3060=ORIENTED_EDGE('',*,*,#2372,.F.);
#3061=ORIENTED_EDGE('',*,*,#2373,.F.);
#3062=ORIENTED_EDGE('',*,*,#2303,.T.);
#3063=ORIENTED_EDGE('',*,*,#2374,.F.);
#3064=ORIENTED_EDGE('',*,*,#2375,.F.);
#3065=ORIENTED_EDGE('',*,*,#2376,.F.);
#3066=ORIENTED_EDGE('',*,*,#2304,.T.);
#3067=ORIENTED_EDGE('',*,*,#2377,.F.);
#3068=ORIENTED_EDGE('',*,*,#2378,.F.);
#3069=ORIENTED_EDGE('',*,*,#2379,.F.);
#3070=ORIENTED_EDGE('',*,*,#2305,.T.);
#3071=ORIENTED_EDGE('',*,*,#2380,.F.);
#3072=ORIENTED_EDGE('',*,*,#2381,.F.);
#3073=ORIENTED_EDGE('',*,*,#2382,.F.);
#3074=ORIENTED_EDGE('',*,*,#2306,.T.);
#3075=ORIENTED_EDGE('',*,*,#2383,.F.);
#3076=ORIENTED_EDGE('',*,*,#2384,.F.);
#3077=ORIENTED_EDGE('',*,*,#2385,.F.);
#3078=ORIENTED_EDGE('',*,*,#2307,.T.);
#3079=ORIENTED_EDGE('',*,*,#2386,.F.);
#3080=ORIENTED_EDGE('',*,*,#2387,.F.);
#3081=ORIENTED_EDGE('',*,*,#2339,.T.);
#3082=ORIENTED_EDGE('',*,*,#2308,.T.);
#3083=ORIENTED_EDGE('',*,*,#2388,.F.);
#3084=ORIENTED_EDGE('',*,*,#2389,.F.);
#3085=ORIENTED_EDGE('',*,*,#2390,.F.);
#3086=ORIENTED_EDGE('',*,*,#2341,.T.);
#3087=ORIENTED_EDGE('',*,*,#2310,.T.);
#3088=ORIENTED_EDGE('',*,*,#2391,.F.);
#3089=ORIENTED_EDGE('',*,*,#2392,.F.);
#3090=ORIENTED_EDGE('',*,*,#2391,.T.);
#3091=ORIENTED_EDGE('',*,*,#2312,.T.);
#3092=ORIENTED_EDGE('',*,*,#2393,.F.);
#3093=ORIENTED_EDGE('',*,*,#2394,.F.);
#3094=ORIENTED_EDGE('',*,*,#2393,.T.);
#3095=ORIENTED_EDGE('',*,*,#2314,.T.);
#3096=ORIENTED_EDGE('',*,*,#2395,.F.);
#3097=ORIENTED_EDGE('',*,*,#2396,.F.);
#3098=ORIENTED_EDGE('',*,*,#2316,.T.);
#3099=ORIENTED_EDGE('',*,*,#2397,.F.);
#3100=ORIENTED_EDGE('',*,*,#2398,.F.);
#3101=ORIENTED_EDGE('',*,*,#2399,.F.);
#3102=ORIENTED_EDGE('',*,*,#2317,.T.);
#3103=ORIENTED_EDGE('',*,*,#2400,.F.);
#3104=ORIENTED_EDGE('',*,*,#2401,.F.);
#3105=ORIENTED_EDGE('',*,*,#2402,.F.);
#3106=ORIENTED_EDGE('',*,*,#2318,.T.);
#3107=ORIENTED_EDGE('',*,*,#2403,.F.);
#3108=ORIENTED_EDGE('',*,*,#2404,.F.);
#3109=ORIENTED_EDGE('',*,*,#2405,.F.);
#3110=ORIENTED_EDGE('',*,*,#2319,.T.);
#3111=ORIENTED_EDGE('',*,*,#2406,.F.);
#3112=ORIENTED_EDGE('',*,*,#2407,.F.);
#3113=ORIENTED_EDGE('',*,*,#2408,.F.);
#3114=ORIENTED_EDGE('',*,*,#2320,.T.);
#3115=ORIENTED_EDGE('',*,*,#2409,.F.);
#3116=ORIENTED_EDGE('',*,*,#2410,.F.);
#3117=ORIENTED_EDGE('',*,*,#2411,.F.);
#3118=ORIENTED_EDGE('',*,*,#2321,.T.);
#3119=ORIENTED_EDGE('',*,*,#2412,.F.);
#3120=ORIENTED_EDGE('',*,*,#2413,.F.);
#3121=ORIENTED_EDGE('',*,*,#2414,.F.);
#3122=ORIENTED_EDGE('',*,*,#2322,.T.);
#3123=ORIENTED_EDGE('',*,*,#2415,.F.);
#3124=ORIENTED_EDGE('',*,*,#2416,.F.);
#3125=ORIENTED_EDGE('',*,*,#2417,.F.);
#3126=ORIENTED_EDGE('',*,*,#2323,.T.);
#3127=ORIENTED_EDGE('',*,*,#2418,.F.);
#3128=ORIENTED_EDGE('',*,*,#2419,.F.);
#3129=ORIENTED_EDGE('',*,*,#2420,.F.);
#3130=ORIENTED_EDGE('',*,*,#2324,.T.);
#3131=ORIENTED_EDGE('',*,*,#2421,.F.);
#3132=ORIENTED_EDGE('',*,*,#2422,.F.);
#3133=ORIENTED_EDGE('',*,*,#2423,.F.);
#3134=ORIENTED_EDGE('',*,*,#2325,.T.);
#3135=ORIENTED_EDGE('',*,*,#2424,.F.);
#3136=ORIENTED_EDGE('',*,*,#2425,.F.);
#3137=ORIENTED_EDGE('',*,*,#2426,.F.);
#3138=ORIENTED_EDGE('',*,*,#2326,.T.);
#3139=ORIENTED_EDGE('',*,*,#2427,.F.);
#3140=ORIENTED_EDGE('',*,*,#2428,.F.);
#3141=ORIENTED_EDGE('',*,*,#2429,.F.);
#3142=ORIENTED_EDGE('',*,*,#2327,.T.);
#3143=ORIENTED_EDGE('',*,*,#2430,.F.);
#3144=ORIENTED_EDGE('',*,*,#2431,.F.);
#3145=ORIENTED_EDGE('',*,*,#2432,.F.);
#3146=ORIENTED_EDGE('',*,*,#2328,.T.);
#3147=ORIENTED_EDGE('',*,*,#2433,.F.);
#3148=ORIENTED_EDGE('',*,*,#2434,.F.);
#3149=ORIENTED_EDGE('',*,*,#2435,.F.);
#3150=ORIENTED_EDGE('',*,*,#2329,.T.);
#3151=ORIENTED_EDGE('',*,*,#2436,.F.);
#3152=ORIENTED_EDGE('',*,*,#2437,.F.);
#3153=ORIENTED_EDGE('',*,*,#2438,.F.);
#3154=ORIENTED_EDGE('',*,*,#2330,.T.);
#3155=ORIENTED_EDGE('',*,*,#2439,.F.);
#3156=ORIENTED_EDGE('',*,*,#2440,.F.);
#3157=ORIENTED_EDGE('',*,*,#2441,.F.);
#3158=ORIENTED_EDGE('',*,*,#2331,.T.);
#3159=ORIENTED_EDGE('',*,*,#2442,.F.);
#3160=ORIENTED_EDGE('',*,*,#2443,.F.);
#3161=ORIENTED_EDGE('',*,*,#2395,.T.);
#3162=ORIENTED_EDGE('',*,*,#2332,.T.);
#3163=ORIENTED_EDGE('',*,*,#2444,.F.);
#3164=ORIENTED_EDGE('',*,*,#2445,.F.);
#3165=ORIENTED_EDGE('',*,*,#2446,.F.);
#3166=ORIENTED_EDGE('',*,*,#2397,.T.);
#3167=ORIENTED_EDGE('',*,*,#2334,.T.);
#3168=ORIENTED_EDGE('',*,*,#2447,.F.);
#3169=ORIENTED_EDGE('',*,*,#2448,.F.);
#3170=ORIENTED_EDGE('',*,*,#2447,.T.);
#3171=ORIENTED_EDGE('',*,*,#2336,.T.);
#3172=ORIENTED_EDGE('',*,*,#2338,.T.);
#3173=ORIENTED_EDGE('',*,*,#2446,.T.);
#3174=ORIENTED_EDGE('',*,*,#2448,.T.);
#3175=ORIENTED_EDGE('',*,*,#2337,.T.);
#3176=ORIENTED_EDGE('',*,*,#2389,.T.);
#3177=ORIENTED_EDGE('',*,*,#2449,.F.);
#3178=ORIENTED_EDGE('',*,*,#2450,.F.);
#3179=ORIENTED_EDGE('',*,*,#2451,.T.);
#3180=ORIENTED_EDGE('',*,*,#2384,.T.);
#3181=ORIENTED_EDGE('',*,*,#2452,.F.);
#3182=ORIENTED_EDGE('',*,*,#2453,.F.);
#3183=ORIENTED_EDGE('',*,*,#2454,.T.);
#3184=ORIENTED_EDGE('',*,*,#2378,.T.);
#3185=ORIENTED_EDGE('',*,*,#2455,.F.);
#3186=ORIENTED_EDGE('',*,*,#2456,.F.);
#3187=ORIENTED_EDGE('',*,*,#2457,.T.);
#3188=ORIENTED_EDGE('',*,*,#2372,.T.);
#3189=ORIENTED_EDGE('',*,*,#2458,.F.);
#3190=ORIENTED_EDGE('',*,*,#2459,.F.);
#3191=ORIENTED_EDGE('',*,*,#2460,.T.);
#3192=ORIENTED_EDGE('',*,*,#2366,.T.);
#3193=ORIENTED_EDGE('',*,*,#2461,.F.);
#3194=ORIENTED_EDGE('',*,*,#2462,.F.);
#3195=ORIENTED_EDGE('',*,*,#2463,.T.);
#3196=ORIENTED_EDGE('',*,*,#2360,.T.);
#3197=ORIENTED_EDGE('',*,*,#2464,.F.);
#3198=ORIENTED_EDGE('',*,*,#2465,.F.);
#3199=ORIENTED_EDGE('',*,*,#2466,.T.);
#3200=ORIENTED_EDGE('',*,*,#2354,.T.);
#3201=ORIENTED_EDGE('',*,*,#2467,.F.);
#3202=ORIENTED_EDGE('',*,*,#2468,.F.);
#3203=ORIENTED_EDGE('',*,*,#2469,.T.);
#3204=ORIENTED_EDGE('',*,*,#2348,.T.);
#3205=ORIENTED_EDGE('',*,*,#2470,.F.);
#3206=ORIENTED_EDGE('',*,*,#2471,.F.);
#3207=ORIENTED_EDGE('',*,*,#2472,.T.);
#3208=ORIENTED_EDGE('',*,*,#2342,.T.);
#3209=ORIENTED_EDGE('',*,*,#2390,.T.);
#3210=ORIENTED_EDGE('',*,*,#2392,.T.);
#3211=ORIENTED_EDGE('',*,*,#2394,.T.);
#3212=ORIENTED_EDGE('',*,*,#2445,.T.);
#3213=ORIENTED_EDGE('',*,*,#2473,.F.);
#3214=ORIENTED_EDGE('',*,*,#2474,.F.);
#3215=ORIENTED_EDGE('',*,*,#2475,.T.);
#3216=ORIENTED_EDGE('',*,*,#2440,.T.);
#3217=ORIENTED_EDGE('',*,*,#2476,.F.);
#3218=ORIENTED_EDGE('',*,*,#2477,.F.);
#3219=ORIENTED_EDGE('',*,*,#2478,.T.);
#3220=ORIENTED_EDGE('',*,*,#2434,.T.);
#3221=ORIENTED_EDGE('',*,*,#2479,.F.);
#3222=ORIENTED_EDGE('',*,*,#2480,.F.);
#3223=ORIENTED_EDGE('',*,*,#2481,.T.);
#3224=ORIENTED_EDGE('',*,*,#2428,.T.);
#3225=ORIENTED_EDGE('',*,*,#2482,.F.);
#3226=ORIENTED_EDGE('',*,*,#2483,.F.);
#3227=ORIENTED_EDGE('',*,*,#2484,.T.);
#3228=ORIENTED_EDGE('',*,*,#2422,.T.);
#3229=ORIENTED_EDGE('',*,*,#2485,.F.);
#3230=ORIENTED_EDGE('',*,*,#2486,.F.);
#3231=ORIENTED_EDGE('',*,*,#2487,.T.);
#3232=ORIENTED_EDGE('',*,*,#2416,.T.);
#3233=ORIENTED_EDGE('',*,*,#2488,.F.);
#3234=ORIENTED_EDGE('',*,*,#2489,.F.);
#3235=ORIENTED_EDGE('',*,*,#2490,.T.);
#3236=ORIENTED_EDGE('',*,*,#2410,.T.);
#3237=ORIENTED_EDGE('',*,*,#2491,.F.);
#3238=ORIENTED_EDGE('',*,*,#2492,.F.);
#3239=ORIENTED_EDGE('',*,*,#2493,.T.);
#3240=ORIENTED_EDGE('',*,*,#2404,.T.);
#3241=ORIENTED_EDGE('',*,*,#2494,.F.);
#3242=ORIENTED_EDGE('',*,*,#2495,.F.);
#3243=ORIENTED_EDGE('',*,*,#2496,.T.);
#3244=ORIENTED_EDGE('',*,*,#2398,.T.);
#3245=ORIENTED_EDGE('',*,*,#2497,.F.);
#3246=ORIENTED_EDGE('',*,*,#2498,.F.);
#3247=ORIENTED_EDGE('',*,*,#2499,.F.);
#3248=ORIENTED_EDGE('',*,*,#2500,.T.);
#3249=ORIENTED_EDGE('',*,*,#2501,.F.);
#3250=ORIENTED_EDGE('',*,*,#2502,.F.);
#3251=ORIENTED_EDGE('',*,*,#2503,.F.);
#3252=ORIENTED_EDGE('',*,*,#2504,.T.);
#3253=ORIENTED_EDGE('',*,*,#2505,.F.);
#3254=ORIENTED_EDGE('',*,*,#2506,.F.);
#3255=ORIENTED_EDGE('',*,*,#2507,.F.);
#3256=ORIENTED_EDGE('',*,*,#2508,.F.);
#3257=ORIENTED_EDGE('',*,*,#2509,.F.);
#3258=ORIENTED_EDGE('',*,*,#2510,.F.);
#3259=ORIENTED_EDGE('',*,*,#2511,.F.);
#3260=ORIENTED_EDGE('',*,*,#2512,.F.);
#3261=ORIENTED_EDGE('',*,*,#2513,.F.);
#3262=ORIENTED_EDGE('',*,*,#2344,.T.);
#3263=ORIENTED_EDGE('',*,*,#2340,.T.);
#3264=ORIENTED_EDGE('',*,*,#2472,.F.);
#3265=ORIENTED_EDGE('',*,*,#2514,.F.);
#3266=ORIENTED_EDGE('',*,*,#2515,.F.);
#3267=ORIENTED_EDGE('',*,*,#2345,.T.);
#3268=ORIENTED_EDGE('',*,*,#2513,.T.);
#3269=ORIENTED_EDGE('',*,*,#2516,.T.);
#3270=ORIENTED_EDGE('',*,*,#2470,.T.);
#3271=ORIENTED_EDGE('',*,*,#2347,.T.);
#3272=ORIENTED_EDGE('',*,*,#2343,.T.);
#3273=ORIENTED_EDGE('',*,*,#2515,.T.);
#3274=ORIENTED_EDGE('',*,*,#2517,.T.);
#3275=ORIENTED_EDGE('',*,*,#2518,.T.);
#3276=ORIENTED_EDGE('',*,*,#2519,.T.);
#3277=ORIENTED_EDGE('',*,*,#2520,.T.);
#3278=ORIENTED_EDGE('',*,*,#2521,.T.);
#3279=ORIENTED_EDGE('',*,*,#2522,.T.);
#3280=ORIENTED_EDGE('',*,*,#2523,.T.);
#3281=ORIENTED_EDGE('',*,*,#2524,.F.);
#3282=ORIENTED_EDGE('',*,*,#2525,.F.);
#3283=ORIENTED_EDGE('',*,*,#2526,.F.);
#3284=ORIENTED_EDGE('',*,*,#2527,.F.);
#3285=ORIENTED_EDGE('',*,*,#2528,.F.);
#3286=ORIENTED_EDGE('',*,*,#2529,.F.);
#3287=ORIENTED_EDGE('',*,*,#2530,.F.);
#3288=ORIENTED_EDGE('',*,*,#2531,.F.);
#3289=ORIENTED_EDGE('',*,*,#2532,.F.);
#3290=ORIENTED_EDGE('',*,*,#2350,.T.);
#3291=ORIENTED_EDGE('',*,*,#2346,.T.);
#3292=ORIENTED_EDGE('',*,*,#2469,.F.);
#3293=ORIENTED_EDGE('',*,*,#2533,.F.);
#3294=ORIENTED_EDGE('',*,*,#2534,.F.);
#3295=ORIENTED_EDGE('',*,*,#2351,.T.);
#3296=ORIENTED_EDGE('',*,*,#2532,.T.);
#3297=ORIENTED_EDGE('',*,*,#2535,.T.);
#3298=ORIENTED_EDGE('',*,*,#2467,.T.);
#3299=ORIENTED_EDGE('',*,*,#2353,.T.);
#3300=ORIENTED_EDGE('',*,*,#2349,.T.);
#3301=ORIENTED_EDGE('',*,*,#2534,.T.);
#3302=ORIENTED_EDGE('',*,*,#2536,.T.);
#3303=ORIENTED_EDGE('',*,*,#2537,.T.);
#3304=ORIENTED_EDGE('',*,*,#2538,.T.);
#3305=ORIENTED_EDGE('',*,*,#2539,.T.);
#3306=ORIENTED_EDGE('',*,*,#2540,.T.);
#3307=ORIENTED_EDGE('',*,*,#2541,.T.);
#3308=ORIENTED_EDGE('',*,*,#2542,.T.);
#3309=ORIENTED_EDGE('',*,*,#2543,.F.);
#3310=ORIENTED_EDGE('',*,*,#2544,.F.);
#3311=ORIENTED_EDGE('',*,*,#2545,.F.);
#3312=ORIENTED_EDGE('',*,*,#2546,.F.);
#3313=ORIENTED_EDGE('',*,*,#2547,.F.);
#3314=ORIENTED_EDGE('',*,*,#2548,.F.);
#3315=ORIENTED_EDGE('',*,*,#2549,.F.);
#3316=ORIENTED_EDGE('',*,*,#2550,.F.);
#3317=ORIENTED_EDGE('',*,*,#2551,.F.);
#3318=ORIENTED_EDGE('',*,*,#2356,.T.);
#3319=ORIENTED_EDGE('',*,*,#2352,.T.);
#3320=ORIENTED_EDGE('',*,*,#2466,.F.);
#3321=ORIENTED_EDGE('',*,*,#2552,.F.);
#3322=ORIENTED_EDGE('',*,*,#2553,.F.);
#3323=ORIENTED_EDGE('',*,*,#2357,.T.);
#3324=ORIENTED_EDGE('',*,*,#2551,.T.);
#3325=ORIENTED_EDGE('',*,*,#2554,.T.);
#3326=ORIENTED_EDGE('',*,*,#2464,.T.);
#3327=ORIENTED_EDGE('',*,*,#2359,.T.);
#3328=ORIENTED_EDGE('',*,*,#2355,.T.);
#3329=ORIENTED_EDGE('',*,*,#2553,.T.);
#3330=ORIENTED_EDGE('',*,*,#2555,.T.);
#3331=ORIENTED_EDGE('',*,*,#2556,.T.);
#3332=ORIENTED_EDGE('',*,*,#2557,.T.);
#3333=ORIENTED_EDGE('',*,*,#2558,.T.);
#3334=ORIENTED_EDGE('',*,*,#2559,.T.);
#3335=ORIENTED_EDGE('',*,*,#2560,.T.);
#3336=ORIENTED_EDGE('',*,*,#2561,.T.);
#3337=ORIENTED_EDGE('',*,*,#2562,.F.);
#3338=ORIENTED_EDGE('',*,*,#2563,.F.);
#3339=ORIENTED_EDGE('',*,*,#2564,.F.);
#3340=ORIENTED_EDGE('',*,*,#2565,.F.);
#3341=ORIENTED_EDGE('',*,*,#2566,.F.);
#3342=ORIENTED_EDGE('',*,*,#2567,.F.);
#3343=ORIENTED_EDGE('',*,*,#2568,.F.);
#3344=ORIENTED_EDGE('',*,*,#2569,.F.);
#3345=ORIENTED_EDGE('',*,*,#2570,.F.);
#3346=ORIENTED_EDGE('',*,*,#2362,.T.);
#3347=ORIENTED_EDGE('',*,*,#2358,.T.);
#3348=ORIENTED_EDGE('',*,*,#2463,.F.);
#3349=ORIENTED_EDGE('',*,*,#2571,.F.);
#3350=ORIENTED_EDGE('',*,*,#2572,.F.);
#3351=ORIENTED_EDGE('',*,*,#2363,.T.);
#3352=ORIENTED_EDGE('',*,*,#2570,.T.);
#3353=ORIENTED_EDGE('',*,*,#2573,.T.);
#3354=ORIENTED_EDGE('',*,*,#2461,.T.);
#3355=ORIENTED_EDGE('',*,*,#2365,.T.);
#3356=ORIENTED_EDGE('',*,*,#2361,.T.);
#3357=ORIENTED_EDGE('',*,*,#2572,.T.);
#3358=ORIENTED_EDGE('',*,*,#2574,.T.);
#3359=ORIENTED_EDGE('',*,*,#2575,.T.);
#3360=ORIENTED_EDGE('',*,*,#2576,.T.);
#3361=ORIENTED_EDGE('',*,*,#2577,.T.);
#3362=ORIENTED_EDGE('',*,*,#2578,.T.);
#3363=ORIENTED_EDGE('',*,*,#2579,.T.);
#3364=ORIENTED_EDGE('',*,*,#2580,.T.);
#3365=ORIENTED_EDGE('',*,*,#2581,.F.);
#3366=ORIENTED_EDGE('',*,*,#2582,.F.);
#3367=ORIENTED_EDGE('',*,*,#2583,.F.);
#3368=ORIENTED_EDGE('',*,*,#2584,.F.);
#3369=ORIENTED_EDGE('',*,*,#2585,.F.);
#3370=ORIENTED_EDGE('',*,*,#2586,.F.);
#3371=ORIENTED_EDGE('',*,*,#2587,.F.);
#3372=ORIENTED_EDGE('',*,*,#2588,.F.);
#3373=ORIENTED_EDGE('',*,*,#2589,.F.);
#3374=ORIENTED_EDGE('',*,*,#2368,.T.);
#3375=ORIENTED_EDGE('',*,*,#2364,.T.);
#3376=ORIENTED_EDGE('',*,*,#2460,.F.);
#3377=ORIENTED_EDGE('',*,*,#2590,.F.);
#3378=ORIENTED_EDGE('',*,*,#2591,.F.);
#3379=ORIENTED_EDGE('',*,*,#2369,.T.);
#3380=ORIENTED_EDGE('',*,*,#2589,.T.);
#3381=ORIENTED_EDGE('',*,*,#2592,.T.);
#3382=ORIENTED_EDGE('',*,*,#2458,.T.);
#3383=ORIENTED_EDGE('',*,*,#2371,.T.);
#3384=ORIENTED_EDGE('',*,*,#2367,.T.);
#3385=ORIENTED_EDGE('',*,*,#2591,.T.);
#3386=ORIENTED_EDGE('',*,*,#2593,.T.);
#3387=ORIENTED_EDGE('',*,*,#2594,.T.);
#3388=ORIENTED_EDGE('',*,*,#2595,.T.);
#3389=ORIENTED_EDGE('',*,*,#2596,.T.);
#3390=ORIENTED_EDGE('',*,*,#2597,.T.);
#3391=ORIENTED_EDGE('',*,*,#2598,.T.);
#3392=ORIENTED_EDGE('',*,*,#2599,.T.);
#3393=ORIENTED_EDGE('',*,*,#2600,.F.);
#3394=ORIENTED_EDGE('',*,*,#2601,.F.);
#3395=ORIENTED_EDGE('',*,*,#2602,.F.);
#3396=ORIENTED_EDGE('',*,*,#2603,.F.);
#3397=ORIENTED_EDGE('',*,*,#2604,.F.);
#3398=ORIENTED_EDGE('',*,*,#2605,.F.);
#3399=ORIENTED_EDGE('',*,*,#2606,.F.);
#3400=ORIENTED_EDGE('',*,*,#2607,.F.);
#3401=ORIENTED_EDGE('',*,*,#2608,.F.);
#3402=ORIENTED_EDGE('',*,*,#2374,.T.);
#3403=ORIENTED_EDGE('',*,*,#2370,.T.);
#3404=ORIENTED_EDGE('',*,*,#2457,.F.);
#3405=ORIENTED_EDGE('',*,*,#2609,.F.);
#3406=ORIENTED_EDGE('',*,*,#2610,.F.);
#3407=ORIENTED_EDGE('',*,*,#2375,.T.);
#3408=ORIENTED_EDGE('',*,*,#2608,.T.);
#3409=ORIENTED_EDGE('',*,*,#2611,.T.);
#3410=ORIENTED_EDGE('',*,*,#2455,.T.);
#3411=ORIENTED_EDGE('',*,*,#2377,.T.);
#3412=ORIENTED_EDGE('',*,*,#2373,.T.);
#3413=ORIENTED_EDGE('',*,*,#2610,.T.);
#3414=ORIENTED_EDGE('',*,*,#2612,.T.);
#3415=ORIENTED_EDGE('',*,*,#2613,.T.);
#3416=ORIENTED_EDGE('',*,*,#2614,.T.);
#3417=ORIENTED_EDGE('',*,*,#2615,.T.);
#3418=ORIENTED_EDGE('',*,*,#2616,.T.);
#3419=ORIENTED_EDGE('',*,*,#2617,.T.);
#3420=ORIENTED_EDGE('',*,*,#2618,.T.);
#3421=ORIENTED_EDGE('',*,*,#2619,.F.);
#3422=ORIENTED_EDGE('',*,*,#2620,.F.);
#3423=ORIENTED_EDGE('',*,*,#2621,.F.);
#3424=ORIENTED_EDGE('',*,*,#2622,.F.);
#3425=ORIENTED_EDGE('',*,*,#2623,.F.);
#3426=ORIENTED_EDGE('',*,*,#2624,.F.);
#3427=ORIENTED_EDGE('',*,*,#2625,.F.);
#3428=ORIENTED_EDGE('',*,*,#2626,.F.);
#3429=ORIENTED_EDGE('',*,*,#2627,.F.);
#3430=ORIENTED_EDGE('',*,*,#2380,.T.);
#3431=ORIENTED_EDGE('',*,*,#2376,.T.);
#3432=ORIENTED_EDGE('',*,*,#2454,.F.);
#3433=ORIENTED_EDGE('',*,*,#2628,.F.);
#3434=ORIENTED_EDGE('',*,*,#2629,.F.);
#3435=ORIENTED_EDGE('',*,*,#2381,.T.);
#3436=ORIENTED_EDGE('',*,*,#2627,.T.);
#3437=ORIENTED_EDGE('',*,*,#2630,.T.);
#3438=ORIENTED_EDGE('',*,*,#2452,.T.);
#3439=ORIENTED_EDGE('',*,*,#2383,.T.);
#3440=ORIENTED_EDGE('',*,*,#2379,.T.);
#3441=ORIENTED_EDGE('',*,*,#2629,.T.);
#3442=ORIENTED_EDGE('',*,*,#2631,.T.);
#3443=ORIENTED_EDGE('',*,*,#2632,.T.);
#3444=ORIENTED_EDGE('',*,*,#2633,.T.);
#3445=ORIENTED_EDGE('',*,*,#2634,.T.);
#3446=ORIENTED_EDGE('',*,*,#2635,.T.);
#3447=ORIENTED_EDGE('',*,*,#2636,.T.);
#3448=ORIENTED_EDGE('',*,*,#2637,.T.);
#3449=ORIENTED_EDGE('',*,*,#2638,.F.);
#3450=ORIENTED_EDGE('',*,*,#2639,.F.);
#3451=ORIENTED_EDGE('',*,*,#2640,.F.);
#3452=ORIENTED_EDGE('',*,*,#2641,.F.);
#3453=ORIENTED_EDGE('',*,*,#2642,.F.);
#3454=ORIENTED_EDGE('',*,*,#2643,.F.);
#3455=ORIENTED_EDGE('',*,*,#2644,.F.);
#3456=ORIENTED_EDGE('',*,*,#2645,.F.);
#3457=ORIENTED_EDGE('',*,*,#2646,.F.);
#3458=ORIENTED_EDGE('',*,*,#2386,.T.);
#3459=ORIENTED_EDGE('',*,*,#2382,.T.);
#3460=ORIENTED_EDGE('',*,*,#2451,.F.);
#3461=ORIENTED_EDGE('',*,*,#2647,.F.);
#3462=ORIENTED_EDGE('',*,*,#2648,.F.);
#3463=ORIENTED_EDGE('',*,*,#2387,.T.);
#3464=ORIENTED_EDGE('',*,*,#2646,.T.);
#3465=ORIENTED_EDGE('',*,*,#2649,.T.);
#3466=ORIENTED_EDGE('',*,*,#2449,.T.);
#3467=ORIENTED_EDGE('',*,*,#2388,.T.);
#3468=ORIENTED_EDGE('',*,*,#2385,.T.);
#3469=ORIENTED_EDGE('',*,*,#2648,.T.);
#3470=ORIENTED_EDGE('',*,*,#2650,.T.);
#3471=ORIENTED_EDGE('',*,*,#2651,.T.);
#3472=ORIENTED_EDGE('',*,*,#2652,.T.);
#3473=ORIENTED_EDGE('',*,*,#2653,.T.);
#3474=ORIENTED_EDGE('',*,*,#2654,.T.);
#3475=ORIENTED_EDGE('',*,*,#2655,.T.);
#3476=ORIENTED_EDGE('',*,*,#2656,.T.);
#3477=ORIENTED_EDGE('',*,*,#2657,.F.);
#3478=ORIENTED_EDGE('',*,*,#2658,.F.);
#3479=ORIENTED_EDGE('',*,*,#2659,.F.);
#3480=ORIENTED_EDGE('',*,*,#2660,.F.);
#3481=ORIENTED_EDGE('',*,*,#2661,.F.);
#3482=ORIENTED_EDGE('',*,*,#2662,.F.);
#3483=ORIENTED_EDGE('',*,*,#2663,.F.);
#3484=ORIENTED_EDGE('',*,*,#2664,.F.);
#3485=ORIENTED_EDGE('',*,*,#2665,.F.);
#3486=ORIENTED_EDGE('',*,*,#2400,.T.);
#3487=ORIENTED_EDGE('',*,*,#2396,.T.);
#3488=ORIENTED_EDGE('',*,*,#2496,.F.);
#3489=ORIENTED_EDGE('',*,*,#2666,.F.);
#3490=ORIENTED_EDGE('',*,*,#2667,.F.);
#3491=ORIENTED_EDGE('',*,*,#2401,.T.);
#3492=ORIENTED_EDGE('',*,*,#2665,.T.);
#3493=ORIENTED_EDGE('',*,*,#2668,.T.);
#3494=ORIENTED_EDGE('',*,*,#2494,.T.);
#3495=ORIENTED_EDGE('',*,*,#2403,.T.);
#3496=ORIENTED_EDGE('',*,*,#2399,.T.);
#3497=ORIENTED_EDGE('',*,*,#2667,.T.);
#3498=ORIENTED_EDGE('',*,*,#2669,.T.);
#3499=ORIENTED_EDGE('',*,*,#2670,.T.);
#3500=ORIENTED_EDGE('',*,*,#2671,.T.);
#3501=ORIENTED_EDGE('',*,*,#2672,.T.);
#3502=ORIENTED_EDGE('',*,*,#2673,.T.);
#3503=ORIENTED_EDGE('',*,*,#2674,.T.);
#3504=ORIENTED_EDGE('',*,*,#2675,.T.);
#3505=ORIENTED_EDGE('',*,*,#2676,.F.);
#3506=ORIENTED_EDGE('',*,*,#2677,.F.);
#3507=ORIENTED_EDGE('',*,*,#2678,.F.);
#3508=ORIENTED_EDGE('',*,*,#2679,.F.);
#3509=ORIENTED_EDGE('',*,*,#2680,.F.);
#3510=ORIENTED_EDGE('',*,*,#2681,.F.);
#3511=ORIENTED_EDGE('',*,*,#2682,.F.);
#3512=ORIENTED_EDGE('',*,*,#2683,.F.);
#3513=ORIENTED_EDGE('',*,*,#2684,.F.);
#3514=ORIENTED_EDGE('',*,*,#2406,.T.);
#3515=ORIENTED_EDGE('',*,*,#2402,.T.);
#3516=ORIENTED_EDGE('',*,*,#2493,.F.);
#3517=ORIENTED_EDGE('',*,*,#2685,.F.);
#3518=ORIENTED_EDGE('',*,*,#2686,.F.);
#3519=ORIENTED_EDGE('',*,*,#2407,.T.);
#3520=ORIENTED_EDGE('',*,*,#2684,.T.);
#3521=ORIENTED_EDGE('',*,*,#2687,.T.);
#3522=ORIENTED_EDGE('',*,*,#2491,.T.);
#3523=ORIENTED_EDGE('',*,*,#2409,.T.);
#3524=ORIENTED_EDGE('',*,*,#2405,.T.);
#3525=ORIENTED_EDGE('',*,*,#2686,.T.);
#3526=ORIENTED_EDGE('',*,*,#2688,.T.);
#3527=ORIENTED_EDGE('',*,*,#2689,.T.);
#3528=ORIENTED_EDGE('',*,*,#2690,.T.);
#3529=ORIENTED_EDGE('',*,*,#2691,.T.);
#3530=ORIENTED_EDGE('',*,*,#2692,.T.);
#3531=ORIENTED_EDGE('',*,*,#2693,.T.);
#3532=ORIENTED_EDGE('',*,*,#2694,.T.);
#3533=ORIENTED_EDGE('',*,*,#2695,.F.);
#3534=ORIENTED_EDGE('',*,*,#2696,.F.);
#3535=ORIENTED_EDGE('',*,*,#2697,.F.);
#3536=ORIENTED_EDGE('',*,*,#2698,.F.);
#3537=ORIENTED_EDGE('',*,*,#2699,.F.);
#3538=ORIENTED_EDGE('',*,*,#2700,.F.);
#3539=ORIENTED_EDGE('',*,*,#2701,.F.);
#3540=ORIENTED_EDGE('',*,*,#2702,.F.);
#3541=ORIENTED_EDGE('',*,*,#2703,.F.);
#3542=ORIENTED_EDGE('',*,*,#2412,.T.);
#3543=ORIENTED_EDGE('',*,*,#2408,.T.);
#3544=ORIENTED_EDGE('',*,*,#2490,.F.);
#3545=ORIENTED_EDGE('',*,*,#2704,.F.);
#3546=ORIENTED_EDGE('',*,*,#2705,.F.);
#3547=ORIENTED_EDGE('',*,*,#2413,.T.);
#3548=ORIENTED_EDGE('',*,*,#2703,.T.);
#3549=ORIENTED_EDGE('',*,*,#2706,.T.);
#3550=ORIENTED_EDGE('',*,*,#2488,.T.);
#3551=ORIENTED_EDGE('',*,*,#2415,.T.);
#3552=ORIENTED_EDGE('',*,*,#2411,.T.);
#3553=ORIENTED_EDGE('',*,*,#2705,.T.);
#3554=ORIENTED_EDGE('',*,*,#2707,.T.);
#3555=ORIENTED_EDGE('',*,*,#2708,.T.);
#3556=ORIENTED_EDGE('',*,*,#2709,.T.);
#3557=ORIENTED_EDGE('',*,*,#2710,.T.);
#3558=ORIENTED_EDGE('',*,*,#2711,.T.);
#3559=ORIENTED_EDGE('',*,*,#2712,.T.);
#3560=ORIENTED_EDGE('',*,*,#2713,.T.);
#3561=ORIENTED_EDGE('',*,*,#2714,.F.);
#3562=ORIENTED_EDGE('',*,*,#2715,.F.);
#3563=ORIENTED_EDGE('',*,*,#2716,.F.);
#3564=ORIENTED_EDGE('',*,*,#2717,.F.);
#3565=ORIENTED_EDGE('',*,*,#2718,.F.);
#3566=ORIENTED_EDGE('',*,*,#2719,.F.);
#3567=ORIENTED_EDGE('',*,*,#2720,.F.);
#3568=ORIENTED_EDGE('',*,*,#2721,.F.);
#3569=ORIENTED_EDGE('',*,*,#2722,.F.);
#3570=ORIENTED_EDGE('',*,*,#2418,.T.);
#3571=ORIENTED_EDGE('',*,*,#2414,.T.);
#3572=ORIENTED_EDGE('',*,*,#2487,.F.);
#3573=ORIENTED_EDGE('',*,*,#2723,.F.);
#3574=ORIENTED_EDGE('',*,*,#2724,.F.);
#3575=ORIENTED_EDGE('',*,*,#2419,.T.);
#3576=ORIENTED_EDGE('',*,*,#2722,.T.);
#3577=ORIENTED_EDGE('',*,*,#2725,.T.);
#3578=ORIENTED_EDGE('',*,*,#2485,.T.);
#3579=ORIENTED_EDGE('',*,*,#2421,.T.);
#3580=ORIENTED_EDGE('',*,*,#2417,.T.);
#3581=ORIENTED_EDGE('',*,*,#2724,.T.);
#3582=ORIENTED_EDGE('',*,*,#2726,.T.);
#3583=ORIENTED_EDGE('',*,*,#2727,.T.);
#3584=ORIENTED_EDGE('',*,*,#2728,.T.);
#3585=ORIENTED_EDGE('',*,*,#2729,.T.);
#3586=ORIENTED_EDGE('',*,*,#2730,.T.);
#3587=ORIENTED_EDGE('',*,*,#2731,.T.);
#3588=ORIENTED_EDGE('',*,*,#2732,.T.);
#3589=ORIENTED_EDGE('',*,*,#2733,.F.);
#3590=ORIENTED_EDGE('',*,*,#2734,.F.);
#3591=ORIENTED_EDGE('',*,*,#2735,.F.);
#3592=ORIENTED_EDGE('',*,*,#2736,.F.);
#3593=ORIENTED_EDGE('',*,*,#2737,.F.);
#3594=ORIENTED_EDGE('',*,*,#2738,.F.);
#3595=ORIENTED_EDGE('',*,*,#2739,.F.);
#3596=ORIENTED_EDGE('',*,*,#2740,.F.);
#3597=ORIENTED_EDGE('',*,*,#2741,.F.);
#3598=ORIENTED_EDGE('',*,*,#2424,.T.);
#3599=ORIENTED_EDGE('',*,*,#2420,.T.);
#3600=ORIENTED_EDGE('',*,*,#2484,.F.);
#3601=ORIENTED_EDGE('',*,*,#2742,.F.);
#3602=ORIENTED_EDGE('',*,*,#2743,.F.);
#3603=ORIENTED_EDGE('',*,*,#2425,.T.);
#3604=ORIENTED_EDGE('',*,*,#2741,.T.);
#3605=ORIENTED_EDGE('',*,*,#2744,.T.);
#3606=ORIENTED_EDGE('',*,*,#2482,.T.);
#3607=ORIENTED_EDGE('',*,*,#2427,.T.);
#3608=ORIENTED_EDGE('',*,*,#2423,.T.);
#3609=ORIENTED_EDGE('',*,*,#2743,.T.);
#3610=ORIENTED_EDGE('',*,*,#2745,.T.);
#3611=ORIENTED_EDGE('',*,*,#2746,.T.);
#3612=ORIENTED_EDGE('',*,*,#2747,.T.);
#3613=ORIENTED_EDGE('',*,*,#2748,.T.);
#3614=ORIENTED_EDGE('',*,*,#2749,.T.);
#3615=ORIENTED_EDGE('',*,*,#2750,.T.);
#3616=ORIENTED_EDGE('',*,*,#2751,.T.);
#3617=ORIENTED_EDGE('',*,*,#2752,.F.);
#3618=ORIENTED_EDGE('',*,*,#2753,.F.);
#3619=ORIENTED_EDGE('',*,*,#2754,.F.);
#3620=ORIENTED_EDGE('',*,*,#2755,.F.);
#3621=ORIENTED_EDGE('',*,*,#2756,.F.);
#3622=ORIENTED_EDGE('',*,*,#2757,.F.);
#3623=ORIENTED_EDGE('',*,*,#2758,.F.);
#3624=ORIENTED_EDGE('',*,*,#2759,.F.);
#3625=ORIENTED_EDGE('',*,*,#2760,.F.);
#3626=ORIENTED_EDGE('',*,*,#2430,.T.);
#3627=ORIENTED_EDGE('',*,*,#2426,.T.);
#3628=ORIENTED_EDGE('',*,*,#2481,.F.);
#3629=ORIENTED_EDGE('',*,*,#2761,.F.);
#3630=ORIENTED_EDGE('',*,*,#2762,.F.);
#3631=ORIENTED_EDGE('',*,*,#2431,.T.);
#3632=ORIENTED_EDGE('',*,*,#2760,.T.);
#3633=ORIENTED_EDGE('',*,*,#2763,.T.);
#3634=ORIENTED_EDGE('',*,*,#2479,.T.);
#3635=ORIENTED_EDGE('',*,*,#2433,.T.);
#3636=ORIENTED_EDGE('',*,*,#2429,.T.);
#3637=ORIENTED_EDGE('',*,*,#2762,.T.);
#3638=ORIENTED_EDGE('',*,*,#2764,.T.);
#3639=ORIENTED_EDGE('',*,*,#2765,.T.);
#3640=ORIENTED_EDGE('',*,*,#2766,.T.);
#3641=ORIENTED_EDGE('',*,*,#2767,.T.);
#3642=ORIENTED_EDGE('',*,*,#2768,.T.);
#3643=ORIENTED_EDGE('',*,*,#2769,.T.);
#3644=ORIENTED_EDGE('',*,*,#2770,.T.);
#3645=ORIENTED_EDGE('',*,*,#2771,.F.);
#3646=ORIENTED_EDGE('',*,*,#2772,.F.);
#3647=ORIENTED_EDGE('',*,*,#2773,.F.);
#3648=ORIENTED_EDGE('',*,*,#2774,.F.);
#3649=ORIENTED_EDGE('',*,*,#2775,.F.);
#3650=ORIENTED_EDGE('',*,*,#2776,.F.);
#3651=ORIENTED_EDGE('',*,*,#2777,.F.);
#3652=ORIENTED_EDGE('',*,*,#2778,.F.);
#3653=ORIENTED_EDGE('',*,*,#2779,.F.);
#3654=ORIENTED_EDGE('',*,*,#2436,.T.);
#3655=ORIENTED_EDGE('',*,*,#2432,.T.);
#3656=ORIENTED_EDGE('',*,*,#2478,.F.);
#3657=ORIENTED_EDGE('',*,*,#2780,.F.);
#3658=ORIENTED_EDGE('',*,*,#2781,.F.);
#3659=ORIENTED_EDGE('',*,*,#2437,.T.);
#3660=ORIENTED_EDGE('',*,*,#2779,.T.);
#3661=ORIENTED_EDGE('',*,*,#2782,.T.);
#3662=ORIENTED_EDGE('',*,*,#2476,.T.);
#3663=ORIENTED_EDGE('',*,*,#2439,.T.);
#3664=ORIENTED_EDGE('',*,*,#2435,.T.);
#3665=ORIENTED_EDGE('',*,*,#2781,.T.);
#3666=ORIENTED_EDGE('',*,*,#2783,.T.);
#3667=ORIENTED_EDGE('',*,*,#2784,.T.);
#3668=ORIENTED_EDGE('',*,*,#2785,.T.);
#3669=ORIENTED_EDGE('',*,*,#2786,.T.);
#3670=ORIENTED_EDGE('',*,*,#2787,.T.);
#3671=ORIENTED_EDGE('',*,*,#2788,.T.);
#3672=ORIENTED_EDGE('',*,*,#2789,.T.);
#3673=ORIENTED_EDGE('',*,*,#2790,.F.);
#3674=ORIENTED_EDGE('',*,*,#2791,.F.);
#3675=ORIENTED_EDGE('',*,*,#2792,.F.);
#3676=ORIENTED_EDGE('',*,*,#2793,.F.);
#3677=ORIENTED_EDGE('',*,*,#2794,.F.);
#3678=ORIENTED_EDGE('',*,*,#2795,.F.);
#3679=ORIENTED_EDGE('',*,*,#2796,.F.);
#3680=ORIENTED_EDGE('',*,*,#2797,.F.);
#3681=ORIENTED_EDGE('',*,*,#2798,.F.);
#3682=ORIENTED_EDGE('',*,*,#2442,.T.);
#3683=ORIENTED_EDGE('',*,*,#2438,.T.);
#3684=ORIENTED_EDGE('',*,*,#2475,.F.);
#3685=ORIENTED_EDGE('',*,*,#2799,.F.);
#3686=ORIENTED_EDGE('',*,*,#2800,.F.);
#3687=ORIENTED_EDGE('',*,*,#2443,.T.);
#3688=ORIENTED_EDGE('',*,*,#2798,.T.);
#3689=ORIENTED_EDGE('',*,*,#2801,.T.);
#3690=ORIENTED_EDGE('',*,*,#2473,.T.);
#3691=ORIENTED_EDGE('',*,*,#2444,.T.);
#3692=ORIENTED_EDGE('',*,*,#2441,.T.);
#3693=ORIENTED_EDGE('',*,*,#2800,.T.);
#3694=ORIENTED_EDGE('',*,*,#2802,.T.);
#3695=ORIENTED_EDGE('',*,*,#2803,.T.);
#3696=ORIENTED_EDGE('',*,*,#2804,.T.);
#3697=ORIENTED_EDGE('',*,*,#2805,.T.);
#3698=ORIENTED_EDGE('',*,*,#2806,.T.);
#3699=ORIENTED_EDGE('',*,*,#2807,.T.);
#3700=ORIENTED_EDGE('',*,*,#2808,.T.);
#3701=ORIENTED_EDGE('',*,*,#2809,.F.);
#3702=ORIENTED_EDGE('',*,*,#2810,.F.);
#3703=ORIENTED_EDGE('',*,*,#2497,.T.);
#3704=ORIENTED_EDGE('',*,*,#2811,.T.);
#3705=ORIENTED_EDGE('',*,*,#2516,.F.);
#3706=ORIENTED_EDGE('',*,*,#2812,.T.);
#3707=ORIENTED_EDGE('',*,*,#2505,.T.);
#3708=ORIENTED_EDGE('',*,*,#2471,.T.);
#3709=ORIENTED_EDGE('',*,*,#2812,.F.);
#3710=ORIENTED_EDGE('',*,*,#2523,.F.);
#3711=ORIENTED_EDGE('',*,*,#2813,.F.);
#3712=ORIENTED_EDGE('',*,*,#2506,.T.);
#3713=ORIENTED_EDGE('',*,*,#2813,.T.);
#3714=ORIENTED_EDGE('',*,*,#2522,.F.);
#3715=ORIENTED_EDGE('',*,*,#2814,.F.);
#3716=ORIENTED_EDGE('',*,*,#2507,.T.);
#3717=ORIENTED_EDGE('',*,*,#2814,.T.);
#3718=ORIENTED_EDGE('',*,*,#2521,.F.);
#3719=ORIENTED_EDGE('',*,*,#2815,.F.);
#3720=ORIENTED_EDGE('',*,*,#2508,.T.);
#3721=ORIENTED_EDGE('',*,*,#2815,.T.);
#3722=ORIENTED_EDGE('',*,*,#2520,.F.);
#3723=ORIENTED_EDGE('',*,*,#2816,.F.);
#3724=ORIENTED_EDGE('',*,*,#2509,.T.);
#3725=ORIENTED_EDGE('',*,*,#2816,.T.);
#3726=ORIENTED_EDGE('',*,*,#2519,.F.);
#3727=ORIENTED_EDGE('',*,*,#2817,.F.);
#3728=ORIENTED_EDGE('',*,*,#2510,.T.);
#3729=ORIENTED_EDGE('',*,*,#2518,.F.);
#3730=ORIENTED_EDGE('',*,*,#2818,.T.);
#3731=ORIENTED_EDGE('',*,*,#2511,.T.);
#3732=ORIENTED_EDGE('',*,*,#2817,.T.);
#3733=ORIENTED_EDGE('',*,*,#2818,.F.);
#3734=ORIENTED_EDGE('',*,*,#2517,.F.);
#3735=ORIENTED_EDGE('',*,*,#2514,.T.);
#3736=ORIENTED_EDGE('',*,*,#2512,.T.);
#3737=ORIENTED_EDGE('',*,*,#2535,.F.);
#3738=ORIENTED_EDGE('',*,*,#2819,.T.);
#3739=ORIENTED_EDGE('',*,*,#2524,.T.);
#3740=ORIENTED_EDGE('',*,*,#2468,.T.);
#3741=ORIENTED_EDGE('',*,*,#2819,.F.);
#3742=ORIENTED_EDGE('',*,*,#2542,.F.);
#3743=ORIENTED_EDGE('',*,*,#2820,.F.);
#3744=ORIENTED_EDGE('',*,*,#2525,.T.);
#3745=ORIENTED_EDGE('',*,*,#2820,.T.);
#3746=ORIENTED_EDGE('',*,*,#2541,.F.);
#3747=ORIENTED_EDGE('',*,*,#2821,.F.);
#3748=ORIENTED_EDGE('',*,*,#2526,.T.);
#3749=ORIENTED_EDGE('',*,*,#2821,.T.);
#3750=ORIENTED_EDGE('',*,*,#2540,.F.);
#3751=ORIENTED_EDGE('',*,*,#2822,.F.);
#3752=ORIENTED_EDGE('',*,*,#2527,.T.);
#3753=ORIENTED_EDGE('',*,*,#2822,.T.);
#3754=ORIENTED_EDGE('',*,*,#2539,.F.);
#3755=ORIENTED_EDGE('',*,*,#2823,.F.);
#3756=ORIENTED_EDGE('',*,*,#2528,.T.);
#3757=ORIENTED_EDGE('',*,*,#2823,.T.);
#3758=ORIENTED_EDGE('',*,*,#2538,.F.);
#3759=ORIENTED_EDGE('',*,*,#2824,.F.);
#3760=ORIENTED_EDGE('',*,*,#2529,.T.);
#3761=ORIENTED_EDGE('',*,*,#2537,.F.);
#3762=ORIENTED_EDGE('',*,*,#2825,.T.);
#3763=ORIENTED_EDGE('',*,*,#2530,.T.);
#3764=ORIENTED_EDGE('',*,*,#2824,.T.);
#3765=ORIENTED_EDGE('',*,*,#2825,.F.);
#3766=ORIENTED_EDGE('',*,*,#2536,.F.);
#3767=ORIENTED_EDGE('',*,*,#2533,.T.);
#3768=ORIENTED_EDGE('',*,*,#2531,.T.);
#3769=ORIENTED_EDGE('',*,*,#2554,.F.);
#3770=ORIENTED_EDGE('',*,*,#2826,.T.);
#3771=ORIENTED_EDGE('',*,*,#2543,.T.);
#3772=ORIENTED_EDGE('',*,*,#2465,.T.);
#3773=ORIENTED_EDGE('',*,*,#2826,.F.);
#3774=ORIENTED_EDGE('',*,*,#2561,.F.);
#3775=ORIENTED_EDGE('',*,*,#2827,.F.);
#3776=ORIENTED_EDGE('',*,*,#2544,.T.);
#3777=ORIENTED_EDGE('',*,*,#2827,.T.);
#3778=ORIENTED_EDGE('',*,*,#2560,.F.);
#3779=ORIENTED_EDGE('',*,*,#2828,.F.);
#3780=ORIENTED_EDGE('',*,*,#2545,.T.);
#3781=ORIENTED_EDGE('',*,*,#2828,.T.);
#3782=ORIENTED_EDGE('',*,*,#2559,.F.);
#3783=ORIENTED_EDGE('',*,*,#2829,.F.);
#3784=ORIENTED_EDGE('',*,*,#2546,.T.);
#3785=ORIENTED_EDGE('',*,*,#2829,.T.);
#3786=ORIENTED_EDGE('',*,*,#2558,.F.);
#3787=ORIENTED_EDGE('',*,*,#2830,.F.);
#3788=ORIENTED_EDGE('',*,*,#2547,.T.);
#3789=ORIENTED_EDGE('',*,*,#2830,.T.);
#3790=ORIENTED_EDGE('',*,*,#2557,.F.);
#3791=ORIENTED_EDGE('',*,*,#2831,.F.);
#3792=ORIENTED_EDGE('',*,*,#2548,.T.);
#3793=ORIENTED_EDGE('',*,*,#2556,.F.);
#3794=ORIENTED_EDGE('',*,*,#2832,.T.);
#3795=ORIENTED_EDGE('',*,*,#2549,.T.);
#3796=ORIENTED_EDGE('',*,*,#2831,.T.);
#3797=ORIENTED_EDGE('',*,*,#2832,.F.);
#3798=ORIENTED_EDGE('',*,*,#2555,.F.);
#3799=ORIENTED_EDGE('',*,*,#2552,.T.);
#3800=ORIENTED_EDGE('',*,*,#2550,.T.);
#3801=ORIENTED_EDGE('',*,*,#2573,.F.);
#3802=ORIENTED_EDGE('',*,*,#2833,.T.);
#3803=ORIENTED_EDGE('',*,*,#2562,.T.);
#3804=ORIENTED_EDGE('',*,*,#2462,.T.);
#3805=ORIENTED_EDGE('',*,*,#2833,.F.);
#3806=ORIENTED_EDGE('',*,*,#2580,.F.);
#3807=ORIENTED_EDGE('',*,*,#2834,.F.);
#3808=ORIENTED_EDGE('',*,*,#2563,.T.);
#3809=ORIENTED_EDGE('',*,*,#2834,.T.);
#3810=ORIENTED_EDGE('',*,*,#2579,.F.);
#3811=ORIENTED_EDGE('',*,*,#2835,.F.);
#3812=ORIENTED_EDGE('',*,*,#2564,.T.);
#3813=ORIENTED_EDGE('',*,*,#2835,.T.);
#3814=ORIENTED_EDGE('',*,*,#2578,.F.);
#3815=ORIENTED_EDGE('',*,*,#2836,.F.);
#3816=ORIENTED_EDGE('',*,*,#2565,.T.);
#3817=ORIENTED_EDGE('',*,*,#2836,.T.);
#3818=ORIENTED_EDGE('',*,*,#2577,.F.);
#3819=ORIENTED_EDGE('',*,*,#2837,.F.);
#3820=ORIENTED_EDGE('',*,*,#2566,.T.);
#3821=ORIENTED_EDGE('',*,*,#2837,.T.);
#3822=ORIENTED_EDGE('',*,*,#2576,.F.);
#3823=ORIENTED_EDGE('',*,*,#2838,.F.);
#3824=ORIENTED_EDGE('',*,*,#2567,.T.);
#3825=ORIENTED_EDGE('',*,*,#2575,.F.);
#3826=ORIENTED_EDGE('',*,*,#2839,.T.);
#3827=ORIENTED_EDGE('',*,*,#2568,.T.);
#3828=ORIENTED_EDGE('',*,*,#2838,.T.);
#3829=ORIENTED_EDGE('',*,*,#2839,.F.);
#3830=ORIENTED_EDGE('',*,*,#2574,.F.);
#3831=ORIENTED_EDGE('',*,*,#2571,.T.);
#3832=ORIENTED_EDGE('',*,*,#2569,.T.);
#3833=ORIENTED_EDGE('',*,*,#2592,.F.);
#3834=ORIENTED_EDGE('',*,*,#2840,.T.);
#3835=ORIENTED_EDGE('',*,*,#2581,.T.);
#3836=ORIENTED_EDGE('',*,*,#2459,.T.);
#3837=ORIENTED_EDGE('',*,*,#2840,.F.);
#3838=ORIENTED_EDGE('',*,*,#2599,.F.);
#3839=ORIENTED_EDGE('',*,*,#2841,.F.);
#3840=ORIENTED_EDGE('',*,*,#2582,.T.);
#3841=ORIENTED_EDGE('',*,*,#2841,.T.);
#3842=ORIENTED_EDGE('',*,*,#2598,.F.);
#3843=ORIENTED_EDGE('',*,*,#2842,.F.);
#3844=ORIENTED_EDGE('',*,*,#2583,.T.);
#3845=ORIENTED_EDGE('',*,*,#2842,.T.);
#3846=ORIENTED_EDGE('',*,*,#2597,.F.);
#3847=ORIENTED_EDGE('',*,*,#2843,.F.);
#3848=ORIENTED_EDGE('',*,*,#2584,.T.);
#3849=ORIENTED_EDGE('',*,*,#2843,.T.);
#3850=ORIENTED_EDGE('',*,*,#2596,.F.);
#3851=ORIENTED_EDGE('',*,*,#2844,.F.);
#3852=ORIENTED_EDGE('',*,*,#2585,.T.);
#3853=ORIENTED_EDGE('',*,*,#2844,.T.);
#3854=ORIENTED_EDGE('',*,*,#2595,.F.);
#3855=ORIENTED_EDGE('',*,*,#2845,.F.);
#3856=ORIENTED_EDGE('',*,*,#2586,.T.);
#3857=ORIENTED_EDGE('',*,*,#2594,.F.);
#3858=ORIENTED_EDGE('',*,*,#2846,.T.);
#3859=ORIENTED_EDGE('',*,*,#2587,.T.);
#3860=ORIENTED_EDGE('',*,*,#2845,.T.);
#3861=ORIENTED_EDGE('',*,*,#2846,.F.);
#3862=ORIENTED_EDGE('',*,*,#2593,.F.);
#3863=ORIENTED_EDGE('',*,*,#2590,.T.);
#3864=ORIENTED_EDGE('',*,*,#2588,.T.);
#3865=ORIENTED_EDGE('',*,*,#2611,.F.);
#3866=ORIENTED_EDGE('',*,*,#2847,.T.);
#3867=ORIENTED_EDGE('',*,*,#2600,.T.);
#3868=ORIENTED_EDGE('',*,*,#2456,.T.);
#3869=ORIENTED_EDGE('',*,*,#2847,.F.);
#3870=ORIENTED_EDGE('',*,*,#2618,.F.);
#3871=ORIENTED_EDGE('',*,*,#2848,.F.);
#3872=ORIENTED_EDGE('',*,*,#2601,.T.);
#3873=ORIENTED_EDGE('',*,*,#2848,.T.);
#3874=ORIENTED_EDGE('',*,*,#2617,.F.);
#3875=ORIENTED_EDGE('',*,*,#2849,.F.);
#3876=ORIENTED_EDGE('',*,*,#2602,.T.);
#3877=ORIENTED_EDGE('',*,*,#2849,.T.);
#3878=ORIENTED_EDGE('',*,*,#2616,.F.);
#3879=ORIENTED_EDGE('',*,*,#2850,.F.);
#3880=ORIENTED_EDGE('',*,*,#2603,.T.);
#3881=ORIENTED_EDGE('',*,*,#2850,.T.);
#3882=ORIENTED_EDGE('',*,*,#2615,.F.);
#3883=ORIENTED_EDGE('',*,*,#2851,.F.);
#3884=ORIENTED_EDGE('',*,*,#2604,.T.);
#3885=ORIENTED_EDGE('',*,*,#2851,.T.);
#3886=ORIENTED_EDGE('',*,*,#2614,.F.);
#3887=ORIENTED_EDGE('',*,*,#2852,.F.);
#3888=ORIENTED_EDGE('',*,*,#2605,.T.);
#3889=ORIENTED_EDGE('',*,*,#2613,.F.);
#3890=ORIENTED_EDGE('',*,*,#2853,.T.);
#3891=ORIENTED_EDGE('',*,*,#2606,.T.);
#3892=ORIENTED_EDGE('',*,*,#2852,.T.);
#3893=ORIENTED_EDGE('',*,*,#2853,.F.);
#3894=ORIENTED_EDGE('',*,*,#2612,.F.);
#3895=ORIENTED_EDGE('',*,*,#2609,.T.);
#3896=ORIENTED_EDGE('',*,*,#2607,.T.);
#3897=ORIENTED_EDGE('',*,*,#2630,.F.);
#3898=ORIENTED_EDGE('',*,*,#2854,.T.);
#3899=ORIENTED_EDGE('',*,*,#2619,.T.);
#3900=ORIENTED_EDGE('',*,*,#2453,.T.);
#3901=ORIENTED_EDGE('',*,*,#2854,.F.);
#3902=ORIENTED_EDGE('',*,*,#2637,.F.);
#3903=ORIENTED_EDGE('',*,*,#2855,.F.);
#3904=ORIENTED_EDGE('',*,*,#2620,.T.);
#3905=ORIENTED_EDGE('',*,*,#2855,.T.);
#3906=ORIENTED_EDGE('',*,*,#2636,.F.);
#3907=ORIENTED_EDGE('',*,*,#2856,.F.);
#3908=ORIENTED_EDGE('',*,*,#2621,.T.);
#3909=ORIENTED_EDGE('',*,*,#2856,.T.);
#3910=ORIENTED_EDGE('',*,*,#2635,.F.);
#3911=ORIENTED_EDGE('',*,*,#2857,.F.);
#3912=ORIENTED_EDGE('',*,*,#2622,.T.);
#3913=ORIENTED_EDGE('',*,*,#2857,.T.);
#3914=ORIENTED_EDGE('',*,*,#2634,.F.);
#3915=ORIENTED_EDGE('',*,*,#2858,.F.);
#3916=ORIENTED_EDGE('',*,*,#2623,.T.);
#3917=ORIENTED_EDGE('',*,*,#2858,.T.);
#3918=ORIENTED_EDGE('',*,*,#2633,.F.);
#3919=ORIENTED_EDGE('',*,*,#2859,.F.);
#3920=ORIENTED_EDGE('',*,*,#2624,.T.);
#3921=ORIENTED_EDGE('',*,*,#2632,.F.);
#3922=ORIENTED_EDGE('',*,*,#2860,.T.);
#3923=ORIENTED_EDGE('',*,*,#2625,.T.);
#3924=ORIENTED_EDGE('',*,*,#2859,.T.);
#3925=ORIENTED_EDGE('',*,*,#2860,.F.);
#3926=ORIENTED_EDGE('',*,*,#2631,.F.);
#3927=ORIENTED_EDGE('',*,*,#2628,.T.);
#3928=ORIENTED_EDGE('',*,*,#2626,.T.);
#3929=ORIENTED_EDGE('',*,*,#2649,.F.);
#3930=ORIENTED_EDGE('',*,*,#2861,.T.);
#3931=ORIENTED_EDGE('',*,*,#2638,.T.);
#3932=ORIENTED_EDGE('',*,*,#2450,.T.);
#3933=ORIENTED_EDGE('',*,*,#2861,.F.);
#3934=ORIENTED_EDGE('',*,*,#2656,.F.);
#3935=ORIENTED_EDGE('',*,*,#2862,.F.);
#3936=ORIENTED_EDGE('',*,*,#2639,.T.);
#3937=ORIENTED_EDGE('',*,*,#2862,.T.);
#3938=ORIENTED_EDGE('',*,*,#2655,.F.);
#3939=ORIENTED_EDGE('',*,*,#2863,.F.);
#3940=ORIENTED_EDGE('',*,*,#2640,.T.);
#3941=ORIENTED_EDGE('',*,*,#2863,.T.);
#3942=ORIENTED_EDGE('',*,*,#2654,.F.);
#3943=ORIENTED_EDGE('',*,*,#2864,.F.);
#3944=ORIENTED_EDGE('',*,*,#2641,.T.);
#3945=ORIENTED_EDGE('',*,*,#2864,.T.);
#3946=ORIENTED_EDGE('',*,*,#2653,.F.);
#3947=ORIENTED_EDGE('',*,*,#2865,.F.);
#3948=ORIENTED_EDGE('',*,*,#2642,.T.);
#3949=ORIENTED_EDGE('',*,*,#2865,.T.);
#3950=ORIENTED_EDGE('',*,*,#2652,.F.);
#3951=ORIENTED_EDGE('',*,*,#2866,.F.);
#3952=ORIENTED_EDGE('',*,*,#2643,.T.);
#3953=ORIENTED_EDGE('',*,*,#2651,.F.);
#3954=ORIENTED_EDGE('',*,*,#2867,.T.);
#3955=ORIENTED_EDGE('',*,*,#2644,.T.);
#3956=ORIENTED_EDGE('',*,*,#2866,.T.);
#3957=ORIENTED_EDGE('',*,*,#2867,.F.);
#3958=ORIENTED_EDGE('',*,*,#2650,.F.);
#3959=ORIENTED_EDGE('',*,*,#2647,.T.);
#3960=ORIENTED_EDGE('',*,*,#2645,.T.);
#3961=ORIENTED_EDGE('',*,*,#2868,.F.);
#3962=ORIENTED_EDGE('',*,*,#2869,.T.);
#3963=ORIENTED_EDGE('',*,*,#2503,.T.);
#3964=ORIENTED_EDGE('',*,*,#2870,.F.);
#3965=ORIENTED_EDGE('',*,*,#2871,.F.);
#3966=ORIENTED_EDGE('',*,*,#2870,.T.);
#3967=ORIENTED_EDGE('',*,*,#2502,.T.);
#3968=ORIENTED_EDGE('',*,*,#2872,.F.);
#3969=ORIENTED_EDGE('',*,*,#2873,.F.);
#3970=ORIENTED_EDGE('',*,*,#2872,.T.);
#3971=ORIENTED_EDGE('',*,*,#2501,.T.);
#3972=ORIENTED_EDGE('',*,*,#2874,.T.);
#3973=ORIENTED_EDGE('',*,*,#2668,.F.);
#3974=ORIENTED_EDGE('',*,*,#2875,.T.);
#3975=ORIENTED_EDGE('',*,*,#2657,.T.);
#3976=ORIENTED_EDGE('',*,*,#2495,.T.);
#3977=ORIENTED_EDGE('',*,*,#2875,.F.);
#3978=ORIENTED_EDGE('',*,*,#2675,.F.);
#3979=ORIENTED_EDGE('',*,*,#2876,.F.);
#3980=ORIENTED_EDGE('',*,*,#2658,.T.);
#3981=ORIENTED_EDGE('',*,*,#2876,.T.);
#3982=ORIENTED_EDGE('',*,*,#2674,.F.);
#3983=ORIENTED_EDGE('',*,*,#2877,.F.);
#3984=ORIENTED_EDGE('',*,*,#2659,.T.);
#3985=ORIENTED_EDGE('',*,*,#2877,.T.);
#3986=ORIENTED_EDGE('',*,*,#2673,.F.);
#3987=ORIENTED_EDGE('',*,*,#2878,.F.);
#3988=ORIENTED_EDGE('',*,*,#2660,.T.);
#3989=ORIENTED_EDGE('',*,*,#2878,.T.);
#3990=ORIENTED_EDGE('',*,*,#2672,.F.);
#3991=ORIENTED_EDGE('',*,*,#2879,.F.);
#3992=ORIENTED_EDGE('',*,*,#2661,.T.);
#3993=ORIENTED_EDGE('',*,*,#2879,.T.);
#3994=ORIENTED_EDGE('',*,*,#2671,.F.);
#3995=ORIENTED_EDGE('',*,*,#2880,.F.);
#3996=ORIENTED_EDGE('',*,*,#2662,.T.);
#3997=ORIENTED_EDGE('',*,*,#2670,.F.);
#3998=ORIENTED_EDGE('',*,*,#2881,.T.);
#3999=ORIENTED_EDGE('',*,*,#2663,.T.);
#4000=ORIENTED_EDGE('',*,*,#2880,.T.);
#4001=ORIENTED_EDGE('',*,*,#2881,.F.);
#4002=ORIENTED_EDGE('',*,*,#2669,.F.);
#4003=ORIENTED_EDGE('',*,*,#2666,.T.);
#4004=ORIENTED_EDGE('',*,*,#2664,.T.);
#4005=ORIENTED_EDGE('',*,*,#2687,.F.);
#4006=ORIENTED_EDGE('',*,*,#2882,.T.);
#4007=ORIENTED_EDGE('',*,*,#2676,.T.);
#4008=ORIENTED_EDGE('',*,*,#2492,.T.);
#4009=ORIENTED_EDGE('',*,*,#2882,.F.);
#4010=ORIENTED_EDGE('',*,*,#2694,.F.);
#4011=ORIENTED_EDGE('',*,*,#2883,.F.);
#4012=ORIENTED_EDGE('',*,*,#2677,.T.);
#4013=ORIENTED_EDGE('',*,*,#2883,.T.);
#4014=ORIENTED_EDGE('',*,*,#2693,.F.);
#4015=ORIENTED_EDGE('',*,*,#2884,.F.);
#4016=ORIENTED_EDGE('',*,*,#2678,.T.);
#4017=ORIENTED_EDGE('',*,*,#2884,.T.);
#4018=ORIENTED_EDGE('',*,*,#2692,.F.);
#4019=ORIENTED_EDGE('',*,*,#2885,.F.);
#4020=ORIENTED_EDGE('',*,*,#2679,.T.);
#4021=ORIENTED_EDGE('',*,*,#2885,.T.);
#4022=ORIENTED_EDGE('',*,*,#2691,.F.);
#4023=ORIENTED_EDGE('',*,*,#2886,.F.);
#4024=ORIENTED_EDGE('',*,*,#2680,.T.);
#4025=ORIENTED_EDGE('',*,*,#2886,.T.);
#4026=ORIENTED_EDGE('',*,*,#2690,.F.);
#4027=ORIENTED_EDGE('',*,*,#2887,.F.);
#4028=ORIENTED_EDGE('',*,*,#2681,.T.);
#4029=ORIENTED_EDGE('',*,*,#2689,.F.);
#4030=ORIENTED_EDGE('',*,*,#2888,.T.);
#4031=ORIENTED_EDGE('',*,*,#2682,.T.);
#4032=ORIENTED_EDGE('',*,*,#2887,.T.);
#4033=ORIENTED_EDGE('',*,*,#2888,.F.);
#4034=ORIENTED_EDGE('',*,*,#2688,.F.);
#4035=ORIENTED_EDGE('',*,*,#2685,.T.);
#4036=ORIENTED_EDGE('',*,*,#2683,.T.);
#4037=ORIENTED_EDGE('',*,*,#2706,.F.);
#4038=ORIENTED_EDGE('',*,*,#2889,.T.);
#4039=ORIENTED_EDGE('',*,*,#2695,.T.);
#4040=ORIENTED_EDGE('',*,*,#2489,.T.);
#4041=ORIENTED_EDGE('',*,*,#2889,.F.);
#4042=ORIENTED_EDGE('',*,*,#2713,.F.);
#4043=ORIENTED_EDGE('',*,*,#2890,.F.);
#4044=ORIENTED_EDGE('',*,*,#2696,.T.);
#4045=ORIENTED_EDGE('',*,*,#2890,.T.);
#4046=ORIENTED_EDGE('',*,*,#2712,.F.);
#4047=ORIENTED_EDGE('',*,*,#2891,.F.);
#4048=ORIENTED_EDGE('',*,*,#2697,.T.);
#4049=ORIENTED_EDGE('',*,*,#2891,.T.);
#4050=ORIENTED_EDGE('',*,*,#2711,.F.);
#4051=ORIENTED_EDGE('',*,*,#2892,.F.);
#4052=ORIENTED_EDGE('',*,*,#2698,.T.);
#4053=ORIENTED_EDGE('',*,*,#2892,.T.);
#4054=ORIENTED_EDGE('',*,*,#2710,.F.);
#4055=ORIENTED_EDGE('',*,*,#2893,.F.);
#4056=ORIENTED_EDGE('',*,*,#2699,.T.);
#4057=ORIENTED_EDGE('',*,*,#2893,.T.);
#4058=ORIENTED_EDGE('',*,*,#2709,.F.);
#4059=ORIENTED_EDGE('',*,*,#2894,.F.);
#4060=ORIENTED_EDGE('',*,*,#2700,.T.);
#4061=ORIENTED_EDGE('',*,*,#2708,.F.);
#4062=ORIENTED_EDGE('',*,*,#2895,.T.);
#4063=ORIENTED_EDGE('',*,*,#2701,.T.);
#4064=ORIENTED_EDGE('',*,*,#2894,.T.);
#4065=ORIENTED_EDGE('',*,*,#2895,.F.);
#4066=ORIENTED_EDGE('',*,*,#2707,.F.);
#4067=ORIENTED_EDGE('',*,*,#2704,.T.);
#4068=ORIENTED_EDGE('',*,*,#2702,.T.);
#4069=ORIENTED_EDGE('',*,*,#2725,.F.);
#4070=ORIENTED_EDGE('',*,*,#2896,.T.);
#4071=ORIENTED_EDGE('',*,*,#2714,.T.);
#4072=ORIENTED_EDGE('',*,*,#2486,.T.);
#4073=ORIENTED_EDGE('',*,*,#2896,.F.);
#4074=ORIENTED_EDGE('',*,*,#2732,.F.);
#4075=ORIENTED_EDGE('',*,*,#2897,.F.);
#4076=ORIENTED_EDGE('',*,*,#2715,.T.);
#4077=ORIENTED_EDGE('',*,*,#2897,.T.);
#4078=ORIENTED_EDGE('',*,*,#2731,.F.);
#4079=ORIENTED_EDGE('',*,*,#2898,.F.);
#4080=ORIENTED_EDGE('',*,*,#2716,.T.);
#4081=ORIENTED_EDGE('',*,*,#2898,.T.);
#4082=ORIENTED_EDGE('',*,*,#2730,.F.);
#4083=ORIENTED_EDGE('',*,*,#2899,.F.);
#4084=ORIENTED_EDGE('',*,*,#2717,.T.);
#4085=ORIENTED_EDGE('',*,*,#2899,.T.);
#4086=ORIENTED_EDGE('',*,*,#2729,.F.);
#4087=ORIENTED_EDGE('',*,*,#2900,.F.);
#4088=ORIENTED_EDGE('',*,*,#2718,.T.);
#4089=ORIENTED_EDGE('',*,*,#2900,.T.);
#4090=ORIENTED_EDGE('',*,*,#2728,.F.);
#4091=ORIENTED_EDGE('',*,*,#2901,.F.);
#4092=ORIENTED_EDGE('',*,*,#2719,.T.);
#4093=ORIENTED_EDGE('',*,*,#2727,.F.);
#4094=ORIENTED_EDGE('',*,*,#2902,.T.);
#4095=ORIENTED_EDGE('',*,*,#2720,.T.);
#4096=ORIENTED_EDGE('',*,*,#2901,.T.);
#4097=ORIENTED_EDGE('',*,*,#2902,.F.);
#4098=ORIENTED_EDGE('',*,*,#2726,.F.);
#4099=ORIENTED_EDGE('',*,*,#2723,.T.);
#4100=ORIENTED_EDGE('',*,*,#2721,.T.);
#4101=ORIENTED_EDGE('',*,*,#2744,.F.);
#4102=ORIENTED_EDGE('',*,*,#2903,.T.);
#4103=ORIENTED_EDGE('',*,*,#2733,.T.);
#4104=ORIENTED_EDGE('',*,*,#2483,.T.);
#4105=ORIENTED_EDGE('',*,*,#2903,.F.);
#4106=ORIENTED_EDGE('',*,*,#2751,.F.);
#4107=ORIENTED_EDGE('',*,*,#2904,.F.);
#4108=ORIENTED_EDGE('',*,*,#2734,.T.);
#4109=ORIENTED_EDGE('',*,*,#2904,.T.);
#4110=ORIENTED_EDGE('',*,*,#2750,.F.);
#4111=ORIENTED_EDGE('',*,*,#2905,.F.);
#4112=ORIENTED_EDGE('',*,*,#2735,.T.);
#4113=ORIENTED_EDGE('',*,*,#2905,.T.);
#4114=ORIENTED_EDGE('',*,*,#2749,.F.);
#4115=ORIENTED_EDGE('',*,*,#2906,.F.);
#4116=ORIENTED_EDGE('',*,*,#2736,.T.);
#4117=ORIENTED_EDGE('',*,*,#2906,.T.);
#4118=ORIENTED_EDGE('',*,*,#2748,.F.);
#4119=ORIENTED_EDGE('',*,*,#2907,.F.);
#4120=ORIENTED_EDGE('',*,*,#2737,.T.);
#4121=ORIENTED_EDGE('',*,*,#2907,.T.);
#4122=ORIENTED_EDGE('',*,*,#2747,.F.);
#4123=ORIENTED_EDGE('',*,*,#2908,.F.);
#4124=ORIENTED_EDGE('',*,*,#2738,.T.);
#4125=ORIENTED_EDGE('',*,*,#2746,.F.);
#4126=ORIENTED_EDGE('',*,*,#2909,.T.);
#4127=ORIENTED_EDGE('',*,*,#2739,.T.);
#4128=ORIENTED_EDGE('',*,*,#2908,.T.);
#4129=ORIENTED_EDGE('',*,*,#2909,.F.);
#4130=ORIENTED_EDGE('',*,*,#2745,.F.);
#4131=ORIENTED_EDGE('',*,*,#2742,.T.);
#4132=ORIENTED_EDGE('',*,*,#2740,.T.);
#4133=ORIENTED_EDGE('',*,*,#2763,.F.);
#4134=ORIENTED_EDGE('',*,*,#2910,.T.);
#4135=ORIENTED_EDGE('',*,*,#2752,.T.);
#4136=ORIENTED_EDGE('',*,*,#2480,.T.);
#4137=ORIENTED_EDGE('',*,*,#2910,.F.);
#4138=ORIENTED_EDGE('',*,*,#2770,.F.);
#4139=ORIENTED_EDGE('',*,*,#2911,.F.);
#4140=ORIENTED_EDGE('',*,*,#2753,.T.);
#4141=ORIENTED_EDGE('',*,*,#2911,.T.);
#4142=ORIENTED_EDGE('',*,*,#2769,.F.);
#4143=ORIENTED_EDGE('',*,*,#2912,.F.);
#4144=ORIENTED_EDGE('',*,*,#2754,.T.);
#4145=ORIENTED_EDGE('',*,*,#2912,.T.);
#4146=ORIENTED_EDGE('',*,*,#2768,.F.);
#4147=ORIENTED_EDGE('',*,*,#2913,.F.);
#4148=ORIENTED_EDGE('',*,*,#2755,.T.);
#4149=ORIENTED_EDGE('',*,*,#2913,.T.);
#4150=ORIENTED_EDGE('',*,*,#2767,.F.);
#4151=ORIENTED_EDGE('',*,*,#2914,.F.);
#4152=ORIENTED_EDGE('',*,*,#2756,.T.);
#4153=ORIENTED_EDGE('',*,*,#2914,.T.);
#4154=ORIENTED_EDGE('',*,*,#2766,.F.);
#4155=ORIENTED_EDGE('',*,*,#2915,.F.);
#4156=ORIENTED_EDGE('',*,*,#2757,.T.);
#4157=ORIENTED_EDGE('',*,*,#2765,.F.);
#4158=ORIENTED_EDGE('',*,*,#2916,.T.);
#4159=ORIENTED_EDGE('',*,*,#2758,.T.);
#4160=ORIENTED_EDGE('',*,*,#2915,.T.);
#4161=ORIENTED_EDGE('',*,*,#2916,.F.);
#4162=ORIENTED_EDGE('',*,*,#2764,.F.);
#4163=ORIENTED_EDGE('',*,*,#2761,.T.);
#4164=ORIENTED_EDGE('',*,*,#2759,.T.);
#4165=ORIENTED_EDGE('',*,*,#2782,.F.);
#4166=ORIENTED_EDGE('',*,*,#2917,.T.);
#4167=ORIENTED_EDGE('',*,*,#2771,.T.);
#4168=ORIENTED_EDGE('',*,*,#2477,.T.);
#4169=ORIENTED_EDGE('',*,*,#2917,.F.);
#4170=ORIENTED_EDGE('',*,*,#2789,.F.);
#4171=ORIENTED_EDGE('',*,*,#2918,.F.);
#4172=ORIENTED_EDGE('',*,*,#2772,.T.);
#4173=ORIENTED_EDGE('',*,*,#2918,.T.);
#4174=ORIENTED_EDGE('',*,*,#2788,.F.);
#4175=ORIENTED_EDGE('',*,*,#2919,.F.);
#4176=ORIENTED_EDGE('',*,*,#2773,.T.);
#4177=ORIENTED_EDGE('',*,*,#2919,.T.);
#4178=ORIENTED_EDGE('',*,*,#2787,.F.);
#4179=ORIENTED_EDGE('',*,*,#2920,.F.);
#4180=ORIENTED_EDGE('',*,*,#2774,.T.);
#4181=ORIENTED_EDGE('',*,*,#2920,.T.);
#4182=ORIENTED_EDGE('',*,*,#2786,.F.);
#4183=ORIENTED_EDGE('',*,*,#2921,.F.);
#4184=ORIENTED_EDGE('',*,*,#2775,.T.);
#4185=ORIENTED_EDGE('',*,*,#2921,.T.);
#4186=ORIENTED_EDGE('',*,*,#2785,.F.);
#4187=ORIENTED_EDGE('',*,*,#2922,.F.);
#4188=ORIENTED_EDGE('',*,*,#2776,.T.);
#4189=ORIENTED_EDGE('',*,*,#2784,.F.);
#4190=ORIENTED_EDGE('',*,*,#2923,.T.);
#4191=ORIENTED_EDGE('',*,*,#2777,.T.);
#4192=ORIENTED_EDGE('',*,*,#2922,.T.);
#4193=ORIENTED_EDGE('',*,*,#2923,.F.);
#4194=ORIENTED_EDGE('',*,*,#2783,.F.);
#4195=ORIENTED_EDGE('',*,*,#2780,.T.);
#4196=ORIENTED_EDGE('',*,*,#2778,.T.);
#4197=ORIENTED_EDGE('',*,*,#2801,.F.);
#4198=ORIENTED_EDGE('',*,*,#2924,.T.);
#4199=ORIENTED_EDGE('',*,*,#2790,.T.);
#4200=ORIENTED_EDGE('',*,*,#2474,.T.);
#4201=ORIENTED_EDGE('',*,*,#2924,.F.);
#4202=ORIENTED_EDGE('',*,*,#2808,.F.);
#4203=ORIENTED_EDGE('',*,*,#2925,.F.);
#4204=ORIENTED_EDGE('',*,*,#2791,.T.);
#4205=ORIENTED_EDGE('',*,*,#2925,.T.);
#4206=ORIENTED_EDGE('',*,*,#2807,.F.);
#4207=ORIENTED_EDGE('',*,*,#2926,.F.);
#4208=ORIENTED_EDGE('',*,*,#2792,.T.);
#4209=ORIENTED_EDGE('',*,*,#2926,.T.);
#4210=ORIENTED_EDGE('',*,*,#2806,.F.);
#4211=ORIENTED_EDGE('',*,*,#2927,.F.);
#4212=ORIENTED_EDGE('',*,*,#2793,.T.);
#4213=ORIENTED_EDGE('',*,*,#2927,.T.);
#4214=ORIENTED_EDGE('',*,*,#2805,.F.);
#4215=ORIENTED_EDGE('',*,*,#2928,.F.);
#4216=ORIENTED_EDGE('',*,*,#2794,.T.);
#4217=ORIENTED_EDGE('',*,*,#2928,.T.);
#4218=ORIENTED_EDGE('',*,*,#2804,.F.);
#4219=ORIENTED_EDGE('',*,*,#2929,.F.);
#4220=ORIENTED_EDGE('',*,*,#2795,.T.);
#4221=ORIENTED_EDGE('',*,*,#2803,.F.);
#4222=ORIENTED_EDGE('',*,*,#2930,.T.);
#4223=ORIENTED_EDGE('',*,*,#2796,.T.);
#4224=ORIENTED_EDGE('',*,*,#2929,.T.);
#4225=ORIENTED_EDGE('',*,*,#2930,.F.);
#4226=ORIENTED_EDGE('',*,*,#2802,.F.);
#4227=ORIENTED_EDGE('',*,*,#2799,.T.);
#4228=ORIENTED_EDGE('',*,*,#2797,.T.);
#4229=ORIENTED_EDGE('',*,*,#2931,.F.);
#4230=ORIENTED_EDGE('',*,*,#2932,.T.);
#4231=ORIENTED_EDGE('',*,*,#2499,.T.);
#4232=ORIENTED_EDGE('',*,*,#2933,.F.);
#4233=ORIENTED_EDGE('',*,*,#2934,.F.);
#4234=ORIENTED_EDGE('',*,*,#2933,.T.);
#4235=ORIENTED_EDGE('',*,*,#2498,.T.);
#4236=ORIENTED_EDGE('',*,*,#2810,.T.);
#4237=ORIENTED_EDGE('',*,*,#2935,.T.);
#4238=ORIENTED_EDGE('',*,*,#2931,.T.);
#4239=ORIENTED_EDGE('',*,*,#2934,.T.);
#4240=ORIENTED_EDGE('',*,*,#2809,.T.);
#4241=ORIENTED_EDGE('',*,*,#2936,.T.);
#4242=ORIENTED_EDGE('',*,*,#2868,.T.);
#4243=ORIENTED_EDGE('',*,*,#2871,.T.);
#4244=ORIENTED_EDGE('',*,*,#2873,.T.);
#4245=ORIENTED_EDGE('',*,*,#2278,.T.);
#4246=ORIENTED_EDGE('',*,*,#2935,.F.);
#4247=ORIENTED_EDGE('',*,*,#2874,.F.);
#4248=ORIENTED_EDGE('',*,*,#2500,.F.);
#4249=ORIENTED_EDGE('',*,*,#2932,.F.);
#4250=ORIENTED_EDGE('',*,*,#2936,.F.);
#4251=ORIENTED_EDGE('',*,*,#2811,.F.);
#4252=ORIENTED_EDGE('',*,*,#2504,.F.);
#4253=ORIENTED_EDGE('',*,*,#2869,.F.);
#4254=ORIENTED_EDGE('',*,*,#2280,.T.);
#4255=CYLINDRICAL_SURFACE('',#4617,0.25);
#4256=CYLINDRICAL_SURFACE('',#4675,0.0999999999999998);
#4257=CYLINDRICAL_SURFACE('',#4686,0.0999999999999998);
#4258=CYLINDRICAL_SURFACE('',#4697,0.0999999999999998);
#4259=CYLINDRICAL_SURFACE('',#4708,0.0999999999999998);
#4260=CYLINDRICAL_SURFACE('',#4719,0.0999999999999998);
#4261=CYLINDRICAL_SURFACE('',#4730,0.0999999999999998);
#4262=CYLINDRICAL_SURFACE('',#4741,0.0999999999999998);
#4263=CYLINDRICAL_SURFACE('',#4752,0.0999999999999998);
#4264=CYLINDRICAL_SURFACE('',#4763,0.0999999999999998);
#4265=CYLINDRICAL_SURFACE('',#4774,0.0999999999999998);
#4266=CYLINDRICAL_SURFACE('',#4785,0.0999999999999998);
#4267=CYLINDRICAL_SURFACE('',#4796,0.0999999999999998);
#4268=CYLINDRICAL_SURFACE('',#4807,0.0999999999999998);
#4269=CYLINDRICAL_SURFACE('',#4818,0.0999999999999998);
#4270=CYLINDRICAL_SURFACE('',#4829,0.0999999999999998);
#4271=CYLINDRICAL_SURFACE('',#4840,0.0999999999999998);
#4272=CYLINDRICAL_SURFACE('',#4847,0.3);
#4273=CYLINDRICAL_SURFACE('',#4849,0.0999999999999998);
#4274=CYLINDRICAL_SURFACE('',#4853,0.3);
#4275=CYLINDRICAL_SURFACE('',#4855,0.3);
#4276=CYLINDRICAL_SURFACE('',#4857,0.0999999999999998);
#4277=CYLINDRICAL_SURFACE('',#4861,0.3);
#4278=CYLINDRICAL_SURFACE('',#4863,0.3);
#4279=CYLINDRICAL_SURFACE('',#4865,0.0999999999999998);
#4280=CYLINDRICAL_SURFACE('',#4869,0.3);
#4281=CYLINDRICAL_SURFACE('',#4871,0.3);
#4282=CYLINDRICAL_SURFACE('',#4873,0.0999999999999998);
#4283=CYLINDRICAL_SURFACE('',#4877,0.3);
#4284=CYLINDRICAL_SURFACE('',#4879,0.3);
#4285=CYLINDRICAL_SURFACE('',#4881,0.0999999999999998);
#4286=CYLINDRICAL_SURFACE('',#4885,0.3);
#4287=CYLINDRICAL_SURFACE('',#4887,0.3);
#4288=CYLINDRICAL_SURFACE('',#4889,0.0999999999999998);
#4289=CYLINDRICAL_SURFACE('',#4893,0.3);
#4290=CYLINDRICAL_SURFACE('',#4895,0.3);
#4291=CYLINDRICAL_SURFACE('',#4897,0.0999999999999998);
#4292=CYLINDRICAL_SURFACE('',#4901,0.3);
#4293=CYLINDRICAL_SURFACE('',#4903,0.3);
#4294=CYLINDRICAL_SURFACE('',#4905,0.0999999999999998);
#4295=CYLINDRICAL_SURFACE('',#4909,0.3);
#4296=CYLINDRICAL_SURFACE('',#4914,0.3);
#4297=CYLINDRICAL_SURFACE('',#4916,0.0999999999999998);
#4298=CYLINDRICAL_SURFACE('',#4920,0.3);
#4299=CYLINDRICAL_SURFACE('',#4922,0.3);
#4300=CYLINDRICAL_SURFACE('',#4924,0.0999999999999998);
#4301=CYLINDRICAL_SURFACE('',#4928,0.3);
#4302=CYLINDRICAL_SURFACE('',#4930,0.3);
#4303=CYLINDRICAL_SURFACE('',#4932,0.0999999999999998);
#4304=CYLINDRICAL_SURFACE('',#4936,0.3);
#4305=CYLINDRICAL_SURFACE('',#4938,0.3);
#4306=CYLINDRICAL_SURFACE('',#4940,0.0999999999999998);
#4307=CYLINDRICAL_SURFACE('',#4944,0.3);
#4308=CYLINDRICAL_SURFACE('',#4946,0.3);
#4309=CYLINDRICAL_SURFACE('',#4948,0.0999999999999998);
#4310=CYLINDRICAL_SURFACE('',#4952,0.3);
#4311=CYLINDRICAL_SURFACE('',#4954,0.3);
#4312=CYLINDRICAL_SURFACE('',#4956,0.0999999999999998);
#4313=CYLINDRICAL_SURFACE('',#4960,0.3);
#4314=CYLINDRICAL_SURFACE('',#4962,0.3);
#4315=CYLINDRICAL_SURFACE('',#4964,0.0999999999999998);
#4316=CYLINDRICAL_SURFACE('',#4968,0.3);
#4317=CYLINDRICAL_SURFACE('',#4970,0.3);
#4318=CYLINDRICAL_SURFACE('',#4972,0.0999999999999998);
#4319=CYLINDRICAL_SURFACE('',#4976,0.3);
#4320=STYLED_ITEM('',(#7593),#4366);
#4321=STYLED_ITEM('',(#7594),#4367);
#4322=STYLED_ITEM('',(#7594),#4368);
#4323=STYLED_ITEM('',(#7594),#4369);
#4324=STYLED_ITEM('',(#7594),#4370);
#4325=STYLED_ITEM('',(#7594),#4371);
#4326=STYLED_ITEM('',(#7594),#4372);
#4327=STYLED_ITEM('',(#7594),#4373);
#4328=STYLED_ITEM('',(#7594),#4374);
#4329=STYLED_ITEM('',(#7594),#4375);
#4330=STYLED_ITEM('',(#7594),#4376);
#4331=STYLED_ITEM('',(#7594),#4377);
#4332=STYLED_ITEM('',(#7594),#4379);
#4333=STYLED_ITEM('',(#7594),#4381);
#4334=STYLED_ITEM('',(#7594),#4383);
#4335=STYLED_ITEM('',(#7594),#4385);
#4336=STYLED_ITEM('',(#7594),#4387);
#4337=STYLED_ITEM('',(#7594),#4389);
#4338=STYLED_ITEM('',(#7594),#4391);
#4339=STYLED_ITEM('',(#7594),#4393);
#4340=STYLED_ITEM('',(#7594),#4394);
#4341=STYLED_ITEM('',(#7594),#4395);
#4342=STYLED_ITEM('',(#7594),#4396);
#4343=STYLED_ITEM('',(#7594),#4397);
#4344=STYLED_ITEM('',(#7594),#4399);
#4345=STYLED_ITEM('',(#7594),#4401);
#4346=STYLED_ITEM('',(#7594),#4403);
#4347=STYLED_ITEM('',(#7594),#4405);
#4348=STYLED_ITEM('',(#7594),#4407);
#4349=STYLED_ITEM('',(#7594),#4409);
#4350=STYLED_ITEM('',(#7594),#4411);
#4351=STYLED_ITEM('',(#7594),#4413);
#4352=STYLED_ITEM('',(#7594),#4414);
#4353=STYLED_ITEM('',(#7594),#4415);
#4354=STYLED_ITEM('',(#7594),#4416);
#4355=STYLED_ITEM('',(#7594),#4465);
#4356=STYLED_ITEM('',(#7594),#4530);
#4357=STYLED_ITEM('',(#7594),#4531);
#4358=STYLED_ITEM('',(#7594),#4532);
#4359=STYLED_ITEM('',(#7594),#4597);
#4360=STYLED_ITEM('',(#7594),#4598);
#4361=STYLED_ITEM('',(#7594),#4599);
#4362=STYLED_ITEM('',(#7594),#4600);
#4363=STYLED_ITEM('',(#7594),#4601);
#4364=STYLED_ITEM('',(#7593),#4602);
#4365=STYLED_ITEM('',(#7592),#13);
#4366=ADVANCED_FACE('',(#188),#4255,.F.);
#4367=ADVANCED_FACE('',(#189),#16,.T.);
#4368=ADVANCED_FACE('',(#190),#17,.F.);
#4369=ADVANCED_FACE('',(#191),#18,.F.);
#4370=ADVANCED_FACE('',(#192),#19,.F.);
#4371=ADVANCED_FACE('',(#193),#20,.F.);
#4372=ADVANCED_FACE('',(#194),#21,.F.);
#4373=ADVANCED_FACE('',(#195),#22,.F.);
#4374=ADVANCED_FACE('',(#196),#23,.F.);
#4375=ADVANCED_FACE('',(#197),#24,.F.);
#4376=ADVANCED_FACE('',(#198),#25,.F.);
#4377=ADVANCED_FACE('',(#199),#26,.F.);
#4378=ADVANCED_FACE('',(#200),#27,.F.);
#4379=ADVANCED_FACE('',(#201),#28,.F.);
#4380=ADVANCED_FACE('',(#202),#29,.F.);
#4381=ADVANCED_FACE('',(#203),#30,.F.);
#4382=ADVANCED_FACE('',(#204),#31,.F.);
#4383=ADVANCED_FACE('',(#205),#32,.F.);
#4384=ADVANCED_FACE('',(#206),#33,.F.);
#4385=ADVANCED_FACE('',(#207),#34,.F.);
#4386=ADVANCED_FACE('',(#208),#35,.F.);
#4387=ADVANCED_FACE('',(#209),#36,.F.);
#4388=ADVANCED_FACE('',(#210),#37,.F.);
#4389=ADVANCED_FACE('',(#211),#38,.F.);
#4390=ADVANCED_FACE('',(#212),#39,.F.);
#4391=ADVANCED_FACE('',(#213),#40,.F.);
#4392=ADVANCED_FACE('',(#214),#41,.F.);
#4393=ADVANCED_FACE('',(#215),#42,.F.);
#4394=ADVANCED_FACE('',(#216),#43,.F.);
#4395=ADVANCED_FACE('',(#217),#44,.F.);
#4396=ADVANCED_FACE('',(#218),#45,.F.);
#4397=ADVANCED_FACE('',(#219),#46,.F.);
#4398=ADVANCED_FACE('',(#220),#47,.F.);
#4399=ADVANCED_FACE('',(#221),#48,.F.);
#4400=ADVANCED_FACE('',(#222),#49,.F.);
#4401=ADVANCED_FACE('',(#223),#50,.F.);
#4402=ADVANCED_FACE('',(#224),#51,.F.);
#4403=ADVANCED_FACE('',(#225),#52,.F.);
#4404=ADVANCED_FACE('',(#226),#53,.F.);
#4405=ADVANCED_FACE('',(#227),#54,.F.);
#4406=ADVANCED_FACE('',(#228),#55,.F.);
#4407=ADVANCED_FACE('',(#229),#56,.F.);
#4408=ADVANCED_FACE('',(#230),#57,.F.);
#4409=ADVANCED_FACE('',(#231),#58,.F.);
#4410=ADVANCED_FACE('',(#232),#59,.F.);
#4411=ADVANCED_FACE('',(#233),#60,.F.);
#4412=ADVANCED_FACE('',(#234),#61,.F.);
#4413=ADVANCED_FACE('',(#235),#62,.F.);
#4414=ADVANCED_FACE('',(#236),#63,.F.);
#4415=ADVANCED_FACE('',(#237),#64,.F.);
#4416=ADVANCED_FACE('',(#238,#14),#65,.F.);
#4417=ADVANCED_FACE('',(#239),#66,.F.);
#4418=ADVANCED_FACE('',(#240),#4256,.F.);
#4419=ADVANCED_FACE('',(#241),#67,.T.);
#4420=ADVANCED_FACE('',(#242),#68,.F.);
#4421=ADVANCED_FACE('',(#243),#4257,.F.);
#4422=ADVANCED_FACE('',(#244),#69,.T.);
#4423=ADVANCED_FACE('',(#245),#70,.F.);
#4424=ADVANCED_FACE('',(#246),#4258,.F.);
#4425=ADVANCED_FACE('',(#247),#71,.T.);
#4426=ADVANCED_FACE('',(#248),#72,.F.);
#4427=ADVANCED_FACE('',(#249),#4259,.F.);
#4428=ADVANCED_FACE('',(#250),#73,.T.);
#4429=ADVANCED_FACE('',(#251),#74,.F.);
#4430=ADVANCED_FACE('',(#252),#4260,.F.);
#4431=ADVANCED_FACE('',(#253),#75,.T.);
#4432=ADVANCED_FACE('',(#254),#76,.F.);
#4433=ADVANCED_FACE('',(#255),#4261,.F.);
#4434=ADVANCED_FACE('',(#256),#77,.T.);
#4435=ADVANCED_FACE('',(#257),#78,.F.);
#4436=ADVANCED_FACE('',(#258),#4262,.F.);
#4437=ADVANCED_FACE('',(#259),#79,.T.);
#4438=ADVANCED_FACE('',(#260),#80,.F.);
#4439=ADVANCED_FACE('',(#261),#4263,.F.);
#4440=ADVANCED_FACE('',(#262),#81,.T.);
#4441=ADVANCED_FACE('',(#263),#82,.F.);
#4442=ADVANCED_FACE('',(#264),#4264,.F.);
#4443=ADVANCED_FACE('',(#265),#83,.T.);
#4444=ADVANCED_FACE('',(#266),#84,.F.);
#4445=ADVANCED_FACE('',(#267),#4265,.F.);
#4446=ADVANCED_FACE('',(#268),#85,.T.);
#4447=ADVANCED_FACE('',(#269),#86,.F.);
#4448=ADVANCED_FACE('',(#270),#4266,.F.);
#4449=ADVANCED_FACE('',(#271),#87,.T.);
#4450=ADVANCED_FACE('',(#272),#88,.F.);
#4451=ADVANCED_FACE('',(#273),#4267,.F.);
#4452=ADVANCED_FACE('',(#274),#89,.T.);
#4453=ADVANCED_FACE('',(#275),#90,.F.);
#4454=ADVANCED_FACE('',(#276),#4268,.F.);
#4455=ADVANCED_FACE('',(#277),#91,.T.);
#4456=ADVANCED_FACE('',(#278),#92,.F.);
#4457=ADVANCED_FACE('',(#279),#4269,.F.);
#4458=ADVANCED_FACE('',(#280),#93,.T.);
#4459=ADVANCED_FACE('',(#281),#94,.F.);
#4460=ADVANCED_FACE('',(#282),#4270,.F.);
#4461=ADVANCED_FACE('',(#283),#95,.T.);
#4462=ADVANCED_FACE('',(#284),#96,.F.);
#4463=ADVANCED_FACE('',(#285),#4271,.F.);
#4464=ADVANCED_FACE('',(#286),#97,.T.);
#4465=ADVANCED_FACE('',(#287),#98,.F.);
#4466=ADVANCED_FACE('',(#288),#4272,.T.);
#4467=ADVANCED_FACE('',(#289),#99,.F.);
#4468=ADVANCED_FACE('',(#290),#4273,.F.);
#4469=ADVANCED_FACE('',(#291),#100,.F.);
#4470=ADVANCED_FACE('',(#292),#101,.F.);
#4471=ADVANCED_FACE('',(#293),#102,.F.);
#4472=ADVANCED_FACE('',(#294),#4274,.T.);
#4473=ADVANCED_FACE('',(#295),#103,.F.);
#4474=ADVANCED_FACE('',(#296),#4275,.T.);
#4475=ADVANCED_FACE('',(#297),#104,.F.);
#4476=ADVANCED_FACE('',(#298),#4276,.F.);
#4477=ADVANCED_FACE('',(#299),#105,.F.);
#4478=ADVANCED_FACE('',(#300),#106,.F.);
#4479=ADVANCED_FACE('',(#301),#107,.F.);
#4480=ADVANCED_FACE('',(#302),#4277,.T.);
#4481=ADVANCED_FACE('',(#303),#108,.F.);
#4482=ADVANCED_FACE('',(#304),#4278,.T.);
#4483=ADVANCED_FACE('',(#305),#109,.F.);
#4484=ADVANCED_FACE('',(#306),#4279,.F.);
#4485=ADVANCED_FACE('',(#307),#110,.F.);
#4486=ADVANCED_FACE('',(#308),#111,.F.);
#4487=ADVANCED_FACE('',(#309),#112,.F.);
#4488=ADVANCED_FACE('',(#310),#4280,.T.);
#4489=ADVANCED_FACE('',(#311),#113,.F.);
#4490=ADVANCED_FACE('',(#312),#4281,.T.);
#4491=ADVANCED_FACE('',(#313),#114,.F.);
#4492=ADVANCED_FACE('',(#314),#4282,.F.);
#4493=ADVANCED_FACE('',(#315),#115,.F.);
#4494=ADVANCED_FACE('',(#316),#116,.F.);
#4495=ADVANCED_FACE('',(#317),#117,.F.);
#4496=ADVANCED_FACE('',(#318),#4283,.T.);
#4497=ADVANCED_FACE('',(#319),#118,.F.);
#4498=ADVANCED_FACE('',(#320),#4284,.T.);
#4499=ADVANCED_FACE('',(#321),#119,.F.);
#4500=ADVANCED_FACE('',(#322),#4285,.F.);
#4501=ADVANCED_FACE('',(#323),#120,.F.);
#4502=ADVANCED_FACE('',(#324),#121,.F.);
#4503=ADVANCED_FACE('',(#325),#122,.F.);
#4504=ADVANCED_FACE('',(#326),#4286,.T.);
#4505=ADVANCED_FACE('',(#327),#123,.F.);
#4506=ADVANCED_FACE('',(#328),#4287,.T.);
#4507=ADVANCED_FACE('',(#329),#124,.F.);
#4508=ADVANCED_FACE('',(#330),#4288,.F.);
#4509=ADVANCED_FACE('',(#331),#125,.F.);
#4510=ADVANCED_FACE('',(#332),#126,.F.);
#4511=ADVANCED_FACE('',(#333),#127,.F.);
#4512=ADVANCED_FACE('',(#334),#4289,.T.);
#4513=ADVANCED_FACE('',(#335),#128,.F.);
#4514=ADVANCED_FACE('',(#336),#4290,.T.);
#4515=ADVANCED_FACE('',(#337),#129,.F.);
#4516=ADVANCED_FACE('',(#338),#4291,.F.);
#4517=ADVANCED_FACE('',(#339),#130,.F.);
#4518=ADVANCED_FACE('',(#340),#131,.F.);
#4519=ADVANCED_FACE('',(#341),#132,.F.);
#4520=ADVANCED_FACE('',(#342),#4292,.T.);
#4521=ADVANCED_FACE('',(#343),#133,.F.);
#4522=ADVANCED_FACE('',(#344),#4293,.T.);
#4523=ADVANCED_FACE('',(#345),#134,.F.);
#4524=ADVANCED_FACE('',(#346),#4294,.F.);
#4525=ADVANCED_FACE('',(#347),#135,.F.);
#4526=ADVANCED_FACE('',(#348),#136,.F.);
#4527=ADVANCED_FACE('',(#349),#137,.F.);
#4528=ADVANCED_FACE('',(#350),#4295,.T.);
#4529=ADVANCED_FACE('',(#351),#138,.F.);
#4530=ADVANCED_FACE('',(#352),#139,.F.);
#4531=ADVANCED_FACE('',(#353),#140,.F.);
#4532=ADVANCED_FACE('',(#354),#141,.F.);
#4533=ADVANCED_FACE('',(#355),#4296,.T.);
#4534=ADVANCED_FACE('',(#356),#142,.F.);
#4535=ADVANCED_FACE('',(#357),#4297,.F.);
#4536=ADVANCED_FACE('',(#358),#143,.F.);
#4537=ADVANCED_FACE('',(#359),#144,.F.);
#4538=ADVANCED_FACE('',(#360),#145,.F.);
#4539=ADVANCED_FACE('',(#361),#4298,.T.);
#4540=ADVANCED_FACE('',(#362),#146,.F.);
#4541=ADVANCED_FACE('',(#363),#4299,.T.);
#4542=ADVANCED_FACE('',(#364),#147,.F.);
#4543=ADVANCED_FACE('',(#365),#4300,.F.);
#4544=ADVANCED_FACE('',(#366),#148,.F.);
#4545=ADVANCED_FACE('',(#367),#149,.F.);
#4546=ADVANCED_FACE('',(#368),#150,.F.);
#4547=ADVANCED_FACE('',(#369),#4301,.T.);
#4548=ADVANCED_FACE('',(#370),#151,.F.);
#4549=ADVANCED_FACE('',(#371),#4302,.T.);
#4550=ADVANCED_FACE('',(#372),#152,.F.);
#4551=ADVANCED_FACE('',(#373),#4303,.F.);
#4552=ADVANCED_FACE('',(#374),#153,.F.);
#4553=ADVANCED_FACE('',(#375),#154,.F.);
#4554=ADVANCED_FACE('',(#376),#155,.F.);
#4555=ADVANCED_FACE('',(#377),#4304,.T.);
#4556=ADVANCED_FACE('',(#378),#156,.F.);
#4557=ADVANCED_FACE('',(#379),#4305,.T.);
#4558=ADVANCED_FACE('',(#380),#157,.F.);
#4559=ADVANCED_FACE('',(#381),#4306,.F.);
#4560=ADVANCED_FACE('',(#382),#158,.F.);
#4561=ADVANCED_FACE('',(#383),#159,.F.);
#4562=ADVANCED_FACE('',(#384),#160,.F.);
#4563=ADVANCED_FACE('',(#385),#4307,.T.);
#4564=ADVANCED_FACE('',(#386),#161,.F.);
#4565=ADVANCED_FACE('',(#387),#4308,.T.);
#4566=ADVANCED_FACE('',(#388),#162,.F.);
#4567=ADVANCED_FACE('',(#389),#4309,.F.);
#4568=ADVANCED_FACE('',(#390),#163,.F.);
#4569=ADVANCED_FACE('',(#391),#164,.F.);
#4570=ADVANCED_FACE('',(#392),#165,.F.);
#4571=ADVANCED_FACE('',(#393),#4310,.T.);
#4572=ADVANCED_FACE('',(#394),#166,.F.);
#4573=ADVANCED_FACE('',(#395),#4311,.T.);
#4574=ADVANCED_FACE('',(#396),#167,.F.);
#4575=ADVANCED_FACE('',(#397),#4312,.F.);
#4576=ADVANCED_FACE('',(#398),#168,.F.);
#4577=ADVANCED_FACE('',(#399),#169,.F.);
#4578=ADVANCED_FACE('',(#400),#170,.F.);
#4579=ADVANCED_FACE('',(#401),#4313,.T.);
#4580=ADVANCED_FACE('',(#402),#171,.F.);
#4581=ADVANCED_FACE('',(#403),#4314,.T.);
#4582=ADVANCED_FACE('',(#404),#172,.F.);
#4583=ADVANCED_FACE('',(#405),#4315,.F.);
#4584=ADVANCED_FACE('',(#406),#173,.F.);
#4585=ADVANCED_FACE('',(#407),#174,.F.);
#4586=ADVANCED_FACE('',(#408),#175,.F.);
#4587=ADVANCED_FACE('',(#409),#4316,.T.);
#4588=ADVANCED_FACE('',(#410),#176,.F.);
#4589=ADVANCED_FACE('',(#411),#4317,.T.);
#4590=ADVANCED_FACE('',(#412),#177,.F.);
#4591=ADVANCED_FACE('',(#413),#4318,.F.);
#4592=ADVANCED_FACE('',(#414),#178,.F.);
#4593=ADVANCED_FACE('',(#415),#179,.F.);
#4594=ADVANCED_FACE('',(#416),#180,.F.);
#4595=ADVANCED_FACE('',(#417),#4319,.T.);
#4596=ADVANCED_FACE('',(#418),#181,.F.);
#4597=ADVANCED_FACE('',(#419),#182,.F.);
#4598=ADVANCED_FACE('',(#420),#183,.F.);
#4599=ADVANCED_FACE('',(#421,#15),#184,.T.);
#4600=ADVANCED_FACE('',(#422),#185,.F.);
#4601=ADVANCED_FACE('',(#423),#186,.F.);
#4602=ADVANCED_FACE('',(#424),#187,.T.);
#4603=CLOSED_SHELL('',(#4366,#4367,#4368,#4369,#4370,#4371,#4372,#4373,
#4374,#4375,#4376,#4377,#4378,#4379,#4380,#4381,#4382,#4383,#4384,#4385,
#4386,#4387,#4388,#4389,#4390,#4391,#4392,#4393,#4394,#4395,#4396,#4397,
#4398,#4399,#4400,#4401,#4402,#4403,#4404,#4405,#4406,#4407,#4408,#4409,
#4410,#4411,#4412,#4413,#4414,#4415,#4416,#4417,#4418,#4419,#4420,#4421,
#4422,#4423,#4424,#4425,#4426,#4427,#4428,#4429,#4430,#4431,#4432,#4433,
#4434,#4435,#4436,#4437,#4438,#4439,#4440,#4441,#4442,#4443,#4444,#4445,
#4446,#4447,#4448,#4449,#4450,#4451,#4452,#4453,#4454,#4455,#4456,#4457,
#4458,#4459,#4460,#4461,#4462,#4463,#4464,#4465,#4466,#4467,#4468,#4469,
#4470,#4471,#4472,#4473,#4474,#4475,#4476,#4477,#4478,#4479,#4480,#4481,
#4482,#4483,#4484,#4485,#4486,#4487,#4488,#4489,#4490,#4491,#4492,#4493,
#4494,#4495,#4496,#4497,#4498,#4499,#4500,#4501,#4502,#4503,#4504,#4505,
#4506,#4507,#4508,#4509,#4510,#4511,#4512,#4513,#4514,#4515,#4516,#4517,
#4518,#4519,#4520,#4521,#4522,#4523,#4524,#4525,#4526,#4527,#4528,#4529,
#4530,#4531,#4532,#4533,#4534,#4535,#4536,#4537,#4538,#4539,#4540,#4541,
#4542,#4543,#4544,#4545,#4546,#4547,#4548,#4549,#4550,#4551,#4552,#4553,
#4554,#4555,#4556,#4557,#4558,#4559,#4560,#4561,#4562,#4563,#4564,#4565,
#4566,#4567,#4568,#4569,#4570,#4571,#4572,#4573,#4574,#4575,#4576,#4577,
#4578,#4579,#4580,#4581,#4582,#4583,#4584,#4585,#4586,#4587,#4588,#4589,
#4590,#4591,#4592,#4593,#4594,#4595,#4596,#4597,#4598,#4599,#4600,#4601,
#4602));
#4604=DERIVED_UNIT_ELEMENT(#4606,1.);
#4605=DERIVED_UNIT_ELEMENT(#7577,-3.);
#4606=(
MASS_UNIT()
NAMED_UNIT(*)
SI_UNIT(.KILO.,.GRAM.)
);
#4607=DERIVED_UNIT((#4604,#4605));
#4608=MEASURE_REPRESENTATION_ITEM('density measure',
POSITIVE_RATIO_MEASURE(7850.),#4607);
#4609=PROPERTY_DEFINITION_REPRESENTATION(#4614,#4611);
#4610=PROPERTY_DEFINITION_REPRESENTATION(#4615,#4612);
#4611=REPRESENTATION('material name',(#4613),#7574);
#4612=REPRESENTATION('density',(#4608),#7574);
#4613=DESCRIPTIVE_REPRESENTATION_ITEM('Acier','Acier');
#4614=PROPERTY_DEFINITION('material property','material name',#7584);
#4615=PROPERTY_DEFINITION('material property','density of part',#7584);
#4616=AXIS2_PLACEMENT_3D('',#6249,#4984,#4985);
#4617=AXIS2_PLACEMENT_3D('',#6250,#4986,#4987);
#4618=AXIS2_PLACEMENT_3D('',#6252,#4988,#4989);
#4619=AXIS2_PLACEMENT_3D('',#6255,#4991,#4992);
#4620=AXIS2_PLACEMENT_3D('',#6256,#4993,#4994);
#4621=AXIS2_PLACEMENT_3D('',#6273,#5003,#5004);
#4622=AXIS2_PLACEMENT_3D('',#6279,#5008,#5009);
#4623=AXIS2_PLACEMENT_3D('',#6315,#5028,#5029);
#4624=AXIS2_PLACEMENT_3D('',#6319,#5032,#5033);
#4625=AXIS2_PLACEMENT_3D('',#6323,#5036,#5037);
#4626=AXIS2_PLACEMENT_3D('',#6327,#5040,#5041);
#4627=AXIS2_PLACEMENT_3D('',#6363,#5060,#5061);
#4628=AXIS2_PLACEMENT_3D('',#6367,#5064,#5065);
#4629=AXIS2_PLACEMENT_3D('',#6369,#5067,#5068);
#4630=AXIS2_PLACEMENT_3D('',#6375,#5072,#5073);
#4631=AXIS2_PLACEMENT_3D('',#6381,#5077,#5078);
#4632=AXIS2_PLACEMENT_3D('',#6387,#5082,#5083);
#4633=AXIS2_PLACEMENT_3D('',#6393,#5087,#5088);
#4634=AXIS2_PLACEMENT_3D('',#6399,#5092,#5093);
#4635=AXIS2_PLACEMENT_3D('',#6405,#5097,#5098);
#4636=AXIS2_PLACEMENT_3D('',#6411,#5102,#5103);
#4637=AXIS2_PLACEMENT_3D('',#6417,#5107,#5108);
#4638=AXIS2_PLACEMENT_3D('',#6423,#5112,#5113);
#4639=AXIS2_PLACEMENT_3D('',#6429,#5117,#5118);
#4640=AXIS2_PLACEMENT_3D('',#6435,#5122,#5123);
#4641=AXIS2_PLACEMENT_3D('',#6441,#5127,#5128);
#4642=AXIS2_PLACEMENT_3D('',#6447,#5132,#5133);
#4643=AXIS2_PLACEMENT_3D('',#6453,#5137,#5138);
#4644=AXIS2_PLACEMENT_3D('',#6459,#5142,#5143);
#4645=AXIS2_PLACEMENT_3D('',#6465,#5147,#5148);
#4646=AXIS2_PLACEMENT_3D('',#6471,#5152,#5153);
#4647=AXIS2_PLACEMENT_3D('',#6475,#5156,#5157);
#4648=AXIS2_PLACEMENT_3D('',#6479,#5160,#5161);
#4649=AXIS2_PLACEMENT_3D('',#6483,#5164,#5165);
#4650=AXIS2_PLACEMENT_3D('',#6487,#5168,#5169);
#4651=AXIS2_PLACEMENT_3D('',#6493,#5173,#5174);
#4652=AXIS2_PLACEMENT_3D('',#6499,#5178,#5179);
#4653=AXIS2_PLACEMENT_3D('',#6505,#5183,#5184);
#4654=AXIS2_PLACEMENT_3D('',#6511,#5188,#5189);
#4655=AXIS2_PLACEMENT_3D('',#6517,#5193,#5194);
#4656=AXIS2_PLACEMENT_3D('',#6523,#5198,#5199);
#4657=AXIS2_PLACEMENT_3D('',#6529,#5203,#5204);
#4658=AXIS2_PLACEMENT_3D('',#6535,#5208,#5209);
#4659=AXIS2_PLACEMENT_3D('',#6541,#5213,#5214);
#4660=AXIS2_PLACEMENT_3D('',#6547,#5218,#5219);
#4661=AXIS2_PLACEMENT_3D('',#6553,#5223,#5224);
#4662=AXIS2_PLACEMENT_3D('',#6559,#5228,#5229);
#4663=AXIS2_PLACEMENT_3D('',#6565,#5233,#5234);
#4664=AXIS2_PLACEMENT_3D('',#6571,#5238,#5239);
#4665=AXIS2_PLACEMENT_3D('',#6577,#5243,#5244);
#4666=AXIS2_PLACEMENT_3D('',#6583,#5248,#5249);
#4667=AXIS2_PLACEMENT_3D('',#6587,#5252,#5253);
#4668=AXIS2_PLACEMENT_3D('',#6591,#5256,#5257);
#4669=AXIS2_PLACEMENT_3D('',#6593,#5259,#5260);
#4670=AXIS2_PLACEMENT_3D('',#6690,#5317,#5318);
#4671=AXIS2_PLACEMENT_3D('',#6692,#5319,#5320);
#4672=AXIS2_PLACEMENT_3D('',#6696,#5322,#5323);
#4673=AXIS2_PLACEMENT_3D('',#6704,#5327,#5328);
#4674=AXIS2_PLACEMENT_3D('',#6707,#5330,#5331);
#4675=AXIS2_PLACEMENT_3D('',#6708,#5332,#5333);
#4676=AXIS2_PLACEMENT_3D('',#6711,#5335,#5336);
#4677=AXIS2_PLACEMENT_3D('',#6712,#5337,#5338);
#4678=AXIS2_PLACEMENT_3D('',#6714,#5339,#5340);
#4679=AXIS2_PLACEMENT_3D('',#6718,#5342,#5343);
#4680=AXIS2_PLACEMENT_3D('',#6726,#5347,#5348);
#4681=AXIS2_PLACEMENT_3D('',#6728,#5350,#5351);
#4682=AXIS2_PLACEMENT_3D('',#6730,#5352,#5353);
#4683=AXIS2_PLACEMENT_3D('',#6734,#5355,#5356);
#4684=AXIS2_PLACEMENT_3D('',#6742,#5360,#5361);
#4685=AXIS2_PLACEMENT_3D('',#6745,#5363,#5364);
#4686=AXIS2_PLACEMENT_3D('',#6746,#5365,#5366);
#4687=AXIS2_PLACEMENT_3D('',#6749,#5368,#5369);
#4688=AXIS2_PLACEMENT_3D('',#6750,#5370,#5371);
#4689=AXIS2_PLACEMENT_3D('',#6752,#5372,#5373);
#4690=AXIS2_PLACEMENT_3D('',#6756,#5375,#5376);
#4691=AXIS2_PLACEMENT_3D('',#6764,#5380,#5381);
#4692=AXIS2_PLACEMENT_3D('',#6766,#5383,#5384);
#4693=AXIS2_PLACEMENT_3D('',#6768,#5385,#5386);
#4694=AXIS2_PLACEMENT_3D('',#6772,#5388,#5389);
#4695=AXIS2_PLACEMENT_3D('',#6780,#5393,#5394);
#4696=AXIS2_PLACEMENT_3D('',#6783,#5396,#5397);
#4697=AXIS2_PLACEMENT_3D('',#6784,#5398,#5399);
#4698=AXIS2_PLACEMENT_3D('',#6787,#5401,#5402);
#4699=AXIS2_PLACEMENT_3D('',#6788,#5403,#5404);
#4700=AXIS2_PLACEMENT_3D('',#6790,#5405,#5406);
#4701=AXIS2_PLACEMENT_3D('',#6794,#5408,#5409);
#4702=AXIS2_PLACEMENT_3D('',#6802,#5413,#5414);
#4703=AXIS2_PLACEMENT_3D('',#6804,#5416,#5417);
#4704=AXIS2_PLACEMENT_3D('',#6806,#5418,#5419);
#4705=AXIS2_PLACEMENT_3D('',#6810,#5421,#5422);
#4706=AXIS2_PLACEMENT_3D('',#6818,#5426,#5427);
#4707=AXIS2_PLACEMENT_3D('',#6821,#5429,#5430);
#4708=AXIS2_PLACEMENT_3D('',#6822,#5431,#5432);
#4709=AXIS2_PLACEMENT_3D('',#6825,#5434,#5435);
#4710=AXIS2_PLACEMENT_3D('',#6826,#5436,#5437);
#4711=AXIS2_PLACEMENT_3D('',#6828,#5438,#5439);
#4712=AXIS2_PLACEMENT_3D('',#6832,#5441,#5442);
#4713=AXIS2_PLACEMENT_3D('',#6840,#5446,#5447);
#4714=AXIS2_PLACEMENT_3D('',#6842,#5449,#5450);
#4715=AXIS2_PLACEMENT_3D('',#6844,#5451,#5452);
#4716=AXIS2_PLACEMENT_3D('',#6848,#5454,#5455);
#4717=AXIS2_PLACEMENT_3D('',#6856,#5459,#5460);
#4718=AXIS2_PLACEMENT_3D('',#6859,#5462,#5463);
#4719=AXIS2_PLACEMENT_3D('',#6860,#5464,#5465);
#4720=AXIS2_PLACEMENT_3D('',#6863,#5467,#5468);
#4721=AXIS2_PLACEMENT_3D('',#6864,#5469,#5470);
#4722=AXIS2_PLACEMENT_3D('',#6866,#5471,#5472);
#4723=AXIS2_PLACEMENT_3D('',#6870,#5474,#5475);
#4724=AXIS2_PLACEMENT_3D('',#6878,#5479,#5480);
#4725=AXIS2_PLACEMENT_3D('',#6880,#5482,#5483);
#4726=AXIS2_PLACEMENT_3D('',#6882,#5484,#5485);
#4727=AXIS2_PLACEMENT_3D('',#6886,#5487,#5488);
#4728=AXIS2_PLACEMENT_3D('',#6894,#5492,#5493);
#4729=AXIS2_PLACEMENT_3D('',#6897,#5495,#5496);
#4730=AXIS2_PLACEMENT_3D('',#6898,#5497,#5498);
#4731=AXIS2_PLACEMENT_3D('',#6901,#5500,#5501);
#4732=AXIS2_PLACEMENT_3D('',#6902,#5502,#5503);
#4733=AXIS2_PLACEMENT_3D('',#6904,#5504,#5505);
#4734=AXIS2_PLACEMENT_3D('',#6908,#5507,#5508);
#4735=AXIS2_PLACEMENT_3D('',#6916,#5512,#5513);
#4736=AXIS2_PLACEMENT_3D('',#6918,#5515,#5516);
#4737=AXIS2_PLACEMENT_3D('',#6920,#5517,#5518);
#4738=AXIS2_PLACEMENT_3D('',#6924,#5520,#5521);
#4739=AXIS2_PLACEMENT_3D('',#6932,#5525,#5526);
#4740=AXIS2_PLACEMENT_3D('',#6935,#5528,#5529);
#4741=AXIS2_PLACEMENT_3D('',#6936,#5530,#5531);
#4742=AXIS2_PLACEMENT_3D('',#6939,#5533,#5534);
#4743=AXIS2_PLACEMENT_3D('',#6940,#5535,#5536);
#4744=AXIS2_PLACEMENT_3D('',#6942,#5537,#5538);
#4745=AXIS2_PLACEMENT_3D('',#6946,#5540,#5541);
#4746=AXIS2_PLACEMENT_3D('',#6954,#5545,#5546);
#4747=AXIS2_PLACEMENT_3D('',#6956,#5548,#5549);
#4748=AXIS2_PLACEMENT_3D('',#6958,#5550,#5551);
#4749=AXIS2_PLACEMENT_3D('',#6962,#5553,#5554);
#4750=AXIS2_PLACEMENT_3D('',#6970,#5558,#5559);
#4751=AXIS2_PLACEMENT_3D('',#6973,#5561,#5562);
#4752=AXIS2_PLACEMENT_3D('',#6974,#5563,#5564);
#4753=AXIS2_PLACEMENT_3D('',#6977,#5566,#5567);
#4754=AXIS2_PLACEMENT_3D('',#6978,#5568,#5569);
#4755=AXIS2_PLACEMENT_3D('',#6980,#5570,#5571);
#4756=AXIS2_PLACEMENT_3D('',#6984,#5573,#5574);
#4757=AXIS2_PLACEMENT_3D('',#6992,#5578,#5579);
#4758=AXIS2_PLACEMENT_3D('',#6994,#5581,#5582);
#4759=AXIS2_PLACEMENT_3D('',#6996,#5583,#5584);
#4760=AXIS2_PLACEMENT_3D('',#7000,#5586,#5587);
#4761=AXIS2_PLACEMENT_3D('',#7008,#5591,#5592);
#4762=AXIS2_PLACEMENT_3D('',#7011,#5594,#5595);
#4763=AXIS2_PLACEMENT_3D('',#7012,#5596,#5597);
#4764=AXIS2_PLACEMENT_3D('',#7015,#5599,#5600);
#4765=AXIS2_PLACEMENT_3D('',#7016,#5601,#5602);
#4766=AXIS2_PLACEMENT_3D('',#7018,#5603,#5604);
#4767=AXIS2_PLACEMENT_3D('',#7022,#5606,#5607);
#4768=AXIS2_PLACEMENT_3D('',#7030,#5611,#5612);
#4769=AXIS2_PLACEMENT_3D('',#7032,#5614,#5615);
#4770=AXIS2_PLACEMENT_3D('',#7034,#5616,#5617);
#4771=AXIS2_PLACEMENT_3D('',#7038,#5619,#5620);
#4772=AXIS2_PLACEMENT_3D('',#7046,#5624,#5625);
#4773=AXIS2_PLACEMENT_3D('',#7049,#5627,#5628);
#4774=AXIS2_PLACEMENT_3D('',#7050,#5629,#5630);
#4775=AXIS2_PLACEMENT_3D('',#7053,#5632,#5633);
#4776=AXIS2_PLACEMENT_3D('',#7054,#5634,#5635);
#4777=AXIS2_PLACEMENT_3D('',#7056,#5636,#5637);
#4778=AXIS2_PLACEMENT_3D('',#7060,#5639,#5640);
#4779=AXIS2_PLACEMENT_3D('',#7068,#5644,#5645);
#4780=AXIS2_PLACEMENT_3D('',#7070,#5647,#5648);
#4781=AXIS2_PLACEMENT_3D('',#7072,#5649,#5650);
#4782=AXIS2_PLACEMENT_3D('',#7076,#5652,#5653);
#4783=AXIS2_PLACEMENT_3D('',#7084,#5657,#5658);
#4784=AXIS2_PLACEMENT_3D('',#7087,#5660,#5661);
#4785=AXIS2_PLACEMENT_3D('',#7088,#5662,#5663);
#4786=AXIS2_PLACEMENT_3D('',#7091,#5665,#5666);
#4787=AXIS2_PLACEMENT_3D('',#7092,#5667,#5668);
#4788=AXIS2_PLACEMENT_3D('',#7094,#5669,#5670);
#4789=AXIS2_PLACEMENT_3D('',#7098,#5672,#5673);
#4790=AXIS2_PLACEMENT_3D('',#7106,#5677,#5678);
#4791=AXIS2_PLACEMENT_3D('',#7108,#5680,#5681);
#4792=AXIS2_PLACEMENT_3D('',#7110,#5682,#5683);
#4793=AXIS2_PLACEMENT_3D('',#7114,#5685,#5686);
#4794=AXIS2_PLACEMENT_3D('',#7122,#5690,#5691);
#4795=AXIS2_PLACEMENT_3D('',#7125,#5693,#5694);
#4796=AXIS2_PLACEMENT_3D('',#7126,#5695,#5696);
#4797=AXIS2_PLACEMENT_3D('',#7129,#5698,#5699);
#4798=AXIS2_PLACEMENT_3D('',#7130,#5700,#5701);
#4799=AXIS2_PLACEMENT_3D('',#7132,#5702,#5703);
#4800=AXIS2_PLACEMENT_3D('',#7136,#5705,#5706);
#4801=AXIS2_PLACEMENT_3D('',#7144,#5710,#5711);
#4802=AXIS2_PLACEMENT_3D('',#7146,#5713,#5714);
#4803=AXIS2_PLACEMENT_3D('',#7148,#5715,#5716);
#4804=AXIS2_PLACEMENT_3D('',#7152,#5718,#5719);
#4805=AXIS2_PLACEMENT_3D('',#7160,#5723,#5724);
#4806=AXIS2_PLACEMENT_3D('',#7163,#5726,#5727);
#4807=AXIS2_PLACEMENT_3D('',#7164,#5728,#5729);
#4808=AXIS2_PLACEMENT_3D('',#7167,#5731,#5732);
#4809=AXIS2_PLACEMENT_3D('',#7168,#5733,#5734);
#4810=AXIS2_PLACEMENT_3D('',#7170,#5735,#5736);
#4811=AXIS2_PLACEMENT_3D('',#7174,#5738,#5739);
#4812=AXIS2_PLACEMENT_3D('',#7182,#5743,#5744);
#4813=AXIS2_PLACEMENT_3D('',#7184,#5746,#5747);
#4814=AXIS2_PLACEMENT_3D('',#7186,#5748,#5749);
#4815=AXIS2_PLACEMENT_3D('',#7190,#5751,#5752);
#4816=AXIS2_PLACEMENT_3D('',#7198,#5756,#5757);
#4817=AXIS2_PLACEMENT_3D('',#7201,#5759,#5760);
#4818=AXIS2_PLACEMENT_3D('',#7202,#5761,#5762);
#4819=AXIS2_PLACEMENT_3D('',#7205,#5764,#5765);
#4820=AXIS2_PLACEMENT_3D('',#7206,#5766,#5767);
#4821=AXIS2_PLACEMENT_3D('',#7208,#5768,#5769);
#4822=AXIS2_PLACEMENT_3D('',#7212,#5771,#5772);
#4823=AXIS2_PLACEMENT_3D('',#7220,#5776,#5777);
#4824=AXIS2_PLACEMENT_3D('',#7222,#5779,#5780);
#4825=AXIS2_PLACEMENT_3D('',#7224,#5781,#5782);
#4826=AXIS2_PLACEMENT_3D('',#7228,#5784,#5785);
#4827=AXIS2_PLACEMENT_3D('',#7236,#5789,#5790);
#4828=AXIS2_PLACEMENT_3D('',#7239,#5792,#5793);
#4829=AXIS2_PLACEMENT_3D('',#7240,#5794,#5795);
#4830=AXIS2_PLACEMENT_3D('',#7243,#5797,#5798);
#4831=AXIS2_PLACEMENT_3D('',#7244,#5799,#5800);
#4832=AXIS2_PLACEMENT_3D('',#7246,#5801,#5802);
#4833=AXIS2_PLACEMENT_3D('',#7250,#5804,#5805);
#4834=AXIS2_PLACEMENT_3D('',#7258,#5809,#5810);
#4835=AXIS2_PLACEMENT_3D('',#7260,#5812,#5813);
#4836=AXIS2_PLACEMENT_3D('',#7262,#5814,#5815);
#4837=AXIS2_PLACEMENT_3D('',#7266,#5817,#5818);
#4838=AXIS2_PLACEMENT_3D('',#7274,#5822,#5823);
#4839=AXIS2_PLACEMENT_3D('',#7277,#5825,#5826);
#4840=AXIS2_PLACEMENT_3D('',#7278,#5827,#5828);
#4841=AXIS2_PLACEMENT_3D('',#7281,#5830,#5831);
#4842=AXIS2_PLACEMENT_3D('',#7282,#5832,#5833);
#4843=AXIS2_PLACEMENT_3D('',#7284,#5834,#5835);
#4844=AXIS2_PLACEMENT_3D('',#7288,#5837,#5838);
#4845=AXIS2_PLACEMENT_3D('',#7296,#5842,#5843);
#4846=AXIS2_PLACEMENT_3D('',#7298,#5845,#5846);
#4847=AXIS2_PLACEMENT_3D('',#7304,#5850,#5851);
#4848=AXIS2_PLACEMENT_3D('',#7306,#5853,#5854);
#4849=AXIS2_PLACEMENT_3D('',#7308,#5856,#5857);
#4850=AXIS2_PLACEMENT_3D('',#7310,#5859,#5860);
#4851=AXIS2_PLACEMENT_3D('',#7312,#5862,#5863);
#4852=AXIS2_PLACEMENT_3D('',#7314,#5865,#5866);
#4853=AXIS2_PLACEMENT_3D('',#7316,#5868,#5869);
#4854=AXIS2_PLACEMENT_3D('',#7318,#5871,#5872);
#4855=AXIS2_PLACEMENT_3D('',#7319,#5873,#5874);
#4856=AXIS2_PLACEMENT_3D('',#7321,#5876,#5877);
#4857=AXIS2_PLACEMENT_3D('',#7323,#5879,#5880);
#4858=AXIS2_PLACEMENT_3D('',#7325,#5882,#5883);
#4859=AXIS2_PLACEMENT_3D('',#7327,#5885,#5886);
#4860=AXIS2_PLACEMENT_3D('',#7329,#5888,#5889);
#4861=AXIS2_PLACEMENT_3D('',#7331,#5891,#5892);
#4862=AXIS2_PLACEMENT_3D('',#7333,#5894,#5895);
#4863=AXIS2_PLACEMENT_3D('',#7334,#5896,#5897);
#4864=AXIS2_PLACEMENT_3D('',#7336,#5899,#5900);
#4865=AXIS2_PLACEMENT_3D('',#7338,#5902,#5903);
#4866=AXIS2_PLACEMENT_3D('',#7340,#5905,#5906);
#4867=AXIS2_PLACEMENT_3D('',#7342,#5908,#5909);
#4868=AXIS2_PLACEMENT_3D('',#7344,#5911,#5912);
#4869=AXIS2_PLACEMENT_3D('',#7346,#5914,#5915);
#4870=AXIS2_PLACEMENT_3D('',#7348,#5917,#5918);
#4871=AXIS2_PLACEMENT_3D('',#7349,#5919,#5920);
#4872=AXIS2_PLACEMENT_3D('',#7351,#5922,#5923);
#4873=AXIS2_PLACEMENT_3D('',#7353,#5925,#5926);
#4874=AXIS2_PLACEMENT_3D('',#7355,#5928,#5929);
#4875=AXIS2_PLACEMENT_3D('',#7357,#5931,#5932);
#4876=AXIS2_PLACEMENT_3D('',#7359,#5934,#5935);
#4877=AXIS2_PLACEMENT_3D('',#7361,#5937,#5938);
#4878=AXIS2_PLACEMENT_3D('',#7363,#5940,#5941);
#4879=AXIS2_PLACEMENT_3D('',#7364,#5942,#5943);
#4880=AXIS2_PLACEMENT_3D('',#7366,#5945,#5946);
#4881=AXIS2_PLACEMENT_3D('',#7368,#5948,#5949);
#4882=AXIS2_PLACEMENT_3D('',#7370,#5951,#5952);
#4883=AXIS2_PLACEMENT_3D('',#7372,#5954,#5955);
#4884=AXIS2_PLACEMENT_3D('',#7374,#5957,#5958);
#4885=AXIS2_PLACEMENT_3D('',#7376,#5960,#5961);
#4886=AXIS2_PLACEMENT_3D('',#7378,#5963,#5964);
#4887=AXIS2_PLACEMENT_3D('',#7379,#5965,#5966);
#4888=AXIS2_PLACEMENT_3D('',#7381,#5968,#5969);
#4889=AXIS2_PLACEMENT_3D('',#7383,#5971,#5972);
#4890=AXIS2_PLACEMENT_3D('',#7385,#5974,#5975);
#4891=AXIS2_PLACEMENT_3D('',#7387,#5977,#5978);
#4892=AXIS2_PLACEMENT_3D('',#7389,#5980,#5981);
#4893=AXIS2_PLACEMENT_3D('',#7391,#5983,#5984);
#4894=AXIS2_PLACEMENT_3D('',#7393,#5986,#5987);
#4895=AXIS2_PLACEMENT_3D('',#7394,#5988,#5989);
#4896=AXIS2_PLACEMENT_3D('',#7396,#5991,#5992);
#4897=AXIS2_PLACEMENT_3D('',#7398,#5994,#5995);
#4898=AXIS2_PLACEMENT_3D('',#7400,#5997,#5998);
#4899=AXIS2_PLACEMENT_3D('',#7402,#6000,#6001);
#4900=AXIS2_PLACEMENT_3D('',#7404,#6003,#6004);
#4901=AXIS2_PLACEMENT_3D('',#7406,#6006,#6007);
#4902=AXIS2_PLACEMENT_3D('',#7408,#6009,#6010);
#4903=AXIS2_PLACEMENT_3D('',#7409,#6011,#6012);
#4904=AXIS2_PLACEMENT_3D('',#7411,#6014,#6015);
#4905=AXIS2_PLACEMENT_3D('',#7413,#6017,#6018);
#4906=AXIS2_PLACEMENT_3D('',#7415,#6020,#6021);
#4907=AXIS2_PLACEMENT_3D('',#7417,#6023,#6024);
#4908=AXIS2_PLACEMENT_3D('',#7419,#6026,#6027);
#4909=AXIS2_PLACEMENT_3D('',#7421,#6029,#6030);
#4910=AXIS2_PLACEMENT_3D('',#7423,#6032,#6033);
#4911=AXIS2_PLACEMENT_3D('',#7424,#6034,#6035);
#4912=AXIS2_PLACEMENT_3D('',#7430,#6039,#6040);
#4913=AXIS2_PLACEMENT_3D('',#7434,#6043,#6044);
#4914=AXIS2_PLACEMENT_3D('',#7438,#6047,#6048);
#4915=AXIS2_PLACEMENT_3D('',#7440,#6050,#6051);
#4916=AXIS2_PLACEMENT_3D('',#7442,#6053,#6054);
#4917=AXIS2_PLACEMENT_3D('',#7444,#6056,#6057);
#4918=AXIS2_PLACEMENT_3D('',#7446,#6059,#6060);
#4919=AXIS2_PLACEMENT_3D('',#7448,#6062,#6063);
#4920=AXIS2_PLACEMENT_3D('',#7450,#6065,#6066);
#4921=AXIS2_PLACEMENT_3D('',#7452,#6068,#6069);
#4922=AXIS2_PLACEMENT_3D('',#7453,#6070,#6071);
#4923=AXIS2_PLACEMENT_3D('',#7455,#6073,#6074);
#4924=AXIS2_PLACEMENT_3D('',#7457,#6076,#6077);
#4925=AXIS2_PLACEMENT_3D('',#7459,#6079,#6080);
#4926=AXIS2_PLACEMENT_3D('',#7461,#6082,#6083);
#4927=AXIS2_PLACEMENT_3D('',#7463,#6085,#6086);
#4928=AXIS2_PLACEMENT_3D('',#7465,#6088,#6089);
#4929=AXIS2_PLACEMENT_3D('',#7467,#6091,#6092);
#4930=AXIS2_PLACEMENT_3D('',#7468,#6093,#6094);
#4931=AXIS2_PLACEMENT_3D('',#7470,#6096,#6097);
#4932=AXIS2_PLACEMENT_3D('',#7472,#6099,#6100);
#4933=AXIS2_PLACEMENT_3D('',#7474,#6102,#6103);
#4934=AXIS2_PLACEMENT_3D('',#7476,#6105,#6106);
#4935=AXIS2_PLACEMENT_3D('',#7478,#6108,#6109);
#4936=AXIS2_PLACEMENT_3D('',#7480,#6111,#6112);
#4937=AXIS2_PLACEMENT_3D('',#7482,#6114,#6115);
#4938=AXIS2_PLACEMENT_3D('',#7483,#6116,#6117);
#4939=AXIS2_PLACEMENT_3D('',#7485,#6119,#6120);
#4940=AXIS2_PLACEMENT_3D('',#7487,#6122,#6123);
#4941=AXIS2_PLACEMENT_3D('',#7489,#6125,#6126);
#4942=AXIS2_PLACEMENT_3D('',#7491,#6128,#6129);
#4943=AXIS2_PLACEMENT_3D('',#7493,#6131,#6132);
#4944=AXIS2_PLACEMENT_3D('',#7495,#6134,#6135);
#4945=AXIS2_PLACEMENT_3D('',#7497,#6137,#6138);
#4946=AXIS2_PLACEMENT_3D('',#7498,#6139,#6140);
#4947=AXIS2_PLACEMENT_3D('',#7500,#6142,#6143);
#4948=AXIS2_PLACEMENT_3D('',#7502,#6145,#6146);
#4949=AXIS2_PLACEMENT_3D('',#7504,#6148,#6149);
#4950=AXIS2_PLACEMENT_3D('',#7506,#6151,#6152);
#4951=AXIS2_PLACEMENT_3D('',#7508,#6154,#6155);
#4952=AXIS2_PLACEMENT_3D('',#7510,#6157,#6158);
#4953=AXIS2_PLACEMENT_3D('',#7512,#6160,#6161);
#4954=AXIS2_PLACEMENT_3D('',#7513,#6162,#6163);
#4955=AXIS2_PLACEMENT_3D('',#7515,#6165,#6166);
#4956=AXIS2_PLACEMENT_3D('',#7517,#6168,#6169);
#4957=AXIS2_PLACEMENT_3D('',#7519,#6171,#6172);
#4958=AXIS2_PLACEMENT_3D('',#7521,#6174,#6175);
#4959=AXIS2_PLACEMENT_3D('',#7523,#6177,#6178);
#4960=AXIS2_PLACEMENT_3D('',#7525,#6180,#6181);
#4961=AXIS2_PLACEMENT_3D('',#7527,#6183,#6184);
#4962=AXIS2_PLACEMENT_3D('',#7528,#6185,#6186);
#4963=AXIS2_PLACEMENT_3D('',#7530,#6188,#6189);
#4964=AXIS2_PLACEMENT_3D('',#7532,#6191,#6192);
#4965=AXIS2_PLACEMENT_3D('',#7534,#6194,#6195);
#4966=AXIS2_PLACEMENT_3D('',#7536,#6197,#6198);
#4967=AXIS2_PLACEMENT_3D('',#7538,#6200,#6201);
#4968=AXIS2_PLACEMENT_3D('',#7540,#6203,#6204);
#4969=AXIS2_PLACEMENT_3D('',#7542,#6206,#6207);
#4970=AXIS2_PLACEMENT_3D('',#7543,#6208,#6209);
#4971=AXIS2_PLACEMENT_3D('',#7545,#6211,#6212);
#4972=AXIS2_PLACEMENT_3D('',#7547,#6214,#6215);
#4973=AXIS2_PLACEMENT_3D('',#7549,#6217,#6218);
#4974=AXIS2_PLACEMENT_3D('',#7551,#6220,#6221);
#4975=AXIS2_PLACEMENT_3D('',#7553,#6223,#6224);
#4976=AXIS2_PLACEMENT_3D('',#7555,#6226,#6227);
#4977=AXIS2_PLACEMENT_3D('',#7557,#6229,#6230);
#4978=AXIS2_PLACEMENT_3D('',#7558,#6231,#6232);
#4979=AXIS2_PLACEMENT_3D('',#7564,#6236,#6237);
#4980=AXIS2_PLACEMENT_3D('',#7566,#6239,#6240);
#4981=AXIS2_PLACEMENT_3D('',#7569,#6243,#6244);
#4982=AXIS2_PLACEMENT_3D('',#7570,#6245,#6246);
#4983=AXIS2_PLACEMENT_3D('',#7571,#6247,#6248);
#4984=DIRECTION('axis',(0.,0.,1.));
#4985=DIRECTION('refdir',(1.,0.,0.));
#4986=DIRECTION('center_axis',(0.,0.,-1.));
#4987=DIRECTION('ref_axis',(-1.,0.,0.));
#4988=DIRECTION('center_axis',(0.,0.,-1.));
#4989=DIRECTION('ref_axis',(-1.,0.,0.));
#4990=DIRECTION('',(0.,0.,-1.));
#4991=DIRECTION('center_axis',(0.,0.,1.));
#4992=DIRECTION('ref_axis',(-1.,0.,0.));
#4993=DIRECTION('center_axis',(0.,0.,-1.));
#4994=DIRECTION('ref_axis',(-1.,0.,0.));
#4995=DIRECTION('',(0.,1.,0.));
#4996=DIRECTION('',(0.707106781186549,0.707106781186547,0.));
#4997=DIRECTION('',(1.,0.,0.));
#4998=DIRECTION('',(0.70710678118655,-0.707106781186545,0.));
#4999=DIRECTION('',(0.,-1.,0.));
#5000=DIRECTION('',(-0.707106781186547,-0.707106781186549,0.));
#5001=DIRECTION('',(-1.,0.,0.));
#5002=DIRECTION('',(-0.707106781186545,0.70710678118655,0.));
#5003=DIRECTION('center_axis',(0.689793693484685,-0.689793693484687,0.219930263623516));
#5004=DIRECTION('ref_axis',(0.707106781186548,0.707106781186547,-1.38777878078145E-17));
#5005=DIRECTION('',(-0.707106781186548,-0.707106781186547,0.));
#5006=DIRECTION('',(-0.103398641623913,0.206797283246746,0.972904725321084));
#5007=DIRECTION('',(0.206797283246746,-0.103398641623914,-0.972904725321084));
#5008=DIRECTION('center_axis',(0.97814760073381,0.,0.207911690817739));
#5009=DIRECTION('ref_axis',(0.,1.,0.));
#5010=DIRECTION('',(0.,-1.,0.));
#5011=DIRECTION('',(0.,-1.,0.));
#5012=DIRECTION('',(0.,-1.,0.));
#5013=DIRECTION('',(0.,-1.,0.));
#5014=DIRECTION('',(0.,-1.,0.));
#5015=DIRECTION('',(0.,-1.,0.));
#5016=DIRECTION('',(0.,-1.,0.));
#5017=DIRECTION('',(0.,-1.,0.));
#5018=DIRECTION('',(0.,-1.,0.));
#5019=DIRECTION('',(0.,-1.,0.));
#5020=DIRECTION('',(0.,-1.,0.));
#5021=DIRECTION('',(0.,-1.,0.));
#5022=DIRECTION('',(0.,-1.,0.));
#5023=DIRECTION('',(0.,-1.,0.));
#5024=DIRECTION('',(0.,-1.,0.));
#5025=DIRECTION('',(0.,-1.,0.));
#5026=DIRECTION('',(0.,-1.,0.));
#5027=DIRECTION('',(0.206797283246746,0.103398641623914,-0.972904725321084));
#5028=DIRECTION('center_axis',(0.689793693484685,0.689793693484687,0.219930263623516));
#5029=DIRECTION('ref_axis',(-0.707106781186548,0.707106781186547,0.));
#5030=DIRECTION('',(0.707106781186548,-0.707106781186547,0.));
#5031=DIRECTION('',(0.103398641623913,0.206797283246746,-0.972904725321084));
#5032=DIRECTION('center_axis',(0.,0.97814760073381,0.20791169081774));
#5033=DIRECTION('ref_axis',(-1.,0.,0.));
#5034=DIRECTION('',(1.,0.,0.));
#5035=DIRECTION('',(-0.103398641623913,0.206797283246746,-0.972904725321084));
#5036=DIRECTION('center_axis',(-0.689793693484685,0.689793693484687,0.219930263623516));
#5037=DIRECTION('ref_axis',(-0.707106781186548,-0.707106781186547,-1.38777878078145E-17));
#5038=DIRECTION('',(0.707106781186548,0.707106781186547,0.));
#5039=DIRECTION('',(-0.206797283246746,0.103398641623914,-0.972904725321084));
#5040=DIRECTION('center_axis',(-0.97814760073381,0.,0.207911690817739));
#5041=DIRECTION('ref_axis',(0.,-1.,0.));
#5042=DIRECTION('',(0.,1.,0.));
#5043=DIRECTION('',(0.,1.,0.));
#5044=DIRECTION('',(0.,1.,0.));
#5045=DIRECTION('',(0.,1.,0.));
#5046=DIRECTION('',(0.,1.,0.));
#5047=DIRECTION('',(0.,1.,0.));
#5048=DIRECTION('',(0.,1.,0.));
#5049=DIRECTION('',(0.,1.,0.));
#5050=DIRECTION('',(0.,1.,0.));
#5051=DIRECTION('',(0.,1.,0.));
#5052=DIRECTION('',(0.,1.,0.));
#5053=DIRECTION('',(0.,1.,0.));
#5054=DIRECTION('',(0.,1.,0.));
#5055=DIRECTION('',(0.,1.,0.));
#5056=DIRECTION('',(0.,1.,0.));
#5057=DIRECTION('',(0.,1.,0.));
#5058=DIRECTION('',(0.,1.,0.));
#5059=DIRECTION('',(-0.206797283246746,-0.103398641623914,-0.972904725321084));
#5060=DIRECTION('center_axis',(-0.689793693484685,-0.689793693484687,0.219930263623516));
#5061=DIRECTION('ref_axis',(0.707106781186548,-0.707106781186547,0.));
#5062=DIRECTION('',(-0.707106781186548,0.707106781186547,0.));
#5063=DIRECTION('',(-0.103398641623913,-0.206797283246746,-0.972904725321084));
#5064=DIRECTION('center_axis',(0.,-0.97814760073381,0.20791169081774));
#5065=DIRECTION('ref_axis',(1.,0.,0.));
#5066=DIRECTION('',(-1.,0.,0.));
#5067=DIRECTION('center_axis',(0.707106781186548,-0.707106781186548,0.));
#5068=DIRECTION('ref_axis',(0.707106781186548,0.707106781186548,0.));
#5069=DIRECTION('',(-0.707106781186547,-0.707106781186547,0.));
#5070=DIRECTION('',(0.,0.,1.));
#5071=DIRECTION('',(0.,0.,-1.));
#5072=DIRECTION('center_axis',(1.,2.22044604925E-16,0.));
#5073=DIRECTION('ref_axis',(-2.22044604925E-16,1.,0.));
#5074=DIRECTION('',(0.,0.,1.));
#5075=DIRECTION('',(0.,0.,-1.));
#5076=DIRECTION('',(2.22044604925E-16,-1.,0.));
#5077=DIRECTION('center_axis',(0.,0.,1.));
#5078=DIRECTION('ref_axis',(1.,0.,0.));
#5079=DIRECTION('',(-1.,0.,0.));
#5080=DIRECTION('',(1.,0.,0.));
#5081=DIRECTION('',(0.,-1.,0.));
#5082=DIRECTION('center_axis',(1.,2.22044604925E-16,0.));
#5083=DIRECTION('ref_axis',(-2.22044604925E-16,1.,0.));
#5084=DIRECTION('',(0.,0.,1.));
#5085=DIRECTION('',(0.,0.,-1.));
#5086=DIRECTION('',(2.22044604925E-16,-1.,0.));
#5087=DIRECTION('center_axis',(0.,0.,1.));
#5088=DIRECTION('ref_axis',(1.,0.,0.));
#5089=DIRECTION('',(-1.,0.,0.));
#5090=DIRECTION('',(1.,0.,0.));
#5091=DIRECTION('',(0.,-1.,0.));
#5092=DIRECTION('center_axis',(1.,2.22044604925E-16,0.));
#5093=DIRECTION('ref_axis',(-2.22044604925E-16,1.,0.));
#5094=DIRECTION('',(0.,0.,1.));
#5095=DIRECTION('',(0.,0.,-1.));
#5096=DIRECTION('',(2.22044604925E-16,-1.,0.));
#5097=DIRECTION('center_axis',(0.,0.,1.));
#5098=DIRECTION('ref_axis',(1.,0.,0.));
#5099=DIRECTION('',(-1.,0.,0.));
#5100=DIRECTION('',(1.,0.,0.));
#5101=DIRECTION('',(0.,-1.,0.));
#5102=DIRECTION('center_axis',(1.,2.22044604925E-16,0.));
#5103=DIRECTION('ref_axis',(-2.22044604925E-16,1.,0.));
#5104=DIRECTION('',(0.,0.,1.));
#5105=DIRECTION('',(0.,0.,-1.));
#5106=DIRECTION('',(2.22044604925E-16,-1.,0.));
#5107=DIRECTION('center_axis',(0.,0.,1.));
#5108=DIRECTION('ref_axis',(1.,0.,0.));
#5109=DIRECTION('',(-1.,0.,0.));
#5110=DIRECTION('',(1.,0.,0.));
#5111=DIRECTION('',(0.,-1.,0.));
#5112=DIRECTION('center_axis',(1.,2.22044604925E-16,0.));
#5113=DIRECTION('ref_axis',(-2.22044604925E-16,1.,0.));
#5114=DIRECTION('',(0.,0.,1.));
#5115=DIRECTION('',(0.,0.,-1.));
#5116=DIRECTION('',(2.22044604925E-16,-1.,0.));
#5117=DIRECTION('center_axis',(0.,0.,1.));
#5118=DIRECTION('ref_axis',(1.,0.,0.));
#5119=DIRECTION('',(-1.,0.,0.));
#5120=DIRECTION('',(1.,0.,0.));
#5121=DIRECTION('',(0.,-1.,0.));
#5122=DIRECTION('center_axis',(1.,2.22044604925E-16,0.));
#5123=DIRECTION('ref_axis',(-2.22044604925E-16,1.,0.));
#5124=DIRECTION('',(0.,0.,1.));
#5125=DIRECTION('',(0.,0.,-1.));
#5126=DIRECTION('',(2.22044604925E-16,-1.,0.));
#5127=DIRECTION('center_axis',(0.,0.,1.));
#5128=DIRECTION('ref_axis',(1.,0.,0.));
#5129=DIRECTION('',(-1.,0.,0.));
#5130=DIRECTION('',(1.,0.,0.));
#5131=DIRECTION('',(0.,-1.,0.));
#5132=DIRECTION('center_axis',(1.,2.22044604925E-16,0.));
#5133=DIRECTION('ref_axis',(-2.22044604925E-16,1.,0.));
#5134=DIRECTION('',(0.,0.,1.));
#5135=DIRECTION('',(0.,0.,-1.));
#5136=DIRECTION('',(2.22044604925E-16,-1.,0.));
#5137=DIRECTION('center_axis',(0.,0.,1.));
#5138=DIRECTION('ref_axis',(1.,0.,0.));
#5139=DIRECTION('',(-1.,0.,0.));
#5140=DIRECTION('',(1.,0.,0.));
#5141=DIRECTION('',(0.,-1.,0.));
#5142=DIRECTION('center_axis',(1.,2.22044604925E-16,0.));
#5143=DIRECTION('ref_axis',(-2.22044604925E-16,1.,0.));
#5144=DIRECTION('',(0.,0.,1.));
#5145=DIRECTION('',(0.,0.,-1.));
#5146=DIRECTION('',(2.22044604925E-16,-1.,0.));
#5147=DIRECTION('center_axis',(0.,0.,1.));
#5148=DIRECTION('ref_axis',(1.,0.,0.));
#5149=DIRECTION('',(-1.,0.,0.));
#5150=DIRECTION('',(1.,0.,0.));
#5151=DIRECTION('',(0.,-1.,0.));
#5152=DIRECTION('center_axis',(1.,2.22044604925E-16,0.));
#5153=DIRECTION('ref_axis',(-2.22044604925E-16,1.,0.));
#5154=DIRECTION('',(0.,0.,-1.));
#5155=DIRECTION('',(2.22044604925E-16,-1.,0.));
#5156=DIRECTION('center_axis',(0.707106781186548,0.707106781186548,0.));
#5157=DIRECTION('ref_axis',(-0.707106781186548,0.707106781186548,0.));
#5158=DIRECTION('',(0.707106781186547,-0.707106781186547,0.));
#5159=DIRECTION('',(0.,0.,-1.));
#5160=DIRECTION('center_axis',(-2.22044604925E-16,1.,0.));
#5161=DIRECTION('ref_axis',(-1.,-2.22044604925E-16,0.));
#5162=DIRECTION('',(1.,2.22044604925E-16,0.));
#5163=DIRECTION('',(0.,0.,-1.));
#5164=DIRECTION('center_axis',(-0.707106781186548,0.707106781186548,0.));
#5165=DIRECTION('ref_axis',(-0.707106781186548,-0.707106781186548,0.));
#5166=DIRECTION('',(0.707106781186547,0.707106781186547,0.));
#5167=DIRECTION('',(0.,0.,-1.));
#5168=DIRECTION('center_axis',(-1.,-2.22044604925E-16,0.));
#5169=DIRECTION('ref_axis',(2.22044604925E-16,-1.,0.));
#5170=DIRECTION('',(0.,0.,1.));
#5171=DIRECTION('',(0.,0.,-1.));
#5172=DIRECTION('',(-2.22044604925E-16,1.,0.));
#5173=DIRECTION('center_axis',(0.,0.,1.));
#5174=DIRECTION('ref_axis',(1.,0.,0.));
#5175=DIRECTION('',(1.,0.,0.));
#5176=DIRECTION('',(-1.,0.,0.));
#5177=DIRECTION('',(0.,1.,0.));
#5178=DIRECTION('center_axis',(-1.,-2.22044604925E-16,0.));
#5179=DIRECTION('ref_axis',(2.22044604925E-16,-1.,0.));
#5180=DIRECTION('',(0.,0.,1.));
#5181=DIRECTION('',(0.,0.,-1.));
#5182=DIRECTION('',(-2.22044604925E-16,1.,0.));
#5183=DIRECTION('center_axis',(0.,0.,1.));
#5184=DIRECTION('ref_axis',(1.,0.,0.));
#5185=DIRECTION('',(1.,0.,0.));
#5186=DIRECTION('',(-1.,0.,0.));
#5187=DIRECTION('',(0.,1.,0.));
#5188=DIRECTION('center_axis',(-1.,-2.22044604925E-16,0.));
#5189=DIRECTION('ref_axis',(2.22044604925E-16,-1.,0.));
#5190=DIRECTION('',(0.,0.,1.));
#5191=DIRECTION('',(0.,0.,-1.));
#5192=DIRECTION('',(-2.22044604925E-16,1.,0.));
#5193=DIRECTION('center_axis',(0.,0.,1.));
#5194=DIRECTION('ref_axis',(1.,0.,0.));
#5195=DIRECTION('',(1.,0.,0.));
#5196=DIRECTION('',(-1.,0.,0.));
#5197=DIRECTION('',(0.,1.,0.));
#5198=DIRECTION('center_axis',(-1.,-2.22044604925E-16,0.));
#5199=DIRECTION('ref_axis',(2.22044604925E-16,-1.,0.));
#5200=DIRECTION('',(0.,0.,1.));
#5201=DIRECTION('',(0.,0.,-1.));
#5202=DIRECTION('',(-2.22044604925E-16,1.,0.));
#5203=DIRECTION('center_axis',(0.,0.,1.));
#5204=DIRECTION('ref_axis',(1.,0.,0.));
#5205=DIRECTION('',(1.,0.,0.));
#5206=DIRECTION('',(-1.,0.,0.));
#5207=DIRECTION('',(0.,1.,0.));
#5208=DIRECTION('center_axis',(-1.,-2.22044604925E-16,0.));
#5209=DIRECTION('ref_axis',(2.22044604925E-16,-1.,0.));
#5210=DIRECTION('',(0.,0.,1.));
#5211=DIRECTION('',(0.,0.,-1.));
#5212=DIRECTION('',(-2.22044604925E-16,1.,0.));
#5213=DIRECTION('center_axis',(0.,0.,1.));
#5214=DIRECTION('ref_axis',(1.,0.,0.));
#5215=DIRECTION('',(1.,0.,0.));
#5216=DIRECTION('',(-1.,0.,0.));
#5217=DIRECTION('',(0.,1.,0.));
#5218=DIRECTION('center_axis',(-1.,-2.22044604925E-16,0.));
#5219=DIRECTION('ref_axis',(2.22044604925E-16,-1.,0.));
#5220=DIRECTION('',(0.,0.,1.));
#5221=DIRECTION('',(0.,0.,-1.));
#5222=DIRECTION('',(-2.22044604925E-16,1.,0.));
#5223=DIRECTION('center_axis',(0.,0.,1.));
#5224=DIRECTION('ref_axis',(1.,0.,0.));
#5225=DIRECTION('',(1.,0.,0.));
#5226=DIRECTION('',(-1.,0.,0.));
#5227=DIRECTION('',(0.,1.,0.));
#5228=DIRECTION('center_axis',(-1.,-2.22044604925E-16,0.));
#5229=DIRECTION('ref_axis',(2.22044604925E-16,-1.,0.));
#5230=DIRECTION('',(0.,0.,1.));
#5231=DIRECTION('',(0.,0.,-1.));
#5232=DIRECTION('',(-2.22044604925E-16,1.,0.));
#5233=DIRECTION('center_axis',(0.,0.,1.));
#5234=DIRECTION('ref_axis',(1.,0.,0.));
#5235=DIRECTION('',(1.,0.,0.));
#5236=DIRECTION('',(-1.,0.,0.));
#5237=DIRECTION('',(0.,1.,0.));
#5238=DIRECTION('center_axis',(-1.,-2.22044604925E-16,0.));
#5239=DIRECTION('ref_axis',(2.22044604925E-16,-1.,0.));
#5240=DIRECTION('',(0.,0.,1.));
#5241=DIRECTION('',(0.,0.,-1.));
#5242=DIRECTION('',(-2.22044604925E-16,1.,0.));
#5243=DIRECTION('center_axis',(0.,0.,1.));
#5244=DIRECTION('ref_axis',(1.,0.,0.));
#5245=DIRECTION('',(1.,0.,0.));
#5246=DIRECTION('',(-1.,0.,0.));
#5247=DIRECTION('',(0.,1.,0.));
#5248=DIRECTION('center_axis',(-1.,-2.22044604925E-16,0.));
#5249=DIRECTION('ref_axis',(2.22044604925E-16,-1.,0.));
#5250=DIRECTION('',(0.,0.,-1.));
#5251=DIRECTION('',(-2.22044604925E-16,1.,0.));
#5252=DIRECTION('center_axis',(-0.707106781186548,-0.707106781186548,0.));
#5253=DIRECTION('ref_axis',(0.707106781186548,-0.707106781186548,0.));
#5254=DIRECTION('',(-0.707106781186547,0.707106781186547,0.));
#5255=DIRECTION('',(0.,0.,-1.));
#5256=DIRECTION('center_axis',(2.22044604925E-16,-1.,0.));
#5257=DIRECTION('ref_axis',(1.,2.22044604925E-16,0.));
#5258=DIRECTION('',(-1.,-2.22044604925E-16,0.));
#5259=DIRECTION('center_axis',(0.,0.,-1.));
#5260=DIRECTION('ref_axis',(0.707106781186548,0.707106781186547,0.));
#5261=DIRECTION('',(1.,9.95799250103E-17,0.));
#5262=DIRECTION('',(0.,1.,0.));
#5263=DIRECTION('',(1.,9.95799250103E-17,0.));
#5264=DIRECTION('',(1.,9.95799250103E-17,0.));
#5265=DIRECTION('',(0.,1.,0.));
#5266=DIRECTION('',(1.,9.95799250103E-17,0.));
#5267=DIRECTION('',(1.,9.95799250103E-17,0.));
#5268=DIRECTION('',(0.,1.,0.));
#5269=DIRECTION('',(1.,9.95799250103E-17,0.));
#5270=DIRECTION('',(1.,9.95799250103E-17,0.));
#5271=DIRECTION('',(0.,1.,0.));
#5272=DIRECTION('',(1.,9.95799250103E-17,0.));
#5273=DIRECTION('',(1.,9.95799250103E-17,0.));
#5274=DIRECTION('',(0.,1.,0.));
#5275=DIRECTION('',(1.,9.95799250103E-17,0.));
#5276=DIRECTION('',(1.,9.95799250103E-17,0.));
#5277=DIRECTION('',(0.,1.,0.));
#5278=DIRECTION('',(1.,9.95799250103E-17,0.));
#5279=DIRECTION('',(1.,9.95799250103E-17,0.));
#5280=DIRECTION('',(0.,1.,0.));
#5281=DIRECTION('',(1.,9.95799250103E-17,0.));
#5282=DIRECTION('',(1.,9.95799250103E-17,0.));
#5283=DIRECTION('',(0.,1.,0.));
#5284=DIRECTION('',(1.,9.95799250103E-17,0.));
#5285=DIRECTION('',(-1.,-2.22044604925E-16,0.));
#5286=DIRECTION('',(0.,-1.,0.));
#5287=DIRECTION('',(-1.,-2.22044604925E-16,0.));
#5288=DIRECTION('',(-1.,-2.22044604925E-16,0.));
#5289=DIRECTION('',(0.,-1.,0.));
#5290=DIRECTION('',(-1.,-2.22044604925E-16,0.));
#5291=DIRECTION('',(-1.,-2.22044604925E-16,0.));
#5292=DIRECTION('',(0.,-1.,0.));
#5293=DIRECTION('',(-1.,-2.22044604925E-16,0.));
#5294=DIRECTION('',(-1.,-2.22044604925E-16,0.));
#5295=DIRECTION('',(0.,-1.,0.));
#5296=DIRECTION('',(-1.,-2.22044604925E-16,0.));
#5297=DIRECTION('',(-1.,-2.22044604925E-16,0.));
#5298=DIRECTION('',(0.,-1.,0.));
#5299=DIRECTION('',(-1.,-2.22044604925E-16,0.));
#5300=DIRECTION('',(-1.,-2.22044604925E-16,0.));
#5301=DIRECTION('',(0.,-1.,0.));
#5302=DIRECTION('',(-1.,-2.22044604925E-16,0.));
#5303=DIRECTION('',(-1.,-2.22044604925E-16,0.));
#5304=DIRECTION('',(0.,-1.,0.));
#5305=DIRECTION('',(-1.,-2.22044604925E-16,0.));
#5306=DIRECTION('',(-1.,-2.22044604925E-16,0.));
#5307=DIRECTION('',(0.,-1.,0.));
#5308=DIRECTION('',(-1.,-2.22044604925E-16,0.));
#5309=DIRECTION('',(-0.707106781186546,-0.707106781186549,0.));
#5310=DIRECTION('',(-1.,0.,0.));
#5311=DIRECTION('',(-0.707106781186546,0.707106781186549,0.));
#5312=DIRECTION('',(0.,-1.,0.));
#5313=DIRECTION('',(0.707106781186546,0.707106781186549,0.));
#5314=DIRECTION('',(1.,0.,0.));
#5315=DIRECTION('',(0.707106781186546,-0.707106781186549,0.));
#5316=DIRECTION('',(0.,1.,0.));
#5317=DIRECTION('center_axis',(-9.95799250103E-17,1.,0.));
#5318=DIRECTION('ref_axis',(-1.,-9.95799250103E-17,0.));
#5319=DIRECTION('center_axis',(-9.95799250103E-17,1.,0.));
#5320=DIRECTION('ref_axis',(1.,9.95799250103E-17,0.));
#5321=DIRECTION('',(0.,0.,1.));
#5322=DIRECTION('center_axis',(9.95799250103E-17,-1.,0.));
#5323=DIRECTION('ref_axis',(1.,9.95799250103E-17,0.));
#5324=DIRECTION('',(1.,9.95799250103E-17,0.));
#5325=DIRECTION('',(0.,0.,1.));
#5326=DIRECTION('',(-1.,-9.95799250103E-17,0.));
#5327=DIRECTION('center_axis',(-9.95799250103E-17,1.,0.));
#5328=DIRECTION('ref_axis',(1.,9.95799250103E-17,0.));
#5329=DIRECTION('',(0.,0.,-1.));
#5330=DIRECTION('center_axis',(9.95799250103E-17,-1.,0.));
#5331=DIRECTION('ref_axis',(1.,9.95799250103E-17,0.));
#5332=DIRECTION('center_axis',(9.95799250103E-17,-1.,0.));
#5333=DIRECTION('ref_axis',(1.,9.95799250103E-17,0.));
#5334=DIRECTION('',(9.95799250103E-17,-1.,0.));
#5335=DIRECTION('center_axis',(9.95799250103E-17,-1.,0.));
#5336=DIRECTION('ref_axis',(1.,9.95799250103E-17,0.));
#5337=DIRECTION('center_axis',(-9.95799250103E-17,1.,0.));
#5338=DIRECTION('ref_axis',(-1.,-9.95799250103E-17,0.));
#5339=DIRECTION('center_axis',(-9.95799250103E-17,1.,0.));
#5340=DIRECTION('ref_axis',(1.,9.95799250103E-17,0.));
#5341=DIRECTION('',(0.,0.,-1.));
#5342=DIRECTION('center_axis',(-9.95799250103E-17,1.,0.));
#5343=DIRECTION('ref_axis',(1.,9.95799250103E-17,0.));
#5344=DIRECTION('',(-1.,-9.95799250103E-17,0.));
#5345=DIRECTION('',(0.,0.,1.));
#5346=DIRECTION('',(1.,9.95799250103E-17,0.));
#5347=DIRECTION('center_axis',(9.95799250103E-17,-1.,0.));
#5348=DIRECTION('ref_axis',(1.,9.95799250103E-17,0.));
#5349=DIRECTION('',(0.,0.,1.));
#5350=DIRECTION('center_axis',(-9.95799250103E-17,1.,0.));
#5351=DIRECTION('ref_axis',(-1.,-9.95799250103E-17,0.));
#5352=DIRECTION('center_axis',(-9.95799250103E-17,1.,0.));
#5353=DIRECTION('ref_axis',(1.,9.95799250103E-17,0.));
#5354=DIRECTION('',(0.,0.,1.));
#5355=DIRECTION('center_axis',(9.95799250103E-17,-1.,0.));
#5356=DIRECTION('ref_axis',(1.,9.95799250103E-17,0.));
#5357=DIRECTION('',(1.,9.95799250103E-17,0.));
#5358=DIRECTION('',(0.,0.,1.));
#5359=DIRECTION('',(-1.,-9.95799250103E-17,0.));
#5360=DIRECTION('center_axis',(-9.95799250103E-17,1.,0.));
#5361=DIRECTION('ref_axis',(1.,9.95799250103E-17,0.));
#5362=DIRECTION('',(0.,0.,-1.));
#5363=DIRECTION('center_axis',(9.95799250103E-17,-1.,0.));
#5364=DIRECTION('ref_axis',(1.,9.95799250103E-17,0.));
#5365=DIRECTION('center_axis',(9.95799250103E-17,-1.,0.));
#5366=DIRECTION('ref_axis',(1.,9.95799250103E-17,0.));
#5367=DIRECTION('',(9.95799250103E-17,-1.,0.));
#5368=DIRECTION('center_axis',(9.95799250103E-17,-1.,0.));
#5369=DIRECTION('ref_axis',(1.,9.95799250103E-17,0.));
#5370=DIRECTION('center_axis',(-9.95799250103E-17,1.,0.));
#5371=DIRECTION('ref_axis',(-1.,-9.95799250103E-17,0.));
#5372=DIRECTION('center_axis',(-9.95799250103E-17,1.,0.));
#5373=DIRECTION('ref_axis',(1.,9.95799250103E-17,0.));
#5374=DIRECTION('',(0.,0.,-1.));
#5375=DIRECTION('center_axis',(-9.95799250103E-17,1.,0.));
#5376=DIRECTION('ref_axis',(1.,9.95799250103E-17,0.));
#5377=DIRECTION('',(-1.,-9.95799250103E-17,0.));
#5378=DIRECTION('',(0.,0.,1.));
#5379=DIRECTION('',(1.,9.95799250103E-17,0.));
#5380=DIRECTION('center_axis',(9.95799250103E-17,-1.,0.));
#5381=DIRECTION('ref_axis',(1.,9.95799250103E-17,0.));
#5382=DIRECTION('',(0.,0.,1.));
#5383=DIRECTION('center_axis',(-9.95799250103E-17,1.,0.));
#5384=DIRECTION('ref_axis',(-1.,-9.95799250103E-17,0.));
#5385=DIRECTION('center_axis',(-9.95799250103E-17,1.,0.));
#5386=DIRECTION('ref_axis',(1.,9.95799250103E-17,0.));
#5387=DIRECTION('',(0.,0.,1.));
#5388=DIRECTION('center_axis',(9.95799250103E-17,-1.,0.));
#5389=DIRECTION('ref_axis',(1.,9.95799250103E-17,0.));
#5390=DIRECTION('',(1.,9.95799250103E-17,0.));
#5391=DIRECTION('',(0.,0.,1.));
#5392=DIRECTION('',(-1.,-9.95799250103E-17,0.));
#5393=DIRECTION('center_axis',(-9.95799250103E-17,1.,0.));
#5394=DIRECTION('ref_axis',(1.,9.95799250103E-17,0.));
#5395=DIRECTION('',(0.,0.,-1.));
#5396=DIRECTION('center_axis',(9.95799250103E-17,-1.,0.));
#5397=DIRECTION('ref_axis',(1.,9.95799250103E-17,0.));
#5398=DIRECTION('center_axis',(9.95799250103E-17,-1.,0.));
#5399=DIRECTION('ref_axis',(1.,9.95799250103E-17,0.));
#5400=DIRECTION('',(9.95799250103E-17,-1.,0.));
#5401=DIRECTION('center_axis',(9.95799250103E-17,-1.,0.));
#5402=DIRECTION('ref_axis',(1.,9.95799250103E-17,0.));
#5403=DIRECTION('center_axis',(-9.95799250103E-17,1.,0.));
#5404=DIRECTION('ref_axis',(-1.,-9.95799250103E-17,0.));
#5405=DIRECTION('center_axis',(-9.95799250103E-17,1.,0.));
#5406=DIRECTION('ref_axis',(1.,9.95799250103E-17,0.));
#5407=DIRECTION('',(0.,0.,-1.));
#5408=DIRECTION('center_axis',(-9.95799250103E-17,1.,0.));
#5409=DIRECTION('ref_axis',(1.,9.95799250103E-17,0.));
#5410=DIRECTION('',(-1.,-9.95799250103E-17,0.));
#5411=DIRECTION('',(0.,0.,1.));
#5412=DIRECTION('',(1.,9.95799250103E-17,0.));
#5413=DIRECTION('center_axis',(9.95799250103E-17,-1.,0.));
#5414=DIRECTION('ref_axis',(1.,9.95799250103E-17,0.));
#5415=DIRECTION('',(0.,0.,1.));
#5416=DIRECTION('center_axis',(-9.95799250103E-17,1.,0.));
#5417=DIRECTION('ref_axis',(-1.,-9.95799250103E-17,0.));
#5418=DIRECTION('center_axis',(-9.95799250103E-17,1.,0.));
#5419=DIRECTION('ref_axis',(1.,9.95799250103E-17,0.));
#5420=DIRECTION('',(0.,0.,1.));
#5421=DIRECTION('center_axis',(9.95799250103E-17,-1.,0.));
#5422=DIRECTION('ref_axis',(1.,9.95799250103E-17,0.));
#5423=DIRECTION('',(1.,9.95799250103E-17,0.));
#5424=DIRECTION('',(0.,0.,1.));
#5425=DIRECTION('',(-1.,-9.95799250103E-17,0.));
#5426=DIRECTION('center_axis',(-9.95799250103E-17,1.,0.));
#5427=DIRECTION('ref_axis',(1.,9.95799250103E-17,0.));
#5428=DIRECTION('',(0.,0.,-1.));
#5429=DIRECTION('center_axis',(9.95799250103E-17,-1.,0.));
#5430=DIRECTION('ref_axis',(1.,9.95799250103E-17,0.));
#5431=DIRECTION('center_axis',(9.95799250103E-17,-1.,0.));
#5432=DIRECTION('ref_axis',(1.,9.95799250103E-17,0.));
#5433=DIRECTION('',(9.95799250103E-17,-1.,0.));
#5434=DIRECTION('center_axis',(9.95799250103E-17,-1.,0.));
#5435=DIRECTION('ref_axis',(1.,9.95799250103E-17,0.));
#5436=DIRECTION('center_axis',(-9.95799250103E-17,1.,0.));
#5437=DIRECTION('ref_axis',(-1.,-9.95799250103E-17,0.));
#5438=DIRECTION('center_axis',(-9.95799250103E-17,1.,0.));
#5439=DIRECTION('ref_axis',(1.,9.95799250103E-17,0.));
#5440=DIRECTION('',(0.,0.,-1.));
#5441=DIRECTION('center_axis',(-9.95799250103E-17,1.,0.));
#5442=DIRECTION('ref_axis',(1.,9.95799250103E-17,0.));
#5443=DIRECTION('',(-1.,-9.95799250103E-17,0.));
#5444=DIRECTION('',(0.,0.,1.));
#5445=DIRECTION('',(1.,9.95799250103E-17,0.));
#5446=DIRECTION('center_axis',(9.95799250103E-17,-1.,0.));
#5447=DIRECTION('ref_axis',(1.,9.95799250103E-17,0.));
#5448=DIRECTION('',(0.,0.,1.));
#5449=DIRECTION('center_axis',(-9.95799250103E-17,1.,0.));
#5450=DIRECTION('ref_axis',(-1.,-9.95799250103E-17,0.));
#5451=DIRECTION('center_axis',(-9.95799250103E-17,1.,0.));
#5452=DIRECTION('ref_axis',(1.,9.95799250103E-17,0.));
#5453=DIRECTION('',(0.,0.,1.));
#5454=DIRECTION('center_axis',(9.95799250103E-17,-1.,0.));
#5455=DIRECTION('ref_axis',(1.,9.95799250103E-17,0.));
#5456=DIRECTION('',(1.,9.95799250103E-17,0.));
#5457=DIRECTION('',(0.,0.,1.));
#5458=DIRECTION('',(-1.,-9.95799250103E-17,0.));
#5459=DIRECTION('center_axis',(-9.95799250103E-17,1.,0.));
#5460=DIRECTION('ref_axis',(1.,9.95799250103E-17,0.));
#5461=DIRECTION('',(0.,0.,-1.));
#5462=DIRECTION('center_axis',(9.95799250103E-17,-1.,0.));
#5463=DIRECTION('ref_axis',(1.,9.95799250103E-17,0.));
#5464=DIRECTION('center_axis',(9.95799250103E-17,-1.,0.));
#5465=DIRECTION('ref_axis',(1.,9.95799250103E-17,0.));
#5466=DIRECTION('',(9.95799250103E-17,-1.,0.));
#5467=DIRECTION('center_axis',(9.95799250103E-17,-1.,0.));
#5468=DIRECTION('ref_axis',(1.,9.95799250103E-17,0.));
#5469=DIRECTION('center_axis',(-9.95799250103E-17,1.,0.));
#5470=DIRECTION('ref_axis',(-1.,-9.95799250103E-17,0.));
#5471=DIRECTION('center_axis',(-9.95799250103E-17,1.,0.));
#5472=DIRECTION('ref_axis',(1.,9.95799250103E-17,0.));
#5473=DIRECTION('',(0.,0.,-1.));
#5474=DIRECTION('center_axis',(-9.95799250103E-17,1.,0.));
#5475=DIRECTION('ref_axis',(1.,9.95799250103E-17,0.));
#5476=DIRECTION('',(-1.,-9.95799250103E-17,0.));
#5477=DIRECTION('',(0.,0.,1.));
#5478=DIRECTION('',(1.,9.95799250103E-17,0.));
#5479=DIRECTION('center_axis',(9.95799250103E-17,-1.,0.));
#5480=DIRECTION('ref_axis',(1.,9.95799250103E-17,0.));
#5481=DIRECTION('',(0.,0.,1.));
#5482=DIRECTION('center_axis',(-9.95799250103E-17,1.,0.));
#5483=DIRECTION('ref_axis',(-1.,-9.95799250103E-17,0.));
#5484=DIRECTION('center_axis',(-9.95799250103E-17,1.,0.));
#5485=DIRECTION('ref_axis',(1.,9.95799250103E-17,0.));
#5486=DIRECTION('',(0.,0.,1.));
#5487=DIRECTION('center_axis',(9.95799250103E-17,-1.,0.));
#5488=DIRECTION('ref_axis',(1.,9.95799250103E-17,0.));
#5489=DIRECTION('',(1.,9.95799250103E-17,0.));
#5490=DIRECTION('',(0.,0.,1.));
#5491=DIRECTION('',(-1.,-9.95799250103E-17,0.));
#5492=DIRECTION('center_axis',(-9.95799250103E-17,1.,0.));
#5493=DIRECTION('ref_axis',(1.,9.95799250103E-17,0.));
#5494=DIRECTION('',(0.,0.,-1.));
#5495=DIRECTION('center_axis',(9.95799250103E-17,-1.,0.));
#5496=DIRECTION('ref_axis',(1.,9.95799250103E-17,0.));
#5497=DIRECTION('center_axis',(9.95799250103E-17,-1.,0.));
#5498=DIRECTION('ref_axis',(1.,9.95799250103E-17,0.));
#5499=DIRECTION('',(9.95799250103E-17,-1.,0.));
#5500=DIRECTION('center_axis',(9.95799250103E-17,-1.,0.));
#5501=DIRECTION('ref_axis',(1.,9.95799250103E-17,0.));
#5502=DIRECTION('center_axis',(-9.95799250103E-17,1.,0.));
#5503=DIRECTION('ref_axis',(-1.,-9.95799250103E-17,0.));
#5504=DIRECTION('center_axis',(-9.95799250103E-17,1.,0.));
#5505=DIRECTION('ref_axis',(1.,9.95799250103E-17,0.));
#5506=DIRECTION('',(0.,0.,-1.));
#5507=DIRECTION('center_axis',(-9.95799250103E-17,1.,0.));
#5508=DIRECTION('ref_axis',(1.,9.95799250103E-17,0.));
#5509=DIRECTION('',(-1.,-9.95799250103E-17,0.));
#5510=DIRECTION('',(0.,0.,1.));
#5511=DIRECTION('',(1.,9.95799250103E-17,0.));
#5512=DIRECTION('center_axis',(9.95799250103E-17,-1.,0.));
#5513=DIRECTION('ref_axis',(1.,9.95799250103E-17,0.));
#5514=DIRECTION('',(0.,0.,1.));
#5515=DIRECTION('center_axis',(-9.95799250103E-17,1.,0.));
#5516=DIRECTION('ref_axis',(-1.,-9.95799250103E-17,0.));
#5517=DIRECTION('center_axis',(-9.95799250103E-17,1.,0.));
#5518=DIRECTION('ref_axis',(1.,9.95799250103E-17,0.));
#5519=DIRECTION('',(0.,0.,1.));
#5520=DIRECTION('center_axis',(9.95799250103E-17,-1.,0.));
#5521=DIRECTION('ref_axis',(1.,9.95799250103E-17,0.));
#5522=DIRECTION('',(1.,9.95799250103E-17,0.));
#5523=DIRECTION('',(0.,0.,1.));
#5524=DIRECTION('',(-1.,-9.95799250103E-17,0.));
#5525=DIRECTION('center_axis',(-9.95799250103E-17,1.,0.));
#5526=DIRECTION('ref_axis',(1.,9.95799250103E-17,0.));
#5527=DIRECTION('',(0.,0.,-1.));
#5528=DIRECTION('center_axis',(9.95799250103E-17,-1.,0.));
#5529=DIRECTION('ref_axis',(1.,9.95799250103E-17,0.));
#5530=DIRECTION('center_axis',(9.95799250103E-17,-1.,0.));
#5531=DIRECTION('ref_axis',(1.,9.95799250103E-17,0.));
#5532=DIRECTION('',(9.95799250103E-17,-1.,0.));
#5533=DIRECTION('center_axis',(9.95799250103E-17,-1.,0.));
#5534=DIRECTION('ref_axis',(1.,9.95799250103E-17,0.));
#5535=DIRECTION('center_axis',(-9.95799250103E-17,1.,0.));
#5536=DIRECTION('ref_axis',(-1.,-9.95799250103E-17,0.));
#5537=DIRECTION('center_axis',(-9.95799250103E-17,1.,0.));
#5538=DIRECTION('ref_axis',(1.,9.95799250103E-17,0.));
#5539=DIRECTION('',(0.,0.,-1.));
#5540=DIRECTION('center_axis',(-9.95799250103E-17,1.,0.));
#5541=DIRECTION('ref_axis',(1.,9.95799250103E-17,0.));
#5542=DIRECTION('',(-1.,-9.95799250103E-17,0.));
#5543=DIRECTION('',(0.,0.,1.));
#5544=DIRECTION('',(1.,9.95799250103E-17,0.));
#5545=DIRECTION('center_axis',(9.95799250103E-17,-1.,0.));
#5546=DIRECTION('ref_axis',(1.,9.95799250103E-17,0.));
#5547=DIRECTION('',(0.,0.,1.));
#5548=DIRECTION('center_axis',(-9.95799250103E-17,1.,0.));
#5549=DIRECTION('ref_axis',(-1.,-9.95799250103E-17,0.));
#5550=DIRECTION('center_axis',(-9.95799250103E-17,1.,0.));
#5551=DIRECTION('ref_axis',(1.,9.95799250103E-17,0.));
#5552=DIRECTION('',(0.,0.,1.));
#5553=DIRECTION('center_axis',(9.95799250103E-17,-1.,0.));
#5554=DIRECTION('ref_axis',(1.,9.95799250103E-17,0.));
#5555=DIRECTION('',(1.,9.95799250103E-17,0.));
#5556=DIRECTION('',(0.,0.,1.));
#5557=DIRECTION('',(-1.,-9.95799250103E-17,0.));
#5558=DIRECTION('center_axis',(-9.95799250103E-17,1.,0.));
#5559=DIRECTION('ref_axis',(1.,9.95799250103E-17,0.));
#5560=DIRECTION('',(0.,0.,-1.));
#5561=DIRECTION('center_axis',(9.95799250103E-17,-1.,0.));
#5562=DIRECTION('ref_axis',(1.,9.95799250103E-17,0.));
#5563=DIRECTION('center_axis',(9.95799250103E-17,-1.,0.));
#5564=DIRECTION('ref_axis',(1.,9.95799250103E-17,0.));
#5565=DIRECTION('',(9.95799250103E-17,-1.,0.));
#5566=DIRECTION('center_axis',(9.95799250103E-17,-1.,0.));
#5567=DIRECTION('ref_axis',(1.,9.95799250103E-17,0.));
#5568=DIRECTION('center_axis',(-9.95799250103E-17,1.,0.));
#5569=DIRECTION('ref_axis',(-1.,-9.95799250103E-17,0.));
#5570=DIRECTION('center_axis',(-9.95799250103E-17,1.,0.));
#5571=DIRECTION('ref_axis',(1.,9.95799250103E-17,0.));
#5572=DIRECTION('',(0.,0.,-1.));
#5573=DIRECTION('center_axis',(-9.95799250103E-17,1.,0.));
#5574=DIRECTION('ref_axis',(1.,9.95799250103E-17,0.));
#5575=DIRECTION('',(-1.,-9.95799250103E-17,0.));
#5576=DIRECTION('',(0.,0.,1.));
#5577=DIRECTION('',(1.,9.95799250103E-17,0.));
#5578=DIRECTION('center_axis',(9.95799250103E-17,-1.,0.));
#5579=DIRECTION('ref_axis',(1.,9.95799250103E-17,0.));
#5580=DIRECTION('',(0.,0.,1.));
#5581=DIRECTION('center_axis',(2.22044604925E-16,-1.,0.));
#5582=DIRECTION('ref_axis',(1.,2.22044604925E-16,0.));
#5583=DIRECTION('center_axis',(2.22044604925E-16,-1.,0.));
#5584=DIRECTION('ref_axis',(-1.,-2.22044604925E-16,0.));
#5585=DIRECTION('',(0.,0.,1.));
#5586=DIRECTION('center_axis',(-2.22044604925E-16,1.,0.));
#5587=DIRECTION('ref_axis',(-1.,-2.22044604925E-16,0.));
#5588=DIRECTION('',(-1.,-2.22044604925E-16,0.));
#5589=DIRECTION('',(0.,0.,1.));
#5590=DIRECTION('',(1.,2.22044604925E-16,0.));
#5591=DIRECTION('center_axis',(2.22044604925E-16,-1.,0.));
#5592=DIRECTION('ref_axis',(-1.,-2.22044604925E-16,0.));
#5593=DIRECTION('',(0.,0.,-1.));
#5594=DIRECTION('center_axis',(-2.22044604925E-16,1.,0.));
#5595=DIRECTION('ref_axis',(-1.,-2.22044604925E-16,0.));
#5596=DIRECTION('center_axis',(-2.22044604925E-16,1.,0.));
#5597=DIRECTION('ref_axis',(-1.,-2.22044604925E-16,0.));
#5598=DIRECTION('',(-2.22044604925E-16,1.,0.));
#5599=DIRECTION('center_axis',(-2.22044604925E-16,1.,0.));
#5600=DIRECTION('ref_axis',(-1.,-2.22044604925E-16,0.));
#5601=DIRECTION('center_axis',(2.22044604925E-16,-1.,0.));
#5602=DIRECTION('ref_axis',(1.,2.22044604925E-16,0.));
#5603=DIRECTION('center_axis',(2.22044604925E-16,-1.,0.));
#5604=DIRECTION('ref_axis',(-1.,-2.22044604925E-16,0.));
#5605=DIRECTION('',(0.,0.,-1.));
#5606=DIRECTION('center_axis',(2.22044604925E-16,-1.,0.));
#5607=DIRECTION('ref_axis',(-1.,-2.22044604925E-16,0.));
#5608=DIRECTION('',(1.,2.22044604925E-16,0.));
#5609=DIRECTION('',(0.,0.,1.));
#5610=DIRECTION('',(-1.,-2.22044604925E-16,0.));
#5611=DIRECTION('center_axis',(-2.22044604925E-16,1.,0.));
#5612=DIRECTION('ref_axis',(-1.,-2.22044604925E-16,0.));
#5613=DIRECTION('',(0.,0.,1.));
#5614=DIRECTION('center_axis',(2.22044604925E-16,-1.,0.));
#5615=DIRECTION('ref_axis',(1.,2.22044604925E-16,0.));
#5616=DIRECTION('center_axis',(2.22044604925E-16,-1.,0.));
#5617=DIRECTION('ref_axis',(-1.,-2.22044604925E-16,0.));
#5618=DIRECTION('',(0.,0.,1.));
#5619=DIRECTION('center_axis',(-2.22044604925E-16,1.,0.));
#5620=DIRECTION('ref_axis',(-1.,-2.22044604925E-16,0.));
#5621=DIRECTION('',(-1.,-2.22044604925E-16,0.));
#5622=DIRECTION('',(0.,0.,1.));
#5623=DIRECTION('',(1.,2.22044604925E-16,0.));
#5624=DIRECTION('center_axis',(2.22044604925E-16,-1.,0.));
#5625=DIRECTION('ref_axis',(-1.,-2.22044604925E-16,0.));
#5626=DIRECTION('',(0.,0.,-1.));
#5627=DIRECTION('center_axis',(-2.22044604925E-16,1.,0.));
#5628=DIRECTION('ref_axis',(-1.,-2.22044604925E-16,0.));
#5629=DIRECTION('center_axis',(-2.22044604925E-16,1.,0.));
#5630=DIRECTION('ref_axis',(-1.,-2.22044604925E-16,0.));
#5631=DIRECTION('',(-2.22044604925E-16,1.,0.));
#5632=DIRECTION('center_axis',(-2.22044604925E-16,1.,0.));
#5633=DIRECTION('ref_axis',(-1.,-2.22044604925E-16,0.));
#5634=DIRECTION('center_axis',(2.22044604925E-16,-1.,0.));
#5635=DIRECTION('ref_axis',(1.,2.22044604925E-16,0.));
#5636=DIRECTION('center_axis',(2.22044604925E-16,-1.,0.));
#5637=DIRECTION('ref_axis',(-1.,-2.22044604925E-16,0.));
#5638=DIRECTION('',(0.,0.,-1.));
#5639=DIRECTION('center_axis',(2.22044604925E-16,-1.,0.));
#5640=DIRECTION('ref_axis',(-1.,-2.22044604925E-16,0.));
#5641=DIRECTION('',(1.,2.22044604925E-16,0.));
#5642=DIRECTION('',(0.,0.,1.));
#5643=DIRECTION('',(-1.,-2.22044604925E-16,0.));
#5644=DIRECTION('center_axis',(-2.22044604925E-16,1.,0.));
#5645=DIRECTION('ref_axis',(-1.,-2.22044604925E-16,0.));
#5646=DIRECTION('',(0.,0.,1.));
#5647=DIRECTION('center_axis',(2.22044604925E-16,-1.,0.));
#5648=DIRECTION('ref_axis',(1.,2.22044604925E-16,0.));
#5649=DIRECTION('center_axis',(2.22044604925E-16,-1.,0.));
#5650=DIRECTION('ref_axis',(-1.,-2.22044604925E-16,0.));
#5651=DIRECTION('',(0.,0.,1.));
#5652=DIRECTION('center_axis',(-2.22044604925E-16,1.,0.));
#5653=DIRECTION('ref_axis',(-1.,-2.22044604925E-16,0.));
#5654=DIRECTION('',(-1.,-2.22044604925E-16,0.));
#5655=DIRECTION('',(0.,0.,1.));
#5656=DIRECTION('',(1.,2.22044604925E-16,0.));
#5657=DIRECTION('center_axis',(2.22044604925E-16,-1.,0.));
#5658=DIRECTION('ref_axis',(-1.,-2.22044604925E-16,0.));
#5659=DIRECTION('',(0.,0.,-1.));
#5660=DIRECTION('center_axis',(-2.22044604925E-16,1.,0.));
#5661=DIRECTION('ref_axis',(-1.,-2.22044604925E-16,0.));
#5662=DIRECTION('center_axis',(-2.22044604925E-16,1.,0.));
#5663=DIRECTION('ref_axis',(-1.,-2.22044604925E-16,0.));
#5664=DIRECTION('',(-2.22044604925E-16,1.,0.));
#5665=DIRECTION('center_axis',(-2.22044604925E-16,1.,0.));
#5666=DIRECTION('ref_axis',(-1.,-2.22044604925E-16,0.));
#5667=DIRECTION('center_axis',(2.22044604925E-16,-1.,0.));
#5668=DIRECTION('ref_axis',(1.,2.22044604925E-16,0.));
#5669=DIRECTION('center_axis',(2.22044604925E-16,-1.,0.));
#5670=DIRECTION('ref_axis',(-1.,-2.22044604925E-16,0.));
#5671=DIRECTION('',(0.,0.,-1.));
#5672=DIRECTION('center_axis',(2.22044604925E-16,-1.,0.));
#5673=DIRECTION('ref_axis',(-1.,-2.22044604925E-16,0.));
#5674=DIRECTION('',(1.,2.22044604925E-16,0.));
#5675=DIRECTION('',(0.,0.,1.));
#5676=DIRECTION('',(-1.,-2.22044604925E-16,0.));
#5677=DIRECTION('center_axis',(-2.22044604925E-16,1.,0.));
#5678=DIRECTION('ref_axis',(-1.,-2.22044604925E-16,0.));
#5679=DIRECTION('',(0.,0.,1.));
#5680=DIRECTION('center_axis',(2.22044604925E-16,-1.,0.));
#5681=DIRECTION('ref_axis',(1.,2.22044604925E-16,0.));
#5682=DIRECTION('center_axis',(2.22044604925E-16,-1.,0.));
#5683=DIRECTION('ref_axis',(-1.,-2.22044604925E-16,0.));
#5684=DIRECTION('',(0.,0.,1.));
#5685=DIRECTION('center_axis',(-2.22044604925E-16,1.,0.));
#5686=DIRECTION('ref_axis',(-1.,-2.22044604925E-16,0.));
#5687=DIRECTION('',(-1.,-2.22044604925E-16,0.));
#5688=DIRECTION('',(0.,0.,1.));
#5689=DIRECTION('',(1.,2.22044604925E-16,0.));
#5690=DIRECTION('center_axis',(2.22044604925E-16,-1.,0.));
#5691=DIRECTION('ref_axis',(-1.,-2.22044604925E-16,0.));
#5692=DIRECTION('',(0.,0.,-1.));
#5693=DIRECTION('center_axis',(-2.22044604925E-16,1.,0.));
#5694=DIRECTION('ref_axis',(-1.,-2.22044604925E-16,0.));
#5695=DIRECTION('center_axis',(-2.22044604925E-16,1.,0.));
#5696=DIRECTION('ref_axis',(-1.,-2.22044604925E-16,0.));
#5697=DIRECTION('',(-2.22044604925E-16,1.,0.));
#5698=DIRECTION('center_axis',(-2.22044604925E-16,1.,0.));
#5699=DIRECTION('ref_axis',(-1.,-2.22044604925E-16,0.));
#5700=DIRECTION('center_axis',(2.22044604925E-16,-1.,0.));
#5701=DIRECTION('ref_axis',(1.,2.22044604925E-16,0.));
#5702=DIRECTION('center_axis',(2.22044604925E-16,-1.,0.));
#5703=DIRECTION('ref_axis',(-1.,-2.22044604925E-16,0.));
#5704=DIRECTION('',(0.,0.,-1.));
#5705=DIRECTION('center_axis',(2.22044604925E-16,-1.,0.));
#5706=DIRECTION('ref_axis',(-1.,-2.22044604925E-16,0.));
#5707=DIRECTION('',(1.,2.22044604925E-16,0.));
#5708=DIRECTION('',(0.,0.,1.));
#5709=DIRECTION('',(-1.,-2.22044604925E-16,0.));
#5710=DIRECTION('center_axis',(-2.22044604925E-16,1.,0.));
#5711=DIRECTION('ref_axis',(-1.,-2.22044604925E-16,0.));
#5712=DIRECTION('',(0.,0.,1.));
#5713=DIRECTION('center_axis',(2.22044604925E-16,-1.,0.));
#5714=DIRECTION('ref_axis',(1.,2.22044604925E-16,0.));
#5715=DIRECTION('center_axis',(2.22044604925E-16,-1.,0.));
#5716=DIRECTION('ref_axis',(-1.,-2.22044604925E-16,0.));
#5717=DIRECTION('',(0.,0.,1.));
#5718=DIRECTION('center_axis',(-2.22044604925E-16,1.,0.));
#5719=DIRECTION('ref_axis',(-1.,-2.22044604925E-16,0.));
#5720=DIRECTION('',(-1.,-2.22044604925E-16,0.));
#5721=DIRECTION('',(0.,0.,1.));
#5722=DIRECTION('',(1.,2.22044604925E-16,0.));
#5723=DIRECTION('center_axis',(2.22044604925E-16,-1.,0.));
#5724=DIRECTION('ref_axis',(-1.,-2.22044604925E-16,0.));
#5725=DIRECTION('',(0.,0.,-1.));
#5726=DIRECTION('center_axis',(-2.22044604925E-16,1.,0.));
#5727=DIRECTION('ref_axis',(-1.,-2.22044604925E-16,0.));
#5728=DIRECTION('center_axis',(-2.22044604925E-16,1.,0.));
#5729=DIRECTION('ref_axis',(-1.,-2.22044604925E-16,0.));
#5730=DIRECTION('',(-2.22044604925E-16,1.,0.));
#5731=DIRECTION('center_axis',(-2.22044604925E-16,1.,0.));
#5732=DIRECTION('ref_axis',(-1.,-2.22044604925E-16,0.));
#5733=DIRECTION('center_axis',(2.22044604925E-16,-1.,0.));
#5734=DIRECTION('ref_axis',(1.,2.22044604925E-16,0.));
#5735=DIRECTION('center_axis',(2.22044604925E-16,-1.,0.));
#5736=DIRECTION('ref_axis',(-1.,-2.22044604925E-16,0.));
#5737=DIRECTION('',(0.,0.,-1.));
#5738=DIRECTION('center_axis',(2.22044604925E-16,-1.,0.));
#5739=DIRECTION('ref_axis',(-1.,-2.22044604925E-16,0.));
#5740=DIRECTION('',(1.,2.22044604925E-16,0.));
#5741=DIRECTION('',(0.,0.,1.));
#5742=DIRECTION('',(-1.,-2.22044604925E-16,0.));
#5743=DIRECTION('center_axis',(-2.22044604925E-16,1.,0.));
#5744=DIRECTION('ref_axis',(-1.,-2.22044604925E-16,0.));
#5745=DIRECTION('',(0.,0.,1.));
#5746=DIRECTION('center_axis',(2.22044604925E-16,-1.,0.));
#5747=DIRECTION('ref_axis',(1.,2.22044604925E-16,0.));
#5748=DIRECTION('center_axis',(2.22044604925E-16,-1.,0.));
#5749=DIRECTION('ref_axis',(-1.,-2.22044604925E-16,0.));
#5750=DIRECTION('',(0.,0.,1.));
#5751=DIRECTION('center_axis',(-2.22044604925E-16,1.,0.));
#5752=DIRECTION('ref_axis',(-1.,-2.22044604925E-16,0.));
#5753=DIRECTION('',(-1.,-2.22044604925E-16,0.));
#5754=DIRECTION('',(0.,0.,1.));
#5755=DIRECTION('',(1.,2.22044604925E-16,0.));
#5756=DIRECTION('center_axis',(2.22044604925E-16,-1.,0.));
#5757=DIRECTION('ref_axis',(-1.,-2.22044604925E-16,0.));
#5758=DIRECTION('',(0.,0.,-1.));
#5759=DIRECTION('center_axis',(-2.22044604925E-16,1.,0.));
#5760=DIRECTION('ref_axis',(-1.,-2.22044604925E-16,0.));
#5761=DIRECTION('center_axis',(-2.22044604925E-16,1.,0.));
#5762=DIRECTION('ref_axis',(-1.,-2.22044604925E-16,0.));
#5763=DIRECTION('',(-2.22044604925E-16,1.,0.));
#5764=DIRECTION('center_axis',(-2.22044604925E-16,1.,0.));
#5765=DIRECTION('ref_axis',(-1.,-2.22044604925E-16,0.));
#5766=DIRECTION('center_axis',(2.22044604925E-16,-1.,0.));
#5767=DIRECTION('ref_axis',(1.,2.22044604925E-16,0.));
#5768=DIRECTION('center_axis',(2.22044604925E-16,-1.,0.));
#5769=DIRECTION('ref_axis',(-1.,-2.22044604925E-16,0.));
#5770=DIRECTION('',(0.,0.,-1.));
#5771=DIRECTION('center_axis',(2.22044604925E-16,-1.,0.));
#5772=DIRECTION('ref_axis',(-1.,-2.22044604925E-16,0.));
#5773=DIRECTION('',(1.,2.22044604925E-16,0.));
#5774=DIRECTION('',(0.,0.,1.));
#5775=DIRECTION('',(-1.,-2.22044604925E-16,0.));
#5776=DIRECTION('center_axis',(-2.22044604925E-16,1.,0.));
#5777=DIRECTION('ref_axis',(-1.,-2.22044604925E-16,0.));
#5778=DIRECTION('',(0.,0.,1.));
#5779=DIRECTION('center_axis',(2.22044604925E-16,-1.,0.));
#5780=DIRECTION('ref_axis',(1.,2.22044604925E-16,0.));
#5781=DIRECTION('center_axis',(2.22044604925E-16,-1.,0.));
#5782=DIRECTION('ref_axis',(-1.,-2.22044604925E-16,0.));
#5783=DIRECTION('',(0.,0.,1.));
#5784=DIRECTION('center_axis',(-2.22044604925E-16,1.,0.));
#5785=DIRECTION('ref_axis',(-1.,-2.22044604925E-16,0.));
#5786=DIRECTION('',(-1.,-2.22044604925E-16,0.));
#5787=DIRECTION('',(0.,0.,1.));
#5788=DIRECTION('',(1.,2.22044604925E-16,0.));
#5789=DIRECTION('center_axis',(2.22044604925E-16,-1.,0.));
#5790=DIRECTION('ref_axis',(-1.,-2.22044604925E-16,0.));
#5791=DIRECTION('',(0.,0.,-1.));
#5792=DIRECTION('center_axis',(-2.22044604925E-16,1.,0.));
#5793=DIRECTION('ref_axis',(-1.,-2.22044604925E-16,0.));
#5794=DIRECTION('center_axis',(-2.22044604925E-16,1.,0.));
#5795=DIRECTION('ref_axis',(-1.,-2.22044604925E-16,0.));
#5796=DIRECTION('',(-2.22044604925E-16,1.,0.));
#5797=DIRECTION('center_axis',(-2.22044604925E-16,1.,0.));
#5798=DIRECTION('ref_axis',(-1.,-2.22044604925E-16,0.));
#5799=DIRECTION('center_axis',(2.22044604925E-16,-1.,0.));
#5800=DIRECTION('ref_axis',(1.,2.22044604925E-16,0.));
#5801=DIRECTION('center_axis',(2.22044604925E-16,-1.,0.));
#5802=DIRECTION('ref_axis',(-1.,-2.22044604925E-16,0.));
#5803=DIRECTION('',(0.,0.,-1.));
#5804=DIRECTION('center_axis',(2.22044604925E-16,-1.,0.));
#5805=DIRECTION('ref_axis',(-1.,-2.22044604925E-16,0.));
#5806=DIRECTION('',(1.,2.22044604925E-16,0.));
#5807=DIRECTION('',(0.,0.,1.));
#5808=DIRECTION('',(-1.,-2.22044604925E-16,0.));
#5809=DIRECTION('center_axis',(-2.22044604925E-16,1.,0.));
#5810=DIRECTION('ref_axis',(-1.,-2.22044604925E-16,0.));
#5811=DIRECTION('',(0.,0.,1.));
#5812=DIRECTION('center_axis',(2.22044604925E-16,-1.,0.));
#5813=DIRECTION('ref_axis',(1.,2.22044604925E-16,0.));
#5814=DIRECTION('center_axis',(2.22044604925E-16,-1.,0.));
#5815=DIRECTION('ref_axis',(-1.,-2.22044604925E-16,0.));
#5816=DIRECTION('',(0.,0.,1.));
#5817=DIRECTION('center_axis',(-2.22044604925E-16,1.,0.));
#5818=DIRECTION('ref_axis',(-1.,-2.22044604925E-16,0.));
#5819=DIRECTION('',(-1.,-2.22044604925E-16,0.));
#5820=DIRECTION('',(0.,0.,1.));
#5821=DIRECTION('',(1.,2.22044604925E-16,0.));
#5822=DIRECTION('center_axis',(2.22044604925E-16,-1.,0.));
#5823=DIRECTION('ref_axis',(-1.,-2.22044604925E-16,0.));
#5824=DIRECTION('',(0.,0.,-1.));
#5825=DIRECTION('center_axis',(-2.22044604925E-16,1.,0.));
#5826=DIRECTION('ref_axis',(-1.,-2.22044604925E-16,0.));
#5827=DIRECTION('center_axis',(-2.22044604925E-16,1.,0.));
#5828=DIRECTION('ref_axis',(-1.,-2.22044604925E-16,0.));
#5829=DIRECTION('',(-2.22044604925E-16,1.,0.));
#5830=DIRECTION('center_axis',(-2.22044604925E-16,1.,0.));
#5831=DIRECTION('ref_axis',(-1.,-2.22044604925E-16,0.));
#5832=DIRECTION('center_axis',(2.22044604925E-16,-1.,0.));
#5833=DIRECTION('ref_axis',(1.,2.22044604925E-16,0.));
#5834=DIRECTION('center_axis',(2.22044604925E-16,-1.,0.));
#5835=DIRECTION('ref_axis',(-1.,-2.22044604925E-16,0.));
#5836=DIRECTION('',(0.,0.,-1.));
#5837=DIRECTION('center_axis',(2.22044604925E-16,-1.,0.));
#5838=DIRECTION('ref_axis',(-1.,-2.22044604925E-16,0.));
#5839=DIRECTION('',(1.,2.22044604925E-16,0.));
#5840=DIRECTION('',(0.,0.,1.));
#5841=DIRECTION('',(-1.,-2.22044604925E-16,0.));
#5842=DIRECTION('center_axis',(-2.22044604925E-16,1.,0.));
#5843=DIRECTION('ref_axis',(-1.,-2.22044604925E-16,0.));
#5844=DIRECTION('',(0.,0.,1.));
#5845=DIRECTION('center_axis',(0.689793693484688,-0.689793693484685,-0.219930263623515));
#5846=DIRECTION('ref_axis',(0.707106781186546,0.707106781186549,-1.38777878078145E-17));
#5847=DIRECTION('',(-0.707106781186553,-0.707106781186542,0.));
#5848=DIRECTION('',(0.103398641623913,-0.206797283246745,0.972904725321085));
#5849=DIRECTION('',(0.206797283246745,-0.103398641623912,0.972904725321085));
#5850=DIRECTION('center_axis',(9.95799250103E-17,-1.,0.));
#5851=DIRECTION('ref_axis',(1.,9.95799250103E-17,0.));
#5852=DIRECTION('',(9.95799250103E-17,-1.,0.));
#5853=DIRECTION('center_axis',(1.,9.95799250103E-17,0.));
#5854=DIRECTION('ref_axis',(-9.95799250103E-17,1.,0.));
#5855=DIRECTION('',(-9.95799250103E-17,1.,0.));
#5856=DIRECTION('center_axis',(9.95799250103E-17,-1.,0.));
#5857=DIRECTION('ref_axis',(1.,9.95799250103E-17,0.));
#5858=DIRECTION('',(-9.95799250103E-17,1.,0.));
#5859=DIRECTION('center_axis',(0.,0.,-1.));
#5860=DIRECTION('ref_axis',(-1.,0.,0.));
#5861=DIRECTION('',(0.,1.,0.));
#5862=DIRECTION('center_axis',(1.,9.95799250103E-17,0.));
#5863=DIRECTION('ref_axis',(-9.95799250103E-17,1.,0.));
#5864=DIRECTION('',(-9.95799250103E-17,1.,0.));
#5865=DIRECTION('center_axis',(0.,0.,1.));
#5866=DIRECTION('ref_axis',(1.,0.,0.));
#5867=DIRECTION('',(0.,1.,0.));
#5868=DIRECTION('center_axis',(9.95799250103E-17,-1.,0.));
#5869=DIRECTION('ref_axis',(1.,9.95799250103E-17,0.));
#5870=DIRECTION('',(9.95799250103E-17,-1.,0.));
#5871=DIRECTION('center_axis',(-1.,-9.95799250103E-17,0.));
#5872=DIRECTION('ref_axis',(9.95799250103E-17,-1.,0.));
#5873=DIRECTION('center_axis',(9.95799250103E-17,-1.,0.));
#5874=DIRECTION('ref_axis',(1.,9.95799250103E-17,0.));
#5875=DIRECTION('',(9.95799250103E-17,-1.,0.));
#5876=DIRECTION('center_axis',(1.,9.95799250103E-17,0.));
#5877=DIRECTION('ref_axis',(-9.95799250103E-17,1.,0.));
#5878=DIRECTION('',(-9.95799250103E-17,1.,0.));
#5879=DIRECTION('center_axis',(9.95799250103E-17,-1.,0.));
#5880=DIRECTION('ref_axis',(1.,9.95799250103E-17,0.));
#5881=DIRECTION('',(-9.95799250103E-17,1.,0.));
#5882=DIRECTION('center_axis',(0.,0.,-1.));
#5883=DIRECTION('ref_axis',(-1.,0.,0.));
#5884=DIRECTION('',(0.,1.,0.));
#5885=DIRECTION('center_axis',(1.,9.95799250103E-17,0.));
#5886=DIRECTION('ref_axis',(-9.95799250103E-17,1.,0.));
#5887=DIRECTION('',(-9.95799250103E-17,1.,0.));
#5888=DIRECTION('center_axis',(0.,0.,1.));
#5889=DIRECTION('ref_axis',(1.,0.,0.));
#5890=DIRECTION('',(0.,1.,0.));
#5891=DIRECTION('center_axis',(9.95799250103E-17,-1.,0.));
#5892=DIRECTION('ref_axis',(1.,9.95799250103E-17,0.));
#5893=DIRECTION('',(9.95799250103E-17,-1.,0.));
#5894=DIRECTION('center_axis',(-1.,-9.95799250103E-17,0.));
#5895=DIRECTION('ref_axis',(9.95799250103E-17,-1.,0.));
#5896=DIRECTION('center_axis',(9.95799250103E-17,-1.,0.));
#5897=DIRECTION('ref_axis',(1.,9.95799250103E-17,0.));
#5898=DIRECTION('',(9.95799250103E-17,-1.,0.));
#5899=DIRECTION('center_axis',(1.,9.95799250103E-17,0.));
#5900=DIRECTION('ref_axis',(-9.95799250103E-17,1.,0.));
#5901=DIRECTION('',(-9.95799250103E-17,1.,0.));
#5902=DIRECTION('center_axis',(9.95799250103E-17,-1.,0.));
#5903=DIRECTION('ref_axis',(1.,9.95799250103E-17,0.));
#5904=DIRECTION('',(-9.95799250103E-17,1.,0.));
#5905=DIRECTION('center_axis',(0.,0.,-1.));
#5906=DIRECTION('ref_axis',(-1.,0.,0.));
#5907=DIRECTION('',(0.,1.,0.));
#5908=DIRECTION('center_axis',(1.,9.95799250103E-17,0.));
#5909=DIRECTION('ref_axis',(-9.95799250103E-17,1.,0.));
#5910=DIRECTION('',(-9.95799250103E-17,1.,0.));
#5911=DIRECTION('center_axis',(0.,0.,1.));
#5912=DIRECTION('ref_axis',(1.,0.,0.));
#5913=DIRECTION('',(0.,1.,0.));
#5914=DIRECTION('center_axis',(9.95799250103E-17,-1.,0.));
#5915=DIRECTION('ref_axis',(1.,9.95799250103E-17,0.));
#5916=DIRECTION('',(9.95799250103E-17,-1.,0.));
#5917=DIRECTION('center_axis',(-1.,-9.95799250103E-17,0.));
#5918=DIRECTION('ref_axis',(9.95799250103E-17,-1.,0.));
#5919=DIRECTION('center_axis',(9.95799250103E-17,-1.,0.));
#5920=DIRECTION('ref_axis',(1.,9.95799250103E-17,0.));
#5921=DIRECTION('',(9.95799250103E-17,-1.,0.));
#5922=DIRECTION('center_axis',(1.,9.95799250103E-17,0.));
#5923=DIRECTION('ref_axis',(-9.95799250103E-17,1.,0.));
#5924=DIRECTION('',(-9.95799250103E-17,1.,0.));
#5925=DIRECTION('center_axis',(9.95799250103E-17,-1.,0.));
#5926=DIRECTION('ref_axis',(1.,9.95799250103E-17,0.));
#5927=DIRECTION('',(-9.95799250103E-17,1.,0.));
#5928=DIRECTION('center_axis',(0.,0.,-1.));
#5929=DIRECTION('ref_axis',(-1.,0.,0.));
#5930=DIRECTION('',(0.,1.,0.));
#5931=DIRECTION('center_axis',(1.,9.95799250103E-17,0.));
#5932=DIRECTION('ref_axis',(-9.95799250103E-17,1.,0.));
#5933=DIRECTION('',(-9.95799250103E-17,1.,0.));
#5934=DIRECTION('center_axis',(0.,0.,1.));
#5935=DIRECTION('ref_axis',(1.,0.,0.));
#5936=DIRECTION('',(0.,1.,0.));
#5937=DIRECTION('center_axis',(9.95799250103E-17,-1.,0.));
#5938=DIRECTION('ref_axis',(1.,9.95799250103E-17,0.));
#5939=DIRECTION('',(9.95799250103E-17,-1.,0.));
#5940=DIRECTION('center_axis',(-1.,-9.95799250103E-17,0.));
#5941=DIRECTION('ref_axis',(9.95799250103E-17,-1.,0.));
#5942=DIRECTION('center_axis',(9.95799250103E-17,-1.,0.));
#5943=DIRECTION('ref_axis',(1.,9.95799250103E-17,0.));
#5944=DIRECTION('',(9.95799250103E-17,-1.,0.));
#5945=DIRECTION('center_axis',(1.,9.95799250103E-17,0.));
#5946=DIRECTION('ref_axis',(-9.95799250103E-17,1.,0.));
#5947=DIRECTION('',(-9.95799250103E-17,1.,0.));
#5948=DIRECTION('center_axis',(9.95799250103E-17,-1.,0.));
#5949=DIRECTION('ref_axis',(1.,9.95799250103E-17,0.));
#5950=DIRECTION('',(-9.95799250103E-17,1.,0.));
#5951=DIRECTION('center_axis',(0.,0.,-1.));
#5952=DIRECTION('ref_axis',(-1.,0.,0.));
#5953=DIRECTION('',(0.,1.,0.));
#5954=DIRECTION('center_axis',(1.,9.95799250103E-17,0.));
#5955=DIRECTION('ref_axis',(-9.95799250103E-17,1.,0.));
#5956=DIRECTION('',(-9.95799250103E-17,1.,0.));
#5957=DIRECTION('center_axis',(0.,0.,1.));
#5958=DIRECTION('ref_axis',(1.,0.,0.));
#5959=DIRECTION('',(0.,1.,0.));
#5960=DIRECTION('center_axis',(9.95799250103E-17,-1.,0.));
#5961=DIRECTION('ref_axis',(1.,9.95799250103E-17,0.));
#5962=DIRECTION('',(9.95799250103E-17,-1.,0.));
#5963=DIRECTION('center_axis',(-1.,-9.95799250103E-17,0.));
#5964=DIRECTION('ref_axis',(9.95799250103E-17,-1.,0.));
#5965=DIRECTION('center_axis',(9.95799250103E-17,-1.,0.));
#5966=DIRECTION('ref_axis',(1.,9.95799250103E-17,0.));
#5967=DIRECTION('',(9.95799250103E-17,-1.,0.));
#5968=DIRECTION('center_axis',(1.,9.95799250103E-17,0.));
#5969=DIRECTION('ref_axis',(-9.95799250103E-17,1.,0.));
#5970=DIRECTION('',(-9.95799250103E-17,1.,0.));
#5971=DIRECTION('center_axis',(9.95799250103E-17,-1.,0.));
#5972=DIRECTION('ref_axis',(1.,9.95799250103E-17,0.));
#5973=DIRECTION('',(-9.95799250103E-17,1.,0.));
#5974=DIRECTION('center_axis',(0.,0.,-1.));
#5975=DIRECTION('ref_axis',(-1.,0.,0.));
#5976=DIRECTION('',(0.,1.,0.));
#5977=DIRECTION('center_axis',(1.,9.95799250103E-17,0.));
#5978=DIRECTION('ref_axis',(-9.95799250103E-17,1.,0.));
#5979=DIRECTION('',(-9.95799250103E-17,1.,0.));
#5980=DIRECTION('center_axis',(0.,0.,1.));
#5981=DIRECTION('ref_axis',(1.,0.,0.));
#5982=DIRECTION('',(0.,1.,0.));
#5983=DIRECTION('center_axis',(9.95799250103E-17,-1.,0.));
#5984=DIRECTION('ref_axis',(1.,9.95799250103E-17,0.));
#5985=DIRECTION('',(9.95799250103E-17,-1.,0.));
#5986=DIRECTION('center_axis',(-1.,-9.95799250103E-17,0.));
#5987=DIRECTION('ref_axis',(9.95799250103E-17,-1.,0.));
#5988=DIRECTION('center_axis',(9.95799250103E-17,-1.,0.));
#5989=DIRECTION('ref_axis',(1.,9.95799250103E-17,0.));
#5990=DIRECTION('',(9.95799250103E-17,-1.,0.));
#5991=DIRECTION('center_axis',(1.,9.95799250103E-17,0.));
#5992=DIRECTION('ref_axis',(-9.95799250103E-17,1.,0.));
#5993=DIRECTION('',(-9.95799250103E-17,1.,0.));
#5994=DIRECTION('center_axis',(9.95799250103E-17,-1.,0.));
#5995=DIRECTION('ref_axis',(1.,9.95799250103E-17,0.));
#5996=DIRECTION('',(-9.95799250103E-17,1.,0.));
#5997=DIRECTION('center_axis',(0.,0.,-1.));
#5998=DIRECTION('ref_axis',(-1.,0.,0.));
#5999=DIRECTION('',(0.,1.,0.));
#6000=DIRECTION('center_axis',(1.,9.95799250103E-17,0.));
#6001=DIRECTION('ref_axis',(-9.95799250103E-17,1.,0.));
#6002=DIRECTION('',(-9.95799250103E-17,1.,0.));
#6003=DIRECTION('center_axis',(0.,0.,1.));
#6004=DIRECTION('ref_axis',(1.,0.,0.));
#6005=DIRECTION('',(0.,1.,0.));
#6006=DIRECTION('center_axis',(9.95799250103E-17,-1.,0.));
#6007=DIRECTION('ref_axis',(1.,9.95799250103E-17,0.));
#6008=DIRECTION('',(9.95799250103E-17,-1.,0.));
#6009=DIRECTION('center_axis',(-1.,-9.95799250103E-17,0.));
#6010=DIRECTION('ref_axis',(9.95799250103E-17,-1.,0.));
#6011=DIRECTION('center_axis',(9.95799250103E-17,-1.,0.));
#6012=DIRECTION('ref_axis',(1.,9.95799250103E-17,0.));
#6013=DIRECTION('',(9.95799250103E-17,-1.,0.));
#6014=DIRECTION('center_axis',(1.,9.95799250103E-17,0.));
#6015=DIRECTION('ref_axis',(-9.95799250103E-17,1.,0.));
#6016=DIRECTION('',(-9.95799250103E-17,1.,0.));
#6017=DIRECTION('center_axis',(9.95799250103E-17,-1.,0.));
#6018=DIRECTION('ref_axis',(1.,9.95799250103E-17,0.));
#6019=DIRECTION('',(-9.95799250103E-17,1.,0.));
#6020=DIRECTION('center_axis',(0.,0.,-1.));
#6021=DIRECTION('ref_axis',(-1.,0.,0.));
#6022=DIRECTION('',(0.,1.,0.));
#6023=DIRECTION('center_axis',(1.,9.95799250103E-17,0.));
#6024=DIRECTION('ref_axis',(-9.95799250103E-17,1.,0.));
#6025=DIRECTION('',(-9.95799250103E-17,1.,0.));
#6026=DIRECTION('center_axis',(0.,0.,1.));
#6027=DIRECTION('ref_axis',(1.,0.,0.));
#6028=DIRECTION('',(0.,1.,0.));
#6029=DIRECTION('center_axis',(9.95799250103E-17,-1.,0.));
#6030=DIRECTION('ref_axis',(1.,9.95799250103E-17,0.));
#6031=DIRECTION('',(9.95799250103E-17,-1.,0.));
#6032=DIRECTION('center_axis',(-1.,-9.95799250103E-17,0.));
#6033=DIRECTION('ref_axis',(9.95799250103E-17,-1.,0.));
#6034=DIRECTION('center_axis',(0.689793693484688,0.689793693484685,-0.219930263623515));
#6035=DIRECTION('ref_axis',(-0.707106781186546,0.707106781186549,-1.38777878078145E-17));
#6036=DIRECTION('',(0.707106781186553,-0.707106781186542,0.));
#6037=DIRECTION('',(-0.206797283246745,-0.103398641623912,-0.972904725321085));
#6038=DIRECTION('',(-0.103398641623913,-0.206797283246745,-0.972904725321085));
#6039=DIRECTION('center_axis',(0.,0.97814760073381,-0.207911690817739));
#6040=DIRECTION('ref_axis',(-1.,0.,0.));
#6041=DIRECTION('',(1.,0.,0.));
#6042=DIRECTION('',(0.103398641623913,-0.206797283246745,-0.972904725321085));
#6043=DIRECTION('center_axis',(-0.689793693484688,0.689793693484685,-0.219930263623515));
#6044=DIRECTION('ref_axis',(-0.707106781186546,-0.707106781186549,-1.38777878078145E-17));
#6045=DIRECTION('',(0.707106781186553,0.707106781186542,0.));
#6046=DIRECTION('',(-0.206797283246745,0.103398641623912,0.972904725321085));
#6047=DIRECTION('center_axis',(-2.22044604925E-16,1.,0.));
#6048=DIRECTION('ref_axis',(-1.,-2.22044604925E-16,0.));
#6049=DIRECTION('',(-2.22044604925E-16,1.,0.));
#6050=DIRECTION('center_axis',(-1.,-2.22044604925E-16,0.));
#6051=DIRECTION('ref_axis',(2.22044604925E-16,-1.,0.));
#6052=DIRECTION('',(2.22044604925E-16,-1.,0.));
#6053=DIRECTION('center_axis',(-2.22044604925E-16,1.,0.));
#6054=DIRECTION('ref_axis',(-1.,-2.22044604925E-16,0.));
#6055=DIRECTION('',(2.22044604925E-16,-1.,0.));
#6056=DIRECTION('center_axis',(0.,0.,-1.));
#6057=DIRECTION('ref_axis',(-1.,0.,0.));
#6058=DIRECTION('',(0.,-1.,0.));
#6059=DIRECTION('center_axis',(-1.,-2.22044604925E-16,0.));
#6060=DIRECTION('ref_axis',(2.22044604925E-16,-1.,0.));
#6061=DIRECTION('',(2.22044604925E-16,-1.,0.));
#6062=DIRECTION('center_axis',(0.,0.,1.));
#6063=DIRECTION('ref_axis',(1.,0.,0.));
#6064=DIRECTION('',(0.,-1.,0.));
#6065=DIRECTION('center_axis',(-2.22044604925E-16,1.,0.));
#6066=DIRECTION('ref_axis',(-1.,-2.22044604925E-16,0.));
#6067=DIRECTION('',(-2.22044604925E-16,1.,0.));
#6068=DIRECTION('center_axis',(1.,2.22044604925E-16,0.));
#6069=DIRECTION('ref_axis',(-2.22044604925E-16,1.,0.));
#6070=DIRECTION('center_axis',(-2.22044604925E-16,1.,0.));
#6071=DIRECTION('ref_axis',(-1.,-2.22044604925E-16,0.));
#6072=DIRECTION('',(-2.22044604925E-16,1.,0.));
#6073=DIRECTION('center_axis',(-1.,-2.22044604925E-16,0.));
#6074=DIRECTION('ref_axis',(2.22044604925E-16,-1.,0.));
#6075=DIRECTION('',(2.22044604925E-16,-1.,0.));
#6076=DIRECTION('center_axis',(-2.22044604925E-16,1.,0.));
#6077=DIRECTION('ref_axis',(-1.,-2.22044604925E-16,0.));
#6078=DIRECTION('',(2.22044604925E-16,-1.,0.));
#6079=DIRECTION('center_axis',(0.,0.,-1.));
#6080=DIRECTION('ref_axis',(-1.,0.,0.));
#6081=DIRECTION('',(0.,-1.,0.));
#6082=DIRECTION('center_axis',(-1.,-2.22044604925E-16,0.));
#6083=DIRECTION('ref_axis',(2.22044604925E-16,-1.,0.));
#6084=DIRECTION('',(2.22044604925E-16,-1.,0.));
#6085=DIRECTION('center_axis',(0.,0.,1.));
#6086=DIRECTION('ref_axis',(1.,0.,0.));
#6087=DIRECTION('',(0.,-1.,0.));
#6088=DIRECTION('center_axis',(-2.22044604925E-16,1.,0.));
#6089=DIRECTION('ref_axis',(-1.,-2.22044604925E-16,0.));
#6090=DIRECTION('',(-2.22044604925E-16,1.,0.));
#6091=DIRECTION('center_axis',(1.,2.22044604925E-16,0.));
#6092=DIRECTION('ref_axis',(-2.22044604925E-16,1.,0.));
#6093=DIRECTION('center_axis',(-2.22044604925E-16,1.,0.));
#6094=DIRECTION('ref_axis',(-1.,-2.22044604925E-16,0.));
#6095=DIRECTION('',(-2.22044604925E-16,1.,0.));
#6096=DIRECTION('center_axis',(-1.,-2.22044604925E-16,0.));
#6097=DIRECTION('ref_axis',(2.22044604925E-16,-1.,0.));
#6098=DIRECTION('',(2.22044604925E-16,-1.,0.));
#6099=DIRECTION('center_axis',(-2.22044604925E-16,1.,0.));
#6100=DIRECTION('ref_axis',(-1.,-2.22044604925E-16,0.));
#6101=DIRECTION('',(2.22044604925E-16,-1.,0.));
#6102=DIRECTION('center_axis',(0.,0.,-1.));
#6103=DIRECTION('ref_axis',(-1.,0.,0.));
#6104=DIRECTION('',(0.,-1.,0.));
#6105=DIRECTION('center_axis',(-1.,-2.22044604925E-16,0.));
#6106=DIRECTION('ref_axis',(2.22044604925E-16,-1.,0.));
#6107=DIRECTION('',(2.22044604925E-16,-1.,0.));
#6108=DIRECTION('center_axis',(0.,0.,1.));
#6109=DIRECTION('ref_axis',(1.,0.,0.));
#6110=DIRECTION('',(0.,-1.,0.));
#6111=DIRECTION('center_axis',(-2.22044604925E-16,1.,0.));
#6112=DIRECTION('ref_axis',(-1.,-2.22044604925E-16,0.));
#6113=DIRECTION('',(-2.22044604925E-16,1.,0.));
#6114=DIRECTION('center_axis',(1.,2.22044604925E-16,0.));
#6115=DIRECTION('ref_axis',(-2.22044604925E-16,1.,0.));
#6116=DIRECTION('center_axis',(-2.22044604925E-16,1.,0.));
#6117=DIRECTION('ref_axis',(-1.,-2.22044604925E-16,0.));
#6118=DIRECTION('',(-2.22044604925E-16,1.,0.));
#6119=DIRECTION('center_axis',(-1.,-2.22044604925E-16,0.));
#6120=DIRECTION('ref_axis',(2.22044604925E-16,-1.,0.));
#6121=DIRECTION('',(2.22044604925E-16,-1.,0.));
#6122=DIRECTION('center_axis',(-2.22044604925E-16,1.,0.));
#6123=DIRECTION('ref_axis',(-1.,-2.22044604925E-16,0.));
#6124=DIRECTION('',(2.22044604925E-16,-1.,0.));
#6125=DIRECTION('center_axis',(0.,0.,-1.));
#6126=DIRECTION('ref_axis',(-1.,0.,0.));
#6127=DIRECTION('',(0.,-1.,0.));
#6128=DIRECTION('center_axis',(-1.,-2.22044604925E-16,0.));
#6129=DIRECTION('ref_axis',(2.22044604925E-16,-1.,0.));
#6130=DIRECTION('',(2.22044604925E-16,-1.,0.));
#6131=DIRECTION('center_axis',(0.,0.,1.));
#6132=DIRECTION('ref_axis',(1.,0.,0.));
#6133=DIRECTION('',(0.,-1.,0.));
#6134=DIRECTION('center_axis',(-2.22044604925E-16,1.,0.));
#6135=DIRECTION('ref_axis',(-1.,-2.22044604925E-16,0.));
#6136=DIRECTION('',(-2.22044604925E-16,1.,0.));
#6137=DIRECTION('center_axis',(1.,2.22044604925E-16,0.));
#6138=DIRECTION('ref_axis',(-2.22044604925E-16,1.,0.));
#6139=DIRECTION('center_axis',(-2.22044604925E-16,1.,0.));
#6140=DIRECTION('ref_axis',(-1.,-2.22044604925E-16,0.));
#6141=DIRECTION('',(-2.22044604925E-16,1.,0.));
#6142=DIRECTION('center_axis',(-1.,-2.22044604925E-16,0.));
#6143=DIRECTION('ref_axis',(2.22044604925E-16,-1.,0.));
#6144=DIRECTION('',(2.22044604925E-16,-1.,0.));
#6145=DIRECTION('center_axis',(-2.22044604925E-16,1.,0.));
#6146=DIRECTION('ref_axis',(-1.,-2.22044604925E-16,0.));
#6147=DIRECTION('',(2.22044604925E-16,-1.,0.));
#6148=DIRECTION('center_axis',(0.,0.,-1.));
#6149=DIRECTION('ref_axis',(-1.,0.,0.));
#6150=DIRECTION('',(0.,-1.,0.));
#6151=DIRECTION('center_axis',(-1.,-2.22044604925E-16,0.));
#6152=DIRECTION('ref_axis',(2.22044604925E-16,-1.,0.));
#6153=DIRECTION('',(2.22044604925E-16,-1.,0.));
#6154=DIRECTION('center_axis',(0.,0.,1.));
#6155=DIRECTION('ref_axis',(1.,0.,0.));
#6156=DIRECTION('',(0.,-1.,0.));
#6157=DIRECTION('center_axis',(-2.22044604925E-16,1.,0.));
#6158=DIRECTION('ref_axis',(-1.,-2.22044604925E-16,0.));
#6159=DIRECTION('',(-2.22044604925E-16,1.,0.));
#6160=DIRECTION('center_axis',(1.,2.22044604925E-16,0.));
#6161=DIRECTION('ref_axis',(-2.22044604925E-16,1.,0.));
#6162=DIRECTION('center_axis',(-2.22044604925E-16,1.,0.));
#6163=DIRECTION('ref_axis',(-1.,-2.22044604925E-16,0.));
#6164=DIRECTION('',(-2.22044604925E-16,1.,0.));
#6165=DIRECTION('center_axis',(-1.,-2.22044604925E-16,0.));
#6166=DIRECTION('ref_axis',(2.22044604925E-16,-1.,0.));
#6167=DIRECTION('',(2.22044604925E-16,-1.,0.));
#6168=DIRECTION('center_axis',(-2.22044604925E-16,1.,0.));
#6169=DIRECTION('ref_axis',(-1.,-2.22044604925E-16,0.));
#6170=DIRECTION('',(2.22044604925E-16,-1.,0.));
#6171=DIRECTION('center_axis',(0.,0.,-1.));
#6172=DIRECTION('ref_axis',(-1.,0.,0.));
#6173=DIRECTION('',(0.,-1.,0.));
#6174=DIRECTION('center_axis',(-1.,-2.22044604925E-16,0.));
#6175=DIRECTION('ref_axis',(2.22044604925E-16,-1.,0.));
#6176=DIRECTION('',(2.22044604925E-16,-1.,0.));
#6177=DIRECTION('center_axis',(0.,0.,1.));
#6178=DIRECTION('ref_axis',(1.,0.,0.));
#6179=DIRECTION('',(0.,-1.,0.));
#6180=DIRECTION('center_axis',(-2.22044604925E-16,1.,0.));
#6181=DIRECTION('ref_axis',(-1.,-2.22044604925E-16,0.));
#6182=DIRECTION('',(-2.22044604925E-16,1.,0.));
#6183=DIRECTION('center_axis',(1.,2.22044604925E-16,0.));
#6184=DIRECTION('ref_axis',(-2.22044604925E-16,1.,0.));
#6185=DIRECTION('center_axis',(-2.22044604925E-16,1.,0.));
#6186=DIRECTION('ref_axis',(-1.,-2.22044604925E-16,0.));
#6187=DIRECTION('',(-2.22044604925E-16,1.,0.));
#6188=DIRECTION('center_axis',(-1.,-2.22044604925E-16,0.));
#6189=DIRECTION('ref_axis',(2.22044604925E-16,-1.,0.));
#6190=DIRECTION('',(2.22044604925E-16,-1.,0.));
#6191=DIRECTION('center_axis',(-2.22044604925E-16,1.,0.));
#6192=DIRECTION('ref_axis',(-1.,-2.22044604925E-16,0.));
#6193=DIRECTION('',(2.22044604925E-16,-1.,0.));
#6194=DIRECTION('center_axis',(0.,0.,-1.));
#6195=DIRECTION('ref_axis',(-1.,0.,0.));
#6196=DIRECTION('',(0.,-1.,0.));
#6197=DIRECTION('center_axis',(-1.,-2.22044604925E-16,0.));
#6198=DIRECTION('ref_axis',(2.22044604925E-16,-1.,0.));
#6199=DIRECTION('',(2.22044604925E-16,-1.,0.));
#6200=DIRECTION('center_axis',(0.,0.,1.));
#6201=DIRECTION('ref_axis',(1.,0.,0.));
#6202=DIRECTION('',(0.,-1.,0.));
#6203=DIRECTION('center_axis',(-2.22044604925E-16,1.,0.));
#6204=DIRECTION('ref_axis',(-1.,-2.22044604925E-16,0.));
#6205=DIRECTION('',(-2.22044604925E-16,1.,0.));
#6206=DIRECTION('center_axis',(1.,2.22044604925E-16,0.));
#6207=DIRECTION('ref_axis',(-2.22044604925E-16,1.,0.));
#6208=DIRECTION('center_axis',(-2.22044604925E-16,1.,0.));
#6209=DIRECTION('ref_axis',(-1.,-2.22044604925E-16,0.));
#6210=DIRECTION('',(-2.22044604925E-16,1.,0.));
#6211=DIRECTION('center_axis',(-1.,-2.22044604925E-16,0.));
#6212=DIRECTION('ref_axis',(2.22044604925E-16,-1.,0.));
#6213=DIRECTION('',(2.22044604925E-16,-1.,0.));
#6214=DIRECTION('center_axis',(-2.22044604925E-16,1.,0.));
#6215=DIRECTION('ref_axis',(-1.,-2.22044604925E-16,0.));
#6216=DIRECTION('',(2.22044604925E-16,-1.,0.));
#6217=DIRECTION('center_axis',(0.,0.,-1.));
#6218=DIRECTION('ref_axis',(-1.,0.,0.));
#6219=DIRECTION('',(0.,-1.,0.));
#6220=DIRECTION('center_axis',(-1.,-2.22044604925E-16,0.));
#6221=DIRECTION('ref_axis',(2.22044604925E-16,-1.,0.));
#6222=DIRECTION('',(2.22044604925E-16,-1.,0.));
#6223=DIRECTION('center_axis',(0.,0.,1.));
#6224=DIRECTION('ref_axis',(1.,0.,0.));
#6225=DIRECTION('',(0.,-1.,0.));
#6226=DIRECTION('center_axis',(-2.22044604925E-16,1.,0.));
#6227=DIRECTION('ref_axis',(-1.,-2.22044604925E-16,0.));
#6228=DIRECTION('',(-2.22044604925E-16,1.,0.));
#6229=DIRECTION('center_axis',(1.,2.22044604925E-16,0.));
#6230=DIRECTION('ref_axis',(-2.22044604925E-16,1.,0.));
#6231=DIRECTION('center_axis',(-0.689793693484688,-0.689793693484685,-0.219930263623515));
#6232=DIRECTION('ref_axis',(0.707106781186546,-0.707106781186549,-1.38777878078145E-17));
#6233=DIRECTION('',(-0.707106781186553,0.707106781186542,0.));
#6234=DIRECTION('',(0.206797283246745,0.103398641623912,-0.972904725321085));
#6235=DIRECTION('',(0.103398641623913,0.206797283246745,-0.972904725321085));
#6236=DIRECTION('center_axis',(0.,-0.97814760073381,-0.207911690817739));
#6237=DIRECTION('ref_axis',(1.,0.,0.));
#6238=DIRECTION('',(-1.,0.,0.));
#6239=DIRECTION('center_axis',(0.,0.,1.));
#6240=DIRECTION('ref_axis',(1.,0.,0.));
#6241=DIRECTION('',(0.,1.,0.));
#6242=DIRECTION('',(0.,-1.,0.));
#6243=DIRECTION('center_axis',(-0.97814760073381,0.,-0.207911690817739));
#6244=DIRECTION('ref_axis',(0.,-1.,0.));
#6245=DIRECTION('center_axis',(0.97814760073381,0.,-0.207911690817739));
#6246=DIRECTION('ref_axis',(0.,1.,0.));
#6247=DIRECTION('center_axis',(0.,0.,1.));
#6248=DIRECTION('ref_axis',(1.,0.,0.));
#6249=CARTESIAN_POINT('',(0.,0.,0.));
#6250=CARTESIAN_POINT('Origin',(-1.233699094497,4.233699094497,2.1));
#6251=CARTESIAN_POINT('',(-0.983699094497,4.233699094497,2.1));
#6252=CARTESIAN_POINT('Origin',(-1.233699094497,4.233699094497,2.1));
#6253=CARTESIAN_POINT('',(-0.983699094497,4.233699094497,2.));
#6254=CARTESIAN_POINT('',(-0.983699094497,4.233699094497,2.1));
#6255=CARTESIAN_POINT('Origin',(-1.233699094497,4.233699094497,2.));
#6256=CARTESIAN_POINT('Origin',(-1.929349547248,5.008699094497,0.1));
#6257=CARTESIAN_POINT('',(-2.008699094497,-4.929349547248,0.1));
#6258=CARTESIAN_POINT('',(-2.008699094497,4.929349547248,0.1));
#6259=CARTESIAN_POINT('',(-2.008699094497,5.008699094497,0.1));
#6260=CARTESIAN_POINT('',(-1.929349547248,5.008699094497,0.1));
#6261=CARTESIAN_POINT('',(-2.008699094497,4.929349547248,0.1));
#6262=CARTESIAN_POINT('',(1.929349547248,5.008699094497,0.1));
#6263=CARTESIAN_POINT('',(-1.929349547248,5.008699094497,0.1));
#6264=CARTESIAN_POINT('',(2.008699094497,4.929349547248,0.1));
#6265=CARTESIAN_POINT('',(1.929349547248,5.008699094497,0.1));
#6266=CARTESIAN_POINT('',(2.008699094497,-4.929349547248,0.1));
#6267=CARTESIAN_POINT('',(2.008699094497,5.008699094497,0.1));
#6268=CARTESIAN_POINT('',(1.929349547248,-5.008699094497,0.1));
#6269=CARTESIAN_POINT('',(2.008699094497,-4.929349547248,0.1));
#6270=CARTESIAN_POINT('',(-1.929349547248,-5.008699094497,0.1));
#6271=CARTESIAN_POINT('',(-1.929349547248,-5.008699094497,0.1));
#6272=CARTESIAN_POINT('',(-1.929349547248,-5.008699094497,0.1));
#6273=CARTESIAN_POINT('Origin',(-2.008699094497,4.929349547248,0.1));
#6274=CARTESIAN_POINT('',(-2.025,5.2,1.));
#6275=CARTESIAN_POINT('',(-2.2,5.025,1.));
#6276=CARTESIAN_POINT('',(-2.1125,5.1125,1.));
#6277=CARTESIAN_POINT('',(-1.977174773624,5.1043495472485,0.55));
#6278=CARTESIAN_POINT('',(-2.1043495472485,4.977174773624,0.55));
#6279=CARTESIAN_POINT('Origin',(-2.008699094497,-4.929349547248,0.1));
#6280=CARTESIAN_POINT('',(-2.2,-4.645,1.));
#6281=CARTESIAN_POINT('',(-2.2,-5.025,1.));
#6282=CARTESIAN_POINT('',(-2.2,0.,1.));
#6283=CARTESIAN_POINT('',(-2.2,-4.245,1.));
#6284=CARTESIAN_POINT('',(-2.2,0.,1.));
#6285=CARTESIAN_POINT('',(-2.2,-3.375,1.));
#6286=CARTESIAN_POINT('',(-2.2,0.,1.));
#6287=CARTESIAN_POINT('',(-2.2,-2.975,1.));
#6288=CARTESIAN_POINT('',(-2.2,0.,1.));
#6289=CARTESIAN_POINT('',(-2.2,-2.105,1.));
#6290=CARTESIAN_POINT('',(-2.2,0.,1.));
#6291=CARTESIAN_POINT('',(-2.2,-1.705,1.));
#6292=CARTESIAN_POINT('',(-2.2,0.,1.));
#6293=CARTESIAN_POINT('',(-2.2,-0.835,1.));
#6294=CARTESIAN_POINT('',(-2.2,0.,1.));
#6295=CARTESIAN_POINT('',(-2.2,-0.435,1.));
#6296=CARTESIAN_POINT('',(-2.2,0.,1.));
#6297=CARTESIAN_POINT('',(-2.2,0.435,1.));
#6298=CARTESIAN_POINT('',(-2.2,0.,1.));
#6299=CARTESIAN_POINT('',(-2.2,0.835,1.));
#6300=CARTESIAN_POINT('',(-2.2,0.,1.));
#6301=CARTESIAN_POINT('',(-2.2,1.705,1.));
#6302=CARTESIAN_POINT('',(-2.2,0.,1.));
#6303=CARTESIAN_POINT('',(-2.2,2.105,1.));
#6304=CARTESIAN_POINT('',(-2.2,0.,1.));
#6305=CARTESIAN_POINT('',(-2.2,2.975,1.));
#6306=CARTESIAN_POINT('',(-2.2,0.,1.));
#6307=CARTESIAN_POINT('',(-2.2,3.375,1.));
#6308=CARTESIAN_POINT('',(-2.2,0.,1.));
#6309=CARTESIAN_POINT('',(-2.2,4.245,1.));
#6310=CARTESIAN_POINT('',(-2.2,0.,1.));
#6311=CARTESIAN_POINT('',(-2.2,4.645,1.));
#6312=CARTESIAN_POINT('',(-2.2,0.,1.));
#6313=CARTESIAN_POINT('',(-2.2,0.,1.));
#6314=CARTESIAN_POINT('',(-2.1043495472485,-4.977174773624,0.55));
#6315=CARTESIAN_POINT('Origin',(-1.929349547248,-5.008699094497,0.1));
#6316=CARTESIAN_POINT('',(-2.025,-5.2,1.));
#6317=CARTESIAN_POINT('',(-2.1125,-5.1125,1.));
#6318=CARTESIAN_POINT('',(-1.977174773624,-5.1043495472485,0.55));
#6319=CARTESIAN_POINT('Origin',(1.929349547248,-5.008699094497,0.1));
#6320=CARTESIAN_POINT('',(2.025,-5.2,1.));
#6321=CARTESIAN_POINT('',(0.,-5.2,1.));
#6322=CARTESIAN_POINT('',(1.977174773624,-5.1043495472485,0.55));
#6323=CARTESIAN_POINT('Origin',(2.008699094497,-4.929349547248,0.1));
#6324=CARTESIAN_POINT('',(2.2,-5.025,1.));
#6325=CARTESIAN_POINT('',(2.1125,-5.1125,1.));
#6326=CARTESIAN_POINT('',(2.1043495472485,-4.977174773624,0.55));
#6327=CARTESIAN_POINT('Origin',(2.008699094497,4.929349547248,0.1));
#6328=CARTESIAN_POINT('',(2.2,4.645,1.));
#6329=CARTESIAN_POINT('',(2.2,5.025,1.));
#6330=CARTESIAN_POINT('',(2.2,0.,1.));
#6331=CARTESIAN_POINT('',(2.2,4.245,1.));
#6332=CARTESIAN_POINT('',(2.2,0.,1.));
#6333=CARTESIAN_POINT('',(2.2,3.375,1.));
#6334=CARTESIAN_POINT('',(2.2,0.,1.));
#6335=CARTESIAN_POINT('',(2.2,2.975,1.));
#6336=CARTESIAN_POINT('',(2.2,0.,1.));
#6337=CARTESIAN_POINT('',(2.2,2.105,1.));
#6338=CARTESIAN_POINT('',(2.2,0.,1.));
#6339=CARTESIAN_POINT('',(2.2,1.705,1.));
#6340=CARTESIAN_POINT('',(2.2,0.,1.));
#6341=CARTESIAN_POINT('',(2.2,0.835,1.));
#6342=CARTESIAN_POINT('',(2.2,0.,1.));
#6343=CARTESIAN_POINT('',(2.2,0.435,1.));
#6344=CARTESIAN_POINT('',(2.2,0.,1.));
#6345=CARTESIAN_POINT('',(2.2,-0.435,1.));
#6346=CARTESIAN_POINT('',(2.2,0.,1.));
#6347=CARTESIAN_POINT('',(2.2,-0.835,1.));
#6348=CARTESIAN_POINT('',(2.2,0.,1.));
#6349=CARTESIAN_POINT('',(2.2,-1.705,1.));
#6350=CARTESIAN_POINT('',(2.2,0.,1.));
#6351=CARTESIAN_POINT('',(2.2,-2.105,1.));
#6352=CARTESIAN_POINT('',(2.2,0.,1.));
#6353=CARTESIAN_POINT('',(2.2,-2.975,1.));
#6354=CARTESIAN_POINT('',(2.2,0.,1.));
#6355=CARTESIAN_POINT('',(2.2,-3.375,1.));
#6356=CARTESIAN_POINT('',(2.2,0.,1.));
#6357=CARTESIAN_POINT('',(2.2,-4.245,1.));
#6358=CARTESIAN_POINT('',(2.2,0.,1.));
#6359=CARTESIAN_POINT('',(2.2,-4.645,1.));
#6360=CARTESIAN_POINT('',(2.2,0.,1.));
#6361=CARTESIAN_POINT('',(2.2,0.,1.));
#6362=CARTESIAN_POINT('',(2.1043495472485,4.977174773624,0.55));
#6363=CARTESIAN_POINT('Origin',(1.929349547248,5.008699094497,0.1));
#6364=CARTESIAN_POINT('',(2.025,5.2,1.));
#6365=CARTESIAN_POINT('',(2.1125,5.1125,1.));
#6366=CARTESIAN_POINT('',(1.977174773624,5.1043495472485,0.55));
#6367=CARTESIAN_POINT('Origin',(-1.929349547248,5.008699094497,0.1));
#6368=CARTESIAN_POINT('',(0.,5.2,1.));
#6369=CARTESIAN_POINT('Origin',(-2.2,5.025,1.2));
#6370=CARTESIAN_POINT('',(-2.025,5.2,1.2));
#6371=CARTESIAN_POINT('',(-2.2,5.025,1.2));
#6372=CARTESIAN_POINT('',(-2.2,5.025,1.2));
#6373=CARTESIAN_POINT('',(-2.025,5.2,1.2));
#6374=CARTESIAN_POINT('',(-2.2,5.025,1.2));
#6375=CARTESIAN_POINT('Origin',(-2.2,-5.025,1.2));
#6376=CARTESIAN_POINT('',(-2.2,-4.645,1.2));
#6377=CARTESIAN_POINT('',(-2.2,-4.645,1.2));
#6378=CARTESIAN_POINT('',(-2.2,-5.025,1.2));
#6379=CARTESIAN_POINT('',(-2.2,-5.025,1.2));
#6380=CARTESIAN_POINT('',(-2.2,-5.025,1.2));
#6381=CARTESIAN_POINT('Origin',(-2.05,-4.645,1.));
#6382=CARTESIAN_POINT('',(-2.4,-4.245,1.));
#6383=CARTESIAN_POINT('',(-2.05,-4.245,1.));
#6384=CARTESIAN_POINT('',(-2.4,-4.645,1.));
#6385=CARTESIAN_POINT('',(-2.05,-4.645,1.));
#6386=CARTESIAN_POINT('',(-2.4,-4.645,1.));
#6387=CARTESIAN_POINT('Origin',(-2.2,-5.025,1.2));
#6388=CARTESIAN_POINT('',(-2.2,-3.375,1.2));
#6389=CARTESIAN_POINT('',(-2.2,-3.375,1.2));
#6390=CARTESIAN_POINT('',(-2.2,-4.245,1.2));
#6391=CARTESIAN_POINT('',(-2.2,-4.245,1.2));
#6392=CARTESIAN_POINT('',(-2.2,-5.025,1.2));
#6393=CARTESIAN_POINT('Origin',(-2.05,-3.375,1.));
#6394=CARTESIAN_POINT('',(-2.4,-2.975,1.));
#6395=CARTESIAN_POINT('',(-2.05,-2.975,1.));
#6396=CARTESIAN_POINT('',(-2.4,-3.375,1.));
#6397=CARTESIAN_POINT('',(-2.05,-3.375,1.));
#6398=CARTESIAN_POINT('',(-2.4,-3.375,1.));
#6399=CARTESIAN_POINT('Origin',(-2.2,-5.025,1.2));
#6400=CARTESIAN_POINT('',(-2.2,-2.105,1.2));
#6401=CARTESIAN_POINT('',(-2.2,-2.105,1.2));
#6402=CARTESIAN_POINT('',(-2.2,-2.975,1.2));
#6403=CARTESIAN_POINT('',(-2.2,-2.975,1.2));
#6404=CARTESIAN_POINT('',(-2.2,-5.025,1.2));
#6405=CARTESIAN_POINT('Origin',(-2.05,-2.105,1.));
#6406=CARTESIAN_POINT('',(-2.4,-1.705,1.));
#6407=CARTESIAN_POINT('',(-2.05,-1.705,1.));
#6408=CARTESIAN_POINT('',(-2.4,-2.105,1.));
#6409=CARTESIAN_POINT('',(-2.05,-2.105,1.));
#6410=CARTESIAN_POINT('',(-2.4,-2.105,1.));
#6411=CARTESIAN_POINT('Origin',(-2.2,-5.025,1.2));
#6412=CARTESIAN_POINT('',(-2.2,-0.835,1.2));
#6413=CARTESIAN_POINT('',(-2.2,-0.835,1.2));
#6414=CARTESIAN_POINT('',(-2.2,-1.705,1.2));
#6415=CARTESIAN_POINT('',(-2.2,-1.705,1.2));
#6416=CARTESIAN_POINT('',(-2.2,-5.025,1.2));
#6417=CARTESIAN_POINT('Origin',(-2.05,-0.835,1.));
#6418=CARTESIAN_POINT('',(-2.4,-0.435,1.));
#6419=CARTESIAN_POINT('',(-2.05,-0.435,1.));
#6420=CARTESIAN_POINT('',(-2.4,-0.835,1.));
#6421=CARTESIAN_POINT('',(-2.05,-0.835,1.));
#6422=CARTESIAN_POINT('',(-2.4,-0.835,1.));
#6423=CARTESIAN_POINT('Origin',(-2.2,-5.025,1.2));
#6424=CARTESIAN_POINT('',(-2.2,0.435,1.2));
#6425=CARTESIAN_POINT('',(-2.2,0.435,1.2));
#6426=CARTESIAN_POINT('',(-2.2,-0.435,1.2));
#6427=CARTESIAN_POINT('',(-2.2,-0.435,1.2));
#6428=CARTESIAN_POINT('',(-2.2,-5.025,1.2));
#6429=CARTESIAN_POINT('Origin',(-2.05,0.435,1.));
#6430=CARTESIAN_POINT('',(-2.4,0.835,1.));
#6431=CARTESIAN_POINT('',(-2.05,0.835,1.));
#6432=CARTESIAN_POINT('',(-2.4,0.435,1.));
#6433=CARTESIAN_POINT('',(-2.05,0.435,1.));
#6434=CARTESIAN_POINT('',(-2.4,0.435,1.));
#6435=CARTESIAN_POINT('Origin',(-2.2,-5.025,1.2));
#6436=CARTESIAN_POINT('',(-2.2,1.705,1.2));
#6437=CARTESIAN_POINT('',(-2.2,1.705,1.2));
#6438=CARTESIAN_POINT('',(-2.2,0.835,1.2));
#6439=CARTESIAN_POINT('',(-2.2,0.835,1.2));
#6440=CARTESIAN_POINT('',(-2.2,-5.025,1.2));
#6441=CARTESIAN_POINT('Origin',(-2.05,1.705,1.));
#6442=CARTESIAN_POINT('',(-2.4,2.105,1.));
#6443=CARTESIAN_POINT('',(-2.05,2.105,1.));
#6444=CARTESIAN_POINT('',(-2.4,1.705,1.));
#6445=CARTESIAN_POINT('',(-2.05,1.705,1.));
#6446=CARTESIAN_POINT('',(-2.4,1.705,1.));
#6447=CARTESIAN_POINT('Origin',(-2.2,-5.025,1.2));
#6448=CARTESIAN_POINT('',(-2.2,2.975,1.2));
#6449=CARTESIAN_POINT('',(-2.2,2.975,1.2));
#6450=CARTESIAN_POINT('',(-2.2,2.105,1.2));
#6451=CARTESIAN_POINT('',(-2.2,2.105,1.2));
#6452=CARTESIAN_POINT('',(-2.2,-5.025,1.2));
#6453=CARTESIAN_POINT('Origin',(-2.05,2.975,1.));
#6454=CARTESIAN_POINT('',(-2.4,3.375,1.));
#6455=CARTESIAN_POINT('',(-2.05,3.375,1.));
#6456=CARTESIAN_POINT('',(-2.4,2.975,1.));
#6457=CARTESIAN_POINT('',(-2.05,2.975,1.));
#6458=CARTESIAN_POINT('',(-2.4,2.975,1.));
#6459=CARTESIAN_POINT('Origin',(-2.2,-5.025,1.2));
#6460=CARTESIAN_POINT('',(-2.2,4.245,1.2));
#6461=CARTESIAN_POINT('',(-2.2,4.245,1.2));
#6462=CARTESIAN_POINT('',(-2.2,3.375,1.2));
#6463=CARTESIAN_POINT('',(-2.2,3.375,1.2));
#6464=CARTESIAN_POINT('',(-2.2,-5.025,1.2));
#6465=CARTESIAN_POINT('Origin',(-2.05,4.245,1.));
#6466=CARTESIAN_POINT('',(-2.4,4.645,1.));
#6467=CARTESIAN_POINT('',(-2.05,4.645,1.));
#6468=CARTESIAN_POINT('',(-2.4,4.245,1.));
#6469=CARTESIAN_POINT('',(-2.05,4.245,1.));
#6470=CARTESIAN_POINT('',(-2.4,4.245,1.));
#6471=CARTESIAN_POINT('Origin',(-2.2,-5.025,1.2));
#6472=CARTESIAN_POINT('',(-2.2,4.645,1.2));
#6473=CARTESIAN_POINT('',(-2.2,4.645,1.2));
#6474=CARTESIAN_POINT('',(-2.2,-5.025,1.2));
#6475=CARTESIAN_POINT('Origin',(-2.025,-5.2,1.2));
#6476=CARTESIAN_POINT('',(-2.025,-5.2,1.2));
#6477=CARTESIAN_POINT('',(-2.025,-5.2,1.2));
#6478=CARTESIAN_POINT('',(-2.025,-5.2,1.2));
#6479=CARTESIAN_POINT('Origin',(2.025,-5.2,1.2));
#6480=CARTESIAN_POINT('',(2.025,-5.2,1.2));
#6481=CARTESIAN_POINT('',(2.025,-5.2,1.2));
#6482=CARTESIAN_POINT('',(2.025,-5.2,1.2));
#6483=CARTESIAN_POINT('Origin',(2.2,-5.025,1.2));
#6484=CARTESIAN_POINT('',(2.2,-5.025,1.2));
#6485=CARTESIAN_POINT('',(2.2,-5.025,1.2));
#6486=CARTESIAN_POINT('',(2.2,-5.025,1.2));
#6487=CARTESIAN_POINT('Origin',(2.2,5.025,1.2));
#6488=CARTESIAN_POINT('',(2.2,4.645,1.2));
#6489=CARTESIAN_POINT('',(2.2,4.645,1.2));
#6490=CARTESIAN_POINT('',(2.2,5.025,1.2));
#6491=CARTESIAN_POINT('',(2.2,5.025,1.2));
#6492=CARTESIAN_POINT('',(2.2,5.025,1.2));
#6493=CARTESIAN_POINT('Origin',(2.05,4.645,1.));
#6494=CARTESIAN_POINT('',(2.4,4.245,1.));
#6495=CARTESIAN_POINT('',(2.05,4.245,1.));
#6496=CARTESIAN_POINT('',(2.4,4.645,1.));
#6497=CARTESIAN_POINT('',(2.05,4.645,1.));
#6498=CARTESIAN_POINT('',(2.4,4.645,1.));
#6499=CARTESIAN_POINT('Origin',(2.2,5.025,1.2));
#6500=CARTESIAN_POINT('',(2.2,3.375,1.2));
#6501=CARTESIAN_POINT('',(2.2,3.375,1.2));
#6502=CARTESIAN_POINT('',(2.2,4.245,1.2));
#6503=CARTESIAN_POINT('',(2.2,4.245,1.2));
#6504=CARTESIAN_POINT('',(2.2,5.025,1.2));
#6505=CARTESIAN_POINT('Origin',(2.05,3.375,1.));
#6506=CARTESIAN_POINT('',(2.4,2.975,1.));
#6507=CARTESIAN_POINT('',(2.05,2.975,1.));
#6508=CARTESIAN_POINT('',(2.4,3.375,1.));
#6509=CARTESIAN_POINT('',(2.05,3.375,1.));
#6510=CARTESIAN_POINT('',(2.4,3.375,1.));
#6511=CARTESIAN_POINT('Origin',(2.2,5.025,1.2));
#6512=CARTESIAN_POINT('',(2.2,2.105,1.2));
#6513=CARTESIAN_POINT('',(2.2,2.105,1.2));
#6514=CARTESIAN_POINT('',(2.2,2.975,1.2));
#6515=CARTESIAN_POINT('',(2.2,2.975,1.2));
#6516=CARTESIAN_POINT('',(2.2,5.025,1.2));
#6517=CARTESIAN_POINT('Origin',(2.05,2.105,1.));
#6518=CARTESIAN_POINT('',(2.4,1.705,1.));
#6519=CARTESIAN_POINT('',(2.05,1.705,1.));
#6520=CARTESIAN_POINT('',(2.4,2.105,1.));
#6521=CARTESIAN_POINT('',(2.05,2.105,1.));
#6522=CARTESIAN_POINT('',(2.4,2.105,1.));
#6523=CARTESIAN_POINT('Origin',(2.2,5.025,1.2));
#6524=CARTESIAN_POINT('',(2.2,0.835,1.2));
#6525=CARTESIAN_POINT('',(2.2,0.835,1.2));
#6526=CARTESIAN_POINT('',(2.2,1.705,1.2));
#6527=CARTESIAN_POINT('',(2.2,1.705,1.2));
#6528=CARTESIAN_POINT('',(2.2,5.025,1.2));
#6529=CARTESIAN_POINT('Origin',(2.05,0.835,1.));
#6530=CARTESIAN_POINT('',(2.4,0.435,1.));
#6531=CARTESIAN_POINT('',(2.05,0.435,1.));
#6532=CARTESIAN_POINT('',(2.4,0.835,1.));
#6533=CARTESIAN_POINT('',(2.05,0.835,1.));
#6534=CARTESIAN_POINT('',(2.4,0.835,1.));
#6535=CARTESIAN_POINT('Origin',(2.2,5.025,1.2));
#6536=CARTESIAN_POINT('',(2.2,-0.435,1.2));
#6537=CARTESIAN_POINT('',(2.2,-0.435,1.2));
#6538=CARTESIAN_POINT('',(2.2,0.435,1.2));
#6539=CARTESIAN_POINT('',(2.2,0.435,1.2));
#6540=CARTESIAN_POINT('',(2.2,5.025,1.2));
#6541=CARTESIAN_POINT('Origin',(2.05,-0.435,1.));
#6542=CARTESIAN_POINT('',(2.4,-0.835,1.));
#6543=CARTESIAN_POINT('',(2.05,-0.835,1.));
#6544=CARTESIAN_POINT('',(2.4,-0.435,1.));
#6545=CARTESIAN_POINT('',(2.05,-0.435,1.));
#6546=CARTESIAN_POINT('',(2.4,-0.435,1.));
#6547=CARTESIAN_POINT('Origin',(2.2,5.025,1.2));
#6548=CARTESIAN_POINT('',(2.2,-1.705,1.2));
#6549=CARTESIAN_POINT('',(2.2,-1.705,1.2));
#6550=CARTESIAN_POINT('',(2.2,-0.835,1.2));
#6551=CARTESIAN_POINT('',(2.2,-0.835,1.2));
#6552=CARTESIAN_POINT('',(2.2,5.025,1.2));
#6553=CARTESIAN_POINT('Origin',(2.05,-1.705,1.));
#6554=CARTESIAN_POINT('',(2.4,-2.105,1.));
#6555=CARTESIAN_POINT('',(2.05,-2.105,1.));
#6556=CARTESIAN_POINT('',(2.4,-1.705,1.));
#6557=CARTESIAN_POINT('',(2.05,-1.705,1.));
#6558=CARTESIAN_POINT('',(2.4,-1.705,1.));
#6559=CARTESIAN_POINT('Origin',(2.2,5.025,1.2));
#6560=CARTESIAN_POINT('',(2.2,-2.975,1.2));
#6561=CARTESIAN_POINT('',(2.2,-2.975,1.2));
#6562=CARTESIAN_POINT('',(2.2,-2.105,1.2));
#6563=CARTESIAN_POINT('',(2.2,-2.105,1.2));
#6564=CARTESIAN_POINT('',(2.2,5.025,1.2));
#6565=CARTESIAN_POINT('Origin',(2.05,-2.975,1.));
#6566=CARTESIAN_POINT('',(2.4,-3.375,1.));
#6567=CARTESIAN_POINT('',(2.05,-3.375,1.));
#6568=CARTESIAN_POINT('',(2.4,-2.975,1.));
#6569=CARTESIAN_POINT('',(2.05,-2.975,1.));
#6570=CARTESIAN_POINT('',(2.4,-2.975,1.));
#6571=CARTESIAN_POINT('Origin',(2.2,5.025,1.2));
#6572=CARTESIAN_POINT('',(2.2,-4.245,1.2));
#6573=CARTESIAN_POINT('',(2.2,-4.245,1.2));
#6574=CARTESIAN_POINT('',(2.2,-3.375,1.2));
#6575=CARTESIAN_POINT('',(2.2,-3.375,1.2));
#6576=CARTESIAN_POINT('',(2.2,5.025,1.2));
#6577=CARTESIAN_POINT('Origin',(2.05,-4.245,1.));
#6578=CARTESIAN_POINT('',(2.4,-4.645,1.));
#6579=CARTESIAN_POINT('',(2.05,-4.645,1.));
#6580=CARTESIAN_POINT('',(2.4,-4.245,1.));
#6581=CARTESIAN_POINT('',(2.05,-4.245,1.));
#6582=CARTESIAN_POINT('',(2.4,-4.245,1.));
#6583=CARTESIAN_POINT('Origin',(2.2,5.025,1.2));
#6584=CARTESIAN_POINT('',(2.2,-4.645,1.2));
#6585=CARTESIAN_POINT('',(2.2,-4.645,1.2));
#6586=CARTESIAN_POINT('',(2.2,5.025,1.2));
#6587=CARTESIAN_POINT('Origin',(2.025,5.2,1.2));
#6588=CARTESIAN_POINT('',(2.025,5.2,1.2));
#6589=CARTESIAN_POINT('',(2.025,5.2,1.2));
#6590=CARTESIAN_POINT('',(2.025,5.2,1.2));
#6591=CARTESIAN_POINT('Origin',(-2.025,5.2,1.2));
#6592=CARTESIAN_POINT('',(-2.025,5.2,1.2));
#6593=CARTESIAN_POINT('Origin',(-2.2,5.025,1.2));
#6594=CARTESIAN_POINT('',(-2.4,4.645,1.2));
#6595=CARTESIAN_POINT('',(-2.615544644921,4.645,1.2));
#6596=CARTESIAN_POINT('',(-2.4,4.245,1.2));
#6597=CARTESIAN_POINT('',(-2.4,4.245,1.2));
#6598=CARTESIAN_POINT('',(-2.615544644921,4.245,1.2));
#6599=CARTESIAN_POINT('',(-2.4,3.375,1.2));
#6600=CARTESIAN_POINT('',(-2.615544644921,3.375,1.2));
#6601=CARTESIAN_POINT('',(-2.4,2.975,1.2));
#6602=CARTESIAN_POINT('',(-2.4,2.975,1.2));
#6603=CARTESIAN_POINT('',(-2.615544644921,2.975,1.2));
#6604=CARTESIAN_POINT('',(-2.4,2.105,1.2));
#6605=CARTESIAN_POINT('',(-2.615544644921,2.105,1.2));
#6606=CARTESIAN_POINT('',(-2.4,1.705,1.2));
#6607=CARTESIAN_POINT('',(-2.4,1.705,1.2));
#6608=CARTESIAN_POINT('',(-2.615544644921,1.705,1.2));
#6609=CARTESIAN_POINT('',(-2.4,0.835,1.2));
#6610=CARTESIAN_POINT('',(-2.615544644921,0.835,1.2));
#6611=CARTESIAN_POINT('',(-2.4,0.435,1.2));
#6612=CARTESIAN_POINT('',(-2.4,0.435,1.2));
#6613=CARTESIAN_POINT('',(-2.615544644921,0.435,1.2));
#6614=CARTESIAN_POINT('',(-2.4,-0.435,1.2));
#6615=CARTESIAN_POINT('',(-2.615544644921,-0.435,1.2));
#6616=CARTESIAN_POINT('',(-2.4,-0.835,1.2));
#6617=CARTESIAN_POINT('',(-2.4,-0.835,1.2));
#6618=CARTESIAN_POINT('',(-2.615544644921,-0.835,1.2));
#6619=CARTESIAN_POINT('',(-2.4,-1.705,1.2));
#6620=CARTESIAN_POINT('',(-2.615544644921,-1.705,1.2));
#6621=CARTESIAN_POINT('',(-2.4,-2.105,1.2));
#6622=CARTESIAN_POINT('',(-2.4,-2.105,1.2));
#6623=CARTESIAN_POINT('',(-2.615544644921,-2.105,1.2));
#6624=CARTESIAN_POINT('',(-2.4,-2.975,1.2));
#6625=CARTESIAN_POINT('',(-2.615544644921,-2.975,1.2));
#6626=CARTESIAN_POINT('',(-2.4,-3.375,1.2));
#6627=CARTESIAN_POINT('',(-2.4,-3.375,1.2));
#6628=CARTESIAN_POINT('',(-2.615544644921,-3.375,1.2));
#6629=CARTESIAN_POINT('',(-2.4,-4.245,1.2));
#6630=CARTESIAN_POINT('',(-2.615544644921,-4.245,1.2));
#6631=CARTESIAN_POINT('',(-2.4,-4.645,1.2));
#6632=CARTESIAN_POINT('',(-2.4,-4.645,1.2));
#6633=CARTESIAN_POINT('',(-2.615544644921,-4.645,1.2));
#6634=CARTESIAN_POINT('',(2.4,-4.645,1.2));
#6635=CARTESIAN_POINT('',(2.615544644921,-4.645,1.2));
#6636=CARTESIAN_POINT('',(2.4,-4.245,1.2));
#6637=CARTESIAN_POINT('',(2.4,-4.245,1.2));
#6638=CARTESIAN_POINT('',(2.615544644921,-4.245,1.2));
#6639=CARTESIAN_POINT('',(2.4,-3.375,1.2));
#6640=CARTESIAN_POINT('',(2.615544644921,-3.375,1.2));
#6641=CARTESIAN_POINT('',(2.4,-2.975,1.2));
#6642=CARTESIAN_POINT('',(2.4,-2.975,1.2));
#6643=CARTESIAN_POINT('',(2.615544644921,-2.975,1.2));
#6644=CARTESIAN_POINT('',(2.4,-2.105,1.2));
#6645=CARTESIAN_POINT('',(2.615544644921,-2.105,1.2));
#6646=CARTESIAN_POINT('',(2.4,-1.705,1.2));
#6647=CARTESIAN_POINT('',(2.4,-1.705,1.2));
#6648=CARTESIAN_POINT('',(2.615544644921,-1.705,1.2));
#6649=CARTESIAN_POINT('',(2.4,-0.835,1.2));
#6650=CARTESIAN_POINT('',(2.615544644921,-0.835,1.2));
#6651=CARTESIAN_POINT('',(2.4,-0.435,1.2));
#6652=CARTESIAN_POINT('',(2.4,-0.435,1.2));
#6653=CARTESIAN_POINT('',(2.615544644921,-0.435,1.2));
#6654=CARTESIAN_POINT('',(2.4,0.435,1.2));
#6655=CARTESIAN_POINT('',(2.615544644921,0.435,1.2));
#6656=CARTESIAN_POINT('',(2.4,0.835,1.2));
#6657=CARTESIAN_POINT('',(2.4,0.835,1.2));
#6658=CARTESIAN_POINT('',(2.615544644921,0.835,1.2));
#6659=CARTESIAN_POINT('',(2.4,1.705,1.2));
#6660=CARTESIAN_POINT('',(2.615544644921,1.705,1.2));
#6661=CARTESIAN_POINT('',(2.4,2.105,1.2));
#6662=CARTESIAN_POINT('',(2.4,2.105,1.2));
#6663=CARTESIAN_POINT('',(2.615544644921,2.105,1.2));
#6664=CARTESIAN_POINT('',(2.4,2.975,1.2));
#6665=CARTESIAN_POINT('',(2.615544644921,2.975,1.2));
#6666=CARTESIAN_POINT('',(2.4,3.375,1.2));
#6667=CARTESIAN_POINT('',(2.4,3.375,1.2));
#6668=CARTESIAN_POINT('',(2.615544644921,3.375,1.2));
#6669=CARTESIAN_POINT('',(2.4,4.245,1.2));
#6670=CARTESIAN_POINT('',(2.615544644921,4.245,1.2));
#6671=CARTESIAN_POINT('',(2.4,4.645,1.2));
#6672=CARTESIAN_POINT('',(2.4,4.645,1.2));
#6673=CARTESIAN_POINT('',(2.615544644921,4.645,1.2));
#6674=CARTESIAN_POINT('',(-1.9875,5.125,1.2));
#6675=CARTESIAN_POINT('',(-2.125,4.9875,1.2));
#6676=CARTESIAN_POINT('',(-2.05625,5.05625,1.2));
#6677=CARTESIAN_POINT('',(1.9875,5.125,1.2));
#6678=CARTESIAN_POINT('',(0.,5.125,1.2));
#6679=CARTESIAN_POINT('',(2.125,4.9875,1.2));
#6680=CARTESIAN_POINT('',(2.05625,5.05625,1.2));
#6681=CARTESIAN_POINT('',(2.125,-4.9875,1.2));
#6682=CARTESIAN_POINT('',(2.125,0.,1.2));
#6683=CARTESIAN_POINT('',(1.9875,-5.125,1.2));
#6684=CARTESIAN_POINT('',(2.05625,-5.05625,1.2));
#6685=CARTESIAN_POINT('',(-1.9875,-5.125,1.2));
#6686=CARTESIAN_POINT('',(0.,-5.125,1.2));
#6687=CARTESIAN_POINT('',(-2.125,-4.9875,1.2));
#6688=CARTESIAN_POINT('',(-2.05625,-5.05625,1.2));
#6689=CARTESIAN_POINT('',(-2.125,0.,1.2));
#6690=CARTESIAN_POINT('Origin',(-2.615544644921,-4.645,0.588485448206));
#6691=CARTESIAN_POINT('',(-2.7,-4.645,0.9));
#6692=CARTESIAN_POINT('Origin',(-2.4,-4.645,0.9));
#6693=CARTESIAN_POINT('',(-2.7,-4.645,0.3));
#6694=CARTESIAN_POINT('',(-2.7,-4.645,0.588485448206));
#6695=CARTESIAN_POINT('',(-2.8,-4.645,0.2));
#6696=CARTESIAN_POINT('Origin',(-2.8,-4.645,0.3));
#6697=CARTESIAN_POINT('',(-3.2,-4.645,0.2));
#6698=CARTESIAN_POINT('',(-2.615544644921,-4.645,0.2));
#6699=CARTESIAN_POINT('',(-3.2,-4.645,1.09287578986534E-16));
#6700=CARTESIAN_POINT('',(-3.2,-4.645,0.588485448206));
#6701=CARTESIAN_POINT('',(-2.8,-4.645,1.09070738552038E-16));
#6702=CARTESIAN_POINT('',(-2.615544644921,-4.645,1.0842021724855E-16));
#6703=CARTESIAN_POINT('',(-2.5,-4.645,0.3));
#6704=CARTESIAN_POINT('Origin',(-2.8,-4.645,0.3));
#6705=CARTESIAN_POINT('',(-2.5,-4.645,0.9));
#6706=CARTESIAN_POINT('',(-2.5,-4.645,0.588485448206));
#6707=CARTESIAN_POINT('Origin',(-2.4,-4.645,0.9));
#6708=CARTESIAN_POINT('Origin',(-2.4,-4.645,0.9));
#6709=CARTESIAN_POINT('',(-2.5,-4.245,0.9));
#6710=CARTESIAN_POINT('',(-2.5,-4.645,0.9));
#6711=CARTESIAN_POINT('Origin',(-2.4,-4.245,0.9));
#6712=CARTESIAN_POINT('Origin',(-2.615544644921,-4.245,0.588485448206));
#6713=CARTESIAN_POINT('',(-2.7,-4.245,0.9));
#6714=CARTESIAN_POINT('Origin',(-2.4,-4.245,0.9));
#6715=CARTESIAN_POINT('',(-2.5,-4.245,0.3));
#6716=CARTESIAN_POINT('',(-2.5,-4.245,0.588485448206));
#6717=CARTESIAN_POINT('',(-2.8,-4.245,1.09070738552038E-16));
#6718=CARTESIAN_POINT('Origin',(-2.8,-4.245,0.3));
#6719=CARTESIAN_POINT('',(-3.2,-4.245,1.09287578986534E-16));
#6720=CARTESIAN_POINT('',(-2.615544644921,-4.245,1.0842021724855E-16));
#6721=CARTESIAN_POINT('',(-3.2,-4.245,0.2));
#6722=CARTESIAN_POINT('',(-3.2,-4.245,0.588485448206));
#6723=CARTESIAN_POINT('',(-2.8,-4.245,0.2));
#6724=CARTESIAN_POINT('',(-2.615544644921,-4.245,0.2));
#6725=CARTESIAN_POINT('',(-2.7,-4.245,0.3));
#6726=CARTESIAN_POINT('Origin',(-2.8,-4.245,0.3));
#6727=CARTESIAN_POINT('',(-2.7,-4.245,0.588485448206));
#6728=CARTESIAN_POINT('Origin',(-2.615544644921,-3.375,0.588485448206));
#6729=CARTESIAN_POINT('',(-2.7,-3.375,0.9));
#6730=CARTESIAN_POINT('Origin',(-2.4,-3.375,0.9));
#6731=CARTESIAN_POINT('',(-2.7,-3.375,0.3));
#6732=CARTESIAN_POINT('',(-2.7,-3.375,0.588485448206));
#6733=CARTESIAN_POINT('',(-2.8,-3.375,0.2));
#6734=CARTESIAN_POINT('Origin',(-2.8,-3.375,0.3));
#6735=CARTESIAN_POINT('',(-3.2,-3.375,0.2));
#6736=CARTESIAN_POINT('',(-2.615544644921,-3.375,0.2));
#6737=CARTESIAN_POINT('',(-3.2,-3.375,1.09287578986534E-16));
#6738=CARTESIAN_POINT('',(-3.2,-3.375,0.588485448206));
#6739=CARTESIAN_POINT('',(-2.8,-3.375,1.09070738552038E-16));
#6740=CARTESIAN_POINT('',(-2.615544644921,-3.375,1.0842021724855E-16));
#6741=CARTESIAN_POINT('',(-2.5,-3.375,0.3));
#6742=CARTESIAN_POINT('Origin',(-2.8,-3.375,0.3));
#6743=CARTESIAN_POINT('',(-2.5,-3.375,0.9));
#6744=CARTESIAN_POINT('',(-2.5,-3.375,0.588485448206));
#6745=CARTESIAN_POINT('Origin',(-2.4,-3.375,0.9));
#6746=CARTESIAN_POINT('Origin',(-2.4,-3.375,0.9));
#6747=CARTESIAN_POINT('',(-2.5,-2.975,0.9));
#6748=CARTESIAN_POINT('',(-2.5,-3.375,0.9));
#6749=CARTESIAN_POINT('Origin',(-2.4,-2.975,0.9));
#6750=CARTESIAN_POINT('Origin',(-2.615544644921,-2.975,0.588485448206));
#6751=CARTESIAN_POINT('',(-2.7,-2.975,0.9));
#6752=CARTESIAN_POINT('Origin',(-2.4,-2.975,0.9));
#6753=CARTESIAN_POINT('',(-2.5,-2.975,0.3));
#6754=CARTESIAN_POINT('',(-2.5,-2.975,0.588485448206));
#6755=CARTESIAN_POINT('',(-2.8,-2.975,1.09070738552038E-16));
#6756=CARTESIAN_POINT('Origin',(-2.8,-2.975,0.3));
#6757=CARTESIAN_POINT('',(-3.2,-2.975,1.09287578986534E-16));
#6758=CARTESIAN_POINT('',(-2.615544644921,-2.975,1.0842021724855E-16));
#6759=CARTESIAN_POINT('',(-3.2,-2.975,0.2));
#6760=CARTESIAN_POINT('',(-3.2,-2.975,0.588485448206));
#6761=CARTESIAN_POINT('',(-2.8,-2.975,0.2));
#6762=CARTESIAN_POINT('',(-2.615544644921,-2.975,0.2));
#6763=CARTESIAN_POINT('',(-2.7,-2.975,0.3));
#6764=CARTESIAN_POINT('Origin',(-2.8,-2.975,0.3));
#6765=CARTESIAN_POINT('',(-2.7,-2.975,0.588485448206));
#6766=CARTESIAN_POINT('Origin',(-2.615544644921,-2.105,0.588485448206));
#6767=CARTESIAN_POINT('',(-2.7,-2.105,0.9));
#6768=CARTESIAN_POINT('Origin',(-2.4,-2.105,0.9));
#6769=CARTESIAN_POINT('',(-2.7,-2.105,0.3));
#6770=CARTESIAN_POINT('',(-2.7,-2.105,0.588485448206));
#6771=CARTESIAN_POINT('',(-2.8,-2.105,0.2));
#6772=CARTESIAN_POINT('Origin',(-2.8,-2.105,0.3));
#6773=CARTESIAN_POINT('',(-3.2,-2.105,0.2));
#6774=CARTESIAN_POINT('',(-2.615544644921,-2.105,0.2));
#6775=CARTESIAN_POINT('',(-3.2,-2.105,1.09287578986534E-16));
#6776=CARTESIAN_POINT('',(-3.2,-2.105,0.588485448206));
#6777=CARTESIAN_POINT('',(-2.8,-2.105,1.09070738552038E-16));
#6778=CARTESIAN_POINT('',(-2.615544644921,-2.105,1.0842021724855E-16));
#6779=CARTESIAN_POINT('',(-2.5,-2.105,0.3));
#6780=CARTESIAN_POINT('Origin',(-2.8,-2.105,0.3));
#6781=CARTESIAN_POINT('',(-2.5,-2.105,0.9));
#6782=CARTESIAN_POINT('',(-2.5,-2.105,0.588485448206));
#6783=CARTESIAN_POINT('Origin',(-2.4,-2.105,0.9));
#6784=CARTESIAN_POINT('Origin',(-2.4,-2.105,0.9));
#6785=CARTESIAN_POINT('',(-2.5,-1.705,0.9));
#6786=CARTESIAN_POINT('',(-2.5,-2.105,0.9));
#6787=CARTESIAN_POINT('Origin',(-2.4,-1.705,0.9));
#6788=CARTESIAN_POINT('Origin',(-2.615544644921,-1.705,0.588485448206));
#6789=CARTESIAN_POINT('',(-2.7,-1.705,0.9));
#6790=CARTESIAN_POINT('Origin',(-2.4,-1.705,0.9));
#6791=CARTESIAN_POINT('',(-2.5,-1.705,0.3));
#6792=CARTESIAN_POINT('',(-2.5,-1.705,0.588485448206));
#6793=CARTESIAN_POINT('',(-2.8,-1.705,1.09070738552038E-16));
#6794=CARTESIAN_POINT('Origin',(-2.8,-1.705,0.3));
#6795=CARTESIAN_POINT('',(-3.2,-1.705,1.09287578986534E-16));
#6796=CARTESIAN_POINT('',(-2.615544644921,-1.705,1.0842021724855E-16));
#6797=CARTESIAN_POINT('',(-3.2,-1.705,0.2));
#6798=CARTESIAN_POINT('',(-3.2,-1.705,0.588485448206));
#6799=CARTESIAN_POINT('',(-2.8,-1.705,0.2));
#6800=CARTESIAN_POINT('',(-2.615544644921,-1.705,0.2));
#6801=CARTESIAN_POINT('',(-2.7,-1.705,0.3));
#6802=CARTESIAN_POINT('Origin',(-2.8,-1.705,0.3));
#6803=CARTESIAN_POINT('',(-2.7,-1.705,0.588485448206));
#6804=CARTESIAN_POINT('Origin',(-2.615544644921,-0.835,0.588485448206));
#6805=CARTESIAN_POINT('',(-2.7,-0.835,0.9));
#6806=CARTESIAN_POINT('Origin',(-2.4,-0.835,0.9));
#6807=CARTESIAN_POINT('',(-2.7,-0.835,0.3));
#6808=CARTESIAN_POINT('',(-2.7,-0.835,0.588485448206));
#6809=CARTESIAN_POINT('',(-2.8,-0.835,0.2));
#6810=CARTESIAN_POINT('Origin',(-2.8,-0.835,0.3));
#6811=CARTESIAN_POINT('',(-3.2,-0.835,0.2));
#6812=CARTESIAN_POINT('',(-2.615544644921,-0.835,0.2));
#6813=CARTESIAN_POINT('',(-3.2,-0.835,1.09287578986534E-16));
#6814=CARTESIAN_POINT('',(-3.2,-0.835,0.588485448206));
#6815=CARTESIAN_POINT('',(-2.8,-0.835,1.09070738552038E-16));
#6816=CARTESIAN_POINT('',(-2.615544644921,-0.835,1.0842021724855E-16));
#6817=CARTESIAN_POINT('',(-2.5,-0.835,0.3));
#6818=CARTESIAN_POINT('Origin',(-2.8,-0.835,0.3));
#6819=CARTESIAN_POINT('',(-2.5,-0.835,0.9));
#6820=CARTESIAN_POINT('',(-2.5,-0.835,0.588485448206));
#6821=CARTESIAN_POINT('Origin',(-2.4,-0.835,0.9));
#6822=CARTESIAN_POINT('Origin',(-2.4,-0.835,0.9));
#6823=CARTESIAN_POINT('',(-2.5,-0.435,0.9));
#6824=CARTESIAN_POINT('',(-2.5,-0.835,0.9));
#6825=CARTESIAN_POINT('Origin',(-2.4,-0.435,0.9));
#6826=CARTESIAN_POINT('Origin',(-2.615544644921,-0.435,0.588485448206));
#6827=CARTESIAN_POINT('',(-2.7,-0.435,0.9));
#6828=CARTESIAN_POINT('Origin',(-2.4,-0.435,0.9));
#6829=CARTESIAN_POINT('',(-2.5,-0.435,0.3));
#6830=CARTESIAN_POINT('',(-2.5,-0.435,0.588485448206));
#6831=CARTESIAN_POINT('',(-2.8,-0.435,1.09070738552038E-16));
#6832=CARTESIAN_POINT('Origin',(-2.8,-0.435,0.3));
#6833=CARTESIAN_POINT('',(-3.2,-0.435,1.09287578986534E-16));
#6834=CARTESIAN_POINT('',(-2.615544644921,-0.435,1.0842021724855E-16));
#6835=CARTESIAN_POINT('',(-3.2,-0.435,0.2));
#6836=CARTESIAN_POINT('',(-3.2,-0.435,0.588485448206));
#6837=CARTESIAN_POINT('',(-2.8,-0.435,0.2));
#6838=CARTESIAN_POINT('',(-2.615544644921,-0.435,0.2));
#6839=CARTESIAN_POINT('',(-2.7,-0.435,0.3));
#6840=CARTESIAN_POINT('Origin',(-2.8,-0.435,0.3));
#6841=CARTESIAN_POINT('',(-2.7,-0.435,0.588485448206));
#6842=CARTESIAN_POINT('Origin',(-2.615544644921,0.435,0.588485448206));
#6843=CARTESIAN_POINT('',(-2.7,0.435,0.9));
#6844=CARTESIAN_POINT('Origin',(-2.4,0.435,0.9));
#6845=CARTESIAN_POINT('',(-2.7,0.435,0.3));
#6846=CARTESIAN_POINT('',(-2.7,0.435,0.588485448206));
#6847=CARTESIAN_POINT('',(-2.8,0.435,0.2));
#6848=CARTESIAN_POINT('Origin',(-2.8,0.435,0.3));
#6849=CARTESIAN_POINT('',(-3.2,0.435,0.2));
#6850=CARTESIAN_POINT('',(-2.615544644921,0.435,0.2));
#6851=CARTESIAN_POINT('',(-3.2,0.435,1.09287578986534E-16));
#6852=CARTESIAN_POINT('',(-3.2,0.435,0.588485448206));
#6853=CARTESIAN_POINT('',(-2.8,0.435,1.09070738552038E-16));
#6854=CARTESIAN_POINT('',(-2.615544644921,0.435,1.0842021724855E-16));
#6855=CARTESIAN_POINT('',(-2.5,0.435,0.3));
#6856=CARTESIAN_POINT('Origin',(-2.8,0.435,0.3));
#6857=CARTESIAN_POINT('',(-2.5,0.435,0.9));
#6858=CARTESIAN_POINT('',(-2.5,0.435,0.588485448206));
#6859=CARTESIAN_POINT('Origin',(-2.4,0.435,0.9));
#6860=CARTESIAN_POINT('Origin',(-2.4,0.435,0.9));
#6861=CARTESIAN_POINT('',(-2.5,0.835,0.9));
#6862=CARTESIAN_POINT('',(-2.5,0.435,0.9));
#6863=CARTESIAN_POINT('Origin',(-2.4,0.835,0.9));
#6864=CARTESIAN_POINT('Origin',(-2.615544644921,0.835,0.588485448206));
#6865=CARTESIAN_POINT('',(-2.7,0.835,0.9));
#6866=CARTESIAN_POINT('Origin',(-2.4,0.835,0.9));
#6867=CARTESIAN_POINT('',(-2.5,0.835,0.3));
#6868=CARTESIAN_POINT('',(-2.5,0.835,0.588485448206));
#6869=CARTESIAN_POINT('',(-2.8,0.835,1.09070738552038E-16));
#6870=CARTESIAN_POINT('Origin',(-2.8,0.835,0.3));
#6871=CARTESIAN_POINT('',(-3.2,0.835,1.09287578986534E-16));
#6872=CARTESIAN_POINT('',(-2.615544644921,0.835,1.0842021724855E-16));
#6873=CARTESIAN_POINT('',(-3.2,0.835,0.2));
#6874=CARTESIAN_POINT('',(-3.2,0.835,0.588485448206));
#6875=CARTESIAN_POINT('',(-2.8,0.835,0.2));
#6876=CARTESIAN_POINT('',(-2.615544644921,0.835,0.2));
#6877=CARTESIAN_POINT('',(-2.7,0.835,0.3));
#6878=CARTESIAN_POINT('Origin',(-2.8,0.835,0.3));
#6879=CARTESIAN_POINT('',(-2.7,0.835,0.588485448206));
#6880=CARTESIAN_POINT('Origin',(-2.615544644921,1.705,0.588485448206));
#6881=CARTESIAN_POINT('',(-2.7,1.705,0.9));
#6882=CARTESIAN_POINT('Origin',(-2.4,1.705,0.9));
#6883=CARTESIAN_POINT('',(-2.7,1.705,0.3));
#6884=CARTESIAN_POINT('',(-2.7,1.705,0.588485448206));
#6885=CARTESIAN_POINT('',(-2.8,1.705,0.2));
#6886=CARTESIAN_POINT('Origin',(-2.8,1.705,0.3));
#6887=CARTESIAN_POINT('',(-3.2,1.705,0.2));
#6888=CARTESIAN_POINT('',(-2.615544644921,1.705,0.2));
#6889=CARTESIAN_POINT('',(-3.2,1.705,1.09287578986534E-16));
#6890=CARTESIAN_POINT('',(-3.2,1.705,0.588485448206));
#6891=CARTESIAN_POINT('',(-2.8,1.705,1.09070738552038E-16));
#6892=CARTESIAN_POINT('',(-2.615544644921,1.705,1.0842021724855E-16));
#6893=CARTESIAN_POINT('',(-2.5,1.705,0.3));
#6894=CARTESIAN_POINT('Origin',(-2.8,1.705,0.3));
#6895=CARTESIAN_POINT('',(-2.5,1.705,0.9));
#6896=CARTESIAN_POINT('',(-2.5,1.705,0.588485448206));
#6897=CARTESIAN_POINT('Origin',(-2.4,1.705,0.9));
#6898=CARTESIAN_POINT('Origin',(-2.4,1.705,0.9));
#6899=CARTESIAN_POINT('',(-2.5,2.105,0.9));
#6900=CARTESIAN_POINT('',(-2.5,1.705,0.9));
#6901=CARTESIAN_POINT('Origin',(-2.4,2.105,0.9));
#6902=CARTESIAN_POINT('Origin',(-2.615544644921,2.105,0.588485448206));
#6903=CARTESIAN_POINT('',(-2.7,2.105,0.9));
#6904=CARTESIAN_POINT('Origin',(-2.4,2.105,0.9));
#6905=CARTESIAN_POINT('',(-2.5,2.105,0.3));
#6906=CARTESIAN_POINT('',(-2.5,2.105,0.588485448206));
#6907=CARTESIAN_POINT('',(-2.8,2.105,1.09070738552038E-16));
#6908=CARTESIAN_POINT('Origin',(-2.8,2.105,0.3));
#6909=CARTESIAN_POINT('',(-3.2,2.105,1.09287578986534E-16));
#6910=CARTESIAN_POINT('',(-2.615544644921,2.105,1.0842021724855E-16));
#6911=CARTESIAN_POINT('',(-3.2,2.105,0.2));
#6912=CARTESIAN_POINT('',(-3.2,2.105,0.588485448206));
#6913=CARTESIAN_POINT('',(-2.8,2.105,0.2));
#6914=CARTESIAN_POINT('',(-2.615544644921,2.105,0.2));
#6915=CARTESIAN_POINT('',(-2.7,2.105,0.3));
#6916=CARTESIAN_POINT('Origin',(-2.8,2.105,0.3));
#6917=CARTESIAN_POINT('',(-2.7,2.105,0.588485448206));
#6918=CARTESIAN_POINT('Origin',(-2.615544644921,2.975,0.588485448206));
#6919=CARTESIAN_POINT('',(-2.7,2.975,0.9));
#6920=CARTESIAN_POINT('Origin',(-2.4,2.975,0.9));
#6921=CARTESIAN_POINT('',(-2.7,2.975,0.3));
#6922=CARTESIAN_POINT('',(-2.7,2.975,0.588485448206));
#6923=CARTESIAN_POINT('',(-2.8,2.975,0.2));
#6924=CARTESIAN_POINT('Origin',(-2.8,2.975,0.3));
#6925=CARTESIAN_POINT('',(-3.2,2.975,0.2));
#6926=CARTESIAN_POINT('',(-2.615544644921,2.975,0.2));
#6927=CARTESIAN_POINT('',(-3.2,2.975,1.09287578986534E-16));
#6928=CARTESIAN_POINT('',(-3.2,2.975,0.588485448206));
#6929=CARTESIAN_POINT('',(-2.8,2.975,1.09070738552038E-16));
#6930=CARTESIAN_POINT('',(-2.615544644921,2.975,1.0842021724855E-16));
#6931=CARTESIAN_POINT('',(-2.5,2.975,0.3));
#6932=CARTESIAN_POINT('Origin',(-2.8,2.975,0.3));
#6933=CARTESIAN_POINT('',(-2.5,2.975,0.9));
#6934=CARTESIAN_POINT('',(-2.5,2.975,0.588485448206));
#6935=CARTESIAN_POINT('Origin',(-2.4,2.975,0.9));
#6936=CARTESIAN_POINT('Origin',(-2.4,2.975,0.9));
#6937=CARTESIAN_POINT('',(-2.5,3.375,0.9));
#6938=CARTESIAN_POINT('',(-2.5,2.975,0.9));
#6939=CARTESIAN_POINT('Origin',(-2.4,3.375,0.9));
#6940=CARTESIAN_POINT('Origin',(-2.615544644921,3.375,0.588485448206));
#6941=CARTESIAN_POINT('',(-2.7,3.375,0.9));
#6942=CARTESIAN_POINT('Origin',(-2.4,3.375,0.9));
#6943=CARTESIAN_POINT('',(-2.5,3.375,0.3));
#6944=CARTESIAN_POINT('',(-2.5,3.375,0.588485448206));
#6945=CARTESIAN_POINT('',(-2.8,3.375,1.09070738552038E-16));
#6946=CARTESIAN_POINT('Origin',(-2.8,3.375,0.3));
#6947=CARTESIAN_POINT('',(-3.2,3.375,1.09287578986534E-16));
#6948=CARTESIAN_POINT('',(-2.615544644921,3.375,1.0842021724855E-16));
#6949=CARTESIAN_POINT('',(-3.2,3.375,0.2));
#6950=CARTESIAN_POINT('',(-3.2,3.375,0.588485448206));
#6951=CARTESIAN_POINT('',(-2.8,3.375,0.2));
#6952=CARTESIAN_POINT('',(-2.615544644921,3.375,0.2));
#6953=CARTESIAN_POINT('',(-2.7,3.375,0.3));
#6954=CARTESIAN_POINT('Origin',(-2.8,3.375,0.3));
#6955=CARTESIAN_POINT('',(-2.7,3.375,0.588485448206));
#6956=CARTESIAN_POINT('Origin',(-2.615544644921,4.245,0.588485448206));
#6957=CARTESIAN_POINT('',(-2.7,4.245,0.9));
#6958=CARTESIAN_POINT('Origin',(-2.4,4.245,0.9));
#6959=CARTESIAN_POINT('',(-2.7,4.245,0.3));
#6960=CARTESIAN_POINT('',(-2.7,4.245,0.588485448206));
#6961=CARTESIAN_POINT('',(-2.8,4.245,0.2));
#6962=CARTESIAN_POINT('Origin',(-2.8,4.245,0.3));
#6963=CARTESIAN_POINT('',(-3.2,4.245,0.2));
#6964=CARTESIAN_POINT('',(-2.615544644921,4.245,0.2));
#6965=CARTESIAN_POINT('',(-3.2,4.245,1.09287578986534E-16));
#6966=CARTESIAN_POINT('',(-3.2,4.245,0.588485448206));
#6967=CARTESIAN_POINT('',(-2.8,4.245,1.09070738552038E-16));
#6968=CARTESIAN_POINT('',(-2.615544644921,4.245,1.0842021724855E-16));
#6969=CARTESIAN_POINT('',(-2.5,4.245,0.3));
#6970=CARTESIAN_POINT('Origin',(-2.8,4.245,0.3));
#6971=CARTESIAN_POINT('',(-2.5,4.245,0.9));
#6972=CARTESIAN_POINT('',(-2.5,4.245,0.588485448206));
#6973=CARTESIAN_POINT('Origin',(-2.4,4.245,0.9));
#6974=CARTESIAN_POINT('Origin',(-2.4,4.245,0.9));
#6975=CARTESIAN_POINT('',(-2.5,4.645,0.9));
#6976=CARTESIAN_POINT('',(-2.5,4.245,0.9));
#6977=CARTESIAN_POINT('Origin',(-2.4,4.645,0.9));
#6978=CARTESIAN_POINT('Origin',(-2.615544644921,4.645,0.588485448206));
#6979=CARTESIAN_POINT('',(-2.7,4.645,0.9));
#6980=CARTESIAN_POINT('Origin',(-2.4,4.645,0.9));
#6981=CARTESIAN_POINT('',(-2.5,4.645,0.3));
#6982=CARTESIAN_POINT('',(-2.5,4.645,0.588485448206));
#6983=CARTESIAN_POINT('',(-2.8,4.645,1.09070738552038E-16));
#6984=CARTESIAN_POINT('Origin',(-2.8,4.645,0.3));
#6985=CARTESIAN_POINT('',(-3.2,4.645,1.09287578986534E-16));
#6986=CARTESIAN_POINT('',(-2.615544644921,4.645,1.0842021724855E-16));
#6987=CARTESIAN_POINT('',(-3.2,4.645,0.2));
#6988=CARTESIAN_POINT('',(-3.2,4.645,0.588485448206));
#6989=CARTESIAN_POINT('',(-2.8,4.645,0.2));
#6990=CARTESIAN_POINT('',(-2.615544644921,4.645,0.2));
#6991=CARTESIAN_POINT('',(-2.7,4.645,0.3));
#6992=CARTESIAN_POINT('Origin',(-2.8,4.645,0.3));
#6993=CARTESIAN_POINT('',(-2.7,4.645,0.588485448206));
#6994=CARTESIAN_POINT('Origin',(2.615544644921,4.645,0.588485448206));
#6995=CARTESIAN_POINT('',(2.7,4.645,0.9));
#6996=CARTESIAN_POINT('Origin',(2.4,4.645,0.9));
#6997=CARTESIAN_POINT('',(2.7,4.645,0.3));
#6998=CARTESIAN_POINT('',(2.7,4.645,0.588485448206));
#6999=CARTESIAN_POINT('',(2.8,4.645,0.2));
#7000=CARTESIAN_POINT('Origin',(2.8,4.645,0.3));
#7001=CARTESIAN_POINT('',(3.2,4.645,0.2));
#7002=CARTESIAN_POINT('',(2.615544644921,4.645,0.2));
#7003=CARTESIAN_POINT('',(3.2,4.645,1.09287578986534E-16));
#7004=CARTESIAN_POINT('',(3.2,4.645,0.588485448206));
#7005=CARTESIAN_POINT('',(2.8,4.645,1.09070738552038E-16));
#7006=CARTESIAN_POINT('',(2.615544644921,4.645,1.0842021724855E-16));
#7007=CARTESIAN_POINT('',(2.5,4.645,0.3));
#7008=CARTESIAN_POINT('Origin',(2.8,4.645,0.3));
#7009=CARTESIAN_POINT('',(2.5,4.645,0.9));
#7010=CARTESIAN_POINT('',(2.5,4.645,0.588485448206));
#7011=CARTESIAN_POINT('Origin',(2.4,4.645,0.9));
#7012=CARTESIAN_POINT('Origin',(2.4,4.645,0.9));
#7013=CARTESIAN_POINT('',(2.5,4.245,0.9));
#7014=CARTESIAN_POINT('',(2.5,4.645,0.9));
#7015=CARTESIAN_POINT('Origin',(2.4,4.245,0.9));
#7016=CARTESIAN_POINT('Origin',(2.615544644921,4.245,0.588485448206));
#7017=CARTESIAN_POINT('',(2.7,4.245,0.9));
#7018=CARTESIAN_POINT('Origin',(2.4,4.245,0.9));
#7019=CARTESIAN_POINT('',(2.5,4.245,0.3));
#7020=CARTESIAN_POINT('',(2.5,4.245,0.588485448206));
#7021=CARTESIAN_POINT('',(2.8,4.245,1.09070738552038E-16));
#7022=CARTESIAN_POINT('Origin',(2.8,4.245,0.3));
#7023=CARTESIAN_POINT('',(3.2,4.245,1.09287578986534E-16));
#7024=CARTESIAN_POINT('',(2.615544644921,4.245,1.0842021724855E-16));
#7025=CARTESIAN_POINT('',(3.2,4.245,0.2));
#7026=CARTESIAN_POINT('',(3.2,4.245,0.588485448206));
#7027=CARTESIAN_POINT('',(2.8,4.245,0.2));
#7028=CARTESIAN_POINT('',(2.615544644921,4.245,0.2));
#7029=CARTESIAN_POINT('',(2.7,4.245,0.3));
#7030=CARTESIAN_POINT('Origin',(2.8,4.245,0.3));
#7031=CARTESIAN_POINT('',(2.7,4.245,0.588485448206));
#7032=CARTESIAN_POINT('Origin',(2.615544644921,3.375,0.588485448206));
#7033=CARTESIAN_POINT('',(2.7,3.375,0.9));
#7034=CARTESIAN_POINT('Origin',(2.4,3.375,0.9));
#7035=CARTESIAN_POINT('',(2.7,3.375,0.3));
#7036=CARTESIAN_POINT('',(2.7,3.375,0.588485448206));
#7037=CARTESIAN_POINT('',(2.8,3.375,0.2));
#7038=CARTESIAN_POINT('Origin',(2.8,3.375,0.3));
#7039=CARTESIAN_POINT('',(3.2,3.375,0.2));
#7040=CARTESIAN_POINT('',(2.615544644921,3.375,0.2));
#7041=CARTESIAN_POINT('',(3.2,3.375,1.09287578986534E-16));
#7042=CARTESIAN_POINT('',(3.2,3.375,0.588485448206));
#7043=CARTESIAN_POINT('',(2.8,3.375,1.09070738552038E-16));
#7044=CARTESIAN_POINT('',(2.615544644921,3.375,1.0842021724855E-16));
#7045=CARTESIAN_POINT('',(2.5,3.375,0.3));
#7046=CARTESIAN_POINT('Origin',(2.8,3.375,0.3));
#7047=CARTESIAN_POINT('',(2.5,3.375,0.9));
#7048=CARTESIAN_POINT('',(2.5,3.375,0.588485448206));
#7049=CARTESIAN_POINT('Origin',(2.4,3.375,0.9));
#7050=CARTESIAN_POINT('Origin',(2.4,3.375,0.9));
#7051=CARTESIAN_POINT('',(2.5,2.975,0.9));
#7052=CARTESIAN_POINT('',(2.5,3.375,0.9));
#7053=CARTESIAN_POINT('Origin',(2.4,2.975,0.9));
#7054=CARTESIAN_POINT('Origin',(2.615544644921,2.975,0.588485448206));
#7055=CARTESIAN_POINT('',(2.7,2.975,0.9));
#7056=CARTESIAN_POINT('Origin',(2.4,2.975,0.9));
#7057=CARTESIAN_POINT('',(2.5,2.975,0.3));
#7058=CARTESIAN_POINT('',(2.5,2.975,0.588485448206));
#7059=CARTESIAN_POINT('',(2.8,2.975,1.09070738552038E-16));
#7060=CARTESIAN_POINT('Origin',(2.8,2.975,0.3));
#7061=CARTESIAN_POINT('',(3.2,2.975,1.09287578986534E-16));
#7062=CARTESIAN_POINT('',(2.615544644921,2.975,1.0842021724855E-16));
#7063=CARTESIAN_POINT('',(3.2,2.975,0.2));
#7064=CARTESIAN_POINT('',(3.2,2.975,0.588485448206));
#7065=CARTESIAN_POINT('',(2.8,2.975,0.2));
#7066=CARTESIAN_POINT('',(2.615544644921,2.975,0.2));
#7067=CARTESIAN_POINT('',(2.7,2.975,0.3));
#7068=CARTESIAN_POINT('Origin',(2.8,2.975,0.3));
#7069=CARTESIAN_POINT('',(2.7,2.975,0.588485448206));
#7070=CARTESIAN_POINT('Origin',(2.615544644921,2.105,0.588485448206));
#7071=CARTESIAN_POINT('',(2.7,2.105,0.9));
#7072=CARTESIAN_POINT('Origin',(2.4,2.105,0.9));
#7073=CARTESIAN_POINT('',(2.7,2.105,0.3));
#7074=CARTESIAN_POINT('',(2.7,2.105,0.588485448206));
#7075=CARTESIAN_POINT('',(2.8,2.105,0.2));
#7076=CARTESIAN_POINT('Origin',(2.8,2.105,0.3));
#7077=CARTESIAN_POINT('',(3.2,2.105,0.2));
#7078=CARTESIAN_POINT('',(2.615544644921,2.105,0.2));
#7079=CARTESIAN_POINT('',(3.2,2.105,1.09287578986534E-16));
#7080=CARTESIAN_POINT('',(3.2,2.105,0.588485448206));
#7081=CARTESIAN_POINT('',(2.8,2.105,1.09070738552038E-16));
#7082=CARTESIAN_POINT('',(2.615544644921,2.105,1.0842021724855E-16));
#7083=CARTESIAN_POINT('',(2.5,2.105,0.3));
#7084=CARTESIAN_POINT('Origin',(2.8,2.105,0.3));
#7085=CARTESIAN_POINT('',(2.5,2.105,0.9));
#7086=CARTESIAN_POINT('',(2.5,2.105,0.588485448206));
#7087=CARTESIAN_POINT('Origin',(2.4,2.105,0.9));
#7088=CARTESIAN_POINT('Origin',(2.4,2.105,0.9));
#7089=CARTESIAN_POINT('',(2.5,1.705,0.9));
#7090=CARTESIAN_POINT('',(2.5,2.105,0.9));
#7091=CARTESIAN_POINT('Origin',(2.4,1.705,0.9));
#7092=CARTESIAN_POINT('Origin',(2.615544644921,1.705,0.588485448206));
#7093=CARTESIAN_POINT('',(2.7,1.705,0.9));
#7094=CARTESIAN_POINT('Origin',(2.4,1.705,0.9));
#7095=CARTESIAN_POINT('',(2.5,1.705,0.3));
#7096=CARTESIAN_POINT('',(2.5,1.705,0.588485448206));
#7097=CARTESIAN_POINT('',(2.8,1.705,1.09070738552038E-16));
#7098=CARTESIAN_POINT('Origin',(2.8,1.705,0.3));
#7099=CARTESIAN_POINT('',(3.2,1.705,1.09287578986534E-16));
#7100=CARTESIAN_POINT('',(2.615544644921,1.705,1.0842021724855E-16));
#7101=CARTESIAN_POINT('',(3.2,1.705,0.2));
#7102=CARTESIAN_POINT('',(3.2,1.705,0.588485448206));
#7103=CARTESIAN_POINT('',(2.8,1.705,0.2));
#7104=CARTESIAN_POINT('',(2.615544644921,1.705,0.2));
#7105=CARTESIAN_POINT('',(2.7,1.705,0.3));
#7106=CARTESIAN_POINT('Origin',(2.8,1.705,0.3));
#7107=CARTESIAN_POINT('',(2.7,1.705,0.588485448206));
#7108=CARTESIAN_POINT('Origin',(2.615544644921,0.835,0.588485448206));
#7109=CARTESIAN_POINT('',(2.7,0.835,0.9));
#7110=CARTESIAN_POINT('Origin',(2.4,0.835,0.9));
#7111=CARTESIAN_POINT('',(2.7,0.835,0.3));
#7112=CARTESIAN_POINT('',(2.7,0.835,0.588485448206));
#7113=CARTESIAN_POINT('',(2.8,0.835,0.2));
#7114=CARTESIAN_POINT('Origin',(2.8,0.835,0.3));
#7115=CARTESIAN_POINT('',(3.2,0.835,0.2));
#7116=CARTESIAN_POINT('',(2.615544644921,0.835,0.2));
#7117=CARTESIAN_POINT('',(3.2,0.835,1.09287578986534E-16));
#7118=CARTESIAN_POINT('',(3.2,0.835,0.588485448206));
#7119=CARTESIAN_POINT('',(2.8,0.835,1.09070738552038E-16));
#7120=CARTESIAN_POINT('',(2.615544644921,0.835,1.0842021724855E-16));
#7121=CARTESIAN_POINT('',(2.5,0.835,0.3));
#7122=CARTESIAN_POINT('Origin',(2.8,0.835,0.3));
#7123=CARTESIAN_POINT('',(2.5,0.835,0.9));
#7124=CARTESIAN_POINT('',(2.5,0.835,0.588485448206));
#7125=CARTESIAN_POINT('Origin',(2.4,0.835,0.9));
#7126=CARTESIAN_POINT('Origin',(2.4,0.835,0.9));
#7127=CARTESIAN_POINT('',(2.5,0.435,0.9));
#7128=CARTESIAN_POINT('',(2.5,0.835,0.9));
#7129=CARTESIAN_POINT('Origin',(2.4,0.435,0.9));
#7130=CARTESIAN_POINT('Origin',(2.615544644921,0.435,0.588485448206));
#7131=CARTESIAN_POINT('',(2.7,0.435,0.9));
#7132=CARTESIAN_POINT('Origin',(2.4,0.435,0.9));
#7133=CARTESIAN_POINT('',(2.5,0.435,0.3));
#7134=CARTESIAN_POINT('',(2.5,0.435,0.588485448206));
#7135=CARTESIAN_POINT('',(2.8,0.435,1.09070738552038E-16));
#7136=CARTESIAN_POINT('Origin',(2.8,0.435,0.3));
#7137=CARTESIAN_POINT('',(3.2,0.435,1.09287578986534E-16));
#7138=CARTESIAN_POINT('',(2.615544644921,0.435,1.0842021724855E-16));
#7139=CARTESIAN_POINT('',(3.2,0.435,0.2));
#7140=CARTESIAN_POINT('',(3.2,0.435,0.588485448206));
#7141=CARTESIAN_POINT('',(2.8,0.435,0.2));
#7142=CARTESIAN_POINT('',(2.615544644921,0.435,0.2));
#7143=CARTESIAN_POINT('',(2.7,0.435,0.3));
#7144=CARTESIAN_POINT('Origin',(2.8,0.435,0.3));
#7145=CARTESIAN_POINT('',(2.7,0.435,0.588485448206));
#7146=CARTESIAN_POINT('Origin',(2.615544644921,-0.435,0.588485448206));
#7147=CARTESIAN_POINT('',(2.7,-0.435,0.9));
#7148=CARTESIAN_POINT('Origin',(2.4,-0.435,0.9));
#7149=CARTESIAN_POINT('',(2.7,-0.435,0.3));
#7150=CARTESIAN_POINT('',(2.7,-0.435,0.588485448206));
#7151=CARTESIAN_POINT('',(2.8,-0.435,0.2));
#7152=CARTESIAN_POINT('Origin',(2.8,-0.435,0.3));
#7153=CARTESIAN_POINT('',(3.2,-0.435,0.2));
#7154=CARTESIAN_POINT('',(2.615544644921,-0.435,0.2));
#7155=CARTESIAN_POINT('',(3.2,-0.435,1.09287578986534E-16));
#7156=CARTESIAN_POINT('',(3.2,-0.435,0.588485448206));
#7157=CARTESIAN_POINT('',(2.8,-0.435,1.09070738552038E-16));
#7158=CARTESIAN_POINT('',(2.615544644921,-0.435,1.0842021724855E-16));
#7159=CARTESIAN_POINT('',(2.5,-0.435,0.3));
#7160=CARTESIAN_POINT('Origin',(2.8,-0.435,0.3));
#7161=CARTESIAN_POINT('',(2.5,-0.435,0.9));
#7162=CARTESIAN_POINT('',(2.5,-0.435,0.588485448206));
#7163=CARTESIAN_POINT('Origin',(2.4,-0.435,0.9));
#7164=CARTESIAN_POINT('Origin',(2.4,-0.435,0.9));
#7165=CARTESIAN_POINT('',(2.5,-0.835,0.9));
#7166=CARTESIAN_POINT('',(2.5,-0.435,0.9));
#7167=CARTESIAN_POINT('Origin',(2.4,-0.835,0.9));
#7168=CARTESIAN_POINT('Origin',(2.615544644921,-0.835,0.588485448206));
#7169=CARTESIAN_POINT('',(2.7,-0.835,0.9));
#7170=CARTESIAN_POINT('Origin',(2.4,-0.835,0.9));
#7171=CARTESIAN_POINT('',(2.5,-0.835,0.3));
#7172=CARTESIAN_POINT('',(2.5,-0.835,0.588485448206));
#7173=CARTESIAN_POINT('',(2.8,-0.835,1.09070738552038E-16));
#7174=CARTESIAN_POINT('Origin',(2.8,-0.835,0.3));
#7175=CARTESIAN_POINT('',(3.2,-0.835,1.09287578986534E-16));
#7176=CARTESIAN_POINT('',(2.615544644921,-0.835,1.0842021724855E-16));
#7177=CARTESIAN_POINT('',(3.2,-0.835,0.2));
#7178=CARTESIAN_POINT('',(3.2,-0.835,0.588485448206));
#7179=CARTESIAN_POINT('',(2.8,-0.835,0.2));
#7180=CARTESIAN_POINT('',(2.615544644921,-0.835,0.2));
#7181=CARTESIAN_POINT('',(2.7,-0.835,0.3));
#7182=CARTESIAN_POINT('Origin',(2.8,-0.835,0.3));
#7183=CARTESIAN_POINT('',(2.7,-0.835,0.588485448206));
#7184=CARTESIAN_POINT('Origin',(2.615544644921,-1.705,0.588485448206));
#7185=CARTESIAN_POINT('',(2.7,-1.705,0.9));
#7186=CARTESIAN_POINT('Origin',(2.4,-1.705,0.9));
#7187=CARTESIAN_POINT('',(2.7,-1.705,0.3));
#7188=CARTESIAN_POINT('',(2.7,-1.705,0.588485448206));
#7189=CARTESIAN_POINT('',(2.8,-1.705,0.2));
#7190=CARTESIAN_POINT('Origin',(2.8,-1.705,0.3));
#7191=CARTESIAN_POINT('',(3.2,-1.705,0.2));
#7192=CARTESIAN_POINT('',(2.615544644921,-1.705,0.2));
#7193=CARTESIAN_POINT('',(3.2,-1.705,1.09287578986534E-16));
#7194=CARTESIAN_POINT('',(3.2,-1.705,0.588485448206));
#7195=CARTESIAN_POINT('',(2.8,-1.705,1.09070738552038E-16));
#7196=CARTESIAN_POINT('',(2.615544644921,-1.705,1.0842021724855E-16));
#7197=CARTESIAN_POINT('',(2.5,-1.705,0.3));
#7198=CARTESIAN_POINT('Origin',(2.8,-1.705,0.3));
#7199=CARTESIAN_POINT('',(2.5,-1.705,0.9));
#7200=CARTESIAN_POINT('',(2.5,-1.705,0.588485448206));
#7201=CARTESIAN_POINT('Origin',(2.4,-1.705,0.9));
#7202=CARTESIAN_POINT('Origin',(2.4,-1.705,0.9));
#7203=CARTESIAN_POINT('',(2.5,-2.105,0.9));
#7204=CARTESIAN_POINT('',(2.5,-1.705,0.9));
#7205=CARTESIAN_POINT('Origin',(2.4,-2.105,0.9));
#7206=CARTESIAN_POINT('Origin',(2.615544644921,-2.105,0.588485448206));
#7207=CARTESIAN_POINT('',(2.7,-2.105,0.9));
#7208=CARTESIAN_POINT('Origin',(2.4,-2.105,0.9));
#7209=CARTESIAN_POINT('',(2.5,-2.105,0.3));
#7210=CARTESIAN_POINT('',(2.5,-2.105,0.588485448206));
#7211=CARTESIAN_POINT('',(2.8,-2.105,1.09070738552038E-16));
#7212=CARTESIAN_POINT('Origin',(2.8,-2.105,0.3));
#7213=CARTESIAN_POINT('',(3.2,-2.105,1.09287578986534E-16));
#7214=CARTESIAN_POINT('',(2.615544644921,-2.105,1.0842021724855E-16));
#7215=CARTESIAN_POINT('',(3.2,-2.105,0.2));
#7216=CARTESIAN_POINT('',(3.2,-2.105,0.588485448206));
#7217=CARTESIAN_POINT('',(2.8,-2.105,0.2));
#7218=CARTESIAN_POINT('',(2.615544644921,-2.105,0.2));
#7219=CARTESIAN_POINT('',(2.7,-2.105,0.3));
#7220=CARTESIAN_POINT('Origin',(2.8,-2.105,0.3));
#7221=CARTESIAN_POINT('',(2.7,-2.105,0.588485448206));
#7222=CARTESIAN_POINT('Origin',(2.615544644921,-2.975,0.588485448206));
#7223=CARTESIAN_POINT('',(2.7,-2.975,0.9));
#7224=CARTESIAN_POINT('Origin',(2.4,-2.975,0.9));
#7225=CARTESIAN_POINT('',(2.7,-2.975,0.3));
#7226=CARTESIAN_POINT('',(2.7,-2.975,0.588485448206));
#7227=CARTESIAN_POINT('',(2.8,-2.975,0.2));
#7228=CARTESIAN_POINT('Origin',(2.8,-2.975,0.3));
#7229=CARTESIAN_POINT('',(3.2,-2.975,0.2));
#7230=CARTESIAN_POINT('',(2.615544644921,-2.975,0.2));
#7231=CARTESIAN_POINT('',(3.2,-2.975,1.09287578986534E-16));
#7232=CARTESIAN_POINT('',(3.2,-2.975,0.588485448206));
#7233=CARTESIAN_POINT('',(2.8,-2.975,1.09070738552038E-16));
#7234=CARTESIAN_POINT('',(2.615544644921,-2.975,1.0842021724855E-16));
#7235=CARTESIAN_POINT('',(2.5,-2.975,0.3));
#7236=CARTESIAN_POINT('Origin',(2.8,-2.975,0.3));
#7237=CARTESIAN_POINT('',(2.5,-2.975,0.9));
#7238=CARTESIAN_POINT('',(2.5,-2.975,0.588485448206));
#7239=CARTESIAN_POINT('Origin',(2.4,-2.975,0.9));
#7240=CARTESIAN_POINT('Origin',(2.4,-2.975,0.9));
#7241=CARTESIAN_POINT('',(2.5,-3.375,0.9));
#7242=CARTESIAN_POINT('',(2.5,-2.975,0.9));
#7243=CARTESIAN_POINT('Origin',(2.4,-3.375,0.9));
#7244=CARTESIAN_POINT('Origin',(2.615544644921,-3.375,0.588485448206));
#7245=CARTESIAN_POINT('',(2.7,-3.375,0.9));
#7246=CARTESIAN_POINT('Origin',(2.4,-3.375,0.9));
#7247=CARTESIAN_POINT('',(2.5,-3.375,0.3));
#7248=CARTESIAN_POINT('',(2.5,-3.375,0.588485448206));
#7249=CARTESIAN_POINT('',(2.8,-3.375,1.09070738552038E-16));
#7250=CARTESIAN_POINT('Origin',(2.8,-3.375,0.3));
#7251=CARTESIAN_POINT('',(3.2,-3.375,1.09287578986534E-16));
#7252=CARTESIAN_POINT('',(2.615544644921,-3.375,1.0842021724855E-16));
#7253=CARTESIAN_POINT('',(3.2,-3.375,0.2));
#7254=CARTESIAN_POINT('',(3.2,-3.375,0.588485448206));
#7255=CARTESIAN_POINT('',(2.8,-3.375,0.2));
#7256=CARTESIAN_POINT('',(2.615544644921,-3.375,0.2));
#7257=CARTESIAN_POINT('',(2.7,-3.375,0.3));
#7258=CARTESIAN_POINT('Origin',(2.8,-3.375,0.3));
#7259=CARTESIAN_POINT('',(2.7,-3.375,0.588485448206));
#7260=CARTESIAN_POINT('Origin',(2.615544644921,-4.245,0.588485448206));
#7261=CARTESIAN_POINT('',(2.7,-4.245,0.9));
#7262=CARTESIAN_POINT('Origin',(2.4,-4.245,0.9));
#7263=CARTESIAN_POINT('',(2.7,-4.245,0.3));
#7264=CARTESIAN_POINT('',(2.7,-4.245,0.588485448206));
#7265=CARTESIAN_POINT('',(2.8,-4.245,0.2));
#7266=CARTESIAN_POINT('Origin',(2.8,-4.245,0.3));
#7267=CARTESIAN_POINT('',(3.2,-4.245,0.2));
#7268=CARTESIAN_POINT('',(2.615544644921,-4.245,0.2));
#7269=CARTESIAN_POINT('',(3.2,-4.245,1.09287578986534E-16));
#7270=CARTESIAN_POINT('',(3.2,-4.245,0.588485448206));
#7271=CARTESIAN_POINT('',(2.8,-4.245,1.09070738552038E-16));
#7272=CARTESIAN_POINT('',(2.615544644921,-4.245,1.0842021724855E-16));
#7273=CARTESIAN_POINT('',(2.5,-4.245,0.3));
#7274=CARTESIAN_POINT('Origin',(2.8,-4.245,0.3));
#7275=CARTESIAN_POINT('',(2.5,-4.245,0.9));
#7276=CARTESIAN_POINT('',(2.5,-4.245,0.588485448206));
#7277=CARTESIAN_POINT('Origin',(2.4,-4.245,0.9));
#7278=CARTESIAN_POINT('Origin',(2.4,-4.245,0.9));
#7279=CARTESIAN_POINT('',(2.5,-4.645,0.9));
#7280=CARTESIAN_POINT('',(2.5,-4.245,0.9));
#7281=CARTESIAN_POINT('Origin',(2.4,-4.645,0.9));
#7282=CARTESIAN_POINT('Origin',(2.615544644921,-4.645,0.588485448206));
#7283=CARTESIAN_POINT('',(2.7,-4.645,0.9));
#7284=CARTESIAN_POINT('Origin',(2.4,-4.645,0.9));
#7285=CARTESIAN_POINT('',(2.5,-4.645,0.3));
#7286=CARTESIAN_POINT('',(2.5,-4.645,0.588485448206));
#7287=CARTESIAN_POINT('',(2.8,-4.645,1.09070738552038E-16));
#7288=CARTESIAN_POINT('Origin',(2.8,-4.645,0.3));
#7289=CARTESIAN_POINT('',(3.2,-4.645,1.09287578986534E-16));
#7290=CARTESIAN_POINT('',(2.615544644921,-4.645,1.0842021724855E-16));
#7291=CARTESIAN_POINT('',(3.2,-4.645,0.2));
#7292=CARTESIAN_POINT('',(3.2,-4.645,0.588485448206));
#7293=CARTESIAN_POINT('',(2.8,-4.645,0.2));
#7294=CARTESIAN_POINT('',(2.615544644921,-4.645,0.2));
#7295=CARTESIAN_POINT('',(2.7,-4.645,0.3));
#7296=CARTESIAN_POINT('Origin',(2.8,-4.645,0.3));
#7297=CARTESIAN_POINT('',(2.7,-4.645,0.588485448206));
#7298=CARTESIAN_POINT('Origin',(-2.125,4.9875,1.2));
#7299=CARTESIAN_POINT('',(-1.891849547248,4.933699094497,2.1));
#7300=CARTESIAN_POINT('',(-1.933699094497,4.891849547248,2.1));
#7301=CARTESIAN_POINT('',(-1.891849547248,4.933699094497,2.1));
#7302=CARTESIAN_POINT('',(-1.939674773624,5.0293495472485,1.65));
#7303=CARTESIAN_POINT('',(-2.0293495472485,4.939674773624,1.65));
#7304=CARTESIAN_POINT('Origin',(-2.4,-4.645,0.9));
#7305=CARTESIAN_POINT('',(-2.7,-4.645,0.9));
#7306=CARTESIAN_POINT('Origin',(-2.7,-4.645,0.3));
#7307=CARTESIAN_POINT('',(-2.7,-4.645,0.3));
#7308=CARTESIAN_POINT('Origin',(-2.8,-4.645,0.3));
#7309=CARTESIAN_POINT('',(-2.8,-4.645,0.2));
#7310=CARTESIAN_POINT('Origin',(-3.2,-4.645,0.2));
#7311=CARTESIAN_POINT('',(-3.2,-4.645,0.2));
#7312=CARTESIAN_POINT('Origin',(-3.2,-4.645,1.110223024625E-16));
#7313=CARTESIAN_POINT('',(-3.2,-4.645,1.110223024625E-16));
#7314=CARTESIAN_POINT('Origin',(-2.8,-4.645,1.110223024625E-16));
#7315=CARTESIAN_POINT('',(-2.8,-4.645,1.110223024625E-16));
#7316=CARTESIAN_POINT('Origin',(-2.8,-4.645,0.3));
#7317=CARTESIAN_POINT('',(-2.5,-4.645,0.3));
#7318=CARTESIAN_POINT('Origin',(-2.5,-4.645,0.9));
#7319=CARTESIAN_POINT('Origin',(-2.4,-3.375,0.9));
#7320=CARTESIAN_POINT('',(-2.7,-3.375,0.9));
#7321=CARTESIAN_POINT('Origin',(-2.7,-3.375,0.3));
#7322=CARTESIAN_POINT('',(-2.7,-3.375,0.3));
#7323=CARTESIAN_POINT('Origin',(-2.8,-3.375,0.3));
#7324=CARTESIAN_POINT('',(-2.8,-3.375,0.2));
#7325=CARTESIAN_POINT('Origin',(-3.2,-3.375,0.2));
#7326=CARTESIAN_POINT('',(-3.2,-3.375,0.2));
#7327=CARTESIAN_POINT('Origin',(-3.2,-3.375,1.110223024625E-16));
#7328=CARTESIAN_POINT('',(-3.2,-3.375,1.110223024625E-16));
#7329=CARTESIAN_POINT('Origin',(-2.8,-3.375,1.110223024625E-16));
#7330=CARTESIAN_POINT('',(-2.8,-3.375,1.110223024625E-16));
#7331=CARTESIAN_POINT('Origin',(-2.8,-3.375,0.3));
#7332=CARTESIAN_POINT('',(-2.5,-3.375,0.3));
#7333=CARTESIAN_POINT('Origin',(-2.5,-3.375,0.9));
#7334=CARTESIAN_POINT('Origin',(-2.4,-2.105,0.9));
#7335=CARTESIAN_POINT('',(-2.7,-2.105,0.9));
#7336=CARTESIAN_POINT('Origin',(-2.7,-2.105,0.3));
#7337=CARTESIAN_POINT('',(-2.7,-2.105,0.3));
#7338=CARTESIAN_POINT('Origin',(-2.8,-2.105,0.3));
#7339=CARTESIAN_POINT('',(-2.8,-2.105,0.2));
#7340=CARTESIAN_POINT('Origin',(-3.2,-2.105,0.2));
#7341=CARTESIAN_POINT('',(-3.2,-2.105,0.2));
#7342=CARTESIAN_POINT('Origin',(-3.2,-2.105,1.110223024625E-16));
#7343=CARTESIAN_POINT('',(-3.2,-2.105,1.110223024625E-16));
#7344=CARTESIAN_POINT('Origin',(-2.8,-2.105,1.110223024625E-16));
#7345=CARTESIAN_POINT('',(-2.8,-2.105,1.110223024625E-16));
#7346=CARTESIAN_POINT('Origin',(-2.8,-2.105,0.3));
#7347=CARTESIAN_POINT('',(-2.5,-2.105,0.3));
#7348=CARTESIAN_POINT('Origin',(-2.5,-2.105,0.9));
#7349=CARTESIAN_POINT('Origin',(-2.4,-0.835,0.9));
#7350=CARTESIAN_POINT('',(-2.7,-0.835,0.9));
#7351=CARTESIAN_POINT('Origin',(-2.7,-0.835,0.3));
#7352=CARTESIAN_POINT('',(-2.7,-0.835,0.3));
#7353=CARTESIAN_POINT('Origin',(-2.8,-0.835,0.3));
#7354=CARTESIAN_POINT('',(-2.8,-0.835,0.2));
#7355=CARTESIAN_POINT('Origin',(-3.2,-0.835,0.2));
#7356=CARTESIAN_POINT('',(-3.2,-0.835,0.2));
#7357=CARTESIAN_POINT('Origin',(-3.2,-0.835,1.110223024625E-16));
#7358=CARTESIAN_POINT('',(-3.2,-0.835,1.110223024625E-16));
#7359=CARTESIAN_POINT('Origin',(-2.8,-0.835,1.110223024625E-16));
#7360=CARTESIAN_POINT('',(-2.8,-0.835,1.110223024625E-16));
#7361=CARTESIAN_POINT('Origin',(-2.8,-0.835,0.3));
#7362=CARTESIAN_POINT('',(-2.5,-0.835,0.3));
#7363=CARTESIAN_POINT('Origin',(-2.5,-0.835,0.9));
#7364=CARTESIAN_POINT('Origin',(-2.4,0.435,0.9));
#7365=CARTESIAN_POINT('',(-2.7,0.435,0.9));
#7366=CARTESIAN_POINT('Origin',(-2.7,0.435,0.3));
#7367=CARTESIAN_POINT('',(-2.7,0.435,0.3));
#7368=CARTESIAN_POINT('Origin',(-2.8,0.435,0.3));
#7369=CARTESIAN_POINT('',(-2.8,0.435,0.2));
#7370=CARTESIAN_POINT('Origin',(-3.2,0.435,0.2));
#7371=CARTESIAN_POINT('',(-3.2,0.435,0.2));
#7372=CARTESIAN_POINT('Origin',(-3.2,0.435,1.110223024625E-16));
#7373=CARTESIAN_POINT('',(-3.2,0.435,1.110223024625E-16));
#7374=CARTESIAN_POINT('Origin',(-2.8,0.435,1.110223024625E-16));
#7375=CARTESIAN_POINT('',(-2.8,0.435,1.110223024625E-16));
#7376=CARTESIAN_POINT('Origin',(-2.8,0.435,0.3));
#7377=CARTESIAN_POINT('',(-2.5,0.435,0.3));
#7378=CARTESIAN_POINT('Origin',(-2.5,0.435,0.9));
#7379=CARTESIAN_POINT('Origin',(-2.4,1.705,0.9));
#7380=CARTESIAN_POINT('',(-2.7,1.705,0.9));
#7381=CARTESIAN_POINT('Origin',(-2.7,1.705,0.3));
#7382=CARTESIAN_POINT('',(-2.7,1.705,0.3));
#7383=CARTESIAN_POINT('Origin',(-2.8,1.705,0.3));
#7384=CARTESIAN_POINT('',(-2.8,1.705,0.2));
#7385=CARTESIAN_POINT('Origin',(-3.2,1.705,0.2));
#7386=CARTESIAN_POINT('',(-3.2,1.705,0.2));
#7387=CARTESIAN_POINT('Origin',(-3.2,1.705,1.110223024625E-16));
#7388=CARTESIAN_POINT('',(-3.2,1.705,1.110223024625E-16));
#7389=CARTESIAN_POINT('Origin',(-2.8,1.705,1.110223024625E-16));
#7390=CARTESIAN_POINT('',(-2.8,1.705,1.110223024625E-16));
#7391=CARTESIAN_POINT('Origin',(-2.8,1.705,0.3));
#7392=CARTESIAN_POINT('',(-2.5,1.705,0.3));
#7393=CARTESIAN_POINT('Origin',(-2.5,1.705,0.9));
#7394=CARTESIAN_POINT('Origin',(-2.4,2.975,0.9));
#7395=CARTESIAN_POINT('',(-2.7,2.975,0.9));
#7396=CARTESIAN_POINT('Origin',(-2.7,2.975,0.3));
#7397=CARTESIAN_POINT('',(-2.7,2.975,0.3));
#7398=CARTESIAN_POINT('Origin',(-2.8,2.975,0.3));
#7399=CARTESIAN_POINT('',(-2.8,2.975,0.2));
#7400=CARTESIAN_POINT('Origin',(-3.2,2.975,0.2));
#7401=CARTESIAN_POINT('',(-3.2,2.975,0.2));
#7402=CARTESIAN_POINT('Origin',(-3.2,2.975,1.110223024625E-16));
#7403=CARTESIAN_POINT('',(-3.2,2.975,1.110223024625E-16));
#7404=CARTESIAN_POINT('Origin',(-2.8,2.975,1.110223024625E-16));
#7405=CARTESIAN_POINT('',(-2.8,2.975,1.110223024625E-16));
#7406=CARTESIAN_POINT('Origin',(-2.8,2.975,0.3));
#7407=CARTESIAN_POINT('',(-2.5,2.975,0.3));
#7408=CARTESIAN_POINT('Origin',(-2.5,2.975,0.9));
#7409=CARTESIAN_POINT('Origin',(-2.4,4.245,0.9));
#7410=CARTESIAN_POINT('',(-2.7,4.245,0.9));
#7411=CARTESIAN_POINT('Origin',(-2.7,4.245,0.3));
#7412=CARTESIAN_POINT('',(-2.7,4.245,0.3));
#7413=CARTESIAN_POINT('Origin',(-2.8,4.245,0.3));
#7414=CARTESIAN_POINT('',(-2.8,4.245,0.2));
#7415=CARTESIAN_POINT('Origin',(-3.2,4.245,0.2));
#7416=CARTESIAN_POINT('',(-3.2,4.245,0.2));
#7417=CARTESIAN_POINT('Origin',(-3.2,4.245,1.110223024625E-16));
#7418=CARTESIAN_POINT('',(-3.2,4.245,1.110223024625E-16));
#7419=CARTESIAN_POINT('Origin',(-2.8,4.245,1.110223024625E-16));
#7420=CARTESIAN_POINT('',(-2.8,4.245,1.110223024625E-16));
#7421=CARTESIAN_POINT('Origin',(-2.8,4.245,0.3));
#7422=CARTESIAN_POINT('',(-2.5,4.245,0.3));
#7423=CARTESIAN_POINT('Origin',(-2.5,4.245,0.9));
#7424=CARTESIAN_POINT('Origin',(-1.9875,-5.125,1.2));
#7425=CARTESIAN_POINT('',(-1.933699094497,-4.891849547248,2.1));
#7426=CARTESIAN_POINT('',(-1.891849547248,-4.933699094497,2.1));
#7427=CARTESIAN_POINT('',(-1.933699094497,-4.891849547248,2.1));
#7428=CARTESIAN_POINT('',(-2.0293495472485,-4.939674773624,1.65));
#7429=CARTESIAN_POINT('',(-1.939674773624,-5.0293495472485,1.65));
#7430=CARTESIAN_POINT('Origin',(1.9875,-5.125,1.2));
#7431=CARTESIAN_POINT('',(1.891849547248,-4.933699094497,2.1));
#7432=CARTESIAN_POINT('',(0.,-4.933699094497,2.1));
#7433=CARTESIAN_POINT('',(1.939674773624,-5.0293495472485,1.65));
#7434=CARTESIAN_POINT('Origin',(2.125,-4.9875,1.2));
#7435=CARTESIAN_POINT('',(1.933699094497,-4.891849547248,2.1));
#7436=CARTESIAN_POINT('',(1.9127743208725,-4.9127743208725,2.1));
#7437=CARTESIAN_POINT('',(2.0293495472485,-4.939674773624,1.65));
#7438=CARTESIAN_POINT('Origin',(2.4,4.645,0.9));
#7439=CARTESIAN_POINT('',(2.7,4.645,0.9));
#7440=CARTESIAN_POINT('Origin',(2.7,4.645,0.3));
#7441=CARTESIAN_POINT('',(2.7,4.645,0.3));
#7442=CARTESIAN_POINT('Origin',(2.8,4.645,0.3));
#7443=CARTESIAN_POINT('',(2.8,4.645,0.2));
#7444=CARTESIAN_POINT('Origin',(3.2,4.645,0.2));
#7445=CARTESIAN_POINT('',(3.2,4.645,0.2));
#7446=CARTESIAN_POINT('Origin',(3.2,4.645,1.110223024625E-16));
#7447=CARTESIAN_POINT('',(3.2,4.645,1.110223024625E-16));
#7448=CARTESIAN_POINT('Origin',(2.8,4.645,1.110223024625E-16));
#7449=CARTESIAN_POINT('',(2.8,4.645,1.110223024625E-16));
#7450=CARTESIAN_POINT('Origin',(2.8,4.645,0.3));
#7451=CARTESIAN_POINT('',(2.5,4.645,0.3));
#7452=CARTESIAN_POINT('Origin',(2.5,4.645,0.9));
#7453=CARTESIAN_POINT('Origin',(2.4,3.375,0.9));
#7454=CARTESIAN_POINT('',(2.7,3.375,0.9));
#7455=CARTESIAN_POINT('Origin',(2.7,3.375,0.3));
#7456=CARTESIAN_POINT('',(2.7,3.375,0.3));
#7457=CARTESIAN_POINT('Origin',(2.8,3.375,0.3));
#7458=CARTESIAN_POINT('',(2.8,3.375,0.2));
#7459=CARTESIAN_POINT('Origin',(3.2,3.375,0.2));
#7460=CARTESIAN_POINT('',(3.2,3.375,0.2));
#7461=CARTESIAN_POINT('Origin',(3.2,3.375,1.110223024625E-16));
#7462=CARTESIAN_POINT('',(3.2,3.375,1.110223024625E-16));
#7463=CARTESIAN_POINT('Origin',(2.8,3.375,1.110223024625E-16));
#7464=CARTESIAN_POINT('',(2.8,3.375,1.110223024625E-16));
#7465=CARTESIAN_POINT('Origin',(2.8,3.375,0.3));
#7466=CARTESIAN_POINT('',(2.5,3.375,0.3));
#7467=CARTESIAN_POINT('Origin',(2.5,3.375,0.9));
#7468=CARTESIAN_POINT('Origin',(2.4,2.105,0.9));
#7469=CARTESIAN_POINT('',(2.7,2.105,0.9));
#7470=CARTESIAN_POINT('Origin',(2.7,2.105,0.3));
#7471=CARTESIAN_POINT('',(2.7,2.105,0.3));
#7472=CARTESIAN_POINT('Origin',(2.8,2.105,0.3));
#7473=CARTESIAN_POINT('',(2.8,2.105,0.2));
#7474=CARTESIAN_POINT('Origin',(3.2,2.105,0.2));
#7475=CARTESIAN_POINT('',(3.2,2.105,0.2));
#7476=CARTESIAN_POINT('Origin',(3.2,2.105,1.110223024625E-16));
#7477=CARTESIAN_POINT('',(3.2,2.105,1.110223024625E-16));
#7478=CARTESIAN_POINT('Origin',(2.8,2.105,1.110223024625E-16));
#7479=CARTESIAN_POINT('',(2.8,2.105,1.110223024625E-16));
#7480=CARTESIAN_POINT('Origin',(2.8,2.105,0.3));
#7481=CARTESIAN_POINT('',(2.5,2.105,0.3));
#7482=CARTESIAN_POINT('Origin',(2.5,2.105,0.9));
#7483=CARTESIAN_POINT('Origin',(2.4,0.835,0.9));
#7484=CARTESIAN_POINT('',(2.7,0.835,0.9));
#7485=CARTESIAN_POINT('Origin',(2.7,0.835,0.3));
#7486=CARTESIAN_POINT('',(2.7,0.835,0.3));
#7487=CARTESIAN_POINT('Origin',(2.8,0.835,0.3));
#7488=CARTESIAN_POINT('',(2.8,0.835,0.2));
#7489=CARTESIAN_POINT('Origin',(3.2,0.835,0.2));
#7490=CARTESIAN_POINT('',(3.2,0.835,0.2));
#7491=CARTESIAN_POINT('Origin',(3.2,0.835,1.110223024625E-16));
#7492=CARTESIAN_POINT('',(3.2,0.835,1.110223024625E-16));
#7493=CARTESIAN_POINT('Origin',(2.8,0.835,1.110223024625E-16));
#7494=CARTESIAN_POINT('',(2.8,0.835,1.110223024625E-16));
#7495=CARTESIAN_POINT('Origin',(2.8,0.835,0.3));
#7496=CARTESIAN_POINT('',(2.5,0.835,0.3));
#7497=CARTESIAN_POINT('Origin',(2.5,0.835,0.9));
#7498=CARTESIAN_POINT('Origin',(2.4,-0.435,0.9));
#7499=CARTESIAN_POINT('',(2.7,-0.435,0.9));
#7500=CARTESIAN_POINT('Origin',(2.7,-0.435,0.3));
#7501=CARTESIAN_POINT('',(2.7,-0.435,0.3));
#7502=CARTESIAN_POINT('Origin',(2.8,-0.435,0.3));
#7503=CARTESIAN_POINT('',(2.8,-0.435,0.2));
#7504=CARTESIAN_POINT('Origin',(3.2,-0.435,0.2));
#7505=CARTESIAN_POINT('',(3.2,-0.435,0.2));
#7506=CARTESIAN_POINT('Origin',(3.2,-0.435,1.110223024625E-16));
#7507=CARTESIAN_POINT('',(3.2,-0.435,1.110223024625E-16));
#7508=CARTESIAN_POINT('Origin',(2.8,-0.435,1.110223024625E-16));
#7509=CARTESIAN_POINT('',(2.8,-0.435,1.110223024625E-16));
#7510=CARTESIAN_POINT('Origin',(2.8,-0.435,0.3));
#7511=CARTESIAN_POINT('',(2.5,-0.435,0.3));
#7512=CARTESIAN_POINT('Origin',(2.5,-0.435,0.9));
#7513=CARTESIAN_POINT('Origin',(2.4,-1.705,0.9));
#7514=CARTESIAN_POINT('',(2.7,-1.705,0.9));
#7515=CARTESIAN_POINT('Origin',(2.7,-1.705,0.3));
#7516=CARTESIAN_POINT('',(2.7,-1.705,0.3));
#7517=CARTESIAN_POINT('Origin',(2.8,-1.705,0.3));
#7518=CARTESIAN_POINT('',(2.8,-1.705,0.2));
#7519=CARTESIAN_POINT('Origin',(3.2,-1.705,0.2));
#7520=CARTESIAN_POINT('',(3.2,-1.705,0.2));
#7521=CARTESIAN_POINT('Origin',(3.2,-1.705,1.110223024625E-16));
#7522=CARTESIAN_POINT('',(3.2,-1.705,1.110223024625E-16));
#7523=CARTESIAN_POINT('Origin',(2.8,-1.705,1.110223024625E-16));
#7524=CARTESIAN_POINT('',(2.8,-1.705,1.110223024625E-16));
#7525=CARTESIAN_POINT('Origin',(2.8,-1.705,0.3));
#7526=CARTESIAN_POINT('',(2.5,-1.705,0.3));
#7527=CARTESIAN_POINT('Origin',(2.5,-1.705,0.9));
#7528=CARTESIAN_POINT('Origin',(2.4,-2.975,0.9));
#7529=CARTESIAN_POINT('',(2.7,-2.975,0.9));
#7530=CARTESIAN_POINT('Origin',(2.7,-2.975,0.3));
#7531=CARTESIAN_POINT('',(2.7,-2.975,0.3));
#7532=CARTESIAN_POINT('Origin',(2.8,-2.975,0.3));
#7533=CARTESIAN_POINT('',(2.8,-2.975,0.2));
#7534=CARTESIAN_POINT('Origin',(3.2,-2.975,0.2));
#7535=CARTESIAN_POINT('',(3.2,-2.975,0.2));
#7536=CARTESIAN_POINT('Origin',(3.2,-2.975,1.110223024625E-16));
#7537=CARTESIAN_POINT('',(3.2,-2.975,1.110223024625E-16));
#7538=CARTESIAN_POINT('Origin',(2.8,-2.975,1.110223024625E-16));
#7539=CARTESIAN_POINT('',(2.8,-2.975,1.110223024625E-16));
#7540=CARTESIAN_POINT('Origin',(2.8,-2.975,0.3));
#7541=CARTESIAN_POINT('',(2.5,-2.975,0.3));
#7542=CARTESIAN_POINT('Origin',(2.5,-2.975,0.9));
#7543=CARTESIAN_POINT('Origin',(2.4,-4.245,0.9));
#7544=CARTESIAN_POINT('',(2.7,-4.245,0.9));
#7545=CARTESIAN_POINT('Origin',(2.7,-4.245,0.3));
#7546=CARTESIAN_POINT('',(2.7,-4.245,0.3));
#7547=CARTESIAN_POINT('Origin',(2.8,-4.245,0.3));
#7548=CARTESIAN_POINT('',(2.8,-4.245,0.2));
#7549=CARTESIAN_POINT('Origin',(3.2,-4.245,0.2));
#7550=CARTESIAN_POINT('',(3.2,-4.245,0.2));
#7551=CARTESIAN_POINT('Origin',(3.2,-4.245,1.110223024625E-16));
#7552=CARTESIAN_POINT('',(3.2,-4.245,1.110223024625E-16));
#7553=CARTESIAN_POINT('Origin',(2.8,-4.245,1.110223024625E-16));
#7554=CARTESIAN_POINT('',(2.8,-4.245,1.110223024625E-16));
#7555=CARTESIAN_POINT('Origin',(2.8,-4.245,0.3));
#7556=CARTESIAN_POINT('',(2.5,-4.245,0.3));
#7557=CARTESIAN_POINT('Origin',(2.5,-4.245,0.9));
#7558=CARTESIAN_POINT('Origin',(1.9875,5.125,1.2));
#7559=CARTESIAN_POINT('',(1.933699094497,4.891849547248,2.1));
#7560=CARTESIAN_POINT('',(1.891849547248,4.933699094497,2.1));
#7561=CARTESIAN_POINT('',(1.9127743208725,4.9127743208725,2.1));
#7562=CARTESIAN_POINT('',(2.0293495472485,4.939674773624,1.65));
#7563=CARTESIAN_POINT('',(1.939674773624,5.0293495472485,1.65));
#7564=CARTESIAN_POINT('Origin',(-1.9875,5.125,1.2));
#7565=CARTESIAN_POINT('',(0.,4.933699094497,2.1));
#7566=CARTESIAN_POINT('Origin',(-1.891849547248,4.933699094497,2.1));
#7567=CARTESIAN_POINT('',(1.933699094497,4.933699094497,2.1));
#7568=CARTESIAN_POINT('',(-1.933699094497,4.933699094497,2.1));
#7569=CARTESIAN_POINT('Origin',(2.125,4.9875,1.2));
#7570=CARTESIAN_POINT('Origin',(-2.125,-4.9875,1.2));
#7571=CARTESIAN_POINT('Origin',(-1.233699094497,4.233699094497,2.));
#7572=UNCERTAINTY_MEASURE_WITH_UNIT(LENGTH_MEASURE(0.01),#7576,
'DISTANCE_ACCURACY_VALUE',
'Maximum model space distance between geometric entities at asserted c
onnectivities');
#7573=UNCERTAINTY_MEASURE_WITH_UNIT(LENGTH_MEASURE(0.01),#7576,
'DISTANCE_ACCURACY_VALUE',
'Maximum model space distance between geometric entities at asserted c
onnectivities');
#7574=(
GEOMETRIC_REPRESENTATION_CONTEXT(3)
GLOBAL_UNCERTAINTY_ASSIGNED_CONTEXT((#7572))
GLOBAL_UNIT_ASSIGNED_CONTEXT((#7576,#7578,#7579))
REPRESENTATION_CONTEXT('','3D')
);
#7575=(
GEOMETRIC_REPRESENTATION_CONTEXT(3)
GLOBAL_UNCERTAINTY_ASSIGNED_CONTEXT((#7573))
GLOBAL_UNIT_ASSIGNED_CONTEXT((#7576,#7578,#7579))
REPRESENTATION_CONTEXT('','3D')
);
#7576=(
LENGTH_UNIT()
NAMED_UNIT(*)
SI_UNIT(.MILLI.,.METRE.)
);
#7577=(
LENGTH_UNIT()
NAMED_UNIT(*)
SI_UNIT($,.METRE.)
);
#7578=(
NAMED_UNIT(*)
PLANE_ANGLE_UNIT()
SI_UNIT($,.RADIAN.)
);
#7579=(
NAMED_UNIT(*)
SI_UNIT($,.STERADIAN.)
SOLID_ANGLE_UNIT()
);
#7580=SHAPE_DEFINITION_REPRESENTATION(#7581,#7582);
#7581=PRODUCT_DEFINITION_SHAPE('',$,#7584);
#7582=SHAPE_REPRESENTATION('',(#4616),#7574);
#7583=PRODUCT_DEFINITION_CONTEXT('part definition',#7588,'design');
#7584=PRODUCT_DEFINITION('SOP-16_4.4x10.4mm_P1.27mm',
'SOP-16_4.4x10.4mm_P1.27mm',#7585,#7583);
#7585=PRODUCT_DEFINITION_FORMATION('',$,#7590);
#7586=PRODUCT_RELATED_PRODUCT_CATEGORY('SOP-16_4.4x10.4mm_P1.27mm',
'SOP-16_4.4x10.4mm_P1.27mm',(#7590));
#7587=APPLICATION_PROTOCOL_DEFINITION('international standard',
'automotive_design',2009,#7588);
#7588=APPLICATION_CONTEXT(
'Core Data for Automotive Mechanical Design Process');
#7589=PRODUCT_CONTEXT('part definition',#7588,'mechanical');
#7590=PRODUCT('SOP-16_4.4x10.4mm_P1.27mm','SOP-16_4.4x10.4mm_P1.27mm',$,
(#7589));
#7591=PRESENTATION_STYLE_ASSIGNMENT((#7595));
#7592=PRESENTATION_STYLE_ASSIGNMENT((#7596));
#7593=PRESENTATION_STYLE_ASSIGNMENT((#7597));
#7594=PRESENTATION_STYLE_ASSIGNMENT((#7598));
#7595=SURFACE_STYLE_USAGE(.BOTH.,#7599);
#7596=SURFACE_STYLE_USAGE(.BOTH.,#7600);
#7597=SURFACE_STYLE_USAGE(.BOTH.,#7601);
#7598=SURFACE_STYLE_USAGE(.BOTH.,#7602);
#7599=SURFACE_SIDE_STYLE('',(#7603));
#7600=SURFACE_SIDE_STYLE('',(#7604));
#7601=SURFACE_SIDE_STYLE('',(#7605));
#7602=SURFACE_SIDE_STYLE('',(#7606));
#7603=SURFACE_STYLE_FILL_AREA(#7607);
#7604=SURFACE_STYLE_FILL_AREA(#7608);
#7605=SURFACE_STYLE_FILL_AREA(#7609);
#7606=SURFACE_STYLE_FILL_AREA(#7610);
#7607=FILL_AREA_STYLE('Acier - Satin\X\E9',(#7611));
#7608=FILL_AREA_STYLE('Opaque(210,209,199)',(#7612));
#7609=FILL_AREA_STYLE('Opaque(176,169,152)',(#7613));
#7610=FILL_AREA_STYLE('Opaque(37,36,36)',(#7614));
#7611=FILL_AREA_STYLE_COLOUR('Acier - Satin\X\E9',#7615);
#7612=FILL_AREA_STYLE_COLOUR('Opaque(210,209,199)',#7616);
#7613=FILL_AREA_STYLE_COLOUR('Opaque(176,169,152)',#7617);
#7614=FILL_AREA_STYLE_COLOUR('Opaque(37,36,36)',#7618);
#7615=COLOUR_RGB('Acier - Satin\X\E9',0.627450980392157,0.627450980392157,
0.627450980392157);
#7616=COLOUR_RGB('Opaque(210,209,199)',0.823529411764706,0.819607843137255,
0.780392156862745);
#7617=COLOUR_RGB('Opaque(176,169,152)',0.690196078431373,0.662745098039216,
0.596078431372549);
#7618=COLOUR_RGB('Opaque(37,36,36)',0.145098039215686,0.141176470588235,
0.141176470588235);
ENDSEC;
END-ISO-10303-21;
